date,open,high,low,close,adjclose,volume
2021-09-15,846.5,852.0,832.3499755859375,842.75,829.9996337890625,308946.0
2021-09-16,842.75,849.7000122070312,831.0999755859375,835.25,822.6131591796875,226396.0
2021-09-17,835.3499755859375,859.0,830.0999755859375,850.0,837.1399536132812,851323.0
2021-09-20,845.0,852.4000244140625,830.2999877929688,844.9000244140625,832.1171875,282921.0
2021-09-21,841.0,851.0,821.0,842.9000244140625,830.1473999023438,321137.0
2021-09-22,843.0999755859375,924.0,839.7999877929688,911.5499877929688,897.7587890625,2283584.0
2021-09-23,919.7000122070312,949.5,916.0999755859376,939.3499755859376,925.1380615234376,1539435.0
2021-09-24,941.0,965.0,925.4000244140624,954.75,940.30517578125,699460.0
2021-09-27,951.0,969.0,931.0,946.1500244140624,931.8352661132812,625120.0
2021-09-28,941.0,947.75,909.0,924.6500244140624,910.6605224609376,564091.0
2021-09-29,916.5,937.0,911.6500244140624,924.1500244140624,910.1680297851562,285324.0
2021-09-30,927.0,946.7999877929688,925.0,936.7999877929688,922.626708984375,297827.0
2021-10-01,930.0,936.5,910.0999755859376,916.2999877929688,902.436767578125,196784.0
2021-10-04,916.2999877929688,932.7999877929688,915.0,920.8499755859376,906.9180297851562,267968.0
2021-10-05,916.5999755859376,938.9000244140624,916.5999755859376,932.3499755859376,918.2440795898438,247336.0
2021-10-06,935.1500244140624,943.0,915.0999755859376,924.2000122070312,910.2173461914062,266765.0
2021-10-07,932.5499877929688,957.0,928.0999755859376,932.6500244140624,918.5394897460938,432766.0
2021-10-08,936.0,944.0,930.0499877929688,936.6500244140624,922.4790649414062,230604.0
2021-10-11,942.7000122070312,979.9000244140624,937.4500122070312,943.9000244140624,929.6193237304688,820917.0
2021-10-12,942.0999755859376,950.0,923.5999755859376,933.2999877929688,919.1796875,263229.0
2021-10-13,941.0,949.9000244140624,925.0,936.1500244140624,921.986572265625,295829.0
2021-10-14,942.5999755859376,1004.0,941.0,962.6500244140624,948.0856323242188,2529984.0
2021-10-18,970.4000244140624,977.4500122070312,930.5999755859376,936.2000122070312,922.0358276367188,440102.0
2021-10-19,933.0,945.5499877929688,894.0499877929688,904.9500122070312,891.2586059570312,274944.0
2021-10-20,903.5,904.0,864.0,867.1500244140625,854.0304565429688,259913.0
2021-10-21,876.0,877.4500122070312,851.0,861.4000244140625,848.3674926757812,233870.0
2021-10-22,862.0999755859375,877.0,841.4500122070312,847.9000244140625,835.0717163085938,415062.0
2021-10-25,852.5499877929688,857.2999877929688,785.0,788.5999755859375,776.6688232421875,465189.0
2021-10-26,791.0,827.25,790.7999877929688,810.5999755859375,798.3360595703125,394041.0
2021-10-27,816.0,824.0,795.4000244140625,803.1500244140625,790.998779296875,222198.0
2021-10-28,810.25,810.25,789.0,790.9000244140625,778.9341430664062,183241.0
2021-10-29,793.0,809.9500122070312,776.0,781.5499877929688,769.7255859375,420261.0
2021-11-01,789.3499755859375,829.0,787.4500122070312,822.5499877929688,810.1051635742188,493755.0
2021-11-02,828.0,869.0,820.0,861.8499755859375,848.8106689453125,885608.0
2021-11-03,868.7999877929688,868.7999877929688,840.1500244140625,845.2000122070312,832.41259765625,203283.0
2021-11-04,849.7999877929688,864.8499755859375,820.0,856.4500122070312,843.492431640625,81830.0
2021-11-08,856.4500122070312,881.0,841.9000244140625,867.3499755859375,854.2274169921875,501730.0
2021-11-09,870.0,873.75,860.0999755859375,864.0499877929688,850.9773559570312,140624.0
2021-11-10,859.0,891.5,850.0,883.1500244140625,869.7884521484375,311508.0
2021-11-11,888.0,888.7999877929688,863.0,867.25,854.1290283203125,149248.0
2021-11-12,870.0,885.7000122070312,860.0,869.5499877929688,856.3941650390625,276525.0
2021-11-15,873.5999755859375,874.0,848.7999877929688,856.9000244140625,843.9356079101562,130083.0
2021-11-16,860.0,863.0,840.0,846.2999877929688,833.4959716796875,118214.0
2021-11-17,847.7999877929688,855.9000244140625,815.5,818.0499877929688,805.6732788085938,176028.0
2021-11-18,823.7999877929688,831.5,790.4500122070312,803.4500122070312,791.2942504882812,189822.0
2021-11-22,801.1500244140625,814.0,777.5999755859375,806.1500244140625,793.9534301757812,189713.0
2021-11-23,805.0,824.0,792.0,809.6500244140625,797.4004516601562,286380.0
2021-11-24,820.0,850.0,820.0,825.3499755859375,812.8628540039062,382958.0
2021-11-25,843.0,884.5,831.0,873.25,860.0381469726562,1272710.0
2021-11-26,849.9500122070312,859.6500244140625,801.0499877929688,806.2999877929688,794.1011352539062,497458.0
2021-11-29,809.0,818.0,765.3499755859375,783.25,771.39990234375,317938.0
2021-11-30,786.0,810.5,760.0,766.2999877929688,754.706298828125,500170.0
2021-12-01,779.7000122070312,789.7999877929688,754.8499755859375,767.25,755.6419677734375,531980.0
2021-12-02,772.0,839.8499755859375,772.0,831.5,818.9198608398438,1206395.0
2021-12-03,831.0,845.0,818.0999755859375,832.0499877929688,819.4614868164062,413671.0
2021-12-06,830.0999755859375,838.8499755859375,800.0999755859375,805.4000244140625,793.2147216796875,368964.0
2021-12-07,810.0,834.7999877929688,805.0,821.0,808.5786743164062,232061.0
2021-12-08,824.9000244140625,852.0,821.2999877929688,825.7999877929688,813.30615234375,522710.0
2021-12-09,832.7999877929688,847.4000244140625,830.0,833.6500244140625,821.0372924804688,289626.0
2021-12-10,834.0,855.2000122070312,827.5,847.1500244140625,834.3330688476562,267033.0
2021-12-13,849.0,860.0,833.0,835.4500122070312,822.8099975585938,192229.0
2021-12-14,830.0,851.0,828.5,843.1500244140625,830.3936157226562,202792.0
2021-12-15,842.0,882.0,834.4500122070312,863.8499755859375,850.7803955078125,685001.0
2021-12-16,867.0999755859375,888.0999755859375,852.0999755859375,874.5999755859375,861.3677368164062,662795.0
2021-12-17,869.4000244140625,874.6500244140625,821.0,828.9000244140625,816.3592529296875,457442.0
2021-12-20,824.4500122070312,824.4500122070312,775.0,790.75,778.786376953125,278034.0
2021-12-21,790.0,826.0,790.0,803.2999877929688,791.146484375,304542.0
2021-12-22,807.5,899.0,807.5,883.4500122070312,870.0838623046875,1695441.0
2021-12-23,891.4000244140625,908.5999755859376,871.0499877929688,889.9000244140625,876.4363403320312,1114912.0
2021-12-24,897.0,930.0,885.2999877929688,913.6500244140624,899.8270263671875,1834983.0
2021-12-27,913.4000244140624,938.0,897.0499877929688,921.8499755859376,907.90283203125,767629.0
2021-12-28,922.9000244140624,926.6500244140624,905.1500244140624,909.7000122070312,895.936767578125,330665.0
2021-12-29,914.8499755859376,915.9500122070312,875.0999755859375,889.3499755859375,875.8945922851562,428177.0
2021-12-30,890.0,890.8499755859375,872.5,877.7999877929688,864.519287109375,264796.0
2021-12-31,888.9000244140625,932.4000244140624,885.0,917.5499877929688,903.66796875,1369126.0
2022-01-03,911.0,923.7000122070312,903.9500122070312,918.0499877929688,904.160400390625,470443.0
2022-01-04,921.0999755859376,928.75,909.0,915.4000244140624,901.5504760742188,315786.0
2022-01-05,917.0,919.0,902.0,912.6500244140624,898.8421020507812,200609.0
2022-01-06,904.0,924.9000244140624,896.0,911.7000122070312,897.9065551757812,433104.0
2022-01-07,916.9000244140624,956.7999877929688,900.0999755859375,947.0,932.6724243164062,1076048.0
2022-01-10,950.0,978.4000244140624,941.2000122070312,960.5499877929688,946.0173950195312,1004043.0
2022-01-11,965.0,1006.1500244140624,960.5,996.0999755859376,981.029541015625,1904002.0
2022-01-12,1000.0,1024.0,977.0999755859376,989.9000244140624,974.92333984375,1194143.0
2022-01-13,995.9000244140624,1009.5999755859376,980.0999755859376,992.9500122070312,977.92724609375,380483.0
2022-01-14,991.0,1020.75,985.0,991.8499755859376,976.8438720703124,678942.0
2022-01-17,991.8499755859376,1023.9000244140624,985.4500122070312,1009.8499755859376,994.5715942382812,663846.0
2022-01-18,1014.8499755859376,1017.7999877929688,980.0999755859376,991.75,976.7453002929688,359817.0
2022-01-19,980.0999755859376,990.5499877929688,959.0,964.2999877929688,949.7106323242188,342429.0
2022-01-20,959.0,985.0,917.3499755859376,970.8499755859376,956.1615600585938,850435.0
2022-01-21,956.0,960.0,932.0999755859376,950.1500244140624,935.7747802734376,535495.0
2022-01-24,949.7999877929688,956.6500244140624,866.2000122070312,880.5,867.178466796875,607846.0
2022-01-25,862.0,886.0,847.0,856.4000244140625,843.4431762695312,431485.0
2022-01-27,854.7999877929688,883.9500122070312,841.5499877929688,859.2999877929688,846.2992553710938,464877.0
2022-01-28,866.5999755859375,886.9500122070312,845.9500122070312,855.5,842.5567016601562,278506.0
2022-01-31,872.5999755859375,875.9000244140625,850.0999755859375,866.0499877929688,852.9470825195312,218475.0
2022-02-01,874.9000244140625,887.5999755859375,856.4500122070312,872.7000122070312,859.4965209960938,245233.0
2022-02-02,878.4000244140625,898.0,873.4500122070312,883.4500122070312,870.0838623046875,234984.0
2022-02-03,884.0,887.2000122070312,862.2000122070312,868.5,855.3600463867188,160437.0
2022-02-04,870.0,887.1500244140625,861.0,881.4500122070312,868.1141357421875,236378.0
2022-02-07,879.9000244140625,879.9000244140625,856.2000122070312,861.5,848.466064453125,162112.0
2022-02-08,864.0,869.8499755859375,831.3499755859375,837.4500122070312,824.7798461914062,226408.0
2022-02-09,844.7999877929688,865.0,844.25,858.2999877929688,845.3143920898438,187039.0
2022-02-10,861.0,881.0999755859375,855.0,867.4500122070312,854.3259887695312,262813.0
2022-02-11,859.9000244140625,859.9000244140625,833.0,838.2000122070312,825.5184936523438,119440.0
2022-02-14,828.5999755859375,830.0,782.5999755859375,792.75,780.756103515625,191068.0
2022-02-15,794.0,817.5,778.0,812.0499877929688,799.76416015625,249693.0
2022-02-16,818.7999877929688,846.9500122070312,814.2999877929688,820.8499755859375,808.430908203125,379019.0
2022-02-17,820.8499755859375,828.0499877929688,800.0999755859375,802.25,790.1124267578125,154742.0
2022-02-18,800.0,814.0,785.7999877929688,796.75,784.695556640625,193534.0
2022-02-21,794.9500122070312,803.1500244140625,775.2999877929688,785.5499877929688,773.6650390625,304340.0
2022-02-22,779.0,779.0,740.9500122070312,751.9500122070312,740.5734252929688,379755.0
2022-02-23,764.0499877929688,793.75,763.7999877929688,775.4000244140625,763.6686401367188,338661.0
2022-02-24,754.9000244140625,759.9500122070312,725.0,736.1500244140625,725.012451171875,278827.0
2022-02-25,752.0,775.0,752.0,757.9000244140625,746.4334106445312,319021.0
2022-02-28,757.9000244140625,771.0499877929688,740.25,764.6500244140625,753.0812377929688,112667.0
2022-03-02,750.0,773.0999755859375,745.0499877929688,755.3499755859375,743.9219970703125,167113.0
2022-03-03,763.7000122070312,768.3499755859375,743.75,748.0,736.68310546875,161860.0
2022-03-04,739.9000244140625,752.4000244140625,728.25,734.4500122070312,723.338134765625,211064.0
2022-03-07,729.4500122070312,729.4500122070312,698.3499755859375,707.2999877929688,696.598876953125,287041.0
2022-03-08,708.5,739.9000244140625,704.4500122070312,729.3499755859375,718.3153076171875,269010.0
2022-03-09,729.3499755859375,762.0,724.2000122070312,743.75,732.4974365234375,343941.0
2022-03-10,761.0,814.0999755859375,747.0999755859375,790.7000122070312,778.7371826171875,698228.0
2022-03-11,780.0,797.0999755859375,764.0,771.2000122070312,759.5321655273438,567260.0
2022-03-14,775.0,784.9000244140625,752.1500244140625,763.5499877929688,751.9978637695312,651831.0
2022-03-15,763.0,777.0,748.0,754.8499755859375,743.4295043945312,226918.0
2022-03-16,762.5,811.0,762.0,804.4000244140625,792.2299194335938,607261.0
2022-03-17,820.0,862.75,809.2999877929688,821.4500122070312,809.0219116210938,1172490.0
2022-03-21,826.4000244140625,830.0,804.2999877929688,811.7999877929688,799.5179443359375,207068.0
2022-03-22,810.0,841.75,802.6500244140625,834.0499877929688,821.4313354492188,567788.0
2022-03-23,841.0,876.0,829.0,835.0499877929688,822.4161376953125,916571.0
2022-03-24,838.0499877929688,871.0,835.0499877929688,864.5,851.4205932617188,499956.0
2022-03-25,871.9000244140625,889.4000244140625,841.0999755859375,845.8499755859375,833.052734375,552083.0
2022-03-28,849.0,849.6500244140625,819.9000244140625,831.25,818.6736450195312,207373.0
2022-03-29,835.9000244140625,864.0999755859375,835.9000244140625,859.4500122070312,846.447021484375,288014.0
2022-03-30,864.4000244140625,876.4000244140625,858.1500244140625,861.5999755859375,848.5643920898438,194810.0
2022-03-31,861.5999755859375,874.5999755859375,846.4500122070312,854.5999755859375,841.6703491210938,214315.0
2022-04-01,851.25,879.9000244140625,846.0,859.75,846.7424926757812,370780.0
2022-04-04,867.5,884.5999755859375,861.0,872.0,858.80712890625,259600.0
2022-04-05,877.5,890.9000244140625,866.0,870.7000122070312,857.5267944335938,468521.0
2022-04-06,869.9000244140625,887.0499877929688,857.0,860.3499755859375,847.3333129882812,317726.0
2022-04-07,864.6500244140625,932.0,860.7999877929688,924.0499877929688,910.069580078125,1859595.0
2022-04-08,919.0,931.9500122070312,907.1500244140624,921.0999755859376,907.1642456054688,464182.0
2022-04-11,919.9000244140624,942.9500122070312,912.1500244140624,938.0,923.80859375,489402.0
2022-04-12,933.0,949.9000244140624,915.5,921.3499755859376,907.410400390625,482421.0
2022-04-13,929.9500122070312,929.9500122070312,892.0499877929688,899.8499755859375,886.2357177734375,186744.0
2022-04-18,899.0,902.5,873.0,889.2999877929688,875.845458984375,229422.0
2022-04-19,889.9000244140625,915.7000122070312,849.5,857.2000122070312,844.2310180664062,365321.0
2022-04-20,869.4000244140625,884.0499877929688,860.5499877929688,868.7999877929688,855.6554565429688,192414.0
2022-04-21,874.75,888.4500122070312,871.6500244140625,880.2000122070312,866.8829956054688,186421.0
2022-04-22,874.9000244140625,890.2999877929688,865.25,878.9500122070312,865.6519775390625,139904.0
2022-04-25,870.0,918.0,862.4500122070312,886.4000244140625,872.9893188476562,1773776.0
2022-04-26,900.0,906.9500122070312,871.25,881.2999877929688,867.9664306640625,387535.0
2022-04-27,867.2999877929688,890.9500122070312,866.0499877929688,875.7000122070312,862.4511108398438,250405.0
2022-04-28,883.0,884.0,855.0,858.0,845.0189208984375,185359.0
2022-04-29,868.9500122070312,871.9000244140625,825.5999755859375,835.7999877929688,823.15478515625,214477.0
2022-05-02,830.0,845.6500244140625,826.0,832.6500244140625,820.052490234375,162684.0
2022-05-04,839.9500122070312,843.5499877929688,795.0,805.1500244140625,792.9686279296875,160412.0
2022-05-05,812.4000244140625,833.5,789.3499755859375,798.25,786.1728515625,277925.0
2022-05-06,770.0,785.3499755859375,753.7000122070312,769.3499755859375,757.7101440429688,450383.0
2022-05-09,765.0,765.0,737.8499755859375,743.8499755859375,732.5958862304688,161163.0
2022-05-10,742.2999877929688,753.9000244140625,720.0,725.9500122070312,714.966796875,122362.0
2022-05-11,725.0,731.6500244140625,688.4000244140625,722.9500122070312,712.0121459960938,250118.0
2022-05-12,711.0,712.5999755859375,686.2000122070312,695.3499755859375,684.82958984375,259964.0
2022-05-13,704.9000244140625,719.6500244140625,690.25,695.75,685.2236938476562,164462.0
2022-05-16,703.9000244140625,708.4000244140625,685.7000122070312,703.2000122070312,692.5609130859375,127085.0
2022-05-17,713.7000122070312,739.3499755859375,713.5999755859375,731.2999877929688,720.2357788085938,268139.0
2022-05-18,731.0,743.9000244140625,720.0,724.5499877929688,713.5879516601562,124482.0
2022-05-19,705.0,714.0,695.0,703.75,693.1026611328125,100741.0
2022-05-20,719.0,730.9000244140625,708.3499755859375,713.5499877929688,702.75439453125,147859.0
2022-05-23,717.5,739.7000122070312,710.6500244140625,717.1500244140625,706.2999267578125,210880.0
2022-05-24,729.9000244140625,749.9000244140625,720.9000244140625,744.0,732.74365234375,266190.0
2022-05-25,749.3499755859375,760.0,715.0999755859375,720.3499755859375,709.4514770507812,206117.0
2022-05-26,720.0,730.75,702.0999755859375,725.25,714.27734375,601466.0
2022-05-27,730.9000244140625,740.0,718.0999755859375,731.6500244140625,720.5805053710938,108919.0
2022-05-30,742.3499755859375,753.8499755859375,736.0999755859375,742.5,731.2664184570312,132600.0
2022-05-31,742.5,814.0,736.0499877929688,797.8499755859375,785.7789306640625,513537.0
2022-06-01,787.0,824.0999755859375,787.0,805.7000122070312,793.51025390625,241580.0
2022-06-02,806.75,889.0,804.4000244140625,875.7000122070312,862.4511108398438,1428814.0
2022-06-03,872.0,904.9000244140624,851.0,889.0999755859375,875.6483154296875,884179.0
2022-06-06,872.0,878.9500122070312,848.5999755859375,851.9500122070312,839.0604248046875,325323.0
2022-06-07,845.0,858.0,823.0499877929688,828.3499755859375,815.8175048828125,324666.0
2022-06-08,831.0,832.0,812.0,822.9500122070312,810.499267578125,192399.0
2022-06-09,818.0,833.5,809.0,813.7999877929688,801.4876098632812,143867.0
2022-06-10,808.0,812.75,791.0,794.0,781.9872436523438,96875.0
2022-06-13,775.0,780.8499755859375,750.7999877929688,753.9000244140625,742.493896484375,114718.0
2022-06-14,742.0,765.0,742.0,761.2000122070312,749.6834716796875,106858.0
2022-06-15,764.0,794.4000244140625,762.5999755859375,777.8499755859375,766.08154296875,167293.0
2022-06-16,787.0,787.0,745.0999755859375,752.2000122070312,740.8196411132812,113714.0
2022-06-17,751.7999877929688,761.0,739.9500122070312,744.8499755859375,733.5807495117188,96145.0
2022-06-20,747.0499877929688,750.75,697.6500244140625,730.0499877929688,719.0046997070312,145757.0
2022-06-21,746.0,756.0,733.0,751.8499755859375,740.474853515625,183083.0
2022-06-22,740.0,748.7999877929688,732.0999755859375,737.25,726.0957641601562,47069.0
2022-06-23,739.0,755.9500122070312,735.6500244140625,749.7999877929688,738.4559326171875,101238.0
2022-06-24,758.5,784.3499755859375,758.5,778.8499755859375,767.06640625,246903.0
2022-06-27,787.7000122070312,809.75,784.0499877929688,807.6500244140625,795.4306640625,176583.0
2022-06-28,814.0,814.0,794.5,802.5499877929688,790.4078369140625,75802.0
2022-06-29,793.0,819.3499755859375,790.4500122070312,807.5,795.282958984375,142828.0
2022-06-30,808.0,818.0,796.4000244140625,805.7000122070312,793.51025390625,56009.0
2022-07-01,808.0,817.9500122070312,797.0,806.7000122070312,794.4951171875,156605.0
2022-07-04,812.0,819.9500122070312,798.0499877929688,808.6500244140625,796.4155883789062,84708.0
2022-07-05,808.6500244140625,820.9000244140625,788.0499877929688,794.5,782.4796142578125,165416.0
2022-07-06,793.2999877929688,810.0499877929688,791.0,808.0999755859375,799.901123046875,65509.0
2022-07-07,815.0,824.9000244140625,805.0499877929688,808.7999877929688,800.593994140625,187547.0
2022-07-08,814.9000244140625,815.9000244140625,804.75,807.7999877929688,799.6041259765625,48974.0
2022-07-11,800.0,814.0,800.0,809.9000244140625,801.682861328125,81548.0
2022-07-12,800.2000122070312,823.75,800.2000122070312,811.6500244140625,803.4151000976562,109108.0
2022-07-13,819.0,819.0,795.25,801.9500122070312,793.8135375976562,64620.0
2022-07-14,803.0,813.4500122070312,789.5999755859375,798.6500244140625,790.5470581054688,98320.0
2022-07-15,800.0,802.7000122070312,782.0999755859375,790.4500122070312,782.43017578125,58460.0
2022-07-18,794.4500122070312,803.5999755859375,793.3499755859375,796.4000244140625,788.3197631835938,115087.0
2022-07-19,795.9000244140625,801.9500122070312,786.9000244140625,790.4500122070312,782.43017578125,106278.0
2022-07-20,802.0,803.2999877929688,780.0,782.5,774.560791015625,125629.0
2022-07-21,782.5499877929688,793.0,777.0499877929688,783.8499755859375,775.8970947265625,71675.0
2022-07-22,789.4500122070312,817.9000244140625,785.5999755859375,813.7000122070312,805.4442749023438,310436.0
2022-07-25,813.7000122070312,826.7999877929688,790.0999755859375,801.3499755859375,793.2195434570312,370817.0
2022-07-26,808.0,834.75,798.3499755859375,806.8499755859375,798.6637573242188,730681.0
2022-07-27,808.8499755859375,812.4500122070312,794.5499877929688,802.5,794.3578491210938,102278.0
2022-07-28,806.5,839.7000122070312,804.0999755859375,811.0,802.7716674804688,350294.0
2022-07-29,820.0,845.0,814.0,839.5499877929688,831.031982421875,596899.0
2022-08-01,847.0,857.5,833.5499877929688,843.4000244140625,834.843017578125,368335.0
2022-08-02,842.0,857.0,835.0,853.25,844.593017578125,270843.0
2022-08-03,850.0,864.75,838.0,845.8499755859375,837.2680053710938,810537.0
2022-08-04,849.9500122070312,857.0,824.0,847.5499877929688,838.9507446289062,148735.0
2022-08-05,847.5499877929688,851.8499755859375,835.0,844.3499755859375,835.7832641601562,80215.0
2022-08-08,835.5999755859375,854.5,835.5999755859375,851.1500244140625,842.5143432617188,106032.0
2022-08-10,856.8499755859375,859.0,848.4500122070312,852.4000244140625,843.7515869140625,155119.0
2022-08-11,859.9000244140625,859.9500122070312,846.0,847.8499755859375,839.247802734375,97309.0
2022-08-12,847.8499755859375,857.5,840.0999755859375,843.8499755859375,835.288330078125,87272.0
2022-08-16,843.8499755859375,850.5499877929688,829.75,834.5,826.033203125,86025.0
2022-08-17,839.5999755859375,884.0,838.2999877929688,868.0,859.193359375,733839.0
2022-08-18,868.0,875.6500244140625,861.4000244140625,868.3499755859375,859.539794921875,128747.0
2022-08-19,868.3499755859375,882.5999755859375,840.0,845.9500122070312,837.3671264648438,260706.0
2022-08-22,850.5,860.0,835.0999755859375,846.9000244140625,838.3074340820312,141443.0
2022-08-23,843.0,863.5,840.0,849.2000122070312,840.5841064453125,196702.0
2022-08-24,856.0,858.4000244140625,843.5,849.5499877929688,840.9305419921875,83413.0
2022-08-25,853.0,868.0,849.0,852.6500244140625,843.9990844726562,128488.0
2022-08-26,857.0,876.0,850.0,854.9000244140625,846.2262573242188,255985.0
2022-08-29,841.8499755859375,849.8499755859375,832.0999755859375,843.0499877929688,834.4965209960938,72198.0
2022-08-30,854.9000244140625,871.0,849.0499877929688,862.9500122070312,854.194580078125,196376.0
2022-09-01,862.5999755859375,882.4500122070312,856.0,858.75,850.0372314453125,153663.0
2022-09-02,870.0,870.0,849.0,851.0499877929688,842.415283203125,100416.0
2022-09-05,854.2999877929688,891.5999755859375,854.2999877929688,884.0999755859375,875.1299438476562,484137.0
2022-09-06,889.7999877929688,890.9000244140625,854.1500244140625,881.2999877929688,872.3583984375,262480.0
2022-09-07,868.5,890.0,868.5,882.4500122070312,873.496826171875,150511.0
2022-09-08,885.0,931.5999755859376,876.25,925.3499755859376,915.9614868164062,1088463.0
2022-09-09,934.7000122070312,934.7000122070312,900.5999755859375,906.5499877929688,897.3521728515625,258448.0
2022-09-12,910.7999877929688,942.25,905.9000244140624,937.5499877929688,928.0376586914062,398064.0
2022-09-13,939.9500122070312,942.0,922.25,930.0499877929688,920.61376953125,119261.0
2022-09-14,912.6500244140624,943.9000244140624,911.0,915.25,905.9639282226562,251786.0
2022-09-15,919.9000244140624,923.2999877929688,881.0,894.0999755859375,885.0284423828125,175395.0
2022-09-16,878.0999755859375,908.0,872.0,880.5499877929688,871.6159057617188,174157.0
2022-09-19,875.0,893.7000122070312,874.8499755859375,881.7999877929688,872.8533325195312,160297.0
2022-09-20,886.25,905.3499755859376,883.25,890.8499755859375,881.8114624023438,208883.0
2022-09-21,895.2999877929688,924.9000244140624,881.0,884.0999755859375,875.1299438476562,167888.0
2022-09-22,875.5,895.0,873.0999755859375,880.2000122070312,871.2694702148438,64526.0
2022-09-23,890.0,910.1500244140624,856.0,864.7000122070312,855.9268798828125,324456.0
2022-09-26,859.0,861.9500122070312,809.0499877929688,813.2999877929688,805.04833984375,184439.0
2022-09-27,824.9000244140625,824.9000244140625,805.7000122070312,809.25,801.0394287109375,110195.0
2022-09-28,808.5,833.0,805.0,825.4000244140625,817.025634765625,154492.0
2022-09-29,840.0,840.0,820.0999755859375,823.0,814.64990234375,65518.0
2022-09-30,823.0,829.8499755859375,800.0999755859375,810.7000122070312,802.4747314453125,105977.0
2022-10-03,812.0,816.7999877929688,794.4000244140625,800.0999755859375,791.9822387695312,123856.0
2022-10-04,806.0,815.5499877929688,801.0999755859375,806.1500244140625,797.9708862304688,103601.0
2022-10-06,811.9500122070312,830.4000244140625,809.7999877929688,825.5999755859375,817.2235107421875,105757.0
2022-10-07,825.5999755859375,836.0499877929688,822.9000244140625,830.7999877929688,822.3707885742188,82652.0
2022-10-10,820.0,838.0,818.9500122070312,830.2999877929688,821.8757934570312,71347.0
2022-10-11,833.6500244140625,837.4000244140625,811.9000244140625,816.4000244140625,808.1168823242188,58082.0
2022-10-12,819.9000244140625,849.9000244140625,811.8499755859375,834.7999877929688,826.3302001953125,239707.0
2022-10-13,836.7999877929688,836.7999877929688,813.0,816.2000122070312,807.9188842773438,67443.0
2022-10-14,822.5,829.9000244140625,816.5999755859375,821.9000244140625,813.5610961914062,69334.0
2022-10-17,821.9000244140625,831.0,812.0,819.75,811.432861328125,66793.0
2022-10-18,822.0999755859375,829.0499877929688,815.0,817.5499877929688,809.2552490234375,54638.0
2022-10-19,821.5,822.5,815.0,815.9000244140625,807.6219482421875,60004.0
2022-10-20,815.7999877929688,859.0,815.0,849.7999877929688,841.177978515625,256604.0
2022-10-21,858.0,858.0,829.0,836.6500244140625,828.1614990234375,181776.0
2022-10-24,844.9000244140625,852.0,831.0,836.0999755859375,827.6170043945312,33172.0
2022-10-25,830.2999877929688,841.25,811.0,814.0499877929688,805.7907104492188,100679.0
2022-10-27,854.0,883.9000244140625,832.0,877.3499755859375,868.448486328125,1046500.0
2022-10-28,880.0,880.7000122070312,860.0,869.7000122070312,860.8760986328125,256195.0
2022-10-31,861.3499755859375,875.4000244140625,852.0999755859375,856.2000122070312,847.5130615234375,97410.0
2022-11-01,856.7999877929688,864.4500122070312,845.0,848.8499755859375,840.2376098632812,135507.0
2022-11-02,853.0999755859375,855.9500122070312,834.25,841.0,832.4673461914062,99979.0
2022-11-03,840.0,840.0,825.5,829.9000244140625,821.4798583984375,129045.0
2022-11-04,834.0,837.9000244140625,820.0,821.25,812.9176025390625,114715.0
2022-11-07,825.4000244140625,833.0,818.0999755859375,820.7000122070312,812.373291015625,75752.0
2022-11-09,829.0,829.0,814.0999755859375,815.8499755859375,807.5724487304688,77865.0
2022-11-10,813.0,822.9500122070312,805.2999877929688,812.5999755859375,804.3553466796875,64275.0
2022-11-11,819.9000244140625,823.75,795.0,800.5499877929688,792.4276733398438,97112.0
2022-11-14,804.5999755859375,804.9500122070312,788.0,793.9500122070312,785.8947143554688,89793.0
2022-11-15,798.0999755859375,798.2000122070312,785.0999755859375,790.5499877929688,782.5291137695312,109370.0
2022-11-16,785.6500244140625,800.0,781.0,787.1500244140625,779.1636962890625,111466.0
2022-11-17,783.8499755859375,792.0,762.0499877929688,776.9500122070312,769.067138671875,156130.0
2022-11-18,779.0499877929688,789.7000122070312,763.9500122070312,775.0999755859375,767.2359008789062,87710.0
2022-11-21,772.0,788.9500122070312,772.0,777.1500244140625,769.26513671875,61064.0
2022-11-22,781.0499877929688,784.75,770.0,771.0,763.177490234375,68900.0
2022-11-23,774.9000244140625,791.9000244140625,772.5499877929688,783.1500244140625,775.2042846679688,109467.0
2022-11-24,787.0999755859375,797.0,777.25,786.7000122070312,778.7182006835938,151259.0
2022-11-25,787.0,799.0,784.9000244140625,790.0499877929688,782.0341796875,138225.0
2022-11-28,790.0,811.0,788.3499755859375,804.0,795.8426513671875,138798.0
2022-11-29,805.9000244140625,807.9000244140625,790.0,793.0499877929688,785.0037231445312,60921.0
2022-11-30,794.0,812.5499877929688,782.25,808.4500122070312,800.24755859375,198217.0
2022-12-01,810.9500122070312,812.4500122070312,794.5,802.3499755859375,794.2094116210938,83493.0
2022-12-02,795.25,824.6500244140625,793.0999755859375,810.7000122070312,802.4747314453125,383463.0
2022-12-05,814.4500122070312,818.5,802.4500122070312,806.0999755859375,797.9213256835938,142112.0
2022-12-06,807.9000244140625,807.9500122070312,794.0999755859375,796.7999877929688,788.7156982421875,85079.0
2022-12-07,791.0,798.8499755859375,781.25,783.0,775.0557250976562,100238.0
2022-12-08,787.0,787.0,766.8499755859375,772.2000122070312,764.3653564453125,170509.0
2022-12-09,780.0,780.0,756.7999877929688,768.4000244140625,760.6038818359375,138000.0
2022-12-12,772.4000244140625,774.4000244140625,760.5999755859375,763.0999755859375,755.357666015625,61867.0
2022-12-13,765.0,786.3499755859375,765.0,781.4500122070312,773.521484375,154118.0
2022-12-14,781.5,783.9500122070312,770.0,770.9500122070312,763.1279907226562,110565.0
2022-12-15,771.5,777.0,764.4500122070312,765.75,757.980712890625,66144.0
2022-12-16,761.0,777.0,757.0499877929688,759.3499755859375,751.6456909179688,109217.0
2022-12-19,771.9000244140625,771.9000244140625,746.0499877929688,750.7000122070312,743.0834350585938,95236.0
2022-12-20,753.0999755859375,753.9500122070312,732.7000122070312,749.4500122070312,741.8461303710938,142901.0
2022-12-21,753.4000244140625,757.75,744.2999877929688,746.7000122070312,739.1240844726562,85060.0
2022-12-22,752.0,752.0,725.5499877929688,731.0999755859375,723.6822509765625,121444.0
2022-12-23,721.0999755859375,730.9000244140625,670.0,673.25,666.4192504882812,193435.0
2022-12-26,672.75,705.25,665.0,699.3499755859375,692.25439453125,163419.0
2022-12-27,709.9000244140625,723.5,700.2999877929688,710.5999755859375,703.3903198242188,123526.0
2022-12-28,713.9000244140625,715.9500122070312,706.7999877929688,710.5499877929688,703.3407592773438,50801.0
2022-12-29,711.5499877929688,711.5499877929688,695.4000244140625,698.9000244140625,691.80908203125,67115.0
2022-12-30,703.6500244140625,719.2000122070312,702.0,716.5499877929688,709.2799682617188,78559.0
2023-01-02,710.0,732.5999755859375,710.0,727.0999755859375,719.722900390625,78697.0
2023-01-03,733.6500244140625,733.6500244140625,723.0,726.7000122070312,719.3269653320312,27602.0
2023-01-04,736.9500122070312,736.9500122070312,712.0,713.7999877929688,706.5578002929688,48823.0
2023-01-05,712.1500244140625,723.0,711.8499755859375,719.0,711.7051391601562,41698.0
2023-01-06,719.0499877929688,719.9000244140625,706.0,709.75,702.5488891601562,43673.0
2023-01-09,713.5,721.9500122070312,701.0,704.75,697.5996704101562,61997.0
2023-01-10,708.5,711.9000244140625,698.0,700.2999877929688,693.1947631835938,48047.0
2023-01-11,704.0,710.4000244140625,695.4500122070312,697.7000122070312,690.6212158203125,41893.0
2023-01-12,704.5,726.0,700.0,719.3499755859375,712.051513671875,222341.0
2023-01-13,719.3499755859375,729.4500122070312,711.0,715.0999755859375,707.8446044921875,109895.0
2023-01-16,715.0999755859375,718.5499877929688,699.0,700.5499877929688,693.4422607421875,55145.0
2023-01-17,700.0,708.5499877929688,699.9500122070312,704.25,697.104736328125,31540.0
2023-01-18,704.25,707.9500122070312,700.0999755859375,702.6500244140625,695.5210571289062,29915.0
2023-01-19,702.5,706.25,697.0499877929688,701.75,694.6300659179688,30262.0
2023-01-20,701.2000122070312,707.0,698.0,704.0499877929688,696.9066772460938,22755.0
2023-01-23,700.0,708.5,692.9000244140625,702.9500122070312,695.81787109375,99804.0
2023-01-24,708.7999877929688,708.7999877929688,696.0999755859375,698.7999877929688,691.7100219726562,50074.0
2023-01-25,702.5,707.0999755859375,685.0999755859375,687.0499877929688,680.0792236328125,52700.0
2023-01-27,695.0,695.0,651.0,662.7999877929688,656.0753173828125,113557.0
2023-01-30,691.0999755859375,691.0999755859375,653.5,668.75,661.9649047851562,63930.0
2023-01-31,682.9500122070312,715.5,657.6500244140625,702.3499755859375,695.2239379882812,621669.0
2023-02-01,694.1500244140625,712.7999877929688,688.5499877929688,695.0499877929688,687.9981079101562,182347.0
2023-02-02,688.7000122070312,707.0,687.0,701.0,693.8877563476562,66756.0
2023-02-03,695.2000122070312,704.0499877929688,680.0,682.5499877929688,675.6248779296875,72361.0
2023-02-06,685.0,685.0,651.5,653.5999755859375,646.9686279296875,222416.0
2023-02-07,657.0,659.9000244140625,635.0499877929688,636.7999877929688,630.339111328125,217600.0
2023-02-08,640.7999877929688,655.9000244140625,640.0,653.1500244140625,646.523193359375,78597.0
2023-02-09,655.0,663.7999877929688,643.5,652.8499755859375,646.2262573242188,478848.0
2023-02-10,652.8499755859375,656.4500122070312,647.2000122070312,649.4000244140625,642.811279296875,85797.0
2023-02-13,646.2000122070312,652.75,642.4000244140625,649.5,642.9102172851562,36906.0
2023-02-14,643.7999877929688,653.5999755859375,641.5,646.2999877929688,639.74267578125,50672.0
2023-02-15,643.5999755859375,656.6500244140625,640.4500122070312,651.5999755859375,644.9888305664062,92692.0
2023-02-16,655.0,658.7000122070312,651.0,654.0,647.3645629882812,51145.0
2023-02-17,653.0999755859375,660.0,637.5,640.8499755859375,634.347900390625,109113.0
2023-02-20,644.0,644.0,624.0,628.4000244140625,622.0242919921875,103858.0
2023-02-21,628.3499755859375,640.0,621.3499755859375,623.5499877929688,617.2234497070312,110677.0
2023-02-22,624.4500122070312,626.0499877929688,609.2999877929688,612.0,605.7907104492188,96028.0
2023-02-23,610.0,630.0,609.0,614.0,607.7703857421875,113912.0
2023-02-24,615.0,622.3499755859375,605.0499877929688,606.4000244140625,600.24755859375,94592.0
2023-02-27,603.0,616.4500122070312,588.0,612.0999755859375,605.8896484375,189739.0
2023-02-28,613.0,614.0,597.0999755859375,608.0,601.8312377929688,145528.0
2023-03-01,605.2000122070312,624.75,605.2000122070312,618.0499877929688,611.7793579101562,82585.0
2023-03-02,616.2000122070312,618.0,605.9000244140625,608.3499755859375,602.1776733398438,41443.0
2023-03-03,610.0999755859375,628.0,610.0999755859375,623.9000244140625,617.5699462890625,87791.0
2023-03-06,623.0,638.2999877929688,623.0,635.7999877929688,629.3491821289062,95614.0
2023-03-08,635.0,644.75,630.0,642.0999755859375,635.5852661132812,71908.0
2023-03-09,640.0,645.5999755859375,632.5,637.7000122070312,631.2299194335938,130868.0
2023-03-10,631.9000244140625,642.75,617.1500244140625,640.2000122070312,633.70458984375,232247.0
2023-03-13,640.2000122070312,640.2000122070312,602.1500244140625,607.0499877929688,600.8909301757812,390261.0
2023-03-14,610.2000122070312,622.4000244140625,602.0499877929688,618.3499755859375,612.0762329101562,134287.0
2023-03-15,621.3499755859375,639.9000244140625,619.3499755859375,630.4500122070312,624.0535278320312,202804.0
2023-03-16,631.8499755859375,658.75,625.8499755859375,652.5499877929688,645.9292602539062,388433.0
2023-03-17,658.0,680.0,656.0499877929688,671.75,664.9345092773438,478092.0
2023-03-20,672.0999755859375,682.5,667.25,675.9500122070312,669.0919189453125,373801.0
2023-03-21,675.0,675.8499755859375,657.0999755859375,660.1500244140625,653.4522094726562,91516.0
2023-03-22,664.5,665.0,642.25,645.8499755859375,639.2971801757812,93802.0
2023-03-23,645.0,645.0,628.5999755859375,630.3499755859375,623.9544677734375,113736.0
2023-03-24,633.7000122070312,635.0,618.4500122070312,622.5,616.1842041015625,82549.0
2023-03-27,635.0,635.0,609.0499877929688,615.0,608.76025390625,261344.0
2023-03-28,617.7999877929688,627.0499877929688,612.75,621.5499877929688,615.2437744140625,155703.0
2023-03-29,621.0,657.0499877929688,621.0,645.5,638.9508666992188,218673.0
2023-03-31,645.5,658.9000244140625,630.25,634.0,627.5675048828125,282627.0
2023-04-03,641.4000244140625,660.0,634.5999755859375,656.2000122070312,649.542236328125,101810.0
2023-04-05,659.7000122070312,662.9500122070312,641.0,644.7999877929688,638.2578735351562,98678.0
2023-04-06,642.0,654.8499755859375,642.0,649.1500244140625,642.563720703125,58973.0
2023-04-10,667.9500122070312,669.7000122070312,652.0,667.5,660.7276000976562,144368.0
2023-04-11,668.7999877929688,695.7999877929688,668.7999877929688,681.5499877929688,674.635009765625,285316.0
2023-04-12,685.0,685.9500122070312,668.0,671.0999755859375,664.2910766601562,108845.0
2023-04-13,673.7999877929688,676.5999755859375,659.9000244140625,667.2000122070312,660.4306640625,62301.0
2023-04-17,664.9500122070312,683.0,652.0999755859375,673.0499877929688,666.2213134765625,162685.0
2023-04-18,669.0,682.0,663.0,675.0499877929688,668.2009887695312,114270.0
2023-04-19,675.0499877929688,691.9500122070312,666.0,682.75,675.8228149414062,233980.0
2023-04-20,684.8499755859375,685.0,675.7999877929688,679.3499755859375,672.4573364257812,151109.0
2023-04-21,684.7000122070312,687.7999877929688,657.0,669.4500122070312,662.6578979492188,243459.0
2023-04-24,660.0,686.5,658.0,676.6500244140625,669.7848510742188,351387.0
2023-04-25,670.0,672.0,651.6500244140625,653.6500244140625,647.0181884765625,415822.0
2023-04-26,650.0499877929688,667.5499877929688,650.0499877929688,665.0499877929688,658.3024291992188,169310.0
2023-04-27,671.6500244140625,682.4500122070312,667.9000244140625,676.8499755859375,669.9827270507812,236314.0
2023-04-28,680.0,687.9000244140625,672.8499755859375,680.3499755859375,673.4472045898438,322634.0
2023-05-02,684.0,684.0,671.9000244140625,678.75,671.8634643554688,236544.0
2023-05-03,675.0,692.7999877929688,672.5999755859375,689.9000244140625,682.9003295898438,267216.0
2023-05-04,691.0,712.0499877929688,686.4000244140625,709.2999877929688,702.103515625,752210.0
2023-05-05,713.9500122070312,726.9500122070312,710.0,719.7999877929688,712.4969482421875,546595.0
2023-05-08,727.0,759.5,722.25,749.25,741.6481323242188,664076.0
2023-05-09,760.0,779.7999877929688,750.2000122070312,768.5,760.7028198242188,841199.0
2023-05-10,774.6500244140625,779.7999877929688,770.7000122070312,777.75,769.8590698242188,212601.0
2023-05-11,785.0,785.0499877929688,769.5,782.5,774.560791015625,173703.0
2023-05-12,780.0,785.0,772.0999755859375,773.9000244140625,766.048095703125,96816.0
2023-05-15,779.0999755859375,811.4500122070312,772.8499755859375,808.0999755859375,799.901123046875,1001883.0
2023-05-16,810.9000244140625,810.9000244140625,797.0,801.5499877929688,793.4175415039062,260984.0
2023-05-17,800.0,809.0,795.75,805.4500122070312,797.2779541015625,212357.0
2023-05-18,810.0,828.75,810.0,822.8499755859375,814.50146484375,520828.0
2023-05-19,822.8499755859375,827.1500244140625,798.9500122070312,803.75,795.5952758789062,262107.0
2023-05-22,807.9000244140625,812.0,790.0999755859375,801.3499755859375,793.2195434570312,214214.0
2023-05-23,801.9500122070312,815.7000122070312,797.5499877929688,801.4500122070312,793.318603515625,137646.0
2023-05-24,810.0,810.0,792.0,801.9500122070312,793.8135375976562,131114.0
2023-05-25,803.0,804.0,792.0,796.4000244140625,788.3197631835938,72329.0
2023-05-26,798.7000122070312,801.25,774.6500244140625,783.0,775.0557250976562,148955.0
2023-05-29,784.3499755859375,802.0,784.3499755859375,795.5999755859375,787.5278930664062,133553.0
2023-05-30,799.7999877929688,799.7999877929688,791.5499877929688,796.5,788.4188232421875,40859.0
2023-05-31,799.9000244140625,800.7999877929688,789.9500122070312,798.7000122070312,790.5964965820312,276894.0
2023-06-01,798.7000122070312,804.4500122070312,792.5,802.0,793.8629760742188,140966.0
2023-06-02,803.0,803.1500244140625,786.2999877929688,790.8499755859375,782.8261108398438,122443.0
2023-06-05,795.9000244140625,800.4500122070312,791.8499755859375,794.1500244140625,786.0925903320312,57229.0
2023-06-06,794.1500244140625,800.75,791.0499877929688,794.75,786.6865844726562,51006.0
2023-06-07,808.9000244140625,816.8499755859375,800.0,808.0499877929688,799.8515625,318559.0
2023-06-08,816.0,819.2000122070312,802.25,804.6500244140625,796.486083984375,147402.0
2023-06-09,810.5999755859375,810.5999755859375,796.0499877929688,798.75,790.6459350585938,75394.0
2023-06-12,803.0,821.0,799.75,805.5999755859375,797.4263916015625,217357.0
2023-06-13,810.0,815.0499877929688,800.0999755859375,802.8499755859375,794.7042846679688,134421.0
2023-06-14,803.8499755859375,808.25,794.25,796.25,788.17138671875,96793.0
2023-06-15,799.9000244140625,802.0499877929688,784.0,787.5999755859375,779.6090087890625,103871.0
2023-06-16,791.7000122070312,799.5,780.9000244140625,783.0499877929688,775.1051635742188,110912.0
2023-06-19,785.0,818.0,784.9500122070312,813.5499877929688,805.2958374023438,377578.0
2023-06-20,820.0,848.7000122070312,813.6500244140625,831.7000122070312,823.2615966796875,904690.0
2023-06-21,848.0,848.0,820.0,827.4500122070312,819.0547485351562,344440.0
2023-06-22,828.0,837.0,807.0,812.2999877929688,804.0584106445312,270208.0
2023-06-23,812.0,818.4000244140625,795.0499877929688,798.6500244140625,790.5470581054688,207430.0
2023-06-26,799.4500122070312,805.0,791.0499877929688,795.9500122070312,787.8743286132812,133164.0
2023-06-27,797.9500122070312,802.9500122070312,790.0,792.1500244140625,784.113037109375,185541.0
2023-06-28,794.1500244140625,801.75,794.1500244140625,799.8499755859375,791.7347412109375,181943.0
2023-06-30,802.1500244140625,873.8499755859375,802.1500244140625,861.5,852.7593383789062,1584490.0
2023-07-03,867.5,874.9000244140625,842.0,866.1500244140625,857.3622436523438,427317.0
2023-07-04,866.1500244140625,880.0,847.5999755859375,878.2999877929688,869.3887939453125,520323.0
2023-07-05,880.0,933.2999877929688,874.2000122070312,928.5499877929688,919.12890625,1203401.0
2023-07-06,928.0,931.0,907.7999877929688,913.7000122070312,904.4296264648438,361492.0
2023-07-07,909.0,950.0,891.0,917.5499877929688,908.2406005859376,1160770.0
2023-07-10,918.0,927.9500122070312,891.5,901.7000122070312,892.5513916015625,194753.0
2023-07-11,901.0,922.75,892.0,895.2000122070312,886.1173706054688,339855.0
2023-07-12,900.0,912.0,885.0499877929688,888.4000244140625,879.3863525390625,383304.0
2023-07-13,898.0,919.4000244140624,884.2000122070312,896.9500122070312,887.8496704101562,794574.0
2023-07-14,899.0999755859375,955.9000244140624,896.4500122070312,951.2000122070312,941.5491943359376,1180621.0
2023-07-17,935.0499877929688,974.0,935.0,955.0,950.3059692382812,617065.0
2023-07-18,955.0,963.0,916.2000122070312,931.0999755859376,926.5233764648438,375910.0
2023-07-19,933.0,988.9000244140624,905.0999755859376,943.4000244140624,938.7630004882812,2358838.0
2023-07-20,945.0,990.9000244140624,945.0,971.75,966.9736328125,975311.0
2023-07-21,971.75,971.75,950.7000122070312,955.1500244140624,950.4552612304688,240711.0
2023-07-24,954.0,977.1500244140624,935.8499755859376,967.7000122070312,962.9435424804688,299726.0
2023-07-25,969.2000122070312,999.9000244140624,962.0499877929688,994.75,989.8605346679688,310409.0
2023-07-26,979.0499877929688,1010.4000244140624,979.0499877929688,999.0999755859376,994.189208984375,366673.0
2023-07-27,1002.0,1023.4500122070312,998.0999755859376,1009.0,1004.04052734375,292081.0
2023-07-28,1012.9500122070312,1044.949951171875,999.0,1031.0999755859375,1026.031982421875,280367.0
2023-07-31,1045.0,1084.0,1021.75,1076.199951171875,1070.9102783203125,542158.0
2023-08-01,1080.449951171875,1108.0,1066.25,1075.550048828125,1070.2635498046875,384356.0
2023-08-02,1070.0,1072.9000244140625,1022.5,1029.3499755859375,1024.29052734375,417116.0
2023-08-03,1035.0,1036.449951171875,1016.5,1026.699951171875,1021.6534423828124,187900.0
2023-08-04,1036.050048828125,1050.0,1021.0,1026.699951171875,1021.6534423828124,240389.0
2023-08-07,1033.199951171875,1038.4000244140625,1008.0,1020.2000122070312,1015.185546875,148261.0
2023-08-08,1021.0,1044.5999755859375,1021.0,1041.0,1035.88330078125,161777.0
2023-08-09,1044.4000244140625,1044.4000244140625,1025.0,1027.550048828125,1022.4993896484376,120127.0
2023-08-10,1030.0,1036.550048828125,1001.9500122070312,1006.7000122070312,1001.7518920898438,157119.0
2023-08-11,1010.0,1026.0,1010.0,1015.5999755859376,1010.6080932617188,136132.0
2023-08-14,1014.0,1014.1500244140624,1001.0,1008.2999877929688,1003.343994140625,114354.0
2023-08-16,1010.0,1023.9500122070312,1000.0,1005.0999755859376,1000.1597290039062,99839.0
2023-08-17,1005.0,1033.550048828125,1002.0,1018.5999755859376,1013.59326171875,146337.0
2023-08-18,1018.5999755859376,1022.4000244140624,992.0999755859376,1000.0999755859376,995.1842651367188,77259.0
2023-08-21,1000.0,1007.4500122070312,963.3499755859376,977.4000244140624,972.5958251953124,229577.0
2023-08-22,979.8499755859376,997.0,979.8499755859376,994.7000122070312,989.8108520507812,119192.0
2023-08-23,999.7999877929688,1022.0,999.75,1013.8499755859376,1008.8666381835938,105506.0
2023-08-24,1019.2000122070312,1024.1500244140625,981.0,984.2000122070312,979.3624267578124,191294.0
2023-08-25,984.2000122070312,1009.0,980.0,1005.25,1000.3089599609376,109325.0
2023-08-28,1011.1500244140624,1020.0,990.4500122070312,1014.8499755859376,1009.8617553710938,122286.0
2023-08-29,1021.0,1031.0,1011.0499877929688,1029.9000244140625,1024.837890625,156803.0
2023-08-30,1034.0,1046.0,1010.0499877929688,1040.6500244140625,1035.5350341796875,202561.0
2023-08-31,1045.0,1047.75,1017.0,1028.5,1023.4446411132812,185596.0
2023-09-01,1030.4000244140625,1077.5,1029.75,1072.050048828125,1066.78076171875,292271.0
2023-09-04,1075.449951171875,1089.9000244140625,1047.3499755859375,1051.050048828125,1045.8837890625,266783.0
2023-09-05,1056.5,1140.0,1055.050048828125,1114.949951171875,1109.4697265625,1046608.0
2023-09-06,1114.949951171875,1114.949951171875,1080.8499755859375,1088.449951171875,1083.10009765625,287269.0
2023-09-07,1092.5,1109.699951171875,1068.050048828125,1076.9000244140625,1071.60693359375,296130.0
2023-09-08,1077.5,1095.0,1077.5,1082.699951171875,1077.378173828125,105643.0
2023-09-11,1087.3499755859375,1094.4000244140625,1060.550048828125,1066.0999755859375,1060.85986328125,86020.0
2023-09-12,1070.0,1070.4000244140625,995.5999755859376,1008.1500244140624,1003.1947631835938,301422.0
2023-09-13,1018.9000244140624,1055.199951171875,998.4000244140624,1047.8499755859375,1042.6995849609375,243613.0
2023-09-14,1068.8499755859375,1106.550048828125,1060.4000244140625,1066.0,1060.760498046875,387675.0
2023-09-15,1075.0,1099.0,1067.550048828125,1091.949951171875,1086.582763671875,185098.0
2023-09-18,1095.0,1098.800048828125,1041.0999755859375,1046.5999755859375,1041.4556884765625,139861.0
2023-09-20,1050.699951171875,1050.699951171875,1017.3499755859376,1026.8499755859375,1021.8027954101562,102762.0
2023-09-21,1027.4000244140625,1034.6500244140625,1007.3499755859376,1016.9000244140624,1011.9017333984376,97797.0
2023-09-22,1026.4000244140625,1109.9000244140625,1011.25,1086.5,1081.1595458984375,1346461.0
2023-09-25,1086.0,1099.0999755859375,1063.25,1085.75,1080.413330078125,222355.0
2023-09-26,1118.0,1134.800048828125,1065.0,1071.0,1065.73583984375,796762.0
2023-09-27,1085.0,1124.0,1071.0,1078.6500244140625,1073.3482666015625,1013644.0
2023-09-28,1078.0,1094.300048828125,1071.0,1080.5999755859375,1075.28857421875,335745.0
2023-09-29,1081.9000244140625,1125.9000244140625,1081.9000244140625,1117.050048828125,1111.5594482421875,576780.0
2023-10-03,1125.550048828125,1125.550048828125,1090.0,1113.449951171875,1107.97705078125,361163.0
2023-10-04,1110.0,1124.8499755859375,1066.5999755859375,1071.699951171875,1066.432373046875,391594.0
2023-10-05,1087.800048828125,1088.0,1062.050048828125,1074.75,1069.46728515625,274584.0
2023-10-06,1074.75,1134.449951171875,1068.1500244140625,1123.75,1118.2265625,526823.0
2023-10-09,1107.4000244140625,1139.9000244140625,1091.8499755859375,1099.0,1093.59814453125,537074.0
2023-10-10,1109.0,1177.0,1100.0999755859375,1146.949951171875,1141.3123779296875,1474472.0
2023-10-11,1156.9000244140625,1181.4000244140625,1145.4000244140625,1172.699951171875,1166.935791015625,565468.0
2023-10-12,1161.0,1184.800048828125,1161.0,1179.3499755859375,1173.55322265625,243477.0
2023-10-13,1175.050048828125,1194.9000244140625,1152.5999755859375,1185.0999755859375,1179.27490234375,331858.0
2023-10-16,1172.0999755859375,1191.199951171875,1172.0999755859375,1186.9000244140625,1181.066162109375,98136.0
2023-10-17,1191.0,1206.0,1176.449951171875,1195.050048828125,1189.1761474609375,339743.0
2023-10-18,1195.050048828125,1223.1500244140625,1171.699951171875,1186.4000244140625,1180.5687255859375,1564153.0
2023-10-19,1176.0,1184.4000244140625,1141.0,1157.75,1152.0594482421875,447546.0
2023-10-20,1151.800048828125,1156.75,1051.0,1084.050048828125,1078.7216796875,1329225.0
2023-10-23,1115.0,1115.0,1056.0999755859375,1061.8499755859375,1056.6307373046875,433852.0
2023-10-25,1055.0,1086.300048828125,1046.449951171875,1080.199951171875,1074.8905029296875,281374.0
2023-10-26,1076.0,1090.5,1050.5,1081.5,1076.1842041015625,184731.0
2023-10-27,1093.5999755859375,1101.0,1082.550048828125,1098.5,1093.1007080078125,107998.0
2023-10-30,1098.5,1121.0,1079.449951171875,1094.300048828125,1088.9212646484375,207775.0
2023-10-31,1098.9000244140625,1100.0999755859375,1073.5999755859375,1082.800048828125,1077.477783203125,114763.0
2023-11-01,1084.9000244140625,1086.199951171875,1067.300048828125,1079.699951171875,1074.3929443359375,83143.0
2023-11-02,1080.050048828125,1095.0,1080.050048828125,1092.5,1087.130126953125,82925.0
2023-11-03,1095.0999755859375,1105.0,1066.0999755859375,1072.050048828125,1066.78076171875,134824.0
2023-11-06,1086.6500244140625,1099.5,1076.449951171875,1095.550048828125,1090.165283203125,133250.0
2023-11-07,1090.0,1145.0,1088.0,1137.050048828125,1131.461181640625,203581.0
2023-11-08,1138.0,1174.0,1138.0,1162.0999755859375,1156.387939453125,184620.0
2023-11-09,1160.0,1173.449951171875,1149.5999755859375,1169.300048828125,1163.552734375,144539.0
2023-11-10,1160.699951171875,1173.449951171875,1155.050048828125,1171.3499755859375,1165.592529296875,98355.0
2023-11-13,1190.0,1213.449951171875,1185.0,1204.199951171875,1198.2811279296875,205145.0
2023-11-15,1200.050048828125,1249.9000244140625,1200.050048828125,1235.0999755859375,1229.0291748046875,377974.0
2023-11-16,1242.0,1243.9000244140625,1225.800048828125,1235.0999755859375,1229.0291748046875,80032.0
2023-11-17,1239.9000244140625,1247.5,1225.0,1228.5,1222.461669921875,200210.0
2023-11-20,1234.949951171875,1244.800048828125,1222.5,1227.3499755859375,1221.3172607421875,94267.0
2023-11-21,1236.0,1249.0,1225.050048828125,1242.949951171875,1236.840576171875,273932.0
2023-11-22,1249.9000244140625,1255.0,1231.0999755859375,1232.6500244140625,1226.5911865234375,203256.0
2023-11-23,1234.050048828125,1241.949951171875,1190.949951171875,1195.75,1189.8726806640625,91973.0
2023-11-24,1204.0,1204.300048828125,1178.0,1181.449951171875,1175.642822265625,86950.0
2023-11-28,1189.0,1244.949951171875,1178.0,1233.5999755859375,1227.5364990234375,298606.0
2023-11-29,1243.9000244140625,1257.0,1222.300048828125,1249.0999755859375,1242.9603271484375,260256.0
2023-11-30,1249.0999755859375,1274.6500244140625,1237.550048828125,1263.75,1257.538330078125,143453.0
2023-12-01,1260.0,1296.0,1258.0,1277.550048828125,1271.2705078125,194108.0
2023-12-04,1291.050048828125,1327.8499755859375,1282.199951171875,1322.699951171875,1316.1986083984375,279615.0
2023-12-05,1322.0,1355.0,1302.050048828125,1330.550048828125,1324.010009765625,210846.0
2023-12-06,1330.6500244140625,1339.949951171875,1296.550048828125,1313.949951171875,1307.4915771484375,76488.0
2023-12-07,1322.25,1337.9000244140625,1305.199951171875,1331.8499755859375,1325.3037109375,100767.0
2023-12-08,1340.0,1363.1500244140625,1290.6500244140625,1304.9000244140625,1298.4862060546875,269198.0
2023-12-11,1320.4000244140625,1320.4000244140625,1267.550048828125,1290.949951171875,1284.6046142578125,160469.0
2023-12-12,1295.0,1308.699951171875,1280.4000244140625,1289.0999755859375,1282.7637939453125,65592.0
2023-12-13,1299.0,1300.199951171875,1280.4000244140625,1289.4000244140625,1283.062255859375,43764.0
2023-12-14,1300.0999755859375,1310.800048828125,1220.199951171875,1243.550048828125,1237.437744140625,305027.0
2023-12-15,1242.75,1260.300048828125,1218.0,1221.1500244140625,1215.1478271484375,217225.0
2023-12-18,1228.0,1238.8499755859375,1202.5999755859375,1206.1500244140625,1200.2215576171875,151063.0
2023-12-19,1206.1500244140625,1237.699951171875,1192.5999755859375,1222.449951171875,1216.4412841796875,311496.0
2023-12-20,1227.9000244140625,1258.5,1201.300048828125,1208.550048828125,1202.6097412109375,273985.0
2023-12-21,1205.0,1245.0,1185.449951171875,1238.9000244140625,1232.810546875,115388.0
2023-12-22,1246.0999755859375,1254.4000244140625,1214.0,1229.4000244140625,1223.3572998046875,73229.0
2023-12-26,1236.3499755859375,1236.3499755859375,1214.949951171875,1221.0999755859375,1215.0980224609375,55365.0
2023-12-27,1228.5999755859375,1241.0,1208.8499755859375,1230.75,1224.7005615234375,84484.0
2023-12-28,1218.0,1238.949951171875,1218.0,1222.050048828125,1216.04345703125,73455.0
2023-12-29,1222.050048828125,1230.449951171875,1205.0,1222.550048828125,1216.5408935546875,98090.0
2024-01-01,1231.25,1286.8499755859375,1209.5999755859375,1280.0,1273.70849609375,479572.0
2024-01-02,1284.949951171875,1294.449951171875,1250.050048828125,1265.800048828125,1259.578369140625,110510.0
2024-01-03,1263.699951171875,1269.6500244140625,1231.5,1246.050048828125,1239.9254150390625,140583.0
2024-01-04,1257.6500244140625,1425.0,1212.199951171875,1398.25,1391.377197265625,2495732.0
2024-01-05,1399.0,1500.0,1373.0999755859375,1413.1500244140625,1406.2039794921875,2544114.0
2024-01-08,1431.0,1513.8499755859375,1420.5,1497.0999755859375,1489.7413330078125,1398311.0
2024-01-09,1518.9000244140625,1559.800048828125,1517.0,1540.199951171875,1532.6295166015625,837932.0
2024-01-10,1535.0,1598.9000244140625,1497.5999755859375,1587.0,1579.1995849609375,855329.0
2024-01-11,1576.0,1588.0,1525.050048828125,1546.5,1538.8985595703125,785777.0
2024-01-12,1545.0,1553.5,1475.0,1492.699951171875,1485.363037109375,288293.0
2024-01-15,1492.0,1519.9000244140625,1430.0999755859375,1449.6500244140625,1442.524658203125,261739.0
2024-01-16,1448.6500244140625,1475.0,1423.800048828125,1434.0,1426.9515380859375,204269.0
2024-01-17,1400.0999755859375,1424.949951171875,1385.5,1398.050048828125,1391.1783447265625,138407.0
2024-01-18,1398.949951171875,1414.550048828125,1365.0,1388.949951171875,1382.1229248046875,148501.0
2024-01-19,1402.0,1443.5,1375.0999755859375,1400.8499755859375,1393.9644775390625,249645.0
2024-01-23,1405.0,1405.0,1359.0999755859375,1373.300048828125,1366.550048828125,150594.0
2024-01-24,1360.0,1369.4000244140625,1324.0,1353.6500244140625,1346.99658203125,267320.0
2024-01-25,1359.0999755859375,1382.949951171875,1340.050048828125,1345.300048828125,1338.6876220703125,481311.0
2024-01-29,1350.0,1429.0,1350.0,1418.25,1411.2789306640625,273861.0
2024-01-30,1418.050048828125,1425.0,1383.0,1388.300048828125,1381.4761962890625,102225.0
2024-01-31,1390.0,1445.0,1385.050048828125,1425.949951171875,1418.941162109375,395897.0
2024-02-01,1425.0,1543.0,1416.9000244140625,1515.800048828125,1508.349609375,567871.0
2024-02-02,1526.5999755859375,1590.0,1491.8499755859375,1547.25,1539.6448974609375,1195279.0
2024-02-05,1587.0,1587.0,1470.199951171875,1481.3499755859375,1474.0687255859375,264714.0
2024-02-06,1484.800048828125,1516.699951171875,1476.0999755859375,1495.0,1487.6517333984375,106247.0
2024-02-07,1495.0,1534.5999755859375,1439.25,1450.550048828125,1443.4202880859375,236467.0
2024-02-08,1458.4000244140625,1487.0999755859375,1428.6500244140625,1450.6500244140625,1443.5198974609375,115632.0
2024-02-09,1463.5999755859375,1469.1500244140625,1401.0,1430.8499755859375,1423.8170166015625,146439.0
2024-02-12,1435.050048828125,1437.949951171875,1360.0,1375.1500244140625,1368.390869140625,135304.0
2024-02-13,1390.0,1396.0999755859375,1326.0999755859375,1355.949951171875,1349.28515625,221878.0
2024-02-14,1349.949951171875,1438.0,1330.050048828125,1429.6500244140625,1422.623046875,165391.0
2024-02-15,1438.0,1445.1500244140625,1421.050048828125,1428.8499755859375,1421.826904296875,77449.0
2024-02-16,1440.0,1454.949951171875,1410.0,1415.1500244140625,1408.1942138671875,82309.0
2024-02-19,1430.0,1476.5,1402.1500244140625,1458.0999755859375,1450.93310546875,149748.0
2024-02-20,1465.0,1478.199951171875,1441.4000244140625,1459.300048828125,1452.1273193359375,91215.0
2024-02-21,1464.3499755859375,1485.0,1431.5,1437.0999755859375,1430.0362548828125,127958.0
2024-02-22,1448.550048828125,1456.199951171875,1412.0,1423.0999755859375,1416.1051025390625,179417.0
2024-02-23,1440.0,1447.25,1414.199951171875,1432.800048828125,1425.757568359375,60264.0
2024-02-26,1432.800048828125,1507.9000244140625,1427.0,1491.5999755859375,1484.2684326171875,511407.0
2024-02-27,1491.5999755859375,1499.0,1443.0,1480.199951171875,1472.924560546875,171311.0
2024-02-28,1498.9000244140625,1498.9000244140625,1420.1500244140625,1450.3499755859375,1443.22119140625,222312.0
2024-02-29,1445.199951171875,1445.25,1403.0,1411.050048828125,1404.1143798828125,208114.0
2024-03-01,1420.050048828125,1474.949951171875,1419.800048828125,1464.75,1457.5504150390625,135126.0
2024-03-04,1465.3499755859375,1467.199951171875,1434.949951171875,1458.6500244140625,1451.48046875,95275.0
2024-03-05,1460.0,1496.0,1450.050048828125,1472.949951171875,1465.7100830078125,202805.0
2024-03-06,1473.5,1482.800048828125,1392.199951171875,1437.1500244140625,1430.0860595703125,181457.0
2024-03-07,1450.1500244140625,1547.75,1441.0,1530.25,1522.7283935546875,770305.0
2024-03-11,1500.0,1537.0,1461.0,1468.0999755859375,1460.884033203125,358820.0
2024-03-12,1474.949951171875,1480.5999755859375,1415.4000244140625,1433.300048828125,1426.2550048828125,220430.0
2024-03-13,1439.699951171875,1451.0,1283.699951171875,1344.550048828125,1337.9412841796875,441785.0
2024-03-14,1344.800048828125,1448.699951171875,1340.75,1437.0999755859375,1430.0362548828125,255607.0
2024-03-15,1419.0,1425.0,1384.1500244140625,1418.300048828125,1411.3287353515625,197853.0
2024-03-18,1422.949951171875,1428.25,1395.0,1415.050048828125,1408.0947265625,80627.0
2024-03-19,1422.199951171875,1434.0,1387.050048828125,1400.1500244140625,1393.2679443359375,84906.0
2024-03-20,1404.1500244140625,1430.949951171875,1384.949951171875,1424.3499755859375,1417.3489990234375,85154.0
2024-03-21,1406.1500244140625,1465.0,1406.1500244140625,1457.050048828125,1449.888427734375,109970.0
2024-03-22,1465.0,1487.0,1449.9000244140625,1459.300048828125,1452.1273193359375,156722.0
2024-03-26,1455.0,1474.699951171875,1436.4000244140625,1444.5,1437.4000244140625,112680.0
2024-03-27,1441.5999755859375,1510.0,1388.050048828125,1505.949951171875,1498.5479736328125,381940.0
2024-03-28,1519.9000244140625,1684.9000244140625,1494.5,1629.9000244140625,1621.888671875,3549159.0
2024-04-01,1660.0,1724.5,1630.1500244140625,1711.25,1702.8387451171875,669978.0
2024-04-02,1699.050048828125,1725.300048828125,1660.0,1675.300048828125,1667.0655517578125,443694.0
2024-04-03,1690.0,1699.0,1661.050048828125,1674.949951171875,1666.7171630859375,215722.0
2024-04-04,1686.449951171875,1695.0,1654.0,1674.0999755859375,1665.871337890625,186325.0
2024-04-05,1674.75,1683.949951171875,1661.800048828125,1669.800048828125,1661.5926513671875,116761.0
2024-04-08,1675.0,1774.9000244140625,1675.0,1742.4000244140625,1733.8358154296875,1076822.0
2024-04-09,1740.0,1849.9000244140625,1739.550048828125,1831.800048828125,1822.7962646484373,1214306.0
2024-04-10,1825.8499755859373,1891.9000244140625,1789.199951171875,1840.75,1831.702392578125,654854.0
2024-04-12,1840.050048828125,1842.0,1785.300048828125,1797.6500244140625,1788.8140869140625,226558.0
2024-04-15,1767.3499755859375,1775.050048828125,1693.9000244140625,1746.5,1737.91552734375,227252.0
2024-04-16,1735.0,1804.699951171875,1724.0999755859375,1772.9000244140625,1764.185791015625,204929.0
2024-04-18,1781.0,1835.9000244140625,1745.800048828125,1806.699951171875,1797.8197021484375,330252.0
2024-04-19,1805.0,1859.949951171875,1750.0,1849.5,1840.4093017578125,345043.0
2024-04-22,1859.0,1942.25,1844.0,1875.0,1865.783935546875,631769.0
2024-04-23,1875.0,1930.199951171875,1867.0,1918.75,1909.3189697265625,310958.0
2024-04-24,1924.8499755859373,1939.0,1850.050048828125,1865.050048828125,1855.8829345703125,257364.0
2024-04-25,1878.949951171875,1987.8499755859373,1861.550048828125,1924.25,1914.7918701171875,949916.0
2024-04-26,1920.0,2006.050048828125,1911.0,1997.300048828125,1987.4827880859373,860919.0
2024-04-29,2018.550048828125,2032.949951171875,1984.8499755859373,1999.5,1989.6719970703125,893152.0
2024-04-30,2006.5,2020.449951171875,1986.050048828125,1997.1500244140625,1987.33349609375,397474.0
2024-05-02,2006.050048828125,2055.449951171875,1997.800048828125,2009.6500244140625,1999.772216796875,749384.0
2024-05-03,2020.0,2033.949951171875,1921.0,1964.25,1954.5953369140625,348339.0
2024-05-06,1965.300048828125,1999.0,1922.800048828125,1932.0,1922.5037841796875,244839.0
2024-05-07,1935.0,2029.949951171875,1806.0,1843.300048828125,1834.2398681640625,1688131.0
2024-05-08,1857.0,2059.949951171875,1851.0,1981.8499755859373,1972.1087646484373,2669175.0
2024-05-09,1970.0,2031.8499755859373,1968.0,2000.5,1990.6671142578125,1077482.0
2024-05-10,1995.0,2022.8499755859373,1971.3499755859373,2000.550048828125,1990.716796875,381553.0
2024-05-13,2000.0,2000.199951171875,1892.550048828125,1963.449951171875,1953.7991943359373,287374.0
2024-05-14,1964.0,2021.0,1964.0,1996.699951171875,1986.8857421875,285548.0
2024-05-15,2006.199951171875,2125.0,1998.800048828125,2047.949951171875,2037.8837890625,1143986.0
2024-05-16,2065.0,2119.949951171875,2052.050048828125,2083.89990234375,2073.656982421875,343142.0
2024-05-17,2088.199951171875,2175.0,2067.0,2165.25,2154.607421875,492694.0
2024-05-21,2195.0,2204.85009765625,2142.0,2169.050048828125,2158.388671875,308493.0
2024-05-22,2181.949951171875,2189.699951171875,2122.0,2153.300048828125,2142.7158203125,179501.0
2024-05-23,2168.5,2170.10009765625,2047.800048828125,2135.949951171875,2125.451416015625,136750.0
2024-05-24,2137.75,2278.85009765625,2130.800048828125,2225.64990234375,2214.710205078125,615474.0
2024-05-27,2236.25,2236.64990234375,2152.0,2168.449951171875,2157.791748046875,188187.0
2024-05-28,2171.0,2188.949951171875,2111.050048828125,2159.35009765625,2148.736328125,173204.0
2024-05-29,2152.60009765625,2191.39990234375,2143.550048828125,2169.050048828125,2158.388671875,129836.0
2024-05-30,2134.60009765625,2164.60009765625,2050.0,2068.85009765625,2058.68115234375,232441.0
2024-05-31,2081.800048828125,2094.949951171875,2000.0999755859373,2019.050048828125,2009.1259765625,258531.0
2024-06-03,2065.0,2133.199951171875,2048.050048828125,2114.35009765625,2103.95751953125,270424.0
2024-06-04,2083.0,2089.550048828125,1691.5,1896.75,1887.427001953125,592556.0
2024-06-05,1857.0,1920.9000244140625,1774.949951171875,1842.300048828125,1833.2447509765625,755029.0
2024-06-06,1951.949951171875,2180.0,1917.0,2105.699951171875,2095.349853515625,1989926.0
2024-06-07,2046.4000244140625,2135.0,2032.050048828125,2120.85009765625,2110.42578125,386207.0
2024-06-10,2129.89990234375,2150.39990234375,2075.0,2090.300048828125,2080.02587890625,128266.0
2024-06-11,2082.300048828125,2141.0,2052.300048828125,2104.199951171875,2093.857421875,322855.0
2024-06-12,2110.0,2125.0,2075.0,2081.300048828125,2071.070068359375,102526.0
2024-06-13,2091.39990234375,2212.5,2085.300048828125,2181.199951171875,2170.478759765625,935624.0
2024-06-14,2197.60009765625,2289.0,2174.550048828125,2245.449951171875,2234.412841796875,502637.0
2024-06-18,2258.75,2396.60009765625,2236.0,2358.89990234375,2347.305419921875,836813.0
2024-06-19,2317.35009765625,2369.0,2270.0,2289.5,2278.24658203125,262321.0
2024-06-20,2295.0,2311.89990234375,2255.050048828125,2273.89990234375,2262.72314453125,174527.0
2024-06-21,2283.10009765625,2310.949951171875,2200.0,2217.800048828125,2206.899169921875,228826.0
2024-06-24,2221.550048828125,2347.300048828125,2191.60009765625,2329.5,2318.050048828125,771187.0
2024-06-25,2333.0,2357.949951171875,2277.25,2290.300048828125,2279.04296875,242890.0
2024-06-26,2302.89990234375,2325.0,2246.0,2270.89990234375,2259.738037109375,183851.0
2024-06-27,2273.85009765625,2299.75,2201.0,2275.35009765625,2264.166015625,201977.0
2024-06-28,2299.0,2338.75,2260.0,2315.449951171875,2304.06884765625,226696.0
2024-07-01,2251.10009765625,2328.550048828125,2251.10009765625,2303.199951171875,2291.879150390625,141441.0
2024-07-02,2290.0,2420.0,2290.0,2387.5,2375.764892578125,718325.0
2024-07-03,2405.0,2410.699951171875,2340.0,2351.050048828125,2339.494140625,126026.0
2024-07-04,2376.050048828125,2376.050048828125,2313.89990234375,2322.64990234375,2311.233642578125,123997.0
2024-07-05,2343.5,2360.0,2270.0,2280.60009765625,2269.390380859375,165249.0
2024-07-08,2279.0,2307.949951171875,2212.050048828125,2226.89990234375,2215.9541015625,173683.0
2024-07-09,2260.550048828125,2309.949951171875,2227.050048828125,2237.35009765625,2226.35302734375,211972.0
2024-07-10,2250.0,2289.39990234375,2160.0,2186.85009765625,2176.101318359375,585765.0
2024-07-11,2205.64990234375,2219.0,2150.10009765625,2187.699951171875,2181.935546875,194794.0
2024-07-12,2192.0,2214.85009765625,2130.0,2141.449951171875,2135.8076171875,123233.0
2024-07-15,2142.0,2173.199951171875,2095.199951171875,2101.449951171875,2095.912841796875,210387.0
2024-07-16,2147.0,2275.0,2111.35009765625,2218.5,2212.654541015625,2502119.0
2024-07-18,2218.0,2295.85009765625,2184.64990234375,2259.75,2253.7958984375,1076228.0
2024-07-19,2261.0,2265.14990234375,2173.0,2186.0,2180.239990234375,193090.0
2024-07-22,2186.0,2235.35009765625,2148.85009765625,2192.300048828125,2186.5234375,256620.0
2024-07-23,2200.550048828125,2215.0,2036.5999755859373,2188.949951171875,2183.182373046875,527133.0
2024-07-24,2188.800048828125,2319.949951171875,2177.050048828125,2286.699951171875,2280.6748046875,500957.0
2024-07-25,2257.25,2309.949951171875,2245.0,2300.75,2294.687744140625,214981.0
2024-07-26,2325.0,2382.85009765625,2310.0,2346.60009765625,2340.417236328125,395439.0
2024-07-29,2360.0,2418.050048828125,2306.10009765625,2337.800048828125,2331.64013671875,454673.0
2024-07-30,2361.0,2366.0,2315.050048828125,2351.10009765625,2344.9052734375,142444.0
2024-07-31,2355.0,2385.10009765625,2311.550048828125,2335.5,2329.346435546875,198134.0
2024-08-01,2345.0,2373.800048828125,2279.199951171875,2295.949951171875,2289.900390625,140097.0
2024-08-02,2289.949951171875,2289.949951171875,2240.5,2251.5,2245.567626953125,91136.0
2024-08-05,2205.0,2220.0,2133.89990234375,2167.64990234375,2161.9384765625,142343.0
2024-08-06,2160.0,2265.85009765625,2115.0,2137.5,2131.867919921875,225290.0
2024-08-07,2154.449951171875,2208.550048828125,2145.949951171875,2161.550048828125,2155.8544921875,144214.0
2024-08-08,2161.800048828125,2224.800048828125,2156.10009765625,2167.39990234375,2161.689208984375,164890.0
2024-08-09,2195.0,2220.550048828125,2179.85009765625,2190.949951171875,2185.177001953125,106381.0
2024-08-12,2196.949951171875,2229.0,2182.75,2206.800048828125,2200.9853515625,102390.0
2024-08-13,2233.800048828125,2233.800048828125,2191.35009765625,2200.949951171875,2195.15087890625,124207.0
2024-08-14,2215.0,2215.0,2090.0,2106.050048828125,2100.5009765625,189437.0
2024-08-16,2129.449951171875,2156.25,2110.10009765625,2130.699951171875,2125.085693359375,111516.0
2024-08-19,2132.0,2155.0,2114.35009765625,2133.0,2127.3798828125,75998.0
2024-08-20,2130.050048828125,2159.0,2121.35009765625,2151.60009765625,2145.930908203125,103209.0
2024-08-21,2145.0,2443.0,2145.0,2306.300048828125,2300.223388671875,3351740.0
2024-08-22,2319.0,2350.0,2282.0,2335.35009765625,2329.19677734375,418505.0
2024-08-23,2344.89990234375,2383.449951171875,2323.050048828125,2350.35009765625,2344.1572265625,752391.0
2024-08-26,2365.0,2449.949951171875,2325.10009765625,2376.35009765625,2370.0888671875,841375.0
2024-08-27,2376.35009765625,2525.0,2367.39990234375,2511.800048828125,2505.181640625,1733823.0
2024-08-28,2500.300048828125,2524.0,2456.39990234375,2492.25,2485.68310546875,472022.0
2024-08-29,2490.0,2491.14990234375,2411.0,2420.949951171875,2414.571044921875,200683.0
2024-08-30,2424.14990234375,2459.25,2371.0,2389.25,2382.95458984375,148094.0
2024-09-02,2435.0,2435.0,2295.0,2321.60009765625,2315.483154296875,357375.0
2024-09-03,2330.699951171875,2344.800048828125,2282.0,2292.449951171875,2286.40966796875,123233.0
2024-09-04,2290.0,2392.89990234375,2282.60009765625,2325.14990234375,2319.0234375,404053.0
2024-09-05,2360.949951171875,2449.0,2355.699951171875,2370.300048828125,2364.0546875,1199234.0
2024-09-06,2371.0,2429.89990234375,2344.75,2408.199951171875,2401.854736328125,347492.0
2024-09-09,2420.0,2432.199951171875,2326.35009765625,2355.0,2348.794921875,232416.0
2024-09-10,2374.10009765625,2530.0,2370.0,2484.949951171875,2478.40234375,1481966.0
2024-09-11,2498.39990234375,2689.0,2477.050048828125,2613.35009765625,2606.46435546875,3857717.0
2024-09-12,2615.949951171875,2824.949951171875,2570.0,2783.10009765625,2775.76708984375,2145914.0
2024-09-13,2783.10009765625,2925.0,2733.10009765625,2896.10009765625,2888.46923828125,1572695.0
2024-09-16,2891.39990234375,2936.449951171875,2813.199951171875,2860.85009765625,2853.31201171875,462309.0
2024-09-17,2864.949951171875,2873.89990234375,2775.050048828125,2787.949951171875,2780.60400390625,235369.0
2024-09-18,2780.199951171875,2791.449951171875,2698.699951171875,2715.5,2708.344970703125,213597.0
2024-09-19,2735.0,2844.5,2661.75,2790.75,2783.396728515625,350352.0
2024-09-20,2836.0,2900.0,2760.0,2776.199951171875,2768.885009765625,515162.0
2024-09-23,2805.0,2847.0,2760.5,2826.199951171875,2818.753173828125,248328.0
2024-09-24,2850.0,2888.0,2765.0,2772.199951171875,2764.895751953125,221379.0
2024-09-25,2770.050048828125,2798.89990234375,2730.0,2744.60009765625,2737.368408203125,158458.0
2024-09-26,2766.60009765625,2766.60009765625,2693.699951171875,2710.199951171875,2703.058837890625,156586.0
2024-09-27,2714.14990234375,2799.0,2710.0,2748.050048828125,2740.809326171875,270207.0
2024-09-30,2750.050048828125,2869.949951171875,2715.89990234375,2850.050048828125,2842.54052734375,566141.0
2024-10-01,2850.050048828125,2910.0,2845.0,2890.800048828125,2883.18310546875,506273.0
2024-10-03,2850.0,2898.0,2790.0,2850.0,2842.49072265625,190481.0
2024-10-04,2850.0,2852.0,2738.0,2751.550048828125,2744.300048828125,172880.0
2024-10-07,2764.89990234375,2885.0,2590.39990234375,2637.64990234375,2630.699951171875,604246.0
2024-10-08,2657.25,2725.0,2607.0,2685.800048828125,2678.723388671875,333629.0
2024-10-09,2705.0,2749.0,2697.300048828125,2714.050048828125,2706.89892578125,115737.0
2024-10-10,2729.0,2790.0,2668.699951171875,2686.550048828125,2679.471435546875,51017.0
2024-10-11,2695.0,2737.0,2658.0,2702.14990234375,2695.0302734375,60007.0
2024-10-14,2710.0,2780.0,2701.0,2731.800048828125,2724.60205078125,127294.0
2024-10-15,2748.0,2880.0,2737.14990234375,2858.39990234375,2850.868408203125,285167.0
2024-10-16,2910.0,2967.0,2880.050048828125,2924.949951171875,2917.2431640625,527500.0
2024-10-17,2928.050048828125,2964.0,2822.0,2856.0,2848.474853515625,137439.0
2024-10-18,2855.949951171875,3125.0,2780.64990234375,3052.800048828125,3044.756103515625,992436.0
2024-10-21,3049.949951171875,3140.0,2952.0,3030.5,3022.514892578125,455543.0
2024-10-22,3008.0,3009.0,2712.0,2737.5,2730.287109375,383325.0
2024-10-23,2737.5,2867.85009765625,2717.10009765625,2833.10009765625,2825.63525390625,445185.0
2024-10-24,2850.0,2861.35009765625,2750.0,2768.14990234375,2760.856201171875,79987.0
2024-10-25,2765.0,2774.5,2562.050048828125,2638.85009765625,2631.89697265625,229456.0
2024-10-28,2640.199951171875,2927.0,2600.10009765625,2746.300048828125,2739.06396484375,1140458.0
2024-10-29,2755.0,2773.949951171875,2700.89990234375,2735.60009765625,2728.39208984375,123557.0
2024-10-30,2750.0,2750.0,2675.0,2695.25,2688.1484375,117948.0
2024-10-31,2700.0,2794.0,2683.85009765625,2742.800048828125,2735.572998046875,222352.0
2024-11-01,2758.800048828125,2789.89990234375,2752.0,2768.050048828125,2760.756591796875,20759.0
2024-11-04,2760.75,2766.0,2685.0,2749.199951171875,2741.9560546875,138927.0
2024-11-05,2741.0,2819.0,2732.64990234375,2773.949951171875,2766.640869140625,148772.0
2024-11-06,2780.0,2925.0,2775.0,2887.5,2879.891845703125,298128.0
2024-11-07,2914.25,2917.75,2811.85009765625,2839.35009765625,2831.86865234375,92031.0
2024-11-08,2842.25,2847.550048828125,2765.10009765625,2784.949951171875,2777.612060546875,63261.0
2024-11-11,2788.0,2788.0,2700.0,2709.64990234375,2702.51025390625,95909.0
2024-11-12,2719.35009765625,2775.0,2685.0,2709.14990234375,2702.01171875,167595.0
2024-11-13,2695.0,2695.0,2511.0,2557.949951171875,2551.2099609375,262369.0
2024-11-14,2561.699951171875,2682.0,2561.699951171875,2599.449951171875,2592.600830078125,219481.0
2024-11-18,2650.0,2659.25,2528.199951171875,2546.85009765625,2540.1396484375,311356.0
2024-11-19,2580.39990234375,2630.0,2552.550048828125,2567.300048828125,2560.53564453125,91580.0
2024-11-21,2563.25,2588.050048828125,2516.0,2541.449951171875,2534.753662109375,93657.0
2024-11-22,2544.949951171875,2594.25,2523.199951171875,2554.550048828125,2547.8193359375,91915.0
2024-11-25,2591.050048828125,2685.0,2536.050048828125,2655.60009765625,2648.60302734375,307123.0
2024-11-26,2670.0,2674.800048828125,2590.550048828125,2599.449951171875,2592.600830078125,145739.0
2024-11-27,2604.949951171875,2817.0,2604.949951171875,2796.199951171875,2788.832275390625,584961.0
2024-11-28,2812.949951171875,2843.0,2717.35009765625,2733.050048828125,2725.8486328125,168347.0
2024-11-29,2734.550048828125,2799.949951171875,2697.050048828125,2752.800048828125,2745.546875,314721.0
2024-12-02,2750.0,2849.449951171875,2725.0,2840.60009765625,2833.115478515625,233340.0
2024-12-03,2846.5,2919.10009765625,2821.39990234375,2853.699951171875,2846.1806640625,228370.0
2024-12-04,2859.10009765625,2911.0,2835.0,2891.449951171875,2883.831298828125,194216.0
2024-12-05,2910.0,2980.0,2835.0,2853.25,2845.73193359375,133952.0
2024-12-06,2870.0,2891.0,2825.0,2848.10009765625,2840.595703125,65524.0
2024-12-09,2848.10009765625,2899.0,2815.0,2826.35009765625,2818.903076171875,73454.0
2024-12-10,2842.0,2853.949951171875,2790.050048828125,2801.64990234375,2794.267822265625,118852.0
2024-12-11,2813.800048828125,2846.550048828125,2761.0,2775.10009765625,2767.7880859375,103713.0
2024-12-12,2788.800048828125,2790.550048828125,2711.10009765625,2770.800048828125,2763.49951171875,77059.0
2024-12-13,2769.300048828125,2796.0,2712.050048828125,2751.5,2744.250244140625,103739.0
2024-12-16,2755.10009765625,2835.35009765625,2751.199951171875,2762.14990234375,2754.871826171875,133861.0
2024-12-17,2779.85009765625,2779.85009765625,2690.0,2713.10009765625,2705.951416015625,138422.0
2024-12-18,2750.300048828125,2797.60009765625,2680.050048828125,2686.550048828125,2679.471435546875,177570.0
2024-12-19,2650.0,2740.75,2628.5,2658.199951171875,2651.196044921875,218634.0
2024-12-20,2669.0,2706.60009765625,2606.60009765625,2628.39990234375,2621.474365234375,132788.0
2024-12-23,2628.949951171875,2652.60009765625,2555.0,2582.699951171875,2575.894775390625,302588.0
2024-12-24,2591.0,2605.050048828125,2520.89990234375,2544.5,2537.79541015625,209722.0
2024-12-26,2540.0,2553.949951171875,2491.0,2505.10009765625,2498.49951171875,108094.0
2024-12-27,2510.0,2537.0,2490.0,2503.550048828125,2496.95361328125,138451.0
2024-12-30,2471.14990234375,2500.0,2450.10009765625,2477.10009765625,2470.5732421875,139684.0
2024-12-31,2470.60009765625,2519.0,2424.699951171875,2508.64990234375,2502.0400390625,134587.0
2025-01-01,2508.64990234375,2552.0,2507.0,2528.699951171875,2522.037109375,54148.0
2025-01-02,2530.449951171875,2551.10009765625,2450.050048828125,2465.5,2459.003662109375,105157.0
2025-01-03,2489.699951171875,2494.0,2369.050048828125,2384.75,2378.466552734375,123498.0
2025-01-06,2370.0,2370.0,2226.0,2244.699951171875,2238.785400390625,414077.0
2025-01-07,2272.0,2324.5,2234.050048828125,2311.699951171875,2305.60888671875,288430.0
2025-01-08,2289.949951171875,2289.949951171875,2205.0,2227.60009765625,2221.730712890625,303066.0
2025-01-09,2225.0,2240.0,2152.25,2167.10009765625,2161.39013671875,197209.0
2025-01-10,2170.0,2188.949951171875,2043.5999755859373,2072.35009765625,2066.889892578125,585143.0
2025-01-13,2063.14990234375,2063.14990234375,1878.199951171875,1895.199951171875,1890.2064208984373,559176.0
2025-01-14,1879.5999755859373,2023.800048828125,1879.25,2009.9000244140625,2004.604248046875,249424.0
2025-01-15,2020.050048828125,2035.300048828125,1942.6500244140625,1982.949951171875,1977.7252197265625,162457.0
2025-01-16,1989.949951171875,2099.0,1989.949951171875,2065.89990234375,2060.45654296875,238420.0
2025-01-17,2050.0,2091.75,2022.699951171875,2034.300048828125,2028.93994140625,92984.0
2025-01-20,2038.0,2043.9000244140625,1995.0,2036.0,2030.6353759765625,137332.0
2025-01-21,2036.5999755859373,2048.60009765625,1936.050048828125,1977.199951171875,1971.9903564453125,252447.0
2025-01-22,1967.5999755859373,1971.3499755859373,1798.25,1845.800048828125,1840.9366455078125,559257.0
2025-01-23,1832.1500244140625,1965.0,1832.1500244140625,1937.0,1931.896240234375,290215.0
2025-01-24,1940.0,1955.5999755859373,1846.5,1878.699951171875,1873.7498779296875,112899.0
2025-01-27,1880.0999755859373,1900.0,1809.949951171875,1860.449951171875,1855.5478515625,248349.0
2025-01-28,1869.800048828125,1926.449951171875,1802.800048828125,1903.449951171875,1898.4345703125,204411.0
2025-01-29,1905.0,1970.9000244140625,1886.1500244140625,1962.9000244140625,1957.72802734375,148464.0
2025-01-30,1962.9000244140625,1998.1500244140625,1947.5,1990.75,1985.504638671875,72669.0
2025-01-31,1991.050048828125,2172.60009765625,1975.550048828125,2153.35009765625,2147.67626953125,369305.0
2025-02-01,2175.0,2187.0,2063.0,2166.699951171875,2160.990966796875,113460.0
2025-02-03,2150.0,2150.0,2038.449951171875,2093.14990234375,2087.634765625,142926.0
2025-02-04,2110.14990234375,2229.0,2102.199951171875,2198.449951171875,2192.657470703125,292831.0
2025-02-05,2250.0,2288.85009765625,2177.0,2278.85009765625,2272.845703125,186975.0
2025-02-06,2288.0,2292.75,2240.0,2284.0,2277.98193359375,81008.0
2025-02-07,2276.0,2285.0,2223.64990234375,2250.10009765625,2244.17138671875,80549.0
2025-02-10,2250.39990234375,2285.0,2188.050048828125,2209.60009765625,2203.778076171875,105890.0
2025-02-11,2201.0,2205.14990234375,2097.60009765625,2103.60009765625,2098.057373046875,94633.0
2025-02-12,2113.0,2147.85009765625,2011.9000244140625,2134.050048828125,2128.427001953125,115772.0
2025-02-13,2115.0,2147.949951171875,2090.85009765625,2099.75,2094.217529296875,73392.0
2025-02-14,2100.14990234375,2118.25,1954.050048828125,2068.699951171875,2063.249267578125,81166.0
2025-02-17,2074.699951171875,2129.5,1999.5,2110.10009765625,2104.540283203125,133292.0
2025-02-18,2116.14990234375,2130.0,2011.449951171875,2064.550048828125,2059.110107421875,137370.0
2025-02-19,2034.0,2080.800048828125,2023.1500244140625,2042.300048828125,2036.9188232421875,94608.0
2025-02-20,2042.0,2058.550048828125,2012.0,2030.25,2024.9005126953125,97953.0
2025-02-21,2033.9000244140625,2099.0,2021.050048828125,2062.449951171875,2057.015625,170338.0
2025-02-24,2049.800048828125,2054.89990234375,1977.550048828125,1989.5,1984.2578125,191663.0
2025-02-25,1990.0,2003.949951171875,1880.0,1891.25,1886.266845703125,141919.0
2025-02-27,1891.25,1916.949951171875,1770.0,1847.0,1842.1334228515625,186589.0
2025-02-28,1808.0,1923.800048828125,1638.0,1863.0999755859373,1858.19091796875,1186573.0
2025-03-03,1882.0,2063.800048828125,1721.699951171875,1990.199951171875,1984.9559326171875,1303381.0
2025-03-04,1940.0,2014.0,1876.0,2001.0999755859373,1995.8272705078125,571844.0
2025-03-05,1974.8499755859373,2044.0,1967.1500244140625,1993.75,1988.4967041015625,235702.0
2025-03-06,2001.3499755859373,2010.0,1940.550048828125,1959.449951171875,1954.2869873046875,185508.0
2025-03-07,1962.0,2000.0,1947.1500244140625,1972.550048828125,1967.3526611328125,140812.0
2025-03-10,1970.050048828125,2015.0,1893.199951171875,1909.300048828125,1904.269287109375,131062.0
2025-03-11,1900.0,1926.9000244140625,1858.3499755859373,1894.449951171875,1889.458251953125,116275.0
2025-03-12,1888.1500244140625,1936.9000244140625,1790.5,1805.9000244140625,1801.1416015625,226250.0
2025-03-13,1823.949951171875,1842.25,1746.0,1775.300048828125,1770.622314453125,232115.0
2025-03-17,1779.949951171875,1808.75,1744.949951171875,1759.8499755859375,1755.2130126953125,180214.0
2025-03-18,1759.8499755859375,1759.8499755859375,1759.8499755859375,1759.8499755859375,1755.2130126953125,0.0
2025-03-19,1884.6500244140625,1949.8499755859373,1875.949951171875,1921.9000244140625,1916.8360595703125,291515.0
2025-03-20,1923.050048828125,1970.0,1896.25,1937.050048828125,1931.9461669921875,252783.0
2025-03-21,1939.75,2055.0,1939.75,2038.4000244140625,2033.029052734375,314341.0
2025-03-24,2060.0,2090.0,2042.050048828125,2051.5,2046.094482421875,161415.0
2025-03-25,2071.0,2082.300048828125,1955.050048828125,1969.4000244140625,1964.2109375,123500.0
2025-03-26,1951.5,2035.300048828125,1933.550048828125,1948.800048828125,1943.6651611328125,343686.0
2025-03-27,1960.0,1987.699951171875,1860.75,1879.3499755859373,1874.3980712890625,440340.0
2025-03-28,1903.5999755859373,2025.0,1870.0,1959.9000244140625,1954.7359619140625,431426.0
2025-04-01,2000.0,2036.75,1922.25,1970.1500244140625,1964.958984375,786441.0
2025-04-02,1960.0,1978.0,1937.75,1956.4000244140625,1951.2452392578125,139778.0
2025-04-03,1956.3499755859373,1978.6500244140625,1942.0,1954.9000244140625,1949.7491455078125,99822.0
2025-04-04,1953.050048828125,1956.75,1858.25,1898.5,1893.497802734375,176164.0
2025-04-07,1750.050048828125,1830.0,1710.0,1802.800048828125,1798.0499267578125,280274.0
2025-04-08,1869.949951171875,1869.949951171875,1782.8499755859375,1807.75,1802.98681640625,129369.0
2025-04-09,1787.949951171875,1790.0,1689.199951171875,1713.9000244140625,1709.3841552734375,239378.0
2025-04-11,1773.0,1801.449951171875,1725.0,1786.4000244140625,1781.693115234375,149271.0
2025-04-15,1805.0,1880.0,1791.0999755859375,1857.199951171875,1852.3065185546875,210694.0
2025-04-16,1869.0,1979.4000244140625,1868.800048828125,1894.800048828125,1889.8074951171875,635244.0
2025-04-17,1902.0999755859373,1905.800048828125,1870.0999755859373,1889.800048828125,1884.820556640625,109930.0
2025-04-21,1899.0,1925.0,1881.699951171875,1916.4000244140625,1911.3505859375,134327.0
2025-04-22,1925.0,1957.5999755859373,1908.9000244140625,1925.0999755859373,1920.027587890625,121720.0
2025-04-23,1940.0999755859373,2023.300048828125,1939.0999755859373,2014.800048828125,2009.4913330078125,372968.0
2025-04-24,2019.4000244140625,2026.800048828125,1954.0,1980.5999755859373,1975.38134765625,130364.0
2025-04-25,1980.0,1989.9000244140625,1871.0,1918.5999755859373,1913.544677734375,159750.0
2025-04-28,1901.0,1933.300048828125,1887.0999755859373,1897.5,1892.5003662109373,80704.0
2025-04-29,1912.199951171875,1953.0,1894.0,1940.800048828125,1935.686279296875,108442.0
2025-04-30,1940.0,1958.9000244140625,1893.300048828125,1917.699951171875,1912.6470947265625,143136.0
2025-05-02,1909.9000244140625,1921.300048828125,1885.0,1895.199951171875,1890.2064208984373,70141.0
2025-05-05,1900.0,1918.5999755859373,1882.0,1890.5999755859373,1885.6185302734373,73086.0
2025-05-06,1900.0,1919.300048828125,1861.0999755859373,1874.9000244140625,1869.9599609375,70160.0
2025-05-07,1842.199951171875,1902.800048828125,1842.199951171875,1894.0999755859373,1889.1092529296875,60806.0
2025-05-08,1892.199951171875,1912.800048828125,1876.0,1885.699951171875,1880.7314453125,48851.0
2025-05-09,1835.0,1865.5,1809.9000244140625,1833.199951171875,1828.3697509765625,75987.0
2025-05-12,1891.300048828125,1939.0,1891.0,1915.699951171875,1910.65234375,88129.0
2025-05-13,1921.300048828125,1945.0,1909.5999755859373,1933.4000244140625,1928.3056640625,46488.0
2025-05-14,1949.9000244140625,2048.300048828125,1934.5,2027.199951171875,2021.8585205078125,512252.0
2025-05-15,2012.0,2060.0,1981.800048828125,2051.39990234375,2045.994873046875,147496.0
2025-05-16,2051.300048828125,2160.0,2032.0,2145.300048828125,2139.6474609375,285218.0
2025-05-19,2150.5,2182.5,2114.0,2173.300048828125,2167.57373046875,169468.0
2025-05-20,2176.39990234375,2188.89990234375,2122.89990234375,2146.60009765625,2140.944091796875,95776.0
2025-05-21,2136.60009765625,2147.89990234375,2077.0,2089.60009765625,2084.09423828125,112343.0
2025-05-22,2097.699951171875,2121.0,2061.10009765625,2114.10009765625,2108.529541015625,64580.0
2025-05-23,2106.699951171875,2201.0,2087.60009765625,2169.800048828125,2164.0830078125,80518.0
2025-05-26,2169.800048828125,2208.300048828125,2158.0,2194.89990234375,2189.11669921875,98002.0
2025-05-27,2174.0,2240.0,2174.0,2225.5,2219.635986328125,80239.0
2025-05-28,2232.5,2263.0,2210.39990234375,2222.10009765625,2216.2451171875,171538.0
2025-05-29,2245.699951171875,2289.0,2244.699951171875,2261.39990234375,2255.44140625,113370.0
2025-05-30,2281.60009765625,2308.5,2131.5,2178.199951171875,2172.460693359375,173528.0
2025-06-02,2140.0,2213.0,2130.89990234375,2179.0,2173.258544921875,77872.0
2025-06-03,2148.199951171875,2189.0,2122.60009765625,2136.800048828125,2131.169921875,68534.0
2025-06-04,2145.800048828125,2154.800048828125,2109.10009765625,2137.5,2131.867919921875,68475.0
2025-06-05,2138.0,2192.800048828125,2138.0,2160.300048828125,2154.60791015625,90142.0
2025-06-06,2169.5,2457.89990234375,2160.0,2355.800048828125,2349.5927734375,2425159.0
2025-06-09,2323.0,2494.0,2280.10009765625,2460.39990234375,2453.9169921875,972179.0
2025-06-10,2484.0,2484.0,2425.0,2445.5,2439.056396484375,214046.0
2025-06-11,2415.199951171875,2490.0,2411.60009765625,2465.60009765625,2459.103515625,307668.0
2025-06-12,2456.0,2525.0,2433.699951171875,2453.89990234375,2447.43408203125,408565.0
2025-06-13,2400.0,2475.199951171875,2389.10009765625,2454.5,2448.03271484375,211671.0
2025-06-16,2445.60009765625,2519.89990234375,2403.800048828125,2502.10009765625,2495.50732421875,199567.0
2025-06-17,2499.0,2537.89990234375,2450.0,2470.39990234375,2463.890625,171867.0
2025-06-18,2474.0,2490.0,2422.5,2445.300048828125,2438.857177734375,118593.0
2025-06-19,2445.300048828125,2468.0,2390.0,2454.800048828125,2448.33203125,108186.0
2025-06-20,2454.800048828125,2467.199951171875,2377.5,2424.89990234375,2418.510498046875,244371.0
2025-06-23,2392.39990234375,2434.800048828125,2361.10009765625,2398.0,2391.681640625,161088.0
2025-06-24,2411.0,2440.60009765625,2405.0,2416.300048828125,2409.933349609375,81000.0
2025-06-25,2416.300048828125,2446.300048828125,2351.0,2358.5,2352.28564453125,99738.0
2025-06-26,2358.5,2378.10009765625,2321.5,2334.5,2328.348876953125,74240.0
2025-06-27,2344.0,2415.800048828125,2344.0,2397.60009765625,2391.28271484375,347815.0
2025-06-30,2397.60009765625,2442.0,2390.0,2435.800048828125,2429.3818359375,72279.0
2025-07-01,2435.800048828125,2460.5,2400.0,2410.89990234375,2404.547607421875,62710.0
2025-07-02,2411.0,2435.300048828125,2400.0,2402.199951171875,2395.87060546875,53243.0
2025-07-03,2400.0,2417.699951171875,2359.5,2365.699951171875,2359.466796875,87641.0
2025-07-04,2365.699951171875,2372.699951171875,2295.0,2301.699951171875,2295.63525390625,87529.0
2025-07-07,2301.699951171875,2369.39990234375,2263.60009765625,2275.800048828125,2269.8037109375,118147.0
2025-07-08,2275.800048828125,2294.0,2215.699951171875,2240.699951171875,2234.796142578125,101755.0
2025-07-09,2240.699951171875,2280.0,2207.300048828125,2215.800048828125,2209.961669921875,91183.0
2025-07-10,2215.800048828125,2244.199951171875,2180.0,2193.89990234375,2188.119140625,279876.0
2025-07-11,2190.10009765625,2226.39990234375,2180.800048828125,2200.89990234375,2195.100830078125,102924.0
2025-07-14,2201.0,2243.0,2190.199951171875,2231.60009765625,2225.72021484375,85595.0
2025-07-15,2252.0,2253.5,2218.5,2234.800048828125,2230.9111328125,61025.0
2025-07-16,2235.0,2237.0,2165.0,2179.5,2175.707275390625,203170.0
2025-07-17,2179.5,2202.800048828125,2151.0,2167.60009765625,2163.827880859375,165998.0
2025-07-18,2165.0,2180.699951171875,2101.10009765625,2122.800048828125,2119.10595703125,202562.0
2025-07-21,2122.800048828125,2165.5,2122.800048828125,2149.800048828125,2146.058837890625,123469.0
2025-07-22,2155.0,2182.0,2126.5,2136.800048828125,2133.08154296875,112012.0
2025-07-23,2137.5,2153.800048828125,1992.199951171875,2018.300048828125,2014.7877197265625,660397.0
2025-07-24,2017.0,2085.0,2014.699951171875,2032.0999755859373,2028.563720703125,234408.0
2025-07-25,2042.5999755859373,2050.5,1980.5,2011.4000244140625,2007.8997802734373,371389.0
2025-07-28,2011.4000244140625,2017.5999755859373,1925.9000244140625,1964.9000244140625,1961.480712890625,104943.0
2025-07-29,1958.9000244140625,1978.9000244140625,1935.0,1943.4000244140625,1940.01806640625,77901.0
2025-07-30,1952.0,1961.300048828125,1895.0,1906.699951171875,1903.3818359375,92880.0
2025-07-31,1890.0,1922.699951171875,1875.0,1884.699951171875,1881.420166015625,91635.0
2025-08-01,1884.699951171875,1915.5999755859373,1868.4000244140625,1896.9000244140625,1893.5989990234373,61998.0
2025-08-04,1910.5,1944.5,1882.5,1935.199951171875,1931.832275390625,97250.0
2025-08-05,1937.5999755859373,1947.5999755859373,1902.699951171875,1910.0,1906.6761474609373,39771.0
2025-08-06,1904.800048828125,1912.800048828125,1873.0,1896.199951171875,1892.900146484375,34284.0
2025-08-07,1872.0,1899.5,1847.699951171875,1873.9000244140625,1870.6390380859373,45345.0
2025-08-08,1873.9000244140625,1892.9000244140625,1848.300048828125,1865.9000244140625,1862.6529541015625,52421.0
2025-08-11,1865.0999755859373,1877.300048828125,1823.0999755859373,1854.199951171875,1850.9732666015625,99416.0
2025-08-12,1854.199951171875,1874.9000244140625,1813.0,1818.9000244140625,1815.7347412109373,81365.0
2025-08-13,1826.0,1835.5,1760.0,1766.0999755859375,1763.026611328125,157559.0
2025-08-14,1766.0,1808.300048828125,1755.0,1775.0999755859375,1772.0108642578125,88144.0
2025-08-18,1775.0999755859375,1875.0,1775.0999755859375,1838.5999755859373,1835.400390625,210695.0
2025-08-19,1851.199951171875,1894.9000244140625,1833.0,1854.5999755859373,1851.37255859375,93891.0
2025-08-20,1868.5,1868.5,1792.699951171875,1804.5,1801.3597412109375,262220.0
2025-08-21,1805.0,1889.0999755859373,1802.0,1808.199951171875,1805.0533447265625,209704.0
2025-08-22,1808.199951171875,1816.800048828125,1787.0,1796.300048828125,1793.174072265625,161822.0
2025-08-25,1804.9000244140625,1850.0,1803.0999755859373,1845.4000244140625,1842.1885986328125,102845.0
2025-08-26,1845.199951171875,1845.199951171875,1779.699951171875,1788.300048828125,1785.18798828125,104013.0
2025-08-28,1788.0,1819.0,1738.5999755859375,1747.199951171875,1744.159423828125,61407.0
2025-08-29,1754.4000244140625,1781.5,1735.0,1750.199951171875,1747.1541748046875,58801.0
2025-09-01,1767.5999755859375,1789.0,1745.199951171875,1777.199951171875,1774.107177734375,45334.0
2025-09-02,1788.699951171875,1859.0,1775.0,1821.300048828125,1818.130615234375,142965.0
2025-09-03,1825.0,1839.0,1807.300048828125,1818.9000244140625,1815.7347412109373,43614.0
2025-09-04,1838.0,1841.0,1801.199951171875,1817.300048828125,1814.1375732421875,71213.0
2025-09-05,1817.300048828125,1841.800048828125,1785.800048828125,1802.4000244140625,1799.263427734375,41084.0
2025-09-08,1806.0,1822.4000244140625,1771.0,1775.699951171875,1772.60986328125,63794.0
2025-09-09,1776.300048828125,1810.0,1774.9000244140625,1780.5,1777.4014892578125,92457.0
2025-09-10,1785.0,1813.0999755859373,1785.0,1793.5999755859375,1790.478759765625,50447.0
2025-09-11,1795.800048828125,1820.0,1780.800048828125,1787.699951171875,1784.5889892578125,55675.0
2025-09-12,1802.0,1829.9000244140625,1781.699951171875,1797.0999755859375,1793.97265625,36664.0
2025-09-15,1797.0999755859375,1875.5999755859373,1789.4000244140625,1866.199951171875,1862.952392578125,213203.0
2025-09-16,1875.5,1934.9000244140625,1870.300048828125,1922.199951171875,1918.8548583984373,202446.0
2025-09-17,1947.5,1948.800048828125,1910.0,1931.0999755859373,1927.739501953125,115873.0
2025-09-18,1939.0999755859373,1965.300048828125,1886.0,1903.5,1900.1875,106914.0
2025-09-19,1903.5,1932.9000244140625,1870.0999755859373,1886.699951171875,1883.4166259765625,120142.0
2025-09-22,1883.0999755859373,1918.0,1875.0,1893.699951171875,1890.404541015625,67386.0
2025-09-23,1895.0,1907.4000244140625,1820.0999755859373,1846.9000244140625,1843.68603515625,76095.0
2025-09-24,1847.0999755859373,1863.300048828125,1823.0,1845.0999755859373,1841.88916015625,65932.0
2025-09-25,1845.0999755859373,1845.0999755859373,1768.0,1781.300048828125,1778.2001953125,97309.0
2025-09-26,1785.4000244140625,1798.0,1730.0999755859375,1743.300048828125,1740.266357421875,71299.0
2025-09-29,1756.800048828125,1760.0,1655.300048828125,1669.199951171875,1666.295166015625,119680.0
2025-09-30,1684.5999755859375,1725.9000244140625,1673.199951171875,1689.4000244140625,1686.4600830078125,152008.0
2025-10-01,1696.0,1696.0,1637.0,1648.199951171875,1645.3316650390625,353448.0
2025-10-03,1659.5,1664.0,1611.300048828125,1619.199951171875,1616.3822021484375,393466.0
2025-10-06,1635.0999755859375,1635.0999755859375,1562.5999755859375,1568.699951171875,1565.9700927734375,366064.0
2025-10-07,1574.5999755859375,1640.0,1574.5999755859375,1614.5999755859375,1611.7901611328125,805455.0
2025-10-08,1622.9000244140625,1629.0,1595.0,1609.800048828125,1606.9986572265625,150746.0
2025-10-09,1609.800048828125,1638.9000244140625,1581.5999755859375,1610.0999755859375,1607.298095703125,252000.0
2025-10-10,1610.0999755859375,1645.5999755859375,1602.300048828125,1627.699951171875,1624.867431640625,188908.0
2025-10-13,1627.699951171875,1631.699951171875,1600.0,1616.300048828125,1613.4873046875,100249.0
2025-10-14,1615.0,1622.300048828125,1588.0,1615.199951171875,1612.38916015625,154288.0
2025-10-15,1615.0,1724.9000244140625,1610.0999755859375,1644.199951171875,1641.3387451171875,990286.0
2025-10-16,1644.199951171875,1655.300048828125,1621.800048828125,1632.0999755859375,1629.259765625,133394.0
2025-10-17,1632.0999755859375,1641.0,1623.699951171875,1632.5999755859375,1629.7589111328125,73899.0
2025-10-20,1627.0,1648.300048828125,1622.0,1632.0,1629.159912109375,183075.0
2025-10-21,1643.0,1655.0,1632.0,1643.199951171875,1640.3404541015625,17302.0
2025-10-23,1646.300048828125,1699.0,1632.0,1685.199951171875,1682.267333984375,217291.0
2025-10-24,1685.199951171875,1695.300048828125,1654.5999755859375,1682.4000244140625,1679.4722900390625,246471.0
2025-10-27,1694.800048828125,1763.9000244140625,1686.4000244140625,1755.199951171875,1752.1455078125,290897.0
2025-10-28,1755.199951171875,1764.800048828125,1640.5999755859375,1694.5999755859375,1691.6510009765625,471520.0
2025-10-29,1695.0,1840.0,1678.0,1817.800048828125,1814.63671875,911743.0
2025-10-30,1808.9000244140625,1898.699951171875,1793.199951171875,1890.4000244140625,1887.1103515625,632290.0
2025-10-31,1880.0,1898.9000244140625,1840.199951171875,1876.699951171875,1873.43408203125,244144.0
2025-11-03,1876.699951171875,1914.0,1862.0999755859373,1875.0,1871.737060546875,111786.0
2025-11-04,1875.0,1887.300048828125,1838.0,1858.0999755859373,1854.866455078125,83794.0
2025-11-06,1858.0999755859373,1858.0999755859373,1795.0,1810.0,1806.8502197265625,91012.0
2025-11-07,1810.0,1810.4000244140625,1761.5999755859375,1769.300048828125,1766.2210693359375,50385.0
2025-11-10,1769.300048828125,1790.0,1722.300048828125,1735.699951171875,1732.679443359375,132044.0
2025-11-11,1735.699951171875,1759.0,1722.199951171875,1753.199951171875,1750.1490478515625,62717.0
2025-11-12,1753.199951171875,1798.199951171875,1753.0999755859375,1776.4000244140625,1773.3087158203125,94675.0
2025-11-13,1776.4000244140625,1817.5999755859373,1737.0,1745.800048828125,1742.761962890625,93294.0
2025-11-14,1745.800048828125,1763.0,1735.0,1744.5999755859375,1741.56396484375,56057.0
2025-11-17,1744.5999755859375,1763.9000244140625,1724.0,1752.9000244140625,1749.849609375,98124.0
2025-11-18,1752.9000244140625,1758.9000244140625,1721.0999755859375,1748.699951171875,1745.6568603515625,148264.0
2025-11-19,1750.0,1833.0999755859373,1731.300048828125,1805.300048828125,1802.158447265625,470265.0
2025-11-20,1805.9000244140625,1817.800048828125,1769.5,1776.0999755859375,1773.0091552734375,103303.0
2025-11-21,1773.5999755859375,1779.9000244140625,1731.699951171875,1741.5,1738.4693603515625,70848.0
2025-11-24,1736.0,1747.9000244140625,1703.5,1716.199951171875,1713.21337890625,206792.0
2025-11-25,1715.800048828125,1766.699951171875,1707.0,1733.699951171875,1730.6829833984375,135667.0
2025-11-26,1735.0,1779.5,1731.5999755859375,1773.300048828125,1770.214111328125,90746.0
2025-11-27,1766.0,1787.0,1740.0,1745.800048828125,1742.761962890625,121462.0
2025-11-28,1745.800048828125,1793.699951171875,1736.0,1773.5999755859375,1770.5135498046875,275976.0
2025-12-01,1774.9000244140625,1778.5,1745.5,1769.800048828125,1766.72021484375,102393.0
2025-12-02,1769.800048828125,1789.300048828125,1740.199951171875,1747.699951171875,1744.6585693359375,74276.0
2025-12-03,1747.699951171875,1785.0,1723.0,1767.9000244140625,1764.823486328125,64329.0
2025-12-04,1767.9000244140625,1808.300048828125,1750.0999755859375,1777.0,1773.9075927734375,261079.0
2025-12-05,1778.199951171875,1839.0,1693.0,1750.300048828125,1747.254150390625,955662.0
2025-12-08,1755.0,1755.0,1644.0,1657.5,1654.6156005859375,448565.0
2025-12-09,1659.9000244140625,1662.5999755859375,1610.0,1632.0999755859375,1629.259765625,713344.0
2025-12-10,1635.800048828125,1669.9000244140625,1625.0,1653.699951171875,1650.8221435546875,154444.0
2025-12-11,1653.300048828125,1669.0,1638.0,1656.300048828125,1653.417724609375,70181.0
2025-12-12,1656.300048828125,1679.0,1650.0,1674.0,1671.0869140625,102077.0
2025-12-15,1674.0,1734.0,1664.4000244140625,1721.5,1718.5042724609375,142641.0
2025-12-16,1701.0999755859375,1723.0,1680.0,1700.4000244140625,1697.44091796875,153360.0
2025-12-17,1711.199951171875,1762.300048828125,1705.199951171875,1746.300048828125,1743.2611083984375,376292.0
2025-12-18,1746.300048828125,1746.5999755859375,1701.300048828125,1718.0999755859375,1715.110107421875,96178.0
2025-12-19,1750.0,1769.0,1718.9000244140625,1738.699951171875,1735.6741943359375,133661.0
2025-12-22,1749.0,1756.0,1742.0,1744.0,1740.965087890625,43567.0
2025-12-23,1744.0,1750.5,1717.0,1722.199951171875,1719.2030029296875,68321.0
2025-12-24,1716.800048828125,1743.0,1691.199951171875,1697.800048828125,1694.845458984375,79125.0
2025-12-26,1704.5,1715.0,1675.0,1681.5999755859375,1678.673583984375,39912.0
2025-12-29,1675.0,1686.9000244140625,1645.0999755859375,1650.5999755859375,1647.7275390625,60294.0
2025-12-30,1645.0999755859375,1650.0,1612.4000244140625,1634.800048828125,1631.9552001953125,144074.0
2025-12-31,1634.800048828125,1683.9000244140625,1630.5,1674.800048828125,1671.885498046875,94768.0
2026-01-01,1673.5,1687.0999755859375,1655.0,1680.5999755859375,1677.6754150390625,52535.0
2026-01-02,1677.5,1689.9000244140625,1660.0999755859375,1664.199951171875,1661.3038330078125,52111.0
2026-01-05,1665.4000244140625,1708.5999755859375,1665.4000244140625,1702.800048828125,1699.8367919921875,90289.0
2026-01-06,1702.0,1702.0,1661.699951171875,1668.0,1665.0972900390625,55925.0
2026-01-07,1668.0,1681.0999755859375,1650.0,1668.5999755859375,1665.6962890625,57391.0
2026-01-08,1662.5,1689.699951171875,1622.0,1633.800048828125,1630.9569091796875,64095.0
2026-01-09,1633.800048828125,1633.800048828125,1601.9000244140625,1621.0,1618.1790771484375,114315.0
2026-01-12,1617.0999755859375,1617.0999755859375,1526.9000244140625,1569.300048828125,1566.569091796875,583224.0
2026-01-13,1569.300048828125,1584.800048828125,1542.0,1551.9000244140625,1549.1993408203125,79001.0
2026-01-14,1551.9000244140625,1565.9000244140625,1530.0999755859375,1532.699951171875,1530.03271484375,87255.0
2026-01-15,1532.699951171875,1532.699951171875,1532.699951171875,1532.699951171875,1530.03271484375,0.0
2026-01-16,1535.199951171875,1562.9000244140625,1522.0,1529.699951171875,1527.0379638671875,105112.0
2026-01-19,1525.0,1526.5,1471.4000244140625,1481.0999755859375,1478.5225830078125,116147.0
2026-01-20,1475.0,1478.0999755859375,1359.199951171875,1373.0999755859375,1370.71044921875,446014.0
2026-01-21,1385.5999755859375,1390.9000244140625,1321.0,1347.0,1344.6558837890625,399544.0
2026-01-22,1347.0,1381.0,1333.5,1346.0,1343.65771484375,164494.0
2026-01-23,1362.699951171875,1362.699951171875,1280.0,1288.5999755859375,1286.3575439453125,240373.0
2026-01-27,1297.300048828125,1297.4000244140625,1256.0999755859375,1268.9000244140625,1266.69189453125,204131.0
2026-01-28,1268.9000244140625,1323.699951171875,1268.9000244140625,1305.800048828125,1303.5277099609375,225276.0
2026-01-29,1295.5,1329.0,1268.0999755859375,1283.699951171875,1281.466064453125,305662.0
2026-01-30,1280.0999755859375,1304.9000244140625,1231.0999755859375,1266.4000244140625,1264.1961669921875,274082.0
2026-02-02,1237.199951171875,1246.300048828125,1186.0,1195.4000244140625,1193.31982421875,342845.0
2026-02-03,1269.699951171875,1339.0,1211.0,1247.9000244140625,1245.7283935546875,841825.0
2026-02-04,1247.9000244140625,1274.0,1199.0,1218.800048828125,1216.6790771484375,430635.0
2026-02-05,1219.9000244140625,1314.4000244140625,1201.0999755859375,1303.5,1301.2315673828125,758147.0
2026-02-06,1302.9000244140625,1382.699951171875,1278.300048828125,1351.9000244140625,1349.5474853515625,641122.0
2026-02-09,1352.0,1457.4000244140625,1349.0999755859375,1426.5999755859375,1424.117431640625,418895.0
2026-02-10,1429.9000244140625,1475.0,1412.5,1462.300048828125,1459.75537109375,236166.0
2026-02-11,1456.0999755859375,1466.199951171875,1432.199951171875,1442.4000244140625,1439.889892578125,97003.0
2026-02-12,1446.300048828125,1460.0,1410.9000244140625,1415.199951171875,1412.7371826171875,62366.0
2026-02-13,1409.5999755859375,1413.0999755859375,1374.0999755859375,1386.800048828125,1384.38671875,77682.0
2026-02-16,1386.0999755859375,1409.0,1369.5999755859375,1386.0,1383.5880126953125,73007.0
2026-02-17,1386.0,1404.0,1376.699951171875,1387.0999755859375,1384.6861572265625,60113.0
2026-02-18,1389.800048828125,1400.4000244140625,1367.699951171875,1370.4000244140625,1368.0152587890625,67757.0
2026-02-19,1370.0999755859375,1372.4000244140625,1298.699951171875,1344.9000244140625,1342.5595703125,389169.0
2026-02-20,1335.0,1343.699951171875,1296.0,1300.9000244140625,1298.63623046875,110067.0
2026-02-23,1301.0,1317.5,1292.0999755859375,1304.5999755859375,1302.3297119140625,70262.0
2026-02-24,1294.699951171875,1297.4000244140625,1254.0999755859375,1267.800048828125,1265.59375,106499.0
2026-02-25,1267.800048828125,1287.800048828125,1254.0,1262.4000244140625,1260.203125,64750.0
2026-02-26,1262.4000244140625,1310.9000244140625,1262.4000244140625,1291.300048828125,1289.0528564453125,196518.0
2026-02-27,1291.300048828125,1329.0,1274.5999755859375,1290.199951171875,1287.9547119140625,348193.0
2026-03-02,1205.0999755859375,1284.0,1205.0999755859375,1255.9000244140625,1253.7144775390625,189848.0
2026-03-04,1255.5,1255.5,1208.4000244140625,1226.9000244140625,1224.764892578125,104637.0
2026-03-05,1226.9000244140625,1237.9000244140625,1205.300048828125,1233.4000244140625,1231.253662109375,148560.0
2026-03-06,1231.0,1258.0,1219.699951171875,1232.9000244140625,1230.7545166015625,133024.0
2026-03-09,1207.0,1211.9000244140625,1176.0,1189.4000244140625,1187.3302001953125,236676.0
2026-03-10,1189.4000244140625,1213.199951171875,1170.0999755859375,1176.0999755859375,1174.0533447265625,204699.0
2026-03-11,1176.199951171875,1209.4000244140625,1174.199951171875,1183.0,1180.9412841796875,146047.0
2026-03-12,1183.0,1216.0,1141.5999755859375,1189.800048828125,1187.7294921875,162544.0
2026-03-13,1189.800048828125,1189.800048828125,1124.0,1134.0,1132.026611328125,183377.0
2026-03-16,1140.0,1142.0,1080.0999755859375,1094.9000244140625,1092.99462890625,332733.0
2026-03-17,1101.9000244140625,1137.300048828125,1084.5999755859375,1121.0,1119.0491943359375,361621.0
2026-03-18,1129.9000244140625,1246.0,1117.199951171875,1217.4000244140625,1215.281494140625,989501.0
2026-03-19,1203.0,1217.0,1161.300048828125,1178.300048828125,1176.24951171875,409767.0
2026-03-20,1180.0,1196.0,1155.0999755859375,1165.4000244140625,1163.3719482421875,212529.0
2026-03-23,1155.0,1159.5,1093.5,1110.5999755859375,1108.667236328125,177521.0
2026-03-24,1140.9000244140625,1159.0,1108.199951171875,1133.699951171875,1131.72705078125,192808.0
2026-03-25,1159.0,1217.9000244140625,1146.4000244140625,1167.800048828125,1165.767822265625,448490.0
2026-03-27,1167.800048828125,1168.800048828125,1104.0,1130.699951171875,1128.7322998046875,565082.0
2026-03-30,1130.0,1135.0,1088.0999755859375,1123.0,1121.0457763671875,271951.0
2026-04-01,1130.0,1175.9000244140625,1130.0,1155.0,1152.989990234375,191326.0
2026-04-02,1151.5,1155.0,1105.199951171875,1144.5999755859375,1142.608154296875,144851.0
2026-04-06,1143.0,1183.800048828125,1125.5,1178.699951171875,1176.6488037109375,168445.0
2026-04-07,1175.0999755859375,1189.0,1164.699951171875,1183.199951171875,1181.140869140625,126589.0
2026-04-08,1236.0,1350.0,1236.0,1263.300048828125,1261.1016845703125,2619341.0
2026-04-09,1263.300048828125,1298.9000244140625,1240.0,1289.4000244140625,1287.1561279296875,297654.0
2026-04-10,1303.199951171875,1397.0,1290.0999755859375,1361.0999755859375,1358.7313232421875,1096732.0
2026-04-13,1323.0999755859375,1386.0999755859375,1323.0999755859375,1363.699951171875,1361.3267822265625,233457.0
2026-04-15,1400.0,1429.9000244140625,1390.5,1410.300048828125,1407.8458251953125,280774.0
2026-04-16,1449.0,1475.0,1406.300048828125,1422.0,1419.525390625,279615.0
2026-04-17,1427.9000244140625,1435.0,1408.199951171875,1420.4000244140625,1417.92822265625,88188.0
2026-04-20,1414.9000244140625,1431.5999755859375,1396.800048828125,1403.5999755859375,1401.1573486328125,194988.0
2026-04-21,1403.5999755859375,1451.699951171875,1403.5999755859375,1429.0,1426.51318359375,145197.0
2026-04-22,1436.0,1445.0,1407.0999755859375,1413.9000244140625,1411.4395751953125,301597.0
2026-04-23,1419.9000244140625,1447.699951171875,1411.199951171875,1423.4000244140625,1420.9229736328125,151767.0
2026-04-24,1436.800048828125,1449.699951171875,1382.0,1413.699951171875,1411.23974609375,196974.0
2026-04-27,1430.5,1485.0,1418.0999755859375,1468.800048828125,1466.2440185546875,255014.0
2026-04-28,1479.699951171875,1515.0,1477.4000244140625,1511.4000244140625,1508.7698974609375,210059.0
2026-04-29,1515.0,1570.0999755859375,1500.0,1550.4000244140625,1547.7020263671875,235900.0
2026-04-30,1549.9000244140625,1549.9000244140625,1470.4000244140625,1486.199951171875,1483.6136474609375,244766.0
2026-05-01,1486.199951171875,1486.199951171875,1486.199951171875,1486.199951171875,1483.6136474609375,0.0
2026-05-04,1508.4000244140625,1537.0999755859375,1482.5,1494.5,1491.8992919921875,282626.0
2026-05-05,1500.0,1507.800048828125,1460.0,1482.4000244140625,1479.8203125,141551.0
2026-05-06,1498.300048828125,1555.0,1487.0999755859375,1549.699951171875,1547.003173828125,480330.0
2026-05-07,1571.9000244140625,1598.0,1555.199951171875,1591.199951171875,1588.430908203125,208829.0
2026-05-08,1590.0,1593.800048828125,1470.0,1485.800048828125,1483.2144775390625,553663.0
2026-05-11,1481.300048828125,1482.800048828125,1346.0,1378.0,1375.6019287109375,1209220.0
2026-05-12,1371.800048828125,1386.800048828125,1291.0,1321.199951171875,1318.9007568359375,639256.0
2026-05-13,1318.0,1337.0,1299.0,1303.5999755859375,1301.3314208984375,304022.0
2026-05-14,1313.5999755859375,1331.9000244140625,1267.5999755859375,1306.5999755859375,1304.326171875,327483.0
2026-05-15,1310.0,1318.5999755859375,1285.0,1291.9000244140625,1289.65185546875,93444.0
2026-05-18,1286.0,1287.699951171875,1229.0999755859375,1241.0999755859375,1238.940185546875,262203.0
2026-05-19,1235.0,1289.0,1235.0,1271.199951171875,1268.98779296875,115165.0
2026-05-20,1268.0,1285.199951171875,1245.800048828125,1279.0,1276.7742919921875,112979.0
2026-05-21,1285.699951171875,1295.9000244140625,1251.5,1254.699951171875,1252.5164794921875,138054.0
2026-05-22,1268.4000244140625,1277.0,1241.9000244140625,1249.699951171875,1247.525146484375,125739.0
2026-05-25,1257.0,1307.5999755859375,1255.300048828125,1285.800048828125,1283.5625,218318.0
2026-05-26,1290.0,1327.9000244140625,1260.300048828125,1268.699951171875,1266.4921875,230519.0
2026-05-27,1270.0,1277.9000244140625,1246.0999755859375,1252.800048828125,1250.619873046875,89183.0
2026-05-28,1252.800048828125,1252.800048828125,1252.800048828125,1252.800048828125,1250.619873046875,0.0
2026-05-29,1248.0,1297.699951171875,1225.0,1243.800048828125,1241.6356201171875,215115.0
2026-06-01,1243.9000244140625,1278.0,1236.9000244140625,1250.5,1248.3238525390625,108635.0
2026-06-02,1242.0,1259.0,1227.5,1230.0999755859375,1227.9593505859375,119794.0
2026-06-03,1228.0999755859375,1270.5999755859375,1206.300048828125,1254.800048828125,1252.616455078125,166387.0
2026-06-04,1254.800048828125,1278.800048828125,1241.5999755859375,1251.0,1248.822998046875,235974.0
2026-06-05,1245.5999755859375,1278.699951171875,1232.0,1237.800048828125,1235.64599609375,115914.0
2026-06-08,1227.9000244140625,1237.9000244140625,1203.199951171875,1215.699951171875,1213.5843505859375,105624.0
2026-06-09,1216.5999755859375,1235.5999755859375,1215.5,1218.800048828125,1216.6790771484375,68237.0
2026-06-10,1219.0999755859375,1231.0,1184.4000244140625,1194.300048828125,1192.2216796875,120874.0
2026-06-11,1184.5,1189.800048828125,1155.0,1180.800048828125,1178.7452392578125,137626.0
2026-06-12,1190.0,1228.5999755859375,1181.4000244140625,1198.4000244140625,1196.3145751953125,261330.0
2026-06-15,1229.0,1261.0,1218.0999755859375,1240.0,1237.8421630859375,345582.0
2026-06-16,1245.0,1320.0,1245.0,1315.699951171875,1313.410400390625,638373.0
2026-06-17,1309.0999755859375,1313.300048828125,1277.0,1299.5,1297.2386474609375,208334.0
2026-06-18,1308.0,1328.0,1303.0999755859375,1319.5999755859375,1317.3035888671875,133278.0
2026-06-19,1318.300048828125,1320.9000244140625,1258.199951171875,1279.5,1277.2734375,386849.0
2026-06-22,1280.0999755859375,1327.800048828125,1280.0999755859375,1313.800048828125,1311.5137939453125,229705.0
2026-06-23,1318.0,1367.300048828125,1291.5,1299.5999755859375,1297.33837890625,446813.0
2026-06-24,1300.0,1316.5,1288.5,1305.5,1303.2281494140625,139339.0
2026-06-25,1319.300048828125,1360.0,1317.699951171875,1346.699951171875,1344.3564453125,338677.0
2026-06-26,1346.699951171875,1346.699951171875,1346.699951171875,1346.699951171875,1344.3564453125,0.0
2026-06-29,1335.300048828125,1343.699951171875,1303.199951171875,1315.0,1312.711669921875,140969.0
2026-06-30,1325.0,1347.800048828125,1307.0,1323.5999755859375,1321.296630859375,127038.0
2026-07-01,1323.5999755859375,1411.9000244140625,1323.5999755859375,1396.0,1393.5706787109375,696452.0
2026-07-02,1412.4000244140625,1444.0,1404.0,1424.0999755859375,1421.6217041015625,289532.0
2026-07-03,1425.0,1470.0,1400.0,1405.5999755859375,1403.1539306640625,412207.0
2026-07-06,1416.800048828125,1437.300048828125,1401.5999755859375,1417.5,1415.033203125,111639.0
2026-07-07,1423.0,1425.300048828125,1384.5999755859375,1409.800048828125,1407.3466796875,107308.0
2026-07-08,1406.5,1427.5,1335.5999755859375,1352.4000244140625,1350.0465087890625,163834.0
2026-07-09,1360.9000244140625,1418.4000244140625,1360.9000244140625,1404.0,1401.5567626953125,156055.0
2026-07-10,1415.9000244140625,1452.0,1404.0,1447.0,1444.48193359375,179363.0
2026-07-13,1420.0,1445.0,1406.199951171875,1436.5999755859375,1434.0999755859375,125427.0
2026-07-14,1434.0,1438.0,1406.0,1422.5,1422.5,104200.0
2026-07-15,1422.800048828125,1445.9000244140625,1415.5,1426.5999755859375,1426.5999755859375,80740.0
2026-07-16,1435.0,1464.5,1407.0,1456.5999755859375,1456.5999755859375,243677.0
2026-07-17,1460.0,1465.0,1412.0,1448.5999755859375,1448.5999755859375,155791.0
2026-07-20,1431.699951171875,1456.5,1419.199951171875,1441.800048828125,1441.800048828125,81565.0
2026-07-21,1446.9000244140625,1449.9000244140625,1435.0999755859375,1445.300048828125,1445.300048828125,65296.0
2026-07-22,1446.0,1450.699951171875,1398.199951171875,1408.5999755859375,1408.5999755859375,87321.0
2026-07-23,1403.0999755859375,1412.699951171875,1378.0,1398.0999755859375,1398.0999755859375,153424.0
2026-07-24,1390.0999755859375,1394.5,1359.0999755859375,1374.199951171875,1374.199951171875,113460.0
2026-07-27,1380.5999755859375,1430.0,1380.5999755859375,1400.199951171875,1400.199951171875,93552.0
2026-07-28,1401.0,1424.0,1387.699951171875,1391.699951171875,1391.699951171875,69114.0
2026-07-29,1398.5999755859375,1413.800048828125,1395.5,1405.5999755859375,1405.5999755859375,56974.0
2026-07-30,1405.0,1407.4000244140625,1364.9000244140625,1378.0999755859375,1378.0999755859375,74591.0
2026-07-31,1378.0999755859375,1471.199951171875,1372.0999755859375,1418.0999755859375,1418.0999755859375,267520.0
2026-08-03,1446.9000244140625,1449.5,1415.0999755859375,1432.0999755859375,1432.0999755859375,98610.0
2026-08-04,1428.0,1437.5999755859375,1412.0,1424.0999755859375,1424.0999755859375,65477.0
2026-08-05,1424.5999755859375,1458.800048828125,1411.699951171875,1421.199951171875,1421.199951171875,96361.0
2026-08-06,1428.9000244140625,1428.9000244140625,1384.0999755859375,1390.800048828125,1390.800048828125,98585.0
2026-08-07,1400.0,1411.0,1378.0,1382.800048828125,1382.800048828125,265738.0
2026-08-10,1386.0999755859375,1407.800048828125,1368.0,1393.199951171875,1393.199951171875,70340.0
2026-08-11,1391.0,1405.0,1380.199951171875,1400.800048828125,1400.800048828125,52419.0
2026-08-12,1419.300048828125,1419.4000244140625,1371.0999755859375,1375.4000244140625,1375.4000244140625,52933.0
2026-08-13,1375.5999755859375,1449.0,1372.5999755859375,1393.800048828125,1393.800048828125,650510.0
2026-08-14,1401.0,1427.9000244140625,1381.199951171875,1402.9000244140625,1402.9000244140625,201919.0
2026-08-17,1414.9000244140625,1443.800048828125,1378.699951171875,1402.0999755859375,1402.0999755859375,174072.0
2026-08-18,1400.0,1401.5999755859375,1378.699951171875,1390.800048828125,1390.800048828125,89905.0
2026-08-19,1377.5999755859375,1400.0,1377.5999755859375,1395.0999755859375,1395.0999755859375,60733.0
2026-08-20,1399.0999755859375,1460.0,1390.4000244140625,1445.5,1445.5,524278.0
2026-08-21,1459.9000244140625,1465.0,1386.5,1406.300048828125,1406.300048828125,399297.0
2026-08-24,1417.9000244140625,1486.0,1411.199951171875,1429.800048828125,1429.800048828125,963156.0
2026-08-25,1425.0,1434.4000244140625,1401.0999755859375,1408.0,1408.0,118346.0
2026-08-26,1413.800048828125,1431.5,1385.5999755859375,1392.300048828125,1392.300048828125,120050.0
2026-08-27,1400.0,1404.9000244140625,1380.0,1393.4000244140625,1393.4000244140625,111296.0
2026-08-28,1382.0,1406.199951171875,1380.0,1387.0,1387.0,81323.0
2026-08-31,1390.699951171875,1394.199951171875,1350.0,1355.5,1355.5,187059.0
2026-09-01,1355.5,1377.5999755859375,1335.5999755859375,1357.0,1357.0,154550.0
2026-09-02,1350.300048828125,1350.300048828125,1318.699951171875,1331.0999755859375,1331.0999755859375,84555.0
2026-09-03,1340.699951171875,1386.9000244140625,1340.699951171875,1376.9000244140625,1376.9000244140625,242377.0
2026-09-04,1376.9000244140625,1400.9000244140625,1362.5,1373.5999755859375,1373.5999755859375,68679.0
2026-09-07,1373.5999755859375,1384.0,1356.0999755859375,1377.800048828125,1377.800048828125,65234.0
2026-09-08,1379.800048828125,1380.0,1358.0999755859375,1372.0999755859375,1372.0999755859375,53107.0
2026-09-09,1372.0,1372.0,1330.0,1337.9000244140625,1337.9000244140625,111860.0
2026-09-10,1345.9000244140625,1346.0,1323.0999755859375,1337.4000244140625,1337.4000244140625,47082.0
2026-09-11,1315.0999755859375,1315.199951171875,1276.0,1281.5999755859375,1281.5999755859375,346175.0
2026-09-14,1281.5999755859375,1281.5999755859375,1281.5999755859375,1281.5999755859375,1281.5999755859375,0.0
2026-09-15,1276.199951171875,1281.699951171875,1227.0,1232.5,1232.5,197639.0
2026-09-16,1232.800048828125,1250.300048828125,1207.0,1233.4000244140625,1233.4000244140625,167844.0
2026-09-17,1233.4000244140625,1264.5999755859375,1231.9000244140625,1257.4000244140625,1257.4000244140625,85481.0
2026-09-18,1264.0,1279.0,1249.199951171875,1266.199951171875,1266.199951171875,171318.0
2026-09-21,1266.199951171875,1288.699951171875,1233.199951171875,1237.0999755859375,1237.0999755859375,99442.0
2026-09-22,1241.4000244140625,1250.0,1196.5,1201.0999755859375,1201.0999755859375,183264.0
