date,open,high,low,close,adjclose,volume
2021-09-15,28.700000762939453,29.549999237060547,27.799999237060547,28.100000381469727,27.845317840576172,28292.0
2021-09-16,29.0,29.0,28.149999618530273,28.200000762939453,27.944412231445312,8982.0
2021-09-17,28.5,28.5,27.5,27.549999237060547,27.300302505493164,13025.0
2021-09-20,27.549999237060547,27.600000381469727,26.700000762939453,27.100000381469727,26.854381561279297,4927.0
2021-09-21,27.649999618530273,27.649999618530273,26.600000381469727,27.149999618530273,26.903926849365234,4555.0
2021-09-22,28.399999618530273,28.399999618530273,27.100000381469727,27.25,27.003021240234375,9018.0
2021-09-23,27.25,27.899999618530273,27.049999237060547,27.649999618530273,27.399396896362305,10928.0
2021-09-24,27.0,27.600000381469727,26.75,26.899999618530273,26.656192779541016,5377.0
2021-09-27,28.0,28.200000762939453,26.149999618530273,26.799999237060547,26.557100296020508,17702.0
2021-09-28,26.200000762939453,27.75,26.200000762939453,26.549999237060547,26.30936622619629,8526.0
2021-09-29,27.0,27.25,26.049999237060547,26.600000381469727,26.35891342163086,9936.0
2021-09-30,26.399999618530273,27.25,26.399999618530273,26.75,26.507553100585938,9281.0
2021-10-01,26.25,27.450000762939453,26.25,27.100000381469727,26.854381561279297,17764.0
2021-10-04,27.649999618530273,27.899999618530273,26.75,27.450000762939453,27.201210021972656,12942.0
2021-10-05,27.899999618530273,28.799999237060547,27.0,28.799999237060547,28.538972854614258,46894.0
2021-10-06,30.200000762939453,30.200000762939453,29.200000762939453,29.799999237060547,29.529909133911133,78694.0
2021-10-07,29.799999237060547,32.75,29.049999237060547,31.649999618530273,31.363142013549805,161516.0
2021-10-08,32.0,32.20000076293945,30.5,31.799999237060547,31.511781692504883,55030.0
2021-10-11,32.45000076293945,32.45000076293945,30.100000381469727,30.149999618530273,29.876737594604492,23542.0
2021-10-12,30.149999618530273,33.150001525878906,30.100000381469727,32.400001525878906,32.106346130371094,126875.0
2021-10-13,32.79999923706055,32.79999923706055,31.200000762939453,31.350000381469727,31.06586265563965,42390.0
2021-10-14,31.950000762939453,31.950000762939453,30.5,30.799999237060547,30.520845413208008,27322.0
2021-10-18,32.5,33.849998474121094,31.649999618530273,33.849998474121094,33.5432014465332,261358.0
2021-10-19,36.0,37.20000076293945,35.099998474121094,36.45000076293945,36.1196403503418,439338.0
2021-10-20,35.900001525878906,39.70000076293945,34.54999923706055,39.400001525878906,39.042903900146484,478626.0
2021-10-21,39.79999923706055,42.900001525878906,38.0,41.099998474121094,40.72749328613281,243896.0
2021-10-22,40.29999923706055,42.0,39.04999923706055,39.04999923706055,38.69607162475586,52075.0
2021-10-25,39.70000076293945,39.70000076293945,37.099998474121094,37.099998474121094,36.76374435424805,24791.0
2021-10-26,35.29999923706055,37.849998474121094,35.25,35.349998474121094,35.029605865478516,204942.0
2021-10-27,35.900001525878906,36.29999923706055,33.599998474121094,34.54999923706055,34.23685836791992,128500.0
2021-10-28,34.04999923706055,35.900001525878906,34.04999923706055,35.349998474121094,35.029605865478516,28911.0
2021-10-29,34.25,35.95000076293945,34.0,34.29999923706055,33.9891242980957,36549.0
2021-11-01,34.0,35.70000076293945,33.5,35.150001525878906,34.8314208984375,100964.0
2021-11-02,36.599998474121094,36.900001525878906,35.099998474121094,35.45000076293945,35.12870407104492,35693.0
2021-11-03,35.45000076293945,36.0,34.70000076293945,35.5,35.17824935913086,50701.0
2021-11-04,36.5,36.5,35.599998474121094,36.150001525878906,35.822357177734375,12627.0
2021-11-08,36.79999923706055,36.79999923706055,34.900001525878906,35.0,34.68278121948242,32426.0
2021-11-09,34.25,35.70000076293945,34.25,35.0,34.68278121948242,13541.0
2021-11-10,36.5,36.5,34.45000076293945,35.099998474121094,34.7818717956543,14341.0
2021-11-11,35.79999923706055,36.849998474121094,34.400001525878906,36.599998474121094,36.26827621459961,155898.0
2021-11-12,37.0,38.400001525878906,36.0,36.29999923706055,35.97099685668945,57569.0
2021-11-15,35.0,35.25,34.5,34.5,34.187313079833984,29488.0
2021-11-16,33.099998474121094,33.099998474121094,32.79999923706055,32.79999923706055,32.50271987915039,14223.0
2021-11-17,31.25,33.150001525878906,31.200000762939453,31.950000762939453,31.660425186157227,217135.0
2021-11-18,31.950000762939453,33.0,31.299999237060547,32.20000076293945,31.908159255981445,30711.0
2021-11-22,32.0,32.150001525878906,30.600000381469727,30.850000381469727,30.57039451599121,64030.0
2021-11-23,29.5,31.700000762939453,29.5,30.850000381469727,30.57039451599121,24730.0
2021-11-24,31.799999237060547,31.799999237060547,29.950000762939453,30.25,29.975831985473633,28500.0
2021-11-25,30.899999618530273,30.950000762939453,29.75,30.649999618530273,30.37220573425293,21282.0
2021-11-26,31.0,31.0,29.200000762939453,29.299999237060547,29.034440994262695,31744.0
2021-11-29,28.299999237060547,29.5,28.0,28.549999237060547,28.29123878479004,13649.0
2021-11-30,28.549999237060547,29.600000381469727,28.299999237060547,28.5,28.24169158935547,16612.0
2021-12-01,29.700000762939453,29.700000762939453,28.5,28.899999618530273,28.6380672454834,21309.0
2021-12-02,29.0,30.299999237060547,28.75,30.299999237060547,30.02537727355957,44776.0
2021-12-03,30.5,31.5,29.450000762939453,29.950000762939453,29.678550720214844,56519.0
2021-12-06,30.5,30.5,29.25,30.200000762939453,29.926284790039062,14779.0
2021-12-07,29.450000762939453,30.899999618530273,29.149999618530273,30.350000381469727,30.074926376342773,66574.0
2021-12-08,30.899999618530273,31.549999237060547,30.0,30.200000762939453,29.926284790039062,29986.0
2021-12-09,31.299999237060547,33.20000076293945,30.049999237060547,33.20000076293945,32.89909362792969,247610.0
2021-12-10,33.5,35.54999923706055,32.54999923706055,34.900001525878906,34.58368682861328,172094.0
2021-12-13,35.45000076293945,36.0,33.29999923706055,34.599998474121094,34.28640365600586,31840.0
2021-12-14,34.599998474121094,35.900001525878906,33.0,34.75,34.4350471496582,66010.0
2021-12-15,35.25,38.0,34.25,36.349998474121094,36.02054214477539,220518.0
2021-12-16,37.95000076293945,38.75,35.099998474121094,35.70000076293945,35.37643814086914,36343.0
2021-12-17,35.70000076293945,35.70000076293945,33.70000076293945,34.150001525878906,33.840484619140625,36860.0
2021-12-20,35.45000076293945,35.45000076293945,31.299999237060547,32.45000076293945,32.15589141845703,51456.0
2021-12-21,32.400001525878906,33.79999923706055,32.400001525878906,33.0,32.70090866088867,22157.0
2021-12-22,34.45000076293945,35.20000076293945,32.349998474121094,34.95000076293945,34.633235931396484,58700.0
2021-12-23,36.70000076293945,37.20000076293945,34.0,36.29999923706055,35.97099685668945,115739.0
2021-12-24,36.20000076293945,38.400001525878906,34.650001525878906,37.20000076293945,36.86284255981445,106288.0
2021-12-27,37.5,40.900001525878906,35.25,40.04999923706055,39.687007904052734,208389.0
2021-12-28,41.400001525878906,41.79999923706055,38.400001525878906,38.54999923706055,38.20060348510742,75553.0
2021-12-29,38.54999923706055,42.400001525878906,37.0,42.150001525878906,41.76797866821289,429224.0
2021-12-30,42.5,45.20000076293945,42.150001525878906,44.04999923706055,43.6507568359375,353150.0
2021-12-31,44.400001525878906,44.95000076293945,42.45000076293945,44.349998474121094,43.948036193847656,72149.0
2022-01-03,45.400001525878906,48.75,44.20000076293945,45.099998474121094,44.69123840332031,256550.0
2022-01-04,46.900001525878906,49.0,43.45000076293945,48.45000076293945,48.01087951660156,405992.0
2022-01-05,49.599998474121094,50.45000076293945,47.099998474121094,49.25,48.803627014160156,229089.0
2022-01-06,49.0,49.0,47.04999923706055,47.20000076293945,46.7722053527832,80888.0
2022-01-07,47.5,48.849998474121094,45.0,45.54999923706055,45.13716125488281,68533.0
2022-01-10,46.45000076293945,47.75,45.150001525878906,46.45000076293945,46.02900314331055,64985.0
2022-01-11,47.0,48.849998474121094,43.70000076293945,48.0,47.56495666503906,112596.0
2022-01-12,49.900001525878906,49.900001525878906,46.04999923706055,47.04999923706055,46.623565673828125,48083.0
2022-01-13,47.04999923706055,48.0,45.45000076293945,47.79999923706055,47.36676788330078,87667.0
2022-01-14,49.0,49.0,46.54999923706055,47.79999923706055,47.36676788330078,127389.0
2022-01-17,48.95000076293945,48.95000076293945,45.849998474121094,48.04999923706055,47.614501953125,127180.0
2022-01-18,48.04999923706055,48.900001525878906,46.75,48.349998474121094,47.911781311035156,142550.0
2022-01-19,49.349998474121094,49.900001525878906,47.04999923706055,49.04999923706055,48.605438232421875,150914.0
2022-01-20,49.5,51.5,49.0,51.45000076293945,50.98368835449219,260376.0
2022-01-21,51.0,51.849998474121094,50.0,50.20000076293945,49.745018005371094,95484.0
2022-01-24,50.20000076293945,50.20000076293945,47.70000076293945,47.70000076293945,47.267677307128906,95488.0
2022-01-25,46.20000076293945,47.599998474121094,45.349998474121094,47.25,46.821754455566406,42509.0
2022-01-27,46.0,47.0,44.900001525878906,44.95000076293945,44.542598724365234,40640.0
2022-01-28,44.95000076293945,47.150001525878906,44.0,47.04999923706055,46.623565673828125,138768.0
2022-01-31,48.5,49.400001525878906,47.25,49.400001525878906,48.952266693115234,222389.0
2022-02-01,49.650001525878906,50.099998474121094,47.25,47.650001525878906,47.2181282043457,72335.0
2022-02-02,47.650001525878906,50.0,47.04999923706055,50.0,49.54682922363281,279831.0
2022-02-03,50.0,51.95000076293945,50.0,51.599998474121094,51.13232421875,304953.0
2022-02-04,52.0,53.849998474121094,49.70000076293945,50.20000076293945,49.745018005371094,157589.0
2022-02-07,50.04999923706055,55.20000076293945,50.04999923706055,53.70000076293945,53.213294982910156,440435.0
2022-02-08,53.45000076293945,54.79999923706055,50.0,50.650001525878906,50.190940856933594,128435.0
2022-02-09,50.20000076293945,55.5,50.20000076293945,54.599998474121094,54.10513687133789,296371.0
2022-02-10,54.599998474121094,58.0,54.599998474121094,55.79999923706055,55.29426193237305,221588.0
2022-02-11,56.70000076293945,57.0,53.5,54.04999923706055,53.56011962890625,156288.0
2022-02-14,54.0,55.29999923706055,51.04999923706055,53.5,53.015106201171875,207979.0
2022-02-15,53.5,53.70000076293945,48.25,50.75,50.29003143310547,200132.0
2022-02-16,50.75,54.400001525878906,49.0,51.20000076293945,50.73595428466797,61207.0
2022-02-17,53.150001525878906,53.900001525878906,51.150001525878906,51.849998474121094,51.38005828857422,148726.0
2022-02-18,50.70000076293945,53.70000076293945,49.75,50.70000076293945,50.24048614501953,328749.0
2022-02-21,50.0,51.599998474121094,47.29999923706055,49.29999923706055,48.853172302246094,179859.0
2022-02-22,47.0,48.95000076293945,45.54999923706055,46.150001525878906,45.73172378540039,125590.0
2022-02-23,48.599998474121094,48.599998474121094,44.79999923706055,45.599998474121094,45.18670654296875,47573.0
2022-02-24,43.0,48.0,42.75,43.20000076293945,42.8084602355957,202098.0
2022-02-25,43.95000076293945,46.75,43.95000076293945,45.900001525878906,45.48398971557617,23605.0
2022-02-28,45.900001525878906,48.849998474121094,43.54999923706055,46.5,46.07855224609375,98523.0
2022-03-02,47.0,48.900001525878906,44.75,46.400001525878906,45.97945785522461,120488.0
2022-03-03,46.849998474121094,47.54999923706055,45.099998474121094,45.599998474121094,45.18670654296875,47335.0
2022-03-04,47.20000076293945,47.20000076293945,44.45000076293945,45.25,44.839881896972656,32064.0
2022-03-07,44.849998474121094,46.45000076293945,42.5,43.45000076293945,43.05619430541992,48793.0
2022-03-08,45.900001525878906,45.900001525878906,43.400001525878906,44.099998474121094,43.70030212402344,24082.0
2022-03-09,43.5,46.349998474121094,43.5,45.25,44.839881896972656,17985.0
2022-03-10,46.20000076293945,48.25,46.0,46.400001525878906,45.97945785522461,62428.0
2022-03-11,46.0,47.900001525878906,45.5,47.349998474121094,46.92084503173828,72054.0
2022-03-14,47.349998474121094,49.70000076293945,46.400001525878906,47.099998474121094,46.67311096191406,70775.0
2022-03-15,47.45000076293945,48.650001525878906,45.650001525878906,46.29999923706055,45.88036346435547,48534.0
2022-03-16,46.400001525878906,48.5,46.400001525878906,47.150001525878906,46.722660064697266,59137.0
2022-03-17,47.20000076293945,51.5,47.0,49.70000076293945,49.249549865722656,166766.0
2022-03-21,49.75,50.54999923706055,48.650001525878906,49.04999923706055,48.605438232421875,21387.0
2022-03-22,48.0,49.900001525878906,47.5,48.099998474121094,47.66404724121094,23313.0
2022-03-23,49.95000076293945,49.95000076293945,46.599998474121094,47.400001525878906,46.970394134521484,64218.0
2022-03-24,47.70000076293945,48.400001525878906,46.25,46.849998474121094,46.425376892089844,28303.0
2022-03-25,46.849998474121094,49.650001525878906,46.599998474121094,47.95000076293945,47.515411376953125,105663.0
2022-03-28,48.400001525878906,50.54999923706055,45.25,47.0,46.57402038574219,68585.0
2022-03-29,47.45000076293945,48.20000076293945,44.150001525878906,46.45000076293945,46.02900314331055,94119.0
2022-03-30,47.5,47.75,46.0,46.54999923706055,46.12809753417969,25892.0
2022-03-31,46.29999923706055,47.70000076293945,45.20000076293945,45.849998474121094,45.43444061279297,28391.0
2022-04-01,46.79999923706055,48.04999923706055,45.75,47.54999923706055,47.11903381347656,51138.0
2022-04-04,46.20000076293945,52.0,46.20000076293945,51.0,50.53776550292969,203074.0
2022-04-05,52.5,54.900001525878906,50.0,50.29999923706055,49.84410858154297,300513.0
2022-04-06,50.0,52.400001525878906,49.75,51.5,51.033233642578125,103942.0
2022-04-07,53.400001525878906,61.79999923706055,52.0,59.70000076293945,59.158912658691406,2621450.0
2022-04-08,60.79999923706055,67.5999984741211,60.70000076293945,63.400001525878906,62.825382232666016,2825628.0
2022-04-11,65.19999694824219,66.8499984741211,60.70000076293945,61.04999923706055,60.49667739868164,853834.0
2022-04-12,61.04999923706055,61.349998474121094,58.099998474121094,58.70000076293945,58.16797637939453,198991.0
2022-04-13,58.70000076293945,60.900001525878906,57.099998474121094,57.849998474121094,57.325679779052734,114109.0
2022-04-18,56.5,58.349998474121094,55.45000076293945,56.79999923706055,56.28519821166992,73064.0
2022-04-19,57.599998474121094,62.45000076293945,57.0,58.29999923706055,57.771602630615234,303685.0
2022-04-20,60.0,60.5,57.5,57.70000076293945,57.177040100097656,52963.0
2022-04-21,57.95000076293945,59.5,57.5,58.150001525878906,57.622962951660156,33401.0
2022-04-22,58.900001525878906,58.900001525878906,55.5,56.0,55.49244689941406,103311.0
2022-04-25,56.95000076293945,57.0,54.0,54.400001525878906,53.906951904296875,60350.0
2022-04-26,54.900001525878906,56.400001525878906,54.650001525878906,55.20000076293945,54.69969940185547,48881.0
2022-04-27,55.0,55.0,52.04999923706055,52.45000076293945,51.97462463378906,64475.0
2022-04-28,53.0,56.29999923706055,52.20000076293945,54.650001525878906,54.154685974121094,85750.0
2022-04-29,56.0,56.0,50.0,50.45000076293945,49.99275207519531,111112.0
2022-05-02,51.70000076293945,51.70000076293945,48.45000076293945,49.54999923706055,49.10090637207031,107563.0
2022-05-04,49.04999923706055,50.54999923706055,47.0,47.349998474121094,46.92084503173828,39253.0
2022-05-05,49.70000076293945,49.70000076293945,46.04999923706055,46.95000076293945,46.524471282958984,64667.0
2022-05-06,46.95000076293945,46.95000076293945,44.150001525878906,45.349998474121094,44.93897247314453,37863.0
2022-05-09,46.25,46.349998474121094,44.099998474121094,45.54999923706055,45.13716125488281,37058.0
2022-05-10,47.0,47.0,41.04999923706055,42.79999923706055,42.412086486816406,42993.0
2022-05-11,42.79999923706055,43.54999923706055,39.75,40.29999923706055,39.93474197387695,50877.0
2022-05-12,41.25,41.25,39.0,40.04999923706055,39.687007904052734,31213.0
2022-05-13,40.29999923706055,42.45000076293945,38.45000076293945,39.45000076293945,39.09244918823242,52797.0
2022-05-16,39.54999923706055,40.45000076293945,37.45000076293945,39.150001525878906,38.795169830322266,40527.0
2022-05-17,39.20000076293945,41.79999923706055,39.20000076293945,40.900001525878906,40.5293083190918,51404.0
2022-05-18,43.900001525878906,43.900001525878906,40.54999923706055,42.0,41.61933517456055,44661.0
2022-05-19,39.0,46.599998474121094,39.0,44.20000076293945,43.79939651489258,240371.0
2022-05-20,45.45000076293945,47.150001525878906,44.25,44.900001525878906,44.4930534362793,39010.0
2022-05-23,44.900001525878906,46.0,42.849998474121094,43.099998474121094,42.70936584472656,15840.0
2022-05-24,43.79999923706055,44.29999923706055,41.150001525878906,41.29999923706055,40.92567825317383,14250.0
2022-05-25,41.650001525878906,42.650001525878906,40.0,41.349998474121094,40.97522735595703,28808.0
2022-05-26,42.900001525878906,42.900001525878906,39.25,41.0,40.62839889526367,27709.0
2022-05-27,41.099998474121094,42.400001525878906,39.79999923706055,41.0,40.62839889526367,22349.0
2022-05-30,40.400001525878906,43.400001525878906,40.400001525878906,42.150001525878906,41.76797866821289,57563.0
2022-05-31,43.0,50.54999923706055,43.0,50.54999923706055,50.09184265136719,540479.0
2022-06-01,53.400001525878906,58.849998474121094,51.79999923706055,52.95000076293945,52.4700927734375,1093708.0
2022-06-02,51.599998474121094,53.54999923706055,51.45000076293945,52.099998474121094,51.62779235839844,120763.0
2022-06-03,53.0,53.900001525878906,48.0,49.04999923706055,48.605438232421875,115522.0
2022-06-06,49.0,50.849998474121094,48.150001525878906,48.75,48.30815887451172,59377.0
2022-06-07,49.400001525878906,53.25,48.75,50.599998474121094,50.141387939453125,114569.0
2022-06-08,51.650001525878906,52.0,49.0,49.900001525878906,49.44773483276367,46260.0
2022-06-09,49.0,50.099998474121094,48.29999923706055,48.95000076293945,48.50634765625,19281.0
2022-06-10,48.95000076293945,48.95000076293945,46.20000076293945,46.75,46.32628631591797,45321.0
2022-06-13,46.5,46.5,42.25,43.150001525878906,42.758914947509766,66727.0
2022-06-14,43.29999923706055,49.70000076293945,43.29999923706055,46.099998474121094,45.68217468261719,113913.0
2022-06-15,46.70000076293945,49.70000076293945,46.70000076293945,47.5,47.069488525390625,62099.0
2022-06-16,49.25,49.70000076293945,43.599998474121094,44.70000076293945,44.294864654541016,50858.0
2022-06-17,45.0,45.20000076293945,43.0,43.45000076293945,43.05619430541992,30609.0
2022-06-20,43.349998474121094,44.45000076293945,39.54999923706055,40.650001525878906,40.28157424926758,42853.0
2022-06-21,40.900001525878906,42.75,40.900001525878906,42.25,41.867069244384766,20972.0
2022-06-22,42.0,43.0,41.0,42.04999923706055,41.668880462646484,19488.0
2022-06-23,42.0,42.599998474121094,40.79999923706055,41.25,40.87613296508789,33039.0
2022-06-24,41.70000076293945,42.5,40.20000076293945,41.599998474121094,41.22296142578125,30350.0
2022-06-27,43.0,43.349998474121094,42.099998474121094,42.70000076293945,42.312992095947266,14398.0
2022-06-28,43.0,44.20000076293945,42.599998474121094,43.70000076293945,43.30392837524414,12615.0
2022-06-29,44.0,44.54999923706055,41.349998474121094,42.45000076293945,42.06525802612305,39542.0
2022-06-30,42.04999923706055,43.599998474121094,42.04999923706055,42.79999923706055,42.412086486816406,11366.0
2022-07-01,42.349998474121094,43.5,42.0,42.54999923706055,42.16435241699219,6478.0
2022-07-04,43.349998474121094,43.349998474121094,41.29999923706055,41.75,41.37160110473633,19737.0
2022-07-05,42.45000076293945,42.900001525878906,41.400001525878906,41.79999923706055,41.421146392822266,19779.0
2022-07-06,41.900001525878906,42.45000076293945,41.04999923706055,41.5,41.12386703491211,10954.0
2022-07-07,41.150001525878906,49.79999923706055,41.150001525878906,49.79999923706055,49.34864044189453,264766.0
2022-07-08,54.04999923706055,54.900001525878906,47.20000076293945,47.849998474121094,47.41631317138672,474582.0
2022-07-11,47.0,48.45000076293945,46.45000076293945,47.599998474121094,47.1685791015625,64522.0
2022-07-12,46.70000076293945,52.29999923706055,46.70000076293945,50.5,50.04229736328125,142357.0
2022-07-13,51.45000076293945,51.95000076293945,48.25,48.599998474121094,48.159515380859375,56298.0
2022-07-14,49.29999923706055,49.29999923706055,46.20000076293945,47.099998474121094,46.67311096191406,28659.0
2022-07-15,47.900001525878906,47.900001525878906,45.0,46.349998474121094,45.929908752441406,54450.0
2022-07-18,46.349998474121094,47.150001525878906,45.650001525878906,46.29999923706055,45.88036346435547,27408.0
2022-07-19,45.70000076293945,49.25,45.400001525878906,47.650001525878906,47.2181282043457,103480.0
2022-07-20,48.900001525878906,48.900001525878906,46.849998474121094,47.20000076293945,46.7722053527832,37603.0
2022-07-21,47.650001525878906,47.849998474121094,46.25,46.70000076293945,46.276737213134766,23903.0
2022-07-22,46.75,47.25,46.25,46.5,46.07855224609375,25528.0
2022-07-25,46.0,47.099998474121094,45.650001525878906,46.70000076293945,46.276737213134766,21860.0
2022-07-26,46.25,46.900001525878906,45.0,45.400001525878906,44.988521575927734,20957.0
2022-07-27,46.75,46.75,45.099998474121094,45.29999923706055,44.889427185058594,16227.0
2022-07-28,45.400001525878906,46.599998474121094,45.150001525878906,45.400001525878906,44.988521575927734,18195.0
2022-07-29,45.70000076293945,46.599998474121094,45.20000076293945,45.79999923706055,45.38489532470703,20388.0
2022-08-01,46.599998474121094,47.54999923706055,45.5,46.599998474121094,46.177642822265625,28016.0
2022-08-02,45.900001525878906,49.900001525878906,45.5,48.599998474121094,48.159515380859375,127377.0
2022-08-03,49.0,58.29999923706055,49.0,57.79999923706055,57.2761344909668,1392153.0
2022-08-04,58.29999923706055,60.45000076293945,51.349998474121094,54.099998474121094,53.60966873168945,803546.0
2022-08-05,54.0,56.849998474121094,53.400001525878906,55.650001525878906,55.14562225341797,190944.0
2022-08-08,54.5,56.70000076293945,54.5,56.20000076293945,55.690635681152344,112250.0
2022-08-10,57.5,60.0,53.650001525878906,55.650001525878906,55.14562225341797,191786.0
2022-08-11,63.0,65.0,59.20000076293945,60.849998474121094,60.29848861694336,1027509.0
2022-08-12,61.0,72.30000305175781,60.900001525878906,71.44999694824219,70.80241394042969,1386849.0
2022-08-16,72.5999984741211,85.0,72.0,81.25,80.51359558105469,1565083.0
2022-08-17,82.0,89.3499984741211,82.0,89.3499984741211,88.5401840209961,1130406.0
2022-08-18,95.9000015258789,96.94999694824219,85.6500015258789,93.55000305175781,92.70211791992188,1369376.0
2022-08-19,93.5999984741211,102.9000015258789,90.55000305175781,102.75,101.81873321533203,1332160.0
2022-08-22,103.80000305175781,105.94999694824219,97.6500015258789,97.80000305175781,96.9135971069336,956329.0
2022-08-23,94.0,99.69999694824219,92.94999694824219,93.0,92.1571044921875,319050.0
2022-08-24,92.0,97.6500015258789,92.0,97.55000305175781,96.66586303710938,238700.0
2022-08-25,99.4000015258789,101.6500015258789,93.0,93.75,92.90030670166016,120201.0
2022-08-26,96.0,97.0,90.44999694824219,91.5999984741211,90.76979064941406,102477.0
2022-08-29,87.5999984741211,89.5999984741211,87.05000305175781,87.05000305175781,86.26103210449219,130437.0
2022-08-30,84.80000305175781,89.5999984741211,83.0999984741211,83.9000015258789,83.13957977294922,335371.0
2022-09-01,83.9000015258789,88.05000305175781,83.25,88.05000305175781,87.25196838378906,72577.0
2022-09-02,91.19999694824219,92.44999694824219,91.0,92.44999694824219,91.6120834350586,70813.0
2022-09-05,94.4000015258789,97.05000305175781,93.9000015258789,97.05000305175781,96.17039489746094,106369.0
2022-09-06,101.9000015258789,101.9000015258789,96.0,101.9000015258789,100.9764404296875,540266.0
2022-09-07,102.5,104.69999694824219,97.55000305175781,102.44999694824219,101.52144622802734,391427.0
2022-09-08,103.0,103.5,98.0999984741211,98.8499984741211,97.9540786743164,129767.0
2022-09-09,99.94999694824219,101.5,94.44999694824219,96.1500015258789,95.27855682373047,84312.0
2022-09-12,96.5,100.94999694824219,94.1500015258789,95.69999694824219,94.83262634277344,86510.0
2022-09-13,91.5,97.0,90.94999694824219,91.0,90.17523193359375,72471.0
2022-09-14,90.0,93.94999694824219,86.55000305175781,90.05000305175781,89.23384094238281,46873.0
2022-09-15,92.94999694824219,92.94999694824219,87.44999694824219,89.94999694824219,89.1347427368164,33528.0
2022-09-16,92.0,92.0,85.55000305175781,87.0,86.21147918701172,46870.0
2022-09-19,86.80000305175781,89.30000305175781,83.0999984741211,85.94999694824219,85.1709976196289,57394.0
2022-09-20,87.0,87.4000015258789,81.69999694824219,82.75,82.0,93709.0
2022-09-21,82.44999694824219,82.44999694824219,77.9000015258789,78.05000305175781,78.05000305175781,67874.0
2022-09-22,77.0,78.0,74.1500015258789,75.55000305175781,75.55000305175781,93466.0
2022-09-23,76.4000015258789,79.30000305175781,76.0,79.30000305175781,79.30000305175781,19525.0
2022-09-26,83.25,83.25,75.3499984741211,75.80000305175781,75.80000305175781,91214.0
2022-09-27,74.1500015258789,77.5,74.0,75.0,75.0,26883.0
2022-09-28,75.0,78.75,73.5,78.6500015258789,78.6500015258789,26985.0
2022-09-29,81.0,81.94999694824219,76.25,78.55000305175781,78.55000305175781,19930.0
2022-09-30,79.30000305175781,79.30000305175781,76.0,77.0999984741211,77.0999984741211,27611.0
2022-10-03,77.30000305175781,78.9000015258789,74.25,75.8499984741211,75.8499984741211,10510.0
2022-10-04,76.80000305175781,78.0,72.0999984741211,72.55000305175781,72.55000305175781,88622.0
2022-10-06,72.9000015258789,74.6500015258789,71.30000305175781,72.19999694824219,72.19999694824219,59507.0
2022-10-07,73.30000305175781,73.30000305175781,71.25,72.4000015258789,72.4000015258789,21225.0
2022-10-10,72.0,74.0,69.05000305175781,73.69999694824219,73.69999694824219,26331.0
2022-10-11,71.75,74.80000305175781,71.75,72.5,72.5,29866.0
2022-10-12,72.0999984741211,75.9000015258789,72.0999984741211,73.9000015258789,73.9000015258789,22452.0
2022-10-13,73.9000015258789,74.0,72.3499984741211,73.44999694824219,73.44999694824219,21473.0
2022-10-14,74.25,75.0,71.4000015258789,72.55000305175781,72.55000305175781,20144.0
2022-10-17,73.4000015258789,73.5,71.5,72.19999694824219,72.19999694824219,8732.0
2022-10-18,71.5,73.44999694824219,71.5,72.5,72.5,9874.0
2022-10-19,73.94999694824219,74.5,71.5,71.9000015258789,71.9000015258789,8779.0
2022-10-20,71.9000015258789,74.0,71.5,73.5999984741211,73.5999984741211,11557.0
2022-10-21,75.0,75.75,71.4000015258789,71.69999694824219,71.69999694824219,14569.0
2022-10-24,73.0,74.69999694824219,72.0,73.4000015258789,73.4000015258789,4752.0
2022-10-25,73.4000015258789,74.44999694824219,71.5999984741211,72.25,72.25,11653.0
2022-10-27,72.25,74.9000015258789,71.5999984741211,71.9000015258789,71.9000015258789,8407.0
2022-10-28,72.8499984741211,74.5,71.5999984741211,73.0999984741211,73.0999984741211,10487.0
2022-10-31,71.05000305175781,74.05000305175781,71.05000305175781,71.80000305175781,71.80000305175781,13209.0
2022-11-01,71.80000305175781,75.0,71.30000305175781,74.8499984741211,74.8499984741211,26226.0
2022-11-02,76.44999694824219,76.44999694824219,72.55000305175781,75.8499984741211,75.8499984741211,28899.0
2022-11-03,77.0,78.0,74.5,76.75,76.75,17060.0
2022-11-04,77.19999694824219,78.25,75.05000305175781,77.6500015258789,77.6500015258789,13067.0
2022-11-07,78.9000015258789,80.9000015258789,77.6500015258789,80.0,80.0,22108.0
2022-11-09,79.94999694824219,82.4000015258789,77.19999694824219,81.0999984741211,81.0999984741211,28732.0
2022-11-10,82.0,82.0,77.3499984741211,79.6500015258789,79.6500015258789,34903.0
2022-11-11,78.69999694824219,80.5,77.05000305175781,78.4000015258789,78.4000015258789,34126.0
2022-11-14,74.5,74.5,74.5,74.5,74.5,8099.0
2022-11-15,70.80000305175781,70.80000305175781,70.80000305175781,70.80000305175781,70.80000305175781,11127.0
2022-11-16,67.30000305175781,67.30000305175781,67.30000305175781,67.30000305175781,67.30000305175781,12938.0
2022-11-17,63.95000076293945,63.95000076293945,63.95000076293945,63.95000076293945,63.95000076293945,7172.0
2022-11-18,60.79999923706055,60.79999923706055,60.79999923706055,60.79999923706055,60.79999923706055,16849.0
2022-11-21,58.650001525878906,63.79999923706055,57.849998474121094,58.400001525878906,58.400001525878906,127006.0
2022-11-22,57.79999923706055,59.0,55.5,55.5,55.5,51677.0
2022-11-23,55.150001525878906,55.5,52.75,52.75,52.75,35756.0
2022-11-24,52.75,54.70000076293945,50.150001525878906,50.150001525878906,50.150001525878906,185712.0
2022-11-25,49.0,52.650001525878906,47.650001525878906,52.150001525878906,52.150001525878906,110359.0
2022-11-28,52.5,52.900001525878906,50.0,50.54999923706055,50.54999923706055,63899.0
2022-11-29,49.54999923706055,51.650001525878906,48.04999923706055,48.5,48.5,97362.0
2022-11-30,48.0,49.20000076293945,46.099998474121094,46.150001525878906,46.150001525878906,124005.0
2022-12-01,46.150001525878906,48.45000076293945,44.349998474121094,48.349998474121094,48.349998474121094,73083.0
2022-12-02,49.20000076293945,49.5,46.0,48.5,48.5,52474.0
2022-12-05,48.95000076293945,50.900001525878906,46.400001525878906,50.20000076293945,50.20000076293945,82595.0
2022-12-06,50.75,52.70000076293945,50.04999923706055,52.70000076293945,52.70000076293945,69658.0
2022-12-07,54.849998474121094,55.29999923706055,53.04999923706055,55.29999923706055,55.29999923706055,23825.0
2022-12-08,57.29999923706055,58.04999923706055,55.29999923706055,58.04999923706055,58.04999923706055,133336.0
2022-12-09,59.400001525878906,60.95000076293945,58.04999923706055,60.95000076293945,60.95000076293945,55357.0
2022-12-12,61.400001525878906,62.650001525878906,57.95000076293945,58.099998474121094,58.099998474121094,131965.0
2022-12-13,59.95000076293945,61.0,55.20000076293945,61.0,61.0,289196.0
2022-12-14,62.95000076293945,64.05000305175781,61.70000076293945,64.05000305175781,64.05000305175781,237352.0
2022-12-15,66.94999694824219,67.25,64.0,65.9000015258789,65.9000015258789,121846.0
2022-12-16,65.30000305175781,65.30000305175781,62.650001525878906,62.70000076293945,62.70000076293945,115686.0
2022-12-19,62.20000076293945,65.4000015258789,60.75,61.79999923706055,61.79999923706055,55411.0
2022-12-20,61.0,61.5,58.75,58.849998474121094,58.849998474121094,56750.0
2022-12-21,58.95000076293945,59.5,55.95000076293945,56.04999923706055,56.04999923706055,83777.0
2022-12-22,55.0,56.599998474121094,53.25,53.5,53.5,56336.0
2022-12-23,54.400001525878906,54.400001525878906,50.849998474121094,50.849998474121094,50.849998474121094,44861.0
2022-12-26,52.900001525878906,53.349998474121094,50.04999923706055,52.900001525878906,52.900001525878906,36395.0
2022-12-27,54.0,55.5,53.150001525878906,55.5,55.5,42478.0
2022-12-28,56.75,58.25,55.70000076293945,58.25,58.25,59965.0
2022-12-29,57.5,60.45000076293945,56.400001525878906,59.849998474121094,59.849998474121094,74986.0
2022-12-30,61.0,61.849998474121094,59.099998474121094,59.599998474121094,59.599998474121094,26910.0
2023-01-02,59.099998474121094,60.599998474121094,57.5,58.29999923706055,58.29999923706055,29602.0
2023-01-03,58.20000076293945,60.099998474121094,58.20000076293945,59.099998474121094,59.099998474121094,10933.0
2023-01-04,59.099998474121094,60.099998474121094,56.150001525878906,56.349998474121094,56.349998474121094,31402.0
2023-01-05,56.5,57.75,56.5,56.650001525878906,56.650001525878906,7402.0
2023-01-06,58.650001525878906,58.900001525878906,54.5,57.04999923706055,57.04999923706055,33632.0
2023-01-09,58.79999923706055,59.900001525878906,57.54999923706055,58.150001525878906,58.150001525878906,25555.0
2023-01-10,58.20000076293945,58.95000076293945,56.29999923706055,56.79999923706055,56.79999923706055,13853.0
2023-01-11,57.95000076293945,58.150001525878906,56.29999923706055,56.95000076293945,56.95000076293945,10506.0
2023-01-12,58.5,59.0,56.650001525878906,57.0,57.0,14193.0
2023-01-13,56.70000076293945,58.400001525878906,56.5,57.25,57.25,17705.0
2023-01-16,57.0,60.099998474121094,57.0,59.650001525878906,59.650001525878906,65111.0
2023-01-17,60.29999923706055,60.29999923706055,58.25,58.650001525878906,58.650001525878906,18727.0
2023-01-18,59.75,59.75,57.150001525878906,57.45000076293945,57.45000076293945,14645.0
2023-01-19,57.0,58.849998474121094,57.0,57.349998474121094,57.349998474121094,7091.0
2023-01-20,59.70000076293945,59.70000076293945,56.70000076293945,56.849998474121094,56.849998474121094,10985.0
2023-01-23,56.849998474121094,57.45000076293945,55.54999923706055,56.400001525878906,56.400001525878906,13870.0
2023-01-24,55.900001525878906,57.900001525878906,55.900001525878906,56.70000076293945,56.70000076293945,24356.0
2023-01-25,57.849998474121094,57.849998474121094,55.20000076293945,55.900001525878906,55.900001525878906,15831.0
2023-01-27,57.79999923706055,57.79999923706055,53.25,53.79999923706055,53.79999923706055,14980.0
2023-01-30,55.79999923706055,55.79999923706055,51.599998474121094,52.0,52.0,26241.0
2023-01-31,52.400001525878906,54.599998474121094,51.45000076293945,54.400001525878906,54.400001525878906,12878.0
2023-02-01,55.0,57.0,53.150001525878906,53.349998474121094,53.349998474121094,14007.0
2023-02-02,53.5,54.20000076293945,51.75,53.25,53.25,14412.0
2023-02-03,53.0,54.79999923706055,52.099998474121094,54.0,54.0,13381.0
2023-02-06,53.54999923706055,54.79999923706055,52.25,52.599998474121094,52.599998474121094,12002.0
2023-02-07,55.0,55.5,52.599998474121094,52.95000076293945,52.95000076293945,13930.0
2023-02-08,52.650001525878906,54.25,52.5,52.95000076293945,52.95000076293945,5776.0
2023-02-09,54.95000076293945,54.95000076293945,52.5,54.0,54.0,20613.0
2023-02-10,54.0,55.150001525878906,53.04999923706055,53.349998474121094,53.349998474121094,6058.0
2023-02-13,54.70000076293945,54.849998474121094,52.0,52.45000076293945,52.45000076293945,10393.0
2023-02-14,52.45000076293945,53.0,51.20000076293945,52.349998474121094,52.349998474121094,21164.0
2023-02-15,53.099998474121094,54.45000076293945,52.0,52.5,52.5,40513.0
2023-02-16,53.54999923706055,55.0,52.650001525878906,53.45000076293945,53.45000076293945,52333.0
2023-02-17,53.900001525878906,54.400001525878906,52.20000076293945,53.0,53.0,10172.0
2023-02-20,55.0,55.0,52.75,52.95000076293945,52.95000076293945,2084.0
2023-02-21,53.0,53.0,50.79999923706055,50.900001525878906,50.900001525878906,25132.0
2023-02-22,50.5,52.400001525878906,49.849998474121094,50.54999923706055,50.54999923706055,24322.0
2023-02-23,50.599998474121094,51.70000076293945,49.650001525878906,50.0,50.0,36647.0
2023-02-24,49.70000076293945,51.349998474121094,49.099998474121094,49.25,49.25,23590.0
2023-02-27,50.849998474121094,50.849998474121094,48.650001525878906,48.95000076293945,48.95000076293945,15950.0
2023-02-28,49.900001525878906,49.900001525878906,48.54999923706055,49.54999923706055,49.54999923706055,7444.0
2023-03-01,48.54999923706055,50.45000076293945,48.5,49.79999923706055,49.79999923706055,32864.0
2023-03-02,50.849998474121094,50.849998474121094,48.79999923706055,49.150001525878906,49.150001525878906,23823.0
2023-03-03,52.75,52.75,49.20000076293945,50.45000076293945,50.45000076293945,18906.0
2023-03-06,51.5,51.5,49.25,49.599998474121094,49.599998474121094,24300.0
2023-03-08,49.95000076293945,50.0,48.5,48.849998474121094,48.849998474121094,20432.0
2023-03-09,49.79999923706055,49.79999923706055,48.0,48.45000076293945,48.45000076293945,9636.0
2023-03-10,47.45000076293945,48.70000076293945,46.95000076293945,48.150001525878906,48.150001525878906,12456.0
2023-03-13,49.0,49.0,46.5,47.0,47.0,16625.0
2023-03-14,47.5,47.849998474121094,46.0,46.25,46.25,7740.0
2023-03-15,47.0,48.150001525878906,46.20000076293945,46.79999923706055,46.79999923706055,12800.0
2023-03-16,47.45000076293945,47.45000076293945,45.29999923706055,45.900001525878906,45.900001525878906,15006.0
2023-03-17,46.599998474121094,46.79999923706055,45.599998474121094,45.79999923706055,45.79999923706055,7991.0
2023-03-20,45.54999923706055,46.650001525878906,44.54999923706055,45.70000076293945,45.70000076293945,9976.0
2023-03-21,45.70000076293945,46.79999923706055,45.04999923706055,46.20000076293945,46.20000076293945,21119.0
2023-03-22,46.150001525878906,47.29999923706055,45.900001525878906,46.54999923706055,46.54999923706055,26439.0
2023-03-23,46.29999923706055,47.400001525878906,46.29999923706055,47.20000076293945,47.20000076293945,10825.0
2023-03-24,47.20000076293945,49.0,46.349998474121094,47.400001525878906,47.400001525878906,19616.0
2023-03-27,48.400001525878906,48.400001525878906,45.04999923706055,45.45000076293945,45.45000076293945,24852.0
2023-03-28,45.54999923706055,46.5,44.150001525878906,44.5,44.5,28158.0
2023-03-29,44.54999923706055,46.45000076293945,43.54999923706055,44.0,44.0,64936.0
2023-03-31,43.25,48.0,43.25,44.400001525878906,44.400001525878906,56924.0
2023-04-03,44.79999923706055,48.79999923706055,44.75,48.79999923706055,48.79999923706055,40735.0
2023-04-05,53.650001525878906,53.650001525878906,51.5,53.650001525878906,53.650001525878906,92897.0
2023-04-06,54.400001525878906,59.0,53.54999923706055,56.95000076293945,56.95000076293945,159882.0
2023-04-10,58.70000076293945,58.70000076293945,54.20000076293945,54.5,54.5,60205.0
2023-04-11,56.5,56.5,54.0,54.79999923706055,54.79999923706055,18184.0
2023-04-12,54.5,55.400001525878906,52.45000076293945,52.75,52.75,38655.0
2023-04-13,54.5,54.5,52.54999923706055,53.04999923706055,53.04999923706055,20886.0
2023-04-17,54.150001525878906,54.150001525878906,53.099998474121094,53.650001525878906,53.650001525878906,6514.0
2023-04-18,53.599998474121094,54.20000076293945,52.25,53.79999923706055,53.79999923706055,17146.0
2023-04-19,54.45000076293945,54.45000076293945,52.599998474121094,52.849998474121094,52.849998474121094,16499.0
2023-04-20,52.849998474121094,54.04999923706055,52.650001525878906,53.400001525878906,53.400001525878906,12360.0
2023-04-21,53.400001525878906,56.04999923706055,53.04999923706055,55.29999923706055,55.29999923706055,34033.0
2023-04-24,57.79999923706055,57.900001525878906,56.0,56.400001525878906,56.400001525878906,38729.0
2023-04-25,55.150001525878906,57.0,54.650001525878906,56.349998474121094,56.349998474121094,18423.0
2023-04-26,56.20000076293945,56.20000076293945,54.900001525878906,55.45000076293945,55.45000076293945,13086.0
2023-04-27,56.29999923706055,56.95000076293945,54.70000076293945,54.95000076293945,54.95000076293945,21839.0
2023-04-28,54.0,56.349998474121094,53.900001525878906,54.75,54.75,11265.0
2023-05-02,55.79999923706055,55.95000076293945,54.5,55.29999923706055,55.29999923706055,15573.0
2023-05-03,55.79999923706055,57.20000076293945,54.54999923706055,55.349998474121094,55.349998474121094,21800.0
2023-05-04,56.400001525878906,56.400001525878906,54.5,54.900001525878906,54.900001525878906,26459.0
2023-05-05,54.900001525878906,56.900001525878906,54.900001525878906,56.099998474121094,56.099998474121094,35145.0
2023-05-08,57.0,57.0,55.45000076293945,56.04999923706055,56.04999923706055,18340.0
2023-05-09,55.75,56.95000076293945,55.349998474121094,55.599998474121094,55.599998474121094,11919.0
2023-05-10,56.900001525878906,57.79999923706055,55.54999923706055,56.849998474121094,56.849998474121094,31010.0
2023-05-11,57.5,57.599998474121094,56.5,57.099998474121094,57.099998474121094,13516.0
2023-05-12,57.45000076293945,57.45000076293945,56.349998474121094,56.54999923706055,56.54999923706055,6296.0
2023-05-15,55.5,57.150001525878906,55.29999923706055,56.45000076293945,56.45000076293945,11499.0
2023-05-16,56.45000076293945,57.20000076293945,54.20000076293945,55.900001525878906,55.900001525878906,20062.0
2023-05-17,56.29999923706055,56.849998474121094,55.45000076293945,56.54999923706055,56.54999923706055,9881.0
2023-05-18,56.099998474121094,57.45000076293945,56.0,56.20000076293945,56.20000076293945,15692.0
2023-05-19,56.20000076293945,56.95000076293945,56.04999923706055,56.54999923706055,56.54999923706055,12590.0
2023-05-22,56.900001525878906,59.349998474121094,56.099998474121094,59.349998474121094,59.349998474121094,65164.0
2023-05-23,62.29999923706055,62.29999923706055,58.04999923706055,60.150001525878906,60.150001525878906,139432.0
2023-05-24,63.150001525878906,63.150001525878906,63.150001525878906,63.150001525878906,63.150001525878906,26900.0
2023-05-25,66.30000305175781,66.30000305175781,66.30000305175781,66.30000305175781,66.30000305175781,23686.0
2023-05-26,69.5999984741211,69.5999984741211,69.5999984741211,69.5999984741211,69.5999984741211,198999.0
2023-05-29,72.0,73.05000305175781,69.5999984741211,73.05000305175781,73.05000305175781,261249.0
2023-05-30,74.9000015258789,74.9000015258789,69.4000015258789,69.6500015258789,69.6500015258789,141656.0
2023-05-31,68.0,69.19999694824219,66.5999984741211,68.1500015258789,68.1500015258789,79746.0
2023-06-01,68.19999694824219,69.69999694824219,67.0,67.5,67.5,49215.0
2023-06-02,68.05000305175781,70.8499984741211,67.6500015258789,70.8499984741211,70.8499984741211,72718.0
2023-06-05,72.80000305175781,74.3499984741211,72.0,73.30000305175781,73.30000305175781,147597.0
2023-06-06,74.69999694824219,74.69999694824219,70.55000305175781,72.4000015258789,72.4000015258789,89710.0
2023-06-07,74.9000015258789,74.9000015258789,69.4000015258789,70.1500015258789,70.1500015258789,58451.0
2023-06-08,72.05000305175781,72.05000305175781,68.0999984741211,68.5999984741211,68.5999984741211,44204.0
2023-06-09,69.05000305175781,72.0,68.55000305175781,71.6500015258789,71.6500015258789,103276.0
2023-06-12,72.9000015258789,73.1500015258789,70.0999984741211,71.05000305175781,71.05000305175781,56411.0
2023-06-13,72.5,72.5,70.0999984741211,71.25,71.25,23943.0
2023-06-14,70.0,71.9000015258789,70.0,70.3499984741211,70.3499984741211,31770.0
2023-06-15,70.05000305175781,71.5999984741211,69.5999984741211,70.0,70.0,25367.0
2023-06-16,71.75,71.75,68.19999694824219,69.55000305175781,69.55000305175781,14999.0
2023-06-19,67.0,71.25,67.0,69.3499984741211,69.3499984741211,31987.0
2023-06-20,67.55000305175781,72.0,67.55000305175781,71.3499984741211,71.3499984741211,19749.0
2023-06-21,72.9000015258789,72.9000015258789,67.80000305175781,68.8499984741211,68.8499984741211,73851.0
2023-06-22,70.8499984741211,71.69999694824219,68.5,69.69999694824219,69.69999694824219,10797.0
2023-06-23,69.5999984741211,69.5999984741211,67.69999694824219,68.1500015258789,68.1500015258789,14589.0
2023-06-26,67.69999694824219,70.0,67.69999694824219,69.0999984741211,69.0999984741211,6236.0
2023-06-27,69.1500015258789,69.5999984741211,68.6500015258789,68.75,68.75,17278.0
2023-06-28,70.5,70.5,68.0,68.1500015258789,68.1500015258789,12994.0
2023-06-30,68.55000305175781,69.9000015258789,67.5,68.0999984741211,68.0999984741211,12157.0
2023-07-03,69.25,69.25,65.80000305175781,67.44999694824219,67.44999694824219,24283.0
2023-07-04,67.5,68.19999694824219,64.0999984741211,64.3499984741211,64.3499984741211,55848.0
2023-07-05,64.5,66.5,64.0,65.9000015258789,65.9000015258789,8680.0
2023-07-06,66.0,67.19999694824219,64.69999694824219,65.6500015258789,65.6500015258789,9466.0
2023-07-07,66.0,67.5,65.9000015258789,65.94999694824219,65.94999694824219,14043.0
2023-07-10,66.30000305175781,69.19999694824219,66.30000305175781,69.19999694824219,69.19999694824219,22122.0
2023-07-11,72.0,72.0,68.5,70.30000305175781,70.30000305175781,17811.0
2023-07-12,70.30000305175781,71.6500015258789,68.0,70.19999694824219,70.19999694824219,20184.0
2023-07-13,69.0,71.0,66.8499984741211,68.6500015258789,68.6500015258789,12194.0
2023-07-14,69.4000015258789,69.4000015258789,67.1500015258789,68.75,68.75,6011.0
2023-07-17,69.9000015258789,69.9000015258789,67.0,68.1500015258789,68.1500015258789,13475.0
2023-07-18,68.05000305175781,68.05000305175781,65.0,66.0,66.0,36394.0
2023-07-19,65.94999694824219,67.94999694824219,65.30000305175781,65.6500015258789,65.6500015258789,8616.0
2023-07-20,65.0,68.9000015258789,65.0,68.9000015258789,68.9000015258789,31213.0
2023-07-21,71.8499984741211,71.8499984741211,68.05000305175781,68.80000305175781,68.80000305175781,20836.0
2023-07-24,68.0,70.0,67.5,68.1500015258789,68.1500015258789,9488.0
2023-07-25,66.5,67.94999694824219,66.5,66.80000305175781,66.80000305175781,11449.0
2023-07-26,66.94999694824219,69.80000305175781,66.94999694824219,67.80000305175781,67.80000305175781,4973.0
2023-07-27,67.5999984741211,68.0,66.5999984741211,67.4000015258789,67.4000015258789,7245.0
2023-07-28,67.0,69.80000305175781,66.05000305175781,67.6500015258789,67.6500015258789,32029.0
2023-07-31,68.9000015258789,69.94999694824219,68.25,69.6500015258789,69.6500015258789,28658.0
2023-08-01,70.5,71.5999984741211,68.0,70.8499984741211,70.8499984741211,44324.0
2023-08-02,72.5,72.5,69.44999694824219,70.5999984741211,70.5999984741211,37357.0
2023-08-03,70.5999984741211,71.0,69.0,70.0,70.0,6685.0
2023-08-04,68.0,70.9000015258789,68.0,69.55000305175781,69.55000305175781,29176.0
2023-08-07,72.0,72.0,68.80000305175781,69.8499984741211,69.8499984741211,33542.0
2023-08-08,70.9000015258789,71.9000015258789,69.8499984741211,71.1500015258789,71.1500015258789,12944.0
2023-08-09,67.5999984741211,67.5999984741211,67.5999984741211,67.5999984741211,67.5999984741211,14493.0
2023-08-10,64.25,64.25,64.25,64.25,64.25,10026.0
2023-08-11,61.04999923706055,61.04999923706055,61.04999923706055,61.04999923706055,61.04999923706055,4838.0
2023-08-14,58.0,58.0,58.0,58.0,58.0,5601.0
2023-08-16,55.099998474121094,55.099998474121094,55.099998474121094,55.099998474121094,55.099998474121094,6525.0
2023-08-17,52.349998474121094,57.849998474121094,52.349998474121094,57.349998474121094,57.349998474121094,165984.0
2023-08-18,57.0,57.0,54.5,54.5,54.5,89325.0
2023-08-21,53.79999923706055,54.20000076293945,52.0,52.349998474121094,52.349998474121094,37172.0
2023-08-22,53.20000076293945,54.95000076293945,52.79999923706055,54.650001525878906,54.650001525878906,23531.0
2023-08-23,54.650001525878906,57.349998474121094,54.650001525878906,55.75,55.75,17798.0
2023-08-24,55.75,57.5,54.650001525878906,56.04999923706055,56.04999923706055,14580.0
2023-08-25,54.70000076293945,56.29999923706055,54.650001525878906,54.95000076293945,54.95000076293945,15974.0
2023-08-28,54.79999923706055,55.0,54.0,54.29999923706055,54.29999923706055,11980.0
2023-08-29,55.0,55.5,54.0,55.150001525878906,55.150001525878906,13247.0
2023-08-30,55.150001525878906,55.849998474121094,54.25,55.5,55.5,15395.0
2023-08-31,55.25,57.400001525878906,54.70000076293945,56.25,56.25,12662.0
2023-09-01,56.25,57.25,54.599998474121094,56.20000076293945,56.20000076293945,14369.0
2023-09-04,56.0,56.25,55.150001525878906,56.099998474121094,56.099998474121094,19684.0
2023-09-05,56.849998474121094,56.849998474121094,55.400001525878906,55.849998474121094,55.849998474121094,18327.0
2023-09-06,56.04999923706055,56.79999923706055,55.5,56.0,56.0,11555.0
2023-09-07,56.900001525878906,56.900001525878906,55.45000076293945,56.45000076293945,56.45000076293945,15267.0
2023-09-08,57.0,57.0,55.5,55.849998474121094,55.849998474121094,10097.0
2023-09-11,55.900001525878906,57.75,55.5,57.0,57.0,11259.0
2023-09-12,58.150001525878906,58.150001525878906,54.5,55.29999923706055,55.29999923706055,15885.0
2023-09-13,55.29999923706055,56.75,54.849998474121094,55.099998474121094,55.099998474121094,8273.0
2023-09-14,56.70000076293945,56.70000076293945,55.25,56.0,56.0,11204.0
2023-09-15,56.0,56.29999923706055,55.349998474121094,55.75,55.75,8050.0
2023-09-18,57.75,58.5,55.599998474121094,57.70000076293945,57.70000076293945,59149.0
2023-09-20,57.70000076293945,57.70000076293945,55.70000076293945,56.29999923706055,56.29999923706055,9971.0
2023-09-21,57.0,57.0,55.0,55.599998474121094,55.599998474121094,8731.0
2023-09-22,57.29999923706055,57.29999923706055,54.20000076293945,55.099998474121094,55.099998474121094,13718.0
2023-09-25,56.5,56.5,52.349998474121094,53.099998474121094,53.099998474121094,54500.0
2023-09-26,54.0,54.75,51.79999923706055,53.45000076293945,53.45000076293945,16051.0
2023-09-27,53.0,54.45000076293945,52.75,53.099998474121094,53.099998474121094,15650.0
2023-09-28,54.20000076293945,54.29999923706055,52.95000076293945,53.650001525878906,53.650001525878906,14788.0
2023-09-29,55.349998474121094,55.349998474121094,54.04999923706055,54.95000076293945,54.95000076293945,15648.0
2023-10-03,54.95000076293945,56.20000076293945,54.099998474121094,55.349998474121094,55.349998474121094,21511.0
2023-10-04,55.349998474121094,56.95000076293945,52.599998474121094,53.29999923706055,53.29999923706055,22275.0
2023-10-05,54.70000076293945,55.70000076293945,53.0,54.95000076293945,54.95000076293945,33655.0
2023-10-06,56.70000076293945,56.70000076293945,54.54999923706055,55.45000076293945,55.45000076293945,30211.0
2023-10-09,56.0,56.0,54.04999923706055,54.20000076293945,54.20000076293945,37820.0
2023-10-10,55.849998474121094,57.900001525878906,54.29999923706055,56.5,56.5,67122.0
2023-10-11,57.70000076293945,57.79999923706055,55.54999923706055,56.849998474121094,56.849998474121094,25508.0
2023-10-12,57.5,62.5,56.95000076293945,62.099998474121094,62.099998474121094,199168.0
2023-10-13,62.70000076293945,67.5999984741211,62.70000076293945,65.05000305175781,65.05000305175781,180234.0
2023-10-16,65.0999984741211,69.0,65.0999984741211,66.0999984741211,66.0999984741211,146392.0
2023-10-17,69.5,70.0,66.3499984741211,67.8499984741211,67.8499984741211,134905.0
2023-10-18,69.4000015258789,69.69999694824219,65.5,65.8499984741211,65.8499984741211,62400.0
2023-10-19,67.0,71.0,63.29999923706055,68.5,68.5,267207.0
2023-10-20,68.4000015258789,69.30000305175781,66.0,66.75,66.75,74977.0
2023-10-23,66.0,68.5,60.29999923706055,61.0,61.0,87817.0
2023-10-25,60.5,62.79999923706055,58.599998474121094,59.150001525878906,59.150001525878906,40417.0
2023-10-26,59.79999923706055,65.05000305175781,55.20000076293945,64.8499984741211,64.8499984741211,217849.0
2023-10-27,65.0,66.5,62.70000076293945,65.19999694824219,65.19999694824219,124034.0
2023-10-30,65.19999694824219,67.4000015258789,63.0,63.79999923706055,63.79999923706055,60420.0
2023-10-31,66.0,69.05000305175781,65.0999984741211,68.1500015258789,68.1500015258789,180461.0
2023-11-01,69.5,73.5,67.1500015258789,71.25,71.25,282527.0
2023-11-02,71.3499984741211,78.3499984741211,71.3499984741211,78.05000305175781,78.05000305175781,435972.0
2023-11-03,81.5,82.9000015258789,78.5,79.94999694824219,79.94999694824219,254990.0
2023-11-06,81.69999694824219,83.55000305175781,80.5,82.0,82.0,158601.0
2023-11-07,82.80000305175781,83.0999984741211,77.9000015258789,77.9000015258789,77.9000015258789,109102.0
2023-11-08,78.94999694824219,81.75,74.0,81.5999984741211,81.5999984741211,330897.0
2023-11-09,77.55000305175781,79.75,77.55000305175781,77.55000305175781,77.55000305175781,160222.0
2023-11-10,78.6500015258789,78.6500015258789,73.75,74.3499984741211,74.3499984741211,120527.0
2023-11-13,71.80000305175781,75.30000305175781,71.80000305175781,72.3499984741211,72.3499984741211,77701.0
2023-11-15,72.30000305175781,74.94999694824219,72.0,72.94999694824219,72.94999694824219,58089.0
2023-11-16,73.5,76.55000305175781,71.0999984741211,75.5,75.5,142886.0
2023-11-17,75.5999984741211,79.25,74.94999694824219,77.05000305175781,77.05000305175781,204672.0
2023-11-20,79.1500015258789,80.9000015258789,76.55000305175781,80.9000015258789,80.9000015258789,335088.0
2023-11-21,82.5,84.9000015258789,79.25,84.9000015258789,84.9000015258789,317321.0
2023-11-22,85.0,86.55000305175781,81.1500015258789,81.9000015258789,81.9000015258789,144066.0
2023-11-23,82.30000305175781,84.6500015258789,79.3499984741211,79.8499984741211,79.8499984741211,69140.0
2023-11-24,79.80000305175781,80.8499984741211,78.5,79.05000305175781,79.05000305175781,44944.0
2023-11-28,79.05000305175781,80.44999694824219,78.0,78.6500015258789,78.6500015258789,70120.0
2023-11-29,79.80000305175781,82.4000015258789,77.1500015258789,80.44999694824219,80.44999694824219,93374.0
2023-11-30,79.94999694824219,81.25,78.5,79.55000305175781,79.55000305175781,59277.0
2023-12-01,80.9000015258789,80.9000015258789,77.0,77.19999694824219,77.19999694824219,74043.0
2023-12-04,79.25,81.05000305175781,77.8499984741211,79.75,79.75,69157.0
2023-12-05,80.69999694824219,80.69999694824219,77.55000305175781,78.1500015258789,78.1500015258789,42379.0
2023-12-06,78.3499984741211,79.5,76.0999984741211,77.0999984741211,77.0999984741211,40152.0
2023-12-07,78.0,84.80000305175781,76.25,84.80000305175781,84.80000305175781,266596.0
2023-12-08,85.5,86.5,81.19999694824219,82.75,82.75,123691.0
2023-12-11,84.30000305175781,89.6500015258789,84.25,87.1500015258789,87.1500015258789,174321.0
2023-12-12,88.5,92.69999694824219,87.5999984741211,90.4000015258789,90.4000015258789,215179.0
2023-12-13,91.0999984741211,93.5,88.19999694824219,89.0999984741211,89.0999984741211,115573.0
2023-12-14,89.19999694824219,98.0,89.19999694824219,90.94999694824219,90.94999694824219,633579.0
2023-12-15,93.9000015258789,94.80000305175781,90.30000305175781,92.3499984741211,92.3499984741211,76324.0
2023-12-18,93.5,93.5,87.1500015258789,88.4000015258789,88.4000015258789,95010.0
2023-12-19,88.9000015258789,88.9000015258789,84.0,85.4000015258789,85.4000015258789,49104.0
2023-12-20,86.80000305175781,86.80000305175781,81.1500015258789,81.1500015258789,81.1500015258789,40360.0
2023-12-21,80.5,82.80000305175781,77.30000305175781,79.80000305175781,79.80000305175781,22278.0
2023-12-22,79.8499984741211,82.5,79.80000305175781,81.0999984741211,81.0999984741211,22201.0
2023-12-26,82.0,83.6500015258789,80.0,80.80000305175781,80.80000305175781,11588.0
2023-12-27,80.80000305175781,83.0,79.0,80.0999984741211,80.0999984741211,12926.0
2023-12-28,82.4000015258789,82.4000015258789,77.5,78.0,78.0,21826.0
2023-12-29,78.0,80.94999694824219,77.1500015258789,79.75,79.75,19162.0
2024-01-01,80.80000305175781,81.5,77.0999984741211,78.6500015258789,78.6500015258789,24366.0
2024-01-02,80.0,80.0,77.0,78.6500015258789,78.6500015258789,9771.0
2024-01-03,80.0,80.05000305175781,77.3499984741211,77.9000015258789,77.9000015258789,12191.0
2024-01-04,78.0,79.75,78.0,78.25,78.25,19806.0
2024-01-05,77.80000305175781,79.75,76.19999694824219,77.3499984741211,77.3499984741211,31942.0
2024-01-08,77.69999694824219,81.0,76.4000015258789,77.0,77.0,23341.0
2024-01-09,78.5,79.94999694824219,75.6500015258789,76.05000305175781,76.05000305175781,32318.0
2024-01-10,76.05000305175781,77.0,75.0,75.3499984741211,75.3499984741211,11031.0
2024-01-11,75.5,75.9000015258789,71.5999984741211,72.6500015258789,72.6500015258789,55371.0
2024-01-12,72.6500015258789,73.8499984741211,71.0,72.30000305175781,72.30000305175781,22320.0
2024-01-15,72.9000015258789,75.9000015258789,72.5,73.25,73.25,19645.0
2024-01-16,74.0,75.5999984741211,71.25,71.80000305175781,71.80000305175781,21030.0
2024-01-17,72.44999694824219,73.75,71.0,72.4000015258789,72.4000015258789,18975.0
2024-01-18,73.9000015258789,73.9000015258789,70.0999984741211,71.8499984741211,71.8499984741211,13431.0
2024-01-19,71.8499984741211,73.4000015258789,70.8499984741211,72.5999984741211,72.5999984741211,11351.0
2024-01-23,75.3499984741211,77.25,71.5999984741211,71.80000305175781,71.80000305175781,24521.0
2024-01-24,72.55000305175781,74.25,69.5,70.5999984741211,70.5999984741211,20380.0
2024-01-25,70.0,71.5,70.0,70.30000305175781,70.30000305175781,10388.0
2024-01-29,72.0,72.0,69.0,70.05000305175781,70.05000305175781,9955.0
2024-01-30,70.0,73.44999694824219,69.30000305175781,72.69999694824219,72.69999694824219,22175.0
2024-01-31,72.0,76.30000305175781,71.05000305175781,76.30000305175781,76.30000305175781,42729.0
2024-02-01,80.0999984741211,80.0999984741211,76.5999984741211,79.0999984741211,79.0999984741211,97257.0
2024-02-02,79.80000305175781,83.0,79.0,79.75,79.75,28908.0
2024-02-05,80.0,81.0,75.80000305175781,75.94999694824219,75.94999694824219,30895.0
2024-02-06,75.94999694824219,77.5,74.0,74.44999694824219,74.44999694824219,14087.0
2024-02-07,74.44999694824219,75.4000015258789,72.5,74.5999984741211,74.5999984741211,9354.0
2024-02-08,76.19999694824219,76.19999694824219,72.5999984741211,73.55000305175781,73.55000305175781,7446.0
2024-02-09,73.0,75.5,72.5,72.55000305175781,72.55000305175781,5460.0
2024-02-12,73.0,74.4000015258789,68.94999694824219,68.94999694824219,68.94999694824219,31594.0
2024-02-13,70.3499984741211,70.4000015258789,65.5,66.1500015258789,66.1500015258789,19825.0
2024-02-14,62.900001525878906,68.75,62.849998474121094,65.75,65.75,13726.0
2024-02-15,67.9000015258789,68.69999694824219,65.25,66.75,66.75,27239.0
2024-02-16,66.75,69.5,65.0,66.6500015258789,66.6500015258789,29947.0
2024-02-19,66.6500015258789,69.5,66.6500015258789,67.55000305175781,67.55000305175781,7306.0
2024-02-20,69.5,69.5,66.0,66.69999694824219,66.69999694824219,12740.0
2024-02-21,69.0,69.0,65.80000305175781,66.4000015258789,66.4000015258789,11546.0
2024-02-22,68.44999694824219,68.44999694824219,65.5,66.19999694824219,66.19999694824219,13562.0
2024-02-23,67.55000305175781,67.75,66.55000305175781,67.19999694824219,67.19999694824219,4997.0
2024-02-26,67.19999694824219,68.19999694824219,65.0,65.6500015258789,65.6500015258789,14205.0
2024-02-27,65.6500015258789,67.0,64.0,64.1500015258789,64.1500015258789,15401.0
2024-02-28,64.05000305175781,65.44999694824219,60.95000076293945,61.70000076293945,61.70000076293945,29273.0
2024-02-29,61.29999923706055,62.95000076293945,59.0,60.29999923706055,60.29999923706055,18321.0
2024-03-01,61.75,61.900001525878906,57.54999923706055,60.5,60.5,21414.0
2024-03-04,61.0,62.900001525878906,60.0,60.70000076293945,60.70000076293945,15320.0
2024-03-05,60.95000076293945,62.400001525878906,59.0,59.5,59.5,23142.0
2024-03-06,60.0,60.79999923706055,57.04999923706055,58.70000076293945,58.70000076293945,7931.0
2024-03-07,58.95000076293945,61.349998474121094,58.150001525878906,59.75,59.75,5429.0
2024-03-11,61.349998474121094,61.349998474121094,57.099998474121094,57.599998474121094,57.599998474121094,14059.0
2024-03-12,58.599998474121094,60.0,55.0,55.5,55.5,11920.0
2024-03-13,55.5,57.75,52.75,52.75,52.75,15569.0
2024-03-14,54.0,54.849998474121094,51.20000076293945,53.150001525878906,53.150001525878906,25913.0
2024-03-15,54.25,54.849998474121094,53.20000076293945,53.95000076293945,53.95000076293945,13958.0
2024-03-18,56.599998474121094,56.599998474121094,54.04999923706055,56.599998474121094,56.599998474121094,11793.0
2024-03-19,59.400001525878906,59.400001525878906,58.0,59.400001525878906,59.400001525878906,18567.0
2024-03-20,62.349998474121094,62.349998474121094,57.900001525878906,58.0,58.0,46000.0
2024-03-21,58.0,59.70000076293945,56.599998474121094,58.75,58.75,10249.0
2024-03-22,60.25,61.5,59.0,61.400001525878906,61.400001525878906,32411.0
2024-03-26,61.45000076293945,64.5,58.400001525878906,60.29999923706055,60.29999923706055,56808.0
2024-03-27,60.29999923706055,62.0,59.04999923706055,60.400001525878906,60.400001525878906,118153.0
2024-03-28,60.849998474121094,61.20000076293945,57.20000076293945,58.70000076293945,58.70000076293945,19234.0
2024-04-01,59.54999923706055,62.0,57.95000076293945,60.70000076293945,60.70000076293945,38830.0
2024-04-02,61.900001525878906,64.5,60.25,61.04999923706055,61.04999923706055,81692.0
2024-04-03,61.95000076293945,67.1500015258789,61.5,67.1500015258789,67.1500015258789,113232.0
2024-04-04,67.94999694824219,73.80000305175781,67.94999694824219,70.94999694824219,70.94999694824219,137237.0
2024-04-05,70.05000305175781,71.9000015258789,68.5999984741211,69.55000305175781,69.55000305175781,44708.0
2024-04-08,68.55000305175781,69.75,66.19999694824219,66.80000305175781,66.80000305175781,40117.0
2024-04-09,69.0,69.1500015258789,65.0999984741211,66.0,66.0,15243.0
2024-04-10,67.0,68.44999694824219,65.55000305175781,67.4000015258789,67.4000015258789,16959.0
2024-04-12,68.25,68.25,64.0999984741211,64.5,64.5,25764.0
2024-04-15,66.69999694824219,66.69999694824219,62.54999923706055,63.599998474121094,63.599998474121094,11985.0
2024-04-16,67.69999694824219,67.69999694824219,62.70000076293945,64.94999694824219,64.94999694824219,10462.0
2024-04-18,64.94999694824219,68.5999984741211,63.0,64.94999694824219,64.94999694824219,51238.0
2024-04-19,64.0,67.75,63.45000076293945,65.1500015258789,65.1500015258789,41761.0
2024-04-22,66.5,71.6500015258789,65.75,71.55000305175781,71.55000305175781,133451.0
2024-04-23,74.44999694824219,74.44999694824219,69.6500015258789,70.75,70.75,105143.0
2024-04-24,70.8499984741211,73.25,69.0,69.55000305175781,69.55000305175781,78341.0
2024-04-25,69.94999694824219,72.94999694824219,69.5,72.05000305175781,72.05000305175781,52493.0
2024-04-26,71.4000015258789,73.75,70.25,71.1500015258789,71.1500015258789,27121.0
2024-04-29,70.69999694824219,72.6500015258789,70.0,70.19999694824219,70.19999694824219,19956.0
2024-04-30,70.0,71.30000305175781,69.0999984741211,69.30000305175781,69.30000305175781,21667.0
2024-05-02,69.25,70.55000305175781,67.3499984741211,67.80000305175781,67.80000305175781,47782.0
2024-05-03,68.80000305175781,69.80000305175781,67.0999984741211,68.6500015258789,68.6500015258789,14740.0
2024-05-06,69.9000015258789,69.9000015258789,66.0999984741211,66.94999694824219,66.94999694824219,17888.0
2024-05-07,68.1500015258789,68.1500015258789,65.0,65.25,65.25,11394.0
2024-05-08,65.05000305175781,66.0,64.0999984741211,64.25,64.25,10771.0
2024-05-09,65.75,70.6500015258789,65.55000305175781,70.6500015258789,70.6500015258789,97196.0
2024-05-10,72.0,74.9000015258789,67.4000015258789,70.25,70.25,275829.0
2024-05-13,68.25,71.25,66.69999694824219,67.30000305175781,67.30000305175781,40745.0
2024-05-14,69.94999694824219,72.94999694824219,67.25,68.30000305175781,68.30000305175781,94821.0
2024-05-15,69.80000305175781,72.69999694824219,68.0,70.44999694824219,70.44999694824219,64467.0
2024-05-16,72.4000015258789,72.4000015258789,68.5999984741211,69.0999984741211,69.0999984741211,30043.0
2024-05-17,69.55000305175781,70.9000015258789,67.0,67.6500015258789,67.6500015258789,15122.0
2024-05-21,67.30000305175781,68.9000015258789,66.6500015258789,67.4000015258789,67.4000015258789,19314.0
2024-05-22,69.19999694824219,69.19999694824219,67.0,67.1500015258789,67.1500015258789,15105.0
2024-05-23,67.55000305175781,68.5,66.0999984741211,66.69999694824219,66.69999694824219,16945.0
2024-05-24,66.0,66.0,63.29999923706055,64.30000305175781,64.30000305175781,45103.0
2024-05-27,64.30000305175781,66.8499984741211,63.099998474121094,63.599998474121094,63.599998474121094,15258.0
2024-05-28,66.19999694824219,66.19999694824219,62.29999923706055,62.650001525878906,62.650001525878906,12386.0
2024-05-29,62.75,63.400001525878906,61.5,62.75,62.75,22120.0
2024-05-30,63.45000076293945,63.5,60.54999923706055,60.849998474121094,60.849998474121094,31629.0
2024-05-31,62.900001525878906,62.900001525878906,58.0,59.95000076293945,59.95000076293945,28189.0
2024-06-03,63.70000076293945,63.70000076293945,59.099998474121094,60.04999923706055,60.04999923706055,27978.0
2024-06-04,61.79999923706055,61.79999923706055,56.0,56.79999923706055,56.79999923706055,35538.0
2024-06-05,58.900001525878906,62.0,57.04999923706055,60.20000076293945,60.20000076293945,21709.0
2024-06-06,63.0,66.19999694824219,60.29999923706055,66.19999694824219,66.19999694824219,48046.0
2024-06-07,68.1500015258789,70.75,66.3499984741211,68.0999984741211,68.0999984741211,104856.0
2024-06-10,70.0,70.0,65.81999969482422,69.0199966430664,69.0199966430664,116673.0
2024-06-11,69.30000305175781,69.36000061035156,66.0,67.12000274658203,67.12000274658203,57763.0
2024-06-12,69.0,70.4000015258789,67.08000183105469,67.87000274658203,67.87000274658203,51372.0
2024-06-13,68.5,68.75,66.20999908447266,68.12999725341797,68.12999725341797,34748.0
2024-06-14,69.5,78.45999908447266,67.20999908447266,76.79000091552734,76.79000091552734,411444.0
2024-06-18,80.0,80.80000305175781,72.5999984741211,73.19000244140625,73.19000244140625,297857.0
2024-06-19,73.19999694824219,74.8499984741211,72.08999633789062,72.97000122070312,72.97000122070312,60665.0
2024-06-20,73.0,76.69999694824219,72.30999755859375,73.08000183105469,73.08000183105469,71079.0
2024-06-21,73.08000183105469,74.4000015258789,72.0,72.26000213623047,72.26000213623047,38881.0
2024-06-24,72.88999938964844,75.0,72.4000015258789,72.8499984741211,72.8499984741211,54889.0
2024-06-25,74.69000244140625,74.69999694824219,72.54000091552734,72.98999786376953,72.98999786376953,30185.0
2024-06-26,73.0,73.80000305175781,71.79000091552734,72.33000183105469,72.33000183105469,31302.0
2024-06-27,71.0,74.0,71.0,71.7699966430664,71.7699966430664,26538.0
2024-06-28,71.87999725341797,73.9800033569336,68.0,69.94000244140625,69.94000244140625,130822.0
2024-07-01,70.98999786376953,74.0,69.26000213623047,72.0199966430664,72.0199966430664,54455.0
2024-07-02,72.0,73.45999908447266,71.0,71.97000122070312,71.97000122070312,43200.0
2024-07-03,72.0999984741211,75.5999984741211,72.0999984741211,73.80000305175781,73.80000305175781,230726.0
2024-07-04,74.62999725341797,78.0,72.80000305175781,76.69000244140625,76.69000244140625,335164.0
2024-07-05,77.0,77.63999938964844,74.12000274658203,75.47000122070312,75.47000122070312,77307.0
2024-07-08,76.25,78.44999694824219,74.0,75.55999755859375,75.55999755859375,121692.0
2024-07-09,77.19999694824219,77.19999694824219,73.01000213623047,74.05000305175781,74.05000305175781,59141.0
2024-07-10,73.12000274658203,74.5,71.0,71.54000091552734,71.54000091552734,63273.0
2024-07-11,72.0,74.44000244140625,71.48999786376953,72.69000244140625,72.69000244140625,40282.0
2024-07-12,72.19999694824219,73.48999786376953,71.0,71.1500015258789,71.1500015258789,30533.0
2024-07-15,72.0,73.98999786376953,71.44999694824219,72.51000213623047,72.51000213623047,69943.0
2024-07-16,72.79000091552734,72.80000305175781,70.51000213623047,71.66000366210938,71.66000366210938,24056.0
2024-07-18,71.66000366210938,73.98999786376953,70.91999816894531,71.94000244140625,71.94000244140625,73278.0
2024-07-19,72.05000305175781,74.0,70.11000061035156,70.18000030517578,70.18000030517578,58900.0
2024-07-22,69.0,72.12000274658203,69.0,70.13999938964844,70.13999938964844,36408.0
2024-07-23,70.48999786376953,71.44999694824219,67.25,69.05000305175781,69.05000305175781,49231.0
2024-07-24,69.9000015258789,71.5,69.19999694824219,69.97000122070312,69.97000122070312,30274.0
2024-07-25,70.80000305175781,71.58999633789062,69.58999633789062,70.0199966430664,70.0199966430664,14716.0
2024-07-26,70.5,71.48999786376953,69.41999816894531,70.29000091552734,70.29000091552734,17795.0
2024-07-29,71.98999786376953,71.98999786376953,69.31999969482422,70.27999877929688,70.27999877929688,17630.0
2024-07-30,71.5,78.94000244140625,70.01000213623047,77.41999816894531,77.41999816894531,218630.0
2024-07-31,77.5,78.5,74.0,75.4800033569336,75.4800033569336,114565.0
2024-08-01,75.87999725341797,76.58999633789062,72.12999725341797,73.43000030517578,73.43000030517578,77165.0
2024-08-02,73.0,74.88999938964844,70.0,70.83999633789062,70.83999633789062,46464.0
2024-08-05,70.0,71.56999969482422,63.52000045776367,66.05000305175781,66.05000305175781,116770.0
2024-08-06,68.0,69.80000305175781,67.0199966430664,67.5199966430664,67.5199966430664,27492.0
2024-08-07,67.0,68.87999725341797,66.55000305175781,67.18000030517578,67.18000030517578,36801.0
2024-08-08,65.0999984741211,68.87000274658203,65.0999984741211,66.88999938964844,66.88999938964844,24185.0
2024-08-09,68.69999694824219,68.75,65.0,66.2300033569336,66.2300033569336,42630.0
2024-08-12,70.80000305175781,79.47000122070312,70.69999694824219,79.47000122070312,79.47000122070312,304621.0
2024-08-13,85.0,87.9000015258789,73.27999877929688,74.38999938964844,74.38999938964844,611733.0
2024-08-14,75.05000305175781,76.66000366210938,73.5,74.29000091552734,74.29000091552734,87419.0
2024-08-16,74.0999984741211,77.0,74.0,75.68000030517578,75.68000030517578,54226.0
2024-08-19,76.0,84.29000091552734,74.52999877929688,83.12000274658203,83.12000274658203,398417.0
2024-08-20,83.5,83.5,79.0,79.23999786376953,79.23999786376953,133743.0
2024-08-21,79.9000015258789,81.88999938964844,78.30999755859375,79.9800033569336,79.9800033569336,127368.0
2024-08-22,80.29000091552734,85.5,80.29000091552734,84.55999755859375,84.55999755859375,290483.0
2024-08-23,86.0,86.5,82.5999984741211,83.25,83.25,206730.0
2024-08-26,84.19999694824219,85.0199966430664,81.41000366210938,82.6500015258789,82.6500015258789,96908.0
2024-08-27,82.55000305175781,83.5,79.11000061035156,79.6500015258789,79.6500015258789,56386.0
2024-08-28,80.0,80.79000091552734,78.13999938964844,78.4800033569336,78.4800033569336,40441.0
2024-08-29,78.98999786376953,80.05000305175781,76.69999694824219,77.05999755859375,77.05999755859375,34148.0
2024-08-30,77.05999755859375,81.9000015258789,77.05999755859375,78.26000213623047,78.26000213623047,48819.0
2024-09-02,80.0,81.0,76.0,77.05999755859375,77.05999755859375,30251.0
2024-09-03,76.05000305175781,77.95999908447266,76.0,76.11000061035156,76.11000061035156,32097.0
2024-09-04,76.16000366210938,79.88999938964844,75.87000274658203,77.19000244140625,77.19000244140625,65016.0
2024-09-05,79.98999786376953,79.98999786376953,77.5199966430664,77.83000183105469,77.83000183105469,14177.0
2024-09-06,77.4800033569336,78.36000061035156,75.5,76.91999816894531,76.91999816894531,33233.0
2024-09-09,78.0,78.0,74.20999908447266,74.83000183105469,74.83000183105469,36921.0
2024-09-10,76.5,77.4800033569336,75.01000213623047,76.30999755859375,76.30999755859375,19098.0
2024-09-11,78.4000015258789,78.4000015258789,74.5999984741211,74.93000030517578,74.93000030517578,28133.0
2024-09-12,76.80999755859375,77.48999786376953,74.26000213623047,75.05000305175781,75.05000305175781,30805.0
2024-09-13,76.18000030517578,80.4000015258789,74.62000274658203,78.4000015258789,78.4000015258789,99286.0
2024-09-16,79.25,80.30000305175781,76.51000213623047,77.2300033569336,77.2300033569336,29408.0
2024-09-17,78.98999786376953,78.98999786376953,75.0199966430664,75.83000183105469,75.83000183105469,39524.0
2024-09-18,76.05000305175781,77.69999694824219,75.5199966430664,76.16000366210938,76.16000366210938,15156.0
2024-09-19,75.51000213623047,77.5,73.0,73.16999816894531,73.16999816894531,31743.0
2024-09-20,76.0,76.0,72.58999633789062,73.55999755859375,73.55999755859375,29406.0
2024-09-23,76.0,76.0,73.69999694824219,74.0199966430664,74.0199966430664,13722.0
2024-09-24,75.80000305175781,75.80000305175781,71.61000061035156,72.18000030517578,72.18000030517578,22062.0
2024-09-25,72.18000030517578,73.26000213623047,71.75,72.0199966430664,72.0199966430664,13893.0
2024-09-26,73.91999816894531,74.47000122070312,70.55999755859375,71.9000015258789,71.9000015258789,24844.0
2024-09-27,73.51000213623047,73.52999877929688,71.91000366210938,71.94999694824219,71.94999694824219,19343.0
2024-09-30,73.0,74.29000091552734,70.25,70.6500015258789,70.6500015258789,20750.0
2024-10-01,71.0,73.4800033569336,70.55000305175781,71.12999725341797,71.12999725341797,23442.0
2024-10-03,70.5999984741211,71.98999786376953,69.0,69.8499984741211,69.8499984741211,16498.0
2024-10-04,68.30000305175781,71.69000244140625,68.30000305175781,69.68000030517578,69.68000030517578,12312.0
2024-10-07,72.0,72.0,63.060001373291016,65.87999725341797,65.87999725341797,27996.0
2024-10-08,65.0,68.0999984741211,64.11000061035156,67.63999938964844,67.63999938964844,18010.0
2024-10-09,69.54000091552734,70.0199966430664,68.0199966430664,68.29000091552734,68.29000091552734,11907.0
2024-10-10,71.4000015258789,71.4000015258789,66.19999694824219,68.12999725341797,68.12999725341797,14058.0
2024-10-11,69.1500015258789,69.29000091552734,67.37000274658203,67.80000305175781,67.80000305175781,6319.0
2024-10-14,67.1500015258789,69.80000305175781,67.1500015258789,69.20999908447266,69.20999908447266,10933.0
2024-10-15,69.9800033569336,70.5,68.55000305175781,69.16999816894531,69.16999816894531,5238.0
2024-10-16,70.44999694824219,70.44999694824219,67.0,67.55000305175781,67.55000305175781,16846.0
2024-10-17,67.79000091552734,70.01000213623047,67.0,67.31999969482422,67.31999969482422,20580.0
2024-10-18,67.31999969482422,72.1500015258789,66.62999725341797,70.5199966430664,70.5199966430664,65458.0
2024-10-21,71.97000122070312,73.0,68.4000015258789,68.87000274658203,68.87000274658203,10628.0
2024-10-22,70.55000305175781,70.55000305175781,64.19999694824219,65.30000305175781,65.30000305175781,25300.0
2024-10-23,64.0999984741211,67.79000091552734,64.0999984741211,65.45999908447266,65.45999908447266,34791.0
2024-10-24,69.0,69.0,64.26000213623047,64.80999755859375,64.80999755859375,12218.0
2024-10-25,66.47000122070312,66.47000122070312,60.20000076293945,60.59000015258789,60.59000015258789,34561.0
2024-10-28,59.29999923706055,64.23999786376953,59.29999923706055,63.369998931884766,63.369998931884766,14935.0
2024-10-29,65.80000305175781,65.80000305175781,60.56999969482422,61.68000030517578,61.68000030517578,20202.0
2024-10-30,64.0,64.0,62.5,62.849998474121094,62.849998474121094,23790.0
2024-10-31,63.209999084472656,64.4000015258789,62.41999816894531,63.779998779296875,63.779998779296875,15989.0
2024-11-01,64.80000305175781,65.5,63.54999923706055,64.1500015258789,64.1500015258789,6387.0
2024-11-04,64.1500015258789,65.75,61.5099983215332,62.58000183105469,62.58000183105469,11672.0
2024-11-05,63.84000015258789,65.76000213623047,62.220001220703125,64.58999633789062,64.58999633789062,15322.0
2024-11-06,66.1500015258789,68.0,64.69999694824219,65.69999694824219,65.69999694824219,27762.0
2024-11-07,66.69000244140625,66.75,65.26000213623047,65.5199966430664,65.5199966430664,10056.0
2024-11-08,67.0,67.0,64.0,64.37000274658203,64.37000274658203,8337.0
2024-11-11,65.70999908447266,65.94999694824219,62.5099983215332,62.72999954223633,62.72999954223633,27494.0
2024-11-12,63.58000183105469,63.58000183105469,62.029998779296875,62.95000076293945,62.95000076293945,17301.0
2024-11-13,63.0,63.0,60.0,60.189998626708984,60.189998626708984,24604.0
2024-11-14,61.650001525878906,62.13999938964844,59.45000076293945,60.02000045776367,60.02000045776367,13804.0
2024-11-18,61.54999923706055,61.900001525878906,58.209999084472656,59.25,59.25,10972.0
2024-11-19,61.04999923706055,61.25,59.0,59.380001068115234,59.380001068115234,11723.0
2024-11-21,60.81999969482422,60.849998474121094,55.20000076293945,57.220001220703125,57.220001220703125,11867.0
2024-11-22,58.650001525878906,59.06999969482422,57.209999084472656,58.61000061035156,58.61000061035156,7565.0
2024-11-25,60.0,61.90999984741211,60.0,61.130001068115234,61.130001068115234,16179.0
2024-11-26,62.38999938964844,62.9900016784668,60.400001525878906,61.54999923706055,61.54999923706055,7092.0
2024-11-27,61.0099983215332,62.0,61.0099983215332,61.560001373291016,61.560001373291016,4429.0
2024-11-28,63.400001525878906,63.400001525878906,60.0,60.83000183105469,60.83000183105469,14924.0
2024-11-29,61.7400016784668,62.59000015258789,58.970001220703125,60.529998779296875,60.529998779296875,19232.0
2024-12-02,60.790000915527344,63.20000076293945,58.90999984741211,61.599998474121094,61.599998474121094,48856.0
2024-12-03,61.560001373291016,62.0099983215332,59.0,60.95000076293945,60.95000076293945,28626.0
2024-12-04,61.0099983215332,65.12000274658203,60.20000076293945,62.65999984741211,62.65999984741211,37539.0
2024-12-05,63.529998779296875,65.87999725341797,63.099998474121094,63.65999984741211,63.65999984741211,24204.0
2024-12-06,65.45999908447266,65.45999908447266,63.04999923706055,63.54999923706055,63.54999923706055,11433.0
2024-12-09,64.80000305175781,68.0,63.52000045776367,66.23999786376953,66.23999786376953,49904.0
2024-12-10,67.5,67.5,64.5,64.87000274658203,64.87000274658203,23484.0
2024-12-11,64.58000183105469,66.88999938964844,64.05000305175781,64.45999908447266,64.45999908447266,7236.0
2024-12-12,65.41999816894531,66.0,62.0,62.630001068115234,62.630001068115234,20586.0
2024-12-13,64.0,64.20999908447266,62.5099983215332,63.040000915527344,63.040000915527344,4569.0
2024-12-16,62.54999923706055,64.1500015258789,62.5,62.95000076293945,62.95000076293945,11045.0
2024-12-17,64.19999694824219,64.19999694824219,62.5,62.54999923706055,62.54999923706055,2093.0
2024-12-18,62.54999923706055,65.9000015258789,61.0,62.970001220703125,62.970001220703125,44145.0
2024-12-19,62.95000076293945,63.95000076293945,62.119998931884766,62.619998931884766,62.619998931884766,13842.0
2024-12-20,63.630001068115234,64.0,60.5,60.70000076293945,60.70000076293945,13272.0
2024-12-23,63.0,63.0,59.29999923706055,60.150001525878906,60.150001525878906,11719.0
2024-12-24,61.099998474121094,62.38999938964844,58.29999923706055,59.70000076293945,59.70000076293945,10885.0
2024-12-26,61.0099983215332,62.279998779296875,59.61000061035156,60.220001220703125,60.220001220703125,9064.0
2024-12-27,61.369998931884766,61.56999969482422,59.720001220703125,60.08000183105469,60.08000183105469,5433.0
2024-12-30,60.08000183105469,60.619998931884766,58.060001373291016,59.150001525878906,59.150001525878906,5856.0
2024-12-31,58.060001373291016,60.54999923706055,58.060001373291016,59.90999984741211,59.90999984741211,8134.0
2025-01-01,60.68000030517578,62.189998626708984,59.689998626708984,61.16999816894531,61.16999816894531,6693.0
2025-01-02,61.540000915527344,62.34000015258789,60.5,61.58000183105469,61.58000183105469,7493.0
2025-01-03,61.880001068115234,67.0,60.68000030517578,66.3499984741211,66.3499984741211,80003.0
2025-01-06,66.51000213623047,68.87999725341797,61.470001220703125,62.08000183105469,62.08000183105469,46253.0
2025-01-07,63.5,64.4800033569336,61.650001525878906,62.150001525878906,62.150001525878906,8152.0
2025-01-08,62.63999938964844,63.58000183105469,61.36000061035156,61.599998474121094,61.599998474121094,4015.0
2025-01-09,61.97999954223633,62.189998626708984,60.099998474121094,60.70000076293945,60.70000076293945,4977.0
2025-01-10,60.099998474121094,61.220001220703125,57.43000030517578,58.439998626708984,58.439998626708984,18811.0
2025-01-13,58.0,58.5099983215332,54.0,54.720001220703125,54.720001220703125,16088.0
2025-01-14,56.0,56.84000015258789,54.650001525878906,56.540000915527344,56.540000915527344,7428.0
2025-01-15,57.38999938964844,58.4900016784668,55.0,55.9900016784668,55.9900016784668,8947.0
2025-01-16,57.130001068115234,61.95000076293945,56.5099983215332,59.5,59.5,57537.0
2025-01-17,59.84000015258789,60.20000076293945,58.099998474121094,58.849998474121094,58.849998474121094,9349.0
2025-01-20,61.83000183105469,61.84000015258789,59.2400016784668,60.7400016784668,60.7400016784668,9302.0
2025-01-21,61.599998474121094,61.599998474121094,58.869998931884766,59.0099983215332,59.0099983215332,3559.0
2025-01-22,59.0099983215332,59.0099983215332,57.5,57.849998474121094,57.849998474121094,3105.0
2025-01-23,57.59000015258789,59.599998474121094,57.59000015258789,59.25,59.25,3001.0
2025-01-24,60.40999984741211,60.40999984741211,57.61000061035156,58.59000015258789,58.59000015258789,3297.0
2025-01-27,59.5,59.5,55.22999954223633,55.79999923706055,55.79999923706055,5129.0
2025-01-28,55.2400016784668,56.45000076293945,54.310001373291016,56.08000183105469,56.08000183105469,6210.0
2025-01-29,57.20000076293945,58.540000915527344,55.810001373291016,57.40999984741211,57.40999984741211,4132.0
2025-01-30,57.06999969482422,58.970001220703125,56.869998931884766,58.290000915527344,58.290000915527344,4670.0
2025-01-31,58.06999969482422,59.0,58.06999969482422,58.70000076293945,58.70000076293945,1609.0
2025-02-01,59.59000015258789,59.59000015258789,56.04999923706055,56.47999954223633,56.47999954223633,17380.0
2025-02-03,56.5,56.5,54.90999984741211,55.619998931884766,55.619998931884766,8466.0
2025-02-04,56.47999954223633,56.47999954223633,55.0,55.40999984741211,55.40999984741211,5708.0
2025-02-05,55.83000183105469,56.5,55.0,55.31999969482422,55.31999969482422,21055.0
2025-02-06,56.4900016784668,56.59000015258789,55.099998474121094,55.34000015258789,55.34000015258789,4675.0
2025-02-07,56.45000076293945,56.4900016784668,54.54999923706055,55.27000045776367,55.27000045776367,8816.0
2025-02-10,55.9900016784668,55.9900016784668,53.5,54.27000045776367,54.27000045776367,8773.0
2025-02-11,55.099998474121094,55.099998474121094,53.0,53.56999969482422,53.56999969482422,5538.0
2025-02-12,53.58000183105469,55.380001068115234,50.0099983215332,53.27000045776367,53.27000045776367,11206.0
2025-02-13,52.0,56.939998626708984,50.599998474121094,52.70000076293945,52.70000076293945,2322.0
2025-02-14,52.709999084472656,52.9900016784668,47.099998474121094,47.97999954223633,47.97999954223633,11331.0
2025-02-17,47.97999954223633,48.9900016784668,45.099998474121094,46.31999969482422,46.31999969482422,13520.0
2025-02-18,46.31999969482422,46.31999969482422,43.29999923706055,44.40999984741211,44.40999984741211,8045.0
2025-02-19,43.959999084472656,47.79999923706055,43.5,45.75,45.75,13072.0
2025-02-20,46.5,48.34000015258789,45.5,48.0,48.0,22485.0
2025-02-21,48.5,50.380001068115234,48.290000915527344,49.7400016784668,49.7400016784668,7127.0
2025-02-24,49.29999923706055,51.189998626708984,47.0,47.650001525878906,47.650001525878906,17203.0
2025-02-25,48.650001525878906,48.650001525878906,46.0,47.290000915527344,47.290000915527344,1929.0
2025-02-27,47.0,49.45000076293945,44.0,44.25,44.25,22395.0
2025-02-28,45.25,45.290000915527344,42.220001220703125,43.9900016784668,43.9900016784668,9365.0
2025-03-03,43.65999984741211,44.9900016784668,41.11000061035156,43.52000045776367,43.52000045776367,14494.0
2025-03-04,44.18000030517578,45.20000076293945,41.5,42.18000030517578,42.18000030517578,8413.0
2025-03-05,43.029998779296875,44.97999954223633,41.810001373291016,43.650001525878906,43.650001525878906,18306.0
2025-03-06,44.869998931884766,45.0,43.0099983215332,44.45000076293945,44.45000076293945,9739.0
2025-03-07,44.45000076293945,45.29999923706055,43.7599983215332,44.099998474121094,44.099998474121094,14976.0
2025-03-10,44.81999969482422,45.59000015258789,40.20000076293945,40.9900016784668,40.9900016784668,29417.0
2025-03-11,41.88999938964844,41.900001525878906,40.310001373291016,41.560001373291016,41.560001373291016,18494.0
2025-03-12,42.560001373291016,43.400001525878906,41.0,41.310001373291016,41.310001373291016,3198.0
2025-03-13,40.29999923706055,41.290000915527344,40.0,40.13999938964844,40.13999938964844,19656.0
2025-03-17,41.150001525878906,41.63999938964844,39.97999954223633,40.15999984741211,40.15999984741211,23218.0
2025-03-18,40.15999984741211,40.15999984741211,40.15999984741211,40.15999984741211,40.15999984741211,0.0
2025-03-19,40.959999084472656,41.56999969482422,40.59000015258789,40.900001525878906,40.900001525878906,25402.0
2025-03-20,41.13999938964844,43.849998474121094,41.130001068115234,42.880001068115234,42.880001068115234,55339.0
2025-03-21,43.45000076293945,48.0,42.810001373291016,46.56999969482422,46.56999969482422,64827.0
2025-03-24,47.56999969482422,55.880001068115234,46.630001068115234,55.880001068115234,55.880001068115234,117357.0
2025-03-25,55.5,55.5,50.40999984741211,51.189998626708984,51.189998626708984,114251.0
2025-03-26,51.0,51.0,45.79999923706055,46.72999954223633,46.72999954223633,61613.0
2025-03-27,46.72999954223633,47.209999084472656,42.0099983215332,43.630001068115234,43.630001068115234,43223.0
2025-03-28,46.9900016784668,47.59000015258789,44.119998931884766,45.25,45.25,48236.0
2025-04-01,47.0,47.5,44.5,46.97999954223633,46.97999954223633,21321.0
2025-04-02,46.97999954223633,49.2400016784668,46.04999923706055,46.540000915527344,46.540000915527344,32387.0
2025-04-03,54.0,54.0,47.0099983215332,47.540000915527344,47.540000915527344,67344.0
2025-04-04,47.5,49.369998931884766,45.84000015258789,46.2400016784668,46.2400016784668,24585.0
2025-04-07,45.5,45.79999923706055,42.709999084472656,44.68000030517578,44.68000030517578,45461.0
2025-04-08,44.83000183105469,48.63999938964844,44.20000076293945,45.33000183105469,45.33000183105469,9237.0
2025-04-09,45.0,47.689998626708984,44.22999954223633,45.41999816894531,45.41999816894531,8918.0
2025-04-11,46.099998474121094,47.5,45.43000030517578,46.189998626708984,46.189998626708984,5560.0
2025-04-15,48.70000076293945,48.70000076293945,46.11000061035156,46.290000915527344,46.290000915527344,11803.0
2025-04-16,46.959999084472656,48.59000015258789,46.75,47.95000076293945,47.95000076293945,12820.0
2025-04-17,48.0099983215332,48.79999923706055,47.04999923706055,48.380001068115234,48.380001068115234,2630.0
2025-04-21,50.34000015258789,50.34000015258789,47.0099983215332,48.7400016784668,48.7400016784668,6967.0
2025-04-22,48.7400016784668,50.0099983215332,47.90999984741211,48.66999816894531,48.66999816894531,9740.0
2025-04-23,49.97999954223633,50.0,48.0099983215332,48.90999984741211,48.90999984741211,8121.0
2025-04-24,49.599998474121094,53.0,48.290000915527344,51.58000183105469,51.58000183105469,22913.0
2025-04-25,51.58000183105469,52.40999984741211,45.04999923706055,46.95000076293945,46.95000076293945,42237.0
2025-04-28,48.790000915527344,48.79999923706055,46.20000076293945,46.9900016784668,46.9900016784668,16341.0
2025-04-29,47.189998626708984,48.2599983215332,47.130001068115234,47.2400016784668,47.2400016784668,11319.0
2025-04-30,47.25,47.400001525878906,44.20000076293945,45.58000183105469,45.58000183105469,9791.0
2025-05-02,45.58000183105469,46.77000045776367,45.58000183105469,45.58000183105469,45.58000183105469,2631.0
2025-05-05,46.75,47.59000015258789,45.11000061035156,46.65999984741211,46.65999984741211,4199.0
2025-05-06,46.66999816894531,46.97999954223633,44.5,45.540000915527344,45.540000915527344,4915.0
2025-05-07,45.459999084472656,46.91999816894531,44.2400016784668,46.25,46.25,3274.0
2025-05-08,46.9900016784668,49.790000915527344,45.619998931884766,47.25,47.25,34776.0
2025-05-09,47.25,47.25,45.0099983215332,45.52000045776367,45.52000045776367,6918.0
2025-05-12,46.560001373291016,48.93000030517578,46.5,47.130001068115234,47.130001068115234,10993.0
2025-05-13,47.0,48.790000915527344,47.0,47.77000045776367,47.77000045776367,10763.0
2025-05-14,48.5,52.29999923706055,47.54999923706055,50.90999984741211,50.90999984741211,33567.0
2025-05-15,52.439998626708984,53.54999923706055,50.02000045776367,51.650001525878906,51.650001525878906,35723.0
2025-05-16,51.16999816894531,52.9900016784668,50.5,51.63999938964844,51.63999938964844,17655.0
2025-05-19,52.880001068115234,53.599998474121094,51.650001525878906,51.790000915527344,51.790000915527344,13646.0
2025-05-20,52.599998474121094,52.599998474121094,50.04999923706055,50.16999816894531,50.16999816894531,18549.0
2025-05-21,50.900001525878906,52.61000061035156,50.880001068115234,51.119998931884766,51.119998931884766,14410.0
2025-05-22,51.79999923706055,52.380001068115234,50.650001525878906,50.810001373291016,50.810001373291016,5488.0
2025-05-23,51.31999969482422,51.970001220703125,50.11000061035156,51.060001373291016,51.060001373291016,7566.0
2025-05-26,51.95000076293945,53.790000915527344,50.720001220703125,51.02000045776367,51.02000045776367,14368.0
2025-05-27,51.68000030517578,52.29999923706055,50.40999984741211,50.86000061035156,50.86000061035156,6031.0
2025-05-28,50.25,55.79999923706055,50.0,53.54999923706055,53.54999923706055,102700.0
2025-05-29,54.400001525878906,55.04999923706055,50.84000015258789,51.790000915527344,51.790000915527344,82475.0
2025-05-30,50.95000076293945,50.95000076293945,49.0,50.06999969482422,50.06999969482422,35329.0
2025-06-02,51.15999984741211,51.15999984741211,49.54999923706055,50.189998626708984,50.189998626708984,13317.0
2025-06-03,51.5,51.880001068115234,50.33000183105469,50.630001068115234,50.630001068115234,10588.0
2025-06-04,51.9900016784668,51.9900016784668,49.0,49.45000076293945,49.45000076293945,4628.0
2025-06-05,49.720001220703125,51.18000030517578,49.209999084472656,50.650001525878906,50.650001525878906,7480.0
2025-06-06,50.650001525878906,51.189998626708984,49.5,49.95000076293945,49.95000076293945,15071.0
2025-06-09,51.0,51.97999954223633,50.209999084472656,51.2400016784668,51.2400016784668,8123.0
2025-06-10,51.97999954223633,51.97999954223633,50.20000076293945,51.599998474121094,51.599998474121094,10086.0
2025-06-11,51.599998474121094,51.97999954223633,50.529998779296875,50.95000076293945,50.95000076293945,13405.0
2025-06-12,51.5,53.400001525878906,50.099998474121094,50.45000076293945,50.45000076293945,9619.0
2025-06-13,50.0,50.689998626708984,49.099998474121094,49.5099983215332,49.5099983215332,6052.0
2025-06-16,49.75,51.38999938964844,49.65999984741211,50.060001373291016,50.060001373291016,10643.0
2025-06-17,52.20000076293945,52.20000076293945,49.52000045776367,50.2599983215332,50.2599983215332,13059.0
2025-06-18,50.70000076293945,50.70000076293945,49.5099983215332,49.56999969482422,49.56999969482422,2517.0
2025-06-19,50.29999923706055,50.5,49.04999923706055,49.15999984741211,49.15999984741211,7130.0
2025-06-20,49.560001373291016,50.0,48.20000076293945,49.20000076293945,49.20000076293945,11981.0
2025-06-23,50.0,50.0,49.0,49.47999954223633,49.47999954223633,3019.0
2025-06-24,50.20000076293945,50.20000076293945,48.400001525878906,49.31999969482422,49.31999969482422,7408.0
2025-06-25,49.099998474121094,50.97999954223633,49.099998474121094,49.58000183105469,49.58000183105469,24605.0
2025-06-26,49.58000183105469,50.81999969482422,49.58000183105469,49.7400016784668,49.7400016784668,6451.0
2025-06-27,50.20000076293945,50.439998626708984,49.0,49.439998626708984,49.439998626708984,20901.0
2025-06-30,49.849998474121094,50.0,49.5099983215332,49.72999954223633,49.72999954223633,4229.0
2025-07-01,49.7400016784668,50.84000015258789,49.400001525878906,49.52000045776367,49.52000045776367,5568.0
2025-07-02,49.52000045776367,49.939998626708984,49.099998474121094,49.279998779296875,49.279998779296875,2747.0
2025-07-03,49.2599983215332,49.70000076293945,49.04999923706055,49.68000030517578,49.68000030517578,3350.0
2025-07-04,49.68000030517578,55.790000915527344,49.220001220703125,54.54999923706055,54.54999923706055,217725.0
2025-07-07,54.900001525878906,55.47999954223633,53.099998474121094,55.04999923706055,55.04999923706055,61336.0
2025-07-08,55.04999923706055,55.04999923706055,52.33000183105469,52.77000045776367,52.77000045776367,23778.0
2025-07-09,55.0,55.0,51.0,51.560001373291016,51.560001373291016,24408.0
2025-07-10,53.5,53.5,50.52000045776367,50.939998626708984,50.939998626708984,15697.0
2025-07-11,51.5,52.15999984741211,50.0099983215332,51.5,51.5,15260.0
2025-07-14,51.70000076293945,55.0,51.70000076293945,54.0,54.0,52276.0
2025-07-15,54.0,55.38999938964844,53.61000061035156,54.439998626708984,54.439998626708984,14269.0
2025-07-16,54.439998626708984,54.439998626708984,52.04999923706055,52.31999969482422,52.31999969482422,10327.0
2025-07-17,52.31999969482422,52.79999923706055,51.11000061035156,51.849998474121094,51.849998474121094,7512.0
2025-07-18,51.66999816894531,53.5,50.849998474121094,51.459999084472656,51.459999084472656,15688.0
2025-07-21,53.25,53.25,51.0,51.22999954223633,51.22999954223633,7833.0
2025-07-22,50.38999938964844,51.5,50.38999938964844,50.439998626708984,50.439998626708984,7988.0
2025-07-23,51.099998474121094,51.5,50.04999923706055,50.130001068115234,50.130001068115234,10999.0
2025-07-24,51.38999938964844,52.0,50.04999923706055,51.16999816894531,51.16999816894531,11492.0
2025-07-25,53.75,53.75,50.5,50.88999938964844,50.88999938964844,10704.0
2025-07-28,50.5,52.04999923706055,50.209999084472656,50.849998474121094,50.849998474121094,13973.0
2025-07-29,50.029998779296875,52.4900016784668,50.029998779296875,50.900001525878906,50.900001525878906,4293.0
2025-07-30,52.33000183105469,53.75,51.060001373291016,51.13999938964844,51.13999938964844,20204.0
2025-07-31,50.79999923706055,51.79999923706055,50.02000045776367,50.63999938964844,50.63999938964844,4050.0
2025-08-01,51.70000076293945,51.849998474121094,50.20000076293945,50.439998626708984,50.439998626708984,3709.0
2025-08-04,51.369998931884766,52.84000015258789,50.310001373291016,51.439998626708984,51.439998626708984,9815.0
2025-08-05,51.459999084472656,51.900001525878906,50.400001525878906,50.5,50.5,7996.0
2025-08-06,51.900001525878906,51.900001525878906,50.04999923706055,50.279998779296875,50.279998779296875,6857.0
2025-08-07,51.20000076293945,51.20000076293945,49.70000076293945,50.380001068115234,50.380001068115234,9163.0
2025-08-08,50.380001068115234,51.20000076293945,50.380001068115234,50.790000915527344,50.790000915527344,1958.0
2025-08-11,50.9900016784668,51.59000015258789,50.0,50.779998779296875,50.779998779296875,11910.0
2025-08-12,51.20000076293945,51.349998474121094,49.0099983215332,50.61000061035156,50.61000061035156,7575.0
2025-08-13,50.400001525878906,51.0,49.27000045776367,50.599998474121094,50.599998474121094,11157.0
2025-08-14,50.599998474121094,51.18000030517578,49.5,50.09000015258789,50.09000015258789,3515.0
2025-08-18,49.060001373291016,51.290000915527344,49.060001373291016,50.93000030517578,50.93000030517578,5786.0
2025-08-19,51.630001068115234,51.630001068115234,49.900001525878906,50.59000015258789,50.59000015258789,9904.0
2025-08-20,50.22999954223633,51.54999923706055,50.0,50.70000076293945,50.70000076293945,10608.0
2025-08-21,50.720001220703125,50.9900016784668,49.619998931884766,50.119998931884766,50.119998931884766,10210.0
2025-08-22,49.650001525878906,56.290000915527344,49.33000183105469,51.04999923706055,51.04999923706055,197202.0
2025-08-25,53.70000076293945,53.70000076293945,50.56999969482422,50.970001220703125,50.970001220703125,11328.0
2025-08-26,50.970001220703125,51.59000015258789,50.0099983215332,50.41999816894531,50.41999816894531,7557.0
2025-08-28,50.43000030517578,50.43000030517578,48.5,48.9900016784668,48.9900016784668,8877.0
2025-08-29,48.5,50.630001068115234,48.5,49.060001373291016,49.060001373291016,5689.0
2025-09-01,49.060001373291016,50.560001373291016,49.060001373291016,49.84000015258789,49.84000015258789,8686.0
2025-09-02,51.0,52.79999923706055,49.5,50.88999938964844,50.88999938964844,34291.0
2025-09-03,51.900001525878906,52.0,49.900001525878906,51.29999923706055,51.29999923706055,18854.0
2025-09-04,51.54999923706055,52.25,50.75,51.060001373291016,51.060001373291016,6800.0
2025-09-05,50.79999923706055,51.79999923706055,49.5,49.970001220703125,49.970001220703125,12446.0
2025-09-08,49.970001220703125,52.0,49.5,50.7599983215332,50.7599983215332,71435.0
2025-09-09,50.7599983215332,51.849998474121094,50.0,50.20000076293945,50.20000076293945,5522.0
2025-09-10,50.54999923706055,52.209999084472656,49.95000076293945,51.02000045776367,51.02000045776367,20266.0
2025-09-11,52.040000915527344,52.470001220703125,49.900001525878906,50.06999969482422,50.06999969482422,14956.0
2025-09-12,50.0099983215332,51.400001525878906,50.0099983215332,50.959999084472656,50.959999084472656,9841.0
2025-09-15,51.220001220703125,55.54999923706055,50.5,54.540000915527344,54.540000915527344,86468.0
2025-09-16,54.900001525878906,65.4000015258789,53.5,59.56999969482422,59.56999969482422,1056886.0
2025-09-17,60.2599983215332,64.25,59.59000015258789,61.36000061035156,61.36000061035156,215961.0
2025-09-18,61.849998474121094,61.9900016784668,58.04999923706055,58.68000030517578,58.68000030517578,37254.0
2025-09-19,59.0099983215332,59.599998474121094,56.150001525878906,56.72999954223633,56.72999954223633,33147.0
2025-09-22,57.599998474121094,68.06999969482422,57.119998931884766,63.83000183105469,63.83000183105469,881088.0
2025-09-23,63.81999969482422,64.80000305175781,60.20000076293945,61.41999816894531,61.41999816894531,110765.0
2025-09-24,60.29999923706055,62.45000076293945,57.5099983215332,58.119998931884766,58.119998931884766,77547.0
2025-09-25,58.0,60.5,55.709999084472656,56.279998779296875,56.279998779296875,51611.0
2025-09-26,56.099998474121094,57.279998779296875,54.209999084472656,54.79999923706055,54.79999923706055,30082.0
2025-09-29,54.54999923706055,56.400001525878906,53.79999923706055,54.70000076293945,54.70000076293945,33565.0
2025-09-30,55.09000015258789,55.869998931884766,53.79999923706055,54.779998779296875,54.779998779296875,18633.0
2025-10-01,54.400001525878906,59.58000183105469,54.400001525878906,56.279998779296875,56.279998779296875,83911.0
2025-10-03,56.29999923706055,59.9900016784668,56.29999923706055,57.09000015258789,57.09000015258789,40473.0
2025-10-06,57.52000045776367,58.29999923706055,55.0,55.720001220703125,55.720001220703125,20496.0
2025-10-07,55.720001220703125,64.0,55.720001220703125,61.31999969482422,61.31999969482422,248141.0
2025-10-08,62.619998931884766,63.5,58.5,59.150001525878906,59.150001525878906,226315.0
2025-10-09,59.150001525878906,62.20000076293945,58.20000076293945,59.849998474121094,59.849998474121094,47958.0
2025-10-10,61.25,62.290000915527344,59.04999923706055,60.900001525878906,60.900001525878906,127038.0
2025-10-13,60.29999923706055,60.29999923706055,58.04999923706055,58.7599983215332,58.7599983215332,23300.0
2025-10-14,59.439998626708984,59.439998626708984,56.15999984741211,57.0,57.0,16459.0
2025-10-15,57.88999938964844,58.2400016784668,56.209999084472656,56.7599983215332,56.7599983215332,16534.0
2025-10-16,57.83000183105469,58.0,55.25,55.7400016784668,55.7400016784668,14051.0
2025-10-17,55.7400016784668,56.849998474121094,55.5099983215332,55.88999938964844,55.88999938964844,6928.0
2025-10-20,56.84000015258789,56.84000015258789,54.599998474121094,54.97999954223633,54.97999954223633,17836.0
2025-10-21,55.0,56.0,54.099998474121094,55.7599983215332,55.7599983215332,3996.0
2025-10-23,56.0,62.400001525878906,56.0,59.349998474121094,59.349998474121094,107386.0
2025-10-24,60.20000076293945,60.290000915527344,58.099998474121094,58.20000076293945,58.20000076293945,12212.0
2025-10-27,58.4900016784668,61.20000076293945,57.650001525878906,59.5099983215332,59.5099983215332,47039.0
2025-10-28,59.880001068115234,59.97999954223633,57.5099983215332,57.619998931884766,57.619998931884766,19305.0
2025-10-29,58.5,59.7400016784668,57.599998474121094,57.790000915527344,57.790000915527344,6686.0
2025-10-30,57.5,59.18000030517578,56.5,56.63999938964844,56.63999938964844,13656.0
2025-10-31,59.59000015258789,59.59000015258789,57.0,58.20000076293945,58.20000076293945,14400.0
2025-11-03,57.5099983215332,58.900001525878906,56.20000076293945,56.790000915527344,56.790000915527344,34611.0
2025-11-04,58.220001220703125,58.220001220703125,55.599998474121094,56.040000915527344,56.040000915527344,17503.0
2025-11-06,58.75,58.75,55.29999923706055,55.77000045776367,55.77000045776367,21151.0
2025-11-07,56.5,59.02000045776367,55.27000045776367,57.689998626708984,57.689998626708984,22028.0
2025-11-10,58.5,60.45000076293945,57.45000076293945,59.83000183105469,59.83000183105469,64526.0
2025-11-11,60.5,60.9900016784668,58.349998474121094,58.68000030517578,58.68000030517578,40607.0
2025-11-12,59.18000030517578,61.52000045776367,58.459999084472656,59.75,59.75,73271.0
2025-11-13,60.29999923706055,60.369998931884766,56.04999923706055,56.88999938964844,56.88999938964844,37491.0
2025-11-14,56.88999938964844,57.2400016784668,55.20000076293945,55.560001373291016,55.560001373291016,37175.0
2025-11-17,55.33000183105469,56.7400016784668,55.220001220703125,55.7400016784668,55.7400016784668,14095.0
2025-11-18,56.599998474121094,56.709999084472656,54.52000045776367,55.36000061035156,55.36000061035156,26722.0
2025-11-19,55.0,56.7599983215332,54.5,56.0099983215332,56.0099983215332,46113.0
2025-11-20,56.900001525878906,56.900001525878906,54.599998474121094,54.83000183105469,54.83000183105469,33943.0
2025-11-21,54.599998474121094,55.91999816894531,54.27000045776367,54.650001525878906,54.650001525878906,15801.0
2025-11-24,54.70000076293945,55.84000015258789,52.349998474121094,53.34000015258789,53.34000015258789,33115.0
2025-11-25,55.0,55.5,53.34000015258789,53.529998779296875,53.529998779296875,15416.0
2025-11-26,55.5,55.5,53.529998779296875,54.720001220703125,54.720001220703125,14049.0
2025-11-27,54.720001220703125,54.720001220703125,53.61000061035156,53.900001525878906,53.900001525878906,7244.0
2025-11-28,53.79999923706055,54.08000183105469,53.400001525878906,53.61000061035156,53.61000061035156,2384.0
2025-12-01,53.61000061035156,56.779998779296875,53.02000045776367,54.04999923706055,54.04999923706055,66116.0
2025-12-02,53.20000076293945,55.060001373291016,53.20000076293945,53.34000015258789,53.34000015258789,14312.0
2025-12-03,53.95000076293945,54.209999084472656,52.11000061035156,52.58000183105469,52.58000183105469,9761.0
2025-12-04,53.65999984741211,53.75,52.0,52.61000061035156,52.61000061035156,7620.0
2025-12-05,54.70000076293945,54.72999954223633,51.5,52.11000061035156,52.11000061035156,7409.0
2025-12-08,51.91999816894531,53.08000183105469,49.5,50.20000076293945,50.20000076293945,11374.0
2025-12-09,49.0,52.790000915527344,48.900001525878906,51.88999938964844,51.88999938964844,3889.0
2025-12-10,52.13999938964844,52.27000045776367,49.709999084472656,50.209999084472656,50.209999084472656,6961.0
2025-12-11,50.220001220703125,52.25,49.33000183105469,50.560001373291016,50.560001373291016,5302.0
2025-12-12,50.5099983215332,51.790000915527344,49.29999923706055,50.33000183105469,50.33000183105469,5841.0
2025-12-15,51.099998474121094,51.099998474121094,49.0,49.86000061035156,49.86000061035156,6651.0
2025-12-16,50.0099983215332,51.0,49.40999984741211,50.02000045776367,50.02000045776367,3899.0
2025-12-17,50.209999084472656,51.7599983215332,50.029998779296875,50.380001068115234,50.380001068115234,2458.0
2025-12-18,51.599998474121094,51.599998474121094,48.5,48.790000915527344,48.790000915527344,7239.0
2025-12-19,49.939998626708984,49.97999954223633,47.099998474121094,48.630001068115234,48.630001068115234,15353.0
2025-12-22,48.5,50.16999816894531,47.310001373291016,49.130001068115234,49.130001068115234,10982.0
2025-12-23,49.619998931884766,50.02000045776367,47.79999923706055,48.63999938964844,48.63999938964844,7683.0
2025-12-24,48.29999923706055,49.599998474121094,47.9900016784668,48.25,48.25,12527.0
2025-12-26,47.099998474121094,49.97999954223633,47.099998474121094,48.5,48.5,7695.0
2025-12-29,48.0099983215332,48.88999938964844,47.29999923706055,47.61000061035156,47.61000061035156,12608.0
2025-12-30,48.560001373291016,48.88999938964844,47.150001525878906,47.560001373291016,47.560001373291016,15901.0
2025-12-31,47.400001525878906,49.79999923706055,47.400001525878906,47.970001220703125,47.970001220703125,7879.0
2026-01-01,48.0,49.540000915527344,47.5,47.869998931884766,47.869998931884766,8309.0
2026-01-02,47.86000061035156,49.220001220703125,46.959999084472656,47.290000915527344,47.290000915527344,23309.0
2026-01-05,47.9900016784668,48.0,46.0,47.310001373291016,47.310001373291016,5890.0
2026-01-06,47.36000061035156,48.95000076293945,46.150001525878906,46.9900016784668,46.9900016784668,9110.0
2026-01-07,46.20000076293945,48.4900016784668,46.20000076293945,47.52000045776367,47.52000045776367,7401.0
2026-01-08,48.4900016784668,48.4900016784668,45.5,46.119998931884766,46.119998931884766,4923.0
2026-01-09,46.119998931884766,46.119998931884766,42.619998931884766,44.459999084472656,44.459999084472656,24179.0
2026-01-12,44.459999084472656,45.900001525878906,42.95000076293945,44.83000183105469,44.83000183105469,13482.0
2026-01-13,44.900001525878906,46.0,43.099998474121094,43.4900016784668,43.4900016784668,10868.0
2026-01-14,43.97999954223633,45.13999938964844,42.380001068115234,43.439998626708984,43.439998626708984,59212.0
2026-01-16,44.29999923706055,44.75,42.65999984741211,43.16999816894531,43.16999816894531,18421.0
2026-01-19,46.0,51.79999923706055,44.040000915527344,51.79999923706055,51.79999923706055,606616.0
2026-01-20,56.0,58.400001525878906,46.22999954223633,48.36000061035156,48.36000061035156,697524.0
2026-01-21,47.70000076293945,48.29999923706055,44.599998474121094,45.599998474121094,45.599998474121094,61082.0
2026-01-22,46.119998931884766,46.83000183105469,43.650001525878906,45.189998626708984,45.189998626708984,37909.0
2026-01-23,46.0,46.790000915527344,44.0,44.040000915527344,44.040000915527344,32803.0
2026-01-27,44.5,47.0,43.0099983215332,44.4900016784668,44.4900016784668,18440.0
2026-01-28,44.619998931884766,46.290000915527344,44.11000061035156,44.68000030517578,44.68000030517578,23184.0
2026-01-29,44.90999984741211,45.849998474121094,43.15999984741211,44.0099983215332,44.0099983215332,21371.0
2026-01-30,44.0099983215332,44.5,42.90999984741211,43.90999984741211,43.90999984741211,7289.0
2026-02-02,44.70000076293945,44.70000076293945,41.119998931884766,42.439998626708984,42.439998626708984,8595.0
2026-02-03,43.9900016784668,44.0,42.400001525878906,43.15999984741211,43.15999984741211,11332.0
2026-02-04,44.70000076293945,44.70000076293945,43.11000061035156,43.529998779296875,43.529998779296875,18842.0
2026-02-05,43.529998779296875,44.349998474121094,43.529998779296875,43.900001525878906,43.900001525878906,2064.0
2026-02-06,43.5,44.52000045776367,43.0,43.5,43.5,1486.0
2026-02-09,46.0,46.0,43.099998474121094,45.599998474121094,45.599998474121094,20157.0
2026-02-10,46.5099983215332,46.5099983215332,44.61000061035156,45.04999923706055,45.04999923706055,13827.0
2026-02-11,44.810001373291016,45.93000030517578,44.5099983215332,44.90999984741211,44.90999984741211,11514.0
2026-02-12,44.5,44.900001525878906,44.150001525878906,44.2400016784668,44.2400016784668,4040.0
2026-02-13,44.619998931884766,44.619998931884766,43.20000076293945,43.5099983215332,43.5099983215332,14767.0
2026-02-16,46.20000076293945,46.20000076293945,42.119998931884766,43.68000030517578,43.68000030517578,6853.0
2026-02-17,43.29999923706055,44.54999923706055,42.9900016784668,43.84000015258789,43.84000015258789,6244.0
2026-02-18,44.04999923706055,44.13999938964844,42.349998474121094,43.08000183105469,43.08000183105469,10684.0
2026-02-19,43.939998626708984,44.72999954223633,41.20000076293945,42.04999923706055,42.04999923706055,23917.0
2026-02-20,45.5,45.5,41.810001373291016,43.11000061035156,43.11000061035156,10639.0
2026-02-23,43.11000061035156,43.11000061035156,41.25,41.939998626708984,41.939998626708984,7105.0
2026-02-24,41.939998626708984,44.0,41.099998474121094,42.369998931884766,42.369998931884766,13662.0
2026-02-25,43.0,44.220001220703125,41.779998779296875,42.34000015258789,42.34000015258789,28641.0
2026-02-26,41.70000076293945,43.29999923706055,41.70000076293945,42.849998474121094,42.849998474121094,4449.0
2026-02-27,43.0,43.0,41.16999816894531,41.5,41.5,12888.0
2026-03-02,40.900001525878906,41.400001525878906,39.29999923706055,40.130001068115234,40.130001068115234,9972.0
2026-03-04,38.5,39.900001525878906,37.5099983215332,39.20000076293945,39.20000076293945,11038.0
2026-03-05,39.2599983215332,40.290000915527344,37.900001525878906,38.630001068115234,38.630001068115234,16551.0
2026-03-06,38.689998626708984,40.38999938964844,37.650001525878906,37.72999954223633,37.72999954223633,13036.0
2026-03-09,37.72999954223633,37.72999954223633,36.060001373291016,36.52000045776367,36.52000045776367,7070.0
2026-03-10,38.9900016784668,39.5,37.45000076293945,38.709999084472656,38.709999084472656,8537.0
2026-03-11,38.709999084472656,40.900001525878906,38.29999923706055,38.599998474121094,38.599998474121094,6937.0
2026-03-12,37.0,39.95000076293945,37.0,38.040000915527344,38.040000915527344,4150.0
2026-03-13,38.84000015258789,38.849998474121094,36.349998474121094,36.560001373291016,36.560001373291016,4520.0
2026-03-16,35.20000076293945,36.54999923706055,34.900001525878906,35.189998626708984,35.189998626708984,11800.0
2026-03-17,36.0,37.0,35.099998474121094,36.18000030517578,36.18000030517578,9058.0
2026-03-18,37.09000015258789,39.75,36.79999923706055,37.790000915527344,37.790000915527344,20001.0
2026-03-19,37.5,38.5,36.5,37.150001525878906,37.150001525878906,12330.0
2026-03-20,37.150001525878906,40.13999938964844,37.150001525878906,38.06999969482422,38.06999969482422,18619.0
2026-03-23,38.45000076293945,38.45000076293945,35.20000076293945,35.869998931884766,35.869998931884766,6096.0
2026-03-24,36.5099983215332,38.5,36.5099983215332,37.119998931884766,37.119998931884766,9849.0
2026-03-25,39.0,39.5,37.5099983215332,38.29999923706055,38.29999923706055,27776.0
2026-03-27,40.0,40.0,35.099998474121094,35.90999984741211,35.90999984741211,29053.0
2026-03-30,35.90999984741211,38.209999084472656,34.25,34.849998474121094,34.849998474121094,12202.0
2026-04-01,37.61000061035156,38.0,35.61000061035156,37.88999938964844,37.88999938964844,7561.0
2026-04-02,36.5,39.0,33.77000045776367,38.45000076293945,38.45000076293945,12075.0
2026-04-06,38.900001525878906,39.4900016784668,37.400001525878906,39.40999984741211,39.40999984741211,1536.0
2026-04-07,39.0099983215332,40.5,38.20000076293945,40.189998626708984,40.189998626708984,5799.0
2026-04-08,40.79999923706055,43.0,40.20000076293945,42.66999816894531,42.66999816894531,12821.0
2026-04-09,43.0,43.5,41.54999923706055,42.04999923706055,42.04999923706055,3661.0
2026-04-10,42.9900016784668,46.47999954223633,40.709999084472656,44.15999984741211,44.15999984741211,22084.0
2026-04-13,43.20000076293945,44.79999923706055,42.209999084472656,42.59000015258789,42.59000015258789,7330.0
2026-04-15,42.0,43.939998626708984,42.0,43.15999984741211,43.15999984741211,9412.0
2026-04-16,43.900001525878906,45.900001525878906,42.209999084472656,43.95000076293945,43.95000076293945,14306.0
2026-04-17,43.599998474121094,46.5,43.599998474121094,45.79999923706055,45.79999923706055,19951.0
2026-04-20,46.720001220703125,46.720001220703125,45.0,45.04999923706055,45.04999923706055,8136.0
2026-04-21,46.849998474121094,46.849998474121094,43.560001373291016,44.7599983215332,44.7599983215332,14610.0
2026-04-22,45.2400016784668,45.349998474121094,43.0,43.689998626708984,43.689998626708984,8364.0
2026-04-23,44.150001525878906,44.25,43.06999969482422,43.58000183105469,43.58000183105469,9615.0
2026-04-24,43.58000183105469,45.0,43.25,44.45000076293945,44.45000076293945,9816.0
2026-04-27,46.0,46.0,44.34000015258789,45.459999084472656,45.459999084472656,1755.0
2026-04-28,45.0,45.45000076293945,43.810001373291016,44.61000061035156,44.61000061035156,8414.0
2026-04-29,44.29999923706055,45.790000915527344,44.02000045776367,44.95000076293945,44.95000076293945,6340.0
2026-04-30,44.95000076293945,45.47999954223633,44.0,44.25,44.25,7366.0
2026-05-04,44.939998626708984,48.20000076293945,44.2599983215332,46.72999954223633,46.72999954223633,48957.0
2026-05-05,46.72999954223633,47.900001525878906,45.150001525878906,45.83000183105469,45.83000183105469,16399.0
2026-05-06,46.5,47.75,46.0,46.529998779296875,46.529998779296875,10287.0
2026-05-07,46.349998474121094,48.79999923706055,45.5099983215332,47.369998931884766,47.369998931884766,19744.0
2026-05-08,47.369998931884766,49.900001525878906,47.369998931884766,49.029998779296875,49.029998779296875,31261.0
2026-05-11,49.029998779296875,49.599998474121094,47.75,48.2599983215332,48.2599983215332,8344.0
2026-05-12,48.0,48.900001525878906,45.79999923706055,46.40999984741211,46.40999984741211,14001.0
2026-05-13,46.40999984741211,47.900001525878906,45.45000076293945,46.650001525878906,46.650001525878906,10597.0
2026-05-14,47.95000076293945,47.95000076293945,45.810001373291016,46.81999969482422,46.81999969482422,3904.0
2026-05-15,47.25,47.79999923706055,45.349998474121094,45.47999954223633,45.47999954223633,7398.0
2026-05-18,47.20000076293945,47.349998474121094,45.0,45.06999969482422,45.06999969482422,10564.0
2026-05-19,44.45000076293945,46.400001525878906,44.45000076293945,45.02000045776367,45.02000045776367,22470.0
2026-05-20,45.02000045776367,46.400001525878906,44.79999923706055,45.45000076293945,45.45000076293945,6595.0
2026-05-21,45.5,46.5,45.20000076293945,45.95000076293945,45.95000076293945,8612.0
2026-05-22,46.0,46.70000076293945,45.099998474121094,45.4900016784668,45.4900016784668,2717.0
2026-05-25,46.900001525878906,46.900001525878906,45.0,46.61000061035156,46.61000061035156,9658.0
2026-05-26,46.29999923706055,46.61000061035156,45.0099983215332,45.93000030517578,45.93000030517578,5008.0
2026-05-27,46.70000076293945,46.70000076293945,44.5,45.56999969482422,45.56999969482422,12472.0
2026-05-28,45.56999969482422,45.56999969482422,45.56999969482422,45.56999969482422,45.56999969482422,0.0
2026-05-29,45.790000915527344,47.5099983215332,45.56999969482422,46.11000061035156,46.11000061035156,12133.0
2026-06-01,46.349998474121094,49.900001525878906,46.349998474121094,47.25,47.25,77400.0
2026-06-02,49.38999938964844,51.0,47.20000076293945,48.939998626708984,48.939998626708984,58838.0
2026-06-03,49.4900016784668,50.380001068115234,48.70000076293945,49.529998779296875,49.529998779296875,15949.0
2026-06-04,48.04999923706055,50.0,47.650001525878906,48.04999923706055,48.04999923706055,15004.0
2026-06-05,47.099998474121094,49.0,46.95000076293945,47.0099983215332,47.0099983215332,11745.0
2026-06-08,47.02000045776367,48.439998626708984,46.040000915527344,46.84000015258789,46.84000015258789,5066.0
2026-06-09,47.15999984741211,48.20000076293945,46.349998474121094,47.20000076293945,47.20000076293945,4844.0
2026-06-10,48.13999938964844,48.13999938964844,45.790000915527344,46.279998779296875,46.279998779296875,6449.0
2026-06-11,47.25,47.43000030517578,45.599998474121094,46.2599983215332,46.2599983215332,5683.0
2026-06-12,47.400001525878906,47.400001525878906,45.150001525878906,45.970001220703125,45.970001220703125,11725.0
2026-06-15,47.599998474121094,49.0,45.95000076293945,46.150001525878906,46.150001525878906,11269.0
2026-06-16,46.79999923706055,47.79999923706055,46.20000076293945,47.290000915527344,47.290000915527344,5768.0
2026-06-17,48.900001525878906,48.900001525878906,46.099998474121094,46.380001068115234,46.380001068115234,8333.0
2026-06-18,47.310001373291016,47.349998474121094,46.25,46.439998626708984,46.439998626708984,5966.0
2026-06-19,45.150001525878906,47.439998626708984,45.060001373291016,46.20000076293945,46.20000076293945,17579.0
2026-06-22,45.04999923706055,46.900001525878906,45.04999923706055,45.77000045776367,45.77000045776367,10232.0
2026-06-23,45.77000045776367,46.97999954223633,45.13999938964844,45.619998931884766,45.619998931884766,8679.0
2026-06-24,45.84000015258789,46.84000015258789,45.060001373291016,45.560001373291016,45.560001373291016,5093.0
2026-06-25,45.560001373291016,46.9900016784668,44.79999923706055,45.220001220703125,45.220001220703125,14072.0
2026-06-26,45.220001220703125,45.220001220703125,45.220001220703125,45.220001220703125,45.220001220703125,0.0
2026-06-29,46.0,46.47999954223633,44.459999084472656,44.709999084472656,44.709999084472656,11093.0
2026-06-30,46.279998779296875,46.279998779296875,43.5,44.029998779296875,44.029998779296875,14508.0
2026-07-01,44.0,46.9900016784668,43.79999923706055,45.81999969482422,45.81999969482422,26740.0
2026-07-02,45.81999969482422,46.5,44.93000030517578,45.959999084472656,45.959999084472656,12584.0
2026-07-03,44.93000030517578,48.790000915527344,44.93000030517578,47.470001220703125,47.470001220703125,25821.0
2026-07-06,46.650001525878906,48.5,46.5,47.06999969482422,47.06999969482422,12867.0
2026-07-07,47.04999923706055,48.0,46.29999923706055,46.56999969482422,46.56999969482422,10004.0
2026-07-08,46.56999969482422,48.79999923706055,44.54999923706055,46.66999816894531,46.66999816894531,18245.0
2026-07-09,47.130001068115234,47.130001068115234,45.150001525878906,45.689998626708984,45.689998626708984,12413.0
2026-07-10,47.16999816894531,47.16999816894531,45.11000061035156,46.2400016784668,46.2400016784668,16816.0
2026-07-13,45.900001525878906,46.58000183105469,45.02000045776367,45.88999938964844,45.88999938964844,3746.0
2026-07-14,46.869998931884766,46.869998931884766,45.209999084472656,45.5,45.5,10272.0
2026-07-15,46.41999816894531,46.41999816894531,44.58000183105469,45.0,45.0,3803.0
2026-07-16,44.5,45.900001525878906,44.5,44.709999084472656,44.709999084472656,6862.0
2026-07-17,45.5,45.5,43.70000076293945,43.84000015258789,43.84000015258789,10709.0
2026-07-20,43.099998474121094,46.29999923706055,43.099998474121094,45.939998626708984,45.939998626708984,15154.0
2026-07-21,45.939998626708984,46.4900016784668,44.150001525878906,44.52000045776367,44.52000045776367,9702.0
2026-07-22,45.75,47.5,45.099998474121094,46.83000183105469,46.83000183105469,20296.0
2026-07-23,46.83000183105469,52.0,45.0099983215332,48.880001068115234,48.880001068115234,201863.0
2026-07-24,49.20000076293945,51.900001525878906,46.5099983215332,49.68000030517578,49.68000030517578,28455.0
2026-07-27,49.29999923706055,50.290000915527344,47.220001220703125,47.56999969482422,47.56999969482422,33076.0
2026-07-28,47.20000076293945,48.599998474121094,46.650001525878906,47.189998626708984,47.189998626708984,10906.0
2026-07-29,47.04999923706055,48.41999816894531,46.29999923706055,47.47999954223633,47.47999954223633,2812.0
2026-07-30,47.0,47.459999084472656,46.29999923706055,46.84000015258789,46.84000015258789,1770.0
2026-07-31,46.5099983215332,48.150001525878906,46.29999923706055,46.43000030517578,46.43000030517578,4098.0
2026-08-03,46.9900016784668,47.9900016784668,46.43000030517578,47.52000045776367,47.52000045776367,14397.0
2026-08-04,47.95000076293945,48.5099983215332,45.29999923706055,46.2400016784668,46.2400016784668,17388.0
2026-08-05,47.0,48.20000076293945,46.09000015258789,46.68000030517578,46.68000030517578,12795.0
2026-08-06,47.04999923706055,47.5,46.33000183105469,46.38999938964844,46.38999938964844,3493.0
2026-08-07,47.45000076293945,47.45000076293945,46.0,46.869998931884766,46.869998931884766,13873.0
2026-08-10,48.0,48.0,46.060001373291016,47.25,47.25,8751.0
2026-08-11,47.720001220703125,53.0,46.599998474121094,51.939998626708984,51.939998626708984,98922.0
2026-08-12,51.599998474121094,53.0,48.29999923706055,51.18000030517578,51.18000030517578,35589.0
2026-08-13,61.40999984741211,61.40999984741211,54.619998931884766,55.900001525878906,55.900001525878906,361458.0
2026-08-14,57.20000076293945,58.0,54.29999923706055,54.79999923706055,54.79999923706055,60270.0
2026-08-17,54.79999923706055,55.400001525878906,50.79999923706055,51.40999984741211,51.40999984741211,74717.0
2026-08-18,51.40999984741211,54.9900016784668,51.40999984741211,53.349998474121094,53.349998474121094,37894.0
2026-08-19,53.349998474121094,55.5,52.119998931884766,52.689998626708984,52.689998626708984,24594.0
2026-08-20,53.25,55.099998474121094,52.060001373291016,53.939998626708984,53.939998626708984,25432.0
2026-08-21,54.470001220703125,55.0,53.11000061035156,54.29999923706055,54.29999923706055,30640.0
2026-08-24,53.54999923706055,55.79999923706055,53.5,53.560001373291016,53.560001373291016,11242.0
2026-08-25,52.4900016784668,54.70000076293945,52.4900016784668,53.470001220703125,53.470001220703125,5689.0
2026-08-26,55.0,55.0,52.20000076293945,52.59000015258789,52.59000015258789,5958.0
2026-08-27,52.5099983215332,54.5,52.40999984741211,53.33000183105469,53.33000183105469,17333.0
2026-08-28,53.25,54.5,51.72999954223633,52.380001068115234,52.380001068115234,5977.0
2026-08-31,54.70000076293945,58.75,52.0,56.27000045776367,56.27000045776367,72026.0
2026-09-01,56.650001525878906,59.650001525878906,55.75,57.02000045776367,57.02000045776367,66205.0
2026-09-02,57.02000045776367,58.5,55.54999923706055,57.38999938964844,57.38999938964844,42435.0
2026-09-03,57.400001525878906,60.9900016784668,56.61000061035156,58.5099983215332,58.5099983215332,160048.0
2026-09-04,58.0,61.75,58.0,60.31999969482422,60.31999969482422,73559.0
2026-09-07,61.880001068115234,62.88999938964844,58.02000045776367,60.29999923706055,60.29999923706055,70502.0
2026-09-08,61.9900016784668,61.9900016784668,59.0099983215332,60.02000045776367,60.02000045776367,34539.0
2026-09-09,60.02000045776367,61.599998474121094,55.79999923706055,56.56999969482422,56.56999969482422,63479.0
2026-09-10,57.400001525878906,58.09000015258789,56.0,56.040000915527344,56.040000915527344,15155.0
2026-09-11,56.31999969482422,65.19999694824219,55.5099983215332,64.02999877929688,64.02999877929688,484603.0
2026-09-15,66.29000091552734,74.38999938964844,65.80000305175781,69.63999938964844,69.63999938964844,1440694.0
