date,open,high,low,close,adjclose,volume
2021-09-15,136.10000610351562,140.0,136.10000610351562,138.89999389648438,107.36212158203125,1474383.0
2021-09-16,140.0,144.9499969482422,139.60000610351562,141.85000610351562,109.64232635498047,2424627.0
2021-09-17,142.89999389648438,142.89999389648438,138.0,139.35000610351562,107.7099609375,881947.0
2021-09-20,133.89999389648438,135.0500030517578,132.0,132.75,107.2253189086914,491100.0
2021-09-21,133.5,133.5,128.0500030517578,129.64999389648438,104.72137451171875,381101.0
2021-09-22,129.64999389648438,131.0,129.0,129.5500030517578,104.64060974121094,227959.0
2021-09-23,130.5500030517578,131.5,128.85000610351562,129.10000610351562,104.27713012695312,257636.0
2021-09-24,129.3000030517578,130.89999389648438,126.9000015258789,127.44999694824219,102.94438171386719,336193.0
2021-09-27,128.1999969482422,128.8000030517578,126.5999984741211,127.19999694824219,102.7424545288086,235088.0
2021-09-28,128.1999969482422,128.1999969482422,125.05000305175781,125.25,101.16738891601562,428008.0
2021-09-29,125.94999694824219,130.64999389648438,125.6500015258789,127.30000305175781,102.82322692871094,845158.0
2021-09-30,128.3000030517578,131.60000610351562,128.0,129.3000030517578,104.43866729736328,517965.0
2021-10-01,128.85000610351562,129.60000610351562,127.5,128.64999389648438,103.91364288330078,198869.0
2021-10-04,128.6999969482422,129.75,128.6999969482422,129.1999969482422,104.35790252685547,251705.0
2021-10-05,129.75,132.6999969482422,129.39999389648438,131.60000610351562,106.29643249511719,569253.0
2021-10-06,132.8000030517578,132.89999389648438,129.1999969482422,129.8000030517578,104.84253692626953,487429.0
2021-10-07,130.5,131.85000610351562,130.25,130.75,105.60986328125,243148.0
2021-10-08,131.0,131.5500030517578,129.5,130.14999389648438,105.12522888183594,232707.0
2021-10-11,130.8000030517578,131.39999389648438,129.1999969482422,129.60000610351562,104.68099975585938,221393.0
2021-10-12,130.39999389648438,130.75,129.1999969482422,130.0500030517578,105.04446411132812,233648.0
2021-10-13,130.60000610351562,133.6999969482422,129.64999389648438,131.5,106.21566772460938,528865.0
2021-10-14,132.0,132.39999389648438,130.0,130.60000610351562,105.48871612548828,266278.0
2021-10-18,131.3000030517578,135.10000610351562,130.35000610351562,132.35000610351562,106.90223693847656,600135.0
2021-10-19,132.60000610351562,133.4499969482422,129.0500030517578,129.5500030517578,104.64060974121094,334620.0
2021-10-20,130.4499969482422,137.4499969482422,128.0,133.14999389648438,107.54840087890625,2875544.0
2021-10-21,133.89999389648438,134.25,128.5500030517578,129.64999389648438,104.72137451171875,625961.0
2021-10-22,130.60000610351562,131.64999389648438,129.0,130.85000610351562,105.69064331054688,360384.0
2021-10-25,131.85000610351562,131.85000610351562,127.0,128.85000610351562,104.0751953125,234106.0
2021-10-26,129.0,130.39999389648438,128.25,129.10000610351562,104.27713012695312,313012.0
2021-10-27,129.85000610351562,130.60000610351562,128.25,128.5500030517578,103.8328857421875,159761.0
2021-10-28,129.0500030517578,129.35000610351562,125.19999694824219,125.94999694824219,101.7327880859375,296176.0
2021-10-29,126.75,127.0999984741211,124.55000305175781,126.0999984741211,101.85395812988281,229323.0
2021-11-01,128.10000610351562,128.10000610351562,125.0,126.25,101.97511291503906,195969.0
2021-11-02,127.0,128.4499969482422,126.75,127.5,102.98477172851562,243718.0
2021-11-03,128.0,129.14999389648438,126.19999694824219,126.4000015258789,102.09626770019531,222876.0
2021-11-04,127.75,128.75,127.05000305175781,128.0500030517578,103.42900848388672,76478.0
2021-11-08,129.35000610351562,129.35000610351562,127.6500015258789,128.1999969482422,103.5501708984375,172662.0
2021-11-09,128.3000030517578,130.89999389648438,128.3000030517578,129.9499969482422,104.96368408203125,201303.0
2021-11-10,128.60000610351562,131.8000030517578,128.60000610351562,130.25,105.20600891113281,295417.0
2021-11-11,128.0,129.1999969482422,126.5,126.94999694824219,102.54052734375,284668.0
2021-11-12,128.0,128.35000610351562,126.05000305175781,126.80000305175781,102.41935729980469,134321.0
2021-11-15,126.94999694824219,127.44999694824219,125.3499984741211,125.69999694824219,101.53086853027344,136782.0
2021-11-16,125.3499984741211,126.3499984741211,125.0,125.25,101.16738891601562,174126.0
2021-11-17,125.0,127.25,124.55000305175781,125.19999694824219,101.12699127197266,254541.0
2021-11-18,125.19999694824219,127.0999984741211,123.80000305175781,124.19999694824219,100.31927490234375,214020.0
2021-11-22,124.19999694824219,124.5999984741211,119.25,119.9000015258789,96.84606170654297,272499.0
2021-11-23,119.94999694824219,122.0,119.5,121.0,97.73456573486328,233899.0
2021-11-24,121.05000305175781,122.75,121.05000305175781,121.4000015258789,98.05765533447266,102833.0
2021-11-25,121.4000015258789,122.19999694824219,120.3499984741211,121.1500015258789,97.85572052001953,165581.0
2021-11-26,120.69999694824219,121.44999694824219,118.8499984741211,119.19999694824219,96.2806625366211,179398.0
2021-11-29,118.80000305175781,118.80000305175781,114.5,115.05000305175781,92.9286117553711,253008.0
2021-11-30,115.05000305175781,117.9000015258789,115.0,115.9000015258789,93.61517333984375,144616.0
2021-12-01,115.9000015258789,117.30000305175781,115.0,115.75,93.4940185546875,100267.0
2021-12-02,115.80000305175781,117.30000305175781,115.55000305175781,116.75,94.3017349243164,107012.0
2021-12-03,117.5999984741211,119.0,117.05000305175781,117.4000015258789,94.8267593383789,97500.0
2021-12-06,117.0999984741211,121.5,116.55000305175781,119.5999984741211,96.60374450683594,264908.0
2021-12-07,121.19999694824219,121.4000015258789,118.19999694824219,119.0999984741211,96.19989013671875,119881.0
2021-12-08,119.9000015258789,121.75,119.69999694824219,120.30000305175781,97.16915130615234,121491.0
2021-12-09,120.94999694824219,123.0,120.0999984741211,120.94999694824219,97.69416809082031,194855.0
2021-12-10,120.94999694824219,123.0,120.19999694824219,121.0,97.73456573486328,166245.0
2021-12-13,121.5999984741211,122.44999694824219,120.30000305175781,120.6500015258789,97.45185852050781,125243.0
2021-12-14,121.0,121.69999694824219,118.5,119.3499984741211,96.40181732177734,172396.0
2021-12-15,119.75,120.9000015258789,118.1500015258789,118.94999694824219,96.0787353515625,119719.0
2021-12-16,119.0999984741211,119.9000015258789,118.05000305175781,118.19999694824219,95.47293090820312,85174.0
2021-12-17,118.75,118.75,116.6500015258789,117.30000305175781,94.74598693847656,166809.0
2021-12-20,117.0,117.0,112.25,112.9000015258789,91.19200134277344,189057.0
2021-12-21,113.5,115.1500015258789,113.1500015258789,113.8499984741211,91.95933532714844,109215.0
2021-12-22,114.44999694824219,115.25,113.25,113.94999694824219,92.04011535644531,150215.0
2021-12-23,114.5999984741211,116.0,114.3499984741211,115.0,92.88822937011719,156868.0
2021-12-24,115.19999694824219,116.25,113.44999694824219,114.1500015258789,92.20166015625,116142.0
2021-12-27,114.69999694824219,114.69999694824219,113.0999984741211,113.9000015258789,91.9997329711914,102105.0
2021-12-28,113.9000015258789,115.8499984741211,113.8499984741211,115.1500015258789,93.0093765258789,162477.0
2021-12-29,114.30000305175781,120.75,114.30000305175781,119.25,96.32105255126953,600075.0
2021-12-30,119.25,119.5,117.19999694824219,117.75,95.10945129394531,138606.0
2021-12-31,118.3499984741211,123.4000015258789,117.5,121.9000015258789,98.46150970458984,456268.0
2022-01-03,122.75,129.35000610351562,122.05000305175781,127.9000015258789,103.30785369873047,1251881.0
2022-01-04,127.19999694824219,129.5500030517578,125.05000305175781,126.80000305175781,102.41935729980469,462328.0
2022-01-05,128.1999969482422,141.4499969482422,127.19999694824219,136.9499969482422,110.61775207519531,10125625.0
2022-01-06,136.0,139.39999389648438,134.8000030517578,137.85000610351562,111.34471893310547,1674745.0
2022-01-07,137.89999389648438,139.0,135.0,135.89999389648438,109.76963806152344,958421.0
2022-01-10,135.6999969482422,135.6999969482422,133.9499969482422,134.64999389648438,108.7599868774414,392553.0
2022-01-11,135.0,137.4499969482422,133.5,134.3000030517578,108.477294921875,394682.0
2022-01-12,135.0,136.0,132.5,132.8000030517578,107.26570892333984,273253.0
2022-01-13,133.39999389648438,134.39999389648438,131.8000030517578,132.75,107.2253189086914,240273.0
2022-01-14,132.75,134.1999969482422,132.0,132.9499969482422,107.38685607910156,187495.0
2022-01-17,133.85000610351562,134.64999389648438,132.25,132.60000610351562,107.10416412353516,213765.0
2022-01-18,133.14999389648438,134.64999389648438,130.5,131.6999969482422,106.37720489501953,353899.0
2022-01-19,131.6999969482422,132.8000030517578,130.5500030517578,132.10000610351562,106.7002944946289,219616.0
2022-01-20,132.0500030517578,135.9499969482422,131.0,131.6999969482422,106.37720489501953,388468.0
2022-01-21,131.14999389648438,132.5,128.5,129.89999389648438,104.92330169677734,258176.0
2022-01-24,130.5,130.5,121.5,122.69999694824219,99.1076889038086,393620.0
2022-01-25,121.19999694824219,127.0,120.0,126.3499984741211,102.0558853149414,227946.0
2022-01-27,125.0,127.80000305175781,124.0999984741211,126.55000305175781,102.2174301147461,227557.0
2022-01-28,126.8499984741211,129.39999389648438,125.30000305175781,125.75,101.57125091552734,216006.0
2022-01-31,126.75,127.80000305175781,125.80000305175781,126.69999694824219,102.33859252929688,144515.0
2022-02-01,126.80000305175781,128.35000610351562,125.4000015258789,126.69999694824219,102.33859252929688,155051.0
2022-02-02,127.3499984741211,134.0,126.69999694824219,130.14999389648438,105.12522888183594,600002.0
2022-02-03,130.60000610351562,131.39999389648438,129.0500030517578,129.35000610351562,104.47906494140625,144282.0
2022-02-04,129.5,130.60000610351562,127.5,127.80000305175781,103.22708892822266,126984.0
2022-02-07,128.0,128.8000030517578,126.6500015258789,128.1999969482422,103.5501708984375,154296.0
2022-02-08,128.0,129.25,125.44999694824219,126.25,101.97511291503906,155788.0
2022-02-09,126.3499984741211,128.25,126.30000305175781,127.5,102.98477172851562,120862.0
2022-02-10,129.6999969482422,130.0,127.6500015258789,128.0500030517578,103.42900848388672,241293.0
2022-02-11,126.1500015258789,127.69999694824219,125.0999984741211,125.44999694824219,101.32893371582031,183958.0
2022-02-14,124.0,124.0,120.0,120.1500015258789,97.0479965209961,192033.0
2022-02-15,119.75,122.69999694824219,119.0,122.0999984741211,98.62305450439453,180545.0
2022-02-16,122.75,123.9000015258789,121.69999694824219,122.4000015258789,98.86538696289062,88251.0
2022-02-17,122.6500015258789,125.0,121.0999984741211,122.44999694824219,98.90576171875,167036.0
2022-02-18,123.4000015258789,132.0,123.4000015258789,127.5999984741211,103.06553649902344,2925084.0
2022-02-21,129.6999969482422,129.6999969482422,122.0,123.3499984741211,99.63270568847656,317549.0
2022-02-22,121.5,122.25,118.19999694824219,119.5999984741211,96.60374450683594,308909.0
2022-02-23,119.9000015258789,122.75,119.9000015258789,121.75,98.3403549194336,255342.0
2022-02-24,116.0,119.69999694824219,112.0,113.30000305175781,91.51508331298828,482018.0
2022-02-25,115.0999984741211,119.30000305175781,115.0999984741211,117.6500015258789,95.02869415283203,224063.0
2022-02-28,116.0,116.75,112.25,115.3499984741211,93.1709213256836,293421.0
2022-03-02,115.19999694824219,117.25,114.30000305175781,115.55000305175781,93.33247375488281,150540.0
2022-03-03,116.3499984741211,118.1500015258789,116.05000305175781,116.9000015258789,94.42290496826172,186637.0
2022-03-04,116.0,117.5999984741211,114.5,115.19999694824219,93.04976654052734,242808.0
2022-03-07,113.5,114.6500015258789,112.55000305175781,113.25,91.47470092773438,184378.0
2022-03-08,113.94999694824219,116.5999984741211,113.0,115.75,93.4940185546875,232313.0
2022-03-09,116.9000015258789,119.69999694824219,115.44999694824219,116.55000305175781,94.14019775390625,378164.0
2022-03-10,118.3499984741211,119.19999694824219,117.25,117.8499984741211,95.19023132324219,148663.0
2022-03-11,118.30000305175781,119.55000305175781,117.69999694824219,118.75,95.91719055175781,214467.0
2022-03-14,118.75,119.9000015258789,117.05000305175781,117.5999984741211,94.9883041381836,160243.0
2022-03-15,117.9000015258789,118.94999694824219,116.05000305175781,116.3499984741211,93.97865295410156,146424.0
2022-03-16,117.0999984741211,118.75,117.0999984741211,118.4000015258789,95.63448333740234,129704.0
2022-03-17,119.0,121.69999694824219,118.75,119.25,96.32105255126953,253269.0
2022-03-21,119.25,120.4000015258789,117.1500015258789,117.5999984741211,94.9883041381836,195871.0
2022-03-22,118.30000305175781,118.69999694824219,116.9000015258789,117.8499984741211,95.19023132324219,158770.0
2022-03-23,118.9000015258789,119.9000015258789,117.55000305175781,117.8499984741211,95.19023132324219,211142.0
2022-03-24,117.55000305175781,118.8499984741211,116.5,116.69999694824219,94.2613525390625,148113.0
2022-03-25,117.0,117.6500015258789,116.0,116.0999984741211,93.7767105102539,126281.0
2022-03-28,115.25,116.19999694824219,114.0,114.30000305175781,92.32282257080078,239692.0
2022-03-29,114.69999694824219,115.4000015258789,112.5,112.75,91.07083892822266,320740.0
2022-03-30,113.55000305175781,114.44999694824219,112.5,112.8499984741211,91.151611328125,286935.0
2022-03-31,113.44999694824219,113.8499984741211,112.19999694824219,112.69999694824219,91.03045654296875,351455.0
2022-04-01,112.55000305175781,117.19999694824219,112.55000305175781,116.4000015258789,94.01903533935547,275788.0
2022-04-04,118.5,119.75,117.0999984741211,119.0999984741211,96.19989013671875,298860.0
2022-04-05,119.5,120.9000015258789,118.19999694824219,120.25,97.12876892089844,330167.0
2022-04-06,120.0,122.5,119.69999694824219,122.0,98.54228973388672,293507.0
2022-04-07,122.94999694824219,123.80000305175781,120.6500015258789,121.94999694824219,98.50189971923828,258478.0
2022-04-08,123.30000305175781,124.69999694824219,122.0,124.30000305175781,100.40006256103516,290372.0
2022-04-11,124.5,132.5,123.4000015258789,127.55000305175781,103.02515411376953,1720877.0
2022-04-12,128.0,128.35000610351562,124.1500015258789,125.55000305175781,101.40970611572266,277846.0
2022-04-13,125.55000305175781,126.30000305175781,124.3499984741211,124.5999984741211,100.64236450195312,156789.0
2022-04-18,123.5999984741211,125.6500015258789,122.1500015258789,123.30000305175781,99.59233093261719,344564.0
2022-04-19,123.94999694824219,131.6999969482422,123.8499984741211,126.69999694824219,102.33859252929688,976587.0
2022-04-20,126.80000305175781,128.89999389648438,126.05000305175781,127.44999694824219,102.94438171386719,303453.0
2022-04-21,128.10000610351562,128.4499969482422,126.19999694824219,126.94999694824219,102.54052734375,213542.0
2022-04-22,126.80000305175781,131.25,125.3499984741211,129.14999389648438,104.3175048828125,408016.0
2022-04-25,126.30000305175781,127.3499984741211,122.19999694824219,123.6500015258789,99.87503051757812,257276.0
2022-04-26,124.30000305175781,126.0999984741211,124.0,124.69999694824219,100.72313690185547,122630.0
2022-04-27,124.5,124.94999694824219,121.5999984741211,122.44999694824219,98.90576171875,183465.0
2022-04-28,123.0999984741211,124.55000305175781,121.25,121.80000305175781,98.38075256347656,144364.0
2022-04-29,122.44999694824219,123.5999984741211,118.4000015258789,119.19999694824219,96.2806625366211,235111.0
2022-05-02,119.69999694824219,119.69999694824219,118.30000305175781,118.94999694824219,96.0787353515625,93295.0
2022-05-04,120.0999984741211,120.80000305175781,116.5,117.4000015258789,94.8267593383789,123368.0
2022-05-05,118.4000015258789,118.9000015258789,116.5999984741211,116.94999694824219,94.46327209472656,77066.0
2022-05-06,116.5,116.5,112.3499984741211,115.75,93.4940185546875,152503.0
2022-05-09,115.5,115.5,114.0,114.80000305175781,92.72667694091797,103035.0
2022-05-10,115.4000015258789,115.9000015258789,112.0,113.3499984741211,91.55547332763672,138736.0
2022-05-11,113.80000305175781,114.30000305175781,110.5,111.1500015258789,89.77848052978516,185903.0
2022-05-12,110.80000305175781,114.0,110.0999984741211,110.5,89.25346374511719,180622.0
2022-05-13,112.69999694824219,113.75,111.69999694824219,112.19999694824219,90.6265869140625,109849.0
2022-05-16,113.0,115.0,112.55000305175781,114.5,92.48435974121094,97409.0
2022-05-17,115.0999984741211,115.9000015258789,114.5999984741211,115.55000305175781,93.33247375488281,80173.0
2022-05-18,116.30000305175781,116.75,115.0,115.1500015258789,93.0093765258789,84193.0
2022-05-19,114.0,114.69999694824219,112.44999694824219,112.5999984741211,90.9496841430664,129604.0
2022-05-20,114.0999984741211,116.5,113.5,114.19999694824219,92.24205017089844,125627.0
2022-05-23,114.5,115.1500015258789,113.0,113.5999984741211,91.75740814208984,99203.0
2022-05-24,113.5,114.19999694824219,113.05000305175781,113.3499984741211,91.55547332763672,70171.0
2022-05-25,113.19999694824219,113.5999984741211,111.19999694824219,111.4000015258789,89.98041534423828,101303.0
2022-05-26,112.5,113.69999694824219,110.4000015258789,112.94999694824219,91.23239135742188,94140.0
2022-05-27,114.30000305175781,115.1500015258789,113.80000305175781,114.5999984741211,92.56513214111328,73397.0
2022-05-30,114.94999694824219,116.5,113.0,116.0,93.6959457397461,166493.0
2022-05-31,115.0,116.0,114.69999694824219,115.0,92.88822937011719,101504.0
2022-06-01,115.0999984741211,115.94999694824219,114.9000015258789,115.1500015258789,93.0093765258789,91795.0
2022-06-02,115.1500015258789,117.9000015258789,114.80000305175781,117.4000015258789,94.8267593383789,152202.0
2022-06-03,118.69999694824219,118.69999694824219,115.5,115.8499984741211,93.57478332519531,90373.0
2022-06-06,115.8499984741211,116.19999694824219,115.0999984741211,115.25,93.09015655517578,59245.0
2022-06-07,115.4000015258789,115.6500015258789,114.69999694824219,115.05000305175781,92.9286117553711,53104.0
2022-06-08,116.0,116.0,114.6500015258789,115.3499984741211,93.1709213256836,60080.0
2022-06-09,115.6500015258789,115.6500015258789,114.5999984741211,114.8499984741211,92.76705932617188,50921.0
2022-06-10,114.4000015258789,114.80000305175781,113.80000305175781,114.3499984741211,92.36319732666016,74578.0
2022-06-13,113.75,114.0,112.0,112.55000305175781,90.90930938720703,124472.0
2022-06-14,112.94999694824219,113.4000015258789,111.0999984741211,111.25,89.85926055908203,111370.0
2022-06-15,111.8499984741211,112.6500015258789,111.1500015258789,111.3499984741211,89.94003295898438,74640.0
2022-06-16,112.0,112.44999694824219,107.0,107.9000015258789,87.15338134765625,147064.0
2022-06-17,108.4000015258789,109.19999694824219,106.30000305175781,106.9000015258789,86.34566497802734,93333.0
2022-06-20,107.44999694824219,107.6500015258789,103.3499984741211,104.44999694824219,84.36672973632812,127840.0
2022-06-21,104.80000305175781,108.75,104.5999984741211,107.30000305175781,86.66875457763672,122307.0
2022-06-22,107.8499984741211,109.6500015258789,105.55000305175781,105.80000305175781,85.4571533203125,90020.0
2022-06-23,106.0999984741211,107.6500015258789,104.30000305175781,106.69999694824219,86.18411254882812,79657.0
2022-06-24,106.80000305175781,107.69999694824219,106.0,107.4000015258789,86.74951934814453,84601.0
2022-06-27,108.25,109.5,108.0999984741211,108.75,87.8399429321289,65639.0
2022-06-28,108.55000305175781,109.8499984741211,107.55000305175781,109.1500015258789,88.16304016113281,53083.0
2022-06-29,109.19999694824219,110.25,108.1500015258789,108.5,87.63801574707031,74500.0
2022-06-30,108.94999694824219,109.8499984741211,108.25,108.44999694824219,87.59762573242188,40012.0
2022-07-01,108.0,108.8499984741211,107.05000305175781,107.9000015258789,87.15338134765625,49981.0
2022-07-04,107.9000015258789,109.0,107.55000305175781,108.80000305175781,87.88034057617188,41711.0
2022-07-05,108.55000305175781,109.5999984741211,108.0,108.25,87.43608856201172,104603.0
2022-07-06,108.6500015258789,109.4000015258789,108.05000305175781,108.9000015258789,87.96111297607422,67122.0
2022-07-07,109.44999694824219,111.4000015258789,109.1500015258789,110.6500015258789,89.37462615966797,153500.0
2022-07-08,111.19999694824219,111.4000015258789,110.0,110.75,89.45539093017578,70721.0
2022-07-11,110.94999694824219,111.5999984741211,110.0999984741211,111.0999984741211,89.73809814453125,50355.0
2022-07-12,111.1500015258789,112.8499984741211,110.5,110.80000305175781,89.49578094482422,81062.0
2022-07-13,111.0,111.69999694824219,110.8499984741211,111.05000305175781,89.69771575927734,51923.0
2022-07-14,111.05000305175781,111.94999694824219,110.44999694824219,110.55000305175781,89.29385375976562,51901.0
2022-07-15,110.25,111.1500015258789,108.0,109.0999984741211,88.12265014648438,138057.0
2022-07-18,109.4000015258789,110.5,108.94999694824219,110.0,88.84960174560547,111474.0
2022-07-19,110.0,110.6500015258789,109.80000305175781,110.3499984741211,89.13229370117188,99768.0
2022-07-20,110.9000015258789,112.44999694824219,110.9000015258789,111.55000305175781,90.10157775878906,115602.0
2022-07-21,111.80000305175781,112.6500015258789,110.1500015258789,111.5999984741211,90.14196014404297,118223.0
2022-07-22,111.8499984741211,112.8499984741211,110.55000305175781,111.44999694824219,90.02080535888672,147350.0
2022-07-25,111.8499984741211,111.9000015258789,110.55000305175781,111.1500015258789,89.77848052978516,55366.0
2022-07-26,111.55000305175781,111.55000305175781,110.05000305175781,110.4000015258789,89.17269134521484,60818.0
2022-07-27,110.05000305175781,110.5,109.44999694824219,110.0999984741211,88.93037414550781,103126.0
2022-07-28,110.19999694824219,111.5,110.0,110.94999694824219,89.61693572998047,87025.0
2022-07-29,111.5999984741211,112.44999694824219,110.55000305175781,111.1500015258789,89.77848052978516,198919.0
2022-08-01,112.9000015258789,114.9000015258789,111.55000305175781,114.0,92.08050537109375,215952.0
2022-08-02,113.3499984741211,116.9000015258789,112.69999694824219,115.94999694824219,93.65554809570312,548176.0
2022-08-03,116.0,116.94999694824219,115.0,115.4000015258789,93.2113037109375,109282.0
2022-08-04,115.6500015258789,116.30000305175781,114.05000305175781,115.19999694824219,93.04976654052734,170910.0
2022-08-05,116.0,117.5,115.3499984741211,115.94999694824219,93.65554809570312,229140.0
2022-08-08,119.5,119.75,117.75,118.30000305175781,95.5537109375,710943.0
2022-08-10,118.25,118.75,117.5,118.3499984741211,95.5940933227539,168201.0
2022-08-11,118.75,119.94999694824219,117.80000305175781,118.30000305175781,95.5537109375,131865.0
2022-08-12,118.44999694824219,118.44999694824219,116.19999694824219,117.4000015258789,94.8267593383789,133764.0
2022-08-16,117.6500015258789,121.5,117.6500015258789,119.75,96.72491455078125,278381.0
2022-08-17,120.44999694824219,121.25,120.1500015258789,120.75,97.53263092041016,266953.0
2022-08-18,120.94999694824219,122.0,120.55000305175781,121.30000305175781,97.97687530517578,233843.0
2022-08-19,121.80000305175781,122.9000015258789,121.0999984741211,121.75,98.3403549194336,268014.0
2022-08-22,121.80000305175781,122.4000015258789,121.0999984741211,121.55000305175781,98.1788101196289,237754.0
2022-08-23,121.25,121.94999694824219,120.75,121.80000305175781,98.38075256347656,133861.0
2022-08-24,121.4000015258789,123.3499984741211,121.4000015258789,122.6500015258789,99.06731414794922,249375.0
2022-08-25,123.30000305175781,124.4000015258789,122.80000305175781,123.4000015258789,99.673095703125,277702.0
2022-08-26,124.4000015258789,124.4000015258789,122.0,123.19999694824219,99.51155853271484,267154.0
2022-08-29,121.05000305175781,124.0,121.05000305175781,123.5,99.75386810302734,294231.0
2022-08-30,124.75,124.75,123.55000305175781,124.05000305175781,100.19812774658203,148888.0
2022-09-01,124.0,125.3499984741211,124.0,124.6500015258789,100.6827621459961,237336.0
2022-09-02,125.5,126.19999694824219,125.0,125.5999984741211,101.45008850097656,222540.0
2022-09-05,126.4000015258789,126.80000305175781,125.9000015258789,126.44999694824219,102.13665008544922,185999.0
2022-09-06,126.80000305175781,127.5999984741211,126.5999984741211,127.19999694824219,102.7424545288086,194997.0
2022-09-07,127.5999984741211,128.8000030517578,126.5999984741211,127.5,102.98477172851562,290298.0
2022-09-08,128.4499969482422,128.6999969482422,127.5,128.0,103.38863372802734,142821.0
2022-09-09,128.9499969482422,128.9499969482422,127.5,127.9000015258789,103.30785369873047,243240.0
2022-09-12,129.89999389648438,130.25,129.0,129.5,104.60021209716797,412797.0
2022-09-13,130.0,130.89999389648438,128.5,128.89999389648438,104.11557006835938,353771.0
2022-09-14,128.0,129.75,127.55000305175781,129.25,104.39828491210938,415317.0
2022-09-15,129.89999389648438,134.0,128.0,129.5,104.60021209716797,1534189.0
2022-09-16,129.5500030517578,131.89999389648438,127.1500015258789,127.69999694824219,103.14630889892578,997938.0
2022-09-19,121.5,121.5,117.3499984741211,118.19999694824219,100.59318542480469,521010.0
2022-09-20,118.55000305175781,119.1500015258789,114.0,117.44999694824219,99.95490264892578,239893.0
2022-09-21,117.75,118.1500015258789,112.0999984741211,115.1500015258789,97.99750518798828,213611.0
2022-09-22,114.6500015258789,115.94999694824219,114.0,115.0999984741211,97.95496368408203,123916.0
2022-09-23,115.0999984741211,115.5,112.55000305175781,113.19999694824219,96.33797454833984,193002.0
2022-09-26,113.0,113.0,109.0,110.05000305175781,93.6572036743164,216308.0
2022-09-27,110.5,111.6500015258789,110.0,110.80000305175781,94.29547882080078,118393.0
2022-09-28,111.19999694824219,111.94999694824219,110.0,111.25,94.6784439086914,127168.0
2022-09-29,112.0,112.5999984741211,110.0,110.80000305175781,94.29547882080078,75868.0
2022-09-30,110.69999694824219,112.75,110.05000305175781,112.19999694824219,95.48692321777344,91798.0
2022-10-03,112.69999694824219,113.5999984741211,109.8499984741211,110.5,94.04016876220703,114266.0
2022-10-04,111.5,112.9000015258789,111.1500015258789,111.8499984741211,95.18907165527344,101107.0
2022-10-06,112.44999694824219,113.9000015258789,111.8499984741211,112.55000305175781,95.78479766845703,138207.0
2022-10-07,112.8499984741211,115.5999984741211,112.55000305175781,115.0999984741211,97.95496368408203,254521.0
2022-10-10,114.3499984741211,115.94999694824219,111.5999984741211,113.6500015258789,96.720947265625,169150.0
2022-10-11,114.4000015258789,115.5,113.0,113.69999694824219,96.76350402832031,73440.0
2022-10-12,114.44999694824219,114.44999694824219,111.0999984741211,112.30000305175781,95.5720443725586,80406.0
2022-10-13,112.5,113.25,111.6500015258789,111.94999694824219,95.274169921875,47824.0
2022-10-14,113.80000305175781,115.30000305175781,111.44999694824219,112.0,95.31673431396484,71121.0
2022-10-17,112.4000015258789,112.5999984741211,111.0,111.25,94.6784439086914,63183.0
2022-10-18,111.80000305175781,112.0,110.5999984741211,111.3499984741211,94.7635498046875,96882.0
2022-10-19,111.4000015258789,112.5,111.25,111.55000305175781,94.93376159667969,84247.0
2022-10-20,111.69999694824219,112.05000305175781,107.69999694824219,108.25,92.12532043457031,956700.0
2022-10-21,109.0,110.4000015258789,108.9000015258789,109.6500015258789,93.31678771972656,170376.0
2022-10-24,111.0,111.5999984741211,109.94999694824219,111.25,94.6784439086914,58127.0
2022-10-25,111.25,111.55000305175781,110.5,110.9000015258789,94.38058471679688,65463.0
2022-10-27,111.5,112.5999984741211,110.05000305175781,111.75,95.10397338867188,101611.0
2022-10-28,111.75,113.80000305175781,111.75,112.4000015258789,95.65714263916016,120911.0
2022-10-31,112.5,114.05000305175781,112.5,113.44999694824219,96.55073547363281,94677.0
2022-11-01,114.0999984741211,114.44999694824219,113.1500015258789,113.55000305175781,96.6358413696289,118755.0
2022-11-02,114.0,115.44999694824219,112.69999694824219,113.30000305175781,96.42308044433594,161582.0
2022-11-03,113.3499984741211,117.25,113.3499984741211,115.1500015258789,97.99750518798828,365479.0
2022-11-04,116.44999694824219,117.0,113.75,114.0999984741211,97.10391235351562,379956.0
2022-11-07,115.5,116.75,114.55000305175781,115.0,97.8698501586914,210973.0
2022-11-09,115.94999694824219,116.30000305175781,114.1500015258789,114.5999984741211,97.52943420410156,172982.0
2022-11-10,114.5,115.0,112.55000305175781,113.25,96.38053131103516,116645.0
2022-11-11,114.0,114.80000305175781,112.5,113.0,96.16777038574219,130512.0
2022-11-14,113.0,115.19999694824219,111.8499984741211,113.1500015258789,96.2954330444336,284752.0
2022-11-15,113.69999694824219,113.9000015258789,111.5,111.8499984741211,95.18907165527344,185997.0
2022-11-16,112.0,114.1500015258789,111.8499984741211,113.75,96.8060531616211,197151.0
2022-11-17,113.8499984741211,123.19999694824219,113.25,121.05000305175781,103.0186538696289,2428221.0
2022-11-18,122.69999694824219,124.69999694824219,119.30000305175781,119.94999694824219,102.08250427246094,869723.0
2022-11-21,119.69999694824219,119.69999694824219,117.0,118.30000305175781,100.67829895019531,167659.0
2022-11-22,118.3499984741211,119.0,116.5999984741211,117.94999694824219,100.38042449951172,208493.0
2022-11-23,118.0,122.80000305175781,118.0,120.94999694824219,102.93354797363281,636888.0
2022-11-24,121.55000305175781,122.9000015258789,119.9000015258789,120.8499984741211,102.84844970703125,296859.0
2022-11-25,121.9000015258789,124.19999694824219,120.4000015258789,121.55000305175781,103.44418334960938,405530.0
2022-11-28,121.0999984741211,125.5,121.0999984741211,123.5999984741211,105.18881225585938,756061.0
2022-11-29,123.55000305175781,124.55000305175781,121.0,121.30000305175781,103.2314224243164,231061.0
2022-11-30,121.30000305175781,128.9499969482422,121.30000305175781,125.69999694824219,106.97599792480469,1573521.0
2022-12-01,125.75,127.0,123.5,124.0999984741211,105.61433410644531,253690.0
2022-12-02,124.1500015258789,124.5999984741211,121.69999694824219,122.44999694824219,104.21011352539062,282441.0
2022-12-05,122.8499984741211,124.5,122.5,122.9000015258789,104.59308624267578,180290.0
2022-12-06,123.0,124.25,122.19999694824219,122.6500015258789,104.38032531738281,214961.0
2022-12-07,122.69999694824219,123.25,120.6500015258789,122.30000305175781,104.08245849609375,224600.0
2022-12-08,121.5,123.44999694824219,121.25,122.75,104.4654312133789,168507.0
2022-12-09,122.75,124.69999694824219,120.05000305175781,120.94999694824219,102.93354797363281,277306.0
2022-12-12,120.0,123.80000305175781,119.0999984741211,123.05000305175781,104.72074890136719,278122.0
2022-12-13,123.9000015258789,127.80000305175781,123.4000015258789,125.1500015258789,106.5079345703125,597130.0
2022-12-14,125.94999694824219,126.94999694824219,124.19999694824219,124.44999694824219,105.91220092773438,206581.0
2022-12-15,125.0999984741211,129.8000030517578,124.05000305175781,126.5,107.6568374633789,824498.0
2022-12-16,126.25,128.5,123.69999694824219,125.19999694824219,106.55048370361328,354413.0
2022-12-19,125.25,129.39999389648438,124.3499984741211,127.9000015258789,108.84829711914062,483265.0
2022-12-20,127.05000305175781,129.60000610351562,126.1500015258789,127.05000305175781,108.12491607666016,366615.0
2022-12-21,128.5,128.5,120.9000015258789,121.6500015258789,103.52928161621094,440788.0
2022-12-22,122.05000305175781,123.19999694824219,117.8499984741211,120.05000305175781,102.16761779785156,339798.0
2022-12-23,119.25,119.69999694824219,114.25,115.4000015258789,98.21026611328125,368056.0
2022-12-26,116.0,119.19999694824219,115.5,118.6500015258789,100.97615814208984,165800.0
2022-12-27,119.69999694824219,121.80000305175781,119.0,120.9000015258789,102.89100646972656,201538.0
2022-12-28,120.9000015258789,124.19999694824219,120.55000305175781,123.05000305175781,104.72074890136719,256031.0
2022-12-29,123.75,123.75,121.55000305175781,122.55000305175781,104.29521179199219,142149.0
2022-12-30,122.55000305175781,127.75,122.05000305175781,125.05000305175781,106.42283630371094,449407.0
2023-01-02,125.05000305175781,128.0,124.0,127.44999694824219,108.46531677246094,320799.0
2023-01-03,127.0999984741211,127.69999694824219,123.5999984741211,124.5,105.95475769042969,235055.0
2023-01-04,124.5999984741211,132.25,123.0999984741211,128.25,109.14617156982422,1485255.0
2023-01-05,128.6999969482422,129.39999389648438,125.5,126.30000305175781,107.48663330078125,259082.0
2023-01-06,126.9000015258789,132.89999389648438,126.30000305175781,130.9499969482422,111.4439697265625,2037403.0
2023-01-09,132.85000610351562,132.85000610351562,128.64999389648438,129.14999389648438,109.91209411621094,503443.0
2023-01-10,129.4499969482422,130.8000030517578,126.5,127.25,108.29512023925781,351625.0
2023-01-11,128.0,128.60000610351562,126.0,126.94999694824219,108.03980255126953,279301.0
2023-01-12,127.44999694824219,127.80000305175781,125.05000305175781,125.55000305175781,106.84835052490234,183449.0
2023-01-13,126.0,126.5,124.5999984741211,125.19999694824219,106.55048370361328,143663.0
2023-01-16,125.8499984741211,126.6500015258789,124.0999984741211,124.4000015258789,105.86964416503906,122023.0
2023-01-17,124.4000015258789,124.9000015258789,123.4000015258789,123.9000015258789,105.44412994384766,109456.0
2023-01-18,124.69999694824219,125.0,123.0999984741211,124.0,105.52922821044922,112466.0
2023-01-19,124.0,124.75,122.75,123.80000305175781,105.35902404785156,108135.0
2023-01-20,123.0,125.1500015258789,123.0,124.1500015258789,105.65689086914062,114597.0
2023-01-23,124.1500015258789,124.75,122.5,122.9000015258789,104.59308624267578,85661.0
2023-01-24,123.0999984741211,125.5,122.55000305175781,122.69999694824219,104.42288208007812,138831.0
2023-01-25,123.5,123.5,120.5999984741211,121.0999984741211,103.06121063232422,105829.0
2023-01-27,121.0999984741211,122.0,117.69999694824219,118.19999694824219,100.59318542480469,248723.0
2023-01-30,118.5999984741211,121.0,117.69999694824219,119.4000015258789,101.61444091796875,167482.0
2023-01-31,120.0,120.75,118.6500015258789,120.1500015258789,102.25273132324219,167414.0
2023-02-01,120.94999694824219,122.9000015258789,117.0,118.19999694824219,100.59318542480469,148575.0
2023-02-02,118.19999694824219,119.80000305175781,115.5,117.0,99.57192993164062,180105.0
2023-02-03,117.5999984741211,118.55000305175781,114.94999694824219,117.8499984741211,100.29531860351562,182888.0
2023-02-06,118.44999694824219,118.44999694824219,116.69999694824219,117.19999694824219,99.74214935302734,87942.0
2023-02-07,117.5,118.8499984741211,116.0,116.75,99.35916900634766,102957.0
2023-02-08,116.75,119.05000305175781,116.5,118.6500015258789,100.97615814208984,80112.0
2023-02-09,119.0999984741211,120.0,117.8499984741211,118.94999694824219,101.2314682006836,65777.0
2023-02-10,119.0,120.0,117.0,118.0999984741211,100.5080795288086,87221.0
2023-02-13,118.0999984741211,120.1500015258789,117.0,117.19999694824219,99.74214935302734,105707.0
2023-02-14,117.3499984741211,117.9000015258789,115.8499984741211,116.25,98.93364715576172,84432.0
2023-02-15,116.94999694824219,117.80000305175781,115.75,117.0,99.57192993164062,132291.0
2023-02-16,118.75,118.75,116.5,116.80000305175781,99.4017333984375,86089.0
2023-02-17,116.44999694824219,119.9000015258789,116.44999694824219,118.0999984741211,100.5080795288086,222339.0
2023-02-20,117.1500015258789,118.0999984741211,116.05000305175781,116.3499984741211,99.01876068115234,59248.0
2023-02-21,115.80000305175781,117.5,115.30000305175781,115.9000015258789,98.63578796386719,129676.0
2023-02-22,115.25,116.1500015258789,113.80000305175781,113.94999694824219,96.97626495361328,112316.0
2023-02-23,113.30000305175781,115.5,113.30000305175781,114.9000015258789,97.78475189208984,177804.0
2023-02-24,115.1500015258789,115.75,114.8499984741211,115.30000305175781,98.12516784667969,51975.0
2023-02-27,115.0,115.4000015258789,113.0,113.44999694824219,96.55073547363281,96641.0
2023-02-28,114.05000305175781,114.5999984741211,113.55000305175781,114.25,97.2315673828125,62350.0
2023-03-01,114.25,116.0999984741211,114.25,115.30000305175781,98.12516784667969,72609.0
2023-03-02,115.0999984741211,115.6500015258789,114.80000305175781,115.05000305175781,97.91240692138672,41489.0
2023-03-03,115.55000305175781,115.80000305175781,114.5,115.0,97.8698501586914,71646.0
2023-03-06,115.1500015258789,116.9000015258789,115.05000305175781,115.6500015258789,98.42303466796875,103317.0
2023-03-08,115.1500015258789,116.19999694824219,115.05000305175781,115.6500015258789,98.42303466796875,82816.0
2023-03-09,116.25,117.6500015258789,114.69999694824219,115.5999984741211,98.3804702758789,114705.0
2023-03-10,116.0,116.0,114.75,115.44999694824219,98.25282287597656,59088.0
2023-03-13,114.69999694824219,115.75,113.0,113.5,96.59329223632812,99263.0
2023-03-14,113.5,114.6500015258789,112.5,112.75,95.95500183105469,77637.0
2023-03-15,113.5,113.94999694824219,112.0999984741211,112.4000015258789,95.65714263916016,72103.0
2023-03-16,112.9000015258789,112.9000015258789,109.5,111.75,95.10397338867188,166031.0
2023-03-17,112.3499984741211,112.80000305175781,111.25,111.80000305175781,95.14651489257812,75003.0
2023-03-20,111.75,111.80000305175781,110.5,111.0999984741211,94.55078887939453,65982.0
2023-03-21,111.19999694824219,112.5,110.5,111.0999984741211,94.55078887939453,184462.0
2023-03-22,111.6500015258789,112.75,111.55000305175781,112.4000015258789,95.65714263916016,73991.0
2023-03-23,112.05000305175781,114.19999694824219,111.05000305175781,111.9000015258789,95.23162841796875,140271.0
2023-03-24,111.9000015258789,112.19999694824219,110.55000305175781,110.9000015258789,94.38058471679688,51691.0
2023-03-27,111.8499984741211,112.5999984741211,110.0,110.5,94.04016876220703,186532.0
2023-03-28,111.0,111.5999984741211,108.5,109.1500015258789,92.8912582397461,129063.0
2023-03-29,110.25,112.94999694824219,109.4000015258789,112.19999694824219,95.48692321777344,197433.0
2023-03-31,112.0,113.5,110.19999694824219,110.9000015258789,94.38058471679688,176497.0
2023-04-03,111.5,112.9000015258789,111.1500015258789,112.5999984741211,95.82736206054688,105749.0
2023-04-05,112.5999984741211,113.0,112.1500015258789,112.75,95.95500183105469,96471.0
2023-04-06,113.0,114.25,112.75,113.69999694824219,96.76350402832031,96201.0
2023-04-10,114.0,114.3499984741211,113.1500015258789,113.5,96.59329223632812,78255.0
2023-04-11,113.94999694824219,114.9000015258789,112.30000305175781,113.1500015258789,96.2954330444336,115490.0
2023-04-12,113.75,115.0,113.3499984741211,114.44999694824219,97.40177154541016,86416.0
2023-04-13,114.5,114.55000305175781,112.80000305175781,113.25,96.38053131103516,115068.0
2023-04-17,112.94999694824219,113.69999694824219,112.25,112.9000015258789,96.08267211914062,99698.0
2023-04-18,113.3499984741211,114.5,113.0,113.80000305175781,96.84859466552734,104713.0
2023-04-19,114.0,115.9000015258789,114.0,114.6500015258789,97.57199096679688,123341.0
2023-04-20,115.05000305175781,115.80000305175781,114.4000015258789,114.80000305175781,97.69965362548828,98332.0
2023-04-21,114.94999694824219,115.30000305175781,113.5,113.80000305175781,96.84859466552734,96551.0
2023-04-24,114.3499984741211,114.75,113.0999984741211,113.94999694824219,96.97626495361328,94963.0
2023-04-25,113.94999694824219,115.5,113.94999694824219,114.94999694824219,97.82730102539062,116700.0
2023-04-26,114.94999694824219,117.9000015258789,114.55000305175781,117.1500015258789,99.69960021972656,364806.0
2023-04-27,117.69999694824219,118.6500015258789,116.44999694824219,116.75,99.35916900634766,199316.0
2023-04-28,117.19999694824219,119.19999694824219,116.75,118.5,100.84850311279297,234543.0
2023-05-02,118.80000305175781,120.9000015258789,116.9000015258789,119.30000305175781,101.52933502197266,347019.0
2023-05-03,119.30000305175781,120.80000305175781,118.80000305175781,119.94999694824219,102.08250427246094,229773.0
2023-05-04,120.5999984741211,122.9000015258789,119.94999694824219,121.69999694824219,103.57183837890625,387083.0
2023-05-05,121.69999694824219,123.19999694824219,120.30000305175781,122.4000015258789,104.16757202148438,277311.0
2023-05-08,123.0,125.5999984741211,122.75,124.30000305175781,105.78455352783203,280058.0
2023-05-09,124.55000305175781,125.25,122.6500015258789,123.1500015258789,104.80583953857422,138881.0
2023-05-10,123.75,125.1500015258789,122.5999984741211,124.05000305175781,105.57179260253906,173071.0
2023-05-11,124.05000305175781,126.75,123.5,123.9000015258789,105.44412994384766,262329.0
2023-05-12,124.0,125.5999984741211,123.0,123.9000015258789,105.44412994384766,135715.0
2023-05-15,124.5,125.25,122.8499984741211,123.1500015258789,104.80583953857422,113747.0
2023-05-16,123.3499984741211,125.4000015258789,123.3499984741211,123.80000305175781,105.35902404785156,168236.0
2023-05-17,123.55000305175781,125.69999694824219,123.55000305175781,124.80000305175781,106.21006774902344,204004.0
2023-05-18,125.0,126.69999694824219,123.0,123.44999694824219,105.0611572265625,173722.0
2023-05-19,124.0999984741211,124.9000015258789,123.05000305175781,124.30000305175781,105.78455352783203,160902.0
2023-05-22,125.0,126.4000015258789,124.69999694824219,125.05000305175781,106.42283630371094,295162.0
2023-05-23,131.3000030517578,133.6999969482422,130.0,130.89999389648438,111.40142059326172,2274144.0
2023-05-24,132.0,132.5,130.6999969482422,131.5500030517578,111.95459747314453,444432.0
2023-05-25,132.60000610351562,134.5500030517578,132.35000610351562,133.5,113.6141357421875,802248.0
2023-05-26,126.0,127.4000015258789,124.6500015258789,125.19999694824219,106.55048370361328,903616.0
2023-05-29,126.44999694824219,126.44999694824219,124.25,124.75,106.16751098632812,303080.0
2023-05-30,126.0,128.0,125.6500015258789,126.0,107.23130798339844,378972.0
2023-05-31,125.5,126.1500015258789,124.5999984741211,124.94999694824219,106.33771514892578,235022.0
2023-06-01,125.0999984741211,127.5,125.05000305175781,127.1500015258789,108.21002197265625,285735.0
2023-06-02,128.0,130.8000030517578,127.6500015258789,129.6999969482422,110.38016510009766,715020.0
2023-06-05,131.8000030517578,137.6999969482422,130.89999389648438,136.9499969482422,116.55023956298828,2601467.0
2023-06-06,137.25,137.89999389648438,134.14999389648438,135.4499969482422,115.27366638183594,628091.0
2023-06-07,135.9499969482422,137.3000030517578,134.75,135.5500030517578,115.35877990722656,472946.0
2023-06-08,135.89999389648438,135.89999389648438,132.1999969482422,132.60000610351562,112.84821319580078,387946.0
2023-06-09,132.6999969482422,133.89999389648438,131.39999389648438,131.64999389648438,112.0396957397461,178990.0
2023-06-12,132.0,137.39999389648438,131.85000610351562,134.60000610351562,114.55027770996094,1053123.0
2023-06-13,134.9499969482422,139.4499969482422,134.60000610351562,136.64999389648438,116.29490661621094,991759.0
2023-06-14,137.0,138.25,135.85000610351562,136.8000030517578,116.42257690429688,369158.0
2023-06-15,137.0,139.89999389648438,136.35000610351562,137.10000610351562,116.6778793334961,788306.0
2023-06-16,137.89999389648438,140.6999969482422,133.8000030517578,137.14999389648438,116.72042846679688,849694.0
2023-06-19,138.0500030517578,142.4499969482422,137.10000610351562,138.85000610351562,118.16720581054688,1173047.0
2023-06-20,138.9499969482422,139.6999969482422,136.14999389648438,137.75,117.23106384277344,394561.0
2023-06-21,137.60000610351562,144.10000610351562,137.5500030517578,142.8000030517578,121.52881622314453,1983736.0
2023-06-22,143.9499969482422,143.9499969482422,138.25,139.25,118.50762939453125,678901.0
2023-06-23,139.75,139.75,135.5500030517578,136.75,116.38002014160156,359170.0
2023-06-26,136.75,137.89999389648438,136.10000610351562,136.89999389648438,116.50767517089844,154819.0
2023-06-27,138.0,140.0,136.5500030517578,137.89999389648438,117.35871887207031,301097.0
2023-06-28,139.3000030517578,139.3000030517578,136.10000610351562,136.64999389648438,116.29490661621094,252047.0
2023-06-30,137.3000030517578,137.75,135.89999389648438,136.35000610351562,116.03961181640625,226698.0
2023-07-03,137.14999389648438,137.5,135.0,135.75,115.52897644042969,310910.0
2023-07-04,136.14999389648438,136.75,133.6999969482422,134.0,114.03965759277344,289680.0
2023-07-05,134.6999969482422,136.5,133.6999969482422,134.1999969482422,114.2098617553711,312516.0
2023-07-06,134.0,138.75,134.0,137.6999969482422,117.18850708007812,562736.0
2023-07-07,137.1999969482422,138.6999969482422,135.35000610351562,135.85000610351562,115.61408233642578,453133.0
2023-07-10,136.5500030517578,136.5500030517578,134.10000610351562,134.64999389648438,114.59283447265625,194108.0
2023-07-11,135.0500030517578,137.64999389648438,133.0,135.0500030517578,114.93324279785156,353867.0
2023-07-12,135.75,138.25,135.1999969482422,137.60000610351562,117.10340881347656,458613.0
2023-07-13,138.0,138.64999389648438,135.0,135.5,115.31622314453125,352455.0
2023-07-14,136.1999969482422,136.1999969482422,133.85000610351562,135.35000610351562,115.18856811523438,247586.0
2023-07-17,135.35000610351562,136.89999389648438,135.0,135.35000610351562,115.18856811523438,201792.0
2023-07-18,135.1999969482422,136.4499969482422,134.64999389648438,135.0,114.89069366455078,178348.0
2023-07-19,134.60000610351562,135.75,134.5500030517578,134.89999389648438,114.80559539794922,134525.0
2023-07-20,134.5,135.39999389648438,134.14999389648438,134.35000610351562,114.3375244140625,125707.0
2023-07-21,134.39999389648438,135.25,133.5500030517578,134.0,114.03965759277344,188624.0
2023-07-24,135.5,142.85000610351562,135.14999389648438,138.6999969482422,118.03954315185547,1981229.0
2023-07-25,139.8000030517578,148.0500030517578,139.10000610351562,146.75,124.89044952392578,3179305.0
2023-07-26,148.5,152.5500030517578,146.60000610351562,149.5,127.23081970214844,3148080.0
2023-07-27,150.39999389648438,153.6999969482422,148.75,149.60000610351562,127.31591796875,1330929.0
2023-07-28,148.89999389648438,152.6999969482422,147.9499969482422,149.1999969482422,126.9754867553711,1079834.0
2023-07-31,150.14999389648438,154.1999969482422,149.89999389648438,151.5,128.9329071044922,876303.0
2023-08-01,152.5,153.4499969482422,149.0500030517578,149.60000610351562,127.31591796875,654401.0
2023-08-02,149.0,153.0,145.64999389648438,147.0500030517578,125.14576721191406,1130042.0
2023-08-03,146.85000610351562,149.3000030517578,144.0,145.5500030517578,123.86919403076172,457116.0
2023-08-04,146.3000030517578,156.5500030517578,146.3000030517578,155.39999389648438,132.251953125,1759810.0
2023-08-07,157.0,157.8000030517578,150.39999389648438,151.89999389648438,129.27328491210938,1192946.0
2023-08-08,152.60000610351562,153.14999389648438,145.60000610351562,146.85000610351562,124.97554016113281,944266.0
2023-08-09,146.85000610351562,152.0,145.5,150.5500030517578,128.12440490722656,809905.0
2023-08-10,151.10000610351562,151.85000610351562,147.25,148.1999969482422,126.12445831298828,528798.0
2023-08-11,148.4499969482422,149.8000030517578,146.8000030517578,147.1999969482422,125.27340698242188,304813.0
2023-08-14,147.75,149.0,145.4499969482422,146.8000030517578,124.93301391601562,435125.0
2023-08-16,146.6999969482422,149.5,145.35000610351562,145.89999389648438,124.16706085205078,420324.0
2023-08-17,146.3000030517578,149.39999389648438,145.5500030517578,148.10000610351562,126.03936004638672,380042.0
2023-08-18,148.0500030517578,148.9499969482422,144.9499969482422,145.75,124.03938293457031,380503.0
2023-08-21,146.0500030517578,146.4499969482422,144.3000030517578,144.6999969482422,123.14580535888672,310700.0
2023-08-22,144.9499969482422,146.5,143.25,145.1999969482422,123.5713119506836,991489.0
2023-08-23,145.60000610351562,149.3000030517578,145.35000610351562,146.75,124.89044952392578,932885.0
2023-08-24,147.60000610351562,152.0,147.60000610351562,150.14999389648438,127.78398895263672,1449293.0
2023-08-25,150.14999389648438,152.75,148.6999969482422,149.5500030517578,127.27336883544922,813228.0
2023-08-28,150.6999969482422,154.1999969482422,148.8000030517578,152.35000610351562,129.65628051757812,1077249.0
2023-08-29,153.39999389648438,157.60000610351562,151.4499969482422,154.3000030517578,131.31582641601562,1638381.0
2023-08-30,155.5,159.64999389648438,154.64999389648438,155.25,132.12429809570312,1756336.0
2023-08-31,155.5,156.5500030517578,152.89999389648438,153.60000610351562,130.72007751464844,580171.0
2023-09-01,154.3000030517578,169.10000610351562,153.6999969482422,167.64999389648438,142.6772003173828,6209282.0
2023-09-04,169.9499969482422,170.85000610351562,165.10000610351562,166.0,141.27301025390625,1576739.0
2023-09-05,167.6999969482422,172.1999969482422,165.14999389648438,168.0,142.97509765625,2335420.0
2023-09-06,168.4499969482422,168.85000610351562,163.5500030517578,165.8000030517578,141.10279846191406,1104508.0
2023-09-07,166.3000030517578,168.0,165.10000610351562,165.9499969482422,141.23043823242188,532184.0
2023-09-08,166.75,172.39999389648438,166.5500030517578,168.75,143.6133575439453,1739581.0
2023-09-11,170.0,174.9499969482422,169.0,171.64999389648438,146.0813751220703,2665864.0
2023-09-12,172.85000610351562,173.1999969482422,156.8000030517578,157.6999969482422,134.20936584472656,2917871.0
2023-09-13,158.5,166.9499969482422,157.14999389648438,165.75,141.06024169921875,2118337.0
2023-09-14,167.14999389648438,178.6999969482422,166.5500030517578,172.5,146.80477905273438,7369065.0
2023-09-15,173.8000030517578,176.1999969482422,167.3000030517578,169.0,143.82614135742188,2504632.0
2023-09-18,169.6999969482422,169.89999389648438,167.0500030517578,168.89999389648438,143.74102783203125,1530917.0
2023-09-20,162.14999389648438,163.14999389648438,158.14999389648438,160.0,142.49420166015625,942511.0
2023-09-21,158.35000610351562,159.6999969482422,151.39999389648438,152.9499969482422,136.21556091308594,836278.0
2023-09-22,153.5,156.6999969482422,150.8000030517578,154.5,137.59597778320312,659308.0
2023-09-25,154.4499969482422,157.64999389648438,150.64999389648438,156.14999389648438,139.0654296875,726243.0
2023-09-26,156.14999389648438,156.3000030517578,152.60000610351562,153.3000030517578,136.52725219726562,319113.0
2023-09-27,154.0,155.39999389648438,152.5,154.10000610351562,137.23973083496094,557766.0
2023-09-28,154.0,158.0,153.3000030517578,154.25,137.37332153320312,497365.0
2023-09-29,155.0,155.75,153.5,153.8000030517578,136.97256469726562,222879.0
2023-10-03,154.85000610351562,154.89999389648438,151.89999389648438,152.1999969482422,135.54762268066406,247204.0
2023-10-04,151.64999389648438,151.85000610351562,146.1999969482422,148.3000030517578,132.07432556152344,579977.0
2023-10-05,148.9499969482422,150.6999969482422,147.35000610351562,148.8000030517578,132.5196075439453,319412.0
2023-10-06,148.60000610351562,149.5500030517578,147.10000610351562,147.4499969482422,131.3173065185547,292371.0
2023-10-09,144.0500030517578,146.0500030517578,140.0500030517578,142.4499969482422,126.86436462402344,642492.0
2023-10-10,143.10000610351562,146.5500030517578,143.10000610351562,145.5500030517578,129.6251983642578,266056.0
2023-10-11,146.25,147.25,144.5,144.8000030517578,128.95726013183594,244173.0
2023-10-12,145.5,148.9499969482422,145.1999969482422,146.85000610351562,130.782958984375,456275.0
2023-10-13,146.35000610351562,147.60000610351562,143.5,144.9499969482422,129.09083557128906,291651.0
2023-10-16,144.89999389648438,148.3000030517578,143.35000610351562,146.10000610351562,130.1150360107422,784276.0
2023-10-17,147.14999389648438,153.10000610351562,147.10000610351562,151.0,134.47891235351562,1193224.0
2023-10-18,151.9499969482422,155.60000610351562,146.64999389648438,151.9499969482422,135.324951171875,1233762.0
2023-10-19,150.60000610351562,151.35000610351562,148.5500030517578,148.9499969482422,132.65318298339844,329347.0
2023-10-20,148.5,149.8000030517578,145.10000610351562,145.8000030517578,129.8478546142578,246314.0
2023-10-23,145.8000030517578,146.5500030517578,133.8000030517578,135.35000610351562,120.54119873046875,877569.0
2023-10-25,136.1999969482422,139.8000030517578,131.6999969482422,134.0500030517578,119.38343048095703,544871.0
2023-10-26,132.6999969482422,137.9499969482422,129.39999389648438,136.25,121.34273529052734,739833.0
2023-10-27,136.9499969482422,138.25,136.10000610351562,137.35000610351562,122.32238006591797,276561.0
2023-10-30,137.60000610351562,137.85000610351562,134.8000030517578,135.75,120.89742279052734,175927.0
2023-10-31,136.60000610351562,137.39999389648438,134.0,134.1999969482422,119.51701354980469,287673.0
2023-11-01,134.8000030517578,145.89999389648438,134.0,143.75,128.02212524414062,1819083.0
2023-11-02,144.10000610351562,145.14999389648438,140.8000030517578,143.0500030517578,127.39872741699219,426591.0
2023-11-03,143.0500030517578,144.5,142.75,144.0500030517578,128.289306640625,402116.0
2023-11-06,144.9499969482422,147.39999389648438,144.0500030517578,144.64999389648438,128.82366943359375,322776.0
2023-11-07,145.35000610351562,145.60000610351562,143.39999389648438,144.25,128.46743774414062,391761.0
2023-11-08,151.0,153.5500030517578,147.35000610351562,149.10000610351562,132.7867889404297,1244628.0
2023-11-09,149.0,149.3000030517578,144.39999389648438,145.0,129.13536071777344,489526.0
2023-11-10,145.0,146.35000610351562,144.0,144.8000030517578,128.95726013183594,308375.0
2023-11-13,149.25,157.35000610351562,147.5,155.35000610351562,138.35296630859375,1701691.0
2023-11-15,157.0,157.0,153.5,154.1999969482422,137.3287811279297,433431.0
2023-11-16,154.39999389648438,161.8000030517578,154.39999389648438,158.75,141.38096618652344,1548768.0
2023-11-17,158.89999389648438,161.39999389648438,157.10000610351562,158.8000030517578,141.42550659179688,455497.0
2023-11-20,159.4499969482422,159.5500030517578,154.89999389648438,156.6999969482422,139.5552520751953,346717.0
2023-11-21,157.1999969482422,164.89999389648438,157.1999969482422,160.4499969482422,142.8949737548828,1671356.0
2023-11-22,160.89999389648438,161.25,155.0,156.1999969482422,139.10997009277344,546507.0
2023-11-23,156.14999389648438,157.8000030517578,155.5,156.0500030517578,138.9763946533203,192958.0
2023-11-24,156.5,157.6999969482422,153.60000610351562,154.0,137.1506805419922,326454.0
2023-11-28,154.0,156.14999389648438,153.35000610351562,154.5500030517578,137.6405029296875,253346.0
2023-11-29,155.14999389648438,160.6999969482422,154.4499969482422,158.3000030517578,140.98020935058594,875834.0
2023-11-30,158.8000030517578,158.8000030517578,155.60000610351562,156.75,139.59979248046875,301541.0
2023-12-01,157.39999389648438,163.0,157.0,161.3000030517578,143.6519775390625,1588900.0
2023-12-04,164.0,167.9499969482422,162.64999389648438,163.3000030517578,145.4331512451172,2110770.0
2023-12-05,163.3000030517578,164.35000610351562,160.0500030517578,161.3000030517578,143.6519775390625,599953.0
2023-12-06,161.85000610351562,165.89999389648438,161.3000030517578,163.60000610351562,145.70034790039062,1088702.0
2023-12-07,164.8000030517578,167.89999389648438,163.8000030517578,164.4499969482422,146.4573211669922,1526211.0
2023-12-08,166.0,175.85000610351562,164.5,171.85000610351562,153.0476837158203,6348351.0
2023-12-11,173.10000610351562,174.4499969482422,171.1999969482422,171.6999969482422,152.91409301757812,1067743.0
2023-12-12,172.75,173.3000030517578,168.0500030517578,169.1999969482422,150.6876220703125,710679.0
2023-12-13,170.0500030517578,171.25,167.0500030517578,169.89999389648438,151.31101989746094,646674.0
2023-12-14,169.1999969482422,185.0,169.1999969482422,180.0,160.3059844970703,7945134.0
2023-12-15,182.6999969482422,192.1999969482422,181.60000610351562,188.35000610351562,167.74240112304688,5678239.0
2023-12-18,188.89999389648438,197.5,187.5,191.9499969482422,170.94851684570312,3538773.0
2023-12-19,194.0,194.35000610351562,187.5,191.0,170.1024627685547,1460200.0
2023-12-20,191.0,198.5,177.60000610351562,179.75,160.08334350585938,3868093.0
2023-12-21,178.5,188.35000610351562,176.0500030517578,187.4499969482422,166.94085693359375,1428357.0
2023-12-22,189.0500030517578,224.89999389648438,189.0500030517578,224.89999389648438,200.2934112548828,22108556.0
2023-12-26,238.25,240.8000030517578,222.89999389648438,230.25,205.0580596923828,12602056.0
2023-12-27,231.6999969482422,235.6999969482422,220.10000610351562,221.5,197.2654266357422,3340855.0
2023-12-28,223.0,230.5,219.0,222.64999389648438,198.2895965576172,2632350.0
2023-12-29,224.0,226.8000030517578,217.0,218.85000610351562,194.90536499023438,1295364.0
2024-01-01,218.9499969482422,228.39999389648438,218.5500030517578,223.14999389648438,198.73487854003906,1442212.0
2024-01-02,223.14999389648438,224.89999389648438,215.5500030517578,221.75,197.48806762695312,1064098.0
2024-01-03,221.6999969482422,232.0,220.1999969482422,229.6999969482422,204.5682373046875,2385860.0
2024-01-04,232.0,235.3000030517578,222.9499969482422,226.5500030517578,201.7628936767578,1603673.0
2024-01-05,227.0,228.0,221.0,222.5,198.156005859375,1088191.0
2024-01-08,223.64999389648438,228.85000610351562,218.1999969482422,219.5500030517578,195.52877807617188,1264273.0
2024-01-09,221.6999969482422,223.8000030517578,218.5,220.25,196.1521759033203,637679.0
2024-01-10,220.8000030517578,235.8000030517578,216.5,232.5,207.06187438964844,3843344.0
2024-01-11,247.35000610351562,260.75,242.64999389648438,248.25,221.08865356445312,11914396.0
2024-01-12,250.75,258.0,243.60000610351562,256.45001220703125,228.39149475097656,4016186.0
2024-01-15,256.8500061035156,265.6000061035156,250.35000610351562,258.0,229.77191162109375,3253857.0
2024-01-16,258.0,260.0,243.9499969482422,250.3000030517578,222.9143829345703,2366830.0
2024-01-17,245.9499969482422,265.0,244.25,257.8999938964844,229.68283081054688,3942874.0
2024-01-18,258.0,265.0,244.64999389648438,263.5,234.67015075683594,3196703.0
2024-01-19,264.6499938964844,273.25,262.1000061035156,267.04998779296875,237.83172607421875,3360517.0
2024-01-23,278.54998779296875,279.45001220703125,252.64999389648438,258.5,230.2172088623047,2743837.0
2024-01-24,258.3999938964844,263.70001220703125,253.14999389648438,258.54998779296875,230.26170349121094,1463741.0
2024-01-25,260.0,269.79998779296875,254.89999389648438,258.04998779296875,229.81642150878906,1566150.0
2024-01-29,259.79998779296875,275.0,259.75,267.29998779296875,238.0543670654297,1518577.0
2024-01-30,270.0,290.70001220703125,270.0,284.29998779296875,253.19439697265625,5881801.0
2024-01-31,285.8999938964844,290.6000061035156,279.5,284.79998779296875,253.6396942138672,2258055.0
2024-02-01,287.04998779296875,288.5,276.04998779296875,279.79998779296875,249.18673706054688,1410630.0
2024-02-02,282.04998779296875,291.0,281.29998779296875,284.20001220703125,253.10536193847656,1831944.0
2024-02-05,286.75,290.0,276.95001220703125,280.20001220703125,249.54298400878906,1104552.0
2024-02-06,281.6000061035156,287.0,275.95001220703125,284.6499938964844,253.50607299804688,1129995.0
2024-02-07,286.54998779296875,286.95001220703125,279.25,281.54998779296875,250.74525451660156,805642.0
2024-02-08,284.0,286.20001220703125,278.0,280.29998779296875,249.6320343017578,733806.0
2024-02-09,288.6499938964844,290.95001220703125,256.8999938964844,264.3999938964844,235.4716796875,3260305.0
2024-02-12,264.3999938964844,264.3999938964844,233.9499969482422,237.39999389648438,211.42576599121094,1634770.0
2024-02-13,235.5,248.9499969482422,235.5,243.85000610351562,217.17007446289062,1187831.0
2024-02-14,242.6999969482422,257.95001220703125,240.10000610351562,255.64999389648438,227.67901611328125,690060.0
2024-02-15,256.8999938964844,262.8500061035156,254.10000610351562,260.8500061035156,232.31007385253906,814168.0
2024-02-16,263.29998779296875,264.75,252.3000030517578,253.35000610351562,225.63067626953125,809590.0
2024-02-19,255.3000030517578,259.79998779296875,252.5500030517578,255.89999389648438,227.90167236328125,425593.0
2024-02-20,256.8999938964844,264.8999938964844,256.3999938964844,259.79998779296875,231.3749542236328,586587.0
2024-02-21,260.0,261.1000061035156,252.10000610351562,253.25,225.54159545898438,472544.0
2024-02-22,254.6999969482422,258.20001220703125,247.35000610351562,256.04998779296875,228.0352325439453,491395.0
2024-02-23,258.0,259.20001220703125,254.10000610351562,256.8500061035156,228.7477264404297,368515.0
2024-02-26,257.0,259.3999938964844,254.60000610351562,257.54998779296875,229.3711395263672,369524.0
2024-02-27,257.0,260.0,250.9499969482422,254.60000610351562,226.74391174316406,469502.0
2024-02-28,254.60000610351562,256.3999938964844,240.0,244.35000610351562,217.61537170410156,556798.0
2024-02-29,244.35000610351562,247.60000610351562,238.8000030517578,243.9499969482422,217.25914001464844,1529977.0
2024-03-01,246.6999969482422,246.6999969482422,242.0,243.35000610351562,216.7247772216797,428162.0
2024-03-04,245.25,251.1999969482422,241.14999389648438,244.1999969482422,217.48178100585938,436125.0
2024-03-05,243.85000610351562,251.5,243.60000610351562,248.64999389648438,221.4449005126953,431810.0
2024-03-06,248.0500030517578,248.0500030517578,236.3000030517578,240.39999389648438,214.0975341796875,485332.0
2024-03-07,239.5,247.85000610351562,239.35000610351562,245.35000610351562,218.50596618652344,356032.0
2024-03-11,244.0,244.0,232.5,234.10000610351562,208.48684692382812,453816.0
2024-03-12,232.10000610351562,234.60000610351562,223.1999969482422,225.4499969482422,200.7832489013672,658577.0
2024-03-13,224.8000030517578,230.0,203.6999969482422,206.35000610351562,183.7729949951172,1477297.0
2024-03-14,205.0,218.60000610351562,202.0,215.14999389648438,191.61016845703125,688287.0
2024-03-15,214.0,231.0,210.10000610351562,219.1999969482422,195.21705627441406,1463542.0
2024-03-18,219.89999389648438,224.14999389648438,215.8000030517578,217.6999969482422,193.88116455078125,515718.0
2024-03-19,217.8000030517578,219.4499969482422,211.0,212.1999969482422,188.98294067382812,338476.0
2024-03-20,212.1999969482422,219.0500030517578,207.14999389648438,210.8000030517578,187.73611450195312,655033.0
2024-03-21,213.5,230.75,213.35000610351562,228.0,203.0542449951172,1062004.0
2024-03-22,227.0500030517578,231.89999389648438,224.14999389648438,229.85000610351562,204.70184326171875,583650.0
2024-03-26,225.75,233.9499969482422,225.39999389648438,226.4499969482422,201.673828125,510481.0
2024-03-27,227.5,241.10000610351562,227.5,237.0,211.06954956054688,911501.0
2024-03-28,240.25,244.8000030517578,237.8000030517578,238.39999389648438,212.3163604736328,636490.0
2024-04-01,240.0,253.25,239.10000610351562,249.35000610351562,222.06832885742188,1106762.0
2024-04-02,251.0,256.3999938964844,248.0,250.64999389648438,223.22608947753906,677387.0
2024-04-03,250.5500030517578,252.4499969482422,248.0,249.4499969482422,222.15736389160156,410638.0
2024-04-04,252.5,252.5500030517578,244.25,245.1999969482422,218.37237548828125,429559.0
2024-04-05,244.10000610351562,260.25,241.6999969482422,256.25,228.21337890625,1420166.0
2024-04-08,256.79998779296875,265.8500061035156,252.0,259.54998779296875,231.15231323242188,1409791.0
2024-04-09,261.04998779296875,264.0,255.1999969482422,258.70001220703125,230.3953399658203,740940.0
2024-04-10,259.79998779296875,259.79998779296875,255.1999969482422,257.8500061035156,229.63832092285156,331325.0
2024-04-12,255.5,262.6000061035156,254.39999389648438,257.29998779296875,229.1484832763672,540116.0
2024-04-15,251.0,253.9499969482422,242.5,247.0,219.97543334960938,534373.0
2024-04-16,246.0,251.14999389648438,244.60000610351562,248.10000610351562,220.95509338378906,287430.0
2024-04-18,248.89999389648438,255.0,245.9499969482422,248.5,221.31130981445312,483443.0
2024-04-19,242.0,245.25,238.64999389648438,241.85000610351562,215.38890075683594,542599.0
2024-04-22,245.10000610351562,250.0,243.85000610351562,247.64999389648438,220.55430603027344,364850.0
2024-04-23,249.14999389648438,254.0,246.60000610351562,249.5500030517578,222.24644470214844,455186.0
2024-04-24,251.0,261.95001220703125,250.3000030517578,258.20001220703125,229.95005798339844,815324.0
2024-04-25,257.04998779296875,281.8999938964844,256.5,276.20001220703125,245.98062133789062,3991552.0
2024-04-26,280.0,281.95001220703125,270.29998779296875,277.1499938964844,246.82667541503906,2096546.0
2024-04-29,277.5,280.70001220703125,271.0,272.29998779296875,242.50729370117188,670301.0
2024-04-30,273.1000061035156,278.5,271.0,273.8500061035156,243.8877716064453,769335.0
2024-05-02,274.54998779296875,284.0,274.1499938964844,277.04998779296875,246.73760986328125,1185146.0
2024-05-03,275.95001220703125,278.20001220703125,267.04998779296875,269.8999938964844,240.36990356445312,557068.0
2024-05-06,271.54998779296875,274.6000061035156,262.0,270.79998779296875,241.1714324951172,776464.0
2024-05-07,283.0,293.95001220703125,275.5,281.3999938964844,250.61167907714844,5419774.0
2024-05-08,284.0,289.75,282.1000061035156,287.8999938964844,256.4004821777344,1244130.0
2024-05-09,290.8500061035156,297.6499938964844,277.3999938964844,278.79998779296875,248.29617309570312,1603249.0
2024-05-10,280.75,282.04998779296875,268.6000061035156,276.45001220703125,246.20326232910156,827194.0
2024-05-13,277.8999938964844,289.20001220703125,270.20001220703125,287.70001220703125,256.222412109375,1076313.0
2024-05-14,290.6000061035156,299.8500061035156,287.04998779296875,296.95001220703125,264.4603271484375,1964253.0
2024-05-15,301.0,310.79998779296875,298.75,302.5,269.4031066894531,2636482.0
2024-05-16,304.8999938964844,305.5,296.45001220703125,300.8500061035156,267.9336242675781,871392.0
2024-05-17,303.6499938964844,311.95001220703125,303.0,306.8999938964844,273.32171630859375,1619185.0
2024-05-21,316.79998779296875,316.79998779296875,305.70001220703125,307.8500061035156,274.16778564453125,765249.0
2024-05-22,308.45001220703125,310.25,298.79998779296875,304.79998779296875,271.45147705078125,740977.0
2024-05-23,306.3500061035156,320.45001220703125,306.0,309.6000061035156,275.7262878417969,1512890.0
2024-05-24,311.45001220703125,317.75,306.79998779296875,311.04998779296875,277.01763916015625,936416.0
2024-05-27,305.0,305.8999938964844,290.04998779296875,291.5,259.6065979003906,2373008.0
2024-05-28,293.04998779296875,294.25,275.0,277.20001220703125,246.8712158203125,1454085.0
2024-05-29,273.54998779296875,283.04998779296875,272.0,276.0,245.802490234375,832363.0
2024-05-30,276.0,277.1499938964844,266.75,268.25,238.90042114257812,502661.0
2024-05-31,269.54998779296875,272.5,262.3999938964844,269.25,239.79103088378906,723165.0
2024-06-03,278.54998779296875,287.70001220703125,276.0,279.54998779296875,248.96408081054688,1335130.0
2024-06-04,279.0,279.0,223.64999389648438,227.64999389648438,202.74253845214844,3754496.0
2024-06-05,228.0,232.0,213.9499969482422,229.5,204.39012145996094,1846235.0
2024-06-06,233.0,253.0,233.0,247.10000610351562,220.0644989013672,1611139.0
2024-06-07,250.0,259.3500061035156,245.75,257.45001220703125,229.28208923339844,1074692.0
2024-06-10,262.45001220703125,263.04998779296875,256.70001220703125,260.70001220703125,232.17652893066406,598632.0
2024-06-11,262.0,266.95001220703125,261.1000061035156,265.1499938964844,236.13963317871094,570157.0
2024-06-12,266.0,273.6499938964844,262.3500061035156,263.6499938964844,234.80374145507812,663914.0
2024-06-13,265.8500061035156,269.75,262.29998779296875,265.1499938964844,236.13963317871094,414647.0
2024-06-14,266.45001220703125,272.5,261.54998779296875,269.5,240.01365661621094,706910.0
2024-06-18,273.04998779296875,277.70001220703125,270.95001220703125,271.70001220703125,241.9729766845703,995428.0
2024-06-19,273.8999938964844,275.6000061035156,264.0,267.3500061035156,238.09890747070312,580467.0
2024-06-20,267.45001220703125,267.5,262.6000061035156,263.5,234.67015075683594,414076.0
2024-06-21,265.0,272.29998779296875,264.04998779296875,266.25,237.1192626953125,521244.0
2024-06-24,266.25,281.5,264.0,280.1499938964844,249.4984130859375,1139904.0
2024-06-25,283.3999938964844,284.1000061035156,272.25,273.79998779296875,243.84320068359375,593068.0
2024-06-26,274.3999938964844,275.04998779296875,269.25,273.6499938964844,243.7095947265625,362415.0
2024-06-27,274.3999938964844,276.04998779296875,268.29998779296875,270.8500061035156,241.21595764160156,354701.0
2024-06-28,271.45001220703125,275.0,268.8999938964844,270.25,240.68162536621094,292449.0
2024-07-01,271.45001220703125,273.5,268.8500061035156,270.75,241.1269073486328,254856.0
2024-07-02,272.0,273.5,268.20001220703125,269.70001220703125,240.1918182373047,309042.0
2024-07-03,270.54998779296875,276.0,268.6499938964844,272.6000061035156,242.77450561523438,389119.0
2024-07-04,279.0,279.0,270.0,271.25,241.57220458984375,425937.0
2024-07-05,274.0,296.95001220703125,273.0,288.75,257.1575012207031,4485714.0
2024-07-08,290.0,294.6499938964844,284.79998779296875,290.3500061035156,258.58245849609375,997056.0
2024-07-09,290.5,306.1000061035156,283.54998779296875,295.95001220703125,263.56976318359375,2356533.0
2024-07-10,296.3999938964844,296.79998779296875,284.70001220703125,291.20001220703125,259.3394775390625,781105.0
2024-07-11,291.20001220703125,302.8500061035156,289.04998779296875,298.6499938964844,265.9743347167969,1513294.0
2024-07-12,300.3999938964844,311.5,299.0,302.0,268.95782470703125,1754763.0
2024-07-15,305.95001220703125,306.79998779296875,295.1000061035156,298.8999938964844,266.1969909667969,593756.0
2024-07-16,299.75,299.75,291.6499938964844,293.70001220703125,261.56591796875,373089.0
2024-07-18,293.70001220703125,295.0,283.0,284.3500061035156,253.2389373779297,605849.0
2024-07-19,284.0,284.3500061035156,268.79998779296875,270.3500061035156,240.77066040039062,920591.0
2024-07-22,269.95001220703125,281.5,266.8500061035156,276.3999938964844,246.1587371826172,460970.0
2024-07-23,278.54998779296875,278.54998779296875,254.75,270.25,240.68162536621094,665475.0
2024-07-24,271.0,286.79998779296875,271.0,282.5,251.5913543701172,678120.0
2024-07-25,279.8500061035156,289.0,278.3999938964844,285.54998779296875,254.30760192871094,529592.0
2024-07-26,288.5,293.95001220703125,285.1499938964844,286.20001220703125,254.88653564453125,313288.0
2024-07-29,291.29998779296875,295.0,287.54998779296875,288.75,257.1575012207031,378677.0
2024-07-30,287.8999938964844,291.8999938964844,281.5,284.6000061035156,253.46156311035156,638958.0
2024-07-31,285.6000061035156,299.20001220703125,285.1000061035156,294.1000061035156,261.92218017578125,1594803.0
2024-08-01,297.1000061035156,297.5,287.3999938964844,289.54998779296875,257.86993408203125,465210.0
2024-08-02,285.79998779296875,286.70001220703125,281.0,283.6499938964844,252.615478515625,492991.0
2024-08-05,280.0,280.0,265.6000061035156,268.54998779296875,239.16761779785156,768163.0
2024-08-06,272.04998779296875,276.5,260.0,261.29998779296875,232.71083068847656,500480.0
2024-08-07,266.0,271.20001220703125,263.1499938964844,269.25,239.79103088378906,287239.0
2024-08-08,272.0,273.8999938964844,267.29998779296875,271.95001220703125,242.1956329345703,266799.0
2024-08-09,274.0,275.8999938964844,268.0,269.1000061035156,239.65745544433594,404092.0
2024-08-12,265.0,269.75,262.6000061035156,266.6000061035156,237.43099975585938,238690.0
2024-08-13,268.8999938964844,272.8999938964844,265.0,265.70001220703125,236.62945556640625,237808.0
2024-08-14,266.1499938964844,267.1000061035156,260.29998779296875,263.8999938964844,235.02638244628906,191212.0
2024-08-16,263.0,268.79998779296875,262.25,263.0,234.224853515625,300105.0
2024-08-19,265.0,270.45001220703125,265.0,268.29998779296875,238.94496154785156,262047.0
2024-08-20,270.0,275.0,266.8500061035156,271.8999938964844,242.15109252929688,295278.0
2024-08-21,273.6499938964844,278.5,272.25,277.20001220703125,246.8712158203125,341320.0
2024-08-22,278.0,279.6000061035156,274.8999938964844,275.5,245.35720825195312,218448.0
2024-08-23,276.45001220703125,278.25,273.54998779296875,274.29998779296875,244.28848266601562,216245.0
2024-08-26,277.70001220703125,281.8500061035156,275.29998779296875,275.70001220703125,245.53533935546875,330325.0
2024-08-27,278.5,282.5,276.25,280.45001220703125,249.76564025878906,591769.0
2024-08-28,281.3999938964844,285.0,277.3500061035156,278.25,247.8063201904297,363172.0
2024-08-29,278.3999938964844,279.8500061035156,272.54998779296875,274.6499938964844,244.60018920898438,287695.0
2024-08-30,275.6499938964844,281.95001220703125,274.54998779296875,279.70001220703125,249.09767150878906,428189.0
2024-09-02,284.8999938964844,286.0,279.54998779296875,280.04998779296875,249.4093780517578,329490.0
2024-09-03,280.95001220703125,283.25,278.3999938964844,279.54998779296875,248.96408081054688,257148.0
2024-09-04,279.54998779296875,279.8999938964844,275.0,276.70001220703125,246.42593383789062,234665.0
2024-09-05,277.0,280.0,276.70001220703125,277.75,247.3610076904297,222653.0
2024-09-06,280.0,281.75,274.20001220703125,276.29998779296875,246.06968688964844,203630.0
2024-09-09,277.0,277.0,271.5,275.29998779296875,245.1790771484375,273312.0
2024-09-10,280.0,283.95001220703125,277.6499938964844,282.8999938964844,251.9475860595703,475475.0
2024-09-11,285.0,288.3999938964844,276.75,278.3500061035156,247.8954315185547,607386.0
2024-09-12,280.0,282.3999938964844,278.3500061035156,280.04998779296875,249.4093780517578,250837.0
2024-09-13,284.0,285.8500061035156,280.1000061035156,281.8500061035156,251.012451171875,490430.0
2024-09-16,284.0,286.75,280.6000061035156,283.8999938964844,252.83816528320312,512564.0
2024-09-17,287.8999938964844,292.1499938964844,284.29998779296875,287.5,256.04425048828125,1094654.0
2024-09-18,288.0,288.5,283.1499938964844,284.8500061035156,253.68421936035156,600231.0
2024-09-19,268.45001220703125,276.3500061035156,267.79998779296875,274.04998779296875,251.57284545898438,703682.0
2024-09-20,272.0,273.8500061035156,264.5,266.04998779296875,244.22898864746094,452245.0
2024-09-23,267.79998779296875,268.0,260.6499938964844,263.25,241.65867614746094,293210.0
2024-09-24,263.29998779296875,267.8999938964844,263.1000061035156,263.6000061035156,241.97994995117188,217721.0
2024-09-25,263.0,265.6499938964844,261.3999938964844,264.04998779296875,242.39303588867188,179273.0
2024-09-26,264.04998779296875,264.8999938964844,261.0,263.45001220703125,241.84225463867188,122811.0
2024-09-27,265.5,276.8999938964844,264.25,274.20001220703125,251.7105712890625,686435.0
2024-09-30,274.20001220703125,278.8999938964844,273.6000061035156,275.1499938964844,252.58261108398438,505280.0
2024-10-01,276.0,278.45001220703125,272.79998779296875,276.6000061035156,253.9137420654297,320414.0
2024-10-03,275.0,275.0,266.29998779296875,266.79998779296875,244.91748046875,312440.0
2024-10-04,266.04998779296875,268.3500061035156,257.04998779296875,258.04998779296875,236.88514709472656,330055.0
2024-10-07,258.29998779296875,259.8500061035156,242.0,243.4499969482422,223.4826202392578,379293.0
2024-10-08,245.0,258.0,243.3000030517578,257.29998779296875,236.19667053222656,231641.0
2024-10-09,257.29998779296875,258.6499938964844,254.25,255.0500030517578,234.13121032714844,180089.0
2024-10-10,254.10000610351562,258.79998779296875,253.39999389648438,257.25,236.15077209472656,192340.0
2024-10-11,255.0,257.8500061035156,250.10000610351562,251.8000030517578,231.1477813720703,204436.0
2024-10-14,252.75,254.0500030517578,251.85000610351562,253.0,232.24935913085938,89620.0
2024-10-15,252.14999389648438,254.1999969482422,247.0500030517578,248.25,227.88893127441406,132011.0
2024-10-16,249.0,260.95001220703125,245.85000610351562,257.3999938964844,236.2884521484375,306669.0
2024-10-17,257.0,265.29998779296875,254.10000610351562,255.4499969482422,234.49839782714844,301433.0
2024-10-18,252.0500030517578,260.04998779296875,248.6999969482422,258.1499938964844,236.97694396972656,384644.0
2024-10-21,258.0,258.0,246.10000610351562,247.14999389648438,226.879150390625,212103.0
2024-10-22,245.0,246.5,232.0,233.0500030517578,213.9356231689453,497653.0
2024-10-23,234.5,240.85000610351562,225.0500030517578,234.39999389648438,215.17489624023438,345427.0
2024-10-24,236.39999389648438,238.8000030517578,228.0,229.10000610351562,210.30960083007812,199099.0
2024-10-25,229.0,230.0,219.0,220.39999389648438,202.32315063476562,295620.0
2024-10-28,221.0,232.0,217.35000610351562,226.89999389648438,208.29002380371094,270111.0
2024-10-29,227.9499969482422,229.6999969482422,222.1999969482422,225.6999969482422,207.18844604492188,237375.0
2024-10-30,225.6999969482422,240.0500030517578,225.5500030517578,236.85000610351562,217.4239501953125,287880.0
2024-10-31,236.14999389648438,241.85000610351562,236.14999389648438,240.3000030517578,220.59097290039062,188062.0
2024-11-01,241.39999389648438,243.8699951171875,239.85000610351562,241.94000244140625,222.0964813232422,47802.0
2024-11-04,240.9199981689453,243.0,234.0500030517578,236.75,217.3321533203125,197360.0
2024-11-05,234.3000030517578,239.80999755859375,233.52000427246094,234.8699951171875,215.60633850097656,173243.0
2024-11-06,230.5500030517578,242.64999389648438,230.5500030517578,241.0500030517578,221.2794647216797,234483.0
2024-11-07,240.0,240.89999389648438,234.1699981689453,235.14999389648438,215.86338806152344,156868.0
2024-11-08,235.6999969482422,235.8000030517578,228.0500030517578,228.82000732421875,210.0525665283203,136069.0
2024-11-11,228.82000732421875,228.9199981689453,224.25,224.7899932861328,206.3530731201172,173399.0
2024-11-12,227.6999969482422,230.35000610351562,220.0,223.22000122070312,204.911865234375,162373.0
2024-11-13,223.22000122070312,225.49000549316406,215.0,216.50999450683594,198.752197265625,327560.0
2024-11-14,216.89999389648438,222.9499969482422,214.80999755859375,215.82000732421875,198.11878967285156,191777.0
2024-11-18,216.85000610351562,218.0,211.8000030517578,215.22999572753906,197.57717895507812,188579.0
2024-11-19,217.36000061035156,221.6999969482422,213.1999969482422,215.99000549316406,198.2748565673828,202444.0
2024-11-21,214.0,215.00999450683594,209.52999877929688,212.74000549316406,195.2914276123047,202363.0
2024-11-22,213.5500030517578,215.39999389648438,211.63999938964844,213.44000244140625,195.93399047851562,169350.0
2024-11-25,216.47999572753906,233.25,216.47999572753906,224.4199981689453,206.013427734375,575597.0
2024-11-26,224.0,226.4499969482422,220.91000366210938,222.42999267578125,204.18663024902344,145615.0
2024-11-27,222.60000610351562,226.39999389648438,221.2899932861328,225.75999450683594,207.24351501464844,197740.0
2024-11-28,226.0500030517578,231.9600067138672,225.35000610351562,228.7899932861328,210.02500915527344,242718.0
2024-11-29,228.35000610351562,230.8000030517578,224.8699951171875,229.41000366210938,210.59417724609375,136162.0
2024-12-02,231.0,237.75,227.35000610351562,236.6999969482422,217.2862548828125,303657.0
2024-12-03,237.57000732421875,239.57000732421875,233.35000610351562,234.00999450683594,214.81687927246094,243601.0
2024-12-04,235.0,237.3300018310547,232.0,233.77000427246094,214.59657287597656,209489.0
2024-12-05,233.9499969482422,235.5399932861328,231.6199951171875,233.55999755859375,214.40377807617188,177157.0
2024-12-06,233.55999755859375,236.25,231.91000366210938,234.42999267578125,215.20242309570312,234588.0
2024-12-09,235.0,238.42999267578125,234.42999267578125,235.86000061035156,216.51515197753906,161091.0
2024-12-10,236.8000030517578,243.8000030517578,235.0,241.74000549316406,221.91287231445312,510177.0
2024-12-11,243.1999969482422,246.0,239.39999389648438,242.0500030517578,222.1974639892578,213803.0
2024-12-12,242.0,242.25,237.4199981689453,240.25999450683594,220.55426025390625,128416.0
2024-12-13,239.0,240.0,233.0,234.80999755859375,215.55126953125,186516.0
2024-12-16,233.99000549316406,237.6999969482422,229.99000549316406,230.44000244140625,211.53968811035156,180123.0
2024-12-17,230.44000244140625,231.2100067138672,221.10000610351562,224.24000549316406,205.8481903076172,371645.0
2024-12-18,224.75,226.11000061035156,220.8000030517578,222.08999633789062,203.87452697753906,156723.0
2024-12-19,217.1999969482422,222.38999938964844,217.1999969482422,220.14999389648438,202.09364318847656,151577.0
2024-12-20,221.0,223.72999572753906,216.0500030517578,216.77999877929688,199.00006103515625,136756.0
2024-12-23,218.0,218.0,212.0,213.0,195.53009033203125,159900.0
2024-12-24,213.89999389648438,216.60000610351562,213.3699951171875,214.0399932861328,196.48477172851562,89417.0
2024-12-26,215.0,215.8800048828125,211.0,212.52000427246094,195.08946228027344,125397.0
2024-12-27,212.8000030517578,214.1999969482422,211.5,212.0800018310547,194.685546875,93126.0
2024-12-30,212.0,213.30999755859375,209.25,210.44000244140625,193.1800537109375,134492.0
2024-12-31,209.89999389648438,214.60000610351562,207.0,212.08999633789062,194.69471740722656,132599.0
2025-01-01,213.5,217.10000610351562,212.02999877929688,216.61000061035156,198.843994140625,96394.0
2025-01-02,217.0,223.17999267578125,215.02000427246094,222.44000244140625,204.1958465576172,285840.0
2025-01-03,222.60000610351562,225.0399932861328,222.44000244140625,223.19000244140625,204.88430786132812,128559.0
2025-01-06,224.0,224.0,208.10000610351562,210.11000061035156,192.87710571289062,244109.0
2025-01-07,210.25,214.61000061035156,210.22000122070312,213.58999633789062,196.0717010498047,135934.0
2025-01-08,213.58999633789062,213.6999969482422,210.08999633789062,213.02999877929688,195.55763244628906,119335.0
2025-01-09,212.5,213.0,209.8300018310547,211.74000549316406,194.37342834472656,88893.0
2025-01-10,211.0,211.0,203.0,207.0800018310547,190.09564208984375,163665.0
2025-01-13,206.0,206.0,195.77999877929688,197.36000061035156,181.1728515625,264745.0
2025-01-14,198.0,204.1699981689453,197.6300048828125,199.3000030517578,182.95375061035156,242838.0
2025-01-15,200.60000610351562,205.60000610351562,199.00999450683594,202.6199951171875,186.00143432617188,144820.0
2025-01-16,204.0500030517578,206.85000610351562,203.55999755859375,205.86000061035156,188.97569274902344,87169.0
2025-01-17,206.0,208.77999877929688,203.0,205.08999633789062,188.2688446044922,199281.0
2025-01-20,206.4499969482422,213.0,205.0,210.0399932861328,192.8128662109375,148571.0
2025-01-21,209.0,211.5,205.14999389648438,206.02999877929688,189.1317596435547,125969.0
2025-01-22,205.72000122070312,205.72999572753906,198.00999450683594,200.4199981689453,183.9818878173828,170498.0
2025-01-23,201.6999969482422,209.4499969482422,197.6199951171875,200.4499969482422,184.00941467285156,234234.0
2025-01-24,200.5,202.2899932861328,196.9199981689453,197.2899932861328,181.1085968017578,130773.0
2025-01-27,196.5,196.5,186.10000610351562,188.77000427246094,173.2873992919922,303149.0
2025-01-28,190.10000610351562,192.1999969482422,180.0500030517578,183.47000122070312,168.42208862304688,373927.0
2025-01-29,183.47000122070312,192.0,183.4600067138672,190.99000549316406,175.3253173828125,181093.0
2025-01-30,192.5,193.6699981689453,189.60000610351562,190.77999877929688,175.13253784179688,114716.0
2025-01-31,187.89999389648438,197.83999633789062,184.0,196.8699951171875,180.72303771972656,280617.0
2025-02-01,196.1999969482422,199.2899932861328,193.0,196.67999267578125,180.54861450195312,111760.0
2025-02-03,194.35000610351562,194.35000610351562,187.60000610351562,189.1300048828125,173.6178741455078,229935.0
2025-02-04,190.0,192.5,188.58999633789062,191.35000610351562,175.65579223632812,145758.0
2025-02-05,192.5,195.88999938964844,191.49000549316406,191.88999938964844,176.1514892578125,136319.0
2025-02-06,191.89999389648438,195.75999450683594,190.3300018310547,193.88999938964844,177.98745727539062,140441.0
2025-02-07,195.0,195.0,189.0,191.67999267578125,175.95870971679688,129615.0
2025-02-10,192.8000030517578,192.8000030517578,186.5,186.89999389648438,171.57077026367188,120778.0
2025-02-11,187.0,187.35000610351562,182.74000549316406,184.83999633789062,169.67971801757812,180552.0
2025-02-12,183.5,183.5,174.0,176.50999450683594,162.03294372558594,471686.0
2025-02-13,177.0,178.25,171.89999389648438,172.2899932861328,158.1590576171875,403393.0
2025-02-14,171.99000549316406,172.0500030517578,161.30999755859375,164.30999755859375,150.83355712890625,381405.0
2025-02-17,161.10000610351562,164.0,154.39999389648438,154.77999877929688,142.08518981933594,857428.0
2025-02-18,156.0,159.6699981689453,151.83999633789062,154.60000610351562,141.9199676513672,667746.0
2025-02-19,155.0,157.27999877929688,152.5,153.6699981689453,141.0662384033203,873302.0
2025-02-20,154.0,162.85000610351562,153.05999755859375,161.69000244140625,148.42845153808594,902918.0
2025-02-21,161.07000732421875,166.89999389648438,159.9499969482422,163.16000366210938,149.7778778076172,659771.0
2025-02-24,162.9499969482422,170.0,158.9199981689453,167.74000549316406,153.98223876953125,790495.0
2025-02-25,167.1999969482422,170.63999938964844,162.0,162.82000732421875,149.46575927734375,436393.0
2025-02-27,163.0,163.80999755859375,157.19000244140625,157.9199981689453,144.9676513671875,357849.0
2025-02-28,157.5,158.02000427246094,147.6300048828125,149.08999633789062,136.86187744140625,1964934.0
2025-03-03,151.5,156.89999389648438,146.60000610351562,156.0500030517578,143.25103759765625,724875.0
2025-03-04,153.6999969482422,162.27000427246094,151.4499969482422,160.77000427246094,147.5839080810547,643427.0
2025-03-05,159.7100067138672,164.89999389648438,159.38999938964844,164.3699951171875,150.88864135742188,415785.0
2025-03-06,165.0,170.6999969482422,164.91000366210938,168.08999633789062,154.30352783203125,356588.0
2025-03-07,167.6999969482422,180.89999389648438,166.2100067138672,177.27000427246094,162.73060607910156,807680.0
2025-03-10,176.0,179.60000610351562,171.10000610351562,173.7899932861328,159.53602600097656,608060.0
2025-03-11,172.39999389648438,175.11000061035156,168.80999755859375,173.13999938964844,158.93934631347656,416012.0
2025-03-12,172.39999389648438,174.3000030517578,170.5,172.61000061035156,158.45281982421875,295465.0
2025-03-13,173.75,176.0,171.5,171.92999267578125,157.8285675048828,306868.0
2025-03-17,172.99000549316406,172.99000549316406,169.47999572753906,170.16000366210938,156.20375061035156,331567.0
2025-03-18,170.16000366210938,170.16000366210938,170.16000366210938,170.16000366210938,156.20375061035156,0.0
2025-03-19,179.39999389648438,191.02999877929688,178.47000122070312,186.57000732421875,171.267822265625,750060.0
2025-03-20,187.0,190.1999969482422,183.5,185.1199951171875,169.93675231933594,442309.0
2025-03-21,187.0,191.8000030517578,186.05999755859375,191.0399932861328,175.3712158203125,631247.0
2025-03-24,191.0,194.8000030517578,188.11000061035156,188.8800048828125,173.3883819580078,476473.0
2025-03-25,189.25,190.0,181.1199951171875,182.27000427246094,167.3205108642578,437514.0
2025-03-26,182.2899932861328,189.58999633789062,180.5,181.33999633789062,166.466796875,691711.0
2025-03-27,180.0,189.0,180.0,184.42999267578125,169.3033447265625,1073776.0
2025-03-28,185.5,190.9499969482422,181.4600067138672,184.60000610351562,169.45941162109375,597716.0
2025-04-01,184.0,190.8000030517578,181.8000030517578,189.2100067138672,173.69129943847656,422211.0
2025-04-02,190.4499969482422,195.16000366210938,187.80999755859375,190.11000061035156,174.51748657226562,484773.0
2025-04-03,189.0,193.50999450683594,187.57000732421875,192.6300048828125,176.830810546875,219200.0
2025-04-04,191.0,192.00999450683594,185.00999450683594,189.11000061035156,173.59950256347656,367619.0
2025-04-07,177.8000030517578,181.85000610351562,173.67999267578125,179.63999938964844,164.90621948242188,575920.0
2025-04-08,185.0,187.22999572753906,182.42999267578125,185.63999938964844,170.4141082763672,218211.0
2025-04-09,184.0,187.2100067138672,180.88999938964844,186.3000030517578,171.0199737548828,207840.0
2025-04-11,188.1300048828125,191.5,186.5,187.07000732421875,171.72682189941406,236559.0
2025-04-15,188.8000030517578,190.5,188.11000061035156,189.67999267578125,174.1227569580078,209620.0
2025-04-16,190.0,196.0,188.3699951171875,192.52000427246094,176.72982788085938,607474.0
2025-04-17,193.6999969482422,194.4499969482422,191.1999969482422,192.32000732421875,176.54623413085938,288398.0
2025-04-21,193.5,194.85000610351562,191.60000610351562,193.22999572753906,177.381591796875,327867.0
2025-04-22,193.11000061035156,196.5500030517578,191.80999755859375,193.19000244140625,177.34487915039062,308983.0
2025-04-23,193.5500030517578,202.6999969482422,190.14999389648438,200.99000549316406,184.505126953125,901832.0
2025-04-24,202.39999389648438,204.74000549316406,197.0,197.91000366210938,181.67774963378906,401023.0
2025-04-25,197.91000366210938,198.1699981689453,187.2100067138672,191.3699951171875,175.6741485595703,504271.0
2025-04-28,191.11000061035156,192.8800048828125,188.00999450683594,190.41000366210938,174.7928924560547,209277.0
2025-04-29,193.60000610351562,205.8000030517578,193.60000610351562,199.97000122070312,183.5688018798828,1361754.0
2025-04-30,201.0,212.0,195.19000244140625,200.0399932861328,183.63302612304688,1451081.0
2025-05-02,201.0,207.72999572753906,199.8300018310547,202.14999389648438,185.56997680664062,792155.0
2025-05-05,205.0,209.99000549316406,204.5,207.75999450683594,190.7198486328125,368422.0
2025-05-06,207.8000030517578,209.19000244140625,200.10000610351562,201.10000610351562,184.60610961914062,321436.0
2025-05-07,196.80999755859375,204.27999877929688,196.80999755859375,202.80999755859375,186.17584228515625,326440.0
2025-05-08,204.0,205.39999389648438,196.89999389648438,198.99000549316406,182.66915893554688,279447.0
2025-05-09,192.10000610351562,203.39999389648438,192.10000610351562,202.35000610351562,185.7535858154297,314582.0
2025-05-12,206.69000244140625,212.0,206.69000244140625,211.63999938964844,194.28163146972656,399745.0
2025-05-13,211.5,216.0,209.99000549316406,215.30999755859375,197.65061950683594,395336.0
2025-05-14,217.0,222.19000244140625,216.5,219.72000122070312,201.6989288330078,472078.0
2025-05-15,225.0,228.35000610351562,223.6999969482422,226.77999877929688,208.1798553466797,818615.0
2025-05-16,216.0,218.4499969482422,212.11000061035156,215.8699951171875,198.16468811035156,1198118.0
2025-05-19,217.10000610351562,218.47999572753906,215.61000061035156,217.25999450683594,199.440673828125,363637.0
2025-05-20,218.10000610351562,218.63999938964844,210.10000610351562,211.91000366210938,194.5294952392578,368158.0
2025-05-21,210.25,216.6199951171875,210.25,215.36000061035156,197.696533203125,353339.0
2025-05-22,213.0,216.3699951171875,211.2100067138672,212.85000610351562,195.39239501953125,288717.0
2025-05-23,214.8000030517578,214.8000030517578,210.85000610351562,211.83999633789062,194.4652099609375,231622.0
2025-05-26,212.35000610351562,214.63999938964844,212.35000610351562,213.44000244140625,195.93399047851562,170907.0
2025-05-27,213.8000030517578,214.2899932861328,212.10000610351562,212.8699951171875,195.41075134277344,115323.0
2025-05-28,213.0,214.25,211.8000030517578,212.13999938964844,194.74061584472656,152748.0
2025-05-29,212.5,214.0,211.75,212.5,195.07110595703125,126661.0
2025-05-30,211.5,214.11000061035156,211.5,212.4199981689453,194.99766540527344,167577.0
2025-06-02,212.0,213.0,210.3800048828125,211.07000732421875,193.7583770751953,186002.0
2025-06-03,212.35000610351562,213.85000610351562,210.2100067138672,210.6300048828125,193.35447692871094,178821.0
2025-06-04,211.44000244140625,213.74000549316406,210.24000549316406,213.25999450683594,195.7687530517578,177454.0
2025-06-05,214.89999389648438,216.67999267578125,213.00999450683594,214.02999877929688,196.47560119628906,329068.0
2025-06-06,214.02000427246094,214.89999389648438,212.61000061035156,213.69000244140625,196.16348266601562,155381.0
2025-06-09,213.89999389648438,217.99000549316406,213.89999389648438,216.80999755859375,199.027587890625,224011.0
2025-06-10,217.69000244140625,219.0,214.24000549316406,216.1199951171875,198.39418029785156,269650.0
2025-06-11,216.5,222.89999389648438,215.7100067138672,218.9499969482422,200.99208068847656,497789.0
2025-06-12,220.0,222.60000610351562,213.10000610351562,214.3000030517578,196.7234649658203,356082.0
2025-06-13,213.0,214.9199981689453,210.3000030517578,213.08999633789062,195.61270141601562,207601.0
2025-06-16,212.0,215.0,208.35000610351562,212.44000244140625,195.01602172851562,227676.0
2025-06-17,212.3000030517578,214.0,209.0,209.27999877929688,192.1151885986328,199580.0
2025-06-18,209.00999450683594,210.25999450683594,205.6199951171875,206.24000549316406,189.32452392578125,174076.0
2025-06-19,206.24000549316406,207.6999969482422,202.52999877929688,203.5,186.8092498779297,184474.0
2025-06-20,203.50999450683594,205.5,201.6999969482422,203.25999450683594,186.5889434814453,142375.0
2025-06-23,204.5,206.0,201.30999755859375,205.5399932861328,188.6819305419922,158758.0
2025-06-24,206.60000610351562,209.0,206.0,207.9499969482422,190.894287109375,169580.0
2025-06-25,208.60000610351562,213.47999572753906,208.60000610351562,212.6300048828125,195.19044494628906,229421.0
2025-06-26,213.0,214.00999450683594,209.97999572753906,211.02000427246094,193.7124786376953,156920.0
2025-06-27,212.39999389648438,215.89999389648438,211.49000549316406,213.89999389648438,196.35626220703125,327743.0
2025-06-30,214.5,214.89999389648438,212.5,214.0399932861328,196.48477172851562,138068.0
2025-07-01,214.0399932861328,215.97999572753906,212.10000610351562,212.92999267578125,195.4658203125,127510.0
2025-07-02,214.0,214.88999938964844,212.10000610351562,213.6300048828125,196.10841369628906,115127.0
2025-07-03,214.64999389648438,215.92999267578125,213.77000427246094,214.6699981689453,197.0631103515625,141681.0
2025-07-04,215.0,220.9499969482422,214.0500030517578,214.77999877929688,197.16409301757812,468370.0
2025-07-07,214.64999389648438,215.36000061035156,212.0399932861328,212.72999572753906,195.28221130371094,143587.0
2025-07-08,212.5,216.88999938964844,211.10000610351562,214.1999969482422,196.63165283203125,176269.0
2025-07-09,215.39999389648438,219.85000610351562,213.77999877929688,217.9499969482422,200.0740966796875,429265.0
2025-07-10,219.0399932861328,220.5,217.6199951171875,218.64999389648438,200.7166748046875,287637.0
2025-07-11,218.39999389648438,218.49000549316406,214.80999755859375,216.10000610351562,198.37583923339844,141735.0
2025-07-14,215.5,215.8000030517578,213.1999969482422,214.6199951171875,197.01719665527344,108449.0
2025-07-15,213.5500030517578,220.0,213.5500030517578,216.9600067138672,199.16531372070312,212030.0
2025-07-16,216.9600067138672,218.4499969482422,215.10000610351562,215.75,198.05453491210938,692481.0
2025-07-17,216.1999969482422,218.39999389648438,215.10000610351562,215.38999938964844,197.72406005859375,129450.0
2025-07-18,215.39999389648438,221.5500030517578,214.0,219.91000366210938,201.8733367919922,485629.0
2025-07-21,221.0,222.8699951171875,220.0,221.27000427246094,203.12179565429688,432468.0
2025-07-22,221.89999389648438,225.0,220.60000610351562,224.16000366210938,205.77474975585938,465661.0
2025-07-23,224.16000366210938,226.7899932861328,219.5,220.17999267578125,202.12118530273438,295498.0
2025-07-24,220.0,222.0,219.2100067138672,220.9499969482422,202.82803344726562,190838.0
2025-07-25,219.5,221.0,215.39999389648438,215.89999389648438,198.1922149658203,186780.0
2025-07-28,214.5500030517578,218.7899932861328,210.50999450683594,211.1300048828125,193.81346130371094,180130.0
2025-07-29,211.0,215.5,210.11000061035156,214.69000244140625,197.08148193359375,135369.0
2025-07-30,214.1999969482422,215.91000366210938,213.0,213.3699951171875,195.86973571777344,100793.0
2025-07-31,209.0,213.08999633789062,209.0,210.36000061035156,193.1066131591797,127262.0
2025-08-01,209.05999755859375,212.58999633789062,207.8300018310547,208.14999389648438,191.077880859375,160487.0
2025-08-04,208.25,215.0399932861328,207.3300018310547,212.30999755859375,194.89666748046875,224128.0
2025-08-05,211.52000427246094,213.39999389648438,211.0,212.11000061035156,194.7130889892578,63572.0
2025-08-06,212.1199951171875,213.25,208.8000030517578,209.99000549316406,192.7669677734375,100669.0
2025-08-07,209.10000610351562,210.39999389648438,205.5,208.13999938964844,191.06869506835938,219401.0
2025-08-08,209.0,211.30999755859375,207.0,207.72000122070312,190.68313598632812,112439.0
2025-08-11,208.5,211.9499969482422,207.0,211.1300048828125,193.81346130371094,117396.0
2025-08-12,211.1300048828125,214.2899932861328,211.1300048828125,213.3000030517578,195.80548095703125,113259.0
2025-08-13,213.4499969482422,214.7899932861328,212.75,212.8800048828125,195.41993713378906,128496.0
2025-08-14,213.5,218.19000244140625,211.8000030517578,213.5800018310547,196.06251525878906,231758.0
2025-08-18,215.0,216.94000244140625,214.5,214.92999267578125,197.30178833007812,168719.0
2025-08-19,215.0,221.30999755859375,214.39999389648438,218.9199981689453,200.96453857421875,431128.0
2025-08-20,219.0,219.67999267578125,218.00999450683594,218.9600067138672,201.0012664794922,111971.0
2025-08-21,220.5,230.75,220.1999969482422,226.9199981689453,208.3083953857422,1156883.0
2025-08-22,226.9199981689453,228.13999938964844,223.3000030517578,224.11000061035156,205.72886657714844,290134.0
2025-08-25,224.11000061035156,225.89999389648438,222.25,222.57000732421875,204.315185546875,200344.0
2025-08-26,222.0,222.3800048828125,218.0500030517578,218.60000610351562,200.6707763671875,196203.0
2025-08-28,220.99000549316406,220.99000549316406,215.0,217.35000610351562,199.5233154296875,249693.0
2025-08-29,217.5,219.60000610351562,216.25999450683594,218.07000732421875,200.1842498779297,183336.0
2025-09-01,219.1199951171875,221.0,218.07000732421875,219.9199981689453,201.8825225830078,265552.0
2025-09-02,222.0,235.7899932861328,220.5,232.80999755859375,213.7152862548828,2089872.0
2025-09-03,233.39999389648438,236.0,231.1199951171875,231.91000366210938,212.8891143798828,711019.0
2025-09-04,232.8000030517578,234.66000366210938,228.0,228.92999267578125,210.1535186767578,446525.0
2025-09-05,229.52999877929688,231.08999633789062,226.44000244140625,227.00999450683594,208.39100646972656,322862.0
2025-09-08,228.0,232.39999389648438,227.5,229.2899932861328,210.48399353027344,270120.0
2025-09-09,231.60000610351562,233.0,229.30999755859375,230.52000427246094,211.61312866210938,332059.0
2025-09-10,231.1999969482422,232.74000549316406,229.1199951171875,229.52999877929688,210.70431518554688,326893.0
2025-09-11,231.0,234.0,230.0,230.4600067138672,211.5580596923828,683640.0
2025-09-12,231.00999450683594,233.3000030517578,230.4600067138672,231.47999572753906,212.494384765625,514818.0
2025-09-15,233.47999572753906,238.1999969482422,232.32000732421875,235.6999969482422,216.36827087402344,1668293.0
2025-09-16,225.5,226.8699951171875,221.60000610351562,223.8300018310547,213.158935546875,793351.0
2025-09-17,223.0,223.7899932861328,219.11000061035156,220.00999450683594,209.5210418701172,497698.0
2025-09-18,219.00999450683594,220.7100067138672,213.10000610351562,214.91000366210938,204.66419982910156,426992.0
2025-09-19,214.02000427246094,216.9499969482422,213.60000610351562,216.25999450683594,205.9498291015625,220378.0
2025-09-22,216.25999450683594,218.60000610351562,214.36000061035156,214.75,204.51181030273438,239129.0
2025-09-23,215.0,215.27999877929688,210.60000610351562,211.14999389648438,201.08343505859375,268332.0
2025-09-24,211.0,212.39999389648438,209.5800018310547,211.88999938964844,201.7881622314453,205959.0
2025-09-25,211.88999938964844,212.38999938964844,210.0,210.25999450683594,200.23587036132812,133054.0
2025-09-26,209.99000549316406,210.25,203.0,203.8000030517578,194.0838623046875,259801.0
2025-09-29,202.5800018310547,212.39999389648438,202.5800018310547,210.8300018310547,200.77870178222656,335897.0
2025-09-30,210.99000549316406,212.75999450683594,208.85000610351562,210.6199951171875,200.57870483398438,179928.0
2025-10-01,210.85000610351562,212.6999969482422,209.89999389648438,210.3000030517578,200.2739715576172,159525.0
2025-10-03,210.3000030517578,212.3000030517578,209.39999389648438,210.5399932861328,200.5025177001953,169010.0
2025-10-06,210.1999969482422,211.58999633789062,206.00999450683594,206.72999572753906,196.87416076660156,166711.0
2025-10-07,206.72999572753906,208.4199981689453,206.0800018310547,207.27999877929688,197.39793395996094,130631.0
2025-10-08,207.0,208.47999572753906,205.88999938964844,206.49000549316406,196.64561462402344,105680.0
2025-10-09,206.05999755859375,208.22999572753906,205.10000610351562,205.8699951171875,196.05517578125,124138.0
2025-10-10,206.0,207.6999969482422,205.6199951171875,205.9199981689453,196.10279846191406,71813.0
2025-10-13,205.75,206.1999969482422,199.97000122070312,200.72000122070312,191.15069580078125,258225.0
2025-10-14,202.97999572753906,203.5,201.10000610351562,201.6699981689453,192.05538940429688,147455.0
2025-10-15,204.0,204.0,198.0,198.9199981689453,189.4365234375,341870.0
2025-10-16,199.75,203.4199981689453,199.6300048828125,201.9600067138672,192.3315887451172,159399.0
2025-10-17,202.3000030517578,202.6999969482422,199.2100067138672,200.52000427246094,190.96023559570312,180272.0
2025-10-20,201.02000427246094,201.88999938964844,198.00999450683594,199.4199981689453,189.9126739501953,176475.0
2025-10-21,198.75,201.89999389648438,198.75,200.7100067138672,191.1411895751953,59278.0
2025-10-23,201.3000030517578,202.89999389648438,199.9499969482422,200.27999877929688,190.73165893554688,150317.0
2025-10-24,201.1999969482422,201.1999969482422,199.0,199.4499969482422,189.9412384033203,87994.0
2025-10-27,199.5500030517578,200.0,198.02999877929688,199.1300048828125,189.63650512695312,87395.0
2025-10-28,199.1300048828125,200.5399932861328,198.60000610351562,199.55999755859375,190.04598999023438,81023.0
2025-10-29,200.89999389648438,206.10000610351562,198.64999389648438,203.1999969482422,193.51246643066406,293794.0
2025-10-30,203.1999969482422,205.44000244140625,201.5500030517578,202.47000122070312,192.8172607421875,124414.0
2025-10-31,202.1300048828125,202.99000549316406,201.16000366210938,202.1300048828125,192.4934844970703,73810.0
2025-11-03,202.1300048828125,203.1300048828125,200.50999450683594,201.58999633789062,191.9792022705078,75564.0
2025-11-04,201.89999389648438,202.41000366210938,200.89999389648438,201.42999267578125,191.8268280029297,46604.0
2025-11-06,202.0,202.13999938964844,198.10000610351562,199.1999969482422,189.70315551757812,97316.0
2025-11-07,197.0,198.72000122070312,192.2100067138672,194.66000366210938,185.37960815429688,207958.0
2025-11-10,195.0500030517578,195.88999938964844,192.3000030517578,193.05999755859375,183.8558807373047,101173.0
2025-11-11,193.05999755859375,193.72999572753906,191.25999450683594,192.49000549316406,183.3130645751953,75950.0
2025-11-12,192.50999450683594,194.89999389648438,192.3000030517578,193.66000366210938,184.4272918701172,80620.0
2025-11-13,193.7899932861328,195.3000030517578,192.19000244140625,192.52999877929688,183.3511505126953,86296.0
2025-11-14,192.60000610351562,192.9600067138672,191.00999450683594,191.8699951171875,182.72262573242188,97904.0
2025-11-17,191.0,199.2899932861328,191.0,196.61000061035156,187.23663330078125,168923.0
2025-11-18,196.0,196.39999389648438,193.89999389648438,195.25,185.9414825439453,103768.0
2025-11-19,195.0,195.00999450683594,192.0500030517578,193.1999969482422,183.98919677734375,88111.0
2025-11-20,193.5500030517578,194.5,191.89999389648438,192.22000122070312,183.05593872070312,52695.0
2025-11-21,192.0,192.13999938964844,189.89999389648438,190.19000244140625,181.12271118164062,76271.0
2025-11-24,191.11000061035156,191.11000061035156,186.0,186.33999633789062,177.45626831054688,121025.0
2025-11-25,185.0,186.9600067138672,182.41000366210938,185.2100067138672,176.38014221191406,159137.0
2025-11-26,185.30999755859375,190.1699981689453,185.30999755859375,186.97999572753906,178.0657501220703,104930.0
2025-11-27,186.97999572753906,189.89999389648438,185.11000061035156,186.36000061035156,177.4752960205078,98980.0
2025-11-28,186.39999389648438,186.39999389648438,184.10000610351562,185.1699981689453,176.342041015625,70561.0
2025-12-01,184.30999755859375,187.22000122070312,182.30999755859375,182.99000549316406,174.26597595214844,151580.0
2025-12-02,183.10000610351562,183.14999389648438,181.35000610351562,182.25999450683594,173.57077026367188,80654.0
2025-12-03,182.0,183.0,180.1999969482422,181.8300018310547,173.16128540039062,79208.0
2025-12-04,181.0,183.7899932861328,181.0,182.6199951171875,173.91360473632812,89691.0
2025-12-05,182.0,182.75,180.0,181.3300018310547,172.68511962890625,75617.0
2025-12-08,181.0,181.3300018310547,175.67999267578125,176.74000549316406,168.31393432617188,131090.0
2025-12-09,176.74000549316406,178.19000244140625,172.5,176.16000366210938,167.7615966796875,230531.0
2025-12-10,176.16000366210938,181.0,176.0,176.6199951171875,168.1996612548828,139865.0
2025-12-11,177.0,177.10000610351562,173.6199951171875,176.8300018310547,168.399658203125,83536.0
2025-12-12,177.2100067138672,178.35000610351562,176.66000366210938,177.80999755859375,169.33291625976562,48780.0
2025-12-15,177.5,181.88999938964844,176.11000061035156,178.14999389648438,169.65670776367188,130848.0
2025-12-16,178.14999389648438,179.10000610351562,175.75999450683594,176.17999267578125,167.78062438964844,84098.0
2025-12-17,176.17999267578125,177.0399932861328,172.10000610351562,173.07000732421875,164.81890869140625,184233.0
2025-12-18,173.07000732421875,173.2899932861328,170.80999755859375,171.6999969482422,163.51422119140625,185580.0
2025-12-19,171.6999969482422,174.83999633789062,171.6999969482422,174.32000732421875,166.0093231201172,137781.0
2025-12-22,174.0,183.0,174.0,179.33999633789062,170.7899932861328,194103.0
2025-12-23,180.0399932861328,184.0,179.66000366210938,183.05999755859375,174.3326416015625,161652.0
2025-12-24,185.0,187.8000030517578,183.0,184.0399932861328,175.2659149169922,250524.0
2025-12-26,183.0,186.0,181.35000610351562,184.36000061035156,175.57066345214844,106192.0
2025-12-29,184.0,187.47999572753906,181.16000366210938,182.08999633789062,173.40887451171875,169717.0
2025-12-30,182.08999633789062,183.99000549316406,179.58999633789062,181.52000427246094,172.86605834960938,90298.0
2025-12-31,181.52000427246094,183.99000549316406,181.02000427246094,183.4600067138672,174.7135772705078,77108.0
2026-01-01,184.39999389648438,187.11000061035156,183.5800018310547,184.75999450683594,175.9515838623047,221239.0
2026-01-02,184.0,185.5,182.41000366210938,184.42999267578125,175.63731384277344,134151.0
2026-01-05,184.4499969482422,186.75999450683594,183.66000366210938,185.17999267578125,176.35154724121094,116939.0
2026-01-06,185.38999938964844,186.0,183.1999969482422,183.75,174.98974609375,77192.0
2026-01-07,183.5500030517578,184.0399932861328,181.4199981689453,182.94000244140625,174.21835327148438,79434.0
2026-01-08,181.5,182.80999755859375,178.0,178.69000244140625,170.1709747314453,114699.0
2026-01-09,177.66000366210938,182.89999389648438,176.0,179.9499969482422,171.3708953857422,191263.0
2026-01-12,178.0,178.4499969482422,174.72999572753906,176.4499969482422,168.03775024414062,136746.0
2026-01-13,177.39999389648438,177.6699981689453,172.86000061035156,173.66000366210938,165.3807830810547,149456.0
2026-01-14,172.60000610351562,174.38999938964844,172.60000610351562,173.88999938964844,165.59982299804688,98080.0
2026-01-15,173.88999938964844,173.88999938964844,173.88999938964844,173.88999938964844,165.59982299804688,0.0
2026-01-16,174.0,175.83999633789062,173.3000030517578,174.1300048828125,165.82838439941406,73417.0
2026-01-19,173.0,173.61000061035156,170.85000610351562,171.8699951171875,163.67611694335938,101984.0
2026-01-20,171.0,172.02999877929688,166.0,166.82000732421875,158.86688232421875,176272.0
2026-01-21,166.0,168.97999572753906,163.0800018310547,166.72000122070312,158.77163696289062,221922.0
2026-01-22,167.0800018310547,173.88999938964844,167.0800018310547,172.27000427246094,164.0570526123047,100876.0
2026-01-23,173.38999938964844,173.4199981689453,166.0,167.00999450683594,159.0478057861328,134081.0
2026-01-27,166.10000610351562,168.0399932861328,164.00999450683594,165.02000427246094,157.15269470214844,192795.0
2026-01-28,165.10000610351562,169.83999633789062,165.10000610351562,168.02000427246094,160.00967407226562,132533.0
2026-01-29,168.0,171.27999877929688,167.00999450683594,170.80999755859375,162.66664123535156,91849.0
2026-01-30,171.0,173.0,168.00999450683594,172.1300048828125,163.92373657226562,123755.0
2026-02-02,175.99000549316406,176.3000030517578,171.7100067138672,174.63999938964844,166.31405639648438,111895.0
2026-02-03,178.0,179.00999450683594,174.10000610351562,176.74000549316406,168.31393432617188,132078.0
2026-02-04,176.74000549316406,181.8000030517578,174.55999755859375,181.30999755859375,172.6660614013672,167327.0
2026-02-05,180.60000610351562,183.58999633789062,177.60000610351562,179.97000122070312,171.38995361328125,194693.0
2026-02-06,179.64999389648438,181.13999938964844,177.0,180.30999755859375,171.7137451171875,110628.0
2026-02-09,181.25,184.89999389648438,178.0,182.9199981689453,174.19931030273438,231055.0
2026-02-10,183.1999969482422,184.7899932861328,182.58999633789062,183.07000732421875,174.3421630859375,115555.0
2026-02-11,182.9199981689453,183.82000732421875,180.4499969482422,181.10000610351562,172.46609497070312,81571.0
2026-02-12,180.75,180.91000366210938,178.52000427246094,179.22999572753906,170.6852264404297,50156.0
2026-02-13,177.5,178.85000610351562,175.0,177.49000549316406,169.02818298339844,97579.0
2026-02-16,176.0,177.10000610351562,175.0500030517578,176.25,167.84730529785156,100062.0
2026-02-17,175.0,181.0,175.0,179.67999267578125,171.11376953125,101551.0
2026-02-18,179.67999267578125,181.0,178.1999969482422,180.5399932861328,171.93276977539062,101419.0
2026-02-19,181.5,182.6999969482422,177.1999969482422,178.47999572753906,169.97097778320312,138616.0
2026-02-20,177.00999450683594,181.4600067138672,177.00999450683594,180.42999267578125,171.8280029296875,94042.0
2026-02-23,182.0,184.39999389648438,180.82000732421875,181.64999389648438,172.98985290527344,142260.0
2026-02-24,180.85000610351562,181.99000549316406,179.02999877929688,180.33999633789062,171.7423095703125,112122.0
2026-02-25,180.0500030517578,181.2899932861328,179.50999450683594,180.13999938964844,171.55184936523438,84288.0
2026-02-26,180.0,181.58999633789062,179.50999450683594,180.80999755859375,172.18991088867188,100677.0
2026-02-27,180.10000610351562,182.3000030517578,179.8000030517578,181.3699951171875,172.72320556640625,110426.0
2026-03-02,176.0,180.0,175.60000610351562,177.0399932861328,168.59963989257812,174593.0
2026-03-04,176.5,177.0399932861328,169.50999450683594,170.3300018310547,162.20953369140625,246076.0
2026-03-05,174.39999389648438,177.0,171.10000610351562,173.4499969482422,165.1807861328125,347209.0
2026-03-06,174.25999450683594,177.0,174.00999450683594,175.27000427246094,166.9140167236328,249650.0
2026-03-09,174.99000549316406,175.99000549316406,172.0,174.8300018310547,166.49501037597656,458511.0
2026-03-10,176.0,179.0,175.10000610351562,178.25,169.751953125,484256.0
2026-03-11,172.10000610351562,173.36000061035156,170.74000549316406,171.1699981689453,166.9910430908203,249476.0
2026-03-12,170.0,170.44000244140625,166.10000610351562,167.9600067138672,163.8594207763672,291884.0
2026-03-13,167.35000610351562,167.72999572753906,165.0,165.1300048828125,161.0985107421875,184483.0
2026-03-16,165.0,165.36000061035156,158.39999389648438,159.74000549316406,155.84010314941406,321286.0
2026-03-17,159.75,161.6999969482422,159.75,160.69000244140625,156.76690673828125,141876.0
2026-03-18,161.97000122070312,165.99000549316406,161.17999267578125,164.55999755859375,160.54241943359375,223265.0
2026-03-19,161.0,164.3699951171875,160.30999755859375,162.1699981689453,158.2107696533203,146019.0
2026-03-20,162.97999572753906,165.0,161.8000030517578,162.19000244140625,158.23028564453125,133771.0
2026-03-23,161.0,161.0,156.11000061035156,157.63999938964844,153.79136657714844,256871.0
2026-03-24,159.97999572753906,165.4499969482422,159.97999572753906,162.9499969482422,158.9717254638672,299001.0
2026-03-25,164.4499969482422,165.6999969482422,162.0,162.16000366210938,158.20101928710938,205359.0
2026-03-27,161.88999938964844,161.88999938964844,156.9199981689453,157.41000366210938,153.56698608398438,292167.0
2026-03-30,156.0,157.41000366210938,148.36000061035156,149.0800018310547,145.4403533935547,476467.0
2026-04-01,157.10000610351562,160.5500030517578,153.1699981689453,158.49000549316406,154.62062072753906,219798.0
2026-04-02,156.00999450683594,159.6999969482422,153.0,159.22999572753906,155.34254455566406,134769.0
2026-04-06,159.22999572753906,162.0,156.72000122070312,160.8300018310547,156.9034881591797,167633.0
2026-04-07,160.8300018310547,162.75,159.8300018310547,160.8300018310547,156.9034881591797,155629.0
2026-04-08,165.0,168.35000610351562,163.7100067138672,167.55999755859375,163.46917724609375,214677.0
2026-04-09,167.55999755859375,169.2899932861328,165.11000061035156,167.25,163.166748046875,163355.0
2026-04-10,169.0,170.5,167.5,169.89999389648438,165.75204467773438,182741.0
2026-04-13,166.72999572753906,169.27999877929688,163.10000610351562,168.1199951171875,164.0155029296875,103849.0
2026-04-15,170.10000610351562,172.72000122070312,169.50999450683594,172.08999633789062,167.88858032226562,136622.0
2026-04-16,173.89999389648438,174.47000122070312,171.77999877929688,173.49000549316406,169.25440979003906,127969.0
2026-04-17,173.8000030517578,178.1999969482422,172.9499969482422,176.25,171.947021484375,257046.0
2026-04-20,176.24000549316406,180.3000030517578,173.32000732421875,177.05999755859375,172.73724365234375,263631.0
2026-04-21,177.89999389648438,179.5,177.0,177.7100067138672,173.3713836669922,127892.0
2026-04-22,177.0,180.60000610351562,177.0,178.4499969482422,174.0933074951172,88960.0
2026-04-23,177.6999969482422,183.5500030517578,176.99000549316406,179.61000061035156,175.22499084472656,340783.0
2026-04-24,179.60000610351562,181.7899932861328,175.07000732421875,180.50999450683594,176.10301208496094,281875.0
2026-04-27,183.0,184.08999633789062,180.6699981689453,183.1699981689453,178.6980743408203,190013.0
2026-04-28,182.6999969482422,184.61000061035156,180.9600067138672,181.4199981689453,176.9907989501953,134041.0
2026-04-29,182.3000030517578,197.94000244140625,182.3000030517578,184.85000610351562,180.33706665039062,1659817.0
2026-04-30,184.85000610351562,188.6999969482422,180.89999389648438,187.99000549316406,183.40040588378906,298703.0
2026-05-01,187.99000549316406,187.99000549316406,187.99000549316406,187.99000549316406,183.40040588378906,0.0
2026-05-04,191.0399932861328,192.99000549316406,188.0,190.47999572753906,185.82960510253906,281840.0
2026-05-05,191.0,193.8800048828125,185.3000030517578,186.9199981689453,182.3565216064453,191275.0
2026-05-06,193.0,199.1999969482422,192.5,196.27999877929688,191.48800659179688,724214.0
2026-05-07,196.0,197.67999267578125,193.91000366210938,196.77000427246094,191.96604919433594,288408.0
2026-05-08,197.0,199.5,195.97999572753906,196.3000030517578,191.5075225830078,226329.0
2026-05-11,197.25,198.3000030517578,193.50999450683594,195.52999877929688,190.75631713867188,239677.0
2026-05-12,195.52999877929688,195.52999877929688,189.5,189.8300018310547,185.1954803466797,224551.0
2026-05-13,188.0,196.89999389648438,188.0,195.44000244140625,190.66851806640625,268229.0
2026-05-14,197.0,197.44000244140625,193.10000610351562,194.0500030517578,189.3124542236328,239807.0
2026-05-15,195.25,199.41000366210938,193.75999450683594,194.5399932861328,189.7904815673828,473577.0
2026-05-18,188.64999389648438,189.0,182.63999938964844,184.74000549316406,180.22975158691406,389028.0
2026-05-19,185.74000549316406,187.2100067138672,183.6999969482422,184.49000549316406,179.98585510253906,209650.0
2026-05-20,182.64999389648438,183.1999969482422,181.5,182.1199951171875,177.6737060546875,138231.0
2026-05-21,183.8000030517578,184.3300018310547,182.2100067138672,183.24000549316406,178.76637268066406,107467.0
2026-05-22,184.64999389648438,184.64999389648438,180.0,180.85000610351562,176.43472290039062,142002.0
2026-05-25,181.0500030517578,188.9199981689453,181.0500030517578,183.38999938964844,178.91270446777344,256159.0
2026-05-26,182.14999389648438,184.32000732421875,181.5,182.02000427246094,177.57615661621094,86652.0
2026-05-27,181.0500030517578,185.60000610351562,181.0500030517578,184.5800018310547,180.0736541748047,120678.0
2026-05-28,184.5800018310547,184.5800018310547,184.5800018310547,184.5800018310547,180.0736541748047,0.0
2026-05-29,185.99000549316406,186.0,182.33999633789062,183.5800018310547,179.0980682373047,66689.0
2026-06-01,184.60000610351562,189.0,182.25,183.33999633789062,178.86392211914062,268139.0
2026-06-02,182.91000366210938,184.60000610351562,180.7899932861328,181.14999389648438,176.72738647460938,192639.0
2026-06-03,181.5500030517578,182.99000549316406,180.13999938964844,182.4499969482422,177.9956512451172,105325.0
2026-06-04,181.74000549316406,183.57000732421875,180.75,181.0800018310547,176.6591033935547,116189.0
2026-06-05,182.97000122070312,184.49000549316406,178.0,179.0399932861328,174.6688995361328,246544.0
2026-06-08,179.0399932861328,179.85000610351562,170.6999969482422,171.2100067138672,167.0300750732422,451527.0
2026-06-09,173.1999969482422,174.25,171.5,173.02000427246094,168.79588317871094,174582.0
2026-06-10,172.0,175.39999389648438,171.5,172.3300018310547,168.1227264404297,134286.0
2026-06-11,171.00999450683594,172.8300018310547,167.0,170.38999938964844,166.23008728027344,121496.0
2026-06-12,172.0,175.39999389648438,172.0,174.9600067138672,170.6885223388672,93809.0
2026-06-15,177.89999389648438,179.0,175.82000732421875,177.22999572753906,172.90309143066406,164180.0
2026-06-16,177.41000366210938,182.88999938964844,177.3699951171875,181.4600067138672,177.0298309326172,371625.0
2026-06-17,181.47000122070312,183.9499969482422,180.27000427246094,182.7100067138672,178.2493133544922,163607.0
2026-06-18,182.75,185.0,182.00999450683594,183.47999572753906,179.00050354003906,109353.0
2026-06-19,183.25,185.38999938964844,180.10000610351562,181.44000244140625,177.01031494140625,186735.0
2026-06-22,181.58999633789062,186.99000549316406,181.58999633789062,183.27000427246094,178.79563903808594,245817.0
2026-06-23,183.4499969482422,183.5,179.39999389648438,179.94000244140625,175.54693603515625,177944.0
2026-06-24,179.94000244140625,182.8300018310547,178.00999450683594,181.80999755859375,177.37127685546875,153780.0
2026-06-25,181.80999755859375,183.16000366210938,178.61000061035156,179.27000427246094,174.89329528808594,65493.0
2026-06-26,179.27000427246094,179.27000427246094,179.27000427246094,179.27000427246094,174.89329528808594,0.0
2026-06-29,179.25,187.0,177.6699981689453,182.91000366210938,178.44442749023438,312089.0
2026-06-30,184.0500030517578,184.97999572753906,181.3000030517578,182.33999633789062,177.88833618164062,61899.0
2026-07-01,182.1999969482422,182.74000549316406,180.0,180.24000549316406,175.83961486816406,90245.0
2026-07-02,180.9600067138672,182.75,180.25,182.25999450683594,177.81028747558594,94476.0
2026-07-03,182.44000244140625,183.99000549316406,180.75999450683594,182.13999938964844,177.69322204589844,101302.0
2026-07-06,182.8699951171875,183.0,180.0,181.9499969482422,177.5078582763672,126970.0
2026-07-07,181.52999877929688,181.5399932861328,179.50999450683594,180.2899932861328,175.8883819580078,84836.0
2026-07-08,179.0,180.1199951171875,174.02000427246094,174.6999969482422,170.4348602294922,135035.0
2026-07-09,175.60000610351562,177.25,174.91000366210938,176.61000061035156,172.29823303222656,54612.0
2026-07-10,177.99000549316406,180.85000610351562,177.25,179.35000610351562,174.97134399414062,112901.0
2026-07-13,179.35000610351562,179.89999389648438,178.0,179.33999633789062,174.96157836914062,47117.0
2026-07-14,177.0,181.0,176.3000030517578,176.58999633789062,172.27871704101562,82717.0
2026-07-15,177.67999267578125,181.63999938964844,177.30999755859375,180.4600067138672,176.0542449951172,135798.0
2026-07-16,180.97999572753906,181.0399932861328,177.5,177.9199981689453,173.5762481689453,95191.0
2026-07-17,177.97999572753906,178.99000549316406,176.55999755859375,178.25,173.898193359375,100007.0
2026-07-20,178.25,180.60000610351562,178.0,179.27999877929688,174.90304565429688,93299.0
2026-07-21,180.3699951171875,180.3699951171875,177.89999389648438,178.5800018310547,174.2201385498047,71281.0
2026-07-22,178.0,178.9600067138672,176.1999969482422,176.5,172.19091796875,103929.0
2026-07-23,176.0,177.19000244140625,174.47999572753906,175.74000549316406,171.44947814941406,62221.0
2026-07-24,173.6999969482422,175.67999267578125,173.6999969482422,174.60000610351562,170.33731079101562,66405.0
2026-07-27,175.60000610351562,177.3800048828125,175.60000610351562,176.64999389648438,172.33724975585938,46117.0
2026-07-28,176.64999389648438,177.47999572753906,175.60000610351562,175.97999572753906,171.68360900878906,37806.0
2026-07-29,176.74000549316406,180.5,175.80999755859375,179.1199951171875,174.7469482421875,119319.0
2026-07-30,179.1199951171875,181.39999389648438,175.8300018310547,176.22999572753906,171.92750549316406,291909.0
2026-07-31,177.10000610351562,178.0,171.3300018310547,172.1999969482422,167.9958953857422,293436.0
2026-08-03,173.9499969482422,175.64999389648438,172.67999267578125,174.13999938964844,169.88853454589844,167087.0
2026-08-04,174.0,176.13999938964844,173.50999450683594,174.4199981689453,170.1616973876953,136017.0
2026-08-05,174.50999450683594,176.1999969482422,174.50999450683594,175.75999450683594,171.46897888183594,83727.0
2026-08-06,175.99000549316406,177.1999969482422,175.1199951171875,176.74000549316406,172.42506408691406,70934.0
2026-08-07,177.49000549316406,177.5,173.77000427246094,175.19000244140625,170.91290283203125,90946.0
2026-08-10,175.77000427246094,175.77000427246094,173.39999389648438,173.82000732421875,169.57635498046875,73880.0
2026-08-11,175.0,175.00999450683594,172.0,172.88999938964844,168.66905212402344,202797.0
2026-08-12,173.85000610351562,174.89999389648438,171.0,174.42999267578125,170.17144775390625,174627.0
2026-08-13,174.42999267578125,174.99000549316406,170.60000610351562,173.5,169.26416015625,263540.0
2026-08-14,173.5,174.47999572753906,172.14999389648438,173.42999267578125,169.19586181640625,66889.0
2026-08-17,173.42999267578125,174.97999572753906,172.61000061035156,174.58999633789062,170.32754516601562,57680.0
2026-08-18,174.5,176.39999389648438,174.0,174.72000122070312,170.45437622070312,81494.0
2026-08-19,174.0,175.19000244140625,173.0,173.61000061035156,169.37147521972656,76239.0
2026-08-20,173.61000061035156,174.69000244140625,173.02000427246094,174.0,169.751953125,93408.0
2026-08-21,174.5,175.6699981689453,174.02000427246094,174.63999938964844,170.37632751464844,87753.0
2026-08-24,176.0,179.47999572753906,175.5,176.0800018310547,171.7811737060547,133683.0
2026-08-25,176.10000610351562,176.88999938964844,174.80999755859375,175.16000366210938,170.88363647460938,68298.0
2026-08-26,176.39999389648438,176.99000549316406,175.11000061035156,176.72000122070312,172.40554809570312,78725.0
2026-08-27,176.72000122070312,182.49000549316406,175.0,175.25999450683594,170.98118591308594,759686.0
2026-08-28,176.4499969482422,178.16000366210938,175.80999755859375,177.8000030517578,173.4591827392578,116790.0
2026-08-31,177.5,177.5,174.0,174.75999450683594,170.49339294433594,124560.0
2026-09-01,175.49000549316406,177.72000122070312,172.3000030517578,176.1300048828125,171.8299560546875,241856.0
2026-09-02,174.50999450683594,176.94000244140625,173.91000366210938,176.05999755859375,171.76165771484375,97753.0
2026-09-03,176.5,177.41000366210938,176.5,176.92999267578125,172.61041259765625,78208.0
2026-09-04,177.75,178.44000244140625,177.3000030517578,177.97999572753906,173.63478088378906,106907.0
2026-09-08,177.97999572753906,177.97999572753906,175.7100067138672,176.3800048828125,172.0738525390625,143306.0
2026-09-09,177.0,177.0,175.24000549316406,175.60000610351562,171.31289672851562,112860.0
2026-09-10,175.89999389648438,176.57000732421875,172.10000610351562,174.0800018310547,169.8300018310547,436931.0
2026-09-11,170.2100067138672,170.25,167.41000366210938,168.72000122070312,168.72000122070312,170327.0
2026-09-15,168.6999969482422,169.0,163.25,164.24000549316406,164.24000549316406,203545.0
