date,open,high,low,close,adjclose,volume
2021-09-15,1815.0,1828.0,1797.25,1815.9000244140625,1788.477783203125,2249.0
2021-09-16,1825.5,2008.3499755859375,1816.449951171875,1939.199951171875,1909.91552734375,32372.0
2021-09-17,2060.0,2280.0,2030.0,2194.199951171875,2161.06494140625,133975.0
2021-09-20,2219.949951171875,2250.0,2035.5,2115.75,2083.799560546875,27345.0
2021-09-21,2075.0,2223.800048828125,2075.0,2200.5,2167.269775390625,17351.0
2021-09-22,2200.5,2246.300048828125,2157.0,2231.60009765625,2197.900146484375,13505.0
2021-09-23,2285.0,2285.0,2155.300048828125,2169.64990234375,2136.885498046875,6476.0
2021-09-24,2199.949951171875,2215.0,2145.0,2161.64990234375,2129.00634765625,4406.0
2021-09-27,2234.0,2269.949951171875,2160.0,2196.89990234375,2163.72412109375,7964.0
2021-09-28,2223.949951171875,2223.949951171875,2150.0,2164.0,2131.32080078125,4784.0
2021-09-29,2145.0,2180.0,2093.949951171875,2118.050048828125,2086.06494140625,5087.0
2021-09-30,2138.0,2219.800048828125,2123.050048828125,2196.800048828125,2163.625732421875,5846.0
2021-10-01,2156.39990234375,2255.0,2156.39990234375,2247.300048828125,2213.363037109375,5692.0
2021-10-04,2264.0,2375.0,2226.050048828125,2307.800048828125,2272.949462890625,14898.0
2021-10-05,2340.0,2407.0,2266.60009765625,2345.199951171875,2309.78466796875,4537.0
2021-10-06,2388.0,2410.0,2265.300048828125,2282.199951171875,2247.73583984375,5385.0
2021-10-07,2257.10009765625,2343.800048828125,2244.64990234375,2310.449951171875,2275.55908203125,4336.0
2021-10-08,2335.0,2353.0,2280.0,2286.050048828125,2251.527587890625,3228.0
2021-10-11,2298.550048828125,2301.64990234375,2252.0,2275.449951171875,2241.088134765625,1179.0
2021-10-12,2276.14990234375,2425.0,2262.050048828125,2398.60009765625,2362.37841796875,4616.0
2021-10-13,2411.0,2449.0,2345.0,2385.800048828125,2349.771484375,7948.0
2021-10-14,2387.5,2408.85009765625,2360.300048828125,2381.85009765625,2345.88134765625,2628.0
2021-10-18,2330.050048828125,2450.0,2330.050048828125,2417.0,2380.500244140625,3592.0
2021-10-19,2417.0,2425.39990234375,2251.14990234375,2306.699951171875,2271.8662109375,1471.0
2021-10-20,2305.0,2340.0,2233.300048828125,2246.75,2212.8212890625,3279.0
2021-10-21,2246.75,2334.800048828125,2235.0,2262.949951171875,2228.776611328125,647.0
2021-10-22,2281.5,2313.89990234375,2180.0,2204.800048828125,2171.5048828125,6638.0
2021-10-25,2169.0,2205.0,2111.300048828125,2184.5,2151.51171875,5461.0
2021-10-26,2151.75,2272.89990234375,2151.0,2234.89990234375,2201.150390625,2481.0
2021-10-27,2298.0,2298.0,2215.300048828125,2246.64990234375,2212.722900390625,1026.0
2021-10-28,2285.0,2285.0,2211.0,2236.5,2202.72607421875,4500.0
2021-10-29,2192.550048828125,2277.550048828125,2152.199951171875,2204.14990234375,2170.864501953125,7941.0
2021-11-01,2168.800048828125,2274.0,2168.800048828125,2242.800048828125,2208.930908203125,4209.0
2021-11-02,2203.25,2266.0,2203.25,2230.949951171875,2197.259765625,1145.0
2021-11-03,2233.10009765625,2270.0,2180.0,2223.75,2190.168701171875,2895.0
2021-11-04,2249.949951171875,2264.64990234375,2181.0,2216.5,2183.028076171875,441.0
2021-11-08,2250.0,2324.0,2200.449951171875,2300.800048828125,2266.055419921875,8181.0
2021-11-09,2323.949951171875,2325.0,2305.35009765625,2314.0,2279.0556640625,1177.0
2021-11-10,2322.949951171875,2448.60009765625,2320.0,2350.449951171875,2314.955322265625,3144.0
2021-11-11,2395.0,2399.0,2294.699951171875,2339.550048828125,2304.22021484375,2466.0
2021-11-12,2382.0,2408.699951171875,2336.550048828125,2388.5,2352.430908203125,6425.0
2021-11-15,2439.89990234375,2439.89990234375,2310.300048828125,2325.10009765625,2289.98828125,1073.0
2021-11-16,2378.949951171875,2413.199951171875,2329.0,2402.64990234375,2366.366943359375,10369.0
2021-11-17,2425.89990234375,2425.89990234375,2305.300048828125,2352.5,2316.974609375,3302.0
2021-11-18,2397.949951171875,2397.949951171875,2254.89990234375,2270.39990234375,2236.1142578125,2119.0
2021-11-22,2301.10009765625,2301.10009765625,2130.0,2155.699951171875,2123.146484375,6775.0
2021-11-23,2173.699951171875,2254.0,2173.699951171875,2220.550048828125,2187.017333984375,1518.0
2021-11-24,2279.949951171875,2359.949951171875,2221.0,2250.75,2216.760986328125,6989.0
2021-11-25,2251.199951171875,2285.0,2201.0,2259.39990234375,2225.280029296875,3295.0
2021-11-26,2217.35009765625,2225.0,2140.0,2154.050048828125,2121.521240234375,1349.0
2021-11-29,2120.25,2194.14990234375,2024.050048828125,2069.050048828125,2037.804931640625,1151.0
2021-11-30,2104.25,2167.5,2078.0,2130.35009765625,2098.179443359375,572.0
2021-12-01,2127.14990234375,2167.449951171875,2093.35009765625,2118.10009765625,2086.114013671875,3275.0
2021-12-02,2101.39990234375,2192.85009765625,2090.050048828125,2165.14990234375,2132.45361328125,1493.0
2021-12-03,2150.39990234375,2190.0,2146.89990234375,2167.75,2135.014404296875,378.0
2021-12-06,2205.0,2222.449951171875,2085.85009765625,2106.39990234375,2074.590576171875,735.0
2021-12-07,2119.0,2220.0,2110.0,2209.10009765625,2175.740234375,2022.0
2021-12-08,2219.699951171875,2353.75,2165.0,2310.39990234375,2275.510009765625,8880.0
2021-12-09,2349.0,2424.85009765625,2300.35009765625,2386.14990234375,2350.115966796875,7272.0
2021-12-10,2386.14990234375,2440.0,2377.449951171875,2429.949951171875,2393.254638671875,4044.0
2021-12-13,2450.0,2848.39990234375,2445.0,2607.14990234375,2567.778564453125,48276.0
2021-12-14,2640.25,2747.0,2620.14990234375,2660.0,2619.830810546875,10656.0
2021-12-15,2699.0,2725.0,2619.75,2649.800048828125,2609.784912109375,4787.0
2021-12-16,2655.0,2680.0,2550.0,2574.800048828125,2535.917724609375,3998.0
2021-12-17,2598.949951171875,2598.949951171875,2512.25,2546.75,2508.291259765625,3617.0
2021-12-20,2540.0,2540.0,2460.0,2479.75,2442.302734375,2452.0
2021-12-21,2500.0,2583.050048828125,2495.0,2513.800048828125,2475.838623046875,2056.0
2021-12-22,2551.0,2584.39990234375,2495.0,2509.550048828125,2471.652587890625,2183.0
2021-12-23,2502.050048828125,2547.89990234375,2481.0,2499.10009765625,2461.36083984375,1375.0
2021-12-24,2481.050048828125,2524.949951171875,2453.449951171875,2468.300048828125,2431.025634765625,1324.0
2021-12-27,2500.0,2593.199951171875,2479.800048828125,2566.550048828125,2527.7919921875,3638.0
2021-12-28,2570.0,2638.39990234375,2566.550048828125,2603.449951171875,2564.134765625,2711.0
2021-12-29,2572.0,2698.0,2560.050048828125,2638.5,2598.655517578125,3157.0
2021-12-30,2674.0,2680.0,2602.5,2643.25,2603.333740234375,1018.0
2021-12-31,2715.0,2715.0,2600.699951171875,2674.39990234375,2634.013427734375,3467.0
2022-01-03,2700.0,2724.0,2675.0,2715.25,2674.24609375,1946.0
2022-01-04,2724.0,2977.0,2704.64990234375,2911.39990234375,2867.43408203125,39238.0
2022-01-05,2881.60009765625,2881.60009765625,2760.0,2779.25,2737.280029296875,10072.0
2022-01-06,2731.60009765625,2945.39990234375,2731.60009765625,2820.699951171875,2778.103759765625,15497.0
2022-01-07,2843.35009765625,2843.35009765625,2772.0,2801.75,2759.43994140625,3943.0
2022-01-10,2850.0,2900.0,2795.0,2822.199951171875,2779.581298828125,6937.0
2022-01-11,2849.0,2875.0,2799.89990234375,2817.449951171875,2774.90283203125,2928.0
2022-01-12,2840.0,2870.199951171875,2751.199951171875,2800.0,2757.716796875,7991.0
2022-01-13,2852.0,2854.75,2792.39990234375,2822.10009765625,2779.48291015625,3761.0
2022-01-14,2815.60009765625,2949.0,2805.0,2904.300048828125,2860.441650390625,8172.0
2022-01-17,2909.0,3048.699951171875,2905.050048828125,2947.10009765625,2902.59521484375,9337.0
2022-01-18,2959.0,3001.550048828125,2881.10009765625,2896.85009765625,2853.104248046875,8102.0
2022-01-19,2899.0,2992.0,2876.75,2967.75,2922.933349609375,4154.0
2022-01-20,2977.0,3003.64990234375,2905.550048828125,2956.699951171875,2912.05029296875,3059.0
2022-01-21,2950.0,2976.550048828125,2821.550048828125,2847.449951171875,2804.4501953125,2389.0
2022-01-24,2889.0,2889.0,2666.050048828125,2710.75,2669.814453125,3337.0
2022-01-25,2712.0,2884.949951171875,2708.0,2738.14990234375,2696.80029296875,4864.0
2022-01-27,2749.0,2849.0,2683.699951171875,2833.35009765625,2790.56298828125,1825.0
2022-01-28,2850.0,2940.0,2811.300048828125,2819.699951171875,2777.118896484375,1613.0
2022-01-31,2862.0,2895.0,2755.050048828125,2796.75,2754.515869140625,1427.0
2022-02-01,2865.0,2865.0,2799.949951171875,2847.0,2804.0068359375,704.0
2022-02-02,2899.949951171875,2900.0,2810.0,2819.25,2776.67578125,840.0
2022-02-03,2883.800048828125,2940.0,2785.0,2869.699951171875,2826.36376953125,3352.0
2022-02-04,2850.0,2964.949951171875,2845.050048828125,2887.64990234375,2844.04248046875,4335.0
2022-02-07,2899.0,2970.0,2816.0,2882.300048828125,2838.773681640625,3707.0
2022-02-08,2899.0,2964.949951171875,2815.0,2831.14990234375,2788.39599609375,2611.0
2022-02-09,2883.949951171875,2883.949951171875,2800.0,2841.64990234375,2798.7373046875,3918.0
2022-02-10,2880.0,2880.0,2780.0,2807.60009765625,2765.201904296875,1301.0
2022-02-11,2832.949951171875,2832.949951171875,2701.0,2728.14990234375,2686.951416015625,1028.0
2022-02-14,2784.0,2784.0,2525.0,2538.64990234375,2500.313232421875,2567.0
2022-02-15,2680.0,2680.0,2475.25,2519.60009765625,2481.551025390625,3735.0
2022-02-16,2599.0,2687.25,2512.0,2577.39990234375,2538.47802734375,4057.0
2022-02-17,2562.0,2601.0,2518.25,2537.35009765625,2499.032958984375,833.0
2022-02-18,2584.0,2584.0,2476.300048828125,2520.5,2482.437255859375,616.0
2022-02-21,2550.0,2550.0,2387.39990234375,2445.75,2408.81640625,2147.0
2022-02-22,2401.0,2438.949951171875,2361.449951171875,2374.39990234375,2338.543701171875,1211.0
2022-02-23,2387.85009765625,2401.14990234375,2331.25,2368.10009765625,2332.3388671875,4516.0
2022-02-24,2250.050048828125,2345.0,2225.0,2247.550048828125,2213.609130859375,1958.0
2022-02-25,2300.0,2355.050048828125,2264.39990234375,2354.10009765625,2318.55029296875,1009.0
2022-02-28,2350.0,2399.0,2295.199951171875,2375.89990234375,2340.02099609375,901.0
2022-03-02,2380.0,2428.800048828125,2361.85009765625,2382.300048828125,2346.324462890625,868.0
2022-03-03,2448.800048828125,2499.949951171875,2309.39990234375,2362.64990234375,2326.970947265625,2993.0
2022-03-04,2484.0,2484.0,2255.300048828125,2279.75,2245.322998046875,2100.0
2022-03-07,2338.0,2338.0,2151.550048828125,2226.14990234375,2192.5322265625,3038.0
2022-03-08,2210.0,2407.14990234375,2210.0,2324.050048828125,2288.9541015625,4205.0
2022-03-09,2399.85009765625,2415.0,2332.39990234375,2362.5,2326.8232421875,4321.0
2022-03-10,2399.0,2488.0,2320.0,2336.75,2301.462158203125,2720.0
2022-03-11,2370.0,2448.0,2314.199951171875,2411.5,2375.083251953125,4963.0
2022-03-14,2445.0,2538.0,2383.800048828125,2476.89990234375,2439.49560546875,9123.0
2022-03-15,2459.949951171875,2489.949951171875,2325.550048828125,2346.25,2310.81884765625,3488.0
2022-03-16,2398.0,2438.75,2369.85009765625,2376.35009765625,2340.46435546875,2155.0
2022-03-17,2399.0,2413.85009765625,2361.300048828125,2370.39990234375,2334.60400390625,1432.0
2022-03-21,2399.0,2449.89990234375,2391.64990234375,2439.949951171875,2403.103759765625,1795.0
2022-03-22,2450.0,2478.300048828125,2390.0,2413.199951171875,2376.7578125,2140.0
2022-03-23,2457.14990234375,2466.0,2372.5,2390.800048828125,2354.6962890625,1098.0
2022-03-24,2437.64990234375,2437.64990234375,2275.0,2294.050048828125,2259.4072265625,6191.0
2022-03-25,2328.449951171875,2338.699951171875,2255.0,2272.64990234375,2238.330078125,4087.0
2022-03-28,2272.64990234375,2398.0,2243.300048828125,2357.949951171875,2322.341796875,4374.0
2022-03-29,2400.0,2525.0,2340.0,2501.5,2463.72412109375,7978.0
2022-03-30,2525.0,2749.0,2490.0,2630.5,2590.7763671875,10335.0
2022-03-31,2630.0,2724.85009765625,2572.64990234375,2657.300048828125,2617.171630859375,4346.0
2022-04-01,2689.0,2689.0,2618.050048828125,2636.85009765625,2597.030517578125,7728.0
2022-04-04,2709.800048828125,2709.85009765625,2588.64990234375,2633.199951171875,2593.435546875,5519.0
2022-04-05,2675.0,2675.0,2575.0,2606.5,2567.138916015625,1465.0
2022-04-06,2640.0,2724.0,2577.050048828125,2631.35009765625,2591.61328125,9491.0
2022-04-07,2685.0,2739.0,2616.0,2652.60009765625,2612.542724609375,10496.0
2022-04-08,2670.0,2688.75,2600.0,2630.300048828125,2590.57958984375,993.0
2022-04-11,2699.0,2700.0,2640.0,2671.449951171875,2631.10791015625,1745.0
2022-04-12,2699.0,2744.0,2620.050048828125,2727.35009765625,2686.163818359375,3575.0
2022-04-13,2768.25,2768.25,2673.5,2720.85009765625,2679.761962890625,3629.0
2022-04-18,2666.0,2799.0,2659.89990234375,2752.300048828125,2710.737060546875,12434.0
2022-04-19,2799.0,2814.89990234375,2649.0,2736.699951171875,2695.37255859375,5182.0
2022-04-20,2785.0,2785.0,2669.60009765625,2717.199951171875,2676.1669921875,3074.0
2022-04-21,2750.39990234375,2828.949951171875,2711.0,2729.25,2688.03515625,7650.0
2022-04-22,2790.0,2840.0,2743.050048828125,2769.60009765625,2727.77587890625,2729.0
2022-04-25,2800.0,2800.0,2638.050048828125,2672.14990234375,2631.79736328125,2696.0
2022-04-26,2705.5,2719.800048828125,2628.0,2689.199951171875,2648.58984375,2231.0
2022-04-27,2680.0,2680.0,2619.0,2648.35009765625,2608.35693359375,1669.0
2022-04-28,2650.0,2719.89990234375,2646.050048828125,2672.75,2632.38818359375,1426.0
2022-04-29,2729.949951171875,2729.949951171875,2650.10009765625,2668.39990234375,2628.103759765625,1137.0
2022-05-02,2633.0,2699.0,2633.0,2645.199951171875,2605.254150390625,1070.0
2022-05-04,2690.0,2691.0,2478.64990234375,2549.75,2511.24560546875,5212.0
2022-05-05,2589.75,2640.39990234375,2500.0,2611.35009765625,2571.915283203125,2374.0
2022-05-06,2635.0,2635.0,2529.64990234375,2583.89990234375,2544.879638671875,2735.0
2022-05-09,2625.0,2625.0,2505.0,2560.10009765625,2521.439453125,1427.0
2022-05-10,2635.0,2635.0,2505.0,2510.800048828125,2472.8837890625,1002.0
2022-05-11,2510.800048828125,2530.89990234375,2393.5,2465.550048828125,2428.3173828125,2646.0
2022-05-12,2465.0,2510.0,2300.39990234375,2355.10009765625,2319.53515625,5735.0
2022-05-13,2390.35009765625,2530.0,2372.0,2404.89990234375,2368.5830078125,1071.0
2022-05-16,2565.0,2565.0,2390.0,2470.85009765625,2433.537353515625,1322.0
2022-05-17,2500.0,2548.0,2461.89990234375,2529.10009765625,2490.907470703125,1647.0
2022-05-18,2566.949951171875,2598.0,2531.300048828125,2552.300048828125,2513.757080078125,441.0
2022-05-19,2535.0,2549.10009765625,2484.800048828125,2495.800048828125,2458.1103515625,646.0
2022-05-20,2533.14990234375,2598.0,2491.300048828125,2558.199951171875,2519.568115234375,817.0
2022-05-23,2558.199951171875,2570.35009765625,2522.0,2555.800048828125,2517.2041015625,326.0
2022-05-24,2526.0,2546.35009765625,2441.0,2476.699951171875,2439.298828125,953.0
2022-05-25,2450.0,2511.550048828125,2420.0,2467.14990234375,2429.892822265625,1940.0
2022-05-26,2450.0,2515.0,2383.0,2500.550048828125,2462.78857421875,4404.0
2022-05-27,2525.0,2567.449951171875,2498.800048828125,2515.64990234375,2477.660400390625,1492.0
2022-05-30,2548.0,2598.0,2438.550048828125,2547.39990234375,2508.93115234375,1941.0
2022-05-31,2574.0,2574.0,2452.199951171875,2496.550048828125,2458.84912109375,2740.0
2022-06-01,2490.050048828125,2550.0,2457.0,2491.449951171875,2453.825927734375,988.0
2022-06-02,2519.89990234375,2565.050048828125,2460.14990234375,2536.300048828125,2497.998779296875,1353.0
2022-06-03,2568.64990234375,2568.64990234375,2500.050048828125,2513.5,2475.543212890625,553.0
2022-06-06,2531.89990234375,2563.75,2480.10009765625,2512.949951171875,2475.001220703125,2012.0
2022-06-07,2548.0,2548.0,2486.0,2487.449951171875,2449.886474609375,267.0
2022-06-08,2500.0,2520.14990234375,2451.300048828125,2480.449951171875,2442.9921875,1736.0
2022-06-09,2509.199951171875,2509.199951171875,2476.0,2480.60009765625,2443.139892578125,90.0
2022-06-10,2489.199951171875,2490.199951171875,2438.64990234375,2452.60009765625,2415.56298828125,177.0
2022-06-13,2449.949951171875,2470.10009765625,2378.0,2440.0,2403.153076171875,1024.0
2022-06-14,2471.0,2471.0,2408.300048828125,2428.10009765625,2391.4326171875,269.0
2022-06-15,2404.050048828125,2461.14990234375,2403.0,2454.89990234375,2417.827880859375,707.0
2022-06-16,2436.300048828125,2473.75,2252.0,2305.199951171875,2270.388671875,1747.0
2022-06-17,2205.0,2283.949951171875,2160.0,2172.550048828125,2139.74169921875,1029.0
2022-06-20,2135.0,2217.949951171875,1976.300048828125,2004.8499755859375,1974.57421875,1392.0
2022-06-21,2000.0,2130.0,1951.050048828125,2104.949951171875,2073.16259765625,1438.0
2022-06-22,2104.949951171875,2153.949951171875,2015.550048828125,2055.699951171875,2024.6563720703125,1282.0
2022-06-23,2190.0,2298.0,2041.75,2124.050048828125,2091.974365234375,3969.0
2022-06-24,2124.050048828125,2179.89990234375,2082.949951171875,2150.300048828125,2117.82763671875,1702.0
2022-06-27,2179.0,2179.949951171875,2135.75,2148.85009765625,2116.39990234375,416.0
2022-06-28,2167.949951171875,2201.0,2135.0,2181.64990234375,2148.70458984375,1116.0
2022-06-29,2189.0,2224.89990234375,2170.050048828125,2198.64990234375,2165.447509765625,2039.0
2022-06-30,2211.949951171875,2211.949951171875,2155.60009765625,2171.35009765625,2138.559814453125,845.0
2022-07-01,2167.0,2196.35009765625,2157.5,2166.949951171875,2134.2265625,192.0
2022-07-04,2195.0,2217.800048828125,2140.0,2189.300048828125,2156.23876953125,1712.0
2022-07-05,2197.0,2227.0,2166.5,2204.949951171875,2171.652587890625,2320.0
2022-07-06,2175.0,2223.699951171875,2170.0,2205.85009765625,2172.5390625,615.0
2022-07-07,2225.0,2235.0,2180.0,2194.14990234375,2161.015625,627.0
2022-07-08,2225.0,2226.0,2191.35009765625,2221.64990234375,2188.100341796875,414.0
2022-07-11,2235.0,2288.5,2191.0,2258.89990234375,2224.787841796875,797.0
2022-07-12,2277.85009765625,2294.89990234375,2211.25,2227.75,2194.1083984375,3414.0
2022-07-13,2261.14990234375,2284.949951171875,2215.550048828125,2254.800048828125,2220.74951171875,457.0
2022-07-14,2228.14990234375,2273.949951171875,2222.0,2225.550048828125,2191.941650390625,321.0
2022-07-15,2253.89990234375,2253.89990234375,2152.25,2193.949951171875,2160.818603515625,957.0
2022-07-18,2226.85009765625,2250.0,2142.0,2191.300048828125,2158.20849609375,1487.0
2022-07-19,2224.14990234375,2225.0,2163.0,2210.300048828125,2176.921875,625.0
2022-07-20,2225.0,2257.5,2192.800048828125,2236.39990234375,2202.627685546875,1829.0
2022-07-21,2263.89990234375,2329.800048828125,2239.800048828125,2302.5,2267.7294921875,3080.0
2022-07-22,2309.0,2315.0,2233.300048828125,2258.949951171875,2224.837158203125,1968.0
2022-07-25,2288.949951171875,2334.800048828125,2255.0,2312.550048828125,2277.627685546875,1564.0
2022-07-26,2347.14990234375,2347.14990234375,2256.39990234375,2293.25,2258.618896484375,2980.0
2022-07-27,2370.0,2370.0,2275.050048828125,2313.300048828125,2278.366455078125,1957.0
2022-07-28,2347.949951171875,2384.0,2308.5,2352.550048828125,2317.023681640625,783.0
2022-07-29,2370.0,2490.0,2318.5,2455.800048828125,2418.714599609375,12335.0
2022-08-01,2492.550048828125,2539.949951171875,2473.949951171875,2500.300048828125,2462.542236328125,1420.0
2022-08-02,2540.0,2540.0,2447.0,2489.449951171875,2451.85595703125,1524.0
2022-08-03,2499.0,2499.0,2400.0,2422.10009765625,2385.5234375,744.0
2022-08-04,2441.199951171875,2452.699951171875,2400.0,2419.10009765625,2382.568603515625,1032.0
2022-08-05,2419.050048828125,2512.0,2414.0,2489.25,2451.6591796875,1334.0
2022-08-08,2425.0,2514.949951171875,2425.0,2498.5,2460.769775390625,1467.0
2022-08-10,2456.0,2550.0,2452.0,2469.25,2431.961181640625,3217.0
2022-08-11,2433.5,2500.0,2432.300048828125,2489.949951171875,2452.348876953125,551.0
2022-08-12,2516.5,2749.0,2476.0,2707.39990234375,2666.5146484375,12816.0
2022-08-16,2785.0,2837.199951171875,2722.10009765625,2776.0,2734.0791015625,9354.0
2022-08-17,2790.0,2852.949951171875,2765.0,2797.60009765625,2755.352783203125,2343.0
2022-08-18,2765.050048828125,2860.0,2765.0,2807.39990234375,2765.004638671875,1619.0
2022-08-19,2818.60009765625,2843.699951171875,2721.300048828125,2763.25,2721.521484375,969.0
2022-08-22,2804.64990234375,2804.64990234375,2710.39990234375,2725.85009765625,2684.6865234375,938.0
2022-08-23,2700.0,2750.0,2700.0,2742.14990234375,2700.740234375,951.0
2022-08-24,2762.14990234375,2784.0,2725.050048828125,2764.14990234375,2722.407958984375,307.0
2022-08-25,2728.10009765625,2859.75,2728.10009765625,2814.75,2772.243896484375,2777.0
2022-08-26,2864.0,2874.0,2725.0,2808.10009765625,2765.6943359375,3079.0
2022-08-29,2808.10009765625,2815.949951171875,2735.0,2760.800048828125,2719.1083984375,950.0
2022-08-30,2794.0,2805.5,2738.75,2753.10009765625,2711.52490234375,1326.0
2022-09-01,2794.0,2819.949951171875,2743.89990234375,2811.14990234375,2778.791259765625,1134.0
2022-09-02,2811.0,2835.0,2782.050048828125,2806.550048828125,2774.244384765625,1713.0
2022-09-05,2805.0,2837.14990234375,2752.0,2801.300048828125,2769.054931640625,1512.0
2022-09-06,2809.0,2879.949951171875,2799.89990234375,2854.14990234375,2821.29638671875,5229.0
2022-09-07,2859.0,2915.0,2836.0,2852.050048828125,2819.220703125,2184.0
2022-09-08,2894.75,2897.0,2835.0,2866.949951171875,2833.94921875,678.0
2022-09-09,2896.949951171875,2896.949951171875,2795.0,2806.800048828125,2774.491455078125,1709.0
2022-09-12,2848.64990234375,2851.75,2790.0,2835.050048828125,2802.41650390625,895.0
2022-09-13,2877.550048828125,3045.0,2785.699951171875,3027.199951171875,2992.354736328125,9906.0
2022-09-14,2950.10009765625,3038.0,2950.10009765625,3011.5,2976.83544921875,5728.0
2022-09-15,3055.0,3055.0,2973.050048828125,3025.25,2990.427001953125,2697.0
2022-09-16,3040.0,3040.0,2907.0,2958.300048828125,2924.24755859375,1486.0
2022-09-19,3017.449951171875,3045.39990234375,2937.39990234375,2956.949951171875,2922.9130859375,1383.0
2022-09-20,3000.0,3024.89990234375,2950.0,2988.949951171875,2954.544921875,1462.0
2022-09-21,3030.0,3046.60009765625,2953.5,2970.25,2936.06005859375,1062.0
2022-09-22,2995.0,2998.0,2950.0,2955.0,2920.98583984375,617.0
2022-09-23,2984.550048828125,2985.0,2866.050048828125,2906.25,2872.796875,2072.0
2022-09-26,2906.25,2913.550048828125,2679.10009765625,2815.75,2783.338623046875,2111.0
2022-09-27,2818.39990234375,2855.949951171875,2750.0,2798.14990234375,2765.941162109375,1361.0
2022-09-28,2785.800048828125,2879.949951171875,2775.0,2819.800048828125,2787.341796875,4797.0
2022-09-29,2889.0,2889.0,2814.0,2815.449951171875,2783.041748046875,955.0
2022-09-30,2855.0,2869.949951171875,2802.0,2839.699951171875,2807.012939453125,358.0
2022-10-03,2878.0,2878.0,2814.0,2829.89990234375,2797.325439453125,427.0
2022-10-04,2865.0,2924.0,2826.550048828125,2916.14990234375,2882.582763671875,525.0
2022-10-06,2979.0,2979.0,2872.449951171875,2892.949951171875,2859.64990234375,437.0
2022-10-07,2936.25,2990.0,2875.0,2905.14990234375,2871.709228515625,3868.0
2022-10-10,2945.0,2945.0,2840.050048828125,2902.10009765625,2868.694580078125,1186.0
2022-10-11,2929.0,2945.550048828125,2838.0,2854.89990234375,2822.037841796875,947.0
2022-10-12,2894.0,2920.0,2848.550048828125,2896.800048828125,2863.45556640625,547.0
2022-10-13,2899.699951171875,2899.699951171875,2808.0,2812.050048828125,2779.68115234375,2724.0
2022-10-14,2869.0,2887.0,2827.199951171875,2850.550048828125,2817.738037109375,705.0
2022-10-17,2890.0,2890.0,2810.0,2818.35009765625,2785.90869140625,976.0
2022-10-18,2859.949951171875,2859.949951171875,2800.0,2801.89990234375,2769.647705078125,4964.0
2022-10-19,2843.800048828125,2843.800048828125,2800.0,2813.25,2780.8671875,802.0
2022-10-20,2817.699951171875,2843.89990234375,2813.0,2836.75,2804.096923828125,1897.0
2022-10-21,2875.0,2875.0,2810.0,2816.39990234375,2783.980712890625,616.0
2022-10-24,2864.0,2864.0,2750.10009765625,2851.85009765625,2819.023193359375,442.0
2022-10-25,2825.699951171875,2863.800048828125,2825.050048828125,2848.449951171875,2815.662109375,323.0
2022-10-27,2889.0,2889.0,2810.0,2841.699951171875,2808.989990234375,473.0
2022-10-28,2862.949951171875,2864.25,2809.5,2809.64990234375,2777.30859375,1290.0
2022-10-31,2849.0,2849.0,2810.0,2811.25,2778.890380859375,599.0
2022-11-01,2849.0,2850.0,2810.0,2814.89990234375,2782.498291015625,815.0
2022-11-02,2848.0,2848.0,2810.0,2813.14990234375,2780.768310546875,732.0
2022-11-03,2840.0,2840.0,2813.0,2832.800048828125,2800.192138671875,383.0
2022-11-04,2850.0,2875.0,2817.10009765625,2822.0,2789.5166015625,346.0
2022-11-07,2815.0,2874.0,2809.0,2810.949951171875,2778.59375,2403.0
2022-11-09,2812.050048828125,2848.0,2810.0,2810.10009765625,2777.753662109375,858.0
2022-11-10,2844.0,2844.25,2809.0,2825.0,2792.48193359375,2541.0
2022-11-11,2825.050048828125,2939.85009765625,2810.25,2907.60009765625,2874.13134765625,1904.0
2022-11-14,2910.0,3049.949951171875,2904.050048828125,3018.300048828125,2983.55712890625,2734.0
2022-11-15,3050.0,3059.89990234375,2940.050048828125,3013.300048828125,2978.614501953125,2033.0
2022-11-16,3000.0,3085.0,3000.0,3056.64990234375,3021.46533203125,11286.0
2022-11-17,3090.0,3095.0,3025.0,3050.949951171875,3015.831298828125,1766.0
2022-11-18,3056.0,3075.949951171875,3033.25,3062.550048828125,3027.2978515625,1837.0
2022-11-21,3093.75,3093.75,3030.0,3051.199951171875,3016.078369140625,1085.0
2022-11-22,3081.699951171875,3081.699951171875,3032.050048828125,3052.449951171875,3017.31396484375,1053.0
2022-11-23,3052.449951171875,3060.0,2975.050048828125,2998.60009765625,2964.083984375,2841.0
2022-11-24,3039.0,3070.0,3003.60009765625,3051.60009765625,3016.4736328125,1913.0
2022-11-25,3038.0,3070.0,3018.050048828125,3048.85009765625,3013.755615234375,628.0
2022-11-28,3055.0,3170.0,3028.75,3098.25,3062.586669921875,5730.0
2022-11-29,3140.0,3172.0,3107.0,3151.60009765625,3115.32275390625,2328.0
2022-11-30,3184.0,3194.0,3061.14990234375,3080.64990234375,3045.189208984375,1421.0
2022-12-01,3082.300048828125,3089.0,3030.0,3038.800048828125,3003.821044921875,1465.0
2022-12-02,3038.800048828125,3095.0,3032.050048828125,3084.050048828125,3048.55029296875,812.0
2022-12-05,3118.0,3120.0,3030.050048828125,3053.949951171875,3018.796630859375,704.0
2022-12-06,3012.0,3085.949951171875,3012.0,3020.39990234375,2985.632568359375,492.0
2022-12-07,3065.0,3078.0,2980.0,3063.300048828125,3028.039306640625,1243.0
2022-12-08,3065.0,3079.949951171875,3020.0,3032.800048828125,2997.889892578125,303.0
2022-12-09,3078.25,3078.25,2850.0,2902.89990234375,2869.485107421875,2774.0
2022-12-12,2902.89990234375,2970.39990234375,2857.10009765625,2955.75,2921.72705078125,1915.0
2022-12-13,2912.25,2959.64990234375,2855.75,2888.10009765625,2854.85595703125,498.0
2022-12-14,2930.0,2954.5,2869.39990234375,2872.5,2839.43505859375,1390.0
2022-12-15,2872.14990234375,2903.949951171875,2825.0,2838.050048828125,2805.381591796875,454.0
2022-12-16,2850.64990234375,3031.5,2821.0,2854.949951171875,2822.087158203125,5929.0
2022-12-19,2854.949951171875,3006.300048828125,2854.949951171875,2946.14990234375,2912.2373046875,5172.0
2022-12-20,2975.0,2975.0,2814.10009765625,2893.89990234375,2860.5888671875,2787.0
2022-12-21,2947.75,2947.75,2773.550048828125,2800.89990234375,2768.659423828125,31641.0
2022-12-22,2849.0,2849.0,2798.0,2815.0,2782.59716796875,61860.0
2022-12-23,2800.0,2836.0,2771.949951171875,2777.60009765625,2745.6279296875,6279.0
2022-12-26,2800.0,2800.0,2774.0,2775.10009765625,2743.156494140625,1352.0
2022-12-27,2798.949951171875,2899.0,2775.0,2777.449951171875,2745.4794921875,2479.0
2022-12-28,2814.75,2814.75,2775.0,2775.300048828125,2743.354248046875,574.0
2022-12-29,2775.14990234375,2816.85009765625,2775.0,2789.949951171875,2757.83544921875,1054.0
2022-12-30,2829.89990234375,2829.89990234375,2782.550048828125,2793.199951171875,2761.0478515625,411.0
2023-01-02,2799.0,2815.050048828125,2784.39990234375,2810.449951171875,2778.099609375,300.0
2023-01-03,2825.0,2827.89990234375,2795.0,2800.300048828125,2768.06640625,268.0
2023-01-04,2847.949951171875,2847.949951171875,2775.050048828125,2788.25,2756.15478515625,347.0
2023-01-05,2783.39990234375,2821.0,2771.0,2796.300048828125,2764.112548828125,5145.0
2023-01-06,2818.949951171875,2818.949951171875,2780.0,2782.199951171875,2750.174560546875,291.0
2023-01-09,2782.199951171875,2804.89990234375,2782.199951171875,2800.35009765625,2768.11572265625,146.0
2023-01-10,2897.550048828125,2898.199951171875,2775.0,2776.10009765625,2744.14501953125,1113.0
2023-01-11,2779.10009765625,2807.949951171875,2775.0,2775.39990234375,2743.453125,736.0
2023-01-12,2815.0,2815.0,2766.0,2776.25,2744.293212890625,18053.0
2023-01-13,2814.0,2825.0,2766.0,2811.75,2779.384521484375,2996.0
2023-01-16,2815.0,2821.449951171875,2771.0,2788.699951171875,2756.599853515625,106.0
2023-01-17,2780.0,2804.85009765625,2750.050048828125,2759.949951171875,2728.1806640625,467.0
2023-01-18,2751.449951171875,2798.35009765625,2671.550048828125,2707.25,2676.08740234375,1024.0
2023-01-19,2700.0,2799.0,2673.050048828125,2750.85009765625,2719.185791015625,3677.0
2023-01-20,2744.39990234375,2755.25,2723.0,2749.25,2717.603759765625,5282.0
2023-01-23,2741.0,2799.0,2735.0,2753.75,2722.05224609375,4933.0
2023-01-24,2745.35009765625,2787.0,2730.050048828125,2750.050048828125,2718.39501953125,1649.0
2023-01-25,2749.35009765625,2750.0,2670.0,2702.60009765625,2671.4912109375,118.0
2023-01-27,2703.14990234375,2759.89990234375,2690.0,2751.5,2719.828125,3083.0
2023-01-30,2774.699951171875,2774.699951171875,2710.300048828125,2750.60009765625,2718.9384765625,805.0
2023-01-31,2744.60009765625,2770.0,2744.60009765625,2756.60009765625,2724.869384765625,947.0
2023-02-01,2758.050048828125,2855.0,2742.050048828125,2793.800048828125,2761.64111328125,4619.0
2023-02-02,2835.64990234375,2835.64990234375,2751.0,2767.949951171875,2736.088623046875,349.0
2023-02-03,2799.949951171875,2800.0,2748.050048828125,2754.39990234375,2722.69482421875,667.0
2023-02-06,2759.949951171875,2779.949951171875,2750.0,2751.10009765625,2719.432861328125,650.0
2023-02-07,2754.949951171875,2810.0,2748.0,2775.449951171875,2743.50244140625,812.0
2023-02-08,2779.0,2797.25,2756.0,2765.699951171875,2733.86474609375,87.0
2023-02-09,2766.0,2799.10009765625,2757.0,2786.5,2754.42529296875,411.0
2023-02-10,2750.050048828125,2795.0,2750.050048828125,2763.64990234375,2731.837890625,947.0
2023-02-13,2860.0,2885.0,2750.0,2787.699951171875,2755.611572265625,1805.0
2023-02-14,2870.0,2870.0,2782.35009765625,2848.949951171875,2816.156494140625,652.0
2023-02-15,2762.0,2868.39990234375,2760.39990234375,2813.75,2781.361572265625,859.0
2023-02-16,2850.0,2850.0,2781.10009765625,2794.0,2761.8388671875,208.0
2023-02-17,2786.050048828125,2819.0,2780.14990234375,2787.699951171875,2755.611572265625,145.0
2023-02-20,2761.0,2779.949951171875,2748.0,2750.550048828125,2718.888916015625,912.0
2023-02-21,2750.550048828125,2799.0,2746.0,2755.35009765625,2723.6337890625,2676.0
2023-02-22,2741.199951171875,2771.64990234375,2740.050048828125,2752.199951171875,2720.520263671875,1197.0
2023-02-23,2772.0,2776.89990234375,2750.0,2750.64990234375,2718.98779296875,425.0
2023-02-24,2750.0,2774.75,2750.0,2751.85009765625,2720.174072265625,544.0
2023-02-27,2770.0,2770.0,2748.0,2750.89990234375,2719.23486328125,2518.0
2023-02-28,2758.050048828125,2759.949951171875,2750.0,2750.10009765625,2718.4443359375,241.0
2023-03-01,2752.14990234375,2789.0,2750.0,2777.949951171875,2745.973388671875,891.0
2023-03-02,2809.949951171875,2809.949951171875,2750.0,2752.699951171875,2721.01416015625,735.0
2023-03-03,2752.300048828125,2783.89990234375,2750.0,2750.25,2718.592529296875,335.0
2023-03-06,2750.25,2767.949951171875,2750.0,2750.199951171875,2718.543212890625,1007.0
2023-03-08,2750.050048828125,2970.199951171875,2750.050048828125,2921.0,2887.376953125,5559.0
2023-03-09,2960.0,2964.75,2839.60009765625,2857.35009765625,2824.459716796875,894.0
2023-03-10,2858.300048828125,2873.89990234375,2809.89990234375,2816.75,2784.3271484375,817.0
2023-03-13,2801.449951171875,2801.449951171875,2748.0,2751.75,2720.0751953125,3929.0
2023-03-14,2750.0,2792.89990234375,2532.10009765625,2559.0,2529.5439453125,2804.0
2023-03-15,2597.35009765625,2718.949951171875,2597.35009765625,2711.300048828125,2680.091064453125,2352.0
2023-03-16,2723.949951171875,2733.949951171875,2700.0,2711.800048828125,2680.585205078125,452.0
2023-03-17,2681.199951171875,2732.699951171875,2681.199951171875,2702.14990234375,2671.0458984375,249.0
2023-03-20,2702.25,2790.0,2700.0,2740.550048828125,2709.004150390625,714.0
2023-03-21,2749.0,2790.0,2730.199951171875,2762.050048828125,2730.256591796875,73.0
2023-03-22,2725.85009765625,2769.550048828125,2725.050048828125,2757.949951171875,2726.20361328125,199.0
2023-03-23,2799.25,2799.25,2720.0,2748.5,2716.862548828125,233.0
2023-03-24,2716.050048828125,2725.0,2716.0,2717.64990234375,2686.36767578125,50.0
2023-03-27,2710.0,2710.0,2696.0,2698.550048828125,2667.48779296875,622.0
2023-03-28,2698.5,2748.0,2698.0,2700.550048828125,2669.464599609375,1351.0
2023-03-29,2740.0,2763.949951171875,2700.0,2724.75,2693.3857421875,254.0
2023-03-31,2759.0,2875.0,2700.0,2711.10009765625,2679.893310546875,575.0
2023-04-03,2700.949951171875,2785.0,2700.949951171875,2750.050048828125,2718.39501953125,281.0
2023-04-05,2712.0,2780.0,2712.0,2756.199951171875,2724.473876953125,212.0
2023-04-06,2741.25,2831.050048828125,2741.25,2822.85009765625,2790.356689453125,756.0
2023-04-10,2781.0,2808.60009765625,2781.0,2805.39990234375,2773.107666015625,333.0
2023-04-11,2789.0,2944.800048828125,2771.0,2886.64990234375,2853.42236328125,2628.0
2023-04-12,2923.10009765625,2937.0,2821.0,2837.39990234375,2804.7392578125,838.0
2023-04-13,2856.60009765625,2949.0,2817.050048828125,2926.5,2892.813720703125,1906.0
2023-04-17,2970.35009765625,2970.35009765625,2846.5,2859.75,2826.83203125,593.0
2023-04-18,2865.10009765625,2890.0,2729.10009765625,2792.89990234375,2760.75146484375,3183.0
2023-04-19,2791.949951171875,2811.949951171875,2773.0,2782.85009765625,2750.8173828125,435.0
2023-04-20,2803.0,2803.0,2760.300048828125,2765.300048828125,2733.469482421875,348.0
2023-04-21,2798.0,2800.0,2779.050048828125,2793.60009765625,2761.443603515625,108.0
2023-04-24,2755.35009765625,2820.0,2755.35009765625,2768.050048828125,2736.1875,271.0
2023-04-25,2795.800048828125,2900.0,2775.050048828125,2865.60009765625,2832.61474609375,1363.0
2023-04-26,2845.0,2899.5,2800.0,2811.35009765625,2778.989013671875,835.0
2023-04-27,2811.39990234375,2870.89990234375,2808.0,2825.14990234375,2792.630126953125,1644.0
2023-04-28,2830.0,2899.800048828125,2830.0,2882.14990234375,2848.97412109375,838.0
2023-05-02,2900.0,2900.0,2839.0,2863.199951171875,2830.2421875,355.0
2023-05-03,2855.0,2906.050048828125,2840.0,2873.699951171875,2840.621337890625,2100.0
2023-05-04,2860.0,2935.0,2854.949951171875,2887.949951171875,2854.70751953125,1026.0
2023-05-05,2880.0,2901.699951171875,2760.199951171875,2828.449951171875,2795.892333984375,814.0
2023-05-08,2870.0,2870.0,2803.0,2826.10009765625,2793.5693359375,504.0
2023-05-09,2815.0,2849.0,2780.25,2805.5,2773.206298828125,910.0
2023-05-10,2818.050048828125,2888.0,2801.550048828125,2836.39990234375,2803.75048828125,1103.0
2023-05-11,2835.0,2883.5,2803.0,2808.699951171875,2776.36962890625,888.0
2023-05-12,2830.0,2850.0,2762.949951171875,2765.75,2733.9140625,921.0
2023-05-15,2751.0,2794.89990234375,2724.0,2739.949951171875,2708.4111328125,4689.0
2023-05-16,2799.0,2799.0,2728.0,2744.199951171875,2712.612060546875,141.0
2023-05-17,2750.0,2769.5,2728.0,2745.0,2713.403076171875,709.0
2023-05-18,2740.14990234375,2758.0,2735.0,2744.5,2712.90869140625,177.0
2023-05-19,2762.699951171875,2762.699951171875,2702.0,2724.800048828125,2693.435546875,329.0
2023-05-22,2730.0,2749.0,2700.0,2702.0,2670.89794921875,602.0
2023-05-23,2723.949951171875,2789.949951171875,2718.050048828125,2770.5,2738.609375,510.0
2023-05-24,2750.0,2795.0,2710.0,2762.800048828125,2730.998046875,1054.0
2023-05-25,2770.0,2792.89990234375,2730.0,2776.949951171875,2744.985107421875,1704.0
2023-05-26,2776.949951171875,2796.0,2717.14990234375,2770.699951171875,2738.806884765625,741.0
2023-05-29,2824.0,2824.0,2761.199951171875,2811.85009765625,2779.483642578125,743.0
2023-05-30,2830.0,2858.5,2762.0,2819.949951171875,2787.489990234375,1530.0
2023-05-31,2835.0,2835.0,2765.0,2770.699951171875,2738.806884765625,916.0
2023-06-01,2770.0,2809.0,2760.050048828125,2783.75,2751.706787109375,289.0
2023-06-02,2780.0,2864.0,2771.10009765625,2822.550048828125,2790.060302734375,1118.0
2023-06-05,2830.0,2878.949951171875,2801.0,2868.949951171875,2835.926025390625,1175.0
2023-06-06,2890.0,2890.0,2802.85009765625,2808.800048828125,2776.468505859375,514.0
2023-06-07,2845.0,2845.0,2750.0,2775.300048828125,2743.354248046875,2176.0
2023-06-08,2775.300048828125,2804.949951171875,2700.0,2735.050048828125,2703.567626953125,2222.0
2023-06-09,2772.0,2900.0,2771.14990234375,2846.300048828125,2813.536865234375,3835.0
2023-06-12,2884.75,2884.75,2828.199951171875,2831.199951171875,2798.610595703125,651.0
2023-06-13,2872.0,2872.0,2832.10009765625,2844.10009765625,2811.3623046875,260.0
2023-06-14,2850.0,2930.050048828125,2821.10009765625,2862.89990234375,2829.94580078125,1783.0
2023-06-15,2869.699951171875,2869.699951171875,2760.0,2788.800048828125,2756.69873046875,1317.0
2023-06-16,2791.39990234375,2827.5,2770.0,2785.550048828125,2753.486328125,1166.0
2023-06-19,2874.0,2874.0,2760.0,2776.0,2744.046142578125,792.0
2023-06-20,2790.0,2813.39990234375,2762.050048828125,2800.449951171875,2768.214599609375,656.0
2023-06-21,2802.300048828125,2819.0,2750.5,2781.85009765625,2749.8291015625,1134.0
2023-06-22,2799.0,2849.0,2789.449951171875,2797.5,2765.29833984375,2546.0
2023-06-23,2781.0,2834.949951171875,2760.89990234375,2775.949951171875,2743.996337890625,856.0
2023-06-26,2777.199951171875,2777.199951171875,2714.949951171875,2724.0,2692.64453125,1088.0
2023-06-27,2736.39990234375,2758.800048828125,2700.0,2701.25,2670.156494140625,2778.0
2023-06-28,2710.050048828125,2750.0,2700.0,2700.550048828125,2669.464599609375,4057.0
2023-06-30,2717.64990234375,2763.60009765625,2715.85009765625,2759.0,2727.24169921875,1249.0
2023-07-03,2793.0,2796.25,2720.0,2732.25,2700.7998046875,771.0
2023-07-04,2769.0,2769.0,2710.0,2733.64990234375,2702.18359375,741.0
2023-07-05,2769.60009765625,2769.60009765625,2706.449951171875,2728.14990234375,2696.74658203125,353.0
2023-07-06,2727.0,2765.0,2705.0,2723.449951171875,2692.10107421875,659.0
2023-07-07,2748.949951171875,2780.75,2713.25,2770.64990234375,2738.757568359375,1171.0
2023-07-10,2764.0,2789.550048828125,2732.10009765625,2768.300048828125,2736.4345703125,658.0
2023-07-11,2795.0,2796.0,2711.60009765625,2735.0,2703.51806640625,639.0
2023-07-12,2758.0,2766.449951171875,2710.0,2717.199951171875,2685.9228515625,637.0
2023-07-13,2744.949951171875,2745.0,2701.85009765625,2710.300048828125,2679.102294921875,560.0
2023-07-14,2745.0,2755.300048828125,2709.050048828125,2728.800048828125,2697.389404296875,484.0
2023-07-17,2728.75,2780.0,2727.10009765625,2740.449951171875,2708.905029296875,595.0
2023-07-18,2770.0,2770.0,2711.60009765625,2718.39990234375,2687.109130859375,531.0
2023-07-19,2703.35009765625,2790.0,2703.35009765625,2770.5,2738.609375,1735.0
2023-07-20,2760.0,2841.0,2723.0,2734.14990234375,2702.677490234375,4146.0
2023-07-21,2765.89990234375,2765.89990234375,2700.0,2715.5,2684.24267578125,5132.0
2023-07-24,2750.0,2849.949951171875,2729.699951171875,2760.14990234375,2728.37841796875,2662.0
2023-07-25,2776.60009765625,2780.0,2732.14990234375,2742.949951171875,2711.376708984375,892.0
2023-07-26,2751.050048828125,2770.0,2746.0,2762.14990234375,2730.355224609375,817.0
2023-07-27,2779.0,2799.0,2732.699951171875,2765.699951171875,2733.86474609375,1601.0
2023-07-28,2746.199951171875,2789.949951171875,2746.199951171875,2780.89990234375,2748.889404296875,635.0
2023-07-31,2799.5,2835.0,2789.35009765625,2814.39990234375,2782.00390625,1391.0
2023-08-01,2830.89990234375,2864.0,2782.050048828125,2806.25,2773.94775390625,978.0
2023-08-02,2790.0,2812.39990234375,2711.35009765625,2737.25,2705.741943359375,1229.0
2023-08-03,2720.14990234375,2795.0,2720.14990234375,2775.14990234375,2743.20556640625,1237.0
2023-08-04,2730.5,2785.10009765625,2700.0,2715.199951171875,2683.94580078125,1258.0
2023-08-07,2716.0,2777.949951171875,2707.050048828125,2752.550048828125,2720.865966796875,742.0
2023-08-08,2741.0,2769.0,2703.300048828125,2710.85009765625,2679.646240234375,1548.0
2023-08-09,2731.050048828125,2750.0,2725.0,2736.550048828125,2705.05029296875,296.0
2023-08-10,2741.89990234375,2745.10009765625,2715.050048828125,2722.39990234375,2691.06298828125,412.0
2023-08-11,2725.050048828125,2742.050048828125,2707.10009765625,2714.10009765625,2682.85888671875,355.0
2023-08-14,2759.0,2759.0,2675.5,2703.25,2672.133544921875,909.0
2023-08-16,2704.0,2749.949951171875,2698.0,2700.14990234375,2669.06884765625,2569.0
2023-08-17,2730.0,2735.0,2700.0,2700.25,2669.168212890625,2214.0
2023-08-18,2708.449951171875,2740.449951171875,2700.0,2702.0,2670.89794921875,1070.0
2023-08-21,2710.14990234375,2727.39990234375,2700.050048828125,2709.14990234375,2677.965576171875,994.0
2023-08-22,2729.0,2810.050048828125,2715.5,2762.699951171875,2730.899169921875,1431.0
2023-08-23,2799.949951171875,2799.949951171875,2751.0,2780.14990234375,2748.148193359375,804.0
2023-08-24,2800.0,2830.0,2780.0,2808.25,2775.9248046875,1402.0
2023-08-25,2781.050048828125,2833.89990234375,2727.5,2750.60009765625,2718.9384765625,854.0
2023-08-28,2780.0,2780.0,2706.050048828125,2713.550048828125,2694.560302734375,1648.0
2023-08-29,2750.0,2750.0,2716.050048828125,2720.60009765625,2701.56103515625,645.0
2023-08-30,2720.60009765625,2749.5,2710.0,2714.5,2695.50341796875,966.0
2023-08-31,2750.0,2750.0,2705.60009765625,2710.0,2691.034912109375,894.0
2023-09-01,2720.0,2726.25,2709.0,2714.550048828125,2695.55322265625,544.0
2023-09-04,2716.35009765625,2789.0,2716.0,2747.14990234375,2727.925048828125,2045.0
2023-09-05,2780.0,2780.0,2707.0,2751.0,2731.748046875,1942.0
2023-09-06,2751.0,2895.0,2717.050048828125,2793.85009765625,2774.29833984375,10811.0
2023-09-07,2840.0,2930.300048828125,2816.199951171875,2865.449951171875,2845.397216796875,3676.0
2023-09-08,2895.60009765625,2897.0,2801.0,2817.550048828125,2797.832275390625,1508.0
2023-09-11,2882.75,2895.0,2830.0,2849.0,2829.062255859375,2211.0
2023-09-12,2887.39990234375,2887.39990234375,2705.0,2721.89990234375,2702.8515625,1959.0
2023-09-13,2749.10009765625,2780.0,2700.0,2709.5,2690.53857421875,1616.0
2023-09-14,2746.050048828125,2890.050048828125,2735.75,2849.85009765625,2829.90625,7850.0
2023-09-15,2889.89990234375,2899.39990234375,2833.10009765625,2859.60009765625,2839.588134765625,2454.0
2023-09-18,2805.10009765625,2920.0,2805.10009765625,2867.10009765625,2847.035888671875,2357.0
2023-09-20,2899.0,2905.85009765625,2844.75,2856.39990234375,2836.410400390625,1000.0
2023-09-21,2859.0,2879.39990234375,2670.0,2694.199951171875,2675.345458984375,6839.0
2023-09-22,2698.60009765625,2773.85009765625,2570.0,2606.949951171875,2588.7060546875,11447.0
2023-09-25,2600.35009765625,2688.0,2600.35009765625,2645.5,2626.986572265625,2920.0
2023-09-26,2679.949951171875,2705.60009765625,2642.0,2680.800048828125,2662.039306640625,2639.0
2023-09-27,2707.0,2707.60009765625,2597.14990234375,2629.550048828125,2611.148193359375,4781.0
2023-09-28,2637.550048828125,2664.949951171875,2605.050048828125,2618.25,2599.927001953125,1064.0
2023-09-29,2624.949951171875,2680.0,2597.550048828125,2650.60009765625,2632.05078125,2659.0
2023-10-03,2650.60009765625,2650.60009765625,2558.5,2584.60009765625,2566.5126953125,2493.0
2023-10-04,2605.0,2617.0,2565.050048828125,2602.35009765625,2584.138671875,1284.0
2023-10-05,2615.800048828125,2615.800048828125,2560.35009765625,2577.699951171875,2559.660888671875,718.0
2023-10-06,2612.449951171875,2612.449951171875,2565.14990234375,2574.10009765625,2556.0859375,1026.0
2023-10-09,2574.10009765625,2608.85009765625,2540.0,2549.64990234375,2531.80712890625,1603.0
2023-10-10,2545.0,2582.949951171875,2540.0,2559.949951171875,2542.034912109375,742.0
2023-10-11,2593.25,2675.0,2550.0,2635.35009765625,2616.907470703125,1749.0
2023-10-12,2659.0,2659.0,2610.39990234375,2616.89990234375,2598.58642578125,335.0
2023-10-13,2592.050048828125,2623.35009765625,2575.050048828125,2595.550048828125,2577.385986328125,459.0
2023-10-16,2609.800048828125,2626.0,2570.5,2620.89990234375,2602.558349609375,575.0
2023-10-17,2649.949951171875,2656.25,2604.050048828125,2642.35009765625,2623.8583984375,1128.0
2023-10-18,2600.10009765625,2690.0,2600.10009765625,2634.550048828125,2616.113037109375,1918.0
2023-10-19,2634.550048828125,2654.949951171875,2600.0,2605.89990234375,2587.663330078125,449.0
2023-10-20,2610.0,2689.89990234375,2598.5,2633.050048828125,2614.62353515625,1773.0
2023-10-23,2610.050048828125,2668.5,2566.699951171875,2598.25,2580.067138671875,722.0
2023-10-25,2630.0,2630.0,2538.60009765625,2562.0,2544.070556640625,1089.0
2023-10-26,2705.949951171875,2741.89990234375,2560.0,2593.64990234375,2575.4990234375,39743.0
2023-10-27,2663.699951171875,2663.699951171875,2580.300048828125,2593.199951171875,2575.052490234375,2743.0
2023-10-30,2623.0,2623.0,2555.800048828125,2595.800048828125,2577.63427734375,1377.0
2023-10-31,2595.800048828125,2622.0,2570.050048828125,2578.050048828125,2560.008544921875,945.0
2023-11-01,2576.10009765625,2599.0,2540.0,2543.85009765625,2526.0478515625,813.0
2023-11-02,2541.60009765625,2594.89990234375,2490.050048828125,2511.14990234375,2493.57666015625,2460.0
2023-11-03,2497.0,2557.0,2497.0,2546.300048828125,2528.48046875,752.0
2023-11-06,2556.0,2632.050048828125,2524.0,2586.300048828125,2568.20068359375,1101.0
2023-11-07,2596.25,2621.199951171875,2524.050048828125,2586.699951171875,2568.597900390625,1105.0
2023-11-08,2580.699951171875,2610.0,2563.0,2581.89990234375,2563.83154296875,719.0
2023-11-09,2582.300048828125,2602.39990234375,2546.800048828125,2559.25,2541.340087890625,532.0
2023-11-10,2560.050048828125,2610.0,2560.0,2580.14990234375,2562.093505859375,1052.0
2023-11-13,2596.60009765625,2623.10009765625,2568.050048828125,2592.10009765625,2573.960205078125,1259.0
2023-11-15,2627.0,2627.0,2553.60009765625,2607.199951171875,2588.954345703125,463.0
2023-11-16,2624.800048828125,2624.800048828125,2580.050048828125,2592.39990234375,2574.2578125,848.0
2023-11-17,2592.39990234375,2621.0,2566.199951171875,2585.14990234375,2567.058837890625,656.0
2023-11-20,2591.550048828125,2619.949951171875,2560.0,2571.64990234375,2553.653076171875,757.0
2023-11-21,2604.0,2606.949951171875,2550.0,2567.449951171875,2549.482666015625,608.0
2023-11-22,2555.699951171875,2600.0,2540.0,2543.39990234375,2525.600830078125,602.0
2023-11-23,2577.0,2619.949951171875,2545.800048828125,2606.14990234375,2587.91162109375,1722.0
2023-11-24,2630.0,2630.0,2550.0,2565.75,2547.794677734375,1712.0
2023-11-28,2566.199951171875,2600.0,2413.199951171875,2478.449951171875,2461.10546875,2960.0
2023-11-29,2487.89990234375,2544.75,2451.10009765625,2481.10009765625,2463.737060546875,1351.0
2023-11-30,2481.39990234375,2524.949951171875,2469.550048828125,2473.10009765625,2455.79296875,1460.0
2023-12-01,2475.0,2508.64990234375,2474.10009765625,2503.0,2485.483642578125,870.0
2023-12-04,2509.89990234375,2537.949951171875,2502.89990234375,2524.5,2506.833251953125,1084.0
2023-12-05,2527.25,2552.0,2501.050048828125,2519.050048828125,2501.42138671875,1015.0
2023-12-06,2519.050048828125,2544.949951171875,2499.14990234375,2503.300048828125,2485.781494140625,5364.0
2023-12-07,2500.199951171875,2549.0,2499.75,2501.25,2483.745849609375,2704.0
2023-12-08,2484.050048828125,2534.0,2480.0,2499.5,2482.00830078125,7275.0
2023-12-11,2500.0,2521.5,2484.199951171875,2490.75,2473.3193359375,1468.0
2023-12-12,2516.949951171875,2516.949951171875,2441.800048828125,2474.64990234375,2457.33203125,1074.0
2023-12-13,2508.64990234375,2508.64990234375,2463.89990234375,2474.449951171875,2457.13330078125,5739.0
2023-12-14,2499.0,2584.0,2469.0,2558.949951171875,2541.0419921875,7386.0
2023-12-15,2588.89990234375,2595.0,2536.10009765625,2544.10009765625,2526.296142578125,1204.0
2023-12-18,2600.0,2699.89990234375,2600.0,2663.949951171875,2645.30712890625,11121.0
2023-12-19,2673.0,2698.949951171875,2570.60009765625,2642.89990234375,2624.404541015625,4198.0
2023-12-20,2669.0,2669.0,2526.10009765625,2552.60009765625,2534.736572265625,1828.0
2023-12-21,2552.60009765625,2590.0,2488.0,2548.800048828125,2530.963134765625,2329.0
2023-12-22,2580.0,2580.0,2500.5,2519.300048828125,2501.66943359375,1965.0
2023-12-26,2547.0,2550.0,2501.10009765625,2507.64990234375,2490.100830078125,1184.0
2023-12-27,2542.050048828125,2549.0,2505.0,2517.449951171875,2499.832275390625,516.0
2023-12-28,2532.300048828125,2540.0,2501.0,2510.800048828125,2493.229248046875,866.0
2023-12-29,2524.949951171875,2599.0,2520.0,2556.75,2538.857666015625,1563.0
2024-01-01,2556.75,2590.0,2556.75,2569.75,2551.766357421875,687.0
2024-01-02,2569.75,2590.0,2549.0,2578.64990234375,2560.604248046875,1331.0
2024-01-03,2590.5,2590.5,2546.75,2566.85009765625,2548.886962890625,693.0
2024-01-04,2596.0,2596.0,2510.10009765625,2532.25,2514.529052734375,1341.0
2024-01-05,2566.39990234375,2570.0,2510.0,2523.75,2506.08837890625,2658.0
2024-01-08,2523.0,2557.800048828125,2509.10009765625,2543.300048828125,2525.501708984375,974.0
2024-01-09,2512.60009765625,2558.89990234375,2510.300048828125,2515.550048828125,2497.94580078125,1098.0
2024-01-10,2535.300048828125,2540.0,2516.5,2530.39990234375,2512.69189453125,466.0
2024-01-11,2515.14990234375,2545.0,2515.14990234375,2527.699951171875,2510.0107421875,2143.0
2024-01-12,2547.449951171875,2549.949951171875,2530.0,2547.199951171875,2529.374267578125,1452.0
2024-01-15,2577.0,2619.949951171875,2536.85009765625,2607.0,2588.755615234375,3848.0
2024-01-16,2607.0,2607.0,2558.800048828125,2566.64990234375,2548.68798828125,657.0
2024-01-17,2567.14990234375,2599.300048828125,2550.0,2573.10009765625,2555.09326171875,646.0
2024-01-18,2569.35009765625,2569.949951171875,2446.0,2451.75,2434.59228515625,5232.0
2024-01-19,2460.0,2490.0,2440.0,2447.550048828125,2430.421630859375,1421.0
2024-01-23,2412.0,2490.0,2412.0,2447.699951171875,2430.570556640625,2427.0
2024-01-24,2440.14990234375,2455.0,2430.0,2452.449951171875,2435.287353515625,494.0
2024-01-25,2418.25,2484.0,2416.25,2421.64990234375,2404.702880859375,2036.0
2024-01-29,2454.85009765625,2480.0,2425.0,2451.14990234375,2433.996337890625,808.0
2024-01-30,2475.0,2475.0,2430.5,2440.14990234375,2423.0732421875,550.0
2024-01-31,2444.89990234375,2465.85009765625,2404.0,2414.35009765625,2397.4541015625,1146.0
2024-02-01,2446.89990234375,2446.89990234375,2390.0,2393.10009765625,2376.352783203125,1291.0
2024-02-02,2402.25,2426.949951171875,2390.0,2408.39990234375,2391.545654296875,2708.0
2024-02-05,2424.0,2424.0,2349.10009765625,2382.050048828125,2365.380126953125,3246.0
2024-02-06,2410.0,2414.199951171875,2356.199951171875,2373.949951171875,2357.336669921875,1097.0
2024-02-07,2401.0,2476.0,2345.0,2358.39990234375,2341.895263671875,6623.0
2024-02-08,2370.0,2420.0,2351.0,2374.64990234375,2358.03173828125,2521.0
2024-02-09,2406.699951171875,2435.0,2362.050048828125,2417.5,2400.581787109375,2336.0
2024-02-12,2450.14990234375,2512.0,2398.199951171875,2422.300048828125,2405.348388671875,3373.0
2024-02-13,2465.0,2500.0,2450.0,2471.89990234375,2454.601318359375,3217.0
2024-02-14,2485.0,2487.0,2421.800048828125,2455.199951171875,2438.01806640625,1114.0
2024-02-15,2461.60009765625,2509.949951171875,2421.0,2494.449951171875,2476.993408203125,2761.0
2024-02-16,2519.949951171875,2555.0,2452.64990234375,2537.64990234375,2519.89111328125,3839.0
2024-02-19,2565.0,2565.0,2509.35009765625,2543.699951171875,2525.89892578125,2041.0
2024-02-20,2506.14990234375,2650.949951171875,2506.14990234375,2616.300048828125,2597.99072265625,7119.0
2024-02-21,2652.199951171875,2709.0,2590.050048828125,2698.800048828125,2679.913330078125,9320.0
2024-02-22,2728.949951171875,2735.0,2640.0,2717.449951171875,2698.432861328125,4198.0
2024-02-23,2733.0,2800.0,2700.0,2776.89990234375,2757.466552734375,6440.0
2024-02-26,2848.85009765625,2848.85009765625,2707.10009765625,2709.89990234375,2690.935791015625,3656.0
2024-02-27,2743.800048828125,2744.949951171875,2668.550048828125,2717.449951171875,2698.432861328125,1656.0
2024-02-28,2714.25,2726.0,2595.0,2607.800048828125,2589.55029296875,2266.0
2024-02-29,2608.699951171875,2643.0,2581.0,2626.199951171875,2607.8212890625,1151.0
2024-03-01,2642.60009765625,2642.60009765625,2572.449951171875,2582.10009765625,2564.0302734375,1017.0
2024-03-04,2578.35009765625,2679.949951171875,2578.0,2620.10009765625,2601.76416015625,2490.0
2024-03-05,2655.449951171875,2697.0,2575.050048828125,2606.39990234375,2588.159912109375,1165.0
2024-03-06,2639.949951171875,2639.949951171875,2550.5,2583.89990234375,2565.8173828125,957.0
2024-03-07,2555.0,2614.949951171875,2555.0,2589.949951171875,2571.8251953125,793.0
2024-03-11,2589.949951171875,2600.0,2483.199951171875,2501.25,2483.745849609375,1204.0
2024-03-12,2504.10009765625,2530.89990234375,2401.300048828125,2431.10009765625,2414.0869140625,1349.0
2024-03-13,2436.949951171875,2447.0,2301.0,2328.39990234375,2312.10546875,1678.0
2024-03-14,2252.0,2434.800048828125,2252.0,2419.050048828125,2402.12109375,1590.0
2024-03-15,2419.14990234375,2430.949951171875,2250.0,2306.449951171875,2290.30908203125,1881.0
2024-03-18,2350.0,2395.0,2322.699951171875,2367.85009765625,2351.279541015625,1019.0
2024-03-19,2395.0,2395.0,2304.550048828125,2317.699951171875,2301.480224609375,1939.0
2024-03-20,2310.0,2385.550048828125,2310.0,2338.949951171875,2322.58154296875,1155.0
2024-03-21,2370.5,2407.0,2350.050048828125,2373.89990234375,2357.286865234375,1260.0
2024-03-22,2395.0,2395.0,2319.050048828125,2351.0,2334.54736328125,1128.0
2024-03-26,2353.0,2390.0,2351.10009765625,2360.949951171875,2344.427734375,1278.0
2024-03-27,2390.0,2390.0,2283.800048828125,2308.25,2292.096435546875,2685.0
2024-03-28,2358.89990234375,2358.89990234375,2295.0,2302.699951171875,2286.58544921875,1567.0
2024-04-01,2303.0,2370.0,2303.0,2365.75,2349.194091796875,1132.0
2024-04-02,2386.89990234375,2436.0,2366.0,2433.5,2416.469970703125,1037.0
2024-04-03,2418.89990234375,2523.949951171875,2392.39990234375,2481.300048828125,2463.935546875,3405.0
2024-04-04,2514.75,2630.300048828125,2500.89990234375,2619.14990234375,2600.82080078125,2814.0
2024-04-05,2609.14990234375,2701.050048828125,2565.050048828125,2661.550048828125,2642.924072265625,4174.0
2024-04-08,2664.0,2711.449951171875,2611.050048828125,2644.14990234375,2625.645751953125,988.0
2024-04-09,2579.949951171875,2665.0,2579.0,2626.85009765625,2608.467041015625,884.0
2024-04-10,2639.949951171875,2652.050048828125,2607.5,2620.300048828125,2601.962646484375,397.0
2024-04-12,2648.0,2649.0,2550.0,2579.449951171875,2561.398681640625,1321.0
2024-04-15,2360.0,2610.60009765625,2360.0,2591.300048828125,2573.165771484375,1262.0
2024-04-16,2594.14990234375,2660.0,2594.14990234375,2636.949951171875,2618.49609375,746.0
2024-04-18,2636.550048828125,2660.449951171875,2550.0,2569.449951171875,2551.46875,1249.0
2024-04-19,2600.0,2600.0,2551.25,2589.14990234375,2571.030517578125,220.0
2024-04-22,2589.89990234375,2641.35009765625,2552.0,2565.0,2547.0498046875,923.0
2024-04-23,2555.35009765625,2599.0,2500.699951171875,2553.10009765625,2535.233154296875,914.0
2024-04-24,2554.0,2607.89990234375,2540.0,2592.14990234375,2574.009765625,879.0
2024-04-25,2590.0,2639.25,2590.0,2627.89990234375,2609.509521484375,779.0
2024-04-26,2630.0,2663.35009765625,2580.0,2606.14990234375,2587.91162109375,649.0
2024-04-29,2563.449951171875,2659.0,2563.449951171875,2594.699951171875,2576.541748046875,1603.0
2024-04-30,2628.25,2659.050048828125,2613.050048828125,2650.35009765625,2631.802490234375,779.0
2024-05-02,2660.89990234375,2725.0,2650.35009765625,2696.35009765625,2677.48046875,1776.0
2024-05-03,2732.800048828125,2732.800048828125,2549.550048828125,2606.550048828125,2588.30908203125,2978.0
2024-05-06,2645.0,2648.35009765625,2510.0,2539.199951171875,2521.430419921875,1844.0
2024-05-07,2554.800048828125,2573.449951171875,2515.5,2531.60009765625,2513.8837890625,758.0
2024-05-08,2490.10009765625,2549.89990234375,2490.10009765625,2535.449951171875,2517.706298828125,610.0
2024-05-09,2563.0,2563.0,2501.0,2504.60009765625,2487.07275390625,476.0
2024-05-10,2537.0,2537.0,2498.10009765625,2504.800048828125,2487.27099609375,489.0
2024-05-13,2537.0,2538.64990234375,2476.60009765625,2488.5,2471.085205078125,468.0
2024-05-14,2486.550048828125,2563.949951171875,2484.85009765625,2536.949951171875,2519.196044921875,345.0
2024-05-15,2525.949951171875,2566.199951171875,2452.5,2497.85009765625,2480.36962890625,621.0
2024-05-16,2485.25,2568.10009765625,2485.25,2517.39990234375,2499.78271484375,302.0
2024-05-17,2534.14990234375,2544.0,2511.14990234375,2530.300048828125,2512.592529296875,193.0
2024-05-21,2547.0,2547.0,2480.550048828125,2490.050048828125,2472.624267578125,531.0
2024-05-22,2484.550048828125,2504.39990234375,2399.0,2465.89990234375,2448.64306640625,1699.0
2024-05-23,2464.449951171875,2493.89990234375,2399.949951171875,2449.5,2432.358154296875,1531.0
2024-05-24,2421.199951171875,2449.0,2395.10009765625,2431.550048828125,2414.53369140625,2387.0
2024-05-27,2443.800048828125,2443.800048828125,2405.550048828125,2411.699951171875,2394.822509765625,578.0
2024-05-28,2424.300048828125,2443.800048828125,2395.300048828125,2439.699951171875,2422.62646484375,741.0
2024-05-29,2415.39990234375,2425.0,2405.5,2411.0,2394.12744140625,360.0
2024-05-30,2413.449951171875,2425.0,2400.0,2403.5,2386.679931640625,349.0
2024-05-31,2425.0,2425.0,2299.050048828125,2376.35009765625,2359.719970703125,2640.0
2024-06-03,2447.0,2447.0,2334.0,2355.35009765625,2338.866943359375,1630.0
2024-06-04,2385.0,2423.699951171875,2225.0,2247.39990234375,2231.672119140625,2549.0
2024-06-05,2250.0,2302.0,2189.199951171875,2262.449951171875,2246.616943359375,3810.0
2024-06-06,2292.0,2342.14990234375,2275.75,2306.39990234375,2290.25927734375,934.0
2024-06-07,2331.300048828125,2370.0,2311.5,2328.300048828125,2312.00634765625,1621.0
2024-06-10,2350.0,2514.39990234375,2304.0,2394.25,2377.494873046875,6096.0
2024-06-11,2395.949951171875,2635.0,2360.0,2605.199951171875,2586.968505859375,6243.0
2024-06-12,2580.0,2648.60009765625,2575.0,2581.14990234375,2563.086669921875,1709.0
2024-06-13,2600.0,2796.949951171875,2595.5,2744.75,2725.541748046875,13312.0
2024-06-14,2798.949951171875,3048.800048828125,2770.0,2959.449951171875,2938.7392578125,22249.0
2024-06-18,3049.89990234375,3200.949951171875,2905.050048828125,2919.75,2899.317138671875,11878.0
2024-06-19,2998.949951171875,3149.0,2920.10009765625,3107.75,3086.00146484375,11911.0
2024-06-20,3107.75,3298.85009765625,3107.699951171875,3212.199951171875,3189.720458984375,12369.0
2024-06-21,3212.0,3294.0,2980.0,3024.89990234375,3003.731201171875,12585.0
2024-06-24,3110.0,3324.85009765625,3040.64990234375,3278.10009765625,3255.159423828125,10427.0
2024-06-25,3232.0,3399.0,3228.85009765625,3316.0,3292.794189453125,8994.0
2024-06-26,3340.0,3355.0,3101.14990234375,3235.199951171875,3212.5595703125,11799.0
2024-06-27,3281.35009765625,3286.5,3101.10009765625,3122.60009765625,3100.747802734375,5217.0
2024-06-28,3122.60009765625,3200.0,3102.0,3142.949951171875,3120.955078125,3279.0
2024-07-01,3180.0,3241.0,3130.050048828125,3155.5,3133.417236328125,3269.0
2024-07-02,3163.39990234375,3197.949951171875,3100.14990234375,3128.39990234375,3106.5068359375,3084.0
2024-07-03,3143.25,3196.0,3102.0,3143.60009765625,3121.6005859375,2091.0
2024-07-04,3151.0,3186.60009765625,3060.0,3127.699951171875,3105.811767578125,2609.0
2024-07-05,3135.0,3197.25,3125.0,3185.800048828125,3163.50537109375,2185.0
2024-07-08,3198.89990234375,3198.89990234375,3100.0,3116.60009765625,3094.78955078125,2673.0
2024-07-09,3147.10009765625,3282.89990234375,3100.0,3265.60009765625,3242.746826171875,7501.0
2024-07-10,3268.0,3323.949951171875,3132.050048828125,3166.14990234375,3143.992919921875,3339.0
2024-07-11,3166.14990234375,3489.89990234375,3148.050048828125,3392.449951171875,3368.709228515625,18027.0
2024-07-12,3410.0,3461.39990234375,3350.10009765625,3393.14990234375,3369.404052734375,4618.0
2024-07-15,3393.14990234375,3410.0,3325.0,3336.550048828125,3313.200439453125,2102.0
2024-07-16,3369.89990234375,3398.89990234375,3272.10009765625,3295.050048828125,3271.99072265625,3534.0
2024-07-18,3295.050048828125,3300.64990234375,3192.35009765625,3199.75,3177.357666015625,3612.0
2024-07-19,3231.75,3231.75,3075.0,3084.85009765625,3063.261962890625,4960.0
2024-07-22,3090.0,3183.800048828125,3088.050048828125,3156.60009765625,3134.509765625,2178.0
2024-07-23,3180.0,3180.0,3010.10009765625,3112.85009765625,3091.06591796875,5288.0
2024-07-24,3131.39990234375,3166.14990234375,3038.050048828125,3084.699951171875,3063.11279296875,4001.0
2024-07-25,3077.14990234375,3200.0,3077.14990234375,3113.60009765625,3091.810546875,2497.0
2024-07-26,3056.5,3180.0,3052.050048828125,3107.39990234375,3085.65380859375,2452.0
2024-07-29,3132.39990234375,3256.5,3118.050048828125,3219.75,3197.2177734375,6187.0
2024-07-30,3223.5,3235.0,3150.0,3205.14990234375,3182.7197265625,2579.0
2024-07-31,3235.0,3300.0,3200.0,3209.39990234375,3186.93994140625,4553.0
2024-08-01,3230.89990234375,3230.89990234375,3151.0,3167.5,3145.333251953125,2443.0
2024-08-02,3197.0,3197.0,3100.0,3159.949951171875,3137.836181640625,2313.0
2024-08-05,3081.0,3284.800048828125,3011.89990234375,3183.64990234375,3161.3701171875,9066.0
2024-08-06,3150.0,3287.0,3125.0,3148.550048828125,3126.515869140625,4325.0
2024-08-07,3155.300048828125,3255.0,3154.60009765625,3250.449951171875,3227.702880859375,1430.0
2024-08-08,3165.0,3216.449951171875,3115.050048828125,3182.25,3159.97998046875,2073.0
2024-08-09,3225.199951171875,3250.0,3121.300048828125,3154.75,3132.672607421875,3145.0
2024-08-12,3197.300048828125,3197.300048828125,3081.050048828125,3105.300048828125,3083.56884765625,3017.0
2024-08-13,3105.300048828125,3158.949951171875,3072.0,3094.699951171875,3073.042724609375,2291.0
2024-08-14,3097.449951171875,3131.89990234375,3045.14990234375,3067.199951171875,3045.7353515625,1491.0
2024-08-16,3076.35009765625,3155.949951171875,3061.449951171875,3077.39990234375,3055.86376953125,3095.0
2024-08-19,3105.949951171875,3140.949951171875,3035.10009765625,3086.10009765625,3064.503173828125,3915.0
2024-08-20,3088.0,3244.0,3050.0,3162.25,3140.119873046875,3446.0
2024-08-21,3205.89990234375,3224.949951171875,3096.89990234375,3148.64990234375,3126.615234375,2150.0
2024-08-22,3150.0,3176.800048828125,3144.050048828125,3173.60009765625,3151.390869140625,876.0
2024-08-23,3270.0,3283.550048828125,3140.199951171875,3185.0,3162.7109375,1475.0
2024-08-26,3185.0,3206.550048828125,3090.0,3110.10009765625,3088.3349609375,1394.0
2024-08-27,3150.0,3152.050048828125,3066.5,3070.85009765625,3049.35986328125,1181.0
2024-08-28,3070.85009765625,3150.0,3070.85009765625,3109.14990234375,3087.3916015625,4013.0
2024-08-29,3125.0,3175.0,3066.89990234375,3102.64990234375,3080.93701171875,16640.0
2024-08-30,3249.949951171875,3431.949951171875,3160.0,3322.10009765625,3298.8515625,41471.0
2024-09-02,3383.449951171875,3383.449951171875,3283.300048828125,3310.199951171875,3287.03466796875,5864.0
2024-09-03,3265.0,3360.0,3245.0,3316.85009765625,3293.638427734375,3613.0
2024-09-04,3310.0,3439.0,3291.35009765625,3394.550048828125,3370.79443359375,7713.0
2024-09-05,3400.0,3513.300048828125,3379.699951171875,3419.14990234375,3395.22216796875,7003.0
2024-09-06,3489.0,3500.0,3352.0,3478.449951171875,3454.107177734375,6194.0
2024-09-09,3501.85009765625,3594.050048828125,3352.0,3389.64990234375,3365.9287109375,7191.0
2024-09-10,3423.550048828125,3423.550048828125,3318.89990234375,3354.550048828125,3331.074462890625,4276.0
2024-09-11,3376.800048828125,3400.449951171875,3313.14990234375,3373.0,3349.395263671875,2678.0
2024-09-12,3392.0,3403.10009765625,3324.050048828125,3388.85009765625,3365.134521484375,2190.0
2024-09-13,3376.0,3461.199951171875,3350.0,3353.699951171875,3342.5595703125,3986.0
2024-09-16,3385.0,3449.699951171875,3360.550048828125,3369.699951171875,3358.50634765625,3386.0
2024-09-17,3400.0,3400.0,3256.64990234375,3267.300048828125,3256.446533203125,1684.0
2024-09-18,3265.0,3330.0,3191.10009765625,3312.449951171875,3301.446533203125,3124.0
2024-09-19,3339.0,3345.75,3200.0,3263.050048828125,3252.210693359375,2689.0
2024-09-20,3285.0,3343.75,3251.14990234375,3294.699951171875,3283.755615234375,1988.0
2024-09-23,3316.0,3623.800048828125,3268.050048828125,3509.5,3497.842041015625,27363.0
2024-09-24,3460.0,3551.10009765625,3460.0,3499.64990234375,3488.024658203125,10429.0
2024-09-25,3500.0,3568.199951171875,3487.199951171875,3504.64990234375,3493.008056640625,4533.0
2024-09-26,3516.85009765625,3574.699951171875,3498.5,3565.35009765625,3553.506591796875,4166.0
2024-09-27,3580.699951171875,3740.0,3500.0,3619.89990234375,3607.875244140625,12749.0
2024-09-30,3669.0,3739.89990234375,3600.0,3709.14990234375,3696.828857421875,5865.0
2024-10-01,3725.199951171875,3797.0,3700.0,3711.449951171875,3699.12109375,3832.0
2024-10-03,3719.0,3719.0,3618.0,3697.75,3685.466796875,4805.0
2024-10-04,3700.0,3800.0,3700.0,3754.050048828125,3741.579833984375,5342.0
2024-10-07,3789.949951171875,3789.949951171875,3698.75,3719.75,3707.3935546875,4441.0
2024-10-08,3655.0,3749.949951171875,3655.0,3727.0,3714.61962890625,1508.0
2024-10-09,3725.60009765625,3740.89990234375,3700.0,3706.25,3693.9384765625,1276.0
2024-10-10,3750.0,3900.0,3702.199951171875,3888.14990234375,3875.234130859375,8734.0
2024-10-11,3938.0,3949.0,3777.0,3817.75,3805.068115234375,3659.0
2024-10-14,3850.0,3993.0,3753.5,3819.64990234375,3806.961669921875,3246.0
2024-10-15,3785.0,3950.0,3701.0,3896.60009765625,3883.65625,3626.0
2024-10-16,3878.0,3899.949951171875,3770.10009765625,3787.199951171875,3774.61962890625,1566.0
2024-10-17,3803.64990234375,3803.64990234375,3700.0,3716.85009765625,3704.50341796875,1794.0
2024-10-18,3724.5,3792.949951171875,3700.0,3760.85009765625,3748.357177734375,1416.0
2024-10-21,3776.85009765625,3788.35009765625,3700.0,3700.550048828125,3688.257568359375,1486.0
2024-10-22,3724.800048828125,3726.449951171875,3698.699951171875,3700.10009765625,3687.80908203125,2429.0
2024-10-23,3701.050048828125,3748.89990234375,3698.0,3728.800048828125,3716.41357421875,2114.0
2024-10-24,3748.85009765625,3773.949951171875,3699.0,3702.5,3690.200927734375,963.0
2024-10-25,3750.0,3750.0,3317.300048828125,3512.10009765625,3500.43359375,6691.0
2024-10-28,3535.0,3580.5,3471.550048828125,3526.60009765625,3514.88525390625,1613.0
2024-10-29,3521.5,3613.89990234375,3500.0,3518.35009765625,3506.662841796875,2030.0
2024-10-30,3537.75,3714.14990234375,3500.0,3509.39990234375,3497.7421875,2145.0
2024-10-31,3545.14990234375,3545.25,3500.0,3508.199951171875,3496.54638671875,730.0
2024-11-01,3533.800048828125,3560.0,3490.0,3518.35009765625,3506.662841796875,485.0
2024-11-04,3528.64990234375,3548.0,3499.699951171875,3502.550048828125,3490.915283203125,1653.0
2024-11-05,3539.0,3552.0,3495.0,3505.10009765625,3493.456787109375,5229.0
2024-11-06,3515.35009765625,3546.949951171875,3500.0,3515.75,3504.0712890625,604.0
2024-11-07,3526.0,3544.25,3500.0,3501.449951171875,3489.81884765625,2198.0
2024-11-08,3511.699951171875,3545.949951171875,3498.0,3501.449951171875,3489.81884765625,1975.0
2024-11-11,3504.449951171875,3526.300048828125,3488.0,3500.39990234375,3488.772216796875,2051.0
2024-11-12,3500.35009765625,3531.89990234375,3500.0,3500.25,3488.622802734375,1850.0
2024-11-13,3505.699951171875,3600.0,3301.050048828125,3367.949951171875,3356.76220703125,2593.0
2024-11-14,3435.14990234375,3495.85009765625,3223.25,3436.39990234375,3424.98486328125,3638.0
2024-11-18,3406.0,3449.0,3396.0,3423.199951171875,3411.82861328125,1259.0
2024-11-19,3424.14990234375,3469.449951171875,3400.0,3404.89990234375,3393.58935546875,1416.0
2024-11-21,3408.699951171875,3419.949951171875,3398.0,3401.10009765625,3389.80224609375,1617.0
2024-11-22,3400.0,3441.14990234375,3400.0,3406.35009765625,3395.034912109375,663.0
2024-11-25,3419.75,3466.89990234375,3401.0,3458.75,3447.2607421875,378.0
2024-11-26,3506.449951171875,3549.949951171875,3436.449951171875,3504.25,3492.609375,1883.0
2024-11-27,3501.35009765625,3575.39990234375,3500.0,3517.5,3505.8154296875,575.0
2024-11-28,3520.199951171875,3588.0,3500.0,3506.800048828125,3495.151123046875,546.0
2024-11-29,3480.050048828125,3532.85009765625,3480.050048828125,3505.75,3494.1044921875,462.0
2024-12-02,3480.0,3540.300048828125,3480.0,3504.39990234375,3492.7587890625,1755.0
2024-12-03,3493.699951171875,3568.449951171875,3492.14990234375,3518.699951171875,3507.011474609375,582.0
2024-12-04,3528.0,3788.0,3526.550048828125,3730.39990234375,3718.008056640625,4665.0
2024-12-05,3700.0,3800.0,3663.0,3736.0,3723.589599609375,2454.0
2024-12-06,3700.0,3851.949951171875,3700.0,3834.14990234375,3821.41357421875,2212.0
2024-12-09,3870.0,3870.0,3763.050048828125,3799.550048828125,3786.9287109375,1013.0
2024-12-10,3730.0,3837.0,3705.050048828125,3734.25,3721.845458984375,841.0
2024-12-11,3745.0,3753.85009765625,3680.64990234375,3708.449951171875,3696.131103515625,379.0
2024-12-12,3700.5,3800.0,3630.050048828125,3732.300048828125,3719.902099609375,729.0
2024-12-13,3702.10009765625,3716.949951171875,3606.75,3638.64990234375,3626.56298828125,636.0
2024-12-16,3636.0,3655.0,3501.0,3522.14990234375,3510.449951171875,793.0
2024-12-17,3501.0,3569.949951171875,3487.39990234375,3527.25,3515.533203125,625.0
2024-12-18,3531.14990234375,3641.89990234375,3531.10009765625,3572.89990234375,3561.03125,619.0
2024-12-19,3566.5,3732.300048828125,3500.0,3701.949951171875,3689.65283203125,1776.0
2024-12-20,3700.0,3745.0,3617.10009765625,3690.35009765625,3678.09130859375,1498.0
2024-12-23,3658.0,3730.949951171875,3533.75,3658.89990234375,3646.74560546875,1321.0
2024-12-24,3650.10009765625,3800.0,3650.10009765625,3733.10009765625,3720.699462890625,551.0
2024-12-26,3732.0,3745.64990234375,3650.0,3651.800048828125,3639.66943359375,478.0
2024-12-27,3671.0,3695.0,3650.0,3651.85009765625,3639.71923828125,701.0
2024-12-30,3660.0,3690.0,3650.0,3655.10009765625,3642.95849609375,972.0
2024-12-31,3650.39990234375,3689.39990234375,3650.0,3670.449951171875,3658.25732421875,321.0
2025-01-01,3677.550048828125,3699.0,3650.0,3660.699951171875,3648.539794921875,138.0
2025-01-02,3659.949951171875,3788.60009765625,3659.949951171875,3677.14990234375,3664.93505859375,626.0
2025-01-03,3694.949951171875,3724.89990234375,3650.0,3660.35009765625,3648.191162109375,518.0
2025-01-06,3659.75,3695.449951171875,3650.0,3651.800048828125,3639.66943359375,581.0
2025-01-07,3650.0,3700.0,3650.0,3678.949951171875,3666.72900390625,257.0
2025-01-08,3672.64990234375,3679.89990234375,3648.0,3651.25,3639.12109375,498.0
2025-01-09,3670.5,3682.5,3650.0,3651.75,3639.61962890625,426.0
2025-01-10,3660.699951171875,3675.0,3648.10009765625,3653.199951171875,3641.064697265625,1023.0
2025-01-13,3575.0,3669.949951171875,3575.0,3650.199951171875,3638.07470703125,1115.0
2025-01-14,3669.39990234375,3830.0,3650.0,3659.0,3646.845458984375,2065.0
2025-01-15,3685.0,3685.0,3650.0,3651.64990234375,3639.519775390625,630.0
2025-01-16,3651.64990234375,3751.949951171875,3650.0,3671.64990234375,3659.453369140625,560.0
2025-01-17,3672.0,3723.449951171875,3650.0,3652.550048828125,3640.4169921875,930.0
2025-01-20,3650.050048828125,3790.0,3650.0,3754.39990234375,3741.928466796875,2057.0
2025-01-21,3790.0,3825.0,3750.0,3803.39990234375,3790.765625,2001.0
2025-01-22,3800.0,3837.0,3800.0,3804.10009765625,3791.463623046875,1344.0
2025-01-23,3801.0,3824.10009765625,3800.0,3804.60009765625,3791.9619140625,533.0
2025-01-24,3800.14990234375,3810.0,3800.0,3800.449951171875,3787.825439453125,1066.0
2025-01-27,3800.0,3929.949951171875,3800.0,3802.5,3789.86865234375,5126.0
2025-01-28,3802.5,3815.949951171875,3350.10009765625,3406.5,3395.18408203125,2651.0
2025-01-29,3407.0,3677.0,3407.0,3611.60009765625,3599.60302734375,2385.0
2025-01-30,3561.0,3655.800048828125,3561.0,3614.300048828125,3602.2939453125,774.0
2025-01-31,3603.25,3684.0,3600.0,3613.89990234375,3601.895263671875,272.0
2025-02-01,3655.949951171875,3660.0,3610.75,3639.64990234375,3627.5595703125,186.0
2025-02-03,3624.85009765625,3676.800048828125,3600.0,3602.39990234375,3590.433349609375,854.0
2025-02-04,3551.050048828125,3780.0,3423.050048828125,3664.949951171875,3652.775634765625,1474.0
2025-02-05,3675.0,3743.89990234375,3648.25,3670.10009765625,3657.90869140625,248.0
2025-02-06,3671.199951171875,3671.199951171875,3600.0,3605.64990234375,3593.672607421875,144.0
2025-02-07,3530.0,3647.949951171875,3530.0,3599.699951171875,3587.742431640625,1056.0
2025-02-10,3645.0,3648.89990234375,3566.60009765625,3599.64990234375,3587.6923828125,1754.0
2025-02-11,3545.0,3648.199951171875,3545.0,3600.800048828125,3588.8388671875,1882.0
2025-02-12,3613.10009765625,3644.75,3587.60009765625,3600.699951171875,3588.739013671875,1267.0
2025-02-13,3627.0,3627.0,3600.0,3606.550048828125,3594.56982421875,173.0
2025-02-14,3600.0,3621.449951171875,3406.800048828125,3499.35009765625,3487.725830078125,3096.0
2025-02-17,3500.14990234375,3532.60009765625,3471.699951171875,3500.050048828125,3488.423583984375,1218.0
2025-02-18,3500.0,3681.949951171875,3480.199951171875,3589.14990234375,3577.227294921875,1314.0
2025-02-19,3541.0,3600.0,3499.949951171875,3503.25,3491.61279296875,1128.0
2025-02-20,3523.5,3550.5,3500.0,3501.199951171875,3489.569580078125,163.0
2025-02-21,3522.64990234375,3522.64990234375,3498.050048828125,3500.39990234375,3488.772216796875,985.0
2025-02-24,3434.0,3553.75,3434.0,3500.449951171875,3488.822021484375,639.0
2025-02-25,3425.050048828125,3528.949951171875,3425.050048828125,3508.300048828125,3496.64599609375,387.0
2025-02-27,3516.949951171875,3522.0,3498.25,3500.5,3488.871826171875,413.0
2025-02-28,3519.0,3519.0,3250.0,3252.300048828125,3241.49658203125,956.0
2025-03-03,3000.300048828125,3311.89990234375,3000.300048828125,3270.35009765625,3259.486572265625,881.0
2025-03-04,3262.35009765625,3340.5,3250.0,3270.64990234375,3259.785400390625,619.0
2025-03-05,3311.64990234375,3314.75,3264.85009765625,3293.85009765625,3282.908447265625,201.0
2025-03-06,3310.050048828125,3311.0,3249.85009765625,3270.75,3259.88525390625,849.0
2025-03-07,3283.85009765625,3325.0,3261.25,3310.949951171875,3299.95166015625,503.0
2025-03-10,3211.0,3355.0,3211.0,3287.60009765625,3276.67919921875,508.0
2025-03-11,3250.050048828125,3300.0,3250.0,3296.0,3285.05126953125,219.0
2025-03-12,3311.949951171875,3340.39990234375,3255.0,3278.800048828125,3267.908447265625,264.0
2025-03-13,3201.050048828125,3359.949951171875,3201.050048828125,3252.0,3241.197509765625,996.0
2025-03-17,3201.0,3296.199951171875,3201.0,3250.300048828125,3239.503173828125,868.0
2025-03-18,3250.300048828125,3250.300048828125,3250.300048828125,3250.300048828125,3239.503173828125,0.0
2025-03-19,3384.0,3501.0,3362.0,3500.10009765625,3488.473388671875,1595.0
2025-03-20,3402.0,3690.0,3402.0,3633.550048828125,3621.47998046875,1048.0
2025-03-21,3631.449951171875,3725.0,3631.449951171875,3694.800048828125,3682.526611328125,364.0
2025-03-24,3694.85009765625,3865.0,3694.85009765625,3839.60009765625,3826.845703125,1087.0
2025-03-25,3790.0,3899.0,3767.949951171875,3797.89990234375,3785.283935546875,2267.0
2025-03-26,3824.949951171875,3912.0,3800.0,3819.449951171875,3806.762451171875,1162.0
2025-03-27,3832.949951171875,3849.5,3680.300048828125,3706.199951171875,3693.888671875,602.0
2025-03-28,3718.75,3730.85009765625,3600.0,3634.85009765625,3622.775634765625,452.0
2025-04-01,3634.85009765625,3841.39990234375,3581.550048828125,3789.199951171875,3776.61279296875,641.0
2025-04-02,3750.050048828125,3769.800048828125,3700.0,3706.699951171875,3694.386962890625,513.0
2025-04-03,3611.0,3864.949951171875,3611.0,3814.199951171875,3801.52978515625,1769.0
2025-04-04,3781.0,3814.949951171875,3650.0,3687.64990234375,3675.400146484375,619.0
2025-04-07,3421.0,3820.0,3333.0,3707.25,3694.93505859375,4101.0
2025-04-08,3755.300048828125,3799.0,3720.0,3745.60009765625,3733.157958984375,210.0
2025-04-09,3730.60009765625,3749.0,3699.89990234375,3726.949951171875,3714.569580078125,424.0
2025-04-11,3760.0,3760.0,3700.0,3709.89990234375,3697.576171875,378.0
2025-04-15,3700.10009765625,3897.0,3700.0,3853.10009765625,3840.30078125,1032.0
2025-04-16,3900.0,3900.0,3775.0,3799.5,3786.878662109375,700.0
2025-04-17,3814.0,3814.0,3706.0,3742.5,3730.068115234375,215.0
2025-04-21,3701.300048828125,3889.60009765625,3700.0,3788.60009765625,3776.01513671875,1877.0
2025-04-22,3748.199951171875,3840.5,3729.199951171875,3802.89990234375,3790.267333984375,438.0
2025-04-23,3848.39990234375,3897.0,3816.10009765625,3879.800048828125,3866.912109375,1535.0
2025-04-24,3915.0,4211.0,3879.800048828125,4135.7998046875,4122.0615234375,9668.0
2025-04-25,4175.0,4209.10009765625,4024.800048828125,4109.7998046875,4096.14794921875,3798.0
2025-04-28,4109.7998046875,4140.0,4054.10009765625,4101.89990234375,4088.274169921875,1717.0
2025-04-29,4120.60009765625,4250.0,4118.2001953125,4125.2001953125,4111.4970703125,1164.0
2025-04-30,4133.0,4171.89990234375,3950.10009765625,4107.7001953125,4094.05517578125,17011.0
2025-05-02,4159.89990234375,4400.0,4108.5,4168.2998046875,4154.45361328125,4043.0
2025-05-05,4115.7001953125,4167.10009765625,4110.0,4146.2998046875,4132.5263671875,1076.0
2025-05-06,4153.89990234375,4159.7001953125,4001.300048828125,4060.800048828125,4047.310791015625,1478.0
2025-05-07,3999.89990234375,4130.0,3880.10009765625,3907.39990234375,3894.420166015625,1735.0
2025-05-08,3907.39990234375,4064.5,3907.39990234375,4000.699951171875,3987.410400390625,1304.0
2025-05-09,3994.10009765625,4150.0,3900.0,3908.0,3895.018310546875,12121.0
2025-05-12,3906.10009765625,4025.0,3900.0,3968.0,3954.819091796875,1612.0
2025-05-13,3972.699951171875,4100.0,3929.800048828125,4096.7001953125,4083.091552734375,1895.0
2025-05-14,4100.0,4143.89990234375,3971.0,4015.39990234375,4002.0615234375,2231.0
2025-05-15,4030.0,4319.89990234375,4015.39990234375,4292.89990234375,4278.6396484375,3016.0
2025-05-16,4292.0,4444.0,4251.0,4303.10009765625,4288.80615234375,2306.0
2025-05-19,4367.60009765625,4403.89990234375,4210.89990234375,4299.10009765625,4284.8193359375,1611.0
2025-05-20,4356.0,4390.0,4275.2001953125,4310.7998046875,4296.47998046875,1265.0
2025-05-21,4351.7001953125,4373.7998046875,4236.39990234375,4290.7001953125,4276.447265625,906.0
2025-05-22,4259.2998046875,4347.0,4246.10009765625,4321.7001953125,4307.34423828125,629.0
2025-05-23,4350.0,4350.0,4273.2998046875,4307.7998046875,4293.490234375,643.0
2025-05-26,4307.7998046875,4345.89990234375,4252.10009765625,4268.89990234375,4254.71923828125,616.0
2025-05-27,4276.0,4319.89990234375,4215.60009765625,4264.0,4249.8359375,737.0
2025-05-28,4262.7001953125,4350.0,4191.89990234375,4257.60009765625,4243.45703125,980.0
2025-05-29,4316.0,4350.0,4211.0,4258.0,4243.85546875,424.0
2025-05-30,4254.39990234375,4289.60009765625,4140.0,4189.10009765625,4175.1845703125,505.0
2025-06-02,4172.0,4201.2001953125,4025.10009765625,4050.699951171875,4037.244140625,1438.0
2025-06-03,4104.0,4132.5,3900.0,3942.89990234375,3929.80224609375,1541.0
2025-06-04,3905.0,4031.89990234375,3900.0,3915.199951171875,3902.1943359375,2366.0
2025-06-05,3954.39990234375,4000.0,3900.0,3905.60009765625,3892.62646484375,5420.0
2025-06-06,3950.0,3975.800048828125,3925.10009765625,3944.39990234375,3931.29736328125,719.0
2025-06-09,3989.800048828125,4056.0,3966.5,4000.300048828125,3987.01171875,10093.0
2025-06-10,4041.60009765625,4173.89990234375,3964.199951171875,4087.699951171875,4074.121337890625,3613.0
2025-06-11,4141.5,4141.5,4016.10009765625,4056.199951171875,4042.72607421875,9022.0
2025-06-12,4096.7998046875,4100.0,3900.0,3913.0,3900.001708984375,4197.0
2025-06-13,3889.89990234375,3964.5,3889.89990234375,3902.39990234375,3889.436767578125,1647.0
2025-06-16,3863.39990234375,3957.39990234375,3863.39990234375,3901.39990234375,3888.440185546875,1039.0
2025-06-17,3949.89990234375,3969.89990234375,3902.0,3912.800048828125,3899.802490234375,650.0
2025-06-18,3951.89990234375,3964.39990234375,3901.0,3905.0,3892.0283203125,782.0
2025-06-19,3944.0,3956.39990234375,3900.0,3902.800048828125,3889.835693359375,904.0
2025-06-20,3912.0,3925.300048828125,3902.800048828125,3903.60009765625,3890.633056640625,332.0
2025-06-23,3903.60009765625,3940.10009765625,3900.0,3903.5,3890.533203125,1277.0
2025-06-24,3954.89990234375,3954.89990234375,3900.199951171875,3911.300048828125,3898.307373046875,594.0
2025-06-25,3949.0,3949.0,3900.0,3904.0,3891.031494140625,1661.0
2025-06-26,3923.60009765625,3947.0,3900.10009765625,3905.5,3892.526611328125,422.0
2025-06-27,3930.0,3952.5,3910.10009765625,3929.60009765625,3916.546630859375,445.0
2025-06-30,3929.60009765625,4022.60009765625,3901.10009765625,3907.5,3894.52001953125,1688.0
2025-07-01,3948.0,3948.0,3900.10009765625,3901.60009765625,3888.6396484375,1096.0
2025-07-02,3953.0,3988.5,3900.0,3915.699951171875,3902.692626953125,9123.0
2025-07-03,3963.0,3963.10009765625,3875.0,3903.10009765625,3890.134765625,1573.0
2025-07-04,3912.199951171875,3913.89990234375,3893.5,3900.60009765625,3887.64306640625,5477.0
2025-07-07,3899.60009765625,3942.39990234375,3876.39990234375,3900.199951171875,3887.244140625,1994.0
2025-07-08,3900.10009765625,3929.60009765625,3881.10009765625,3908.5,3895.5166015625,1185.0
2025-07-09,3912.199951171875,3931.10009765625,3900.0,3901.10009765625,3888.141357421875,511.0
2025-07-10,3929.0,3929.0,3748.10009765625,3775.5,3762.95849609375,2336.0
2025-07-11,3741.10009765625,3825.5,3741.10009765625,3772.800048828125,3760.267578125,1096.0
2025-07-14,3810.5,3812.89990234375,3730.5,3750.39990234375,3737.941650390625,2806.0
2025-07-15,3799.5,3800.0,3682.89990234375,3745.800048828125,3733.357177734375,1269.0
2025-07-16,3793.5,3793.5,3750.0,3751.800048828125,3739.337158203125,569.0
2025-07-17,3750.10009765625,3799.800048828125,3750.10009765625,3791.0,3778.406982421875,835.0
2025-07-18,3797.699951171875,3819.0,3757.60009765625,3783.800048828125,3771.23095703125,597.0
2025-07-21,3752.199951171875,3799.89990234375,3750.0,3751.39990234375,3738.9384765625,452.0
2025-07-22,3751.0,3799.0,3750.0,3755.699951171875,3743.22412109375,366.0
2025-07-23,3780.699951171875,3794.5,3750.0,3750.0,3737.543212890625,1854.0
2025-07-24,3795.0,3795.0,3750.0,3750.0,3737.543212890625,486.0
2025-07-25,3750.199951171875,3794.0,3750.0,3770.800048828125,3758.274169921875,801.0
2025-07-28,3770.0,3809.10009765625,3750.0,3763.199951171875,3750.69921875,1056.0
2025-07-29,3763.199951171875,3794.89990234375,3750.0,3751.39990234375,3738.9384765625,297.0
2025-07-30,3777.699951171875,3777.699951171875,3750.39990234375,3768.0,3755.4833984375,210.0
2025-07-31,3768.0,3797.39990234375,3750.0,3758.199951171875,3745.7158203125,324.0
2025-08-01,3798.0,3871.39990234375,3750.0,3801.199951171875,3788.572998046875,618.0
2025-08-04,3851.0,3851.0,3750.0,3758.60009765625,3746.11474609375,732.0
2025-08-05,3798.800048828125,3810.0,3750.0,3751.800048828125,3739.337158203125,708.0
2025-08-06,3709.0,3798.0,3709.0,3750.300048828125,3737.84228515625,561.0
2025-08-07,3799.0,3800.0,3750.0,3752.89990234375,3740.433349609375,1232.0
2025-08-08,3760.0,3785.0,3750.5,3768.89990234375,3756.38037109375,158.0
2025-08-11,3665.0,3783.800048828125,3665.0,3750.800048828125,3738.340576171875,972.0
2025-08-12,3752.800048828125,3787.5,3750.0,3750.699951171875,3738.24072265625,308.0
2025-08-13,3800.0,3800.0,3750.0,3750.300048828125,3737.84228515625,454.0
2025-08-14,3754.10009765625,3776.89990234375,3750.0,3750.199951171875,3737.742431640625,120.0
2025-08-18,3777.0,3777.0,3750.0,3750.89990234375,3738.440185546875,533.0
2025-08-19,3752.10009765625,3795.0,3750.0,3753.10009765625,3740.633056640625,369.0
2025-08-20,3753.300048828125,3799.89990234375,3750.0,3754.199951171875,3741.729248046875,624.0
2025-08-21,3784.89990234375,3784.89990234375,3751.39990234375,3763.0,3750.5,234.0
2025-08-22,3752.300048828125,3799.199951171875,3750.0,3755.199951171875,3755.199951171875,246.0
2025-08-25,3760.10009765625,3770.0,3750.0,3755.5,3755.5,258.0
2025-08-26,3738.300048828125,3768.60009765625,3736.10009765625,3754.699951171875,3754.699951171875,496.0
2025-08-28,3768.89990234375,3768.89990234375,3738.800048828125,3749.60009765625,3749.60009765625,330.0
2025-08-29,3749.60009765625,3760.0,3730.0,3744.300048828125,3744.300048828125,209.0
2025-09-01,3744.300048828125,3761.800048828125,3603.5,3636.0,3636.0,879.0
2025-09-02,3633.0,3824.0,3633.0,3684.800048828125,3684.800048828125,3305.0
2025-09-03,3721.60009765625,3770.0,3639.89990234375,3676.39990234375,3676.39990234375,2837.0
2025-09-04,3708.800048828125,3708.800048828125,3650.0,3650.60009765625,3650.60009765625,2588.0
2025-09-05,3650.300048828125,3689.0,3625.60009765625,3651.89990234375,3651.89990234375,928.0
2025-09-08,3651.0,3691.800048828125,3628.199951171875,3646.60009765625,3646.60009765625,657.0
2025-09-09,3671.60009765625,3671.60009765625,3640.10009765625,3649.89990234375,3649.89990234375,470.0
2025-09-10,3640.39990234375,3669.300048828125,3640.10009765625,3647.89990234375,3647.89990234375,383.0
2025-09-11,3667.0,3750.0,3600.10009765625,3712.5,3712.5,1418.0
2025-09-12,3712.5,3820.0,3671.699951171875,3735.10009765625,3735.10009765625,620.0
2025-09-15,3676.0,3825.800048828125,3676.0,3760.199951171875,3760.199951171875,735.0
2025-09-16,3798.0,3808.699951171875,3729.0,3749.0,3749.0,743.0
2025-09-17,3749.0,3792.89990234375,3654.0,3666.800048828125,3666.800048828125,605.0
2025-09-18,3700.0,3700.0,3650.0,3650.10009765625,3650.10009765625,2300.0
2025-09-19,3677.89990234375,3689.800048828125,3650.0,3650.199951171875,3650.199951171875,817.0
2025-09-22,3696.89990234375,3750.0,3651.0,3677.0,3677.0,890.0
2025-09-23,3713.800048828125,3713.800048828125,3655.199951171875,3678.10009765625,3678.10009765625,153.0
2025-09-24,3686.10009765625,3692.89990234375,3650.0,3663.0,3663.0,205.0
2025-09-25,3665.5,3675.0,3615.5,3651.39990234375,3651.39990234375,458.0
2025-09-26,3669.699951171875,3681.800048828125,3650.0,3650.199951171875,3650.199951171875,670.0
2025-09-29,3650.5,3680.0,3600.0,3650.5,3650.5,2889.0
2025-09-30,3650.800048828125,3693.300048828125,3650.0,3651.300048828125,3651.300048828125,177.0
2025-10-01,3669.10009765625,3696.0,3650.0,3653.5,3653.5,181.0
2025-10-03,3700.0,3700.0,3501.0,3538.199951171875,3538.199951171875,4081.0
2025-10-06,3431.800048828125,3431.800048828125,3105.199951171875,3359.199951171875,3359.199951171875,31678.0
2025-10-07,3340.0,3374.89990234375,3281.199951171875,3303.39990234375,3303.39990234375,3748.0
2025-10-08,3336.39990234375,3350.0,3295.0,3313.699951171875,3313.699951171875,1886.0
2025-10-09,3357.199951171875,3357.199951171875,3265.0,3269.699951171875,3269.699951171875,589.0
2025-10-10,3298.10009765625,3500.0,3260.0,3474.199951171875,3474.199951171875,4114.0
2025-10-13,3497.0,3523.0,3399.89990234375,3403.5,3403.5,1550.0
2025-10-14,3400.0,3425.10009765625,3400.0,3408.199951171875,3408.199951171875,681.0
2025-10-15,3407.10009765625,3419.89990234375,3399.0,3400.10009765625,3400.10009765625,696.0
2025-10-16,3434.10009765625,3434.10009765625,3400.0,3400.0,3400.0,844.0
2025-10-17,3401.5,3440.0,3400.0,3400.0,3400.0,1148.0
2025-10-20,3400.10009765625,3419.5,3385.0,3400.0,3400.0,603.0
2025-10-21,3400.10009765625,3442.699951171875,3350.0,3384.60009765625,3384.60009765625,359.0
2025-10-23,3400.0,3518.0,3400.0,3500.60009765625,3500.60009765625,1143.0
2025-10-24,3514.89990234375,3516.39990234375,3416.199951171875,3500.89990234375,3500.89990234375,536.0
2025-10-27,3516.10009765625,3621.10009765625,3516.10009765625,3605.199951171875,3605.199951171875,2216.0
2025-10-28,3556.10009765625,3614.89990234375,3556.10009765625,3604.0,3604.0,453.0
2025-10-29,3618.699951171875,3618.89990234375,3601.0,3607.5,3607.5,289.0
2025-10-30,3619.5,3619.5,3584.10009765625,3600.800048828125,3600.800048828125,410.0
2025-10-31,3607.10009765625,3610.0,3580.39990234375,3600.39990234375,3600.39990234375,544.0
2025-11-03,3602.10009765625,3608.5,3600.0,3600.0,3600.0,119.0
2025-11-04,3600.0,3604.199951171875,3570.10009765625,3598.199951171875,3598.199951171875,555.0
2025-11-06,3599.0,3608.10009765625,3598.89990234375,3600.0,3600.0,552.0
2025-11-07,3600.10009765625,3615.800048828125,3600.0,3601.10009765625,3601.10009765625,201.0
2025-11-10,3695.0,3699.0,3621.199951171875,3654.10009765625,3654.10009765625,822.0
2025-11-11,3654.199951171875,3654.199951171875,3599.0,3603.199951171875,3603.199951171875,487.0
2025-11-12,3645.0,3645.0,3590.0,3598.5,3598.5,140.0
2025-11-13,3613.199951171875,3634.5,3600.0,3600.60009765625,3600.60009765625,212.0
2025-11-14,3624.39990234375,3624.39990234375,3600.0,3603.10009765625,3603.10009765625,117.0
2025-11-17,3644.300048828125,3644.300048828125,3599.0,3601.60009765625,3601.60009765625,300.0
2025-11-18,3648.89990234375,3679.89990234375,3600.0,3603.5,3603.5,1217.0
2025-11-19,3651.0,3701.0,3564.0,3672.300048828125,3672.300048828125,1066.0
2025-11-20,3641.300048828125,3672.300048828125,3633.60009765625,3654.60009765625,3654.60009765625,68.0
2025-11-21,3639.0,3640.0,3610.89990234375,3639.300048828125,3639.300048828125,70.0
2025-11-24,3636.0,3658.0,3599.5,3600.800048828125,3600.800048828125,293.0
2025-11-25,3627.699951171875,3627.699951171875,3600.0,3601.800048828125,3601.800048828125,1243.0
2025-11-26,3601.800048828125,3631.39990234375,3600.0,3604.300048828125,3604.300048828125,240.0
2025-11-27,3599.699951171875,3699.89990234375,3586.10009765625,3644.89990234375,3644.89990234375,805.0
2025-11-28,3601.300048828125,3638.0,3600.0,3601.5,3601.5,194.0
2025-12-01,3637.300048828125,3637.300048828125,3600.0,3600.0,3600.0,1539.0
2025-12-02,3622.199951171875,3622.39990234375,3600.0,3600.0,3600.0,140.0
2025-12-03,3615.699951171875,3620.0,3599.0,3600.199951171875,3600.199951171875,477.0
2025-12-04,3620.800048828125,3620.800048828125,3600.0,3600.800048828125,3600.800048828125,410.0
2025-12-05,3590.5,3623.89990234375,3590.5,3600.0,3600.0,366.0
2025-12-08,3600.39990234375,3619.89990234375,3600.0,3600.10009765625,3600.10009765625,1336.0
2025-12-09,3619.699951171875,3619.699951171875,3600.0,3601.39990234375,3601.39990234375,535.0
2025-12-10,3628.5,3628.5,3571.300048828125,3593.5,3593.5,256.0
2025-12-11,3591.300048828125,3615.699951171875,3571.0,3600.39990234375,3600.39990234375,267.0
2025-12-12,3568.300048828125,3642.0,3568.300048828125,3638.10009765625,3638.10009765625,404.0
2025-12-15,3649.5,3649.5,3600.0,3603.5,3603.5,571.0
2025-12-16,3615.800048828125,3625.0,3600.0,3600.300048828125,3600.300048828125,328.0
2025-12-17,3614.89990234375,3625.5,3580.0,3601.800048828125,3601.800048828125,368.0
2025-12-18,3606.199951171875,3650.0,3600.199951171875,3628.5,3628.5,266.0
2025-12-19,3627.300048828125,3627.300048828125,3601.0,3606.0,3606.0,71.0
2025-12-22,3627.60009765625,3627.60009765625,3600.0,3601.300048828125,3601.300048828125,161.0
2025-12-23,3618.300048828125,3627.199951171875,3600.0,3601.800048828125,3601.800048828125,208.0
2025-12-24,3623.699951171875,3639.0,3601.800048828125,3638.39990234375,3638.39990234375,131.0
2025-12-26,3638.300048828125,3638.300048828125,3600.0,3607.0,3607.0,209.0
2025-12-29,3601.0,3628.0,3600.0,3600.800048828125,3600.800048828125,194.0
2025-12-30,3634.699951171875,3634.699951171875,3600.0,3600.0,3600.0,2716.0
2025-12-31,3639.0,3639.0,3600.0,3600.199951171875,3600.199951171875,1619.0
2026-01-01,3640.0,3640.0,3600.0,3600.60009765625,3600.60009765625,418.0
2026-01-02,3624.60009765625,3650.0,3600.0,3602.39990234375,3602.39990234375,400.0
2026-01-05,3602.39990234375,3716.89990234375,3600.0,3664.199951171875,3664.199951171875,931.0
2026-01-06,3633.0,3659.800048828125,3610.0,3618.199951171875,3618.199951171875,63.0
2026-01-07,3632.300048828125,3680.10009765625,3540.0,3603.60009765625,3603.60009765625,3123.0
2026-01-08,3604.10009765625,3636.39990234375,3586.699951171875,3601.10009765625,3601.10009765625,342.0
2026-01-09,3611.39990234375,3624.800048828125,3581.0,3601.39990234375,3601.39990234375,356.0
2026-01-12,3601.0,3619.800048828125,3598.5,3600.199951171875,3600.199951171875,455.0
2026-01-13,3612.699951171875,3612.699951171875,3600.0,3600.5,3600.5,50.0
2026-01-14,3609.60009765625,3609.60009765625,3592.10009765625,3600.5,3600.5,83.0
2026-01-16,3600.39990234375,3623.699951171875,3560.0,3590.800048828125,3590.800048828125,380.0
2026-01-19,3590.0,3640.0,3566.0,3600.199951171875,3600.199951171875,668.0
2026-01-20,3615.699951171875,3629.89990234375,3594.10009765625,3599.800048828125,3599.800048828125,782.0
2026-01-21,3527.0,3641.89990234375,3527.0,3591.39990234375,3591.39990234375,1669.0
2026-01-22,3614.5,3617.60009765625,3562.5,3596.0,3596.0,786.0
2026-01-23,3607.60009765625,3619.39990234375,3510.0,3588.60009765625,3588.60009765625,1675.0
2026-01-27,3600.0,3636.0,3530.199951171875,3601.199951171875,3601.199951171875,2100.0
2026-01-28,3612.800048828125,3612.800048828125,3582.5,3597.89990234375,3597.89990234375,333.0
2026-01-29,3600.0,3619.0,3588.5,3599.199951171875,3599.199951171875,430.0
2026-01-30,3510.0,3615.0,3510.0,3596.800048828125,3596.800048828125,855.0
2026-02-02,3565.60009765625,3606.0,3565.60009765625,3596.39990234375,3596.39990234375,282.0
2026-02-03,3719.0,3719.0,3590.199951171875,3616.5,3616.5,363.0
2026-02-04,3624.300048828125,3624.300048828125,3585.60009765625,3600.5,3600.5,658.0
2026-02-05,3600.10009765625,3609.89990234375,3590.10009765625,3600.0,3600.0,1126.0
2026-02-06,3627.5,3849.0,3541.10009765625,3592.300048828125,3592.300048828125,5967.0
2026-02-09,3593.10009765625,3631.800048828125,3588.300048828125,3605.10009765625,3605.10009765625,433.0
2026-02-10,3611.5,3628.800048828125,3560.0,3598.5,3598.5,676.0
2026-02-11,3600.10009765625,3614.10009765625,3595.199951171875,3601.39990234375,3601.39990234375,223.0
2026-02-12,3603.300048828125,3610.5,3591.0,3595.60009765625,3595.60009765625,170.0
2026-02-13,3598.60009765625,3610.0,3555.0,3581.39990234375,3581.39990234375,565.0
2026-02-16,3598.0,3609.89990234375,3550.0,3579.5,3579.5,758.0
2026-02-17,3598.800048828125,3605.199951171875,3592.10009765625,3603.699951171875,3603.699951171875,248.0
2026-02-18,3585.699951171875,3633.0,3582.89990234375,3599.800048828125,3599.800048828125,519.0
2026-02-19,3599.10009765625,3619.60009765625,3582.60009765625,3599.5,3599.5,216.0
2026-02-20,3600.10009765625,3622.39990234375,3599.199951171875,3601.0,3601.0,176.0
2026-02-23,3598.39990234375,3619.89990234375,3593.5,3602.699951171875,3602.699951171875,154.0
2026-02-24,3602.699951171875,3621.0,3590.300048828125,3608.39990234375,3608.39990234375,683.0
2026-02-25,3603.300048828125,3618.0,3580.10009765625,3599.0,3599.0,138.0
2026-02-26,3608.89990234375,3617.10009765625,3599.199951171875,3613.60009765625,3613.60009765625,342.0
2026-02-27,3617.699951171875,3640.0,3599.300048828125,3605.39990234375,3605.39990234375,621.0
2026-03-02,3457.0,3605.39990234375,3457.0,3601.199951171875,3601.199951171875,216.0
2026-03-04,3598.60009765625,3826.0,3565.5,3599.60009765625,3599.60009765625,3643.0
2026-03-05,3598.0,3630.800048828125,3591.10009765625,3600.10009765625,3600.10009765625,459.0
2026-03-06,3625.0,3625.0,3587.300048828125,3601.300048828125,3601.300048828125,213.0
2026-03-09,3600.0,3648.39990234375,3517.60009765625,3595.300048828125,3595.300048828125,779.0
2026-03-10,3600.199951171875,3623.800048828125,3600.0,3606.0,3606.0,54.0
2026-03-11,3606.199951171875,3635.5,3582.300048828125,3607.699951171875,3607.699951171875,336.0
2026-03-12,3600.10009765625,3626.39990234375,3492.10009765625,3600.10009765625,3600.10009765625,1077.0
2026-03-13,3600.10009765625,3648.89990234375,3551.5,3591.89990234375,3591.89990234375,872.0
2026-03-16,3600.10009765625,3621.5,3591.89990234375,3607.800048828125,3607.800048828125,336.0
2026-03-17,3634.0,3634.0,3600.0,3606.800048828125,3606.800048828125,73.0
2026-03-18,3552.800048828125,3617.5,3552.800048828125,3601.5,3601.5,141.0
2026-03-19,3602.89990234375,3611.89990234375,3556.0,3603.0,3603.0,483.0
2026-03-20,3603.0,3631.699951171875,3600.0,3602.89990234375,3602.89990234375,747.0
2026-03-23,3609.5,3650.10009765625,3552.10009765625,3596.60009765625,3596.60009765625,878.0
2026-03-24,3603.60009765625,3623.699951171875,3600.0,3603.699951171875,3603.699951171875,177.0
2026-03-25,3615.199951171875,3623.5,3600.0,3606.10009765625,3606.10009765625,468.0
2026-03-27,3606.10009765625,3619.0,3536.800048828125,3598.199951171875,3598.199951171875,1253.0
2026-03-30,3600.0,3623.5,3578.10009765625,3594.699951171875,3594.699951171875,729.0
2026-04-01,3600.0,3670.0,3600.0,3650.60009765625,3650.60009765625,1134.0
2026-04-02,3656.0,3711.0,3605.199951171875,3691.699951171875,3691.699951171875,263.0
2026-04-06,3690.0,3690.0,3611.699951171875,3638.60009765625,3638.60009765625,171.0
2026-04-07,3625.300048828125,3694.699951171875,3605.0,3608.199951171875,3608.199951171875,271.0
2026-04-08,3694.0,3694.0,3613.10009765625,3647.89990234375,3647.89990234375,223.0
2026-04-09,3689.5,3689.5,3610.10009765625,3618.5,3618.5,73.0
2026-04-10,3618.60009765625,3660.0,3610.0,3610.0,3610.0,296.0
2026-04-13,3610.0,3640.0,3600.10009765625,3626.199951171875,3626.199951171875,103.0
2026-04-15,3672.39990234375,3672.39990234375,3601.0,3624.300048828125,3624.300048828125,253.0
2026-04-16,3649.89990234375,3650.0,3620.10009765625,3630.0,3630.0,93.0
2026-04-17,3634.199951171875,3638.800048828125,3605.0,3613.39990234375,3613.39990234375,329.0
2026-04-20,3631.89990234375,3645.60009765625,3600.0,3627.300048828125,3627.300048828125,321.0
2026-04-21,3628.0,3650.0,3610.89990234375,3641.300048828125,3641.300048828125,134.0
2026-04-22,3650.0,3650.0,3601.300048828125,3619.0,3619.0,227.0
2026-04-23,3636.10009765625,3684.199951171875,3616.300048828125,3682.60009765625,3682.60009765625,386.0
2026-04-24,3694.699951171875,3694.699951171875,3611.300048828125,3623.699951171875,3623.699951171875,159.0
2026-04-27,3623.699951171875,3653.39990234375,3600.0,3607.800048828125,3607.800048828125,534.0
2026-04-28,3603.10009765625,3605.0,3600.0,3601.0,3601.0,122.0
2026-04-29,3630.39990234375,3645.0,3600.5,3639.699951171875,3639.699951171875,108.0
2026-04-30,3635.10009765625,3799.199951171875,3609.10009765625,3725.39990234375,3725.39990234375,1740.0
2026-05-01,3725.39990234375,3725.39990234375,3725.39990234375,3725.39990234375,3725.39990234375,0.0
2026-05-04,3616.0,3710.0,3600.0,3601.39990234375,3601.39990234375,1508.0
2026-05-05,3611.0,3663.89990234375,3602.300048828125,3618.10009765625,3618.10009765625,404.0
2026-05-06,3593.60009765625,3667.0,3593.60009765625,3603.5,3603.5,695.0
2026-05-07,3605.699951171875,3700.0,3605.699951171875,3685.699951171875,3685.699951171875,1051.0
2026-05-08,3685.699951171875,3715.0,3605.0,3609.0,3609.0,554.0
2026-05-11,3601.0,3672.89990234375,3601.0,3661.60009765625,3661.60009765625,781.0
2026-05-12,3622.0,3646.0,3602.10009765625,3605.5,3605.5,156.0
2026-05-13,3635.0,3672.0,3607.300048828125,3658.60009765625,3658.60009765625,130.0
2026-05-14,3660.0,3662.10009765625,3600.0,3613.199951171875,3613.199951171875,476.0
2026-05-15,3629.199951171875,3642.5,3600.0,3604.300048828125,3604.300048828125,203.0
2026-05-18,3610.10009765625,3623.5,3600.0,3600.60009765625,3600.60009765625,306.0
2026-05-19,3629.0,3689.0,3610.10009765625,3652.300048828125,3652.300048828125,396.0
2026-05-20,3646.60009765625,3661.199951171875,3603.0,3607.89990234375,3607.89990234375,380.0
2026-05-21,3600.0,3655.89990234375,3600.0,3600.5,3600.5,798.0
2026-05-22,3601.0,3650.0,3601.0,3609.5,3609.5,222.0
2026-05-25,3609.199951171875,3638.39990234375,3603.10009765625,3605.800048828125,3605.800048828125,144.0
2026-05-26,3635.5,3636.699951171875,3600.0,3600.199951171875,3600.199951171875,512.0
2026-05-27,3565.0,3629.5,3565.0,3603.5,3603.5,915.0
2026-05-28,3603.5,3603.5,3603.5,3603.5,3603.5,0.0
2026-05-29,3603.0,3641.89990234375,3600.0,3600.39990234375,3600.39990234375,576.0
2026-06-01,3630.0,3630.0,3602.199951171875,3604.5,3604.5,86.0
2026-06-02,3600.5,3610.0,3600.0,3600.39990234375,3600.39990234375,134.0
2026-06-03,3628.39990234375,3628.39990234375,3600.0,3600.60009765625,3600.60009765625,262.0
2026-06-04,3603.199951171875,3603.5,3600.0,3600.0,3600.0,225.0
2026-06-05,3628.0,3640.0,3600.0,3600.199951171875,3600.199951171875,186.0
2026-06-08,3629.0,3629.0,3601.199951171875,3613.0,3613.0,81.0
2026-06-09,3613.0,3631.199951171875,3600.0,3600.0,3600.0,449.0
2026-06-10,3618.0,3624.0,3600.0,3600.300048828125,3600.300048828125,128.0
2026-06-11,3629.89990234375,3629.89990234375,3600.0,3603.89990234375,3603.89990234375,324.0
2026-06-12,3615.0,3666.0,3600.0,3615.60009765625,3615.60009765625,1535.0
2026-06-15,3645.0,3693.0,3631.199951171875,3649.300048828125,3649.300048828125,266.0
2026-06-16,3669.89990234375,3669.89990234375,3600.0,3601.60009765625,3601.60009765625,516.0
2026-06-17,3631.0,3631.0,3600.0,3600.300048828125,3600.300048828125,331.0
2026-06-18,3629.89990234375,3629.89990234375,3600.0,3600.199951171875,3600.199951171875,380.0
2026-06-19,3624.199951171875,3631.300048828125,3600.0,3600.699951171875,3600.699951171875,457.0
2026-06-22,3610.0,3614.699951171875,3455.0,3514.39990234375,3514.39990234375,2972.0
2026-06-23,3481.5,3506.800048828125,3455.0,3473.199951171875,3473.199951171875,376.0
2026-06-24,3491.60009765625,3493.0,3460.300048828125,3467.199951171875,3467.199951171875,86.0
2026-06-25,3460.0,3495.5,3315.199951171875,3377.89990234375,3377.89990234375,840.0
2026-06-26,3377.89990234375,3377.89990234375,3377.89990234375,3377.89990234375,3377.89990234375,0.0
2026-06-29,3413.0,3488.699951171875,3333.10009765625,3429.89990234375,3429.89990234375,848.0
2026-06-30,3429.10009765625,3459.89990234375,3425.0,3429.10009765625,3429.10009765625,1002.0
2026-07-01,3411.0,3475.199951171875,3399.0,3467.699951171875,3467.699951171875,772.0
2026-07-02,3479.0,3524.89990234375,3479.0,3510.60009765625,3510.60009765625,234.0
2026-07-03,3499.89990234375,3511.199951171875,3475.0,3483.60009765625,3483.60009765625,360.0
2026-07-06,3510.39990234375,3510.39990234375,3475.0,3478.699951171875,3478.699951171875,123.0
2026-07-07,3481.300048828125,3507.0,3475.0,3475.60009765625,3475.60009765625,505.0
2026-07-08,3504.0,3504.0,3475.0,3476.0,3476.0,88.0
2026-07-09,3492.699951171875,3500.0,3475.0,3478.699951171875,3478.699951171875,131.0
2026-07-10,3488.699951171875,3500.0,3477.10009765625,3499.0,3499.0,92.0
2026-07-13,3498.699951171875,3542.0,3475.10009765625,3505.10009765625,3505.10009765625,229.0
2026-07-14,3528.89990234375,3543.0,3466.300048828125,3479.5,3479.5,182.0
2026-07-15,3507.89990234375,3510.0,3475.0,3485.0,3485.0,356.0
2026-07-16,3483.10009765625,3506.199951171875,3475.0,3475.0,3475.0,112.0
2026-07-17,3502.699951171875,3502.699951171875,3421.0,3469.0,3469.0,252.0
2026-07-20,3469.199951171875,3487.5,3465.199951171875,3477.60009765625,3477.60009765625,940.0
2026-07-21,3476.39990234375,3500.0,3472.10009765625,3475.0,3475.0,305.0
2026-07-22,3476.39990234375,3490.60009765625,3475.0,3476.60009765625,3476.60009765625,41.0
2026-07-23,3484.800048828125,3543.10009765625,3475.0,3491.0,3491.0,308.0
2026-07-24,3475.0,3515.0,3475.0,3501.800048828125,3501.800048828125,160.0
2026-07-27,3499.0,3499.0,3475.0,3475.10009765625,3475.10009765625,204.0
2026-07-28,3460.0,3495.0,3455.0,3482.699951171875,3482.699951171875,112.0
2026-07-29,3445.0,3500.0,3445.0,3475.699951171875,3475.699951171875,342.0
2026-07-30,3500.0,3500.0,3475.0,3497.10009765625,3497.10009765625,178.0
2026-07-31,3495.39990234375,3498.89990234375,3475.0,3475.300048828125,3475.300048828125,104.0
2026-08-03,3474.89990234375,3532.5,3470.0,3487.199951171875,3487.199951171875,345.0
2026-08-04,3484.699951171875,3505.0,3475.0,3480.39990234375,3480.39990234375,321.0
2026-08-05,3499.0,3499.0,3475.0,3475.10009765625,3475.10009765625,246.0
2026-08-06,3475.0,3525.0,3475.0,3510.5,3510.5,1600.0
2026-08-07,3510.0,3534.89990234375,3476.199951171875,3491.0,3491.0,66.0
2026-08-10,3490.0,3519.5,3475.0,3477.10009765625,3477.10009765625,451.0
2026-08-11,3499.0,3499.0,3431.699951171875,3484.10009765625,3484.10009765625,1042.0
2026-08-12,3460.0,3474.89990234375,3410.0,3464.300048828125,3464.300048828125,486.0
2026-08-13,3490.0,3490.0,3450.0,3462.5,3462.5,103.0
2026-08-14,3475.0,3523.5,3450.0,3450.0,3450.0,721.0
2026-08-17,3422.0,3498.89990234375,3334.199951171875,3469.800048828125,3469.800048828125,194.0
2026-08-18,3469.800048828125,3565.0,3469.800048828125,3543.89990234375,3543.89990234375,1129.0
2026-08-19,3573.0,3721.0,3485.89990234375,3617.39990234375,3617.39990234375,4672.0
2026-08-20,3635.0,4338.0,3635.0,4240.7001953125,4240.7001953125,71353.0
2026-08-21,4114.89990234375,4199.0,3950.0,4019.699951171875,4019.699951171875,22815.0
2026-08-24,4050.0,4249.0,3901.0,3997.89990234375,3997.89990234375,14699.0
2026-08-25,3965.10009765625,3965.10009765625,3882.199951171875,3899.89990234375,3899.89990234375,3615.0
2026-08-26,3895.699951171875,3929.39990234375,3830.60009765625,3847.89990234375,3847.89990234375,1889.0
2026-08-27,3847.300048828125,3857.5,3756.10009765625,3766.39990234375,3766.39990234375,1062.0
2026-08-28,3797.5,4060.0,3797.5,3930.699951171875,3930.699951171875,8682.0
2026-08-31,3942.5,4094.0,3900.0,3925.699951171875,3925.699951171875,5097.0
2026-09-01,3897.0,3934.699951171875,3745.0,3766.199951171875,3766.199951171875,1473.0
2026-09-02,3769.10009765625,3897.89990234375,3768.0,3864.800048828125,3864.800048828125,2140.0
2026-09-03,3884.800048828125,3969.0,3850.0,3874.699951171875,3874.699951171875,1510.0
2026-09-04,3878.199951171875,3883.0,3774.0,3803.300048828125,3803.300048828125,857.0
2026-09-08,3824.60009765625,3824.60009765625,3720.10009765625,3743.60009765625,3743.60009765625,1142.0
2026-09-09,3748.0,3749.89990234375,3613.60009765625,3650.800048828125,3650.800048828125,1385.0
2026-09-10,3661.0,3680.5,3556.0,3590.39990234375,3590.39990234375,897.0
2026-09-11,3588.0,3588.0,3475.0,3517.60009765625,3517.60009765625,1867.0
2026-09-15,3542.60009765625,3542.60009765625,3400.0,3411.10009765625,3411.10009765625,1035.0
