date,open,high,low,close,adjclose,volume
2021-09-15,780.0499877929688,791.0,775.0,787.5499877929688,759.6021118164062,1287314.0
2021-09-16,792.7000122070312,794.9500122070312,777.0499877929688,778.4500122070312,750.8251342773438,1224948.0
2021-09-17,779.9500122070312,784.1500244140625,756.0499877929688,761.5499877929688,734.5248413085938,1928495.0
2021-09-20,760.0,768.4500122070312,734.0499877929688,740.0999755859375,713.8359985351562,1924787.0
2021-09-21,739.5,749.7000122070312,727.2000122070312,739.0,712.775146484375,1884073.0
2021-09-22,739.0,750.8499755859375,730.5999755859375,740.8499755859375,714.5593872070312,2727267.0
2021-09-23,742.5499877929688,767.6500244140625,742.5499877929688,764.2999877929688,737.17724609375,1539670.0
2021-09-24,768.0,774.9000244140625,738.0499877929688,749.7999877929688,723.1918334960938,2047990.0
2021-09-27,749.7999877929688,785.7999877929688,744.4000244140625,780.6500244140625,752.9470825195312,3984098.0
2021-09-28,783.7000122070312,793.0,751.0499877929688,755.9000244140625,729.0752563476562,2304265.0
2021-09-29,752.7000122070312,752.7000122070312,736.9000244140625,744.2000122070312,717.79052734375,3149740.0
2021-09-30,750.0,751.9500122070312,735.0,737.4500122070312,711.280029296875,2547525.0
2021-10-01,737.0,741.25,721.0,727.5999755859375,701.7796020507812,2280554.0
2021-10-04,730.0,745.0,730.0,741.9500122070312,715.6203002929688,1193970.0
2021-10-05,735.75,735.75,720.2999877929688,722.9000244140625,697.2463989257812,2455538.0
2021-10-06,726.0,732.0,717.2999877929688,721.6500244140625,696.040771484375,2086669.0
2021-10-07,730.0,750.1500244140625,727.8499755859375,741.5,715.1863403320312,3925051.0
2021-10-08,744.9500122070312,771.0,733.7000122070312,758.5999755859375,731.6795654296875,4161240.0
2021-10-11,764.0,796.4000244140625,762.5499877929688,794.0,765.8233032226562,3765565.0
2021-10-12,796.2999877929688,804.4000244140625,783.5499877929688,790.5499877929688,762.4956665039062,2179096.0
2021-10-13,792.0,813.7000122070312,790.7999877929688,804.2000122070312,775.6613159179688,2937616.0
2021-10-14,806.0,817.0,795.0,801.0,772.5748291015625,2153914.0
2021-10-18,818.0,818.0,796.0,799.0,770.6458740234375,1659447.0
2021-10-19,800.0,813.0,783.5999755859375,791.0999755859375,763.026123046875,2459112.0
2021-10-20,792.0,799.0,761.8499755859375,774.0499877929688,746.5812377929688,2743887.0
2021-10-21,781.7000122070312,786.9500122070312,770.0499877929688,782.2999877929688,754.5384521484375,1647655.0
2021-10-22,785.0,806.0,778.6500244140625,787.5999755859375,759.650390625,2050915.0
2021-10-25,790.0,793.3499755859375,756.0,760.6500244140625,733.6567993164062,1113840.0
2021-10-26,759.7999877929688,788.0,758.0499877929688,785.9000244140625,758.0106811523438,1298265.0
2021-10-27,789.9500122070312,799.8499755859375,777.75,781.25,753.5256958007812,738857.0
2021-10-28,772.0,784.4000244140625,762.2000122070312,765.2999877929688,738.1417236328125,972969.0
2021-10-29,760.0,778.9000244140625,748.2999877929688,767.1500244140625,739.9260864257812,1232532.0
2021-11-01,767.0499877929688,794.0,767.0499877929688,791.4000244140625,763.3156127929688,910765.0
2021-11-02,791.0,791.7999877929688,779.2999877929688,783.1500244140625,755.3582763671875,791841.0
2021-11-03,778.75,787.9500122070312,767.2000122070312,775.0999755859375,747.593994140625,946203.0
2021-11-04,774.0,784.7999877929688,772.0499877929688,781.3499755859375,753.6221923828125,121651.0
2021-11-08,782.0,820.9000244140625,781.5,814.6500244140625,785.7405395507812,3228051.0
2021-11-09,814.6500244140625,837.25,814.6500244140625,834.0499877929688,804.4520874023438,2985897.0
2021-11-10,830.0,847.9500122070312,828.0,832.0,802.4746704101562,3143770.0
2021-11-11,822.25,823.9500122070312,777.75,782.0499877929688,754.2974243164062,3738001.0
2021-11-12,791.0,807.9000244140625,765.5999755859375,775.0499877929688,747.5457153320312,7646975.0
2021-11-15,775.5,799.25,771.0,777.3499755859375,749.7642211914062,3370631.0
2021-11-16,780.0,814.0,776.3499755859375,800.6500244140625,772.2373657226562,4019030.0
2021-11-17,798.5,825.0,796.0,802.75,774.2628173828125,2867176.0
2021-11-18,802.0,802.2999877929688,768.25,778.75,751.1144409179688,2535600.0
2021-11-22,782.0,782.0,729.4000244140625,740.9500122070312,714.6559448242188,2416974.0
2021-11-23,735.0,748.6500244140625,724.0,745.9500122070312,719.4783325195312,1923996.0
2021-11-24,750.0,754.75,735.0,740.5999755859375,714.3182373046875,1145860.0
2021-11-25,741.0,744.9000244140625,727.1500244140625,735.0,710.3556518554688,1887358.0
2021-11-26,729.25,729.25,691.0,698.1500244140625,674.7413330078125,5054410.0
2021-11-29,690.0,706.0,678.8499755859375,697.0499877929688,673.6780395507812,2413024.0
2021-11-30,697.0,717.6500244140625,689.1500244140625,693.6500244140625,670.3922119140625,2584353.0
2021-12-01,697.2999877929688,706.1500244140625,688.2000122070312,699.8499755859375,676.3843383789062,1269839.0
2021-12-02,705.4000244140625,710.0,691.5,705.8499755859375,682.1830444335938,1357075.0
2021-12-03,705.0,719.0,700.5,703.75,680.1534423828125,2088737.0
2021-12-06,684.7999877929688,703.0,681.0999755859375,687.9500122070312,664.8833618164062,1986204.0
2021-12-07,697.0,699.25,686.0,696.5499877929688,673.1948852539062,1187456.0
2021-12-08,701.0,723.0,701.0,721.3499755859375,697.1634521484375,1225465.0
2021-12-09,725.0,728.0,717.2999877929688,724.8499755859375,700.5460205078125,605970.0
2021-12-10,717.0,735.2000122070312,717.0,729.9500122070312,705.47509765625,863269.0
2021-12-13,736.0,745.7999877929688,731.3499755859375,738.5999755859375,713.8350219726562,1168364.0
2021-12-14,735.0,739.9500122070312,723.2000122070312,735.9000244140625,711.2255249023438,586248.0
2021-12-15,736.0499877929688,741.0499877929688,724.2999877929688,728.5999755859375,704.1703491210938,455424.0
2021-12-16,732.9000244140625,737.3499755859375,720.0499877929688,726.5999755859375,702.2373657226562,481949.0
2021-12-17,727.0,729.0,696.2000122070312,701.0499877929688,677.5439453125,1063648.0
2021-12-20,695.0,695.5499877929688,652.5,664.25,641.9779663085938,2735289.0
2021-12-21,663.0,675.75,656.5499877929688,673.4000244140625,650.8211669921875,2385554.0
2021-12-22,678.5999755859375,688.25,675.4500122070312,684.3499755859375,661.4039306640625,641613.0
2021-12-23,692.0,698.7000122070312,685.6500244140625,697.3499755859375,673.9682006835938,1062346.0
2021-12-24,703.7000122070312,707.0,677.25,690.9000244140625,667.7344360351562,1368268.0
2021-12-27,681.2999877929688,693.4500122070312,677.4500122070312,687.0,663.9652099609375,943024.0
2021-12-28,689.9500122070312,703.0,687.25,702.0499877929688,678.5104370117188,865783.0
2021-12-29,701.9500122070312,706.0,695.7000122070312,701.75,678.2205810546875,578098.0
2021-12-30,700.0,701.4500122070312,690.2999877929688,693.9000244140625,670.6337280273438,661932.0
2021-12-31,694.1500244140625,702.8499755859375,692.0999755859375,697.8499755859375,674.4513549804688,1117696.0
2022-01-03,697.5,714.3499755859375,697.5,710.9000244140625,687.0639038085938,1177051.0
2022-01-04,712.0,723.0,710.75,717.0,692.9592895507812,1192385.0
2022-01-05,723.7999877929688,725.0,713.0,721.0,696.8250732421875,1426330.0
2022-01-06,720.0,751.5499877929688,715.0,748.9500122070312,723.8380126953125,2639418.0
2022-01-07,747.7000122070312,755.4500122070312,742.75,748.2999877929688,723.2097778320312,1144890.0
2022-01-10,749.0999755859375,769.0,749.0999755859375,767.5,741.76611328125,1134669.0
2022-01-11,767.0,773.0999755859375,763.0499877929688,769.7000122070312,743.8923950195312,861216.0
2022-01-12,744.0,765.75,735.6500244140625,760.5,735.0006713867188,3136263.0
2022-01-13,760.0,771.2000122070312,756.2000122070312,768.0,742.2493286132812,942527.0
2022-01-14,764.0,784.0,761.0,781.0999755859375,754.9100341796875,1183085.0
2022-01-17,782.0,787.5,770.0999755859375,775.5,749.497802734375,1070495.0
2022-01-18,778.0,779.5999755859375,755.2000122070312,761.1500244140625,735.62890625,1330065.0
2022-01-19,757.0,764.0,748.9500122070312,758.3499755859375,732.9227905273438,627399.0
2022-01-20,762.0999755859375,763.1500244140625,742.5,750.2000122070312,725.0462036132812,687357.0
2022-01-21,747.0,755.7999877929688,732.0,740.4000244140625,715.5747680664062,1316006.0
2022-01-24,735.0,740.4000244140625,710.0,718.9000244140625,694.7955322265625,1334962.0
2022-01-25,715.0,733.6500244140625,705.0499877929688,729.2999877929688,704.8468627929688,926048.0
2022-01-27,726.8499755859375,728.6500244140625,703.4500122070312,719.0,694.8922119140625,1167077.0
2022-01-28,722.7999877929688,748.9500122070312,721.9500122070312,728.9000244140625,704.460205078125,864318.0
2022-01-31,737.7999877929688,744.0,729.2999877929688,735.0,710.3556518554688,913742.0
2022-02-01,744.0,753.7000122070312,730.0999755859375,748.2000122070312,723.1132202148438,834026.0
2022-02-02,756.0,761.9500122070312,744.0,753.2000122070312,727.9454345703125,704701.0
2022-02-03,755.0,763.0,739.5,742.0499877929688,717.1693725585938,595479.0
2022-02-04,740.0,747.4000244140625,728.2999877929688,730.6500244140625,706.1516723632812,372365.0
2022-02-07,731.2999877929688,737.0499877929688,711.2999877929688,723.9000244140625,699.6279296875,875013.0
2022-02-08,729.5999755859375,739.9000244140625,714.0,723.4000244140625,699.1445922851562,1610975.0
2022-02-09,733.0,750.0,726.0,747.9000244140625,722.8231811523438,656286.0
2022-02-10,749.7000122070312,767.1500244140625,712.0,729.9000244140625,705.4267578125,4738129.0
2022-02-11,729.0,757.25,716.3499755859375,732.3499755859375,707.7944946289062,3758227.0
2022-02-14,720.0,727.4500122070312,693.2000122070312,700.0999755859375,676.6259155273438,2124421.0
2022-02-15,709.9500122070312,721.75,694.3499755859375,717.8499755859375,693.78076171875,1380986.0
2022-02-16,722.0,733.1500244140625,715.7000122070312,722.0499877929688,697.83984375,962465.0
2022-02-17,725.5,728.0,700.0499877929688,703.9000244140625,680.2984619140625,1418393.0
2022-02-18,703.7999877929688,704.7999877929688,691.0999755859375,694.1500244140625,670.8753662109375,1187208.0
2022-02-21,693.0,698.9000244140625,677.0,684.4000244140625,661.452392578125,1604938.0
2022-02-22,652.0,696.0499877929688,650.5,691.0,667.8309936523438,1639090.0
2022-02-23,699.2999877929688,711.9500122070312,691.0499877929688,704.3499755859375,680.7333984375,1064201.0
2022-02-24,688.0,688.2000122070312,659.0,667.5999755859375,645.2156372070312,4866256.0
2022-02-25,686.9000244140625,694.2000122070312,667.6500244140625,671.7999877929688,649.2747192382812,1946167.0
2022-02-28,667.0,682.0,652.5499877929688,678.6500244140625,655.89501953125,1962564.0
2022-03-02,667.0,670.0,655.0,662.8499755859375,640.6249389648438,3323853.0
2022-03-03,665.2000122070312,671.4000244140625,641.0999755859375,644.0999755859375,622.5035400390625,2398493.0
2022-03-04,633.5,644.4500122070312,623.5,632.9000244140625,611.6791381835938,2726367.0
2022-03-07,618.0,622.75,603.2000122070312,612.6500244140625,592.1080322265625,2197227.0
2022-03-08,613.0,618.2000122070312,595.0,615.25,594.6209106445312,2905793.0
2022-03-09,620.0,631.5999755859375,611.0499877929688,628.9500122070312,607.8616333007812,2503180.0
2022-03-10,648.0,654.7000122070312,632.9500122070312,637.9500122070312,616.559814453125,2912874.0
2022-03-11,637.9500122070312,640.9000244140625,629.1500244140625,632.3499755859375,611.1475219726562,1394422.0
2022-03-14,634.75,652.5499877929688,625.0499877929688,649.4500122070312,627.6741943359375,2124004.0
2022-03-15,651.8499755859375,668.7999877929688,645.3499755859375,653.0,631.1051025390625,2128873.0
2022-03-16,662.0,676.9000244140625,657.1500244140625,674.9500122070312,652.3192138671875,1094758.0
2022-03-17,690.0,693.5,676.0,681.9000244140625,659.0361938476562,1125022.0
2022-03-21,684.0,686.7000122070312,666.0,669.0499877929688,646.6170043945312,690631.0
2022-03-22,674.4000244140625,693.8499755859375,668.0,689.5,666.38134765625,1249429.0
2022-03-23,696.75,698.7999877929688,677.2999877929688,680.8499755859375,658.0213012695312,1081529.0
2022-03-24,675.5999755859375,698.8499755859375,675.5999755859375,694.25,670.9720458984375,1613089.0
2022-03-25,699.0,700.8499755859375,683.3499755859375,690.2999877929688,667.1544799804688,1200801.0
2022-03-28,691.0,703.8499755859375,679.0499877929688,699.5,676.0459594726562,2140301.0
2022-03-29,705.7000122070312,709.5999755859375,700.0499877929688,707.9500122070312,684.2127075195312,595518.0
2022-03-30,710.1500244140625,725.2999877929688,701.0,702.5999755859375,679.0421142578125,1082631.0
2022-03-31,704.5999755859375,712.3499755859375,696.7999877929688,700.5999755859375,677.109130859375,952386.0
2022-04-01,700.0,704.2000122070312,694.2000122070312,702.0,678.462158203125,643003.0
2022-04-04,709.5999755859375,711.7999877929688,705.4000244140625,709.0999755859375,685.3241577148438,491203.0
2022-04-05,714.4500122070312,732.4000244140625,712.2000122070312,727.3499755859375,702.9622192382812,1419805.0
2022-04-06,723.9500122070312,732.4000244140625,702.7999877929688,727.3499755859375,702.9622192382812,1218028.0
2022-04-07,730.0,736.25,719.0999755859375,729.0,704.556884765625,1254802.0
2022-04-08,730.0,753.8499755859375,726.8499755859375,746.0999755859375,721.0836181640625,2157135.0
2022-04-11,746.0,748.2000122070312,735.0499877929688,740.0999755859375,715.2846069335938,608494.0
2022-04-12,739.9000244140625,739.9000244140625,716.4500122070312,729.3499755859375,704.8951416015625,962218.0
2022-04-13,731.0,742.75,726.5999755859375,733.0499877929688,708.4712524414062,866681.0
2022-04-18,721.5,732.2000122070312,713.9500122070312,728.4500122070312,704.0254516601562,1084412.0
2022-04-19,735.5499877929688,742.5,718.2999877929688,725.9500122070312,701.6091918945312,1118319.0
2022-04-20,728.0,752.0,723.0,731.25,706.7315063476562,1528988.0
2022-04-21,733.0,749.9000244140625,731.0,738.7999877929688,714.0283203125,1266140.0
2022-04-22,737.0,738.4000244140625,721.8499755859375,724.0499877929688,699.7728881835938,1088115.0
2022-04-25,718.5,727.8499755859375,698.9500122070312,701.5499877929688,678.02734375,1354015.0
2022-04-26,709.5,731.4500122070312,709.4000244140625,728.4000244140625,703.97705078125,1434098.0
2022-04-27,720.0999755859375,725.5499877929688,710.0,714.7000122070312,690.736328125,1054075.0
2022-04-28,725.0,725.0,706.9000244140625,720.6500244140625,696.4869384765625,876171.0
2022-04-29,729.2000122070312,729.2000122070312,698.7999877929688,701.75,678.2205810546875,1054623.0
2022-05-02,687.5999755859375,690.4500122070312,674.0999755859375,678.4500122070312,655.701904296875,1339651.0
2022-05-04,679.0,695.1500244140625,665.5999755859375,671.6500244140625,649.1298217773438,1556102.0
2022-05-05,676.6500244140625,691.75,674.0,677.0,654.3004760742188,457345.0
2022-05-06,660.0,670.0,651.5999755859375,658.5,636.4207763671875,1231990.0
2022-05-09,653.0999755859375,656.5,627.9500122070312,637.2999877929688,615.9315795898438,1855922.0
2022-05-10,637.7999877929688,649.0999755859375,630.0,631.5,610.3261108398438,968280.0
2022-05-11,634.0,638.1500244140625,623.5499877929688,629.5,608.39306640625,1294267.0
2022-05-12,624.0,631.8499755859375,597.0,604.0,583.748046875,1626401.0
2022-05-13,611.5,651.7000122070312,611.1500244140625,629.0499877929688,607.958251953125,2123113.0
2022-05-16,624.2000122070312,669.9000244140625,624.2000122070312,661.4000244140625,639.2235717773438,3467849.0
2022-05-17,647.2000122070312,680.5,647.1500244140625,678.1500244140625,655.4119873046875,2243124.0
2022-05-18,686.0,700.0,678.7000122070312,690.5499877929688,667.3961791992188,1798987.0
2022-05-19,680.0,684.4500122070312,651.2999877929688,661.4000244140625,639.2235717773438,1202929.0
2022-05-20,675.0,690.5499877929688,670.0999755859375,674.2000122070312,651.5942993164062,1095756.0
2022-05-23,680.0,698.4500122070312,678.0499877929688,690.5999755859375,667.4445190429688,1589614.0
2022-05-24,690.0,699.0,668.5999755859375,675.25,652.6090087890625,1139190.0
2022-05-25,679.9500122070312,690.0,656.0,665.2000122070312,642.8961791992188,975233.0
2022-05-26,669.0,676.2000122070312,653.0,667.0999755859375,644.732421875,1024439.0
2022-05-27,674.0,680.7999877929688,668.5499877929688,673.2000122070312,650.6278686523438,471460.0
2022-05-30,679.0,688.4000244140625,673.5999755859375,685.25,662.2738037109375,788371.0
2022-05-31,698.0,723.7000122070312,688.8499755859375,704.9000244140625,681.2649536132812,5763035.0
2022-06-01,707.0,712.4500122070312,689.0,694.25,670.9720458984375,1072943.0
2022-06-02,695.0,697.0,675.0,684.7999877929688,661.8388671875,967421.0
2022-06-03,688.0,690.75,657.25,659.0,636.9039306640625,1188031.0
2022-06-06,654.0,660.0,640.0999755859375,649.0999755859375,627.3359375,1718692.0
2022-06-07,647.7999877929688,656.0499877929688,639.0,653.5,631.58837890625,1486747.0
2022-06-08,655.0,666.0,643.2000122070312,663.8499755859375,641.59130859375,1348733.0
2022-06-09,661.0499877929688,685.5499877929688,655.0499877929688,679.2000122070312,656.4266967773438,1343002.0
2022-06-10,674.7000122070312,680.0,665.5499877929688,676.5999755859375,653.913818359375,734112.0
2022-06-13,665.0,669.8499755859375,649.5,658.9000244140625,636.807373046875,2008760.0
2022-06-14,654.4000244140625,665.0,645.25,649.0999755859375,627.3359375,1712813.0
2022-06-15,653.4500122070312,657.9500122070312,642.25,653.5499877929688,631.6366577148438,771115.0
2022-06-16,660.0,665.5999755859375,630.0,633.2000122070312,611.9691162109375,1438872.0
2022-06-17,628.5999755859375,643.9500122070312,625.9000244140625,634.0999755859375,612.8388671875,1386139.0
2022-06-20,634.0999755859375,634.4000244140625,615.0,622.9000244140625,602.014404296875,921751.0
2022-06-21,629.0,651.0,623.5,646.8499755859375,625.1613159179688,940086.0
2022-06-22,645.9500122070312,645.9500122070312,631.5499877929688,637.6500244140625,616.2698974609375,675173.0
2022-06-23,639.5,655.9000244140625,633.0,651.2999877929688,629.462158203125,992371.0
2022-06-24,654.75,660.4000244140625,643.7000122070312,645.1500244140625,623.5184936523438,1051323.0
2022-06-27,656.9500122070312,657.0,645.1500244140625,647.4500122070312,625.7412109375,1787237.0
2022-06-28,645.0,661.3499755859375,641.2999877929688,658.75,636.662353515625,1555945.0
2022-06-29,652.0,658.0499877929688,644.3499755859375,655.5499877929688,633.5697021484375,1214583.0
2022-06-30,653.5499877929688,659.9500122070312,645.1500244140625,651.7999877929688,629.9453735351562,2548802.0
2022-07-01,645.1500244140625,649.3499755859375,635.0,645.7999877929688,624.146484375,650298.0
2022-07-04,648.0,654.9500122070312,638.0999755859375,649.4000244140625,627.6259155273438,657612.0
2022-07-05,654.75,662.8499755859375,648.5499877929688,657.5999755859375,635.5509033203125,1138202.0
2022-07-06,659.0,663.0,651.25,656.5,634.48779296875,655634.0
2022-07-07,659.2000122070312,677.7999877929688,659.2000122070312,664.8499755859375,642.5577392578125,1401791.0
2022-07-08,669.0,675.4000244140625,665.0,668.6500244140625,646.23046875,1048845.0
2022-07-11,666.0,671.5999755859375,649.5499877929688,655.2000122070312,633.2313842773438,1171380.0
2022-07-12,656.0,656.1500244140625,630.0,633.0999755859375,611.8723754882812,1206735.0
2022-07-13,633.1500244140625,641.75,631.5999755859375,638.4000244140625,616.9947509765625,883658.0
2022-07-14,636.5499877929688,664.5,633.0,659.2999877929688,642.7312622070312,2475429.0
2022-07-15,655.2000122070312,658.5999755859375,640.8499755859375,642.5,626.353515625,1232480.0
2022-07-18,647.0,661.7999877929688,646.4000244140625,655.5499877929688,639.0755004882812,517785.0
2022-07-19,654.7999877929688,669.8499755859375,652.0,668.5999755859375,651.797607421875,1212124.0
2022-07-20,679.0999755859375,693.0,671.5,682.0499877929688,664.9095458984375,2197339.0
2022-07-21,684.7999877929688,691.0,681.8499755859375,688.1500244140625,670.8562622070312,1398681.0
2022-07-22,693.7999877929688,714.9000244140625,691.0,706.5999755859375,688.8425903320312,4168816.0
2022-07-25,704.9500122070312,716.2000122070312,696.8499755859375,705.25,687.5264892578125,1522712.0
2022-07-26,701.25,709.2999877929688,693.6500244140625,704.0499877929688,686.3566284179688,1263196.0
2022-07-27,702.0,714.8499755859375,701.0499877929688,713.9500122070312,696.0078735351562,1441206.0
2022-07-28,713.5,737.5,713.5,730.75,712.3856811523438,2329846.0
2022-07-29,737.2000122070312,742.5,731.3499755859375,733.0,714.5791015625,1300749.0
2022-08-01,733.0,752.2000122070312,733.0,750.0999755859375,731.2493286132812,1597850.0
2022-08-02,747.0,756.6500244140625,741.8499755859375,751.9000244140625,733.0042114257812,1353677.0
2022-08-03,746.75,746.75,716.5999755859375,726.8499755859375,708.5836791992188,1987237.0
2022-08-04,727.0,732.0,700.0999755859375,710.6500244140625,692.7908935546875,1819561.0
2022-08-05,711.2000122070312,716.5,703.5,706.4000244140625,688.6475219726562,940681.0
2022-08-08,709.0,713.6500244140625,703.5,712.4500122070312,694.5455932617188,919501.0
2022-08-10,715.0,720.2000122070312,710.0,714.6500244140625,696.6903076171875,1074813.0
2022-08-11,720.0,740.7000122070312,715.5999755859375,735.9000244140625,717.4061889648438,3518498.0
2022-08-12,750.0,798.0,750.0,790.2000122070312,770.3416748046875,11297733.0
2022-08-16,797.0,799.2000122070312,777.2999877929688,779.0,759.423095703125,2050237.0
2022-08-17,781.0,787.0,761.5499877929688,763.6500244140625,744.4589233398438,1316850.0
2022-08-18,765.0,768.6500244140625,747.4000244140625,749.9500122070312,731.103271484375,2067453.0
2022-08-19,755.0,757.1500244140625,732.3499755859375,736.0,717.5037231445312,1544351.0
2022-08-22,733.0,733.0,718.0999755859375,721.0999755859375,702.9781494140625,1080828.0
2022-08-23,721.0999755859375,741.7000122070312,718.25,737.9000244140625,719.3560180664062,1627890.0
2022-08-24,737.9000244140625,737.9000244140625,724.2999877929688,733.7000122070312,715.2615356445312,746398.0
2022-08-25,734.9500122070312,738.5999755859375,724.5499877929688,726.3499755859375,708.0962524414062,810543.0
2022-08-26,735.2999877929688,740.0,730.0,732.7999877929688,714.3841552734375,722599.0
2022-08-29,719.7000122070312,726.4000244140625,710.4500122070312,723.0499877929688,704.879150390625,1171405.0
2022-08-30,725.5499877929688,744.4000244140625,725.5,740.8499755859375,722.2318115234375,1585747.0
2022-09-01,737.0,753.9000244140625,732.5,751.5999755859375,732.7116088867188,1457864.0
2022-09-02,750.5,769.0,748.2000122070312,766.7000122070312,747.4321899414062,2036208.0
2022-09-05,776.5,784.8499755859375,762.2999877929688,767.7000122070312,748.406982421875,2608302.0
2022-09-06,770.0499877929688,779.9000244140625,768.0999755859375,776.75,757.2296142578125,1255892.0
2022-09-07,773.0,773.0,749.4000244140625,765.4500122070312,746.2136840820312,2868201.0
2022-09-08,769.0,780.0,760.6500244140625,765.4500122070312,746.2136840820312,1098505.0
2022-09-09,768.0,792.5,766.0,787.6500244140625,767.8557739257812,2406973.0
2022-09-12,793.7000122070312,801.1500244140625,784.0499877929688,785.0,765.2722778320312,1551719.0
2022-09-13,788.9500122070312,793.5,783.5999755859375,787.0499877929688,767.2708740234375,788139.0
2022-09-14,771.9500122070312,787.5,768.0,778.4500122070312,758.8870239257812,739366.0
2022-09-15,781.0,788.7999877929688,773.4000244140625,784.75,765.0286254882812,639751.0
2022-09-16,787.9000244140625,787.9000244140625,736.7999877929688,745.7999877929688,727.0574340820312,1937270.0
2022-09-19,749.5499877929688,751.4000244140625,734.0999755859375,736.5,717.9910888671875,1180189.0
2022-09-20,743.9000244140625,772.7000122070312,743.1500244140625,769.4500122070312,750.1130981445312,1513887.0
2022-09-21,770.9500122070312,784.0,762.4500122070312,766.9000244140625,747.627197265625,1478319.0
2022-09-22,763.0,785.8499755859375,757.5499877929688,781.5499877929688,761.9090576171875,1355130.0
2022-09-23,782.9000244140625,783.9000244140625,744.8499755859375,747.0999755859375,728.3247680664062,1205048.0
2022-09-26,744.0,744.0,708.0999755859375,723.9000244140625,705.7078857421875,1093066.0
2022-09-27,727.5499877929688,731.9000244140625,700.0,703.4500122070312,685.771728515625,3483488.0
2022-09-28,695.0,707.7999877929688,685.5499877929688,694.2000122070312,676.7542114257812,1508897.0
2022-09-29,697.0,706.0,677.3499755859375,686.7000122070312,669.4426879882812,1939514.0
2022-09-30,685.1500244140625,702.9000244140625,680.4000244140625,695.5,678.021484375,1321666.0
2022-10-03,697.4000244140625,702.0999755859375,683.0,691.8499755859375,674.4631958007812,1370936.0
2022-10-04,705.0,713.9500122070312,695.0999755859375,707.0,689.2326049804688,907951.0
2022-10-06,722.5,773.0,722.5,763.9000244140625,744.70263671875,6396270.0
2022-10-07,760.0,772.0,755.0499877929688,767.3499755859375,748.0657958984375,1933521.0
2022-10-10,764.0,781.4000244140625,753.1500244140625,778.1500244140625,758.594482421875,2064561.0
2022-10-11,784.6500244140625,785.9000244140625,768.5499877929688,774.1500244140625,754.6950073242188,1389766.0
2022-10-12,774.2000122070312,779.75,750.0499877929688,764.5999755859375,745.3849487304688,807532.0
2022-10-13,765.6500244140625,766.7000122070312,745.3499755859375,748.25,729.44580078125,811464.0
2022-10-14,760.0,766.7999877929688,744.0999755859375,747.7999877929688,729.0071411132812,643056.0
2022-10-17,747.5,776.0,742.0999755859375,772.7999877929688,753.3789672851562,1768267.0
2022-10-18,776.7000122070312,787.75,771.4000244140625,777.2999877929688,757.7657470703125,2248106.0
2022-10-19,781.0999755859375,798.0,774.2999877929688,781.1500244140625,761.5191650390625,2075839.0
2022-10-20,777.9500122070312,790.0,770.7999877929688,789.0,769.1718139648438,1458841.0
2022-10-21,789.0,794.2999877929688,772.4000244140625,778.2000122070312,758.643310546875,1062437.0
2022-10-24,781.0499877929688,788.7000122070312,781.0499877929688,786.3499755859375,766.5883178710938,191350.0
2022-10-25,789.7999877929688,812.7999877929688,775.3499755859375,806.6500244140625,786.3782348632812,3021828.0
2022-10-27,815.0,829.9500122070312,810.5,821.2000122070312,800.5625610351562,2921733.0
2022-10-28,826.3499755859375,836.7000122070312,822.2000122070312,833.1500244140625,812.2122802734375,2998664.0
2022-10-31,839.9500122070312,847.0,825.5499877929688,834.2000122070312,813.23583984375,1805765.0
2022-11-01,834.2000122070312,853.0,832.5499877929688,850.7000122070312,829.3212280273438,1860855.0
2022-11-02,849.0,865.0,844.0999755859375,847.2000122070312,825.9091186523438,1816118.0
2022-11-03,853.0,871.9000244140625,851.0499877929688,857.2000122070312,835.6578979492188,2739843.0
2022-11-04,858.0,861.7000122070312,846.0999755859375,854.9000244140625,833.4157104492188,928799.0
2022-11-07,856.2999877929688,877.4000244140625,854.6500244140625,875.5,853.4979858398438,1243388.0
2022-11-09,876.1500244140625,890.0,873.0,879.0,856.9100952148438,2484874.0
2022-11-10,881.7999877929688,887.0,870.0,880.4000244140625,858.2748413085938,1108075.0
2022-11-11,888.5499877929688,896.7000122070312,884.25,886.9500122070312,864.6602783203125,1364047.0
2022-11-14,889.0,891.9000244140625,842.4000244140625,859.25,837.6563720703125,3132699.0
2022-11-15,840.0,859.1500244140625,839.5,853.0499877929688,831.6121826171875,1561020.0
2022-11-16,852.0,852.9500122070312,830.0999755859375,838.7999877929688,817.7202758789062,1569160.0
2022-11-17,835.2999877929688,848.9500122070312,831.2999877929688,837.4500122070312,816.4042358398438,1117392.0
2022-11-18,839.7999877929688,841.5,827.0,836.7000122070312,815.673095703125,758344.0
2022-11-21,833.75,833.75,816.0,826.8499755859375,806.0706176757812,1355380.0
2022-11-22,826.7999877929688,843.25,821.0,839.0,817.9152221679688,1053580.0
2022-11-23,843.0,848.7999877929688,838.2999877929688,844.0,822.78955078125,916467.0
2022-11-24,843.0,847.2000122070312,839.7999877929688,843.8499755859375,824.10791015625,798206.0
2022-11-25,843.7000122070312,849.9000244140625,837.6500244140625,847.0499877929688,827.2330932617188,815980.0
2022-11-28,847.0499877929688,861.0999755859375,847.0499877929688,859.0499877929688,838.952392578125,1026517.0
2022-11-29,861.7999877929688,866.1500244140625,846.0,848.75,828.893310546875,1039792.0
2022-11-30,848.75,863.7999877929688,848.0,859.5499877929688,839.4406127929688,1443604.0
2022-12-01,860.4500122070312,863.25,844.0,848.75,828.893310546875,926801.0
2022-12-02,848.75,856.9000244140625,839.0,854.9500122070312,834.9483642578125,974544.0
2022-12-05,855.4500122070312,859.4000244140625,845.0999755859375,847.4500122070312,827.623779296875,792068.0
2022-12-06,840.75,845.7999877929688,834.25,841.0999755859375,821.42236328125,1357304.0
2022-12-07,842.9000244140625,845.3499755859375,833.6500244140625,837.0499877929688,817.4671020507812,654168.0
2022-12-08,839.0,878.4500122070312,834.0,871.3499755859375,850.9645385742188,2618796.0
2022-12-09,873.2000122070312,880.0,848.0,857.4000244140625,837.341064453125,1025490.0
2022-12-12,869.5,875.5499877929688,852.75,869.25,848.9136352539062,1855409.0
2022-12-13,873.9500122070312,902.0,870.0,889.4500122070312,868.6411743164062,2384699.0
2022-12-14,894.9500122070312,911.0,888.0,908.6500244140624,887.39208984375,2285450.0
2022-12-15,910.0999755859376,919.4500122070312,892.5499877929688,899.25,878.2119750976562,2009684.0
2022-12-16,893.0,893.8499755859375,867.4000244140625,882.1500244140625,861.511962890625,1872329.0
2022-12-19,885.0,888.5499877929688,863.25,886.2999877929688,865.56494140625,1420325.0
2022-12-20,884.8499755859375,900.0,875.0499877929688,897.0499877929688,876.0633544921875,1218798.0
2022-12-21,899.9500122070312,905.0,868.0,873.2000122070312,852.7713623046875,1554591.0
2022-12-22,880.0,884.2999877929688,853.0499877929688,858.5999755859375,838.5128784179688,1365071.0
2022-12-23,857.9500122070312,859.7000122070312,827.4000244140625,842.4000244140625,822.6919555664062,2265831.0
2022-12-26,843.7999877929688,880.9000244140625,833.25,875.7999877929688,855.3104858398438,1300649.0
2022-12-27,878.25,886.4000244140625,867.0,872.7999877929688,852.3806762695312,1025722.0
2022-12-28,872.9500122070312,881.9000244140625,867.0999755859375,873.7000122070312,853.2595825195312,803964.0
2022-12-29,870.0,881.0,858.5499877929688,878.0,857.4590454101562,909834.0
2022-12-30,882.0,885.0,873.0999755859375,879.8499755859375,859.2657470703125,599455.0
2023-01-02,883.0,891.8499755859375,878.4000244140625,884.0499877929688,863.3674926757812,718239.0
2023-01-03,885.8499755859375,888.7000122070312,875.0,878.8499755859375,858.2891235351562,473048.0
2023-01-04,880.0,881.0,859.2000122070312,860.75,840.6126708984375,1287231.0
2023-01-05,863.0,881.75,855.4000244140625,879.7000122070312,859.1193237304688,1022049.0
2023-01-06,879.0,884.0,865.3499755859375,869.5,849.1578979492188,477770.0
2023-01-09,875.0,885.2000122070312,871.0,882.4500122070312,861.804931640625,402350.0
2023-01-10,886.2999877929688,887.9500122070312,876.5499877929688,883.25,862.5863037109375,550315.0
2023-01-11,884.0,890.4000244140625,860.0,865.8499755859375,845.59326171875,1336137.0
2023-01-12,870.4000244140625,879.9000244140625,868.4500122070312,873.3499755859375,852.9177856445312,564899.0
2023-01-13,876.0,878.0,864.2999877929688,873.4500122070312,853.0155029296875,581572.0
2023-01-16,873.0,879.9000244140625,857.3499755859375,861.25,841.1008911132812,722718.0
2023-01-17,862.0,868.9000244140625,859.0,865.0499877929688,844.81201171875,955031.0
2023-01-18,865.0,875.5,860.2999877929688,872.75,852.3319091796875,553751.0
2023-01-19,872.8499755859375,878.5,865.25,874.3499755859375,853.8944702148438,415181.0
2023-01-20,874.3499755859375,882.3499755859375,860.0,861.3499755859375,841.1985473632812,956488.0
2023-01-23,866.0,881.4500122070312,864.0499877929688,879.25,858.6798095703125,799262.0
2023-01-24,882.0,884.0,865.5499877929688,870.4500122070312,850.085693359375,527017.0
2023-01-25,869.9000244140625,869.9000244140625,849.0,862.6500244140625,842.4682006835938,795188.0
2023-01-27,866.0,873.0,839.5999755859375,855.1500244140625,835.1436157226562,1391478.0
2023-01-30,855.0999755859375,869.8499755859375,850.1500244140625,865.0999755859375,844.8607788085938,542054.0
2023-01-31,867.0,884.0,864.5,874.0999755859375,853.6502685546875,1355161.0
2023-02-01,884.8499755859375,903.7999877929688,845.0499877929688,868.1500244140625,847.8395385742188,1510298.0
2023-02-02,862.0,884.2999877929688,860.0499877929688,871.0999755859375,850.7203979492188,904253.0
2023-02-03,872.0,884.4500122070312,852.1500244140625,867.5499877929688,847.2536010742188,1069217.0
2023-02-06,875.0,884.0,863.0,875.8499755859375,855.3593139648438,680364.0
2023-02-07,878.0,878.9000244140625,859.2000122070312,866.1500244140625,845.8862915039062,646067.0
2023-02-08,868.0,869.1500244140625,858.5499877929688,866.4000244140625,846.1304931640625,586262.0
2023-02-09,864.5,874.9000244140625,863.0,869.5499877929688,849.2067260742188,560265.0
2023-02-10,869.5499877929688,885.0,865.1500244140625,883.0,862.342041015625,623404.0
2023-02-13,887.9500122070312,910.0,886.0,890.0499877929688,869.2271118164062,2309490.0
2023-02-14,890.0,903.7000122070312,858.5999755859375,873.5,853.0643310546875,3793347.0
2023-02-15,850.0,857.0,811.6500244140625,835.7000122070312,816.1487426757812,5995432.0
2023-02-16,837.0,874.2000122070312,835.0,855.9500122070312,835.9249267578125,2868392.0
2023-02-17,858.0,866.0,847.9500122070312,862.4000244140625,842.2240600585938,1692410.0
2023-02-20,865.8499755859375,874.2999877929688,856.0499877929688,860.3499755859375,840.2218627929688,895226.0
2023-02-21,865.5999755859375,871.0,852.8499755859375,854.7999877929688,834.8018798828125,1381249.0
2023-02-22,854.5999755859375,862.1500244140625,837.0499877929688,841.9000244140625,822.20361328125,977266.0
2023-02-23,843.75,843.75,818.9000244140625,830.1500244140625,810.7286376953125,2341872.0
2023-02-24,836.9000244140625,837.5999755859375,823.5499877929688,828.9500122070312,809.556640625,1096876.0
2023-02-27,824.0,829.4000244140625,813.0,821.7999877929688,802.5738525390625,1144982.0
2023-02-28,821.9500122070312,826.8499755859375,812.8499755859375,816.0,796.9094848632812,1104103.0
2023-03-01,817.0,827.9500122070312,815.0499877929688,824.0499877929688,804.7711181640625,732485.0
2023-03-02,829.0,836.9000244140625,821.4500122070312,833.2999877929688,813.8048095703125,1262632.0
2023-03-03,844.9500122070312,844.9500122070312,814.5,825.0499877929688,805.747802734375,1475015.0
2023-03-06,828.9000244140625,834.5,826.0,827.9000244140625,808.5311889648438,440453.0
2023-03-08,827.9000244140625,836.1500244140625,819.5499877929688,834.5499877929688,815.0255737304688,483070.0
2023-03-09,844.0,845.0,822.9000244140625,825.2000122070312,805.8943481445312,1183815.0
2023-03-10,822.0,823.5499877929688,814.2999877929688,820.9000244140625,801.6949462890625,618539.0
2023-03-13,820.9000244140625,824.7999877929688,792.0,795.9500122070312,777.3286743164062,1325529.0
2023-03-14,795.0,795.0,780.0,787.4500122070312,769.0274047851562,1194923.0
2023-03-15,790.5,808.7000122070312,790.5,792.9500122070312,774.3988647460938,812807.0
2023-03-16,794.0999755859375,794.6500244140625,776.0999755859375,788.5,770.0527954101562,960790.0
2023-03-17,806.9500122070312,826.2999877929688,793.0999755859375,800.7000122070312,781.9674682617188,1760495.0
2023-03-20,805.0,807.0,779.0499877929688,787.7999877929688,769.3692626953125,1055771.0
2023-03-21,788.5499877929688,790.2000122070312,770.1500244140625,778.0499877929688,759.847412109375,825685.0
2023-03-22,785.0,793.2000122070312,780.5,782.4000244140625,764.0956420898438,425557.0
2023-03-23,782.0999755859375,782.0999755859375,766.9500122070312,770.0999755859375,752.0834350585938,776317.0
2023-03-24,770.0999755859375,773.6500244140625,761.0,764.7999877929688,746.9073486328125,490579.0
2023-03-27,765.0,769.5,754.75,757.1500244140625,739.4364624023438,588990.0
2023-03-28,760.0,760.0,747.75,750.2000122070312,732.64892578125,607955.0
2023-03-29,750.2000122070312,760.0,745.4000244140625,757.2999877929688,739.582763671875,1341232.0
2023-03-31,758.0,772.0,758.0,770.4500122070312,752.42529296875,613531.0
2023-04-03,780.75,784.5999755859375,768.9000244140625,771.2000122070312,753.15771484375,1059247.0
2023-04-05,760.0,763.6500244140625,747.0499877929688,758.2999877929688,740.5595092773438,2446994.0
2023-04-06,758.0999755859375,765.0,752.1500244140625,762.4000244140625,744.5635986328125,1153433.0
2023-04-10,762.9000244140625,762.9000244140625,743.5499877929688,756.4500122070312,738.752685546875,1153620.0
2023-04-11,760.0,765.2000122070312,755.5,764.0,746.1260375976562,653069.0
2023-04-12,766.0,776.5,763.0,769.0999755859375,751.106689453125,1952959.0
2023-04-13,770.5,770.5,761.0,764.4500122070312,746.5655517578125,1017640.0
2023-04-17,768.75,779.4000244140625,759.5499877929688,777.9500122070312,759.749755859375,865797.0
2023-04-18,780.0,793.0,772.8499755859375,789.2999877929688,770.8341674804688,1349083.0
2023-04-19,793.7999877929688,793.7999877929688,776.0499877929688,780.5499877929688,762.2888793945312,885865.0
2023-04-20,780.6500244140625,791.0,776.0,787.6500244140625,769.2228393554688,739652.0
2023-04-21,787.5999755859375,787.5999755859375,775.5499877929688,782.75,764.4375610351562,691874.0
2023-04-24,777.7000122070312,791.5999755859375,776.0999755859375,790.7000122070312,772.2014770507812,749433.0
2023-04-25,790.5999755859375,790.5999755859375,779.4000244140625,784.2999877929688,765.9511108398438,909544.0
2023-04-26,783.0,793.5,780.7000122070312,792.0499877929688,773.5198364257812,643599.0
2023-04-27,791.0,797.9500122070312,788.0499877929688,791.0499877929688,772.543212890625,881296.0
2023-04-28,791.0,803.7999877929688,789.5,801.3499755859375,782.6022338867188,906746.0
2023-05-02,803.2999877929688,808.4500122070312,798.0,799.7000122070312,780.990966796875,1356601.0
2023-05-03,797.0,797.0,782.0999755859375,784.8499755859375,766.4882202148438,1399263.0
2023-05-04,787.9000244140625,789.5,773.8499755859375,775.0499877929688,756.9175415039062,1306888.0
2023-05-05,774.9000244140625,785.2000122070312,748.4000244140625,760.25,742.4638061523438,3963420.0
2023-05-08,767.3499755859375,784.0,767.3499755859375,778.2999877929688,760.0916137695312,2222652.0
2023-05-09,780.0,786.7000122070312,772.5,774.0999755859375,755.9898071289062,841271.0
2023-05-10,775.0,779.9000244140625,772.6500244140625,776.25,758.0894775390625,810393.0
2023-05-11,776.5999755859375,782.9000244140625,773.5,778.2000122070312,759.993896484375,735837.0
2023-05-12,780.0,781.0,755.4000244140625,757.5499877929688,739.8269653320312,1888833.0
2023-05-15,758.9000244140625,770.0,757.0,766.75,748.8118286132812,1888769.0
2023-05-16,770.0,773.7999877929688,764.0,769.2999877929688,751.3021850585938,1204503.0
2023-05-17,769.2999877929688,778.9000244140625,763.3499755859375,776.8499755859375,758.6754150390625,699753.0
2023-05-18,780.0,784.0,762.3499755859375,765.4500122070312,747.5421752929688,796524.0
2023-05-19,768.0,768.0,752.8499755859375,757.2999877929688,739.582763671875,1096316.0
2023-05-22,758.0999755859375,763.5,756.0499877929688,760.3499755859375,742.5614624023438,439329.0
2023-05-23,762.0,772.9500122070312,756.2000122070312,768.7999877929688,750.8138427734375,739813.0
2023-05-24,768.7999877929688,768.9000244140625,760.2999877929688,762.1500244140625,744.3193969726562,950395.0
2023-05-25,762.5,765.0,754.0499877929688,757.4500122070312,739.7294311523438,860993.0
2023-05-26,758.2000122070312,768.5999755859375,756.0,767.4500122070312,749.495361328125,924717.0
2023-05-29,774.0,789.0,766.2999877929688,787.2000122070312,768.7833862304688,1359781.0
2023-05-30,791.5499877929688,793.5,780.1500244140625,782.0499877929688,763.7538452148438,1542396.0
2023-05-31,782.0999755859375,793.9000244140625,776.8499755859375,791.2999877929688,772.787353515625,1354337.0
2023-06-01,791.4500122070312,799.4000244140625,786.25,797.0499877929688,778.4028930664062,1065254.0
2023-06-02,799.0999755859375,801.7000122070312,785.5999755859375,788.9500122070312,770.492431640625,1249805.0
2023-06-05,798.2000122070312,804.5499877929688,792.4000244140625,798.3499755859375,779.6724243164062,1708483.0
2023-06-06,799.0999755859375,804.0499877929688,796.4500122070312,802.5,783.725341796875,730992.0
2023-06-07,803.0,810.4000244140625,799.0499877929688,808.4500122070312,789.5361938476562,992533.0
2023-06-08,812.0,830.0,810.5,818.0,798.8627319335938,1857339.0
2023-06-09,820.0,821.6500244140625,812.0,815.5999755859375,796.5189208984375,577794.0
2023-06-12,817.5499877929688,826.0,814.2999877929688,824.9500122070312,805.6503295898438,931494.0
2023-06-13,827.4000244140625,831.8499755859375,822.5999755859375,829.5999755859375,810.1913452148438,725398.0
2023-06-14,830.75,831.9000244140625,822.1500244140625,828.0,808.6287231445312,346936.0
2023-06-15,828.1500244140625,832.0,820.25,822.8499755859375,803.5993041992188,506666.0
2023-06-16,824.4000244140625,841.7000122070312,824.3499755859375,837.8499755859375,818.2484130859375,1044724.0
2023-06-19,837.9500122070312,845.7000122070312,822.9500122070312,825.5499877929688,806.2361450195312,1579210.0
2023-06-20,827.0,828.7999877929688,812.1500244140625,817.5999755859375,798.4720458984375,1690477.0
2023-06-21,821.9000244140625,824.0,809.5499877929688,813.7999877929688,794.760986328125,1120347.0
2023-06-22,817.4500122070312,827.6500244140625,811.2999877929688,814.9500122070312,795.8840942382812,794796.0
2023-06-23,816.7999877929688,818.7000122070312,801.6500244140625,807.0,788.1200561523438,522363.0
2023-06-26,807.1500244140625,818.9000244140625,799.7999877929688,815.2999877929688,796.2259521484375,767301.0
2023-06-27,819.9500122070312,823.75,811.0,819.75,800.57177734375,578957.0
2023-06-28,820.0,823.4000244140625,813.5,816.6500244140625,797.5443725585938,568288.0
2023-06-30,817.0,843.0,817.0,836.7999877929688,817.2229614257812,1418152.0
2023-07-03,843.9500122070312,843.9500122070312,832.0499877929688,840.5999755859375,820.9339599609375,700921.0
2023-07-04,843.0,846.7999877929688,833.0,837.0999755859375,817.5159301757812,511943.0
2023-07-05,837.0,857.7000122070312,832.2000122070312,854.7999877929688,834.8018798828125,1489107.0
2023-07-06,859.0,859.25,849.0,855.4000244140625,835.3878173828125,758345.0
2023-07-07,852.0,854.25,839.0,842.9500122070312,828.556396484375,1019335.0
2023-07-10,843.2000122070312,854.7999877929688,839.5,851.25,836.7147827148438,739590.0
2023-07-11,856.4500122070312,862.9000244140625,850.0999755859375,853.1500244140625,838.582275390625,718175.0
2023-07-12,855.9000244140625,861.7000122070312,851.0499877929688,854.5499877929688,839.9583740234375,715091.0
2023-07-13,855.0999755859375,860.5,850.25,858.0999755859375,843.44775390625,918372.0
2023-07-14,865.0,869.0,855.3499755859375,867.2000122070312,852.3923950195312,722002.0
2023-07-17,869.9500122070312,871.5,862.0999755859375,866.2999877929688,851.5077514648438,894465.0
2023-07-18,865.0999755859375,875.0,863.8499755859375,870.4500122070312,855.5869750976562,856007.0
2023-07-19,871.0,872.7000122070312,853.0,855.5499877929688,840.9413452148438,1353387.0
2023-07-20,859.0499877929688,859.0499877929688,845.25,851.5999755859375,837.0587158203125,899448.0
2023-07-21,850.4500122070312,855.4500122070312,844.0,852.1500244140625,837.599365234375,473811.0
2023-07-24,852.0999755859375,855.0,840.2999877929688,852.2000122070312,837.6484985351562,687269.0
2023-07-25,858.0,869.0,854.0,867.5499877929688,852.7363891601562,881239.0
2023-07-26,870.0,879.9500122070312,867.0999755859375,876.4500122070312,861.4844360351562,899574.0
2023-07-27,880.0,914.25,871.0,897.7000122070312,882.37158203125,1482538.0
2023-07-28,920.9500122070312,920.9500122070312,897.4500122070312,902.8499755859376,887.4337158203125,3143050.0
2023-07-31,902.0,935.9500122070312,901.9500122070312,931.4500122070312,915.5453491210938,2257553.0
2023-08-01,935.0,938.2999877929688,922.5,933.5499877929688,917.6094970703124,945998.0
2023-08-02,934.0,934.0499877929688,895.0,905.6500244140624,890.1858520507812,1726166.0
2023-08-03,900.9000244140624,912.75,898.9500122070312,908.4000244140624,892.8888549804688,874836.0
2023-08-04,911.0,919.0999755859376,904.2000122070312,912.5499877929688,896.9680786132812,709770.0
2023-08-07,913.0,927.5499877929688,907.0,910.2000122070312,894.6581420898438,463759.0
2023-08-08,910.2000122070312,912.9000244140624,899.5,905.75,890.2841186523438,325241.0
2023-08-09,905.75,975.0,887.2000122070312,963.0999755859376,946.6549072265624,6270873.0
2023-08-10,976.0,979.6500244140624,946.4500122070312,950.5,934.2699584960938,2372341.0
2023-08-11,950.0,983.5,947.1500244140624,971.4000244140624,954.8131713867188,1979567.0
2023-08-14,969.5,969.5,948.0499877929688,951.4500122070312,935.2037963867188,800530.0
2023-08-16,952.0,967.9000244140624,935.8499755859376,960.1500244140624,943.7552490234376,1435461.0
2023-08-17,966.7999877929688,972.4000244140624,952.7999877929688,956.2000122070312,939.8727416992188,875435.0
2023-08-18,956.7999877929688,974.0499877929688,950.2999877929688,970.75,954.1742553710938,1561756.0
2023-08-21,974.9500122070312,991.2999877929688,967.2999877929688,980.0499877929688,963.3154296875,2824960.0
2023-08-22,990.0499877929688,1011.2000122070312,982.9000244140624,1006.7000122070312,989.5103149414062,2871799.0
2023-08-23,1011.7999877929688,1043.449951171875,1010.0,1035.9000244140625,1018.2118530273438,3273142.0
2023-08-24,1038.0,1052.0999755859375,1026.9000244140625,1041.3499755859375,1023.5686645507812,1863812.0
2023-08-25,1042.0,1048.0,1020.0,1022.7000122070312,1005.2373046875,1421983.0
2023-08-28,1025.0,1056.800048828125,1023.0499877929688,1049.199951171875,1031.2847900390625,1884969.0
2023-08-29,1056.0,1076.0,1052.0,1070.0999755859375,1051.82763671875,1751500.0
2023-08-30,1073.0,1080.8499755859375,1054.300048828125,1057.1500244140625,1039.0989990234375,1944316.0
2023-08-31,1060.0,1080.949951171875,1057.6500244140625,1070.3499755859375,1052.0733642578125,1758962.0
2023-09-01,1072.949951171875,1080.0999755859375,1055.949951171875,1078.800048828125,1060.37939453125,890014.0
2023-09-04,1085.0,1096.0,1078.550048828125,1085.25,1066.7191162109375,1903517.0
2023-09-05,1085.0,1099.449951171875,1075.0,1097.4000244140625,1078.66162109375,629423.0
2023-09-06,1101.0,1110.0,1091.550048828125,1099.0,1080.2342529296875,889082.0
2023-09-07,1105.0,1111.9000244140625,1094.050048828125,1106.3499755859375,1087.4588623046875,746876.0
2023-09-08,1106.949951171875,1110.0,1094.199951171875,1105.4000244140625,1086.5250244140625,669736.0
2023-09-11,1107.0999755859375,1117.699951171875,1100.0,1115.199951171875,1096.15771484375,879928.0
2023-09-12,1117.0,1120.0,1071.300048828125,1074.6500244140625,1056.300048828125,1093620.0
2023-09-13,1079.75,1083.9000244140625,1064.050048828125,1081.0999755859375,1062.639892578125,1051830.0
2023-09-14,1100.0,1118.3499755859375,1091.0,1108.199951171875,1089.2772216796875,1338948.0
2023-09-15,1130.0,1148.050048828125,1110.199951171875,1134.4000244140625,1115.02978515625,2341714.0
2023-09-18,1145.0,1145.0,1117.949951171875,1121.550048828125,1102.3992919921875,824581.0
2023-09-20,1119.9000244140625,1135.75,1108.6500244140625,1128.25,1108.9849853515625,967266.0
2023-09-21,1127.6500244140625,1143.3499755859375,1092.0,1098.800048828125,1080.0377197265625,1276809.0
2023-09-22,1101.0,1113.949951171875,1087.550048828125,1090.949951171875,1072.32177734375,860021.0
2023-09-25,1090.949951171875,1110.0,1076.699951171875,1106.25,1087.3604736328125,1424185.0
2023-09-26,1106.199951171875,1115.699951171875,1085.25,1087.300048828125,1068.734130859375,1029816.0
2023-09-27,1087.300048828125,1094.699951171875,1080.25,1089.699951171875,1071.0931396484375,808201.0
2023-09-28,1092.25,1096.8499755859375,1076.8499755859375,1083.6500244140625,1065.146484375,1353886.0
2023-09-29,1094.800048828125,1100.949951171875,1081.300048828125,1091.5999755859375,1072.9605712890625,907502.0
2023-10-03,1090.949951171875,1090.949951171875,1073.0,1083.699951171875,1065.1954345703125,545460.0
2023-10-04,1080.800048828125,1080.9000244140625,1051.800048828125,1060.9000244140625,1042.7850341796875,788586.0
2023-10-05,1070.0,1077.050048828125,1062.699951171875,1069.8499755859375,1051.58203125,464238.0
2023-10-06,1072.0,1094.699951171875,1072.0,1091.9000244140625,1073.255615234375,993174.0
2023-10-09,1089.949951171875,1089.949951171875,1073.6500244140625,1084.3499755859375,1065.83447265625,493176.0
2023-10-10,1094.0,1115.9000244140625,1087.5999755859375,1109.3499755859375,1090.4075927734375,1268718.0
2023-10-11,1117.949951171875,1121.9000244140625,1112.449951171875,1114.3499755859375,1095.3221435546875,660234.0
2023-10-12,1118.0,1122.75,1110.0,1117.6500244140625,1098.5660400390625,648613.0
2023-10-13,1111.050048828125,1127.0,1111.050048828125,1117.9000244140625,1098.8116455078125,441654.0
2023-10-16,1119.5,1127.0,1112.0,1122.3499755859375,1103.1856689453125,575772.0
2023-10-17,1124.050048828125,1128.800048828125,1118.300048828125,1121.199951171875,1102.0552978515625,261269.0
2023-10-18,1124.0,1125.8499755859375,1103.449951171875,1106.0999755859375,1087.213134765625,366909.0
2023-10-19,1100.0999755859375,1102.0,1084.050048828125,1094.75,1076.056884765625,830150.0
2023-10-20,1090.0,1095.0,1065.050048828125,1071.050048828125,1052.76171875,747206.0
2023-10-23,1071.800048828125,1085.1500244140625,1051.199951171875,1056.449951171875,1038.410888671875,1581681.0
2023-10-25,1049.0,1062.1500244140625,1011.2000122070312,1028.75,1011.1838989257812,2363189.0
2023-10-26,1016.1500244140624,1022.9000244140624,1008.9000244140624,1017.5999755859376,1000.2242431640624,1236865.0
2023-10-27,1025.0,1037.550048828125,1022.6500244140624,1025.0,1007.4979248046876,615619.0
2023-10-30,1025.0,1034.0,1002.2999877929688,1028.3499755859375,1010.7906494140624,1536810.0
2023-10-31,1028.550048828125,1039.300048828125,1015.0,1019.3499755859376,1001.9443359375,346106.0
2023-11-01,1024.0,1032.25,1017.4500122070312,1027.25,1009.70947265625,595750.0
2023-11-02,1035.0,1040.0,1024.0999755859375,1031.949951171875,1014.3291625976562,468806.0
2023-11-03,1034.449951171875,1043.0,1027.25,1030.8499755859375,1013.2479858398438,438050.0
2023-11-06,1041.800048828125,1083.800048828125,1032.5,1075.699951171875,1057.3321533203125,3643475.0
2023-11-07,1073.5,1073.949951171875,1015.0,1054.800048828125,1036.7890625,5358480.0
2023-11-08,1063.0,1064.0,1027.300048828125,1034.0,1016.34423828125,1848097.0
2023-11-09,1035.0,1046.050048828125,1029.0999755859375,1032.9000244140625,1015.2630004882812,1185106.0
2023-11-10,1032.0,1043.0,1018.0,1040.5,1022.7333374023438,1066829.0
2023-11-13,1044.0,1044.5,1028.0999755859375,1031.199951171875,1013.5919189453124,1398118.0
2023-11-15,1041.0,1064.0,1036.75,1061.800048828125,1043.6695556640625,1213644.0
2023-11-16,1061.800048828125,1063.9000244140625,1049.0999755859375,1057.25,1039.1973876953125,614110.0
2023-11-17,1059.0,1070.0,1054.4000244140625,1060.4000244140625,1042.2933349609375,595745.0
2023-11-20,1061.0,1070.0,1056.300048828125,1067.25,1049.0264892578125,974108.0
2023-11-21,1072.449951171875,1081.0,1067.5,1077.75,1059.3470458984375,950378.0
2023-11-22,1081.0,1098.3499755859375,1070.949951171875,1096.75,1078.0225830078125,909485.0
2023-11-23,1098.949951171875,1107.0,1088.6500244140625,1094.3499755859375,1075.6636962890625,1142761.0
2023-11-24,1096.0,1120.9000244140625,1093.5,1115.550048828125,1096.501708984375,1312834.0
2023-11-28,1121.449951171875,1122.0,1088.449951171875,1097.0999755859375,1078.36669921875,1267193.0
2023-11-29,1103.949951171875,1117.8499755859375,1100.1500244140625,1114.699951171875,1095.666259765625,492071.0
2023-11-30,1114.699951171875,1128.3499755859375,1110.949951171875,1120.25,1101.1214599609375,1157006.0
2023-12-01,1130.0,1163.449951171875,1124.5999755859375,1156.5,1136.75244140625,2714425.0
2023-12-04,1172.0,1175.800048828125,1155.050048828125,1157.199951171875,1137.4405517578125,1606671.0
2023-12-05,1164.0,1185.949951171875,1158.300048828125,1170.5,1150.5135498046875,1129629.0
2023-12-06,1174.9000244140625,1179.6500244140625,1163.699951171875,1169.0999755859375,1149.1373291015625,520319.0
2023-12-07,1172.8499755859375,1177.8499755859375,1160.75,1164.3499755859375,1144.4683837890625,573632.0
2023-12-08,1166.449951171875,1180.25,1164.199951171875,1177.1500244140625,1157.0499267578125,756528.0
2023-12-11,1181.699951171875,1200.5,1175.050048828125,1193.300048828125,1172.92431640625,1031436.0
2023-12-12,1200.0,1210.9000244140625,1180.300048828125,1186.800048828125,1166.53515625,874194.0
2023-12-13,1192.800048828125,1198.75,1174.25,1193.8499755859375,1173.4647216796875,675591.0
2023-12-14,1198.5,1206.0,1188.25,1201.0999755859375,1180.591064453125,593147.0
2023-12-15,1202.6500244140625,1205.0,1188.0,1196.699951171875,1176.2662353515625,486937.0
2023-12-18,1197.5999755859375,1215.699951171875,1181.0,1206.800048828125,1186.1937255859375,1027677.0
2023-12-19,1206.800048828125,1230.0,1197.550048828125,1220.9000244140625,1200.0528564453125,751405.0
2023-12-20,1227.0,1227.0,1149.550048828125,1176.1500244140625,1156.0670166015625,1218390.0
2023-12-21,1164.949951171875,1187.5,1153.050048828125,1183.949951171875,1163.7337646484375,717489.0
2023-12-22,1188.0,1203.9000244140625,1183.1500244140625,1201.75,1181.229736328125,517014.0
2023-12-26,1205.050048828125,1230.0,1202.050048828125,1226.949951171875,1205.9996337890625,768606.0
2023-12-27,1230.0,1238.5,1204.4000244140625,1218.5999755859375,1197.792236328125,878725.0
2023-12-28,1223.550048828125,1249.9000244140625,1222.800048828125,1245.6500244140625,1224.38037109375,1803621.0
2023-12-29,1245.0,1247.0,1228.9000244140625,1238.3499755859375,1217.204833984375,603888.0
2024-01-01,1242.0,1258.0,1233.949951171875,1247.5,1226.19873046875,609955.0
2024-01-02,1255.5999755859375,1259.0,1225.550048828125,1241.4000244140625,1220.20263671875,703395.0
2024-01-03,1242.0,1244.25,1215.75,1235.949951171875,1214.845947265625,565828.0
2024-01-04,1229.050048828125,1265.0999755859375,1219.300048828125,1260.800048828125,1239.271728515625,872939.0
2024-01-05,1268.0,1270.0,1251.0,1267.050048828125,1245.4150390625,671381.0
2024-01-08,1272.0,1276.3499755859375,1248.5999755859375,1256.050048828125,1234.602783203125,1003414.0
2024-01-09,1267.0,1290.0,1262.0,1273.949951171875,1252.1968994140625,1187562.0
2024-01-10,1279.550048828125,1287.0,1255.5,1283.8499755859375,1261.927978515625,731879.0
2024-01-11,1285.0,1299.0,1270.300048828125,1274.699951171875,1252.934326171875,430781.0
2024-01-12,1272.0,1275.0,1234.25,1253.199951171875,1231.80126953125,1262925.0
2024-01-15,1260.0,1264.699951171875,1248.1500244140625,1257.4000244140625,1235.9296875,430152.0
2024-01-16,1256.5999755859375,1259.050048828125,1221.5,1225.6500244140625,1204.7216796875,568277.0
2024-01-17,1225.5999755859375,1233.449951171875,1203.25,1206.0,1185.4072265625,822748.0
2024-01-18,1200.0,1237.5,1186.9000244140625,1222.8499755859375,1201.9696044921875,1184472.0
2024-01-19,1225.0,1241.4000244140625,1221.300048828125,1233.8499755859375,1212.7816162109375,409600.0
2024-01-23,1223.949951171875,1232.0,1189.050048828125,1193.449951171875,1173.071533203125,522523.0
2024-01-24,1193.449951171875,1225.0,1180.0,1215.800048828125,1195.0400390625,495413.0
2024-01-25,1226.0,1226.0,1192.050048828125,1200.25,1179.755615234375,792922.0
2024-01-29,1201.0999755859375,1250.0,1200.449951171875,1243.6500244140625,1222.4144287109375,1842394.0
2024-01-30,1250.0,1256.050048828125,1205.0,1208.9000244140625,1188.2578125,613893.0
2024-01-31,1210.949951171875,1243.949951171875,1204.0,1235.25,1214.1578369140625,892789.0
2024-02-01,1242.0,1245.75,1217.0,1229.550048828125,1208.5552978515625,346050.0
2024-02-02,1237.9000244140625,1251.949951171875,1231.050048828125,1238.8499755859375,1217.696533203125,570679.0
2024-02-05,1245.5999755859375,1274.8499755859375,1229.550048828125,1271.5999755859375,1249.88720703125,1419072.0
2024-02-06,1284.0,1305.0,1275.25,1285.5,1263.5496826171875,1223155.0
2024-02-07,1286.6500244140625,1296.6500244140625,1276.0,1285.25,1263.3040771484375,654867.0
2024-02-08,1286.0,1295.3499755859375,1268.1500244140625,1282.300048828125,1260.4044189453125,728305.0
2024-02-09,1285.0,1321.25,1272.800048828125,1314.050048828125,1291.6124267578125,1936968.0
2024-02-12,1324.0,1330.0,1116.949951171875,1130.949951171875,1111.6387939453125,7363983.0
2024-02-13,1160.949951171875,1161.0,1063.0,1092.449951171875,1073.7960205078125,6017374.0
2024-02-14,1084.550048828125,1120.9000244140625,1074.449951171875,1105.0999755859375,1086.2301025390625,2028786.0
2024-02-15,1115.0,1115.4000244140625,1094.300048828125,1110.449951171875,1091.48876953125,856004.0
2024-02-16,1121.8499755859375,1136.0,1106.3499755859375,1133.8499755859375,1114.4892578125,1009339.0
2024-02-19,1150.0,1150.0,1117.0,1124.75,1105.544677734375,883522.0
2024-02-20,1124.9000244140625,1125.699951171875,1100.0,1122.550048828125,1103.3822021484375,1337593.0
2024-02-21,1125.9000244140625,1142.4000244140625,1115.699951171875,1123.300048828125,1104.1195068359375,1137612.0
2024-02-22,1123.4000244140625,1135.5,1109.4000244140625,1133.050048828125,1113.7030029296875,508795.0
2024-02-23,1133.050048828125,1145.550048828125,1125.0,1132.0999755859375,1115.2298583984375,443601.0
2024-02-26,1132.0999755859375,1181.8499755859375,1119.4000244140625,1175.5999755859375,1158.08154296875,3694478.0
2024-02-27,1173.9000244140625,1195.199951171875,1169.800048828125,1177.949951171875,1160.396484375,1178342.0
2024-02-28,1175.75,1181.550048828125,1141.1500244140625,1152.25,1135.0794677734375,770303.0
2024-02-29,1145.0,1158.0,1135.800048828125,1151.0,1133.8482666015625,1187019.0
2024-03-01,1150.050048828125,1187.9000244140625,1150.050048828125,1184.25,1166.602783203125,740159.0
2024-03-04,1182.0,1193.699951171875,1170.0,1189.1500244140625,1171.4296875,1806324.0
2024-03-05,1190.0,1211.0,1179.949951171875,1185.800048828125,1168.129638671875,1251169.0
2024-03-06,1189.0,1190.75,1150.0999755859375,1181.75,1164.139892578125,674420.0
2024-03-07,1181.6500244140625,1193.5999755859375,1170.3499755859375,1178.8499755859375,1161.283203125,557070.0
2024-03-11,1170.050048828125,1190.5999755859375,1143.4000244140625,1159.8499755859375,1142.5662841796875,2315091.0
2024-03-12,1160.050048828125,1170.9000244140625,1139.0,1155.8499755859375,1138.6258544921875,942567.0
2024-03-13,1155.8499755859375,1164.449951171875,1115.0,1127.0,1110.205810546875,1538078.0
2024-03-14,1111.0,1127.0,1096.699951171875,1113.050048828125,1096.463623046875,1500630.0
2024-03-15,1117.949951171875,1130.6500244140625,1099.0999755859375,1119.5,1102.8175048828125,1004065.0
2024-03-18,1119.0,1121.0,1090.300048828125,1114.4000244140625,1097.793701171875,1199978.0
2024-03-19,1111.75,1133.0,1093.5999755859375,1112.699951171875,1096.1190185546875,830859.0
2024-03-20,1110.0,1118.5999755859375,1088.0,1092.699951171875,1076.4168701171875,1044847.0
2024-03-21,1097.800048828125,1122.0,1094.0,1102.0,1085.5784912109375,2400850.0
2024-03-22,1102.0,1133.5999755859375,1101.300048828125,1128.949951171875,1112.1268310546875,1129996.0
2024-03-26,1131.9000244140625,1140.949951171875,1127.0,1130.1500244140625,1113.30908203125,728614.0
2024-03-27,1132.4000244140625,1143.050048828125,1107.25,1111.199951171875,1094.6412353515625,1811541.0
2024-03-28,1114.949951171875,1135.199951171875,1103.5,1129.5999755859375,1112.7672119140625,1391471.0
2024-04-01,1132.199951171875,1153.4000244140625,1121.0,1148.5999755859375,1131.4840087890625,1247843.0
2024-04-02,1159.9000244140625,1159.9000244140625,1135.1500244140625,1155.3499755859375,1138.13330078125,713289.0
2024-04-03,1125.0,1144.0999755859375,1105.300048828125,1141.75,1124.736083984375,1586014.0
2024-04-04,1152.5,1172.5,1139.25,1151.3499755859375,1134.19287109375,2867983.0
2024-04-05,1149.949951171875,1154.9000244140625,1136.0,1145.6500244140625,1128.5780029296875,838396.0
2024-04-08,1152.949951171875,1180.0,1136.0,1173.9000244140625,1156.406982421875,2521920.0
2024-04-09,1183.25,1183.449951171875,1140.050048828125,1148.699951171875,1131.5823974609375,1115923.0
2024-04-10,1153.9000244140625,1183.550048828125,1150.0,1177.4000244140625,1159.8548583984375,1060445.0
2024-04-12,1177.300048828125,1187.0,1163.0,1169.050048828125,1151.62939453125,970493.0
2024-04-15,1155.0,1176.5,1155.0,1170.300048828125,1152.860595703125,1166614.0
2024-04-16,1165.0,1189.5999755859375,1162.5,1180.6500244140625,1163.056396484375,1425666.0
2024-04-18,1187.699951171875,1196.800048828125,1174.4000244140625,1186.199951171875,1168.5235595703125,1051256.0
2024-04-19,1180.0,1196.300048828125,1158.0999755859375,1193.0999755859375,1175.3209228515625,780402.0
2024-04-22,1205.8499755859375,1215.0,1197.1500244140625,1204.5,1186.5509033203125,757775.0
2024-04-23,1212.0,1212.0,1194.75,1206.550048828125,1188.570556640625,475098.0
2024-04-24,1220.0,1231.0,1209.050048828125,1222.0,1203.7901611328125,1274760.0
2024-04-25,1240.75,1325.9000244140625,1237.199951171875,1311.8499755859375,1292.30126953125,6402642.0
2024-04-26,1318.0,1326.0,1306.3499755859375,1309.9000244140625,1290.380126953125,1068859.0
2024-04-29,1312.25,1316.9000244140625,1273.550048828125,1282.0,1262.8961181640625,1178300.0
2024-04-30,1291.0,1301.0,1266.5999755859375,1271.199951171875,1252.2569580078125,621752.0
2024-05-02,1271.5,1285.0,1262.800048828125,1274.25,1255.26171875,492405.0
2024-05-03,1274.9000244140625,1280.949951171875,1242.199951171875,1252.199951171875,1233.5401611328125,683589.0
2024-05-06,1261.9000244140625,1261.9000244140625,1238.8499755859375,1248.4000244140625,1229.796875,1136733.0
2024-05-07,1249.699951171875,1250.300048828125,1223.699951171875,1239.949951171875,1221.4725341796875,713704.0
2024-05-08,1242.0,1474.4000244140625,1209.1500244140625,1405.1500244140625,1384.2108154296875,12388890.0
2024-05-09,1411.0,1463.300048828125,1391.0,1412.75,1391.69775390625,9267970.0
2024-05-10,1420.5999755859375,1438.0,1390.0,1397.699951171875,1376.8719482421875,2132506.0
2024-05-13,1390.449951171875,1423.0,1368.9000244140625,1416.0,1394.8992919921875,1603773.0
2024-05-14,1413.949951171875,1449.800048828125,1408.0999755859375,1440.8499755859375,1419.37890625,726933.0
2024-05-15,1439.050048828125,1467.449951171875,1431.0,1462.699951171875,1440.9034423828125,888218.0
2024-05-16,1468.0999755859375,1492.300048828125,1457.199951171875,1483.0,1460.90087890625,1258685.0
2024-05-17,1489.0,1490.800048828125,1471.5,1479.25,1457.206787109375,523810.0
2024-05-21,1490.050048828125,1510.0,1467.050048828125,1502.050048828125,1479.6669921875,1171767.0
2024-05-22,1508.0,1510.949951171875,1460.0,1478.300048828125,1456.27099609375,766715.0
2024-05-23,1481.0,1499.9000244140625,1463.8499755859375,1493.25,1470.998046875,399306.0
2024-05-24,1493.25,1587.0,1480.5,1573.5,1550.05224609375,3141428.0
2024-05-27,1589.9000244140625,1591.0,1533.0999755859375,1572.0,1548.5745849609375,2895264.0
2024-05-28,1579.0,1600.0,1559.6500244140625,1565.25,1541.92529296875,1009029.0
2024-05-29,1555.0,1573.0,1545.0999755859375,1568.6500244140625,1545.2745361328125,740468.0
2024-05-30,1560.0999755859375,1579.699951171875,1548.8499755859375,1554.3499755859375,1531.1875,919313.0
2024-05-31,1569.0,1586.949951171875,1548.0999755859375,1554.550048828125,1531.3846435546875,2388880.0
2024-06-03,1649.949951171875,1649.949951171875,1588.9000244140625,1608.25,1584.284423828125,1873076.0
2024-06-04,1608.25,1614.0,1412.8499755859375,1446.25,1424.6986083984375,3325214.0
2024-06-05,1490.0,1514.949951171875,1406.25,1501.4000244140625,1479.0267333984375,2791709.0
2024-06-06,1515.0,1578.8499755859375,1497.0999755859375,1557.050048828125,1533.847412109375,1052271.0
2024-06-07,1549.75,1589.9000244140625,1538.699951171875,1583.199951171875,1559.607666015625,779819.0
2024-06-10,1593.9000244140625,1604.9000244140625,1557.3499755859375,1580.800048828125,1557.2435302734375,2285921.0
2024-06-11,1590.0,1619.449951171875,1584.0,1602.5999755859375,1578.718505859375,788578.0
2024-06-12,1605.449951171875,1644.949951171875,1605.050048828125,1631.5999755859375,1607.286376953125,995791.0
2024-06-13,1640.0,1655.0,1623.6500244140625,1636.949951171875,1612.5567626953125,1143028.0
2024-06-14,1639.0,1739.449951171875,1627.0,1717.300048828125,1691.7093505859375,3052519.0
2024-06-18,1720.0,1734.0,1691.5,1696.699951171875,1671.4163818359375,1438259.0
2024-06-19,1720.0,1733.4000244140625,1688.0,1703.4000244140625,1678.0166015625,3289884.0
2024-06-20,1704.0,1800.699951171875,1697.0,1791.4000244140625,1764.7052001953125,3677708.0
2024-06-21,1804.5,1804.5,1746.5,1752.199951171875,1726.08935546875,925218.0
2024-06-24,1749.0,1776.300048828125,1734.0,1743.0999755859375,1717.125,1489126.0
2024-06-25,1752.800048828125,1764.75,1715.4000244140625,1719.449951171875,1693.8272705078125,1133078.0
2024-06-26,1719.0999755859375,1726.800048828125,1674.0,1679.5,1654.47265625,2063096.0
2024-06-27,1681.0,1696.449951171875,1674.6500244140625,1680.550048828125,1655.5072021484375,1401014.0
2024-06-28,1685.0,1692.8499755859375,1666.449951171875,1670.3499755859375,1645.458984375,1106864.0
2024-07-01,1673.0999755859375,1696.800048828125,1662.75,1665.949951171875,1641.12451171875,1139145.0
2024-07-02,1668.75,1681.25,1641.050048828125,1645.5,1620.979248046875,1389017.0
2024-07-03,1669.949951171875,1669.949951171875,1639.050048828125,1657.5999755859375,1632.89892578125,1034534.0
2024-07-04,1650.0,1680.4000244140625,1627.25,1670.300048828125,1645.409912109375,1511383.0
2024-07-05,1678.0,1686.0,1660.5,1672.25,1653.7664794921875,1214143.0
2024-07-08,1682.949951171875,1693.25,1646.25,1674.0999755859375,1655.595947265625,1498080.0
2024-07-09,1681.0,1681.8499755859375,1662.449951171875,1670.0,1651.541259765625,613813.0
2024-07-10,1678.5999755859375,1678.5999755859375,1603.0,1659.800048828125,1641.4539794921875,936230.0
2024-07-11,1665.6500244140625,1665.6500244140625,1632.0,1640.699951171875,1622.565185546875,836449.0
2024-07-12,1647.0,1648.5999755859375,1613.949951171875,1618.949951171875,1601.0555419921875,1108682.0
2024-07-15,1628.0,1637.5,1602.6500244140625,1633.800048828125,1615.741455078125,1267534.0
2024-07-16,1634.25,1663.75,1634.050048828125,1653.3499755859375,1635.0751953125,814531.0
2024-07-18,1661.949951171875,1665.8499755859375,1612.1500244140625,1621.5,1603.577392578125,1232254.0
2024-07-19,1626.9000244140625,1634.300048828125,1575.0,1579.4000244140625,1561.942626953125,945152.0
2024-07-22,1569.949951171875,1646.300048828125,1549.449951171875,1625.449951171875,1607.483642578125,1555103.0
2024-07-23,1630.0,1634.25,1500.0,1598.699951171875,1581.0291748046875,1886680.0
2024-07-24,1598.5,1612.25,1585.0,1591.1500244140625,1573.5628662109375,1093834.0
2024-07-25,1570.0,1603.9000244140625,1558.550048828125,1592.4000244140625,1574.7989501953125,447267.0
2024-07-26,1604.5999755859375,1694.300048828125,1604.5999755859375,1684.9000244140625,1666.2767333984375,2755566.0
2024-07-29,1694.949951171875,1747.0,1691.25,1737.0,1717.8006591796875,1776427.0
2024-07-30,1740.449951171875,1753.0,1719.199951171875,1743.8499755859375,1724.574951171875,867925.0
2024-07-31,1736.1500244140625,1745.0,1722.050048828125,1733.5,1714.33935546875,620610.0
2024-08-01,1740.0,1771.199951171875,1703.6500244140625,1717.550048828125,1698.5657958984375,1134832.0
2024-08-02,1707.0,1707.0,1648.0,1655.4000244140625,1637.1026611328125,1338199.0
2024-08-05,1579.949951171875,1597.6500244140625,1538.0999755859375,1553.050048828125,1535.8839111328125,2625461.0
2024-08-06,1568.0,1608.75,1510.4000244140625,1517.449951171875,1500.67724609375,2039941.0
2024-08-07,1559.0,1576.5,1530.0,1557.449951171875,1540.235107421875,1457651.0
2024-08-08,1562.0,1643.0,1536.1500244140625,1605.449951171875,1587.70458984375,4108498.0
2024-08-09,1628.050048828125,1654.949951171875,1617.9000244140625,1636.550048828125,1618.4609375,2016949.0
2024-08-12,1629.949951171875,1629.949951171875,1565.550048828125,1593.550048828125,1575.9364013671875,1651574.0
2024-08-13,1594.949951171875,1605.0,1576.25,1581.050048828125,1563.574462890625,479156.0
2024-08-14,1574.0999755859375,1583.949951171875,1553.25,1567.199951171875,1549.8775634765625,464424.0
2024-08-16,1582.9000244140625,1601.800048828125,1575.800048828125,1584.5,1566.986328125,744491.0
2024-08-19,1610.0,1613.699951171875,1560.1500244140625,1587.699951171875,1570.15087890625,1185925.0
2024-08-20,1600.0,1604.6500244140625,1551.050048828125,1577.4000244140625,1559.96484375,1042184.0
2024-08-21,1577.0,1610.0,1573.1500244140625,1600.0,1582.31494140625,853929.0
2024-08-22,1607.9000244140625,1647.949951171875,1594.0,1621.199951171875,1603.2806396484375,955957.0
2024-08-23,1636.5,1636.949951171875,1601.9000244140625,1620.300048828125,1602.390625,868264.0
2024-08-26,1622.0,1638.1500244140625,1613.699951171875,1634.699951171875,1616.63134765625,713146.0
2024-08-27,1644.9000244140625,1644.9000244140625,1602.0999755859375,1607.4000244140625,1589.6331787109375,659375.0
2024-08-28,1614.0,1620.0,1579.25,1584.5,1566.986328125,927975.0
2024-08-29,1584.5,1589.0,1556.25,1577.9000244140625,1560.4593505859375,816590.0
2024-08-30,1579.5,1590.050048828125,1575.0999755859375,1587.0,1569.458740234375,931250.0
2024-09-02,1597.0,1599.0,1545.5,1562.449951171875,1545.179931640625,931058.0
2024-09-03,1576.6500244140625,1591.050048828125,1564.050048828125,1567.0999755859375,1549.7786865234375,878145.0
2024-09-04,1568.0,1614.9000244140625,1554.0,1605.699951171875,1587.951904296875,1095011.0
2024-09-05,1625.0,1629.9000244140625,1590.199951171875,1608.949951171875,1591.1658935546875,1562878.0
2024-09-06,1606.0,1606.0,1547.199951171875,1551.199951171875,1534.0543212890625,1243240.0
2024-09-09,1535.0,1561.050048828125,1524.75,1555.1500244140625,1537.9608154296875,950996.0
2024-09-10,1565.0,1578.0,1553.050048828125,1570.6500244140625,1553.28955078125,424183.0
2024-09-11,1571.0,1581.5999755859375,1552.25,1561.699951171875,1544.4383544921875,1122926.0
2024-09-12,1569.0,1594.0999755859375,1566.300048828125,1591.0,1573.41455078125,445898.0
2024-09-13,1588.0,1629.699951171875,1587.0999755859375,1616.25,1598.3853759765625,1776046.0
2024-09-16,1625.0,1625.0,1586.5999755859375,1601.199951171875,1583.501708984375,1739277.0
2024-09-17,1606.0,1610.0,1578.0999755859375,1596.0999755859375,1578.4580078125,1441523.0
2024-09-18,1599.949951171875,1612.949951171875,1562.050048828125,1575.699951171875,1558.2835693359375,366662.0
2024-09-19,1579.949951171875,1594.800048828125,1534.050048828125,1585.949951171875,1568.4202880859375,887601.0
2024-09-20,1585.949951171875,1600.949951171875,1573.0,1591.3499755859375,1573.760498046875,976662.0
2024-09-23,1600.800048828125,1626.0,1577.0999755859375,1582.199951171875,1564.7115478515625,2341523.0
2024-09-24,1582.9000244140625,1588.4000244140625,1557.5,1572.75,1555.3660888671875,1095753.0
2024-09-25,1577.0,1581.4000244140625,1553.8499755859375,1559.5,1542.2626953125,1014215.0
2024-09-26,1552.0,1555.0999755859375,1502.5999755859375,1528.5,1511.605224609375,1967406.0
2024-09-27,1534.0,1539.0,1520.0,1522.5,1505.671630859375,1217594.0
2024-09-30,1520.5,1537.75,1512.300048828125,1516.5999755859375,1499.8367919921875,753983.0
2024-10-01,1519.0,1555.0,1514.4000244140625,1530.199951171875,1513.2864990234375,472946.0
2024-10-03,1529.0,1551.0,1473.050048828125,1489.25,1472.7891845703125,1217926.0
2024-10-04,1488.0,1498.949951171875,1460.1500244140625,1473.800048828125,1457.510009765625,1162303.0
2024-10-07,1477.949951171875,1486.0,1425.0999755859375,1433.949951171875,1418.100341796875,1454350.0
2024-10-08,1433.0,1486.4000244140625,1429.4000244140625,1481.3499755859375,1464.9764404296875,501482.0
2024-10-09,1485.050048828125,1520.5,1482.3499755859375,1510.300048828125,1493.6063232421875,1303802.0
2024-10-10,1520.0,1526.9000244140625,1489.0,1501.050048828125,1484.458740234375,978224.0
2024-10-11,1505.050048828125,1510.0,1479.949951171875,1492.3499755859375,1475.854736328125,532795.0
2024-10-14,1486.0999755859375,1505.3499755859375,1474.25,1490.0999755859375,1473.6297607421875,760996.0
2024-10-15,1505.75,1505.75,1475.8499755859375,1480.449951171875,1464.08642578125,1222899.0
2024-10-16,1484.0,1488.550048828125,1456.449951171875,1475.0,1458.696533203125,762827.0
2024-10-17,1472.5,1478.800048828125,1442.75,1471.0999755859375,1454.83984375,1026919.0
2024-10-18,1471.949951171875,1485.0,1454.800048828125,1474.75,1458.449462890625,888822.0
2024-10-21,1475.0,1496.0,1436.6500244140625,1442.5,1426.555908203125,1263428.0
2024-10-22,1437.0,1442.199951171875,1401.5,1406.199951171875,1390.6571044921875,684238.0
2024-10-23,1406.050048828125,1431.4000244140625,1392.550048828125,1405.0,1389.4703369140625,841615.0
2024-10-24,1405.0,1432.9000244140625,1397.300048828125,1429.6500244140625,1413.8480224609375,475970.0
2024-10-25,1438.050048828125,1439.949951171875,1390.0,1400.199951171875,1384.7232666015625,591131.0
2024-10-28,1392.0,1409.0,1357.9000244140625,1365.5,1350.406982421875,1700514.0
2024-10-29,1367.0,1387.0,1340.800048828125,1383.3499755859375,1368.0596923828125,714147.0
2024-10-30,1383.3499755859375,1430.0,1376.3499755859375,1420.550048828125,1404.848388671875,1095800.0
2024-10-31,1415.0,1441.199951171875,1395.25,1410.1500244140625,1394.5634765625,844545.0
2024-11-01,1428.0,1428.0,1391.0,1418.6500244140625,1402.969482421875,95867.0
2024-11-04,1422.199951171875,1435.0,1395.5,1422.9000244140625,1407.172607421875,715523.0
2024-11-05,1450.0,1464.75,1417.5,1460.800048828125,1444.6536865234375,1623271.0
2024-11-06,1460.9000244140625,1482.9000244140625,1451.5999755859375,1471.050048828125,1454.790283203125,990250.0
2024-11-07,1475.0,1479.449951171875,1441.5,1446.6500244140625,1430.6600341796875,584800.0
2024-11-08,1450.050048828125,1456.5999755859375,1416.1500244140625,1420.050048828125,1404.3541259765625,811080.0
2024-11-11,1414.0999755859375,1420.050048828125,1380.199951171875,1397.5,1382.0533447265625,692395.0
2024-11-12,1397.5,1397.550048828125,1340.0,1360.5999755859375,1345.56103515625,745108.0
2024-11-13,1360.0,1363.3499755859375,1312.699951171875,1321.5,1306.893310546875,584312.0
2024-11-14,1321.5,1356.9000244140625,1301.550048828125,1328.75,1314.063232421875,1860816.0
2024-11-18,1329.0,1336.3499755859375,1286.5999755859375,1304.550048828125,1290.1304931640625,1548457.0
2024-11-19,1296.0,1355.3499755859375,1296.0,1323.3499755859375,1308.7227783203125,1521514.0
2024-11-21,1314.1500244140625,1317.949951171875,1288.5999755859375,1296.199951171875,1281.8729248046875,571103.0
2024-11-22,1299.0,1326.699951171875,1296.3499755859375,1316.1500244140625,1301.602294921875,325496.0
2024-11-25,1328.0,1350.0,1314.550048828125,1319.550048828125,1304.9649658203125,1609259.0
2024-11-26,1320.0,1333.5999755859375,1315.25,1322.1500244140625,1307.5362548828125,471592.0
2024-11-27,1325.25,1332.4000244140625,1313.199951171875,1325.4000244140625,1310.7501220703125,359994.0
2024-11-28,1326.0,1360.300048828125,1316.8499755859375,1329.199951171875,1314.5081787109375,1254378.0
2024-11-29,1332.0,1345.8499755859375,1325.949951171875,1332.25,1317.5245361328125,705598.0
2024-12-02,1329.5,1349.800048828125,1305.3499755859375,1343.75,1328.8973388671875,982093.0
2024-12-03,1346.0,1355.949951171875,1338.0999755859375,1350.4000244140625,1335.4737548828125,791810.0
2024-12-04,1364.9000244140625,1386.449951171875,1351.4000244140625,1377.9000244140625,1362.6700439453125,2021679.0
2024-12-05,1394.949951171875,1394.949951171875,1360.8499755859375,1379.199951171875,1363.95556640625,1249730.0
2024-12-06,1383.0,1385.0,1351.300048828125,1354.75,1339.77587890625,637711.0
2024-12-09,1354.75,1375.0,1341.0,1363.449951171875,1348.3795166015625,909119.0
2024-12-10,1370.0,1376.050048828125,1350.300048828125,1361.199951171875,1346.1544189453125,714858.0
2024-12-11,1365.1500244140625,1385.0,1343.949951171875,1379.4000244140625,1364.1534423828125,1760051.0
2024-12-12,1378.9000244140625,1379.0,1350.050048828125,1352.449951171875,1337.5010986328125,937430.0
2024-12-13,1352.0,1356.050048828125,1318.949951171875,1348.300048828125,1333.3970947265625,580701.0
2024-12-16,1357.25,1372.949951171875,1348.5,1364.0999755859375,1349.0224609375,1080759.0
2024-12-17,1364.0999755859375,1370.699951171875,1333.0,1340.5999755859375,1325.7821044921875,1074430.0
2024-12-18,1340.5999755859375,1349.949951171875,1303.3499755859375,1306.449951171875,1292.0096435546875,637487.0
2024-12-19,1290.0,1316.9000244140625,1275.5,1297.800048828125,1283.4552001953125,1019636.0
2024-12-20,1297.800048828125,1315.699951171875,1274.3499755859375,1278.9000244140625,1264.76416015625,1495889.0
2024-12-23,1284.0,1310.0,1272.199951171875,1299.199951171875,1284.83984375,915584.0
2024-12-24,1301.0,1330.75,1293.9000244140625,1324.800048828125,1310.1568603515625,805397.0
2024-12-26,1328.0,1331.8499755859375,1308.0999755859375,1314.25,1299.723388671875,962802.0
2024-12-27,1320.0,1347.0,1311.5999755859375,1314.8499755859375,1300.3167724609375,1037735.0
2024-12-30,1308.699951171875,1315.1500244140625,1281.25,1302.3499755859375,1287.955078125,3744544.0
2024-12-31,1301.0,1312.6500244140625,1278.8499755859375,1299.5,1285.136474609375,558405.0
2025-01-01,1303.300048828125,1304.6500244140625,1288.1500244140625,1299.9000244140625,1285.531982421875,358152.0
2025-01-02,1300.0,1320.949951171875,1295.0,1315.699951171875,1301.1573486328125,749880.0
2025-01-03,1318.199951171875,1322.0,1291.0,1296.1500244140625,1281.823486328125,1816419.0
2025-01-06,1296.300048828125,1301.6500244140625,1251.1500244140625,1260.75,1246.814697265625,758114.0
2025-01-07,1271.949951171875,1290.0,1258.3499755859375,1270.050048828125,1256.011962890625,823200.0
2025-01-08,1270.050048828125,1271.949951171875,1225.0,1248.550048828125,1234.7496337890625,855048.0
2025-01-09,1248.0,1254.449951171875,1225.0,1227.300048828125,1213.7344970703125,636615.0
2025-01-10,1225.050048828125,1229.0999755859375,1203.449951171875,1209.8499755859375,1196.477294921875,868167.0
2025-01-13,1204.800048828125,1211.300048828125,1167.550048828125,1169.8499755859375,1156.9195556640625,1720272.0
2025-01-14,1169.8499755859375,1202.9000244140625,1169.8499755859375,1190.4000244140625,1177.242431640625,1507971.0
2025-01-15,1199.0,1208.8499755859375,1170.800048828125,1183.550048828125,1170.468017578125,1300950.0
2025-01-16,1190.0,1222.949951171875,1190.0,1205.25,1191.92822265625,1506184.0
2025-01-17,1209.0,1217.800048828125,1197.449951171875,1207.5,1194.1533203125,745195.0
2025-01-20,1213.0,1225.9000244140625,1196.1500244140625,1217.199951171875,1203.7462158203125,424789.0
2025-01-21,1223.300048828125,1234.3499755859375,1199.550048828125,1201.6500244140625,1188.3680419921875,986443.0
2025-01-22,1210.949951171875,1229.0999755859375,1186.050048828125,1226.449951171875,1212.8939208984375,1450962.0
2025-01-23,1219.6500244140625,1239.5,1206.449951171875,1227.75,1214.179443359375,503606.0
2025-01-24,1230.050048828125,1243.8499755859375,1211.25,1216.550048828125,1203.103271484375,459008.0
2025-01-27,1210.5999755859375,1235.5999755859375,1181.050048828125,1197.3499755859375,1184.1153564453125,526050.0
2025-01-28,1210.0,1227.3499755859375,1181.6500244140625,1211.0999755859375,1197.71337890625,749314.0
2025-01-29,1210.050048828125,1220.4000244140625,1190.25,1197.4000244140625,1184.1649169921875,604487.0
2025-01-30,1200.0,1205.050048828125,1180.0,1184.050048828125,1170.962646484375,2102523.0
2025-01-31,1182.5,1238.0,1182.5,1224.050048828125,1210.5203857421875,627704.0
2025-02-01,1238.0,1240.949951171875,1148.550048828125,1175.1500244140625,1162.160888671875,872295.0
2025-02-03,1166.0,1166.0,1123.0,1139.0999755859375,1126.50927734375,1589240.0
2025-02-04,1162.949951171875,1199.0999755859375,1159.949951171875,1171.9000244140625,1158.9468994140625,1501122.0
2025-02-05,1174.800048828125,1184.5,1149.0,1156.550048828125,1143.7664794921875,2461419.0
2025-02-06,1162.75,1163.0,1132.4000244140625,1137.699951171875,1125.1248779296875,855048.0
2025-02-07,1137.699951171875,1148.5,1125.6500244140625,1139.449951171875,1126.8555908203125,1231822.0
2025-02-10,1144.9000244140625,1148.4000244140625,1130.5,1134.800048828125,1122.2569580078125,460118.0
2025-02-11,1133.9000244140625,1134.75,1108.050048828125,1112.300048828125,1100.005615234375,793322.0
2025-02-12,1112.9000244140625,1117.0,1070.800048828125,1104.6500244140625,1092.440185546875,1217773.0
2025-02-13,1075.0,1099.050048828125,1044.699951171875,1076.199951171875,1064.3045654296875,3020065.0
2025-02-14,1088.75,1106.300048828125,1059.550048828125,1078.3499755859375,1066.4307861328125,1776818.0
2025-02-17,1078.3499755859375,1088.699951171875,1051.550048828125,1082.6500244140625,1070.683349609375,425715.0
2025-02-18,1082.3499755859375,1082.75,1051.050048828125,1076.949951171875,1067.5113525390625,976428.0
2025-02-19,1058.0,1082.8499755859375,1047.5999755859375,1076.050048828125,1066.619384765625,346156.0
2025-02-20,1091.0,1103.449951171875,1067.949951171875,1081.3499755859375,1071.872802734375,1894343.0
2025-02-21,1083.0,1098.199951171875,1053.550048828125,1058.949951171875,1049.6690673828125,564026.0
2025-02-24,1048.1500244140625,1050.3499755859375,1037.1500244140625,1041.550048828125,1032.421630859375,486862.0
2025-02-25,1039.5,1054.3499755859375,1038.699951171875,1045.199951171875,1036.03955078125,660269.0
2025-02-27,1045.25,1050.0,1024.300048828125,1038.4000244140625,1029.2991943359375,942500.0
2025-02-28,1035.050048828125,1035.050048828125,1002.1500244140624,1016.5,1007.5911865234376,2472393.0
2025-03-03,1018.0,1032.699951171875,1002.4000244140624,1030.25,1021.220703125,549605.0
2025-03-04,1010.2999877929688,1032.75,1006.25,1022.7999877929688,1013.8359375,708878.0
2025-03-05,1020.0,1059.699951171875,1004.0,1057.0999755859375,1047.83544921875,677352.0
2025-03-06,1075.0,1090.0,1066.949951171875,1086.449951171875,1076.9281005859375,896629.0
2025-03-07,1086.6500244140625,1099.0,1083.050048828125,1087.800048828125,1078.266357421875,1212897.0
2025-03-10,1092.6500244140625,1099.0,1062.9000244140625,1068.9000244140625,1059.531982421875,717330.0
2025-03-11,1055.0,1074.800048828125,1045.25,1064.300048828125,1054.97216796875,725140.0
2025-03-12,1070.0,1095.0,1061.300048828125,1090.199951171875,1080.6451416015625,770987.0
2025-03-13,1095.0,1095.0,1032.0,1039.25,1030.1417236328125,1894793.0
2025-03-17,1037.0999755859375,1079.550048828125,1037.0999755859375,1076.3499755859375,1066.91650390625,628264.0
2025-03-18,1076.3499755859375,1076.3499755859375,1076.3499755859375,1076.3499755859375,1066.91650390625,0.0
2025-03-19,1102.5,1144.4000244140625,1098.4000244140625,1136.0,1126.0439453125,1209976.0
2025-03-20,1147.0,1202.0,1147.0,1194.300048828125,1183.8328857421875,2766980.0
2025-03-21,1207.0,1207.300048828125,1169.199951171875,1181.300048828125,1170.9468994140625,2395430.0
2025-03-24,1185.0,1206.5999755859375,1185.0,1201.4000244140625,1190.8707275390625,1330920.0
2025-03-25,1207.0,1210.0,1170.550048828125,1186.25,1175.853515625,1298776.0
2025-03-26,1186.25,1202.199951171875,1178.0,1182.9000244140625,1172.5328369140625,812349.0
2025-03-27,1182.0,1199.0,1129.8499755859375,1159.1500244140625,1148.9908447265625,5362970.0
2025-03-28,1174.449951171875,1181.550048828125,1154.0,1169.1500244140625,1158.9033203125,2164434.0
2025-04-01,1160.0,1179.0,1144.050048828125,1148.6500244140625,1138.5830078125,900487.0
2025-04-02,1154.0,1167.4000244140625,1138.5,1152.949951171875,1142.84521484375,1275536.0
2025-04-03,1130.0,1135.800048828125,1082.550048828125,1117.0999755859375,1107.3094482421875,2078500.0
2025-04-04,1097.0,1100.0,1014.0,1026.050048828125,1017.0574951171876,4793116.0
2025-04-07,925.0,959.8499755859376,919.0999755859376,951.5999755859376,943.2599487304688,3849870.0
2025-04-08,994.9500122070312,994.9500122070312,947.4000244140624,970.3499755859376,961.8456420898438,1980407.0
2025-04-09,965.0499877929688,972.7000122070312,940.75,969.8499755859376,961.3499755859376,1791396.0
2025-04-11,1010.0,1010.0,976.5,1002.1500244140624,993.366943359375,2146554.0
2025-04-15,1041.0,1076.0,1040.0999755859375,1073.0999755859375,1063.695068359375,2570787.0
2025-04-16,1075.699951171875,1078.5,1050.0,1055.0999755859375,1045.852783203125,1152520.0
2025-04-17,1049.0999755859375,1071.9000244140625,1041.0,1068.199951171875,1058.8380126953125,1223336.0
2025-04-21,1070.0,1100.5,1066.699951171875,1094.199951171875,1084.6102294921875,1241237.0
2025-04-22,1094.199951171875,1112.199951171875,1085.4000244140625,1103.5999755859375,1093.927734375,698419.0
2025-04-23,1103.0,1139.5999755859375,1095.9000244140625,1135.5,1125.5482177734375,1365780.0
2025-04-24,1126.0,1129.0,1097.9000244140625,1106.5,1096.8023681640625,1987515.0
2025-04-25,1105.5999755859375,1115.699951171875,1080.800048828125,1088.5,1078.9600830078125,1392564.0
2025-04-28,1082.0,1120.0,1082.0,1117.0999755859375,1107.3094482421875,1193121.0
2025-04-29,1135.0,1156.0,1117.0999755859375,1134.0,1124.061279296875,2134718.0
2025-04-30,1135.0,1135.0,1098.0,1104.199951171875,1094.5224609375,1270756.0
2025-05-02,1104.0,1120.5999755859375,1100.0,1104.4000244140625,1094.7208251953125,634781.0
2025-05-05,1108.9000244140625,1124.4000244140625,1095.0999755859375,1119.5999755859375,1109.7874755859375,672694.0
2025-05-06,1125.0,1130.0,1080.0,1087.300048828125,1077.770751953125,1383512.0
2025-05-07,1091.9000244140625,1144.4000244140625,1088.5999755859375,1140.9000244140625,1130.90087890625,1768753.0
2025-05-08,1152.0,1158.800048828125,1086.199951171875,1113.4000244140625,1103.6419677734375,2683717.0
2025-05-09,1129.0999755859375,1176.9000244140625,1111.0,1165.5999755859375,1155.3843994140625,5531033.0
2025-05-12,1205.0,1213.0999755859375,1173.300048828125,1199.199951171875,1188.68994140625,2499123.0
2025-05-13,1195.0,1231.699951171875,1192.0,1203.9000244140625,1193.3487548828125,3252512.0
2025-05-14,1210.0,1263.0,1206.0999755859375,1246.199951171875,1235.2779541015625,3139778.0
2025-05-15,1258.0,1263.199951171875,1244.0,1245.699951171875,1234.7823486328125,1297070.0
2025-05-16,1250.0,1270.0,1240.4000244140625,1263.0,1251.9307861328125,1693383.0
2025-05-19,1271.0,1279.0,1251.5999755859375,1257.300048828125,1246.28076171875,1427244.0
2025-05-20,1263.0,1268.0999755859375,1224.199951171875,1227.4000244140625,1216.642822265625,786186.0
2025-05-21,1226.800048828125,1248.4000244140625,1219.0999755859375,1229.0,1218.2288818359375,805567.0
2025-05-22,1228.9000244140625,1242.0,1217.0,1239.5999755859375,1228.73583984375,968052.0
2025-05-23,1241.0,1251.9000244140625,1231.300048828125,1245.0999755859375,1234.1876220703125,691587.0
2025-05-26,1245.0,1259.5999755859375,1240.800048828125,1249.699951171875,1238.747314453125,786355.0
2025-05-27,1246.0,1259.699951171875,1238.300048828125,1250.4000244140625,1239.441162109375,1239119.0
2025-05-28,1247.0999755859375,1259.300048828125,1242.0,1249.199951171875,1238.251708984375,1299910.0
2025-05-29,1256.5999755859375,1276.300048828125,1250.5999755859375,1255.9000244140625,1244.89306640625,1200243.0
2025-05-30,1260.0,1262.4000244140625,1238.0,1240.9000244140625,1230.0244140625,1020675.0
2025-06-02,1238.0,1264.0,1230.0,1256.9000244140625,1245.88427734375,1572954.0
2025-06-03,1258.9000244140625,1285.800048828125,1253.4000244140625,1270.4000244140625,1259.2659912109375,1513075.0
2025-06-04,1274.9000244140625,1280.5999755859375,1245.9000244140625,1270.699951171875,1259.563232421875,2282886.0
2025-06-05,1277.0999755859375,1278.699951171875,1257.0,1269.5999755859375,1258.472900390625,1340532.0
2025-06-06,1278.0,1299.699951171875,1262.4000244140625,1296.4000244140625,1285.0380859375,1728190.0
2025-06-09,1305.0,1362.0999755859375,1298.4000244140625,1344.5999755859375,1332.815673828125,2575104.0
2025-06-10,1360.0,1360.0,1331.199951171875,1338.699951171875,1326.96728515625,1606742.0
2025-06-11,1342.0,1350.5999755859375,1325.4000244140625,1333.5999755859375,1321.912109375,779516.0
2025-06-12,1334.800048828125,1342.5999755859375,1298.5999755859375,1305.0,1293.5626220703125,1186291.0
2025-06-13,1271.0,1315.0,1271.0,1309.300048828125,1297.8250732421875,883872.0
2025-06-16,1311.0,1325.0,1295.199951171875,1321.5999755859375,1310.01708984375,744549.0
2025-06-17,1321.5999755859375,1324.9000244140625,1295.0,1300.5,1289.1021728515625,560014.0
2025-06-18,1320.0,1321.0999755859375,1290.5999755859375,1297.800048828125,1286.4259033203125,1099732.0
2025-06-19,1299.0,1307.4000244140625,1273.0,1277.0,1265.80810546875,555035.0
2025-06-20,1273.0,1284.300048828125,1269.0,1278.300048828125,1267.0968017578125,904701.0
2025-06-23,1275.0999755859375,1305.0,1275.0999755859375,1295.800048828125,1284.4434814453125,2877325.0
2025-06-24,1309.5999755859375,1316.9000244140625,1287.5,1295.300048828125,1283.94775390625,1239813.0
2025-06-25,1296.5999755859375,1306.0999755859375,1270.5999755859375,1275.0999755859375,1263.9246826171875,896447.0
2025-06-26,1280.0,1291.4000244140625,1275.300048828125,1286.5,1275.224853515625,993564.0
2025-06-27,1287.9000244140625,1324.5,1287.9000244140625,1309.699951171875,1298.221435546875,1393640.0
2025-06-30,1317.0,1323.5,1305.5999755859375,1308.0999755859375,1296.635498046875,578990.0
2025-07-01,1314.9000244140625,1314.9000244140625,1270.0,1284.199951171875,1272.945068359375,1356145.0
2025-07-02,1288.9000244140625,1319.0,1275.0,1311.4000244140625,1299.9066162109375,1905720.0
2025-07-03,1311.9000244140625,1336.0999755859375,1297.0,1298.699951171875,1287.31787109375,1616581.0
2025-07-04,1305.0,1318.0,1291.199951171875,1314.5,1309.0272216796875,1039888.0
2025-07-07,1314.0,1314.0,1293.0,1306.199951171875,1300.7615966796875,436455.0
2025-07-08,1306.199951171875,1307.699951171875,1277.300048828125,1281.0999755859375,1275.76611328125,1030390.0
2025-07-09,1284.0,1287.0,1260.0,1261.5,1256.247802734375,755470.0
2025-07-10,1262.9000244140625,1266.800048828125,1220.5,1234.800048828125,1229.658935546875,1081155.0
2025-07-11,1222.0,1236.5,1210.800048828125,1214.800048828125,1209.7421875,916202.0
2025-07-14,1210.9000244140625,1218.5999755859375,1201.199951171875,1209.0,1203.9664306640625,973388.0
2025-07-15,1210.0,1241.0,1200.0,1237.4000244140625,1232.2481689453125,1117950.0
2025-07-16,1238.0999755859375,1238.5,1224.0,1231.300048828125,1226.173583984375,675810.0
2025-07-17,1234.0,1241.699951171875,1221.5999755859375,1224.800048828125,1219.70068359375,824491.0
2025-07-18,1225.0999755859375,1238.0999755859375,1215.0999755859375,1216.5999755859375,1211.5347900390625,517976.0
2025-07-21,1216.5999755859375,1225.5999755859375,1210.800048828125,1220.800048828125,1215.71728515625,418077.0
2025-07-22,1222.0,1222.199951171875,1203.0,1204.699951171875,1199.6842041015625,652973.0
2025-07-23,1207.199951171875,1226.300048828125,1205.199951171875,1223.699951171875,1218.6051025390625,514972.0
2025-07-24,1224.0999755859375,1230.300048828125,1213.4000244140625,1217.0,1211.93310546875,366807.0
2025-07-25,1214.0,1217.9000244140625,1185.699951171875,1204.0,1198.9871826171875,1123836.0
2025-07-28,1202.699951171875,1227.699951171875,1187.0,1188.5,1183.5516357421875,435067.0
2025-07-29,1188.5,1223.5,1185.0,1220.4000244140625,1215.3189697265625,478123.0
2025-07-30,1225.5,1225.5,1179.0,1188.5999755859375,1183.6513671875,1273567.0
2025-07-31,1163.9000244140625,1182.199951171875,1144.5999755859375,1169.0999755859375,1164.2325439453125,1929438.0
2025-08-01,1168.0,1168.0,1141.9000244140625,1146.0999755859375,1141.3282470703125,580962.0
2025-08-04,1145.0,1179.5999755859375,1140.4000244140625,1177.4000244140625,1172.4979248046875,596728.0
2025-08-05,1175.0,1177.699951171875,1151.5999755859375,1160.5,1155.668212890625,384753.0
2025-08-06,1151.699951171875,1172.9000244140625,1132.800048828125,1139.4000244140625,1134.65625,1375068.0
2025-08-07,1128.0,1165.699951171875,1102.0,1161.5999755859375,1156.763671875,2555948.0
2025-08-08,1159.0,1170.300048828125,1129.0,1135.199951171875,1130.4736328125,740040.0
2025-08-11,1136.800048828125,1173.300048828125,1129.5,1165.9000244140625,1161.0458984375,630216.0
2025-08-12,1165.9000244140625,1174.300048828125,1150.0,1152.4000244140625,1147.60205078125,518053.0
2025-08-13,1158.0999755859375,1185.5999755859375,1158.0999755859375,1181.5,1176.5809326171875,425145.0
2025-08-14,1182.4000244140625,1186.0,1167.0999755859375,1180.5,1175.5849609375,638001.0
2025-08-18,1199.800048828125,1200.0999755859375,1180.0,1184.5,1179.568359375,335523.0
2025-08-19,1184.9000244140625,1194.4000244140625,1175.4000244140625,1188.5,1183.5516357421875,217082.0
2025-08-20,1194.4000244140625,1194.4000244140625,1157.0,1158.9000244140625,1154.074951171875,598367.0
2025-08-21,1160.800048828125,1180.5,1148.9000244140625,1154.0999755859375,1149.294921875,2558248.0
2025-08-22,1150.0,1157.0999755859375,1120.199951171875,1123.0,1118.324462890625,1414231.0
2025-08-25,1125.9000244140625,1157.800048828125,1124.5999755859375,1139.4000244140625,1134.65625,1825618.0
2025-08-26,1136.199951171875,1143.199951171875,1110.0,1122.300048828125,1117.62744140625,1196400.0
2025-08-28,1115.0,1132.4000244140625,1105.0999755859375,1124.5999755859375,1119.917724609375,1103861.0
2025-08-29,1117.0,1127.9000244140625,1100.5,1106.699951171875,1102.09228515625,1414573.0
2025-09-01,1106.699951171875,1131.9000244140625,1104.5999755859375,1126.4000244140625,1121.710205078125,588447.0
2025-09-02,1125.0,1143.199951171875,1115.5999755859375,1134.5999755859375,1129.876220703125,624504.0
2025-09-03,1139.0,1140.699951171875,1130.0999755859375,1135.5999755859375,1130.8719482421875,245821.0
2025-09-04,1165.0,1165.0,1128.0,1131.4000244140625,1126.6895751953125,683551.0
2025-09-05,1145.0,1149.9000244140625,1128.0,1136.699951171875,1131.9674072265625,775351.0
2025-09-08,1144.0,1214.9000244140625,1140.5999755859375,1202.800048828125,1197.792236328125,3849812.0
2025-09-09,1203.0,1206.9000244140625,1170.0999755859375,1181.699951171875,1176.780029296875,748250.0
2025-09-10,1205.0,1238.699951171875,1198.199951171875,1199.9000244140625,1194.904296875,2479810.0
2025-09-11,1199.300048828125,1218.4000244140625,1194.0,1211.9000244140625,1206.8543701171875,610937.0
2025-09-12,1229.0,1235.5999755859375,1215.0,1223.0,1217.908203125,1086138.0
2025-09-15,1223.699951171875,1240.0,1217.300048828125,1237.199951171875,1232.0489501953125,818690.0
2025-09-16,1240.0,1265.199951171875,1239.0,1263.199951171875,1257.9407958984375,1396380.0
2025-09-17,1269.4000244140625,1275.4000244140625,1261.300048828125,1268.5999755859375,1263.3182373046875,1638765.0
2025-09-18,1278.0,1278.5,1266.800048828125,1268.5999755859375,1263.3182373046875,622251.0
2025-09-19,1267.0,1275.5999755859375,1253.5999755859375,1272.699951171875,1267.401123046875,1013984.0
2025-09-22,1265.5999755859375,1273.800048828125,1252.300048828125,1256.0,1250.770751953125,402246.0
2025-09-23,1256.0,1273.800048828125,1247.0999755859375,1251.0,1245.7916259765625,1451840.0
2025-09-24,1250.5,1250.5,1207.0999755859375,1209.0,1203.9664306640625,926067.0
2025-09-25,1210.4000244140625,1225.0,1204.0,1207.300048828125,1202.2735595703125,463260.0
2025-09-26,1199.0,1210.0,1179.0,1181.0999755859375,1176.1826171875,705082.0
2025-09-29,1192.800048828125,1228.9000244140625,1182.199951171875,1214.0,1208.945556640625,9224344.0
2025-09-30,1203.9000244140625,1223.699951171875,1193.199951171875,1212.4000244140625,1207.352294921875,1252243.0
2025-10-01,1219.9000244140625,1229.9000244140625,1202.4000244140625,1219.5999755859375,1214.522216796875,843754.0
2025-10-03,1219.5999755859375,1230.0,1210.199951171875,1220.199951171875,1215.1197509765625,434862.0
2025-10-06,1222.0,1238.5999755859375,1212.0,1234.5999755859375,1229.459716796875,313008.0
2025-10-07,1237.0,1240.5,1212.699951171875,1216.800048828125,1211.7340087890625,686058.0
2025-10-08,1217.0,1221.0,1183.0,1191.0,1186.0413818359375,824378.0
2025-10-09,1190.5,1212.800048828125,1179.4000244140625,1209.300048828125,1204.2652587890625,469286.0
2025-10-10,1215.0,1227.0999755859375,1208.199951171875,1220.0,1214.920654296875,423694.0
2025-10-13,1220.0,1228.0,1200.199951171875,1226.199951171875,1221.0947265625,290988.0
2025-10-14,1225.5999755859375,1233.800048828125,1202.0,1222.9000244140625,1217.80859375,970885.0
2025-10-15,1227.0,1241.0,1217.800048828125,1232.5999755859375,1227.4681396484375,373500.0
2025-10-16,1234.0,1275.9000244140625,1230.0,1265.199951171875,1259.932373046875,1695549.0
2025-10-17,1269.800048828125,1270.0,1236.5,1241.5999755859375,1236.4306640625,674285.0
2025-10-20,1245.0,1254.300048828125,1240.4000244140625,1247.699951171875,1242.5052490234375,587947.0
2025-10-21,1258.0,1259.0999755859375,1235.0999755859375,1243.4000244140625,1238.2232666015625,93642.0
2025-10-23,1268.9000244140625,1311.0,1265.0,1300.0999755859375,1294.68701171875,3449100.0
2025-10-24,1300.0999755859375,1311.0,1277.0,1283.9000244140625,1278.5545654296875,852230.0
2025-10-27,1289.9000244140625,1307.199951171875,1284.0,1301.4000244140625,1295.981689453125,621215.0
2025-10-28,1302.199951171875,1320.5999755859375,1289.0,1308.0999755859375,1302.6536865234375,1303001.0
2025-10-29,1308.0999755859375,1324.5,1295.699951171875,1322.199951171875,1316.695068359375,643943.0
2025-10-30,1325.0,1326.800048828125,1305.0,1317.199951171875,1311.7158203125,430914.0
2025-10-31,1317.199951171875,1328.800048828125,1307.300048828125,1324.699951171875,1319.1845703125,793616.0
2025-11-03,1324.0999755859375,1355.699951171875,1316.5999755859375,1340.699951171875,1335.117919921875,797023.0
2025-11-04,1341.0,1342.9000244140625,1319.5999755859375,1324.9000244140625,1319.3837890625,547122.0
2025-11-06,1320.0,1331.5999755859375,1299.0999755859375,1319.699951171875,1314.2054443359375,1108499.0
2025-11-07,1315.0,1320.699951171875,1301.4000244140625,1317.0999755859375,1311.6162109375,457443.0
2025-11-10,1318.300048828125,1336.0,1306.800048828125,1328.4000244140625,1322.869384765625,723187.0
2025-11-11,1333.800048828125,1411.0,1303.699951171875,1402.0999755859375,1396.262451171875,4813720.0
2025-11-12,1410.0,1410.0,1378.5999755859375,1389.199951171875,1383.4161376953125,1721977.0
2025-11-13,1396.199951171875,1410.9000244140625,1377.0,1388.800048828125,1383.017822265625,1046952.0
2025-11-14,1377.0,1405.0,1368.0,1396.699951171875,1390.8848876953125,1232599.0
2025-11-17,1402.0,1402.0,1380.0,1383.699951171875,1377.93896484375,1511212.0
2025-11-18,1388.0,1404.0,1371.5,1396.5999755859375,1390.7852783203125,1361221.0
2025-11-19,1398.9000244140625,1453.5,1396.699951171875,1446.199951171875,1440.1787109375,2476584.0
2025-11-20,1460.0,1460.199951171875,1432.9000244140625,1435.4000244140625,1429.4237060546875,903044.0
2025-11-21,1432.199951171875,1435.9000244140625,1406.300048828125,1410.199951171875,1404.32861328125,796865.0
2025-11-24,1410.199951171875,1430.0999755859375,1402.699951171875,1412.199951171875,1406.3204345703125,3019271.0
2025-11-25,1410.0,1422.699951171875,1399.300048828125,1409.699951171875,1403.830810546875,668177.0
2025-11-26,1408.0,1436.0,1405.300048828125,1431.300048828125,1425.3409423828125,567619.0
2025-11-27,1435.0,1445.199951171875,1428.9000244140625,1433.4000244140625,1427.43212890625,463627.0
2025-11-28,1433.4000244140625,1438.300048828125,1412.699951171875,1433.800048828125,1427.8304443359375,1148404.0
2025-12-01,1438.0,1450.0,1424.9000244140625,1433.0,1427.0338134765625,495952.0
2025-12-02,1428.699951171875,1433.9000244140625,1409.199951171875,1421.4000244140625,1415.4820556640625,1579879.0
2025-12-03,1415.0,1415.0,1385.0,1406.699951171875,1400.84326171875,1946889.0
2025-12-04,1405.0,1419.300048828125,1389.699951171875,1394.300048828125,1388.4949951171875,805774.0
2025-12-05,1394.4000244140625,1408.300048828125,1385.699951171875,1406.0,1400.146240234375,483518.0
2025-12-08,1400.0,1405.0,1364.199951171875,1373.5999755859375,1367.881103515625,662073.0
2025-12-09,1368.0,1390.800048828125,1347.5,1383.300048828125,1377.540771484375,700847.0
2025-12-10,1387.0999755859375,1392.4000244140625,1375.699951171875,1383.800048828125,1378.0386962890625,570470.0
2025-12-11,1375.0,1414.199951171875,1375.0,1407.4000244140625,1401.540283203125,550022.0
2025-12-12,1414.9000244140625,1430.0,1404.699951171875,1426.5999755859375,1420.660400390625,509588.0
2025-12-15,1426.0,1426.5999755859375,1397.5,1414.0999755859375,1408.2125244140625,546507.0
2025-12-16,1414.0999755859375,1424.0,1395.0,1417.4000244140625,1411.498779296875,425601.0
2025-12-17,1415.0,1419.4000244140625,1400.5,1413.300048828125,1407.415771484375,282655.0
2025-12-18,1419.800048828125,1419.800048828125,1384.0,1407.5,1401.639892578125,431008.0
2025-12-19,1401.4000244140625,1442.699951171875,1400.5,1439.9000244140625,1433.905029296875,503965.0
2025-12-22,1450.800048828125,1463.4000244140625,1440.9000244140625,1456.199951171875,1450.13720703125,605327.0
2025-12-23,1463.199951171875,1465.0,1437.5,1460.199951171875,1454.1204833984375,477398.0
2025-12-24,1467.5,1470.5999755859375,1447.0,1450.5,1444.4609375,406574.0
2025-12-26,1447.300048828125,1460.0,1438.0,1443.800048828125,1437.7889404296875,544143.0
2025-12-29,1442.9000244140625,1455.4000244140625,1438.199951171875,1445.699951171875,1439.6807861328125,587076.0
2025-12-30,1441.0,1466.800048828125,1441.0,1454.5999755859375,1448.5438232421875,791722.0
2025-12-31,1490.9000244140625,1490.9000244140625,1455.0,1470.4000244140625,1464.278076171875,1952667.0
2026-01-01,1480.0,1480.0,1459.4000244140625,1464.4000244140625,1458.3031005859375,368504.0
2026-01-02,1467.0,1487.9000244140625,1462.4000244140625,1477.199951171875,1471.0496826171875,1005873.0
2026-01-05,1486.9000244140625,1494.0,1465.9000244140625,1482.300048828125,1476.128662109375,918595.0
2026-01-06,1483.0,1506.5,1468.800048828125,1474.699951171875,1468.5601806640625,841560.0
2026-01-07,1475.5999755859375,1491.0999755859375,1464.0999755859375,1483.4000244140625,1477.223876953125,483951.0
2026-01-08,1480.0,1485.699951171875,1446.800048828125,1454.0999755859375,1448.0460205078125,1960058.0
2026-01-09,1458.9000244140625,1467.0999755859375,1439.300048828125,1444.5,1438.48583984375,725796.0
2026-01-12,1435.0,1460.0999755859375,1419.0,1456.5999755859375,1450.5355224609375,533588.0
2026-01-13,1457.300048828125,1467.5999755859375,1448.0,1460.300048828125,1454.2200927734375,476748.0
2026-01-14,1454.9000244140625,1464.5999755859375,1440.0,1447.199951171875,1441.174560546875,306790.0
2026-01-16,1444.0999755859375,1478.0,1444.0999755859375,1457.4000244140625,1451.332275390625,513291.0
2026-01-19,1454.9000244140625,1456.4000244140625,1412.0,1415.0999755859375,1409.208251953125,435724.0
2026-01-20,1409.0,1418.800048828125,1385.5,1394.0999755859375,1388.2957763671875,634730.0
2026-01-21,1386.0,1405.699951171875,1366.699951171875,1380.0,1374.2545166015625,878004.0
2026-01-22,1395.0,1442.4000244140625,1381.0,1431.5,1425.5400390625,682858.0
2026-01-23,1435.0,1444.5,1398.699951171875,1408.800048828125,1402.9345703125,650137.0
2026-01-27,1427.9000244140625,1444.300048828125,1395.0999755859375,1418.5,1412.59423828125,662750.0
2026-01-28,1424.699951171875,1469.0999755859375,1414.4000244140625,1459.0999755859375,1453.025146484375,1434750.0
2026-01-29,1461.0999755859375,1463.0999755859375,1425.4000244140625,1437.9000244140625,1431.9134521484375,993700.0
2026-01-30,1434.699951171875,1450.9000244140625,1419.199951171875,1441.4000244140625,1435.3988037109375,1048256.0
2026-02-02,1385.300048828125,1453.5999755859375,1384.4000244140625,1443.699951171875,1437.689208984375,638162.0
2026-02-03,1560.0,1588.0,1533.0999755859375,1539.0,1532.5924072265625,5756431.0
2026-02-04,1540.0,1596.9000244140625,1529.0,1591.0,1584.3759765625,1510124.0
2026-02-05,1598.0,1599.0,1561.5,1573.199951171875,1566.6500244140625,1823030.0
2026-02-06,1573.199951171875,1573.699951171875,1541.4000244140625,1557.5,1551.015380859375,638178.0
2026-02-09,1585.0,1615.4000244140625,1578.0,1590.4000244140625,1583.7784423828125,1122123.0
2026-02-10,1590.5,1617.0,1582.199951171875,1614.0,1607.2801513671875,918399.0
2026-02-11,1620.0,1688.4000244140625,1607.5999755859375,1676.4000244140625,1669.42041015625,2361480.0
2026-02-12,1676.0,1756.9000244140625,1619.5999755859375,1726.699951171875,1719.5108642578125,5012665.0
2026-02-13,1756.9000244140625,1784.199951171875,1725.9000244140625,1738.800048828125,1731.5606689453125,4313855.0
2026-02-16,1739.0999755859375,1773.199951171875,1720.199951171875,1727.4000244140625,1720.2081298828125,2443341.0
2026-02-17,1727.5999755859375,1766.0,1726.0999755859375,1751.199951171875,1743.908935546875,1658775.0
2026-02-18,1753.300048828125,1778.9000244140625,1747.300048828125,1771.4000244140625,1766.0418701171875,1977808.0
2026-02-19,1779.800048828125,1801.300048828125,1751.800048828125,1758.199951171875,1752.8817138671875,1767490.0
2026-02-20,1749.5999755859375,1784.0,1738.199951171875,1780.0,1774.6158447265625,2389917.0
2026-02-23,1798.0,1838.0,1783.0,1832.0,1826.45849609375,2598731.0
2026-02-24,1834.5999755859373,1864.699951171875,1817.800048828125,1858.300048828125,1852.6790771484373,1733890.0
2026-02-25,1868.0,1908.9000244140625,1849.199951171875,1902.0,1896.246826171875,1539022.0
2026-02-26,1902.0999755859373,1919.9000244140625,1884.800048828125,1912.0,1906.216552734375,1444595.0
2026-02-27,1922.0,1926.300048828125,1901.0999755859373,1911.199951171875,1905.4189453125,1401713.0
2026-03-02,1860.0999755859373,1929.5,1852.199951171875,1879.300048828125,1873.615478515625,1490881.0
2026-03-04,1870.0,1870.0,1810.4000244140625,1841.800048828125,1836.2288818359373,1688493.0
2026-03-05,1900.0,1918.0,1859.9000244140625,1898.4000244140625,1892.65771484375,3038129.0
2026-03-06,1894.9000244140625,1935.5,1879.9000244140625,1923.9000244140625,1918.08056640625,1711572.0
2026-03-09,1909.199951171875,1909.199951171875,1809.9000244140625,1862.300048828125,1856.6669921875,1166675.0
2026-03-10,1885.0,1886.5,1827.0999755859373,1842.199951171875,1836.627685546875,959909.0
2026-03-11,1849.699951171875,1862.800048828125,1793.0,1797.0999755859375,1791.6640625,807896.0
2026-03-12,1789.9000244140625,1792.4000244140625,1720.0,1779.5999755859375,1774.217041015625,1253973.0
2026-03-13,1764.0,1775.5,1666.0999755859375,1675.0999755859375,1670.0330810546875,1361265.0
2026-03-16,1675.0999755859375,1717.4000244140625,1650.0,1697.0,1691.866943359375,905203.0
2026-03-17,1708.0,1755.0,1691.199951171875,1746.0,1740.7186279296875,1099383.0
2026-03-18,1760.0,1812.0,1760.0,1804.4000244140625,1798.9420166015625,2118929.0
2026-03-19,1760.199951171875,1773.0,1701.0,1712.4000244140625,1707.2203369140625,874537.0
2026-03-20,1718.0,1757.9000244140625,1706.300048828125,1711.5,1706.322998046875,939720.0
2026-03-23,1700.0,1700.0,1634.0,1648.5999755859375,1643.61328125,1394239.0
2026-03-24,1700.0,1724.4000244140625,1649.4000244140625,1708.800048828125,1703.6312255859375,1227249.0
2026-03-25,1738.5,1751.4000244140625,1720.0,1736.5,1731.2474365234375,1733055.0
2026-03-27,1721.0,1739.0,1684.300048828125,1725.0999755859375,1719.8818359375,2212093.0
2026-03-30,1690.0,1707.800048828125,1653.699951171875,1674.5999755859375,1669.53466796875,1836256.0
2026-04-01,1710.0,1730.5,1661.699951171875,1668.4000244140625,1663.3533935546875,957975.0
2026-04-02,1644.699951171875,1657.4000244140625,1613.4000244140625,1642.5999755859375,1637.6314697265625,1002002.0
2026-04-06,1637.0,1680.0,1616.5999755859375,1670.5999755859375,1665.5467529296875,1211548.0
2026-04-07,1667.9000244140625,1675.5999755859375,1610.199951171875,1671.300048828125,1666.24462890625,1247449.0
2026-04-08,1716.5,1791.4000244140625,1716.5,1781.4000244140625,1776.0115966796875,1961222.0
2026-04-09,1778.0,1781.0,1724.0999755859375,1739.4000244140625,1734.138671875,1861562.0
2026-04-10,1751.0,1805.0,1751.0,1798.800048828125,1793.3590087890625,1462504.0
2026-04-13,1770.0,1822.5,1739.199951171875,1801.300048828125,1795.8514404296875,1138866.0
2026-04-15,1830.0,1849.300048828125,1811.5,1831.5999755859373,1826.0596923828125,1709299.0
2026-04-16,1847.9000244140625,1860.0,1830.0,1855.800048828125,1850.1866455078125,1279566.0
2026-04-17,1855.800048828125,1876.0,1821.0,1860.5,1854.872314453125,1036045.0
2026-04-20,1864.0,1881.9000244140625,1831.699951171875,1866.199951171875,1860.5550537109373,742005.0
2026-04-21,1875.0,1915.0,1873.0,1895.800048828125,1890.0655517578125,971441.0
2026-04-22,1888.0999755859373,1925.0,1888.0999755859373,1903.199951171875,1897.443115234375,1054785.0
2026-04-23,1899.0,1912.4000244140625,1846.4000244140625,1874.0999755859373,1868.43115234375,1398269.0
2026-04-24,1884.0,1892.0999755859373,1836.0,1856.0,1850.385986328125,680205.0
2026-04-27,1865.4000244140625,1919.4000244140625,1865.4000244140625,1901.0999755859373,1895.3494873046875,890710.0
2026-04-28,1910.0,1915.0,1890.0,1894.800048828125,1889.068603515625,546155.0
2026-04-29,1905.699951171875,1949.9000244140625,1897.199951171875,1907.800048828125,1902.029296875,1752427.0
2026-04-30,1904.0999755859373,1906.5,1846.699951171875,1881.5999755859373,1875.908447265625,2076179.0
2026-05-01,1881.5999755859373,1881.5999755859373,1881.5999755859373,1881.5999755859373,1875.908447265625,0.0
2026-05-04,1912.300048828125,1916.0999755859373,1837.5,1845.800048828125,1840.216796875,1030440.0
2026-05-05,1845.800048828125,1878.300048828125,1818.300048828125,1866.5999755859373,1860.953857421875,1019363.0
2026-05-06,1885.0,1905.0,1831.199951171875,1873.800048828125,1868.1322021484373,1389306.0
2026-05-07,1887.4000244140625,2026.5999755859373,1856.0999755859373,1992.9000244140625,1986.871826171875,7055670.0
2026-05-08,2009.4000244140625,2044.0,1975.0999755859373,1989.699951171875,1983.6815185546875,3399059.0
2026-05-11,1983.0,2007.4000244140625,1952.4000244140625,1987.0,1980.98974609375,1307321.0
2026-05-12,1999.0,1999.0,1907.199951171875,1913.0,1907.2135009765625,1099257.0
2026-05-13,1912.9000244140625,1986.9000244140625,1911.800048828125,1945.9000244140625,1940.0140380859373,1225143.0
2026-05-14,1972.0,1976.699951171875,1938.800048828125,1948.9000244140625,1943.0050048828125,1194716.0
2026-05-15,1959.699951171875,1959.699951171875,1905.0999755859373,1913.0999755859373,1907.313232421875,822275.0
2026-05-18,1910.0,1910.0,1865.4000244140625,1891.0,1885.280029296875,472953.0
2026-05-19,1885.0,1902.800048828125,1848.0,1857.300048828125,1851.6820068359373,1020594.0
2026-05-20,1845.0,1905.699951171875,1827.5999755859373,1888.199951171875,1882.488525390625,953954.0
2026-05-21,1902.0,1931.9000244140625,1892.199951171875,1898.800048828125,1893.0565185546875,589383.0
2026-05-22,1900.0,1916.9000244140625,1892.0,1897.699951171875,1891.959716796875,636410.0
2026-05-25,1914.800048828125,1942.9000244140625,1896.300048828125,1918.300048828125,1912.49755859375,831690.0
2026-05-26,1926.5999755859373,1939.9000244140625,1908.300048828125,1930.4000244140625,1924.5609130859373,1012118.0
2026-05-27,1938.9000244140625,1961.0,1916.0,1938.5999755859373,1932.736083984375,561943.0
2026-05-28,1938.5999755859373,1938.5999755859373,1938.5999755859373,1938.5999755859373,1932.736083984375,0.0
2026-05-29,1956.4000244140625,1967.800048828125,1920.0,1957.199951171875,1951.27978515625,3127027.0
2026-06-01,1970.0999755859373,1970.0999755859373,1915.300048828125,1922.699951171875,1916.8841552734373,758736.0
2026-06-02,1913.9000244140625,1918.800048828125,1870.5,1902.9000244140625,1897.14404296875,1291251.0
2026-06-03,1908.0999755859373,1948.9000244140625,1893.9000244140625,1936.5,1930.6424560546875,808066.0
2026-06-04,1936.5,1988.5,1931.5,1937.5,1931.639404296875,1347808.0
2026-06-05,1928.0999755859373,1952.0,1917.0999755859373,1929.800048828125,1923.9627685546875,380703.0
2026-06-08,1909.9000244140625,1931.0,1882.199951171875,1893.0999755859373,1887.3736572265625,402580.0
2026-06-09,1908.0,1954.5999755859373,1903.4000244140625,1925.4000244140625,1919.5760498046875,1005803.0
2026-06-10,1925.4000244140625,1975.4000244140625,1877.0,1949.199951171875,1943.303955078125,1923743.0
2026-06-11,1947.199951171875,1965.0,1928.800048828125,1942.9000244140625,1937.0230712890625,801831.0
2026-06-12,1952.0,1982.699951171875,1912.199951171875,1945.0999755859373,1939.2164306640625,893592.0
2026-06-15,1971.5,2036.0,1954.800048828125,2020.5,2014.3883056640625,1665028.0
2026-06-16,2040.0,2040.0,2005.5,2012.300048828125,2006.2132568359373,925881.0
2026-06-17,2022.0,2039.0,2001.0999755859373,2034.5,2028.3460693359373,670471.0
2026-06-18,2040.0,2049.10009765625,2005.9000244140625,2019.9000244140625,2013.7901611328125,840631.0
2026-06-19,2031.0999755859373,2059.5,2019.9000244140625,2041.4000244140625,2035.2252197265625,1726725.0
2026-06-22,2060.0,2113.60009765625,2041.699951171875,2103.800048828125,2097.4365234375,1846475.0
2026-06-23,2115.0,2158.5,2103.800048828125,2152.300048828125,2145.789794921875,1891131.0
2026-06-24,2145.0,2167.5,2099.300048828125,2122.800048828125,2116.37890625,1303397.0
2026-06-25,2139.800048828125,2166.0,2122.89990234375,2145.300048828125,2138.810791015625,1291633.0
2026-06-26,2145.300048828125,2145.300048828125,2145.300048828125,2145.300048828125,2138.810791015625,0.0
2026-06-29,2145.300048828125,2238.0,2096.10009765625,2170.89990234375,2164.333251953125,7505450.0
2026-06-30,2114.10009765625,2166.10009765625,2056.10009765625,2144.10009765625,2137.614501953125,2138525.0
2026-07-01,2151.0,2167.89990234375,2088.300048828125,2108.800048828125,2102.42138671875,1124785.0
2026-07-02,2135.0,2153.699951171875,2098.199951171875,2148.89990234375,2142.39990234375,773217.0
2026-07-03,2160.0,2175.0,2129.60009765625,2136.699951171875,2136.699951171875,537585.0
2026-07-06,2139.89990234375,2176.10009765625,2134.0,2138.699951171875,2138.699951171875,648594.0
2026-07-07,2136.0,2143.89990234375,2096.60009765625,2111.60009765625,2111.60009765625,773390.0
2026-07-08,2108.10009765625,2149.89990234375,2083.0,2100.5,2100.5,861054.0
2026-07-09,2102.0,2140.199951171875,2085.39990234375,2130.60009765625,2130.60009765625,585560.0
2026-07-10,2143.39990234375,2159.89990234375,2108.10009765625,2117.0,2117.0,495091.0
2026-07-13,2108.0,2153.0,2096.300048828125,2145.60009765625,2145.60009765625,628327.0
2026-07-14,2137.39990234375,2149.0,2098.10009765625,2119.699951171875,2119.699951171875,568854.0
2026-07-15,2124.0,2152.39990234375,2095.5,2100.39990234375,2100.39990234375,719809.0
2026-07-16,2102.300048828125,2126.699951171875,2082.0,2104.699951171875,2104.699951171875,832197.0
2026-07-17,2101.0,2196.699951171875,2101.0,2190.5,2190.5,1942065.0
2026-07-20,2194.699951171875,2215.39990234375,2169.10009765625,2209.0,2209.0,864497.0
2026-07-21,2208.10009765625,2223.199951171875,2186.800048828125,2201.800048828125,2201.800048828125,718771.0
2026-07-22,2188.0,2215.0,2179.5,2185.5,2185.5,796312.0
2026-07-23,2182.0,2207.0,2159.199951171875,2175.300048828125,2175.300048828125,761358.0
2026-07-24,2162.0,2169.0,2128.10009765625,2151.60009765625,2151.60009765625,634484.0
2026-07-27,2168.0,2189.0,2151.60009765625,2181.300048828125,2181.300048828125,704988.0
2026-07-28,2182.0,2186.60009765625,2142.0,2162.699951171875,2162.699951171875,734961.0
2026-07-29,2173.5,2185.0,2151.199951171875,2171.5,2171.5,686018.0
2026-07-30,2165.0,2175.39990234375,2141.39990234375,2164.699951171875,2164.699951171875,317987.0
2026-07-31,2164.699951171875,2212.60009765625,2161.5,2199.800048828125,2199.800048828125,952103.0
2026-08-03,2218.0,2232.5,2192.0,2211.0,2211.0,596791.0
2026-08-04,2213.199951171875,2214.89990234375,2177.10009765625,2195.0,2195.0,699993.0
2026-08-05,2197.699951171875,2229.800048828125,2184.0,2197.10009765625,2197.10009765625,743973.0
2026-08-06,2197.10009765625,2222.39990234375,2176.10009765625,2210.0,2210.0,897784.0
2026-08-07,2209.89990234375,2270.0,2190.39990234375,2265.199951171875,2265.199951171875,1152060.0
2026-08-10,2278.800048828125,2295.0,2056.10009765625,2093.10009765625,2093.10009765625,5058607.0
2026-08-11,2114.89990234375,2144.39990234375,2028.0,2051.0,2051.0,4011397.0
2026-08-12,2051.0,2081.5,2042.9000244140625,2081.5,2081.5,1981864.0
2026-08-13,2080.0,2103.0,2075.0,2088.0,2088.0,1073265.0
2026-08-14,2088.0,2090.699951171875,2052.60009765625,2065.0,2065.0,804954.0
2026-08-17,2057.800048828125,2099.60009765625,2055.60009765625,2093.0,2093.0,1157779.0
2026-08-18,2089.89990234375,2098.89990234375,2064.0,2098.89990234375,2098.89990234375,771575.0
2026-08-19,2090.0,2095.0,2048.60009765625,2069.0,2069.0,1263394.0
2026-08-20,2071.10009765625,2084.0,2045.199951171875,2062.0,2062.0,417329.0
2026-08-21,2054.0,2072.0,2021.300048828125,2063.0,2063.0,877899.0
2026-08-24,2058.0,2067.199951171875,2036.9000244140625,2041.0,2041.0,993747.0
2026-08-25,2040.5,2052.5,2026.0,2052.5,2052.5,559434.0
2026-08-26,2052.5,2052.5,2005.0,2005.0,2005.0,456259.0
2026-08-27,2006.0,2050.0,2006.0,2050.0,2050.0,1465432.0
2026-08-28,2048.10009765625,2048.10009765625,2005.4000244140625,2037.699951171875,2037.699951171875,362775.0
2026-08-31,2034.9000244140625,2104.89990234375,2012.0,2104.89990234375,2104.89990234375,779889.0
2026-09-01,2076.0,2076.10009765625,2040.0,2052.199951171875,2052.199951171875,976086.0
2026-09-02,2046.0999755859375,2046.0999755859375,2006.300048828125,2031.800048828125,2031.800048828125,1341071.0
2026-09-03,2025.0,2033.0,1978.300048828125,1981.0,1981.0,1921003.0
2026-09-04,1997.5999755859375,1997.5999755859375,1951.0,1956.0,1956.0,1526364.0
2026-09-07,1953.0,1955.9000244140625,1927.300048828125,1955.0,1955.0,1414192.0
2026-09-08,1954.5,2027.5,1930.5,2003.699951171875,2003.699951171875,1947343.0
2026-09-09,1995.5,2005.0,1970.5,1979.5999755859375,1979.5999755859375,522619.0
2026-09-10,1974.5999755859375,1981.0,1941.5,1954.9000244140625,1954.9000244140625,403296.0
2026-09-11,1947.800048828125,1947.9000244140625,1908.5999755859375,1944.9000244140625,1944.9000244140625,283776.0
2026-09-14,1944.9000244140625,1944.9000244140625,1944.9000244140625,1944.9000244140625,1944.9000244140625,0.0
2026-09-15,1944.9000244140625,1950.0,1869.0999755859375,1877.199951171875,1877.199951171875,293090.0
2026-09-16,1879.0,1897.5999755859375,1850.4000244140625,1885.0,1885.0,638432.0
2026-09-17,1885.9000244140625,1941.0,1878.0,1918.699951171875,1918.699951171875,522135.0
2026-09-18,1940.0999755859375,1994.9000244140625,1940.0999755859375,1962.0999755859375,1962.0999755859375,1602315.0
2026-09-21,1964.9000244140625,1981.800048828125,1942.199951171875,1968.9000244140625,1968.9000244140625,685946.0
2026-09-22,1965.0,2010.0,1965.0,2009.0,2009.0,982220.0
2026-09-23,2010.0,2016.0,1982.5,2004.0,2004.0,759098.0
