date,open,high,low,close,adjclose,volume
2021-09-15,9.899999618530273,9.899999618530273,9.850000381469727,9.899999618530273,9.899999618530273,31726.0
2021-09-16,10.300000190734863,10.350000381469727,10.100000381469727,10.350000381469727,10.350000381469727,61046.0
2021-09-17,10.850000381469727,10.850000381469727,9.850000381469727,9.899999618530273,9.899999618530273,153299.0
2021-09-20,10.350000381469727,10.350000381469727,9.449999809265137,9.550000190734863,9.550000190734863,47239.0
2021-09-21,9.449999809265137,10.0,9.25,9.75,9.75,34150.0
2021-09-22,9.899999618530273,9.899999618530273,9.300000190734863,9.399999618530273,9.399999618530273,46549.0
2021-09-23,9.149999618530273,9.399999618530273,9.050000190734863,9.149999618530273,9.149999618530273,50963.0
2021-09-24,9.149999618530273,9.399999618530273,9.149999618530273,9.199999809265137,9.199999809265137,26371.0
2021-09-27,9.0,9.600000381469727,8.850000381469727,9.449999809265137,9.449999809265137,63938.0
2021-09-28,9.699999809265137,9.699999809265137,9.25,9.300000190734863,9.300000190734863,16498.0
2021-09-29,9.5,9.5,9.050000190734863,9.199999809265137,9.199999809265137,18019.0
2021-09-30,9.399999618530273,9.399999618530273,8.949999809265137,9.0,9.0,43267.0
2021-10-01,9.0,9.449999809265137,9.0,9.350000381469727,9.350000381469727,30665.0
2021-10-04,9.350000381469727,9.649999618530273,9.199999809265137,9.649999618530273,9.649999618530273,34587.0
2021-10-05,9.699999809265137,9.949999809265137,9.5,9.800000190734863,9.800000190734863,33133.0
2021-10-06,10.050000190734863,10.199999809265137,9.550000190734863,9.699999809265137,9.699999809265137,37817.0
2021-10-07,9.5,9.949999809265137,9.350000381469727,9.5,9.5,40227.0
2021-10-08,9.699999809265137,10.399999618530273,9.050000190734863,10.199999809265137,10.199999809265137,92382.0
2021-10-11,10.899999618530273,11.199999809265137,10.699999809265137,11.199999809265137,11.199999809265137,100600.0
2021-10-12,12.100000381469727,12.300000190734863,11.050000190734863,12.25,12.25,381211.0
2021-10-13,12.25,12.25,11.649999618530273,11.649999618530273,11.649999618530273,126696.0
2021-10-14,11.100000381469727,11.300000190734863,11.100000381469727,11.100000381469727,11.100000381469727,33001.0
2021-10-18,10.949999809265137,11.100000381469727,10.550000190734863,10.550000190734863,10.550000190734863,61168.0
2021-10-19,10.050000190734863,10.350000381469727,10.050000190734863,10.050000190734863,10.050000190734863,96616.0
2021-10-20,10.050000190734863,10.050000190734863,9.600000381469727,9.699999809265137,9.699999809265137,85589.0
2021-10-21,9.899999618530273,10.149999618530273,9.699999809265137,10.149999618530273,10.149999618530273,48852.0
2021-10-22,10.550000190734863,10.649999618530273,10.350000381469727,10.649999618530273,10.649999618530273,57889.0
2021-10-25,11.149999618530273,11.149999618530273,10.149999618530273,10.199999809265137,10.199999809265137,86874.0
2021-10-26,10.399999618530273,10.699999809265137,10.050000190734863,10.699999809265137,10.699999809265137,40988.0
2021-10-27,10.850000381469727,11.0,10.199999809265137,10.199999809265137,10.199999809265137,53581.0
2021-10-28,10.25,10.25,9.699999809265137,9.800000190734863,9.800000190734863,71520.0
2021-10-29,9.699999809265137,9.899999618530273,9.600000381469727,9.75,9.75,31622.0
2021-11-01,10.100000381469727,10.100000381469727,9.699999809265137,9.699999809265137,9.699999809265137,29697.0
2021-11-02,9.899999618530273,10.149999618530273,9.75,10.050000190734863,10.050000190734863,22272.0
2021-11-03,10.5,10.5,9.800000190734863,10.0,10.0,23746.0
2021-11-04,9.649999618530273,10.100000381469727,9.649999618530273,9.949999809265137,9.949999809265137,5515.0
2021-11-08,10.149999618530273,10.149999618530273,9.649999618530273,9.75,9.75,34723.0
2021-11-09,10.0,10.0,9.75,9.850000381469727,9.850000381469727,31133.0
2021-11-10,9.800000190734863,10.300000190734863,9.449999809265137,10.149999618530273,10.149999618530273,114966.0
2021-11-11,10.449999809265137,10.449999809265137,9.949999809265137,10.050000190734863,10.050000190734863,30999.0
2021-11-12,10.350000381469727,10.350000381469727,10.0,10.100000381469727,10.100000381469727,35315.0
2021-11-15,10.100000381469727,10.399999618530273,9.800000190734863,9.949999809265137,9.949999809265137,51361.0
2021-11-16,10.100000381469727,10.100000381469727,9.5,10.050000190734863,10.050000190734863,67351.0
2021-11-17,10.100000381469727,10.300000190734863,9.75,9.75,9.75,22178.0
2021-11-18,9.899999618530273,10.199999809265137,9.699999809265137,9.949999809265137,9.949999809265137,57724.0
2021-11-22,10.100000381469727,10.300000190734863,9.5,9.5,9.5,161442.0
2021-11-23,9.350000381469727,9.899999618530273,9.300000190734863,9.699999809265137,9.699999809265137,30292.0
2021-11-24,9.850000381469727,10.100000381469727,9.699999809265137,9.850000381469727,9.850000381469727,55705.0
2021-11-25,10.0,10.0,9.649999618530273,9.899999618530273,9.899999618530273,21865.0
2021-11-26,10.100000381469727,10.100000381469727,9.449999809265137,9.5,9.5,115282.0
2021-11-29,9.399999618530273,9.399999618530273,9.050000190734863,9.149999618530273,9.149999618530273,106013.0
2021-11-30,8.899999618530273,9.5,8.899999618530273,9.350000381469727,9.350000381469727,29258.0
2021-12-01,9.550000190734863,9.800000190734863,9.149999618530273,9.800000190734863,9.800000190734863,74933.0
2021-12-02,10.0,10.25,9.649999618530273,10.25,10.25,109931.0
2021-12-03,10.699999809265137,10.75,10.350000381469727,10.75,10.75,102016.0
2021-12-06,11.25,11.25,11.25,11.25,11.25,64201.0
2021-12-07,12.350000381469727,12.350000381469727,12.350000381469727,12.350000381469727,12.350000381469727,37942.0
2021-12-08,13.550000190734863,13.550000190734863,13.550000190734863,13.550000190734863,13.550000190734863,30590.0
2021-12-09,14.899999618530273,14.899999618530273,12.350000381469727,14.5,14.5,809585.0
2021-12-10,15.100000381469727,15.199999809265137,14.0,15.199999809265137,15.199999809265137,421487.0
2021-12-13,15.949999809265137,15.949999809265137,14.699999809265137,15.5,15.5,413969.0
2021-12-14,16.25,16.25,14.850000381469727,16.25,16.25,359058.0
2021-12-15,16.799999237060547,17.049999237060547,16.399999618530273,16.899999618530273,16.899999618530273,292691.0
2021-12-16,17.600000381469727,17.700000762939453,16.200000762939453,16.5,16.5,348854.0
2021-12-17,16.0,16.600000381469727,15.699999809265137,15.699999809265137,15.699999809265137,209944.0
2021-12-20,15.100000381469727,15.300000190734863,14.949999809265137,14.949999809265137,14.949999809265137,82986.0
2021-12-21,14.5,14.899999618530273,14.25,14.25,14.25,72823.0
2021-12-22,14.149999618530273,14.899999618530273,13.649999618530273,13.899999618530273,13.899999618530273,191218.0
2021-12-23,14.149999618530273,14.550000190734863,13.899999618530273,14.550000190734863,14.550000190734863,75955.0
2021-12-24,14.75,15.25,14.75,15.25,15.25,160773.0
2021-12-27,15.449999809265137,16.0,15.25,16.0,16.0,180480.0
2021-12-28,16.700000762939453,16.799999237060547,15.199999809265137,16.700000762939453,16.700000762939453,461842.0
2021-12-29,16.75,17.200000762939453,16.049999237060547,16.799999237060547,16.799999237060547,215011.0
2021-12-30,17.600000381469727,17.600000381469727,17.049999237060547,17.600000381469727,17.600000381469727,167735.0
2021-12-31,18.450000762939453,18.450000762939453,18.450000762939453,18.450000762939453,18.450000762939453,54004.0
2022-01-03,19.350000381469727,19.350000381469727,19.350000381469727,19.350000381469727,19.350000381469727,30511.0
2022-01-04,20.299999237060547,20.299999237060547,18.399999618530273,18.450000762939453,18.450000762939453,318049.0
2022-01-05,18.799999237060547,19.350000381469727,17.549999237060547,19.0,19.0,300849.0
2022-01-06,19.799999237060547,19.950000762939453,18.799999237060547,19.799999237060547,19.799999237060547,203592.0
2022-01-07,20.0,20.75,19.100000381469727,20.100000381469727,20.100000381469727,361799.0
2022-01-10,21.0,21.100000381469727,20.0,21.100000381469727,21.100000381469727,175637.0
2022-01-11,22.149999618530273,22.149999618530273,21.0,21.649999618530273,21.649999618530273,255811.0
2022-01-12,22.0,22.100000381469727,20.600000381469727,20.600000381469727,20.600000381469727,164759.0
2022-01-13,19.600000381469727,19.950000762939453,19.600000381469727,19.600000381469727,19.600000381469727,56496.0
2022-01-14,18.649999618530273,19.350000381469727,18.649999618530273,18.700000762939453,18.700000762939453,174179.0
2022-01-17,18.649999618530273,18.75,17.799999237060547,18.200000762939453,18.200000762939453,201388.0
2022-01-18,18.25,18.950000762939453,17.299999237060547,17.5,17.5,125839.0
2022-01-19,16.799999237060547,18.0,16.700000762939453,17.450000762939453,17.450000762939453,89639.0
2022-01-20,17.450000762939453,17.799999237060547,16.75,17.100000381469727,17.100000381469727,76897.0
2022-01-21,16.799999237060547,17.950000762939453,16.350000381469727,17.899999618530273,17.899999618530273,75153.0
2022-01-24,17.75,17.75,17.049999237060547,17.049999237060547,17.049999237060547,22960.0
2022-01-25,16.200000762939453,16.700000762939453,16.200000762939453,16.200000762939453,16.200000762939453,126370.0
2022-01-27,15.699999809265137,16.799999237060547,15.699999809265137,16.700000762939453,16.700000762939453,52661.0
2022-01-28,16.950000762939453,17.450000762939453,16.299999237060547,16.950000762939453,16.950000762939453,57327.0
2022-01-31,17.25,17.75,16.350000381469727,17.0,17.0,54318.0
2022-02-01,17.0,17.850000381469727,16.450000762939453,17.850000381469727,17.850000381469727,57711.0
2022-02-02,18.700000762939453,18.700000762939453,17.850000381469727,18.700000762939453,18.700000762939453,152296.0
2022-02-03,18.600000381469727,18.899999618530273,17.850000381469727,18.350000381469727,18.350000381469727,58249.0
2022-02-04,18.649999618530273,18.950000762939453,17.450000762939453,18.100000381469727,18.100000381469727,103837.0
2022-02-07,18.100000381469727,18.100000381469727,17.200000762939453,17.200000762939453,17.200000762939453,62151.0
2022-02-08,17.450000762939453,17.450000762939453,16.350000381469727,16.649999618530273,16.649999618530273,47819.0
2022-02-09,16.899999618530273,17.450000762939453,16.25,17.450000762939453,17.450000762939453,57293.0
2022-02-10,18.200000762939453,18.200000762939453,17.450000762939453,17.950000762939453,17.950000762939453,42348.0
2022-02-11,17.850000381469727,18.0,17.100000381469727,17.200000762939453,17.200000762939453,42463.0
2022-02-14,16.899999618530273,16.899999618530273,16.350000381469727,16.350000381469727,16.350000381469727,15950.0
2022-02-15,16.0,16.0,15.550000190734863,15.649999618530273,15.649999618530273,34275.0
2022-02-16,16.149999618530273,16.399999618530273,15.5,16.0,16.0,66269.0
2022-02-17,16.0,16.25,15.399999618530273,15.649999618530273,15.649999618530273,14255.0
2022-02-18,15.899999618530273,15.899999618530273,14.899999618530273,14.949999809265137,14.949999809265137,23601.0
2022-02-21,15.149999618530273,15.199999809265137,14.25,14.300000190734863,14.300000190734863,30194.0
2022-02-22,13.600000381469727,14.0,13.600000381469727,13.699999809265137,13.699999809265137,35382.0
2022-02-23,13.350000381469727,14.350000381469727,13.350000381469727,13.899999618530273,13.899999618530273,47707.0
2022-02-24,13.25,13.699999809265137,13.25,13.25,13.25,20180.0
2022-02-25,12.649999618530273,13.899999618530273,12.649999618530273,13.899999618530273,13.899999618530273,16023.0
2022-02-28,14.350000381469727,14.550000190734863,13.25,14.550000190734863,14.550000190734863,17365.0
2022-03-02,14.899999618530273,14.949999809265137,14.199999809265137,14.550000190734863,14.550000190734863,22160.0
2022-03-03,14.550000190734863,15.100000381469727,14.100000381469727,14.649999618530273,14.649999618530273,11555.0
2022-03-04,14.75,15.0,14.0,14.5,14.5,12077.0
2022-03-07,14.800000190734863,14.800000190734863,13.800000190734863,14.100000381469727,14.100000381469727,11428.0
2022-03-08,14.100000381469727,14.699999809265137,13.600000381469727,13.949999809265137,13.949999809265137,7347.0
2022-03-09,14.050000190734863,14.600000381469727,13.300000190734863,14.199999809265137,14.199999809265137,76157.0
2022-03-10,14.800000190734863,14.899999618530273,13.550000190734863,14.899999618530273,14.899999618530273,42642.0
2022-03-11,15.350000381469727,15.600000381469727,14.300000190734863,15.550000190734863,15.550000190734863,21504.0
2022-03-14,15.550000190734863,15.550000190734863,14.800000190734863,14.850000381469727,14.850000381469727,26919.0
2022-03-15,15.25,15.25,14.25,14.5,14.5,17484.0
2022-03-16,14.649999618530273,15.100000381469727,13.850000381469727,14.649999618530273,14.649999618530273,49085.0
2022-03-17,14.949999809265137,15.300000190734863,14.25,15.0,15.0,15345.0
2022-03-21,15.449999809265137,15.449999809265137,14.300000190734863,14.399999618530273,14.399999618530273,44616.0
2022-03-22,14.0,14.5,14.0,14.399999618530273,14.399999618530273,11903.0
2022-03-23,14.850000381469727,14.850000381469727,14.100000381469727,14.199999809265137,14.199999809265137,8389.0
2022-03-24,14.5,14.699999809265137,14.199999809265137,14.5,14.5,22194.0
2022-03-25,14.699999809265137,15.100000381469727,13.800000190734863,14.600000381469727,14.600000381469727,47902.0
2022-03-28,14.850000381469727,14.850000381469727,14.0,14.149999618530273,14.149999618530273,14412.0
2022-03-29,13.699999809265137,14.5,13.449999809265137,13.699999809265137,13.699999809265137,60836.0
2022-03-30,13.800000190734863,14.149999618530273,13.050000190734863,13.300000190734863,13.300000190734863,79725.0
2022-03-31,13.75,13.75,12.850000381469727,13.100000381469727,13.100000381469727,40451.0
2022-04-01,13.149999618530273,13.75,12.899999618530273,13.75,13.75,29835.0
2022-04-04,14.199999809265137,14.399999618530273,13.5,14.149999618530273,14.149999618530273,41080.0
2022-04-05,14.399999618530273,14.850000381469727,13.699999809265137,14.449999809265137,14.449999809265137,65627.0
2022-04-06,14.550000190734863,15.149999618530273,14.149999618530273,14.949999809265137,14.949999809265137,81969.0
2022-04-07,15.25,15.25,14.550000190734863,14.899999618530273,14.899999618530273,87839.0
2022-04-08,16.25,16.350000381469727,14.550000190734863,16.350000381469727,16.350000381469727,167037.0
2022-04-11,17.549999237060547,17.549999237060547,14.75,16.399999618530273,16.399999618530273,168749.0
2022-04-12,16.75,18.0,15.350000381469727,17.149999618530273,17.149999618530273,248430.0
2022-04-13,17.549999237060547,18.850000381469727,17.549999237060547,18.049999237060547,18.049999237060547,202319.0
2022-04-18,18.049999237060547,18.350000381469727,16.25,16.649999618530273,16.649999618530273,192656.0
2022-04-19,16.799999237060547,18.299999237060547,15.550000190734863,17.149999618530273,17.149999618530273,275684.0
2022-04-20,17.850000381469727,18.350000381469727,16.299999237060547,17.299999237060547,17.299999237060547,135787.0
2022-04-21,18.0,18.0,17.0,17.25,17.25,64095.0
2022-04-22,17.399999618530273,17.850000381469727,17.0,17.100000381469727,17.100000381469727,51219.0
2022-04-25,17.100000381469727,17.100000381469727,16.0,16.399999618530273,16.399999618530273,92404.0
2022-04-26,16.700000762939453,17.299999237060547,16.25,16.5,16.5,58639.0
2022-04-27,16.899999618530273,17.0,16.0,16.350000381469727,16.350000381469727,62794.0
2022-04-28,16.600000381469727,17.75,16.450000762939453,16.799999237060547,16.799999237060547,215413.0
2022-04-29,17.450000762939453,17.450000762939453,15.699999809265137,15.899999618530273,15.899999618530273,75443.0
2022-05-02,16.0,17.100000381469727,15.800000190734863,16.600000381469727,16.600000381469727,101342.0
2022-05-04,17.200000762939453,17.200000762939453,16.350000381469727,16.799999237060547,16.799999237060547,90791.0
2022-05-05,17.0,18.200000762939453,16.100000381469727,16.850000381469727,16.850000381469727,119384.0
2022-05-06,16.149999618530273,16.700000762939453,15.25,15.449999809265137,15.449999809265137,86533.0
2022-05-09,15.75,15.75,14.850000381469727,15.050000190734863,15.050000190734863,45100.0
2022-05-10,14.800000190734863,15.399999618530273,14.149999618530273,14.550000190734863,14.550000190734863,34359.0
2022-05-11,14.949999809265137,14.949999809265137,13.149999618530273,13.850000381469727,13.850000381469727,41908.0
2022-05-12,13.800000190734863,13.800000190734863,12.949999809265137,13.25,13.25,25049.0
2022-05-13,13.0,14.399999618530273,12.5,12.899999618530273,12.899999618530273,42294.0
2022-05-16,13.75,14.149999618530273,13.550000190734863,14.149999618530273,14.149999618530273,32925.0
2022-05-17,15.550000190734863,15.550000190734863,15.550000190734863,15.550000190734863,15.550000190734863,32571.0
2022-05-18,16.850000381469727,17.100000381469727,15.699999809265137,16.149999618530273,16.149999618530273,392710.0
2022-05-19,16.149999618530273,16.149999618530273,15.199999809265137,15.449999809265137,15.449999809265137,93442.0
2022-05-20,16.549999237060547,16.950000762939453,16.0,16.899999618530273,16.899999618530273,155250.0
2022-05-23,17.399999618530273,17.399999618530273,16.100000381469727,16.200000762939453,16.200000762939453,123044.0
2022-05-24,16.0,16.049999237060547,15.399999618530273,15.399999618530273,15.399999618530273,54467.0
2022-05-25,15.649999618530273,15.649999618530273,14.649999618530273,14.649999618530273,14.649999618530273,30926.0
2022-05-26,14.600000381469727,14.600000381469727,13.949999809265137,13.949999809265137,13.949999809265137,92844.0
2022-05-27,14.100000381469727,14.600000381469727,13.699999809265137,14.600000381469727,14.600000381469727,81832.0
2022-05-30,15.0,15.300000190734863,14.149999618530273,14.399999618530273,14.399999618530273,110523.0
2022-05-31,14.800000190734863,15.0,14.0,14.850000381469727,14.850000381469727,22985.0
2022-06-01,15.350000381469727,15.350000381469727,14.75,14.800000190734863,14.800000190734863,32932.0
2022-06-02,14.800000190734863,15.5,14.5,15.5,15.5,60779.0
2022-06-03,16.0,16.0,14.75,14.75,14.75,53200.0
2022-06-06,14.600000381469727,14.899999618530273,14.050000190734863,14.199999809265137,14.199999809265137,62945.0
2022-06-07,14.649999618530273,14.649999618530273,14.149999618530273,14.399999618530273,14.399999618530273,19200.0
2022-06-08,14.5,14.649999618530273,14.100000381469727,14.25,14.25,26324.0
2022-06-09,14.350000381469727,14.550000190734863,13.649999618530273,14.100000381469727,14.100000381469727,41599.0
2022-06-10,14.0,14.350000381469727,13.600000381469727,14.199999809265137,14.199999809265137,21933.0
2022-06-13,14.550000190734863,14.550000190734863,12.949999809265137,13.449999809265137,13.449999809265137,42987.0
2022-06-14,13.800000190734863,13.899999618530273,13.0,13.649999618530273,13.649999618530273,35946.0
2022-06-15,14.0,14.199999809265137,13.550000190734863,13.699999809265137,13.699999809265137,25917.0
2022-06-16,14.5,14.5,12.699999809265137,12.899999618530273,12.899999618530273,32817.0
2022-06-17,12.899999618530273,13.300000190734863,11.850000381469727,12.300000190734863,12.300000190734863,68831.0
2022-06-20,12.300000190734863,12.949999809265137,11.350000381469727,11.5,11.5,43369.0
2022-06-21,11.800000190734863,12.149999618530273,11.25,12.0,12.0,38403.0
2022-06-22,12.850000381469727,12.850000381469727,11.800000190734863,12.100000381469727,12.100000381469727,35795.0
2022-06-23,12.199999809265137,12.800000190734863,11.699999809265137,12.149999618530273,12.149999618530273,46799.0
2022-06-24,12.5,12.899999618530273,12.149999618530273,12.600000381469727,12.600000381469727,35944.0
2022-06-27,12.649999618530273,13.850000381469727,12.649999618530273,13.100000381469727,13.100000381469727,161938.0
2022-06-28,13.0,13.649999618530273,12.899999618530273,13.25,13.25,47177.0
2022-06-29,13.0,13.5,12.800000190734863,12.899999618530273,12.899999618530273,30598.0
2022-06-30,13.050000190734863,13.300000190734863,12.75,12.899999618530273,12.899999618530273,38839.0
2022-07-01,13.300000190734863,13.300000190734863,12.699999809265137,12.75,12.75,44704.0
2022-07-04,12.75,13.300000190734863,12.75,12.949999809265137,12.949999809265137,33355.0
2022-07-05,13.25,13.449999809265137,12.449999809265137,13.199999809265137,13.199999809265137,86902.0
2022-07-06,13.5,13.75,12.75,12.850000381469727,12.850000381469727,19968.0
2022-07-07,12.850000381469727,13.399999618530273,12.800000190734863,12.850000381469727,12.850000381469727,21378.0
2022-07-08,13.149999618530273,13.149999618530273,12.600000381469727,12.75,12.75,78294.0
2022-07-11,12.75,13.0,12.25,12.800000190734863,12.800000190734863,33072.0
2022-07-12,12.899999618530273,13.0,12.5,12.649999618530273,12.649999618530273,23658.0
2022-07-13,13.25,13.25,12.550000190734863,12.850000381469727,12.850000381469727,21943.0
2022-07-14,13.0,13.0,12.25,12.5,12.5,28076.0
2022-07-15,12.699999809265137,12.850000381469727,12.300000190734863,12.649999618530273,12.649999618530273,9209.0
2022-07-18,12.850000381469727,12.850000381469727,12.399999618530273,12.699999809265137,12.699999809265137,16206.0
2022-07-19,12.800000190734863,13.199999809265137,12.800000190734863,13.100000381469727,13.100000381469727,24825.0
2022-07-20,13.399999618530273,13.5,12.800000190734863,13.050000190734863,13.050000190734863,25678.0
2022-07-21,13.100000381469727,13.350000381469727,12.800000190734863,13.199999809265137,13.199999809265137,33426.0
2022-07-22,13.5,13.5,12.850000381469727,12.949999809265137,12.949999809265137,43451.0
2022-07-25,12.949999809265137,13.350000381469727,12.800000190734863,12.949999809265137,12.949999809265137,12704.0
2022-07-26,13.350000381469727,13.350000381469727,12.699999809265137,12.899999618530273,12.899999618530273,16258.0
2022-07-27,13.149999618530273,13.550000190734863,12.699999809265137,13.25,13.25,32020.0
2022-07-28,13.25,13.649999618530273,12.649999618530273,12.75,12.75,35566.0
2022-07-29,12.649999618530273,13.25,12.649999618530273,13.149999618530273,13.149999618530273,17895.0
2022-08-01,12.75,13.649999618530273,12.75,13.399999618530273,13.399999618530273,88185.0
2022-08-02,13.5,14.0,13.25,13.300000190734863,13.300000190734863,81078.0
2022-08-03,13.399999618530273,13.649999618530273,13.0,13.5,13.5,16455.0
2022-08-04,13.5,13.800000190734863,13.100000381469727,13.399999618530273,13.399999618530273,29586.0
2022-08-05,13.649999618530273,16.049999237060547,13.550000190734863,15.949999809265137,15.949999809265137,585452.0
2022-08-08,15.0,16.149999618530273,14.699999809265137,15.100000381469727,15.100000381469727,275789.0
2022-08-10,15.449999809265137,16.299999237060547,14.75,15.0,15.0,339252.0
2022-08-11,15.050000190734863,17.25,14.949999809265137,16.399999618530273,16.399999618530273,429830.0
2022-08-12,16.5,17.5,15.399999618530273,15.600000381469727,15.600000381469727,313801.0
2022-08-16,15.949999809265137,16.0,15.25,15.300000190734863,15.300000190734863,101858.0
2022-08-17,15.300000190734863,15.550000190734863,15.0,15.199999809265137,15.199999809265137,106089.0
2022-08-18,15.449999809265137,15.449999809265137,14.75,14.949999809265137,14.949999809265137,61554.0
2022-08-19,15.25,15.25,14.699999809265137,14.800000190734863,14.800000190734863,57761.0
2022-08-22,15.199999809265137,15.199999809265137,14.199999809265137,14.25,14.25,51128.0
2022-08-23,14.050000190734863,16.450000762939453,14.050000190734863,15.850000381469727,15.850000381469727,544386.0
2022-08-24,15.949999809265137,19.0,15.949999809265137,17.850000381469727,17.850000381469727,1757018.0
2022-08-25,18.450000762939453,18.799999237060547,17.299999237060547,17.5,17.5,360644.0
2022-08-26,18.25,19.0,17.450000762939453,17.600000381469727,17.600000381469727,285991.0
2022-08-29,17.25,17.75,16.0,16.25,16.25,333027.0
2022-08-30,16.75,17.950000762939453,16.5,17.549999237060547,17.549999237060547,289556.0
2022-09-01,17.549999237060547,19.899999618530273,17.0,19.5,19.5,752961.0
2022-09-02,20.75,22.950000762939453,20.149999618530273,20.799999237060547,20.799999237060547,1664083.0
2022-09-05,22.850000381469727,24.950000762939453,21.299999237060547,24.950000762939453,24.950000762939453,1667859.0
2022-09-06,26.0,27.399999618530273,24.0,25.450000762939453,25.450000762939453,2841360.0
2022-09-07,24.649999618530273,25.399999618530273,23.049999237060547,23.399999618530273,23.399999618530273,838971.0
2022-09-08,24.5,24.899999618530273,22.600000381469727,23.0,23.0,427056.0
2022-09-09,23.5,24.0,21.649999618530273,22.5,22.5,465204.0
2022-09-12,22.299999237060547,24.75,22.299999237060547,23.0,23.0,414772.0
2022-09-13,23.450000762939453,23.850000381469727,22.600000381469727,22.700000762939453,22.700000762939453,219296.0
2022-09-14,22.049999237060547,23.25,21.100000381469727,21.950000762939453,21.950000762939453,314714.0
2022-09-15,22.399999618530273,23.5,22.100000381469727,22.75,22.75,288104.0
2022-09-16,22.75,23.25,20.5,20.600000381469727,20.600000381469727,563503.0
2022-09-19,21.0,21.5,19.149999618530273,19.850000381469727,19.850000381469727,331571.0
2022-09-20,20.299999237060547,20.799999237060547,19.649999618530273,19.850000381469727,19.850000381469727,141315.0
2022-09-21,20.200000762939453,20.25,19.299999237060547,19.450000762939453,19.450000762939453,149530.0
2022-09-22,19.75,21.350000381469727,19.549999237060547,21.350000381469727,21.350000381469727,189709.0
2022-09-23,22.350000381469727,22.799999237060547,19.799999237060547,20.299999237060547,20.299999237060547,393593.0
2022-09-26,20.299999237060547,20.299999237060547,18.5,18.75,18.75,269373.0
2022-09-27,19.049999237060547,20.299999237060547,18.950000762939453,19.100000381469727,19.100000381469727,202067.0
2022-09-28,19.200000762939453,19.649999618530273,18.700000762939453,19.25,19.25,78586.0
2022-09-29,19.700000762939453,20.399999618530273,19.100000381469727,19.399999618530273,19.399999618530273,84210.0
2022-09-30,20.700000762939453,20.700000762939453,19.5,19.600000381469727,19.600000381469727,81729.0
2022-10-03,19.950000762939453,19.950000762939453,18.799999237060547,19.100000381469727,19.100000381469727,111598.0
2022-10-04,19.649999618530273,20.350000381469727,19.25,19.549999237060547,19.549999237060547,136410.0
2022-10-06,19.950000762939453,20.700000762939453,19.700000762939453,20.100000381469727,20.100000381469727,94052.0
2022-10-07,20.200000762939453,21.649999618530273,20.200000762939453,20.75,20.75,189343.0
2022-10-10,20.75,23.899999618530273,20.549999237060547,21.850000381469727,21.850000381469727,776710.0
2022-10-11,21.899999618530273,23.399999618530273,21.299999237060547,21.5,21.5,242418.0
2022-10-12,21.600000381469727,22.299999237060547,21.399999618530273,21.799999237060547,21.799999237060547,96171.0
2022-10-13,22.299999237060547,22.450000762939453,20.75,21.149999618530273,21.149999618530273,133895.0
2022-10-14,21.700000762939453,22.100000381469727,21.049999237060547,21.350000381469727,21.350000381469727,115117.0
2022-10-17,21.5,22.5,20.75,21.700000762939453,21.700000762939453,186293.0
2022-10-18,22.149999618530273,22.899999618530273,21.600000381469727,22.600000381469727,22.600000381469727,282828.0
2022-10-19,22.850000381469727,24.899999618530273,22.799999237060547,23.100000381469727,23.100000381469727,889669.0
2022-10-20,23.350000381469727,25.200000762939453,23.200000762939453,24.75,24.75,1013429.0
2022-10-21,25.149999618530273,25.799999237060547,22.75,23.0,23.0,929811.0
2022-10-24,23.350000381469727,24.799999237060547,23.350000381469727,23.799999237060547,23.799999237060547,133088.0
2022-10-25,24.0,24.700000762939453,22.100000381469727,22.350000381469727,22.350000381469727,235803.0
2022-10-27,22.450000762939453,23.700000762939453,21.149999618530273,23.25,23.25,473165.0
2022-10-28,23.5,24.399999618530273,22.649999618530273,22.850000381469727,22.850000381469727,420818.0
2022-10-31,22.75,23.200000762939453,22.049999237060547,22.25,22.25,146577.0
2022-11-01,22.799999237060547,23.25,22.549999237060547,22.850000381469727,22.850000381469727,110962.0
2022-11-02,22.850000381469727,23.25,22.350000381469727,22.450000762939453,22.450000762939453,76102.0
2022-11-03,22.399999618530273,22.700000762939453,22.0,22.350000381469727,22.350000381469727,86611.0
2022-11-04,22.5,22.649999618530273,21.549999237060547,21.950000762939453,21.950000762939453,272150.0
2022-11-07,22.0,22.450000762939453,20.600000381469727,21.100000381469727,21.100000381469727,556663.0
2022-11-09,21.049999237060547,21.299999237060547,19.799999237060547,20.25,20.25,331192.0
2022-11-10,20.0,20.5,19.649999618530273,20.25,20.25,108468.0
2022-11-11,20.399999618530273,22.100000381469727,20.399999618530273,21.100000381469727,21.100000381469727,331192.0
2022-11-14,21.25,21.850000381469727,20.5,20.700000762939453,20.700000762939453,157191.0
2022-11-15,20.700000762939453,21.149999618530273,20.600000381469727,20.799999237060547,20.799999237060547,73098.0
2022-11-16,20.75,20.950000762939453,20.5,20.75,20.75,79418.0
2022-11-17,20.25,21.049999237060547,20.25,20.600000381469727,20.600000381469727,112445.0
2022-11-18,20.950000762939453,21.25,20.649999618530273,21.049999237060547,21.049999237060547,134806.0
2022-11-21,20.649999618530273,22.5,20.649999618530273,21.549999237060547,21.549999237060547,271886.0
2022-11-22,21.600000381469727,22.299999237060547,21.350000381469727,21.5,21.5,50775.0
2022-11-23,22.149999618530273,22.149999618530273,21.149999618530273,21.25,21.25,78188.0
2022-11-24,21.100000381469727,21.450000762939453,20.799999237060547,20.850000381469727,20.850000381469727,91558.0
2022-11-25,20.899999618530273,21.5,20.75,21.100000381469727,21.100000381469727,56985.0
2022-11-28,21.549999237060547,21.549999237060547,20.799999237060547,21.100000381469727,21.100000381469727,40074.0
2022-11-29,21.100000381469727,22.850000381469727,20.350000381469727,21.0,21.0,96316.0
2022-11-30,21.399999618530273,21.450000762939453,20.700000762939453,20.899999618530273,20.899999618530273,54335.0
2022-12-01,21.299999237060547,21.299999237060547,20.649999618530273,20.75,20.75,59572.0
2022-12-02,21.399999618530273,21.399999618530273,20.399999618530273,20.850000381469727,20.850000381469727,121562.0
2022-12-05,21.299999237060547,21.299999237060547,20.700000762939453,20.850000381469727,20.850000381469727,53383.0
2022-12-06,21.149999618530273,21.149999618530273,20.399999618530273,20.649999618530273,20.649999618530273,86676.0
2022-12-07,20.899999618530273,21.049999237060547,19.899999618530273,20.299999237060547,20.299999237060547,264346.0
2022-12-08,20.399999618530273,20.799999237060547,20.049999237060547,20.100000381469727,20.100000381469727,116082.0
2022-12-09,20.299999237060547,20.450000762939453,19.0,19.5,19.5,210499.0
2022-12-12,19.799999237060547,19.799999237060547,18.850000381469727,19.0,19.0,131307.0
2022-12-13,19.049999237060547,19.450000762939453,18.799999237060547,19.0,19.0,110767.0
2022-12-14,19.0,19.25,18.899999618530273,18.950000762939453,18.950000762939453,139099.0
2022-12-15,18.850000381469727,19.75,18.700000762939453,18.799999237060547,18.799999237060547,103989.0
2022-12-16,19.049999237060547,20.0,18.850000381469727,18.950000762939453,18.950000762939453,144911.0
2022-12-19,19.049999237060547,19.149999618530273,18.899999618530273,19.0,19.0,52187.0
2022-12-20,18.950000762939453,19.600000381469727,18.600000381469727,18.899999618530273,18.899999618530273,95736.0
2022-12-21,19.25,19.25,15.649999618530273,17.950000762939453,17.950000762939453,144256.0
2022-12-22,18.25,19.299999237060547,16.25,17.0,17.0,198817.0
2022-12-23,16.549999237060547,16.899999618530273,14.649999618530273,15.0,15.0,130958.0
2022-12-26,14.600000381469727,18.0,14.149999618530273,18.0,18.0,264692.0
2022-12-27,19.700000762939453,20.549999237060547,17.950000762939453,18.600000381469727,18.600000381469727,526697.0
2022-12-28,19.100000381469727,19.100000381469727,17.899999618530273,18.200000762939453,18.200000762939453,116422.0
2022-12-29,18.200000762939453,18.25,17.799999237060547,18.100000381469727,18.100000381469727,48244.0
2022-12-30,18.799999237060547,18.799999237060547,17.75,17.950000762939453,17.950000762939453,59238.0
2023-01-02,18.799999237060547,18.799999237060547,18.049999237060547,18.25,18.25,39930.0
2023-01-03,18.649999618530273,18.700000762939453,18.0,18.149999618530273,18.149999618530273,58229.0
2023-01-04,18.299999237060547,18.5,17.25,17.899999618530273,17.899999618530273,74163.0
2023-01-05,18.25,18.25,17.799999237060547,17.899999618530273,17.899999618530273,31959.0
2023-01-06,17.350000381469727,18.0,17.350000381469727,17.850000381469727,17.850000381469727,45719.0
2023-01-09,17.850000381469727,18.350000381469727,16.799999237060547,17.200000762939453,17.200000762939453,125184.0
2023-01-10,17.399999618530273,17.399999618530273,16.899999618530273,17.049999237060547,17.049999237060547,66603.0
2023-01-11,17.100000381469727,17.649999618530273,16.799999237060547,17.25,17.25,94249.0
2023-01-12,17.600000381469727,17.600000381469727,17.049999237060547,17.299999237060547,17.299999237060547,28133.0
2023-01-13,17.899999618530273,17.899999618530273,17.0,17.100000381469727,17.100000381469727,34435.0
2023-01-16,17.350000381469727,18.100000381469727,17.299999237060547,17.5,17.5,69180.0
2023-01-17,17.799999237060547,17.799999237060547,17.200000762939453,17.25,17.25,24908.0
2023-01-18,17.25,17.649999618530273,16.799999237060547,16.899999618530273,16.899999618530273,87343.0
2023-01-19,16.600000381469727,17.0,16.600000381469727,16.700000762939453,16.700000762939453,48908.0
2023-01-20,17.200000762939453,17.200000762939453,16.75,16.950000762939453,16.950000762939453,16990.0
2023-01-23,17.350000381469727,20.200000762939453,16.700000762939453,19.25,19.25,388559.0
2023-01-24,19.350000381469727,20.0,17.799999237060547,18.100000381469727,18.100000381469727,208149.0
2023-01-25,18.200000762939453,18.200000762939453,17.25,17.649999618530273,17.649999618530273,75025.0
2023-01-27,18.049999237060547,18.049999237060547,16.799999237060547,17.049999237060547,17.049999237060547,62039.0
2023-01-30,17.100000381469727,17.350000381469727,16.75,16.850000381469727,16.850000381469727,27074.0
2023-01-31,16.850000381469727,17.25,16.850000381469727,17.049999237060547,17.049999237060547,37434.0
2023-02-01,17.25,17.399999618530273,16.600000381469727,16.75,16.75,51266.0
2023-02-02,16.700000762939453,17.049999237060547,16.649999618530273,16.75,16.75,37636.0
2023-02-03,16.700000762939453,16.950000762939453,15.25,15.949999809265137,15.949999809265137,90412.0
2023-02-06,16.0,16.649999618530273,15.75,15.949999809265137,15.949999809265137,19962.0
2023-02-07,16.25,16.25,15.649999618530273,15.850000381469727,15.850000381469727,18709.0
2023-02-08,15.850000381469727,15.949999809265137,14.25,15.199999809265137,15.199999809265137,121913.0
2023-02-09,15.5,16.299999237060547,14.649999618530273,15.699999809265137,15.699999809265137,102488.0
2023-02-10,16.299999237060547,16.600000381469727,15.850000381469727,16.5,16.5,67812.0
2023-02-13,16.899999618530273,16.899999618530273,14.649999618530273,15.050000190734863,15.050000190734863,154454.0
2023-02-14,15.399999618530273,15.949999809265137,14.899999618530273,15.550000190734863,15.550000190734863,112894.0
2023-02-15,15.149999618530273,15.850000381469727,14.699999809265137,15.149999618530273,15.149999618530273,59578.0
2023-02-16,15.050000190734863,15.649999618530273,14.649999618530273,15.199999809265137,15.199999809265137,39066.0
2023-02-17,15.199999809265137,15.5,15.0,15.300000190734863,15.300000190734863,45218.0
2023-02-20,15.449999809265137,15.449999809265137,14.75,14.899999618530273,14.899999618530273,48482.0
2023-02-21,15.149999618530273,15.25,14.550000190734863,14.75,14.75,49409.0
2023-02-22,14.550000190734863,14.75,13.800000190734863,13.899999618530273,13.899999618530273,126573.0
2023-02-23,14.300000190734863,14.350000381469727,13.600000381469727,13.800000190734863,13.800000190734863,48190.0
2023-02-24,14.050000190734863,14.449999809265137,13.449999809265137,13.649999618530273,13.649999618530273,39425.0
2023-02-27,13.899999618530273,14.0,13.449999809265137,13.550000190734863,13.550000190734863,36907.0
2023-02-28,13.550000190734863,15.600000381469727,13.550000190734863,14.100000381469727,14.100000381469727,292692.0
2023-03-01,14.300000190734863,15.449999809265137,14.100000381469727,14.949999809265137,14.949999809265137,159349.0
2023-03-02,14.699999809265137,15.25,14.5,14.75,14.75,22598.0
2023-03-03,14.5,15.850000381469727,14.149999618530273,15.050000190734863,15.050000190734863,94898.0
2023-03-06,15.300000190734863,15.449999809265137,13.25,14.600000381469727,14.600000381469727,181448.0
2023-03-08,14.800000190734863,16.0,14.050000190734863,15.300000190734863,15.300000190734863,262046.0
2023-03-09,15.300000190734863,15.300000190734863,14.600000381469727,14.800000190734863,14.800000190734863,78893.0
2023-03-10,15.0,15.050000190734863,14.5,14.850000381469727,14.850000381469727,26642.0
2023-03-13,15.0,15.75,14.25,15.0,15.0,166834.0
2023-03-14,15.149999618530273,15.25,14.25,14.5,14.5,55411.0
2023-03-15,14.550000190734863,14.949999809265137,13.699999809265137,13.850000381469727,13.850000381469727,152282.0
2023-03-16,13.949999809265137,14.399999618530273,13.75,13.949999809265137,13.949999809265137,59626.0
2023-03-17,14.25,14.5,13.850000381469727,14.399999618530273,14.399999618530273,66132.0
2023-03-20,14.699999809265137,14.75,14.050000190734863,14.350000381469727,14.350000381469727,73889.0
2023-03-21,14.649999618530273,15.25,14.300000190734863,14.600000381469727,14.600000381469727,46448.0
2023-03-22,14.649999618530273,15.0,14.0,14.300000190734863,14.300000190734863,125828.0
2023-03-23,14.699999809265137,14.699999809265137,14.0,14.199999809265137,14.199999809265137,78033.0
2023-03-24,14.5,14.5,13.649999618530273,13.800000190734863,13.800000190734863,121683.0
2023-03-27,13.75,13.899999618530273,12.699999809265137,13.149999618530273,13.149999618530273,380674.0
2023-03-28,13.0,13.600000381469727,12.100000381469727,12.600000381469727,12.600000381469727,144549.0
2023-03-29,12.899999618530273,13.149999618530273,12.399999618530273,12.550000190734863,12.550000190734863,117510.0
2023-03-31,12.75,13.5,12.600000381469727,12.949999809265137,12.949999809265137,110503.0
2023-04-03,13.050000190734863,14.050000190734863,13.050000190734863,14.0,14.0,126466.0
2023-04-05,14.600000381469727,14.899999618530273,13.699999809265137,14.350000381469727,14.350000381469727,127431.0
2023-04-06,14.5,15.399999618530273,14.199999809265137,14.949999809265137,14.949999809265137,172286.0
2023-04-10,15.25,15.25,14.399999618530273,14.5,14.5,89103.0
2023-04-11,14.850000381469727,14.850000381469727,14.100000381469727,14.149999618530273,14.149999618530273,127699.0
2023-04-12,14.199999809265137,14.75,13.850000381469727,14.199999809265137,14.199999809265137,108523.0
2023-04-13,14.100000381469727,14.649999618530273,14.100000381469727,14.350000381469727,14.350000381469727,37432.0
2023-04-17,14.550000190734863,14.550000190734863,13.800000190734863,14.050000190734863,14.050000190734863,101712.0
2023-04-18,14.050000190734863,14.600000381469727,14.0,14.199999809265137,14.199999809265137,108315.0
2023-04-19,14.600000381469727,14.600000381469727,14.100000381469727,14.149999618530273,14.149999618530273,33474.0
2023-04-20,14.149999618530273,14.600000381469727,14.100000381469727,14.350000381469727,14.350000381469727,59870.0
2023-04-21,14.149999618530273,14.800000190734863,14.100000381469727,14.25,14.25,55001.0
2023-04-24,14.449999809265137,15.350000381469727,14.100000381469727,14.199999809265137,14.199999809265137,142969.0
2023-04-25,14.350000381469727,14.649999618530273,13.949999809265137,14.149999618530273,14.149999618530273,103853.0
2023-04-26,14.350000381469727,14.449999809265137,14.0,14.199999809265137,14.199999809265137,62571.0
2023-04-27,14.399999618530273,14.550000190734863,13.949999809265137,14.25,14.25,64034.0
2023-04-28,14.25,15.5,14.100000381469727,14.899999618530273,14.899999618530273,376533.0
2023-05-02,14.899999618530273,15.550000190734863,14.800000190734863,14.899999618530273,14.899999618530273,98286.0
2023-05-03,15.199999809265137,15.199999809265137,14.100000381469727,14.449999809265137,14.449999809265137,85128.0
2023-05-04,14.800000190734863,14.949999809265137,14.199999809265137,14.800000190734863,14.800000190734863,53261.0
2023-05-05,14.899999618530273,14.899999618530273,14.5,14.600000381469727,14.600000381469727,33514.0
2023-05-08,14.600000381469727,14.800000190734863,14.350000381469727,14.399999618530273,14.399999618530273,55679.0
2023-05-09,14.300000190734863,14.649999618530273,14.149999618530273,14.25,14.25,59422.0
2023-05-10,14.449999809265137,14.5,13.350000381469727,14.25,14.25,68285.0
2023-05-11,14.350000381469727,14.5,14.100000381469727,14.149999618530273,14.149999618530273,46184.0
2023-05-12,14.149999618530273,14.699999809265137,14.100000381469727,14.300000190734863,14.300000190734863,137731.0
2023-05-15,14.550000190734863,14.550000190734863,14.050000190734863,14.199999809265137,14.199999809265137,51532.0
2023-05-16,14.399999618530273,14.550000190734863,14.25,14.300000190734863,14.300000190734863,9926.0
2023-05-17,14.399999618530273,14.550000190734863,14.0,14.100000381469727,14.100000381469727,66306.0
2023-05-18,14.350000381469727,14.350000381469727,13.899999618530273,14.050000190734863,14.050000190734863,35570.0
2023-05-19,14.300000190734863,14.300000190734863,13.899999618530273,14.0,14.0,64044.0
2023-05-22,14.300000190734863,14.550000190734863,13.800000190734863,13.850000381469727,13.850000381469727,66623.0
2023-05-23,13.800000190734863,13.949999809265137,13.300000190734863,13.350000381469727,13.350000381469727,104780.0
2023-05-24,13.600000381469727,13.800000190734863,13.350000381469727,13.5,13.5,64055.0
2023-05-25,13.699999809265137,13.699999809265137,12.5,13.300000190734863,13.300000190734863,80038.0
2023-05-26,13.449999809265137,13.699999809265137,13.25,13.300000190734863,13.300000190734863,35688.0
2023-05-29,13.550000190734863,13.550000190734863,13.100000381469727,13.300000190734863,13.300000190734863,68640.0
2023-05-30,13.350000381469727,13.550000190734863,13.300000190734863,13.449999809265137,13.449999809265137,28787.0
2023-05-31,13.449999809265137,13.75,13.25,13.449999809265137,13.449999809265137,38532.0
2023-06-01,13.550000190734863,13.600000381469727,13.300000190734863,13.399999618530273,13.399999618530273,46533.0
2023-06-02,13.399999618530273,13.5,13.25,13.300000190734863,13.300000190734863,62308.0
2023-06-05,13.350000381469727,15.100000381469727,13.25,14.300000190734863,14.300000190734863,433760.0
2023-06-06,14.550000190734863,14.600000381469727,14.050000190734863,14.25,14.25,53534.0
2023-06-07,14.550000190734863,14.550000190734863,14.050000190734863,14.25,14.25,89107.0
2023-06-08,14.300000190734863,14.350000381469727,13.850000381469727,14.050000190734863,14.050000190734863,109911.0
2023-06-09,14.300000190734863,14.300000190734863,13.800000190734863,13.800000190734863,13.800000190734863,74369.0
2023-06-12,14.050000190734863,14.050000190734863,13.75,13.850000381469727,13.850000381469727,86777.0
2023-06-13,14.100000381469727,14.100000381469727,13.600000381469727,13.75,13.75,69001.0
2023-06-14,14.0,14.0,13.649999618530273,13.850000381469727,13.850000381469727,65112.0
2023-06-15,14.0,14.100000381469727,13.699999809265137,13.75,13.75,75760.0
2023-06-16,13.949999809265137,14.5,13.800000190734863,13.949999809265137,13.949999809265137,313899.0
2023-06-19,14.149999618530273,14.899999618530273,14.149999618530273,14.300000190734863,14.300000190734863,227575.0
2023-06-20,14.399999618530273,14.550000190734863,13.600000381469727,14.100000381469727,14.100000381469727,228752.0
2023-06-21,13.899999618530273,14.399999618530273,13.800000190734863,13.899999618530273,13.899999618530273,101847.0
2023-06-22,14.199999809265137,14.199999809265137,13.800000190734863,13.899999618530273,13.899999618530273,87878.0
2023-06-23,13.899999618530273,13.949999809265137,13.75,13.949999809265137,13.949999809265137,24352.0
2023-06-26,14.25,14.25,13.75,13.850000381469727,13.850000381469727,39114.0
2023-06-27,13.949999809265137,14.100000381469727,13.75,13.899999618530273,13.899999618530273,42907.0
2023-06-28,13.850000381469727,14.0,13.850000381469727,13.899999618530273,13.899999618530273,23692.0
2023-06-30,13.899999618530273,14.100000381469727,13.75,13.850000381469727,13.850000381469727,94875.0
2023-07-03,14.149999618530273,14.199999809265137,13.5,13.699999809265137,13.699999809265137,112892.0
2023-07-04,13.699999809265137,13.949999809265137,13.699999809265137,13.800000190734863,13.800000190734863,46285.0
2023-07-05,13.850000381469727,14.100000381469727,13.699999809265137,13.850000381469727,13.850000381469727,67560.0
2023-07-06,13.949999809265137,14.0,13.800000190734863,13.899999618530273,13.899999618530273,40890.0
2023-07-07,13.899999618530273,13.949999809265137,13.800000190734863,13.850000381469727,13.850000381469727,21890.0
2023-07-10,13.949999809265137,13.949999809265137,13.699999809265137,13.899999618530273,13.899999618530273,26741.0
2023-07-11,13.800000190734863,13.899999618530273,13.600000381469727,13.699999809265137,13.699999809265137,52018.0
2023-07-12,13.75,13.850000381469727,13.649999618530273,13.649999618530273,13.649999618530273,41715.0
2023-07-13,13.699999809265137,13.899999618530273,12.850000381469727,13.050000190734863,13.050000190734863,283597.0
2023-07-14,13.449999809265137,13.5,12.949999809265137,13.199999809265137,13.199999809265137,86521.0
2023-07-17,12.949999809265137,13.449999809265137,12.949999809265137,13.25,13.25,26024.0
2023-07-18,13.899999618530273,14.0,13.25,13.399999618530273,13.399999618530273,114383.0
2023-07-19,13.399999618530273,13.5,12.699999809265137,13.0,13.0,212502.0
2023-07-20,13.399999618530273,13.399999618530273,12.899999618530273,13.0,13.0,71525.0
2023-07-21,13.0,13.100000381469727,12.0,12.600000381469727,12.600000381469727,329697.0
2023-07-24,12.600000381469727,12.899999618530273,12.350000381469727,12.600000381469727,12.600000381469727,131333.0
2023-07-25,12.350000381469727,13.399999618530273,12.350000381469727,13.0,13.0,195112.0
2023-07-26,13.100000381469727,13.199999809265137,13.0,13.050000190734863,13.050000190734863,26244.0
2023-07-27,13.25,13.25,12.850000381469727,12.899999618530273,12.899999618530273,104885.0
2023-07-28,12.949999809265137,13.149999618530273,12.800000190734863,12.899999618530273,12.899999618530273,55985.0
2023-07-31,13.100000381469727,13.350000381469727,12.649999618530273,12.800000190734863,12.800000190734863,88640.0
2023-08-01,13.0,13.550000190734863,12.899999618530273,13.25,13.25,279731.0
2023-08-02,13.300000190734863,13.399999618530273,13.0,13.149999618530273,13.149999618530273,71582.0
2023-08-03,13.199999809265137,13.199999809265137,12.550000190734863,13.050000190734863,13.050000190734863,61567.0
2023-08-04,12.899999618530273,13.800000190734863,12.899999618530273,13.300000190734863,13.300000190734863,218481.0
2023-08-07,13.600000381469727,13.949999809265137,13.300000190734863,13.699999809265137,13.699999809265137,190272.0
2023-08-08,13.899999618530273,15.25,13.850000381469727,14.449999809265137,14.449999809265137,1193528.0
2023-08-09,14.850000381469727,14.899999618530273,14.300000190734863,14.350000381469727,14.350000381469727,269140.0
2023-08-10,14.600000381469727,15.300000190734863,14.350000381469727,14.449999809265137,14.449999809265137,306274.0
2023-08-11,14.699999809265137,14.699999809265137,14.399999618530273,14.5,14.5,114073.0
2023-08-14,14.699999809265137,14.699999809265137,13.800000190734863,14.0,14.0,188842.0
2023-08-16,14.5,14.5,14.0,14.050000190734863,14.050000190734863,70546.0
2023-08-17,14.449999809265137,14.449999809265137,13.899999618530273,13.899999618530273,13.899999618530273,67963.0
2023-08-18,14.149999618530273,16.049999237060547,13.800000190734863,15.5,15.5,1292410.0
2023-08-21,16.899999618530273,16.899999618530273,15.649999618530273,16.399999618530273,16.399999618530273,911012.0
2023-08-22,17.200000762939453,17.649999618530273,17.0,17.399999618530273,17.399999618530273,861427.0
2023-08-23,17.799999237060547,18.100000381469727,16.25,16.399999618530273,16.399999618530273,1237213.0
2023-08-24,16.600000381469727,17.0,16.350000381469727,16.5,16.5,334188.0
2023-08-25,16.200000762939453,16.700000762939453,16.200000762939453,16.25,16.25,218508.0
2023-08-28,16.25,17.100000381469727,16.25,16.700000762939453,16.700000762939453,327062.0
2023-08-29,17.0,18.75,16.850000381469727,18.100000381469727,18.100000381469727,1298935.0
2023-08-30,18.399999618530273,19.950000762939453,18.25,19.350000381469727,19.350000381469727,1276380.0
2023-08-31,20.0,20.649999618530273,19.700000762939453,19.950000762939453,19.950000762939453,949461.0
2023-09-01,20.049999237060547,20.700000762939453,19.25,19.600000381469727,19.600000381469727,594569.0
2023-09-04,19.850000381469727,19.850000381469727,18.399999618530273,18.700000762939453,18.700000762939453,540515.0
2023-09-05,19.299999237060547,20.0,18.700000762939453,19.350000381469727,19.350000381469727,695407.0
2023-09-06,19.899999618530273,20.0,18.899999618530273,19.200000762939453,19.200000762939453,299702.0
2023-09-07,19.200000762939453,19.299999237060547,18.700000762939453,18.850000381469727,18.850000381469727,200573.0
2023-09-08,19.100000381469727,19.100000381469727,18.450000762939453,18.600000381469727,18.600000381469727,207326.0
2023-09-11,18.899999618530273,18.950000762939453,18.049999237060547,18.299999237060547,18.299999237060547,288867.0
2023-09-12,18.100000381469727,18.399999618530273,16.799999237060547,16.899999618530273,16.899999618530273,571363.0
2023-09-13,17.049999237060547,17.700000762939453,16.549999237060547,17.450000762939453,17.450000762939453,194488.0
2023-09-14,17.350000381469727,18.700000762939453,17.200000762939453,18.450000762939453,18.450000762939453,289166.0
2023-09-15,18.600000381469727,18.799999237060547,17.850000381469727,18.0,18.0,848012.0
2023-09-18,18.149999618530273,18.450000762939453,17.799999237060547,17.850000381469727,17.850000381469727,1500064.0
2023-09-20,17.950000762939453,18.25,17.549999237060547,17.649999618530273,17.649999618530273,1768008.0
2023-09-21,17.25,17.899999618530273,17.0,17.25,17.25,1457745.0
2023-09-22,17.350000381469727,17.799999237060547,17.25,17.399999618530273,17.399999618530273,740165.0
2023-09-25,17.5,17.899999618530273,17.25,17.350000381469727,17.350000381469727,1548136.0
2023-09-26,17.649999618530273,17.649999618530273,17.299999237060547,17.350000381469727,17.350000381469727,1319555.0
2023-09-27,17.450000762939453,17.549999237060547,17.100000381469727,17.25,17.25,872947.0
2023-09-28,17.25,17.399999618530273,16.950000762939453,17.149999618530273,17.149999618530273,331984.0
2023-09-29,17.200000762939453,18.799999237060547,17.149999618530273,18.350000381469727,18.350000381469727,781785.0
2023-10-03,18.5,18.5,17.75,18.100000381469727,18.100000381469727,367360.0
2023-10-04,18.75,20.600000381469727,18.200000762939453,19.5,19.5,2093183.0
2023-10-05,19.850000381469727,20.200000762939453,18.950000762939453,19.700000762939453,19.700000762939453,864050.0
2023-10-06,20.0,20.5,19.100000381469727,19.25,19.25,688824.0
2023-10-09,19.25,19.25,17.75,17.950000762939453,17.950000762939453,535435.0
2023-10-10,18.25,18.450000762939453,18.0,18.299999237060547,18.299999237060547,115799.0
2023-10-11,18.5,18.649999618530273,18.100000381469727,18.149999618530273,18.149999618530273,239547.0
2023-10-12,18.200000762939453,18.399999618530273,18.0,18.149999618530273,18.149999618530273,165369.0
2023-10-13,18.450000762939453,19.600000381469727,18.100000381469727,18.899999618530273,18.899999618530273,380664.0
2023-10-16,19.399999618530273,19.399999618530273,18.0,18.649999618530273,18.649999618530273,414016.0
2023-10-17,18.649999618530273,19.200000762939453,18.649999618530273,19.0,19.0,295143.0
2023-10-18,19.200000762939453,19.850000381469727,18.549999237060547,18.700000762939453,18.700000762939453,437934.0
2023-10-19,18.700000762939453,20.049999237060547,18.5,18.950000762939453,18.950000762939453,1041811.0
2023-10-20,19.149999618530273,20.350000381469727,18.25,19.049999237060547,19.049999237060547,9098385.0
2023-10-23,19.25,19.75,17.100000381469727,17.200000762939453,17.200000762939453,2041754.0
2023-10-25,17.600000381469727,18.149999618530273,16.549999237060547,17.299999237060547,17.299999237060547,1223193.0
2023-10-26,17.399999618530273,18.899999618530273,17.0,18.200000762939453,18.200000762939453,2208495.0
2023-10-27,18.5,20.399999618530273,18.25,19.899999618530273,19.899999618530273,5014377.0
2023-10-30,20.399999618530273,21.200000762939453,19.600000381469727,20.0,20.0,2699649.0
2023-10-31,20.549999237060547,20.600000381469727,19.5,19.850000381469727,19.850000381469727,666034.0
2023-11-01,19.600000381469727,19.600000381469727,18.850000381469727,18.850000381469727,18.850000381469727,460596.0
2023-11-02,19.049999237060547,19.049999237060547,18.049999237060547,18.549999237060547,18.549999237060547,237850.0
2023-11-03,18.600000381469727,19.450000762939453,18.600000381469727,19.0,19.0,207502.0
2023-11-06,19.350000381469727,19.850000381469727,19.25,19.549999237060547,19.549999237060547,348021.0
2023-11-07,19.75,19.75,18.700000762939453,19.25,19.25,143238.0
2023-11-08,19.299999237060547,19.450000762939453,19.100000381469727,19.149999618530273,19.149999618530273,129462.0
2023-11-09,19.399999618530273,19.399999618530273,18.75,18.799999237060547,18.799999237060547,199290.0
2023-11-10,18.399999618530273,18.950000762939453,18.25,18.299999237060547,18.299999237060547,159608.0
2023-11-13,18.5,18.5,18.049999237060547,18.200000762939453,18.200000762939453,104563.0
2023-11-15,18.299999237060547,18.649999618530273,18.049999237060547,18.299999237060547,18.299999237060547,128923.0
2023-11-16,18.299999237060547,18.75,18.299999237060547,18.399999618530273,18.399999618530273,83208.0
2023-11-17,18.399999618530273,18.75,18.049999237060547,18.149999618530273,18.149999618530273,137934.0
2023-11-20,18.549999237060547,18.549999237060547,17.899999618530273,17.899999618530273,17.899999618530273,93618.0
2023-11-21,17.899999618530273,18.299999237060547,17.100000381469727,17.899999618530273,17.899999618530273,105120.0
2023-11-22,17.899999618530273,18.100000381469727,17.5,17.850000381469727,17.850000381469727,83097.0
2023-11-23,17.850000381469727,18.700000762939453,17.0,18.700000762939453,18.700000762939453,269806.0
2023-11-24,19.299999237060547,19.299999237060547,18.149999618530273,18.25,18.25,127614.0
2023-11-28,18.299999237060547,18.5,17.700000762939453,17.899999618530273,17.899999618530273,96229.0
2023-11-29,18.0,18.25,17.850000381469727,18.049999237060547,18.049999237060547,50306.0
2023-11-30,18.399999618530273,18.399999618530273,17.850000381469727,17.950000762939453,17.950000762939453,67840.0
2023-12-01,18.350000381469727,18.350000381469727,17.5,17.75,17.75,76631.0
2023-12-04,17.799999237060547,18.549999237060547,17.799999237060547,17.950000762939453,17.950000762939453,122779.0
2023-12-05,17.950000762939453,18.600000381469727,17.899999618530273,18.200000762939453,18.200000762939453,156889.0
2023-12-06,18.5,18.5,17.75,17.899999618530273,17.899999618530273,72337.0
2023-12-07,18.100000381469727,18.5,17.700000762939453,17.75,17.75,88930.0
2023-12-08,17.75,18.0,17.049999237060547,17.75,17.75,119124.0
2023-12-11,17.850000381469727,17.950000762939453,17.5,17.649999618530273,17.649999618530273,87436.0
2023-12-12,17.950000762939453,17.950000762939453,17.299999237060547,17.5,17.5,114036.0
2023-12-13,17.899999618530273,17.899999618530273,17.149999618530273,17.399999618530273,17.399999618530273,56477.0
2023-12-14,17.399999618530273,17.549999237060547,17.200000762939453,17.299999237060547,17.299999237060547,81658.0
2023-12-15,17.549999237060547,17.549999237060547,17.100000381469727,17.200000762939453,17.200000762939453,140298.0
2023-12-18,17.450000762939453,17.700000762939453,17.25,17.299999237060547,17.299999237060547,62991.0
2023-12-19,17.600000381469727,18.149999618530273,17.25,17.799999237060547,17.799999237060547,89190.0
2023-12-20,18.299999237060547,18.399999618530273,17.049999237060547,17.100000381469727,17.100000381469727,105518.0
2023-12-21,16.299999237060547,17.450000762939453,16.299999237060547,17.049999237060547,17.049999237060547,132090.0
2023-12-22,17.399999618530273,17.450000762939453,17.0,17.100000381469727,17.100000381469727,41453.0
2023-12-26,17.25,17.25,17.0,17.149999618530273,17.149999618530273,47012.0
2023-12-27,17.200000762939453,17.600000381469727,17.0,17.299999237060547,17.299999237060547,75813.0
2023-12-28,17.549999237060547,17.75,17.049999237060547,17.200000762939453,17.200000762939453,47397.0
2023-12-29,17.350000381469727,17.350000381469727,17.049999237060547,17.100000381469727,17.100000381469727,46585.0
2024-01-01,17.450000762939453,17.549999237060547,17.049999237060547,17.149999618530273,17.149999618530273,95379.0
2024-01-02,17.200000762939453,17.799999237060547,17.200000762939453,17.600000381469727,17.600000381469727,95547.0
2024-01-03,17.799999237060547,18.100000381469727,17.600000381469727,17.799999237060547,17.799999237060547,204506.0
2024-01-04,17.799999237060547,18.200000762939453,17.799999237060547,18.149999618530273,18.149999618530273,90733.0
2024-01-05,18.149999618530273,18.700000762939453,18.0,18.299999237060547,18.299999237060547,238472.0
2024-01-08,18.549999237060547,18.600000381469727,18.049999237060547,18.149999618530273,18.149999618530273,74645.0
2024-01-09,18.549999237060547,18.549999237060547,18.149999618530273,18.25,18.25,91106.0
2024-01-10,18.25,18.399999618530273,18.049999237060547,18.200000762939453,18.200000762939453,51857.0
2024-01-11,18.450000762939453,18.450000762939453,17.700000762939453,17.950000762939453,17.950000762939453,135267.0
2024-01-12,17.950000762939453,18.5,17.950000762939453,18.149999618530273,18.149999618530273,129897.0
2024-01-15,18.399999618530273,18.5,18.0,18.200000762939453,18.200000762939453,125907.0
2024-01-16,18.600000381469727,18.600000381469727,18.049999237060547,18.299999237060547,18.299999237060547,80816.0
2024-01-17,18.049999237060547,18.25,17.649999618530273,17.950000762939453,17.950000762939453,61865.0
2024-01-18,18.25,18.25,17.649999618530273,17.950000762939453,17.950000762939453,46639.0
2024-01-19,18.25,18.25,17.899999618530273,17.950000762939453,17.950000762939453,37373.0
2024-01-23,18.0,18.299999237060547,17.350000381469727,17.600000381469727,17.600000381469727,108049.0
2024-01-24,17.950000762939453,18.200000762939453,17.149999618530273,18.049999237060547,18.049999237060547,185697.0
2024-01-25,18.399999618530273,18.950000762939453,18.200000762939453,18.850000381469727,18.850000381469727,252654.0
2024-01-29,19.399999618530273,19.75,18.75,19.75,19.75,514902.0
2024-01-30,20.350000381469727,20.399999618530273,19.549999237060547,19.75,19.75,401691.0
2024-01-31,20.600000381469727,20.700000762939453,20.049999237060547,20.700000762939453,20.700000762939453,626742.0
2024-02-01,21.649999618530273,21.700000762939453,21.299999237060547,21.700000762939453,21.700000762939453,1116220.0
2024-02-02,21.299999237060547,21.299999237060547,21.299999237060547,21.299999237060547,21.299999237060547,79690.0
2024-02-05,20.899999618530273,20.899999618530273,20.899999618530273,20.899999618530273,20.899999618530273,36323.0
2024-02-06,20.5,20.5,20.5,20.5,20.5,108942.0
2024-02-07,20.100000381469727,20.100000381469727,20.100000381469727,20.100000381469727,20.100000381469727,516865.0
2024-02-08,19.700000762939453,19.75,19.700000762939453,19.700000762939453,19.700000762939453,186890.0
2024-02-09,19.299999237060547,19.299999237060547,19.299999237060547,19.299999237060547,19.299999237060547,127637.0
2024-02-12,19.200000762939453,19.200000762939453,18.950000762939453,19.200000762939453,19.200000762939453,118490.0
2024-02-13,19.200000762939453,19.25,18.899999618530273,19.200000762939453,19.200000762939453,87968.0
2024-02-14,19.5,19.5,18.899999618530273,19.5,19.5,86258.0
2024-02-15,19.149999618530273,19.149999618530273,19.149999618530273,19.149999618530273,19.149999618530273,157934.0
2024-02-16,18.799999237060547,18.799999237060547,18.799999237060547,18.799999237060547,18.799999237060547,29798.0
2024-02-19,18.450000762939453,18.799999237060547,18.450000762939453,18.450000762939453,18.450000762939453,148713.0
2024-02-20,18.100000381469727,18.450000762939453,18.100000381469727,18.100000381469727,18.100000381469727,22244.0
2024-02-21,17.75,17.75,17.75,17.75,17.75,21327.0
2024-02-22,17.399999618530273,17.399999618530273,17.399999618530273,17.399999618530273,17.399999618530273,25221.0
2024-02-23,17.049999237060547,17.049999237060547,17.049999237060547,17.049999237060547,17.049999237060547,109937.0
2024-02-26,16.75,16.850000381469727,16.700000762939453,16.75,16.75,122364.0
2024-02-27,17.0,17.0,16.799999237060547,17.0,17.0,12421.0
2024-02-28,17.149999618530273,17.149999618530273,16.700000762939453,17.149999618530273,17.149999618530273,32370.0
2024-02-29,16.799999237060547,16.799999237060547,16.799999237060547,16.799999237060547,16.799999237060547,22359.0
2024-03-01,17.0,17.049999237060547,17.0,17.0,17.0,38399.0
2024-03-04,17.0,17.0,16.399999618530273,17.0,17.0,40817.0
2024-03-05,16.700000762939453,17.0,16.700000762939453,16.700000762939453,16.700000762939453,15558.0
2024-03-06,16.399999618530273,16.399999618530273,16.399999618530273,16.399999618530273,16.399999618530273,6472.0
2024-03-07,16.700000762939453,16.700000762939453,16.299999237060547,16.700000762939453,16.700000762939453,29066.0
2024-03-11,17.5,17.5,16.5,16.75,16.75,95618.0
2024-03-12,17.049999237060547,17.350000381469727,15.949999809265137,15.949999809265137,15.949999809265137,87235.0
2024-03-13,15.5,16.450000762939453,15.149999618530273,15.149999618530273,15.149999618530273,260646.0
2024-03-14,14.899999618530273,15.0,14.399999618530273,14.850000381469727,14.850000381469727,218033.0
2024-03-15,15.149999618530273,15.399999618530273,14.600000381469727,14.649999618530273,14.649999618530273,127615.0
2024-03-18,15.350000381469727,15.350000381469727,14.5,15.050000190734863,15.050000190734863,31352.0
2024-03-19,15.100000381469727,15.699999809265137,15.050000190734863,15.050000190734863,15.050000190734863,115181.0
2024-03-20,15.100000381469727,15.5,14.699999809265137,15.25,15.25,103791.0
2024-03-21,15.449999809265137,16.0,15.100000381469727,16.0,16.0,113944.0
2024-03-22,16.600000381469727,16.799999237060547,16.0,16.799999237060547,16.799999237060547,113380.0
2024-03-26,17.899999618530273,19.600000381469727,17.100000381469727,17.299999237060547,17.299999237060547,1208896.0
2024-03-27,17.450000762939453,19.450000762939453,17.450000762939453,17.700000762939453,17.700000762939453,496059.0
2024-03-28,17.799999237060547,18.600000381469727,17.100000381469727,17.25,17.25,195683.0
2024-04-01,17.899999618530273,18.700000762939453,17.5,18.200000762939453,18.200000762939453,161512.0
2024-04-02,18.200000762939453,19.600000381469727,17.799999237060547,18.350000381469727,18.350000381469727,342350.0
2024-04-03,18.450000762939453,20.899999618530273,17.649999618530273,19.899999618530273,19.899999618530273,901038.0
2024-04-04,20.049999237060547,20.799999237060547,19.649999618530273,19.899999618530273,19.899999618530273,468619.0
2024-04-05,19.799999237060547,20.350000381469727,19.399999618530273,19.850000381469727,19.850000381469727,235944.0
2024-04-08,19.600000381469727,20.149999618530273,18.899999618530273,19.149999618530273,19.149999618530273,173533.0
2024-04-09,19.299999237060547,19.399999618530273,19.0,19.200000762939453,19.200000762939453,108310.0
2024-04-10,19.5,19.899999618530273,19.149999618530273,19.5,19.5,223727.0
2024-04-12,19.700000762939453,20.350000381469727,19.049999237060547,19.200000762939453,19.200000762939453,181358.0
2024-04-15,18.700000762939453,19.0,18.049999237060547,18.200000762939453,18.200000762939453,125283.0
2024-04-16,18.0,19.850000381469727,17.899999618530273,18.200000762939453,18.200000762939453,170511.0
2024-04-18,18.350000381469727,18.850000381469727,18.299999237060547,18.399999618530273,18.399999618530273,94136.0
2024-04-19,17.850000381469727,21.75,17.850000381469727,20.549999237060547,20.549999237060547,1832316.0
2024-04-22,21.049999237060547,22.049999237060547,20.399999618530273,20.450000762939453,20.450000762939453,614379.0
2024-04-23,20.649999618530273,23.950000762939453,20.649999618530273,22.049999237060547,22.049999237060547,3016424.0
2024-04-24,22.350000381469727,22.899999618530273,21.0,21.25,21.25,773963.0
2024-04-25,21.25,21.649999618530273,19.549999237060547,19.850000381469727,19.850000381469727,646675.0
2024-04-26,20.0,21.0,19.850000381469727,20.350000381469727,20.350000381469727,508774.0
2024-04-29,20.950000762939453,20.950000762939453,19.850000381469727,20.049999237060547,20.049999237060547,206971.0
2024-04-30,20.25,21.850000381469727,19.649999618530273,21.049999237060547,21.049999237060547,975191.0
2024-05-02,21.049999237060547,21.5,20.549999237060547,20.899999618530273,20.899999618530273,376091.0
2024-05-03,20.700000762939453,21.0,19.450000762939453,19.649999618530273,19.649999618530273,509808.0
2024-05-06,20.100000381469727,20.549999237060547,19.25,19.399999618530273,19.399999618530273,212759.0
2024-05-07,19.5,19.600000381469727,18.200000762939453,18.950000762939453,18.950000762939453,233923.0
2024-05-08,18.899999618530273,19.399999618530273,18.5,18.799999237060547,18.799999237060547,179409.0
2024-05-09,18.799999237060547,19.299999237060547,18.549999237060547,18.799999237060547,18.799999237060547,162603.0
2024-05-10,18.700000762939453,20.299999237060547,18.600000381469727,19.75,19.75,387791.0
2024-05-13,20.5,20.5,18.899999618530273,19.549999237060547,19.549999237060547,148913.0
2024-05-14,19.649999618530273,19.850000381469727,19.100000381469727,19.25,19.25,106713.0
2024-05-15,19.100000381469727,19.649999618530273,18.899999618530273,19.149999618530273,19.149999618530273,134285.0
2024-05-16,19.299999237060547,20.799999237060547,19.149999618530273,19.850000381469727,19.850000381469727,435761.0
2024-05-17,20.0,21.5,19.799999237060547,20.100000381469727,20.100000381469727,614018.0
2024-05-21,20.25,20.950000762939453,19.649999618530273,20.549999237060547,20.549999237060547,370610.0
2024-05-22,21.0,21.0,20.0,20.200000762939453,20.200000762939453,219825.0
2024-05-23,20.649999618530273,20.649999618530273,19.75,19.899999618530273,19.899999618530273,181026.0
2024-05-24,20.149999618530273,20.450000762939453,19.049999237060547,19.450000762939453,19.450000762939453,234013.0
2024-05-27,19.149999618530273,19.799999237060547,18.799999237060547,19.049999237060547,19.049999237060547,181251.0
2024-05-28,19.299999237060547,19.399999618530273,18.75,18.950000762939453,18.950000762939453,125771.0
2024-05-29,18.600000381469727,19.25,18.299999237060547,18.549999237060547,18.549999237060547,123440.0
2024-05-30,18.649999618530273,18.899999618530273,17.899999618530273,18.0,18.0,121670.0
2024-05-31,17.649999618530273,18.399999618530273,17.600000381469727,17.950000762939453,17.950000762939453,117774.0
2024-06-03,18.700000762939453,19.399999618530273,17.200000762939453,17.399999618530273,17.399999618530273,438159.0
2024-06-04,17.5,17.5,14.649999618530273,15.899999618530273,15.899999618530273,321970.0
2024-06-05,15.899999618530273,17.5,15.149999618530273,17.049999237060547,17.049999237060547,202786.0
2024-06-06,17.450000762939453,18.0,16.899999618530273,17.850000381469727,17.850000381469727,272890.0
2024-06-07,17.549999237060547,18.0,17.25,17.700000762939453,17.700000762939453,182377.0
2024-06-10,18.149999618530273,18.700000762939453,17.649999618530273,18.139999389648438,18.139999389648438,280365.0
2024-06-11,18.639999389648438,18.639999389648438,17.90999984741211,17.979999542236328,17.979999542236328,93848.0
2024-06-12,18.299999237060547,18.690000534057617,17.649999618530273,17.790000915527344,17.790000915527344,205579.0
2024-06-13,18.010000228881836,18.31999969482422,17.799999237060547,17.889999389648438,17.889999389648438,100612.0
2024-06-14,18.149999618530273,18.5,17.709999084472656,18.270000457763672,18.270000457763672,422335.0
2024-06-18,18.270000457763672,18.799999237060547,18.200000762939453,18.209999084472656,18.209999084472656,321271.0
2024-06-19,18.020000457763672,18.549999237060547,17.850000381469727,18.110000610351562,18.110000610351562,170993.0
2024-06-20,18.0,19.290000915527344,18.0,18.799999237060547,18.799999237060547,329344.0
2024-06-21,19.450000762939453,19.979999542236328,18.549999237060547,18.770000457763672,18.770000457763672,585557.0
2024-06-24,18.989999771118164,19.610000610351562,18.450000762939453,19.030000686645508,19.030000686645508,327412.0
2024-06-25,19.100000381469727,19.5,18.719999313354492,18.950000762939453,18.950000762939453,170934.0
2024-06-26,19.040000915527344,19.75,18.950000762939453,19.399999618530273,19.399999618530273,545236.0
2024-06-27,19.219999313354492,19.75,18.889999389648438,19.059999465942383,19.059999465942383,245393.0
2024-06-28,19.190000534057617,19.489999771118164,18.709999084472656,18.790000915527344,18.790000915527344,140534.0
2024-07-01,18.790000915527344,19.799999237060547,18.790000915527344,19.5,19.5,711091.0
2024-07-02,19.600000381469727,19.889999389648438,18.799999237060547,19.0,19.0,370604.0
2024-07-03,19.139999389648438,19.5,19.0,19.170000076293945,19.170000076293945,290585.0
2024-07-04,19.549999237060547,19.549999237060547,18.549999237060547,18.969999313354492,18.969999313354492,227522.0
2024-07-05,19.100000381469727,19.479999542236328,18.8700008392334,19.040000915527344,19.040000915527344,170419.0
2024-07-08,19.100000381469727,19.5,18.579999923706055,18.899999618530273,18.899999618530273,246654.0
2024-07-09,18.959999084472656,19.200000762939453,18.8700008392334,18.940000534057617,18.940000534057617,67225.0
2024-07-10,19.0,19.149999618530273,18.399999618530273,18.6200008392334,18.6200008392334,145015.0
2024-07-11,18.670000076293945,20.5,18.6200008392334,19.75,19.75,1355664.0
2024-07-12,20.100000381469727,20.479999542236328,19.0,19.18000030517578,19.18000030517578,335673.0
2024-07-15,19.440000534057617,19.440000534057617,18.780000686645508,18.8799991607666,18.8799991607666,170834.0
2024-07-16,19.0,19.299999237060547,18.350000381469727,18.75,18.75,186122.0
2024-07-18,19.100000381469727,19.100000381469727,18.110000610351562,18.170000076293945,18.170000076293945,346638.0
2024-07-19,18.34000015258789,18.34000015258789,16.899999618530273,17.149999618530273,17.149999618530273,545113.0
2024-07-22,17.100000381469727,17.84000015258789,17.0,17.3700008392334,17.3700008392334,210100.0
2024-07-23,17.799999237060547,17.799999237060547,16.5,16.8700008392334,16.8700008392334,274375.0
2024-07-24,17.299999237060547,17.700000762939453,16.959999084472656,17.149999618530273,17.149999618530273,474890.0
2024-07-25,17.200000762939453,17.43000030517578,16.719999313354492,16.93000030517578,16.93000030517578,339954.0
2024-07-26,17.040000915527344,17.59000015258789,16.899999618530273,17.020000457763672,17.020000457763672,412583.0
2024-07-29,17.030000686645508,17.489999771118164,16.899999618530273,16.940000534057617,16.940000534057617,310614.0
2024-07-30,17.040000915527344,18.399999618530273,16.84000015258789,17.459999084472656,17.459999084472656,1025521.0
2024-07-31,17.549999237060547,18.049999237060547,16.93000030517578,17.09000015258789,17.09000015258789,710699.0
2024-08-01,17.5,20.5,17.100000381469727,20.15999984741211,20.15999984741211,10160982.0
2024-08-02,20.149999618530273,20.149999618530273,17.5,18.030000686645508,18.030000686645508,3772170.0
2024-08-05,17.5,17.790000915527344,16.709999084472656,16.8799991607666,16.8799991607666,916565.0
2024-08-06,17.139999389648438,17.459999084472656,16.110000610351562,16.540000915527344,16.540000915527344,468597.0
2024-08-07,16.920000076293945,17.299999237060547,16.559999465942383,16.860000610351562,16.860000610351562,358691.0
2024-08-08,16.860000610351562,17.5,16.829999923706055,17.350000381469727,17.350000381469727,236593.0
2024-08-09,17.6299991607666,17.6299991607666,16.770000457763672,17.209999084472656,17.209999084472656,328238.0
2024-08-12,17.110000610351562,17.440000534057617,16.440000534057617,16.799999237060547,16.799999237060547,318752.0
2024-08-13,17.18000030517578,17.18000030517578,16.469999313354492,16.610000610351562,16.610000610351562,159555.0
2024-08-14,16.899999618530273,16.940000534057617,16.010000228881836,16.18000030517578,16.18000030517578,252814.0
2024-08-16,16.299999237060547,16.600000381469727,16.110000610351562,16.3700008392334,16.3700008392334,151287.0
2024-08-19,16.18000030517578,16.969999313354492,16.18000030517578,16.850000381469727,16.850000381469727,173925.0
2024-08-20,16.979999542236328,17.09000015258789,16.549999237060547,16.799999237060547,16.799999237060547,83394.0
2024-08-21,16.719999313354492,17.899999618530273,16.719999313354492,17.469999313354492,17.469999313354492,326089.0
2024-08-22,17.559999465942383,18.15999984741211,17.43000030517578,17.8700008392334,17.8700008392334,310821.0
2024-08-23,18.100000381469727,18.100000381469727,17.299999237060547,17.43000030517578,17.43000030517578,184948.0
2024-08-26,17.8799991607666,17.8799991607666,17.170000076293945,17.260000228881836,17.260000228881836,135801.0
2024-08-27,17.5,17.799999237060547,17.1299991607666,17.440000534057617,17.440000534057617,140390.0
2024-08-28,17.540000915527344,17.780000686645508,17.25,17.350000381469727,17.350000381469727,145223.0
2024-08-29,17.399999618530273,17.469999313354492,16.8799991607666,17.059999465942383,17.059999465942383,174952.0
2024-08-30,17.399999618530273,17.399999618530273,16.8799991607666,16.959999084472656,16.959999084472656,98281.0
2024-09-02,16.959999084472656,17.350000381469727,16.860000610351562,16.979999542236328,16.979999542236328,147160.0
2024-09-03,16.979999542236328,17.170000076293945,16.719999313354492,16.829999923706055,16.829999923706055,140499.0
2024-09-04,16.700000762939453,17.06999969482422,16.610000610351562,16.68000030517578,16.68000030517578,91968.0
2024-09-05,16.889999389648438,17.059999465942383,16.770000457763672,16.84000015258789,16.84000015258789,104687.0
2024-09-06,16.950000762939453,16.950000762939453,16.0,16.31999969482422,16.31999969482422,236947.0
2024-09-09,16.520000457763672,18.729999542236328,16.010000228881836,17.920000076293945,17.920000076293945,1349905.0
2024-09-10,18.0,19.899999618530273,17.559999465942383,18.329999923706055,18.329999923706055,1080805.0
2024-09-11,18.75,18.889999389648438,17.81999969482422,17.899999618530273,17.899999618530273,187884.0
2024-09-12,18.270000457763672,18.459999084472656,18.010000228881836,18.139999389648438,18.139999389648438,201313.0
2024-09-13,18.290000915527344,18.290000915527344,17.610000610351562,18.030000686645508,18.030000686645508,173486.0
2024-09-16,18.0,19.299999237060547,17.5,18.969999313354492,18.969999313354492,495105.0
2024-09-17,19.260000228881836,19.260000228881836,18.25,18.34000015258789,18.34000015258789,173858.0
2024-09-18,18.100000381469727,18.639999389648438,17.299999237060547,17.540000915527344,17.540000915527344,197368.0
2024-09-19,17.889999389648438,18.270000457763672,17.1299991607666,17.469999313354492,17.469999313354492,171718.0
2024-09-20,17.219999313354492,17.8700008392334,16.950000762939453,17.059999465942383,17.059999465942383,262755.0
2024-09-23,17.200000762939453,17.389999389648438,17.0,17.030000686645508,17.030000686645508,95530.0
2024-09-24,17.8799991607666,17.8799991607666,16.899999618530273,17.010000228881836,17.010000228881836,224062.0
2024-09-25,17.06999969482422,17.18000030517578,16.690000534057617,16.8799991607666,16.8799991607666,94540.0
2024-09-26,16.729999542236328,17.469999313354492,16.729999542236328,17.09000015258789,17.09000015258789,140696.0
2024-09-27,17.170000076293945,17.170000076293945,16.799999237060547,16.8799991607666,16.8799991607666,56499.0
2024-09-30,16.639999389648438,17.0,16.450000762939453,16.6200008392334,16.6200008392334,126601.0
2024-10-01,16.700000762939453,16.979999542236328,16.5,16.639999389648438,16.639999389648438,148012.0
2024-10-03,16.450000762939453,17.0,16.020000457763672,16.239999771118164,16.239999771118164,302276.0
2024-10-04,16.440000534057617,16.440000534057617,15.609999656677246,15.760000228881836,15.760000228881836,193643.0
2024-10-07,15.979999542236328,16.190000534057617,15.0,15.680000305175781,15.680000305175781,153249.0
2024-10-08,15.5,16.450000762939453,15.199999809265137,16.31999969482422,16.31999969482422,97290.0
2024-10-09,16.700000762939453,16.799999237060547,16.450000762939453,16.579999923706055,16.579999923706055,71405.0
2024-10-10,16.579999923706055,16.790000915527344,16.15999984741211,16.489999771118164,16.489999771118164,56632.0
2024-10-11,16.649999618530273,16.649999618530273,16.010000228881836,16.1200008392334,16.1200008392334,75595.0
2024-10-14,16.399999618530273,16.399999618530273,15.699999809265137,15.84000015258789,15.84000015258789,100534.0
2024-10-15,16.0,16.149999618530273,15.699999809265137,15.829999923706055,15.829999923706055,68536.0
2024-10-16,16.06999969482422,16.06999969482422,15.619999885559082,15.729999542236328,15.729999542236328,90071.0
2024-10-17,16.1299991607666,16.1299991607666,15.65999984741211,15.760000228881836,15.760000228881836,43457.0
2024-10-18,15.930000305175781,15.930000305175781,15.210000038146973,15.569999694824219,15.569999694824219,79552.0
2024-10-21,15.569999694824219,15.850000381469727,15.0,15.050000190734863,15.050000190734863,137755.0
2024-10-22,15.130000114440918,15.75,14.010000228881836,14.199999809265137,14.199999809265137,160335.0
2024-10-23,14.199999809265137,15.5,13.800000190734863,14.65999984741211,14.65999984741211,147792.0
2024-10-24,14.65999984741211,14.899999618530273,14.510000228881836,14.640000343322754,14.640000343322754,51280.0
2024-10-25,14.670000076293945,14.680000305175781,13.899999618530273,14.119999885559082,14.119999885559082,98928.0
2024-10-28,14.5,15.0,14.3100004196167,14.779999732971191,14.779999732971191,46393.0
2024-10-29,14.9399995803833,14.9399995803833,14.3100004196167,14.729999542236328,14.729999542236328,41733.0
2024-10-30,14.520000457763672,15.40999984741211,14.5,15.140000343322754,15.140000343322754,64413.0
2024-10-31,15.390000343322754,15.390000343322754,14.470000267028809,14.729999542236328,14.729999542236328,74839.0
2024-11-01,15.25,15.25,14.5600004196167,14.829999923706055,14.829999923706055,24374.0
2024-11-04,14.850000381469727,14.989999771118164,14.529999732971191,14.609999656677246,14.609999656677246,33586.0
2024-11-05,14.899999618530273,15.109999656677246,14.609999656677246,14.6899995803833,14.6899995803833,105268.0
2024-11-06,14.899999618530273,15.850000381469727,14.829999923706055,15.609999656677246,15.609999656677246,117681.0
2024-11-07,15.699999809265137,15.699999809265137,15.109999656677246,15.260000228881836,15.260000228881836,37573.0
2024-11-08,15.479999542236328,15.479999542236328,15.020000457763672,15.0600004196167,15.0600004196167,23956.0
2024-11-11,15.359999656677246,15.899999618530273,14.989999771118164,15.1899995803833,15.1899995803833,67144.0
2024-11-12,15.470000267028809,15.470000267028809,14.260000228881836,14.539999961853027,14.539999961853027,49612.0
2024-11-13,14.470000267028809,14.479999542236328,13.90999984741211,14.0600004196167,14.0600004196167,56068.0
2024-11-14,14.199999809265137,14.479999542236328,14.109999656677246,14.149999618530273,14.149999618530273,29283.0
2024-11-18,14.470000267028809,14.5,13.649999618530273,14.050000190734863,14.050000190734863,79323.0
2024-11-19,14.260000228881836,14.649999618530273,14.039999961853027,14.210000038146973,14.210000038146973,50599.0
2024-11-21,14.479999542236328,14.479999542236328,12.800000190734863,13.460000038146973,13.460000038146973,109049.0
2024-11-22,13.670000076293945,13.8100004196167,13.210000038146973,13.40999984741211,13.40999984741211,56716.0
2024-11-25,13.760000228881836,13.979999542236328,13.529999732971191,13.670000076293945,13.670000076293945,117317.0
2024-11-26,13.930000305175781,14.4399995803833,13.710000038146973,14.119999885559082,14.119999885559082,35170.0
2024-11-27,14.380000114440918,14.380000114440918,13.270000457763672,14.029999732971191,14.029999732971191,94182.0
2024-11-28,14.029999732971191,15.0,14.029999732971191,14.680000305175781,14.680000305175781,82678.0
2024-11-29,14.5,14.979999542236328,14.350000381469727,14.75,14.75,45424.0
2024-12-02,15.149999618530273,15.4399995803833,14.649999618530273,15.130000114440918,15.130000114440918,93015.0
2024-12-03,15.5,15.789999961853027,14.699999809265137,14.890000343322754,14.890000343322754,142528.0
2024-12-04,15.399999618530273,15.600000381469727,14.729999542236328,15.029999732971191,15.029999732971191,111317.0
2024-12-05,15.0,15.390000343322754,14.819999694824219,14.970000267028809,14.970000267028809,71731.0
2024-12-06,14.9399995803833,15.479999542236328,14.770000457763672,15.300000190734863,15.300000190734863,61546.0
2024-12-09,15.600000381469727,16.75,15.270000457763672,16.579999923706055,16.579999923706055,330504.0
2024-12-10,16.68000030517578,16.829999923706055,16.100000381469727,16.350000381469727,16.350000381469727,115989.0
2024-12-11,16.350000381469727,16.75,16.020000457763672,16.459999084472656,16.459999084472656,125505.0
2024-12-12,16.770000457763672,16.770000457763672,16.100000381469727,16.600000381469727,16.600000381469727,104624.0
2024-12-13,16.700000762939453,16.700000762939453,16.0,16.040000915527344,16.040000915527344,42865.0
2024-12-16,16.270000457763672,17.950000762939453,16.0,17.65999984741211,17.65999984741211,332539.0
2024-12-17,17.6299991607666,18.200000762939453,17.040000915527344,17.139999389648438,17.139999389648438,172363.0
2024-12-18,17.440000534057617,17.440000534057617,16.579999923706055,16.860000610351562,16.860000610351562,109372.0
2024-12-19,16.850000381469727,17.0,16.299999237060547,16.40999984741211,16.40999984741211,45014.0
2024-12-20,16.520000457763672,18.469999313354492,16.149999618530273,16.459999084472656,16.459999084472656,1842190.0
2024-12-23,16.799999237060547,17.0,16.43000030517578,16.690000534057617,16.690000534057617,126179.0
2024-12-24,16.899999618530273,18.280000686645508,16.350000381469727,16.5,16.5,924887.0
2024-12-26,16.549999237060547,16.979999542236328,16.209999084472656,16.559999465942383,16.559999465942383,133639.0
2024-12-27,16.549999237060547,17.0,16.239999771118164,16.540000915527344,16.540000915527344,133013.0
2024-12-30,16.229999542236328,16.780000686645508,15.800000190734863,16.06999969482422,16.06999969482422,110244.0
2024-12-31,15.989999771118164,16.600000381469727,15.720000267028809,16.350000381469727,16.350000381469727,176145.0
2025-01-01,16.790000915527344,16.799999237060547,16.100000381469727,16.170000076293945,16.170000076293945,58106.0
2025-01-02,16.170000076293945,16.559999465942383,16.0,16.1299991607666,16.1299991607666,72182.0
2025-01-03,16.260000228881836,17.399999618530273,16.06999969482422,16.579999923706055,16.579999923706055,104114.0
2025-01-06,17.700000762939453,17.700000762939453,14.979999542236328,15.600000381469727,15.600000381469727,207453.0
2025-01-07,15.949999809265137,16.290000915527344,15.600000381469727,15.819999694824219,15.819999694824219,85668.0
2025-01-08,16.139999389648438,16.270000457763672,15.520000457763672,15.649999618530273,15.649999618530273,103131.0
2025-01-09,15.989999771118164,16.239999771118164,15.119999885559082,15.6899995803833,15.6899995803833,156043.0
2025-01-10,15.520000457763672,15.960000038146973,14.359999656677246,14.520000457763672,14.520000457763672,158903.0
2025-01-13,14.430000305175781,14.710000038146973,13.539999961853027,13.880000114440918,13.880000114440918,128082.0
2025-01-14,13.979999542236328,14.6899995803833,13.979999542236328,14.210000038146973,14.210000038146973,104130.0
2025-01-15,14.760000228881836,14.760000228881836,14.119999885559082,14.270000457763672,14.270000457763672,84065.0
2025-01-16,14.489999771118164,14.850000381469727,14.329999923706055,14.399999618530273,14.399999618530273,39362.0
2025-01-17,14.390000343322754,14.550000190734863,14.289999961853027,14.34000015258789,14.34000015258789,33957.0
2025-01-20,14.079999923706055,14.84000015258789,14.079999923706055,14.710000038146973,14.710000038146973,33932.0
2025-01-21,14.9399995803833,14.979999542236328,14.100000381469727,14.3100004196167,14.3100004196167,71879.0
2025-01-22,14.350000381469727,14.609999656677246,14.010000228881836,14.279999732971191,14.279999732971191,56507.0
2025-01-23,14.220000267028809,14.6899995803833,14.149999618530273,14.25,14.25,56974.0
2025-01-24,14.079999923706055,14.369999885559082,13.65999984741211,13.8100004196167,13.8100004196167,35854.0
2025-01-27,13.579999923706055,13.970000267028809,12.75,13.199999809265137,13.199999809265137,93071.0
2025-01-28,13.270000457763672,14.75,12.600000381469727,13.960000038146973,13.960000038146973,173724.0
2025-01-29,14.40999984741211,14.5,13.800000190734863,14.09000015258789,14.09000015258789,33286.0
2025-01-30,13.850000381469727,14.4399995803833,13.260000228881836,13.359999656677246,13.359999656677246,172176.0
2025-01-31,13.699999809265137,14.180000305175781,13.199999809265137,13.479999542236328,13.479999542236328,99395.0
2025-02-01,13.829999923706055,14.789999961853027,13.34000015258789,13.970000267028809,13.970000267028809,28985.0
2025-02-03,14.229999542236328,14.229999542236328,13.520000457763672,13.779999732971191,13.779999732971191,20067.0
2025-02-04,13.8100004196167,14.300000190734863,13.800000190734863,13.989999771118164,13.989999771118164,29612.0
2025-02-05,13.989999771118164,15.470000267028809,13.930000305175781,14.460000038146973,14.460000038146973,95139.0
2025-02-06,14.890000343322754,14.890000343322754,12.800000190734863,13.630000114440918,13.630000114440918,127611.0
2025-02-07,13.649999618530273,14.130000114440918,13.5600004196167,13.6899995803833,13.6899995803833,46921.0
2025-02-10,13.84000015258789,14.220000267028809,13.449999809265137,13.59000015258789,13.59000015258789,57339.0
2025-02-11,13.850000381469727,13.859999656677246,12.800000190734863,13.270000457763672,13.270000457763672,83210.0
2025-02-12,13.279999732971191,13.470000267028809,12.75,13.180000305175781,13.180000305175781,51460.0
2025-02-13,13.25,13.479999542236328,12.850000381469727,12.970000267028809,12.970000267028809,36469.0
2025-02-14,13.0,13.300000190734863,11.619999885559082,12.149999618530273,12.149999618530273,128072.0
2025-02-17,12.100000381469727,12.399999618530273,11.109999656677246,11.520000457763672,11.520000457763672,195503.0
2025-02-18,11.520000457763672,11.800000190734863,11.010000228881836,11.180000305175781,11.180000305175781,125427.0
2025-02-19,11.09000015258789,12.970000267028809,11.050000190734863,12.149999618530273,12.149999618530273,142434.0
2025-02-20,12.0,12.989999771118164,12.0,12.8100004196167,12.8100004196167,62686.0
2025-02-21,12.84000015258789,12.979999542236328,12.119999885559082,12.630000114440918,12.630000114440918,69922.0
2025-02-24,12.930000305175781,12.930000305175781,12.270000457763672,12.479999542236328,12.479999542236328,73551.0
2025-02-25,12.970000267028809,12.979999542236328,12.300000190734863,12.529999732971191,12.529999732971191,53152.0
2025-02-27,12.699999809265137,12.699999809265137,11.8100004196167,11.890000343322754,11.890000343322754,49521.0
2025-02-28,11.789999961853027,11.949999809265137,11.029999732971191,11.1899995803833,11.1899995803833,77971.0
2025-03-03,11.0600004196167,11.15999984741211,10.40999984741211,10.630000114440918,10.630000114440918,53365.0
2025-03-04,10.479999542236328,11.800000190734863,9.819999694824219,11.630000114440918,11.630000114440918,90859.0
2025-03-05,11.75,12.399999618530273,11.1899995803833,12.15999984741211,12.15999984741211,102874.0
2025-03-06,12.880000114440918,12.949999809265137,12.210000038146973,12.380000114440918,12.380000114440918,82516.0
2025-03-07,12.449999809265137,12.789999961853027,12.3100004196167,12.420000076293945,12.420000076293945,99995.0
2025-03-10,12.859999656677246,12.859999656677246,11.680000305175781,11.739999771118164,11.739999771118164,91464.0
2025-03-11,11.739999771118164,11.970000267028809,10.680000305175781,10.930000305175781,10.930000305175781,86645.0
2025-03-12,11.09000015258789,11.5,10.579999923706055,11.270000457763672,11.270000457763672,87805.0
2025-03-13,11.489999771118164,11.489999771118164,10.25,10.569999694824219,10.569999694824219,199564.0
2025-03-17,10.670000076293945,10.829999923706055,10.119999885559082,10.220000267028809,10.220000267028809,84977.0
2025-03-18,10.220000267028809,10.220000267028809,10.220000267028809,10.220000267028809,10.220000267028809,0.0
2025-03-19,11.239999771118164,11.550000190734863,10.619999885559082,10.899999618530273,10.899999618530273,103558.0
2025-03-20,11.390000343322754,11.5,10.920000076293945,11.079999923706055,11.079999923706055,121287.0
2025-03-21,11.369999885559082,11.390000343322754,11.100000381469727,11.170000076293945,11.170000076293945,43964.0
2025-03-24,11.399999618530273,11.600000381469727,11.149999618530273,11.229999542236328,11.229999542236328,171516.0
2025-03-25,11.800000190734863,11.800000190734863,10.949999809265137,11.039999961853027,11.039999961853027,204572.0
2025-03-26,11.029999732971191,11.430000305175781,10.760000228881836,10.800000190734863,10.800000190734863,146391.0
2025-03-27,10.8100004196167,11.09000015258789,10.3100004196167,10.449999809265137,10.449999809265137,191304.0
2025-03-28,10.399999618530273,10.989999771118164,8.359999656677246,9.5,9.5,515034.0
2025-04-01,9.3100004196167,11.149999618530273,9.3100004196167,10.930000305175781,10.930000305175781,160036.0
2025-04-02,11.020000457763672,11.199999809265137,10.569999694824219,11.029999732971191,11.029999732971191,129020.0
2025-04-03,11.029999732971191,11.479999542236328,10.869999885559082,11.34000015258789,11.34000015258789,72492.0
2025-04-04,11.779999732971191,11.779999732971191,11.329999923706055,11.619999885559082,11.619999885559082,31516.0
2025-04-07,11.0,11.399999618530273,10.010000228881836,10.329999923706055,10.329999923706055,96263.0
2025-04-08,10.40999984741211,11.010000228881836,10.40999984741211,10.979999542236328,10.979999542236328,20544.0
2025-04-09,10.699999809265137,11.229999542236328,10.649999618530273,10.729999542236328,10.729999542236328,16598.0
2025-04-11,11.020000457763672,11.350000381469727,10.760000228881836,10.819999694824219,10.819999694824219,19180.0
2025-04-15,11.100000381469727,12.0,11.100000381469727,11.520000457763672,11.520000457763672,34979.0
2025-04-16,11.579999923706055,11.630000114440918,11.3100004196167,11.399999618530273,11.399999618530273,26318.0
2025-04-17,11.699999809265137,11.899999618530273,11.399999618530273,11.75,11.75,74808.0
2025-04-21,11.90999984741211,12.050000190734863,11.75,12.0,12.0,35999.0
2025-04-22,12.289999961853027,12.390000343322754,12.050000190734863,12.229999542236328,12.229999542236328,44930.0
2025-04-23,12.289999961853027,12.59000015258789,11.359999656677246,11.930000305175781,11.930000305175781,55531.0
2025-04-24,11.9399995803833,12.300000190734863,11.420000076293945,11.989999771118164,11.989999771118164,39380.0
2025-04-25,12.069999694824219,12.149999618530273,11.170000076293945,11.399999618530273,11.399999618530273,63458.0
2025-04-28,11.329999923706055,13.390000343322754,11.329999923706055,12.229999542236328,12.229999542236328,380872.0
2025-04-29,12.390000343322754,13.0,11.800000190734863,11.949999809265137,11.949999809265137,316143.0
2025-04-30,11.979999542236328,12.449999809265137,11.699999809265137,11.850000381469727,11.850000381469727,100257.0
2025-05-02,11.699999809265137,12.229999542236328,11.449999809265137,11.90999984741211,11.90999984741211,50387.0
2025-05-05,11.8100004196167,12.300000190734863,11.8100004196167,12.010000228881836,12.010000228881836,37891.0
2025-05-06,12.020000457763672,12.069999694824219,11.670000076293945,11.800000190734863,11.800000190734863,19773.0
2025-05-07,12.0,12.170000076293945,11.5,11.6899995803833,11.6899995803833,43473.0
2025-05-08,11.920000076293945,11.930000305175781,11.399999618530273,11.539999961853027,11.539999961853027,22776.0
2025-05-09,11.449999809265137,11.510000228881836,11.0,11.149999618530273,11.149999618530273,34656.0
2025-05-12,11.899999618530273,12.0,11.680000305175781,11.829999923706055,11.829999923706055,35501.0
2025-05-13,11.970000267028809,12.399999618530273,11.920000076293945,12.260000228881836,12.260000228881836,124361.0
2025-05-14,12.260000228881836,12.710000038146973,12.260000228881836,12.489999771118164,12.489999771118164,53768.0
2025-05-15,12.550000190734863,12.789999961853027,12.399999618530273,12.420000076293945,12.420000076293945,23435.0
2025-05-16,12.600000381469727,12.609999656677246,11.829999923706055,12.180000305175781,12.180000305175781,94559.0
2025-05-19,12.069999694824219,12.470000267028809,12.010000228881836,12.3100004196167,12.3100004196167,32561.0
2025-05-20,12.569999694824219,12.579999923706055,12.069999694824219,12.300000190734863,12.300000190734863,36289.0
2025-05-21,12.119999885559082,12.899999618530273,11.960000038146973,12.470000267028809,12.470000267028809,61293.0
2025-05-22,12.649999618530273,12.739999771118164,12.369999885559082,12.460000038146973,12.460000038146973,31574.0
2025-05-23,12.470000267028809,13.199999809265137,12.3100004196167,12.920000076293945,12.920000076293945,72168.0
2025-05-26,12.479999542236328,12.920000076293945,12.109999656677246,12.359999656677246,12.359999656677246,74018.0
2025-05-27,12.6899995803833,14.800000190734863,12.15999984741211,13.899999618530273,13.899999618530273,536026.0
2025-05-28,14.0,14.09000015258789,13.510000228881836,13.65999984741211,13.65999984741211,137576.0
2025-05-29,13.649999618530273,13.739999771118164,12.979999542236328,13.079999923706055,13.079999923706055,148308.0
2025-05-30,13.300000190734863,13.529999732971191,12.880000114440918,13.289999961853027,13.289999961853027,132162.0
2025-06-02,13.399999618530273,13.5600004196167,13.0,13.039999961853027,13.039999961853027,64895.0
2025-06-03,13.390000343322754,13.390000343322754,12.949999809265137,13.010000228881836,13.010000228881836,48598.0
2025-06-04,13.0,13.229999542236328,12.609999656677246,12.75,12.75,66842.0
2025-06-05,12.609999656677246,13.09000015258789,12.550000190734863,12.619999885559082,12.619999885559082,68005.0
2025-06-06,12.75,12.90999984741211,12.5,12.520000457763672,12.520000457763672,42565.0
2025-06-09,12.3100004196167,12.949999809265137,12.300000190734863,12.729999542236328,12.729999542236328,37324.0
2025-06-10,12.890000343322754,12.979999542236328,11.260000228881836,12.430000305175781,12.430000305175781,196411.0
2025-06-11,12.779999732971191,14.90999984741211,12.600000381469727,13.4399995803833,13.4399995803833,1752515.0
2025-06-12,13.789999961853027,13.789999961853027,12.869999885559082,12.90999984741211,12.90999984741211,296339.0
2025-06-13,12.899999618530273,13.550000190734863,12.5,13.170000076293945,13.170000076293945,98026.0
2025-06-16,13.199999809265137,13.260000228881836,12.899999618530273,13.09000015258789,13.09000015258789,39156.0
2025-06-17,13.180000305175781,13.180000305175781,12.109999656677246,12.359999656677246,12.359999656677246,167859.0
2025-06-18,12.600000381469727,14.180000305175781,12.40999984741211,13.100000381469727,13.100000381469727,370728.0
2025-06-19,13.100000381469727,13.5,12.65999984741211,12.770000457763672,12.770000457763672,107638.0
2025-06-20,13.079999923706055,13.100000381469727,12.609999656677246,12.75,12.75,51401.0
2025-06-23,12.739999771118164,13.15999984741211,12.609999656677246,12.979999542236328,12.979999542236328,50771.0
2025-06-24,13.25,13.800000190734863,13.020000457763672,13.0600004196167,13.0600004196167,85289.0
2025-06-25,13.180000305175781,14.550000190734863,13.119999885559082,13.770000457763672,13.770000457763672,449056.0
2025-06-26,13.989999771118164,14.699999809265137,13.979999542236328,14.109999656677246,14.109999656677246,415286.0
2025-06-27,14.34000015258789,14.34000015258789,13.75,13.949999809265137,13.949999809265137,135711.0
2025-06-30,14.010000228881836,14.029999732971191,13.699999809265137,13.90999984741211,13.90999984741211,48023.0
2025-07-01,13.630000114440918,13.979999542236328,13.25,13.449999809265137,13.449999809265137,82607.0
2025-07-02,13.449999809265137,13.65999984741211,13.050000190734863,13.260000228881836,13.260000228881836,50295.0
2025-07-03,13.399999618530273,13.399999618530273,12.75,12.989999771118164,12.989999771118164,63458.0
2025-07-04,12.989999771118164,14.449999809265137,12.850000381469727,13.399999618530273,13.399999618530273,93513.0
2025-07-07,13.279999732971191,13.670000076293945,13.229999542236328,13.510000228881836,13.510000228881836,44577.0
2025-07-08,13.119999885559082,14.15999984741211,13.119999885559082,14.010000228881836,14.010000228881836,262047.0
2025-07-09,14.010000228881836,14.15999984741211,13.850000381469727,14.0,14.0,65533.0
2025-07-10,13.989999771118164,14.199999809265137,13.930000305175781,14.100000381469727,14.100000381469727,81701.0
2025-07-11,14.300000190734863,15.0,13.699999809265137,14.609999656677246,14.609999656677246,542577.0
2025-07-14,14.609999656677246,15.350000381469727,14.520000457763672,14.789999961853027,14.789999961853027,602322.0
2025-07-15,15.180000305175781,15.180000305175781,14.5,14.6899995803833,14.6899995803833,95760.0
2025-07-16,14.6899995803833,14.890000343322754,14.15999984741211,14.34000015258789,14.34000015258789,69872.0
2025-07-17,14.239999771118164,14.869999885559082,14.239999771118164,14.420000076293945,14.420000076293945,94776.0
2025-07-18,14.779999732971191,14.779999732971191,14.0,14.149999618530273,14.149999618530273,40820.0
2025-07-21,14.079999923706055,14.520000457763672,14.0,14.199999809265137,14.199999809265137,46388.0
2025-07-22,14.600000381469727,14.600000381469727,13.609999656677246,13.710000038146973,13.710000038146973,92642.0
2025-07-23,13.770000457763672,14.350000381469727,13.5,13.619999885559082,13.619999885559082,205764.0
2025-07-24,13.699999809265137,13.899999618530273,13.0,13.109999656677246,13.109999656677246,134446.0
2025-07-25,13.130000114440918,13.399999618530273,12.8100004196167,13.020000457763672,13.020000457763672,116082.0
2025-07-28,13.100000381469727,13.140000343322754,12.0,12.170000076293945,12.170000076293945,251777.0
2025-07-29,12.5,14.279999732971191,12.180000305175781,13.8100004196167,13.8100004196167,168010.0
2025-07-30,13.880000114440918,13.880000114440918,13.3100004196167,13.470000267028809,13.470000267028809,99685.0
2025-07-31,13.5,13.649999618530273,13.149999618530273,13.329999923706055,13.329999923706055,50456.0
2025-08-01,13.229999542236328,13.470000267028809,12.680000305175781,12.859999656677246,12.859999656677246,75859.0
2025-08-04,12.90999984741211,13.25,12.699999809265137,12.800000190734863,12.800000190734863,39802.0
2025-08-05,12.800000190734863,13.350000381469727,12.800000190734863,13.039999961853027,13.039999961853027,24763.0
2025-08-06,13.029999732971191,13.1899995803833,12.5600004196167,12.920000076293945,12.920000076293945,39997.0
2025-08-07,12.989999771118164,12.989999771118164,12.430000305175781,12.619999885559082,12.619999885559082,16514.0
2025-08-08,12.710000038146973,12.869999885559082,12.260000228881836,12.430000305175781,12.430000305175781,44183.0
2025-08-11,12.84000015258789,12.84000015258789,12.520000457763672,12.609999656677246,12.609999656677246,40868.0
2025-08-12,12.850000381469727,12.850000381469727,12.329999923706055,12.479999542236328,12.479999542236328,28734.0
2025-08-13,12.800000190734863,12.800000190734863,12.569999694824219,12.710000038146973,12.710000038146973,15993.0
2025-08-14,12.600000381469727,12.829999923706055,12.399999618530273,12.510000228881836,12.510000228881836,9812.0
2025-08-18,12.369999885559082,12.850000381469727,12.300000190734863,12.479999542236328,12.479999542236328,32014.0
2025-08-19,12.890000343322754,12.890000343322754,12.319999694824219,12.4399995803833,12.4399995803833,15955.0
2025-08-20,12.449999809265137,12.800000190734863,12.449999809265137,12.600000381469727,12.600000381469727,16164.0
2025-08-21,12.510000228881836,12.789999961853027,11.710000038146973,12.279999732971191,12.279999732971191,73363.0
2025-08-22,12.59000015258789,13.75,12.130000114440918,13.079999923706055,13.079999923706055,166376.0
2025-08-25,13.600000381469727,14.199999809265137,12.430000305175781,12.779999732971191,12.779999732971191,519121.0
2025-08-26,12.3100004196167,12.899999618530273,12.3100004196167,12.40999984741211,12.40999984741211,48221.0
2025-08-28,12.25,13.229999542236328,12.25,12.739999771118164,12.739999771118164,69787.0
2025-08-29,12.890000343322754,12.899999618530273,12.399999618530273,12.460000038146973,12.460000038146973,35482.0
2025-09-01,12.40999984741211,12.789999961853027,12.199999809265137,12.25,12.25,52178.0
2025-09-02,12.479999542236328,12.850000381469727,12.300000190734863,12.670000076293945,12.670000076293945,32341.0
2025-09-03,12.670000076293945,12.859999656677246,12.220000267028809,12.380000114440918,12.380000114440918,44010.0
2025-09-04,12.59000015258789,12.59000015258789,12.170000076293945,12.260000228881836,12.260000228881836,35965.0
2025-09-05,12.270000457763672,12.399999618530273,12.170000076293945,12.270000457763672,12.270000457763672,31234.0
2025-09-08,12.270000457763672,12.539999961853027,12.029999732971191,12.390000343322754,12.390000343322754,59982.0
2025-09-09,12.59000015258789,12.640000343322754,12.210000038146973,12.510000228881836,12.510000228881836,28709.0
2025-09-10,12.520000457763672,12.829999923706055,12.420000076293945,12.529999732971191,12.529999732971191,42247.0
2025-09-11,12.600000381469727,12.819999694824219,12.34000015258789,12.390000343322754,12.390000343322754,10271.0
2025-09-12,12.5,12.5,12.279999732971191,12.430000305175781,12.430000305175781,23344.0
2025-09-15,12.430000305175781,12.5,12.069999694824219,12.1899995803833,12.1899995803833,85084.0
2025-09-16,12.1899995803833,12.399999618530273,11.90999984741211,12.180000305175781,12.180000305175781,44765.0
2025-09-17,12.300000190734863,12.5,12.029999732971191,12.109999656677246,12.109999656677246,49410.0
2025-09-18,12.100000381469727,12.449999809265137,12.029999732971191,12.149999618530273,12.149999618530273,25992.0
2025-09-19,12.479999542236328,12.479999542236328,12.0600004196167,12.289999961853027,12.289999961853027,13085.0
2025-09-22,12.289999961853027,13.25,12.0,12.399999618530273,12.399999618530273,366033.0
2025-09-23,12.199999809265137,12.350000381469727,12.029999732971191,12.140000343322754,12.140000343322754,73599.0
2025-09-24,12.109999656677246,12.319999694824219,11.8100004196167,11.979999542236328,11.979999542236328,48850.0
2025-09-25,11.979999542236328,12.079999923706055,11.8100004196167,11.880000114440918,11.880000114440918,13427.0
2025-09-26,11.720000267028809,11.949999809265137,11.399999618530273,11.670000076293945,11.670000076293945,61397.0
2025-09-29,11.729999542236328,11.970000267028809,11.300000190734863,11.449999809265137,11.449999809265137,13793.0
2025-09-30,11.40999984741211,11.789999961853027,10.90999984741211,11.020000457763672,11.020000457763672,66407.0
2025-10-01,11.399999618530273,11.600000381469727,11.0,11.149999618530273,11.149999618530273,21079.0
2025-10-03,11.4399995803833,11.4399995803833,11.020000457763672,11.25,11.25,13507.0
2025-10-06,11.109999656677246,11.649999618530273,11.109999656677246,11.510000228881836,11.510000228881836,35187.0
2025-10-07,11.59000015258789,11.59000015258789,11.260000228881836,11.289999961853027,11.289999961853027,17763.0
2025-10-08,11.40999984741211,11.479999542236328,10.84000015258789,11.09000015258789,11.09000015258789,49760.0
2025-10-09,11.319999694824219,11.319999694824219,10.819999694824219,11.050000190734863,11.050000190734863,17224.0
2025-10-10,10.920000076293945,11.350000381469727,10.920000076293945,11.109999656677246,11.109999656677246,66645.0
2025-10-13,11.0,11.300000190734863,10.710000038146973,11.010000228881836,11.010000228881836,12289.0
2025-10-14,11.300000190734863,11.479999542236328,10.859999656677246,11.079999923706055,11.079999923706055,39053.0
2025-10-15,11.069999694824219,11.270000457763672,10.949999809265137,11.010000228881836,11.010000228881836,45332.0
2025-10-16,11.25,11.25,10.800000190734863,10.930000305175781,10.930000305175781,16111.0
2025-10-17,11.0,11.239999771118164,10.5,10.640000343322754,10.640000343322754,56298.0
2025-10-20,10.380000114440918,10.890000343322754,10.300000190734863,10.680000305175781,10.680000305175781,38917.0
2025-10-21,10.510000228881836,10.989999771118164,10.510000228881836,10.84000015258789,10.84000015258789,14616.0
2025-10-23,10.989999771118164,11.149999618530273,10.729999542236328,11.039999961853027,11.039999961853027,41123.0
2025-10-24,11.0,11.1899995803833,10.5,10.680000305175781,10.680000305175781,56884.0
2025-10-27,10.520000457763672,10.970000267028809,10.510000228881836,10.930000305175781,10.930000305175781,15338.0
2025-10-28,10.899999618530273,11.680000305175781,10.600000381469727,10.670000076293945,10.670000076293945,64798.0
2025-10-29,10.890000343322754,11.170000076293945,10.609999656677246,10.84000015258789,10.84000015258789,34871.0
2025-10-30,10.989999771118164,10.989999771118164,10.40999984741211,10.520000457763672,10.520000457763672,33816.0
2025-10-31,10.510000228881836,10.710000038146973,10.359999656677246,10.449999809265137,10.449999809265137,21344.0
2025-11-03,10.350000381469727,10.800000190734863,10.350000381469727,10.489999771118164,10.489999771118164,45059.0
2025-11-04,10.489999771118164,10.520000457763672,10.0600004196167,10.260000228881836,10.260000228881836,26971.0
2025-11-06,10.100000381469727,10.5,10.0,10.15999984741211,10.15999984741211,31474.0
2025-11-07,10.34000015258789,10.4399995803833,10.15999984741211,10.289999961853027,10.289999961853027,25385.0
2025-11-10,10.510000228881836,10.510000228881836,10.15999984741211,10.34000015258789,10.34000015258789,18023.0
2025-11-11,10.550000190734863,10.550000190734863,9.949999809265137,10.270000457763672,10.270000457763672,101117.0
2025-11-12,10.489999771118164,10.489999771118164,10.050000190734863,10.430000305175781,10.430000305175781,12550.0
2025-11-13,10.479999542236328,10.640000343322754,10.100000381469727,10.199999809265137,10.199999809265137,27490.0
2025-11-14,10.380000114440918,10.390000343322754,10.140000343322754,10.180000305175781,10.180000305175781,8318.0
2025-11-17,10.170000076293945,10.4399995803833,10.100000381469727,10.15999984741211,10.15999984741211,21676.0
2025-11-18,10.029999732971191,10.369999885559082,10.029999732971191,10.199999809265137,10.199999809265137,14349.0
2025-11-19,10.149999618530273,10.229999542236328,10.039999961853027,10.130000114440918,10.130000114440918,15645.0
2025-11-20,10.289999961853027,10.380000114440918,10.069999694824219,10.149999618530273,10.149999618530273,29570.0
2025-11-21,10.130000114440918,10.199999809265137,9.739999771118164,9.890000343322754,9.890000343322754,56849.0
2025-11-24,10.140000343322754,10.59000015258789,10.029999732971191,10.079999923706055,10.079999923706055,99739.0
2025-11-25,10.25,10.289999961853027,10.010000228881836,10.1899995803833,10.1899995803833,5954.0
2025-11-26,10.029999732971191,10.449999809265137,9.899999618530273,10.0,10.0,51886.0
2025-11-27,10.0,10.300000190734863,9.5,9.949999809265137,9.949999809265137,77545.0
2025-11-28,9.949999809265137,9.949999809265137,9.149999618530273,9.430000305175781,9.430000305175781,48307.0
2025-12-01,9.430000305175781,9.680000305175781,8.949999809265137,9.039999961853027,9.039999961853027,65304.0
2025-12-02,9.34000015258789,9.34000015258789,8.449999809265137,8.970000267028809,8.970000267028809,106209.0
2025-12-03,9.25,9.369999885559082,8.609999656677246,9.079999923706055,9.079999923706055,75827.0
2025-12-04,9.010000228881836,9.350000381469727,8.699999809265137,9.170000076293945,9.170000076293945,31343.0
2025-12-05,9.170000076293945,9.380000114440918,8.5600004196167,8.760000228881836,8.760000228881836,39100.0
2025-12-08,8.779999732971191,8.989999771118164,8.600000381469727,8.829999923706055,8.829999923706055,11954.0
2025-12-09,8.869999885559082,8.949999809265137,8.260000228881836,8.569999694824219,8.569999694824219,18388.0
2025-12-10,8.890000343322754,8.9399995803833,8.279999732971191,8.3100004196167,8.3100004196167,42719.0
2025-12-11,8.579999923706055,8.880000114440918,8.329999923706055,8.520000457763672,8.520000457763672,70933.0
2025-12-12,8.699999809265137,8.800000190734863,8.430000305175781,8.520000457763672,8.520000457763672,28466.0
2025-12-15,8.770000457763672,8.770000457763672,8.399999618530273,8.699999809265137,8.699999809265137,14391.0
2025-12-16,8.770000457763672,8.779999732971191,8.329999923706055,8.399999618530273,8.399999618530273,26804.0
2025-12-17,8.680000305175781,8.680000305175781,8.399999618530273,8.550000190734863,8.550000190734863,35854.0
2025-12-18,8.789999961853027,8.789999961853027,8.050000190734863,8.1899995803833,8.1899995803833,40653.0
2025-12-19,8.199999809265137,8.600000381469727,8.199999809265137,8.520000457763672,8.520000457763672,30040.0
2025-12-22,8.520000457763672,8.949999809265137,8.359999656677246,8.770000457763672,8.770000457763672,37446.0
2025-12-23,8.90999984741211,8.979999542236328,8.579999923706055,8.970000267028809,8.970000267028809,24605.0
2025-12-24,8.970000267028809,9.25,8.65999984741211,9.119999885559082,9.119999885559082,36344.0
2025-12-26,8.899999618530273,9.100000381469727,8.699999809265137,8.789999961853027,8.789999961853027,39750.0
2025-12-29,8.979999542236328,8.979999542236328,8.630000114440918,8.770000457763672,8.770000457763672,17887.0
2025-12-30,8.770000457763672,8.9399995803833,8.40999984741211,8.579999923706055,8.579999923706055,23896.0
2025-12-31,8.619999885559082,9.699999809265137,8.619999885559082,9.010000228881836,9.010000228881836,66717.0
2026-01-01,9.199999809265137,9.199999809265137,8.710000038146973,8.970000267028809,8.970000267028809,26214.0
2026-01-02,9.0,9.170000076293945,8.90999984741211,9.079999923706055,9.079999923706055,23697.0
2026-01-05,9.079999923706055,9.15999984741211,8.569999694824219,8.630000114440918,8.630000114440918,39048.0
2026-01-06,8.890000343322754,8.890000343322754,8.470000267028809,8.739999771118164,8.739999771118164,15271.0
2026-01-07,8.800000190734863,8.800000190734863,8.470000267028809,8.630000114440918,8.630000114440918,21254.0
2026-01-08,8.510000228881836,8.779999732971191,8.210000038146973,8.25,8.25,102854.0
2026-01-09,8.350000381469727,8.4399995803833,7.659999847412109,7.929999828338623,7.929999828338623,98962.0
2026-01-12,7.960000038146973,8.220000267028809,7.619999885559082,7.860000133514404,7.860000133514404,42090.0
2026-01-13,7.860000133514404,7.989999771118164,7.309999942779541,7.739999771118164,7.739999771118164,42918.0
2026-01-14,7.889999866485596,8.220000267028809,7.829999923706055,8.109999656677246,8.109999656677246,34880.0
2026-01-16,8.399999618530273,8.399999618530273,7.849999904632568,8.100000381469727,8.100000381469727,25652.0
2026-01-19,8.0,8.109999656677246,7.800000190734863,7.889999866485596,7.889999866485596,7980.0
2026-01-20,8.0,8.109999656677246,7.409999847412109,7.670000076293945,7.670000076293945,46170.0
2026-01-21,7.519999980926514,7.929999828338623,7.519999980926514,7.659999847412109,7.659999847412109,20318.0
2026-01-22,7.909999847412109,7.909999847412109,7.5,7.659999847412109,7.659999847412109,55863.0
2026-01-23,7.670000076293945,7.929999828338623,7.019999980926514,7.150000095367432,7.150000095367432,84702.0
2026-01-27,7.28000020980835,7.989999771118164,6.739999771118164,7.349999904632568,7.349999904632568,66712.0
2026-01-28,7.360000133514404,7.800000190734863,7.349999904632568,7.590000152587891,7.590000152587891,18807.0
2026-01-29,7.71999979019165,8.979999542236328,7.409999847412109,7.989999771118164,7.989999771118164,37723.0
2026-01-30,7.989999771118164,8.180000305175781,7.570000171661377,7.760000228881836,7.760000228881836,9795.0
2026-02-02,8.210000038146973,8.300000190734863,7.659999847412109,8.1899995803833,8.1899995803833,14489.0
2026-02-03,8.800000190734863,9.0600004196167,7.309999942779541,8.529999732971191,8.529999732971191,136569.0
2026-02-04,8.170000076293945,9.5,8.170000076293945,9.050000190734863,9.050000190734863,87774.0
2026-02-05,9.300000190734863,9.5,8.600000381469727,8.9399995803833,8.9399995803833,48640.0
2026-02-06,9.119999885559082,9.649999618530273,8.710000038146973,9.039999961853027,9.039999961853027,43242.0
2026-02-09,9.220000267028809,9.699999809265137,8.880000114440918,9.550000190734863,9.550000190734863,35778.0
2026-02-10,9.699999809265137,9.699999809265137,9.25,9.460000038146973,9.460000038146973,15084.0
2026-02-11,9.25,9.770000457763672,8.65999984741211,8.770000457763672,8.770000457763672,70169.0
2026-02-12,8.899999618530273,9.149999618530273,8.800000190734863,8.949999809265137,8.949999809265137,28629.0
2026-02-13,8.9399995803833,8.970000267028809,8.430000305175781,8.539999961853027,8.539999961853027,71447.0
2026-02-16,8.5,8.550000190734863,7.980000019073486,8.220000267028809,8.220000267028809,72117.0
2026-02-17,8.010000228881836,8.479999542236328,7.400000095367432,7.849999904632568,7.849999904632568,91042.0
2026-02-18,7.849999904632568,8.270000457763672,7.650000095367432,8.100000381469727,8.100000381469727,25949.0
2026-02-19,8.239999771118164,8.239999771118164,7.800000190734863,7.929999828338623,7.929999828338623,16957.0
2026-02-20,7.800000190734863,8.170000076293945,7.679999828338623,7.75,7.75,30500.0
2026-02-23,7.599999904632568,8.220000267028809,7.599999904632568,7.730000019073486,7.730000019073486,25779.0
2026-02-24,7.699999809265137,8.050000190734863,7.599999904632568,7.880000114440918,7.880000114440918,14105.0
2026-02-25,7.71999979019165,8.029999732971191,7.659999847412109,7.849999904632568,7.849999904632568,40807.0
2026-02-26,7.760000228881836,8.399999618530273,7.760000228881836,8.140000343322754,8.140000343322754,44857.0
2026-02-27,8.300000190734863,8.369999885559082,7.840000152587891,8.029999732971191,8.029999732971191,5907.0
2026-03-02,7.150000095367432,7.769999980926514,7.150000095367432,7.400000095367432,7.400000095367432,170126.0
2026-03-04,7.300000190734863,7.400000095367432,7.03000020980835,7.239999771118164,7.239999771118164,15362.0
2026-03-05,7.5,8.199999809265137,7.5,7.980000019073486,7.980000019073486,47415.0
2026-03-06,7.949999809265137,8.289999961853027,7.71999979019165,8.140000343322754,8.140000343322754,87860.0
2026-03-09,7.920000076293945,7.989999771118164,7.349999904632568,7.480000019073486,7.480000019073486,45290.0
2026-03-10,7.829999923706055,8.0,7.420000076293945,7.900000095367432,7.900000095367432,27597.0
2026-03-11,8.0,8.399999618530273,7.659999847412109,8.109999656677246,8.109999656677246,26982.0
2026-03-12,7.739999771118164,8.210000038146973,7.739999771118164,7.840000152587891,7.840000152587891,18349.0
2026-03-13,7.989999771118164,8.180000305175781,7.300000190734863,7.519999980926514,7.519999980926514,26998.0
2026-03-16,7.869999885559082,7.869999885559082,7.059999942779541,7.210000038146973,7.210000038146973,25406.0
2026-03-17,7.300000190734863,7.769999980926514,7.150000095367432,7.389999866485596,7.389999866485596,20149.0
2026-03-18,7.400000095367432,7.829999923706055,7.179999828338623,7.630000114440918,7.630000114440918,22233.0
2026-03-19,7.800000190734863,7.800000190734863,7.099999904632568,7.179999828338623,7.179999828338623,28534.0
2026-03-20,7.659999847412109,7.659999847412109,7.239999771118164,7.25,7.25,13964.0
2026-03-23,7.400000095367432,7.639999866485596,6.599999904632568,6.650000095367432,6.650000095367432,63808.0
2026-03-24,7.099999904632568,7.099999904632568,6.5,6.920000076293945,6.920000076293945,59265.0
2026-03-25,6.920000076293945,7.5,6.710000038146973,6.940000057220459,6.940000057220459,57655.0
2026-03-27,6.940000057220459,6.940000057220459,6.0,6.099999904632568,6.099999904632568,453814.0
2026-03-30,6.0,6.230000019073486,5.650000095367432,5.809999942779541,5.809999942779541,92425.0
2026-04-01,6.389999866485596,6.5,5.940000057220459,6.340000152587891,6.340000152587891,31802.0
2026-04-02,6.340000152587891,6.78000020980835,6.050000190734863,6.670000076293945,6.670000076293945,23716.0
2026-04-06,6.900000095367432,6.989999771118164,6.650000095367432,6.880000114440918,6.880000114440918,20668.0
2026-04-07,6.929999828338623,7.170000076293945,6.889999866485596,6.96999979019165,6.96999979019165,18614.0
2026-04-08,7.300000190734863,7.489999771118164,7.059999942779541,7.289999961853027,7.289999961853027,20652.0
2026-04-09,7.300000190734863,7.670000076293945,7.090000152587891,7.420000076293945,7.420000076293945,17377.0
2026-04-10,7.539999961853027,7.75,7.480000019073486,7.71999979019165,7.71999979019165,11563.0
2026-04-13,7.71999979019165,7.880000114440918,7.199999809265137,7.519999980926514,7.519999980926514,55727.0
2026-04-15,7.829999923706055,8.0,7.320000171661377,7.690000057220459,7.690000057220459,48317.0
2026-04-16,7.690000057220459,7.929999828338623,7.599999904632568,7.71999979019165,7.71999979019165,29615.0
2026-04-17,7.869999885559082,8.380000114440918,7.619999885559082,8.0,8.0,85963.0
2026-04-20,7.869999885559082,8.199999809265137,7.699999809265137,7.989999771118164,7.989999771118164,17064.0
2026-04-21,7.989999771118164,8.380000114440918,7.820000171661377,7.909999847412109,7.909999847412109,58905.0
2026-04-22,8.199999809265137,8.199999809265137,7.5,7.639999866485596,7.639999866485596,54192.0
2026-04-23,7.639999866485596,7.78000020980835,7.599999904632568,7.659999847412109,7.659999847412109,43735.0
2026-04-24,7.679999828338623,7.739999771118164,7.25,7.449999809265137,7.449999809265137,16661.0
2026-04-27,7.400000095367432,7.849999904632568,7.400000095367432,7.53000020980835,7.53000020980835,14573.0
2026-04-28,7.75,8.180000305175781,7.400000095367432,8.050000190734863,8.050000190734863,68636.0
2026-04-29,8.479999542236328,8.479999542236328,8.0,8.279999732971191,8.279999732971191,48644.0
2026-04-30,8.369999885559082,8.369999885559082,7.809999942779541,8.029999732971191,8.029999732971191,28537.0
2026-05-01,8.029999732971191,8.029999732971191,8.029999732971191,8.029999732971191,8.029999732971191,0.0
2026-05-04,8.350000381469727,8.350000381469727,7.820000171661377,8.100000381469727,8.100000381469727,21760.0
2026-05-05,7.889999866485596,8.09000015258789,7.699999809265137,7.800000190734863,7.800000190734863,33409.0
2026-05-06,8.149999618530273,8.279999732971191,7.800000190734863,8.09000015258789,8.09000015258789,40326.0
2026-05-07,8.079999923706055,8.350000381469727,7.800000190734863,8.130000114440918,8.130000114440918,25819.0
2026-05-08,8.130000114440918,8.279999732971191,8.079999923706055,8.140000343322754,8.140000343322754,17867.0
2026-05-11,8.140000343322754,8.319999694824219,7.889999866485596,8.140000343322754,8.140000343322754,41969.0
2026-05-12,8.180000305175781,8.180000305175781,7.599999904632568,7.619999885559082,7.619999885559082,23803.0
2026-05-13,7.940000057220459,7.940000057220459,7.599999904632568,7.610000133514404,7.610000133514404,18287.0
2026-05-14,8.329999923706055,8.329999923706055,7.75,7.900000095367432,7.900000095367432,35209.0
2026-05-15,8.260000228881836,8.260000228881836,7.730000019073486,7.820000171661377,7.820000171661377,14752.0
2026-05-18,8.0,8.0,7.440000057220459,7.5,7.5,31167.0
2026-05-19,7.849999904632568,7.900000095367432,7.53000020980835,7.650000095367432,7.650000095367432,26041.0
2026-05-20,7.699999809265137,7.769999980926514,7.53000020980835,7.670000076293945,7.670000076293945,25057.0
2026-05-21,7.670000076293945,7.849999904632568,7.53000020980835,7.659999847412109,7.659999847412109,8928.0
2026-05-22,7.800000190734863,7.889999866485596,7.550000190734863,7.639999866485596,7.639999866485596,5867.0
2026-05-25,7.659999847412109,7.869999885559082,7.559999942779541,7.590000152587891,7.590000152587891,45353.0
2026-05-26,7.75,7.75,7.519999980926514,7.610000133514404,7.610000133514404,18142.0
2026-05-27,7.590000152587891,7.800000190734863,7.590000152587891,7.75,7.75,36454.0
2026-05-28,7.75,7.75,7.75,7.75,7.75,0.0
2026-05-29,7.789999961853027,8.079999923706055,7.75,7.909999847412109,7.909999847412109,82886.0
2026-06-01,7.570000171661377,7.929999828338623,7.570000171661377,7.659999847412109,7.659999847412109,44421.0
2026-06-02,7.510000228881836,7.869999885559082,7.510000228881836,7.659999847412109,7.659999847412109,11387.0
2026-06-03,7.789999961853027,7.789999961853027,7.519999980926514,7.71999979019165,7.71999979019165,7691.0
2026-06-04,7.739999771118164,7.739999771118164,7.400000095367432,7.539999961853027,7.539999961853027,30173.0
2026-06-05,7.710000038146973,7.760000228881836,7.550000190734863,7.630000114440918,7.630000114440918,7022.0
2026-06-08,7.369999885559082,7.630000114440918,7.369999885559082,7.539999961853027,7.539999961853027,18546.0
2026-06-09,7.550000190734863,7.78000020980835,7.320000171661377,7.5,7.5,45947.0
2026-06-10,7.510000228881836,7.849999904632568,7.369999885559082,7.460000038146973,7.460000038146973,37898.0
2026-06-11,7.429999828338623,7.699999809265137,7.210000038146973,7.349999904632568,7.349999904632568,12764.0
2026-06-12,7.599999904632568,7.690000057220459,7.289999961853027,7.579999923706055,7.579999923706055,11896.0
2026-06-15,7.690000057220459,7.800000190734863,7.349999904632568,7.630000114440918,7.630000114440918,18812.0
2026-06-16,7.349999904632568,7.75,7.300000190734863,7.400000095367432,7.400000095367432,27807.0
2026-06-17,7.400000095367432,7.639999866485596,7.25,7.309999942779541,7.309999942779541,76377.0
2026-06-18,7.539999961853027,7.659999847412109,7.269999980926514,7.53000020980835,7.53000020980835,53929.0
2026-06-19,7.53000020980835,9.029999732971191,7.53000020980835,7.96999979019165,7.96999979019165,144688.0
2026-06-22,8.039999961853027,8.479999542236328,7.860000133514404,8.079999923706055,8.079999923706055,106773.0
2026-06-23,8.079999923706055,8.380000114440918,7.940000057220459,8.109999656677246,8.109999656677246,28292.0
2026-06-24,8.260000228881836,8.399999618530273,7.909999847412109,8.079999923706055,8.079999923706055,16701.0
2026-06-25,8.199999809265137,8.239999771118164,7.860000133514404,7.889999866485596,7.889999866485596,12024.0
2026-06-26,7.889999866485596,7.889999866485596,7.889999866485596,7.889999866485596,7.889999866485596,0.0
2026-06-29,7.880000114440918,7.889999866485596,7.519999980926514,7.590000152587891,7.590000152587891,19147.0
2026-06-30,7.800000190734863,7.800000190734863,7.510000228881836,7.690000057220459,7.690000057220459,7069.0
2026-07-01,7.849999904632568,7.849999904632568,7.610000133514404,7.639999866485596,7.639999866485596,3728.0
2026-07-02,7.619999885559082,8.069999694824219,7.599999904632568,7.829999923706055,7.829999923706055,56967.0
2026-07-03,7.829999923706055,8.149999618530273,7.75,7.889999866485596,7.889999866485596,19562.0
2026-07-06,7.610000133514404,7.949999809265137,7.610000133514404,7.739999771118164,7.739999771118164,54189.0
2026-07-07,7.920000076293945,7.920000076293945,7.579999923706055,7.659999847412109,7.659999847412109,16948.0
2026-07-08,7.659999847412109,7.659999847412109,7.260000228881836,7.380000114440918,7.380000114440918,6262.0
2026-07-09,7.599999904632568,7.840000152587891,7.309999942779541,7.420000076293945,7.420000076293945,41380.0
2026-07-10,7.690000057220459,7.690000057220459,7.409999847412109,7.519999980926514,7.519999980926514,4326.0
2026-07-13,7.519999980926514,7.599999904632568,7.349999904632568,7.489999771118164,7.489999771118164,4969.0
2026-07-14,7.519999980926514,7.710000038146973,7.25,7.329999923706055,7.329999923706055,16534.0
2026-07-15,7.150000095367432,7.570000171661377,7.150000095367432,7.190000057220459,7.190000057220459,32404.0
2026-07-16,7.380000114440918,7.380000114440918,7.119999885559082,7.28000020980835,7.28000020980835,17806.0
2026-07-17,7.5,7.5,7.050000190734863,7.099999904632568,7.099999904632568,24178.0
2026-07-20,7.300000190734863,7.300000190734863,7.0,7.139999866485596,7.139999866485596,4103.0
2026-07-21,7.289999961853027,7.329999923706055,6.96999979019165,7.110000133514404,7.110000133514404,24220.0
2026-07-22,7.079999923706055,8.479999542236328,6.900000095367432,7.139999866485596,7.139999866485596,146435.0
2026-07-23,7.420000076293945,7.420000076293945,7.010000228881836,7.170000076293945,7.170000076293945,3667.0
2026-07-24,7.039999961853027,7.28000020980835,6.929999828338623,7.039999961853027,7.039999961853027,17641.0
2026-07-27,7.369999885559082,7.369999885559082,6.949999809265137,6.989999771118164,6.989999771118164,15600.0
2026-07-28,7.210000038146973,7.210000038146973,6.840000152587891,6.929999828338623,6.929999828338623,11219.0
2026-07-29,6.929999828338623,7.340000152587891,6.929999828338623,7.010000228881836,7.010000228881836,12392.0
2026-07-30,6.980000019073486,7.179999828338623,6.820000171661377,6.96999979019165,6.96999979019165,23300.0
2026-07-31,7.079999923706055,7.079999923706055,6.909999847412109,6.949999809265137,6.949999809265137,9305.0
2026-08-03,7.119999885559082,7.300000190734863,6.96999979019165,7.110000133514404,7.110000133514404,29141.0
2026-08-04,7.199999809265137,7.349999904632568,6.909999847412109,7.170000076293945,7.170000076293945,42940.0
2026-08-05,7.380000114440918,7.380000114440918,7.119999885559082,7.230000019073486,7.230000019073486,15254.0
2026-08-06,7.300000190734863,7.300000190734863,6.900000095367432,6.980000019073486,6.980000019073486,25640.0
2026-08-07,7.28000020980835,7.28000020980835,6.909999847412109,6.989999771118164,6.989999771118164,8931.0
2026-08-10,7.059999942779541,7.170000076293945,6.840000152587891,6.909999847412109,6.909999847412109,29360.0
2026-08-11,6.809999942779541,7.050000190734863,6.809999942779541,6.909999847412109,6.909999847412109,13433.0
2026-08-12,6.980000019073486,6.980000019073486,6.849999904632568,6.860000133514404,6.860000133514404,4232.0
2026-08-13,6.849999904632568,6.96999979019165,6.849999904632568,6.900000095367432,6.900000095367432,12531.0
2026-08-14,6.949999809265137,6.989999771118164,6.730000019073486,6.769999980926514,6.769999980926514,16666.0
2026-08-17,6.769999980926514,7.0,6.369999885559082,6.800000190734863,6.800000190734863,44768.0
2026-08-18,6.989999771118164,6.989999771118164,6.639999866485596,6.769999980926514,6.769999980926514,10342.0
2026-08-19,6.849999904632568,7.099999904632568,6.699999809265137,6.860000133514404,6.860000133514404,54065.0
2026-08-20,6.949999809265137,6.949999809265137,6.559999942779541,6.71999979019165,6.71999979019165,11583.0
2026-08-21,6.610000133514404,6.940000057220459,6.610000133514404,6.75,6.75,18241.0
2026-08-24,6.840000152587891,6.900000095367432,6.5,6.760000228881836,6.760000228881836,45538.0
2026-08-25,6.900000095367432,6.940000057220459,6.670000076293945,6.889999866485596,6.889999866485596,7121.0
2026-08-26,6.929999828338623,6.929999828338623,6.619999885559082,6.699999809265137,6.699999809265137,12239.0
2026-08-27,6.829999923706055,6.900000095367432,6.610000133514404,6.880000114440918,6.880000114440918,24766.0
2026-08-28,6.880000114440918,6.929999828338623,6.699999809265137,6.800000190734863,6.800000190734863,7244.0
2026-08-31,6.809999942779541,6.940000057220459,6.5,6.619999885559082,6.619999885559082,19141.0
2026-09-01,6.840000152587891,6.840000152587891,6.590000152587891,6.739999771118164,6.739999771118164,12664.0
2026-09-02,6.699999809265137,6.900000095367432,6.460000038146973,6.75,6.75,10192.0
2026-09-03,6.75,6.849999904632568,6.610000133514404,6.739999771118164,6.739999771118164,13050.0
2026-09-04,6.829999923706055,6.829999923706055,6.599999904632568,6.800000190734863,6.800000190734863,23532.0
2026-09-08,6.599999904632568,6.840000152587891,6.599999904632568,6.739999771118164,6.739999771118164,36318.0
2026-09-09,6.840000152587891,6.840000152587891,6.53000020980835,6.710000038146973,6.710000038146973,8695.0
2026-09-10,6.840000152587891,6.989999771118164,6.619999885559082,6.71999979019165,6.71999979019165,4935.0
2026-09-11,6.949999809265137,6.949999809265137,6.75,6.849999904632568,6.849999904632568,16891.0
2026-09-15,7.170000076293945,7.170000076293945,6.650000095367432,6.699999809265137,6.699999809265137,21421.0
