date,open,high,low,close,adjclose,volume
2021-09-15,62.900001525878906,64.5999984741211,60.5,61.29999923706055,60.76366424560547,497381.0
2021-09-16,61.25,62.5,59.599998474121094,60.54999923706055,60.020225524902344,100057.0
2021-09-17,60.0,61.900001525878906,58.5,59.099998474121094,58.58291244506836,128201.0
2021-09-20,59.349998474121094,60.900001525878906,57.599998474121094,58.95000076293945,58.43422317504883,132153.0
2021-09-21,58.20000076293945,60.0,57.599998474121094,59.5,58.97941589355469,130447.0
2021-09-22,59.5,60.349998474121094,59.5,59.849998474121094,59.32635498046875,55391.0
2021-09-23,59.75,60.75,59.04999923706055,59.099998474121094,58.58291244506836,65605.0
2021-09-24,59.099998474121094,60.29999923706055,58.150001525878906,59.20000076293945,58.682037353515625,92224.0
2021-09-27,59.04999923706055,60.099998474121094,58.400001525878906,58.900001525878906,58.38466262817383,66804.0
2021-09-28,58.349998474121094,59.5,57.150001525878906,58.04999923706055,57.54209899902344,69524.0
2021-09-29,56.400001525878906,58.349998474121094,56.400001525878906,57.400001525878906,56.89779281616211,32782.0
2021-09-30,57.400001525878906,58.5,56.849998474121094,57.29999923706055,56.79866409301758,33815.0
2021-10-01,56.900001525878906,59.45000076293945,56.650001525878906,57.5,56.996910095214844,46775.0
2021-10-04,57.5,59.0,57.5,58.25,57.740352630615234,43612.0
2021-10-05,58.70000076293945,60.20000076293945,58.0,58.900001525878906,58.38466262817383,63184.0
2021-10-06,59.0,59.95000076293945,56.599998474121094,57.54999923706055,57.046470642089844,55167.0
2021-10-07,59.45000076293945,59.79999923706055,58.25,58.599998474121094,58.08728790283203,74925.0
2021-10-08,58.099998474121094,58.95000076293945,57.849998474121094,58.04999923706055,57.54209899902344,28734.0
2021-10-11,58.45000076293945,62.54999923706055,57.900001525878906,61.599998474121094,61.061038970947266,283147.0
2021-10-12,61.400001525878906,61.599998474121094,59.04999923706055,59.29999923706055,58.781166076660156,80603.0
2021-10-13,59.04999923706055,59.75,58.0,58.150001525878906,57.64122772216797,98122.0
2021-10-14,58.75,59.400001525878906,56.70000076293945,58.849998474121094,58.3350944519043,109652.0
2021-10-18,60.0,61.75,58.04999923706055,58.349998474121094,57.839473724365234,56888.0
2021-10-19,57.70000076293945,59.20000076293945,56.29999923706055,57.04999923706055,56.550846099853516,52785.0
2021-10-20,56.349998474121094,57.900001525878906,53.849998474121094,56.29999923706055,55.807411193847656,77840.0
2021-10-21,57.5,58.79999923706055,56.0,56.650001525878906,56.15435028076172,80644.0
2021-10-22,58.349998474121094,58.349998474121094,55.29999923706055,56.150001525878906,55.65872573852539,39002.0
2021-10-25,55.650001525878906,56.75,54.0,55.5,55.01441192626953,29497.0
2021-10-26,56.75,57.20000076293945,55.099998474121094,56.150001525878906,55.65872573852539,39441.0
2021-10-27,56.95000076293945,57.349998474121094,55.25,56.29999923706055,55.807411193847656,42796.0
2021-10-28,55.599998474121094,56.29999923706055,54.400001525878906,54.54999923706055,54.072723388671875,19735.0
2021-10-29,54.0,54.70000076293945,53.099998474121094,53.849998474121094,53.378849029541016,13312.0
2021-11-01,53.349998474121094,56.70000076293945,53.349998474121094,55.650001525878906,55.1630973815918,19452.0
2021-11-02,56.70000076293945,56.70000076293945,55.20000076293945,55.54999923706055,55.06397247314453,15134.0
2021-11-03,56.95000076293945,56.95000076293945,53.0,55.599998474121094,55.1135368347168,56541.0
2021-11-04,62.0,62.599998474121094,58.400001525878906,59.849998474121094,59.32635498046875,195393.0
2021-11-08,59.70000076293945,59.70000076293945,58.04999923706055,59.400001525878906,58.88029098510742,60608.0
2021-11-09,59.5,62.599998474121094,58.79999923706055,62.400001525878906,61.85403823852539,408015.0
2021-11-10,62.900001525878906,64.8499984741211,60.0,63.900001525878906,63.340919494628906,388549.0
2021-11-11,67.0,70.25,64.19999694824219,68.1500015258789,67.5537338256836,939900.0
2021-11-12,72.0,72.0,68.0,69.6500015258789,69.04061126708984,477145.0
2021-11-15,72.0,72.25,65.9000015258789,66.9000015258789,66.3146743774414,424044.0
2021-11-16,66.5,67.5999984741211,64.0999984741211,64.5,63.9356689453125,101415.0
2021-11-17,64.94999694824219,69.5999984741211,64.05000305175781,66.0,65.42254638671875,264319.0
2021-11-18,65.0,66.30000305175781,62.70000076293945,64.69999694824219,64.1339111328125,42511.0
2021-11-22,64.5,64.5,61.5,61.5,60.961917877197266,28875.0
2021-11-23,60.099998474121094,63.0,58.5,62.5,61.953163146972656,18468.0
2021-11-24,63.95000076293945,65.5,60.20000076293945,61.95000076293945,61.40797805786133,26925.0
2021-11-25,59.70000076293945,63.70000076293945,59.70000076293945,61.70000076293945,61.1601676940918,20983.0
2021-11-26,61.599998474121094,62.79999923706055,59.0,59.75,59.22722625732422,24524.0
2021-11-29,58.5,60.5,56.79999923706055,59.349998474121094,58.83072280883789,24711.0
2021-11-30,59.79999923706055,59.95000076293945,57.099998474121094,57.95000076293945,57.44297790527344,18106.0
2021-12-01,59.5,60.0,55.400001525878906,59.400001525878906,58.88029098510742,42956.0
2021-12-02,59.400001525878906,61.0,58.04999923706055,60.95000076293945,60.41672897338867,24086.0
2021-12-03,60.95000076293945,62.20000076293945,59.150001525878906,59.79999923706055,59.276790618896484,49923.0
2021-12-06,61.79999923706055,62.75,60.25,60.54999923706055,60.020225524902344,19646.0
2021-12-07,60.0,60.900001525878906,59.5,59.650001525878906,59.12810516357422,3291.0
2021-12-08,60.0,61.70000076293945,58.0,60.400001525878906,59.87154006958008,21683.0
2021-12-09,60.900001525878906,62.0,59.54999923706055,60.45000076293945,59.921104431152344,9899.0
2021-12-10,60.45000076293945,63.0,59.0,62.849998474121094,62.300106048583984,23027.0
2021-12-13,63.849998474121094,63.900001525878906,62.0,62.75,62.20097732543945,23509.0
2021-12-14,62.75,63.79999923706055,61.75,63.0,62.44879150390625,22322.0
2021-12-15,64.4000015258789,64.94999694824219,63.0,63.79999923706055,63.241790771484375,40893.0
2021-12-16,64.9000015258789,64.9000015258789,62.79999923706055,63.5,62.94441604614258,34516.0
2021-12-17,64.8499984741211,65.0,60.349998474121094,60.70000076293945,60.168914794921875,19733.0
2021-12-20,59.04999923706055,61.0,57.70000076293945,57.95000076293945,57.44297790527344,26700.0
2021-12-21,56.650001525878906,58.849998474121094,55.29999923706055,56.0,55.51003646850586,34313.0
2021-12-22,56.75,58.650001525878906,56.75,58.29999923706055,57.789913177490234,24560.0
2021-12-23,59.45000076293945,61.20000076293945,58.45000076293945,61.099998474121094,60.56541061401367,32245.0
2021-12-24,63.900001525878906,63.900001525878906,60.349998474121094,60.79999923706055,60.26803970336914,12879.0
2021-12-27,62.599998474121094,63.099998474121094,58.099998474121094,61.5,60.961917877197266,42484.0
2021-12-28,61.0,63.900001525878906,60.04999923706055,63.400001525878906,62.84529495239258,35921.0
2021-12-29,64.0,64.0,62.099998474121094,62.95000076293945,62.39923095703125,22012.0
2021-12-30,63.900001525878906,63.900001525878906,62.04999923706055,62.150001525878906,61.606231689453125,30213.0
2021-12-31,62.29999923706055,65.25,59.29999923706055,65.25,64.67910766601562,101577.0
2022-01-03,66.9000015258789,66.94999694824219,65.5,66.0,65.42254638671875,68298.0
2022-01-04,64.69999694824219,67.0,63.5,64.5999984741211,64.03479766845703,63890.0
2022-01-05,63.5,66.19999694824219,63.5,65.9000015258789,65.32341766357422,51320.0
2022-01-06,65.55000305175781,67.9000015258789,64.5,67.4000015258789,66.81029510498047,67049.0
2022-01-07,68.44999694824219,69.0,66.1500015258789,68.5,67.90066528320312,81990.0
2022-01-10,68.5,71.5,67.05000305175781,70.30000305175781,69.68492126464844,198552.0
2022-01-11,71.69999694824219,72.94999694824219,69.8499984741211,71.25,70.62660217285156,176410.0
2022-01-12,71.5,72.5999984741211,68.75,70.25,69.63536071777344,127260.0
2022-01-13,70.0999984741211,70.9000015258789,68.55000305175781,70.30000305175781,69.68492126464844,49013.0
2022-01-14,72.5,73.0,71.05000305175781,72.30000305175781,71.66741943359375,128460.0
2022-01-17,73.0,75.4000015258789,72.5,74.0,73.35254669189453,154027.0
2022-01-18,75.4000015258789,76.69999694824219,73.0,73.69999694824219,73.05517578125,152519.0
2022-01-19,75.0,75.30000305175781,71.8499984741211,73.25,72.60911560058594,76879.0
2022-01-20,74.0,75.75,73.5,74.5999984741211,73.94729614257812,101244.0
2022-01-21,74.5999984741211,76.25,72.25,75.0999984741211,74.44292449951172,106175.0
2022-01-24,76.0,76.5999984741211,71.3499984741211,71.3499984741211,70.7257308959961,120654.0
2022-01-25,68.0999984741211,71.1500015258789,67.80000305175781,69.0999984741211,68.49541473388672,67456.0
2022-01-27,69.0999984741211,69.75,65.8499984741211,67.94999694824219,67.35548400878906,36520.0
2022-01-28,67.94999694824219,71.30000305175781,67.94999694824219,69.75,69.13972473144531,48148.0
2022-01-31,70.94999694824219,72.94999694824219,70.5,70.69999694824219,70.0814208984375,67520.0
2022-02-01,70.9000015258789,71.94999694824219,67.30000305175781,69.4000015258789,68.79279327392578,28862.0
2022-02-02,68.0,70.5,68.0,68.69999694824219,68.09891510009766,25229.0
2022-02-03,70.0,71.4000015258789,68.0,70.30000305175781,69.68492126464844,36149.0
2022-02-04,71.3499984741211,71.3499984741211,70.0,70.9000015258789,70.27967834472656,15775.0
2022-02-07,71.75,71.75,69.5,70.44999694824219,69.83360290527344,36415.0
2022-02-08,70.94999694824219,71.30000305175781,67.05000305175781,69.94999694824219,69.33798217773438,35099.0
2022-02-09,68.55000305175781,70.1500015258789,66.75,67.19999694824219,66.61204528808594,52986.0
2022-02-10,69.0,70.19999694824219,67.55000305175781,67.94999694824219,67.35548400878906,28464.0
2022-02-11,71.30000305175781,71.30000305175781,71.1500015258789,71.30000305175781,70.67617797851562,114172.0
2022-02-14,73.0,73.5,67.75,68.3499984741211,67.75198364257812,136364.0
2022-02-15,68.0999984741211,69.94999694824219,64.94999694824219,65.94999694824219,65.37297821044922,78720.0
2022-02-16,66.9000015258789,69.19999694824219,66.8499984741211,68.05000305175781,67.45460510253906,39979.0
2022-02-17,70.5,70.5,66.1500015258789,68.94999694824219,68.34672546386719,25927.0
2022-02-18,68.94999694824219,68.94999694824219,67.0,67.44999694824219,66.85984802246094,23499.0
2022-02-21,64.6500015258789,66.25,64.19999694824219,64.55000305175781,63.9852294921875,22367.0
2022-02-22,61.5,64.1500015258789,61.349998474121094,61.349998474121094,60.81322479248047,30788.0
2022-02-23,64.30000305175781,64.30000305175781,61.04999923706055,61.650001525878906,61.11060333251953,11728.0
2022-02-24,60.0,60.0,58.599998474121094,58.599998474121094,58.08728790283203,19880.0
2022-02-25,57.54999923706055,60.95000076293945,57.54999923706055,59.400001525878906,58.88029098510742,23070.0
2022-02-28,58.150001525878906,59.5,56.70000076293945,58.0,57.49253463745117,20365.0
2022-03-02,57.79999923706055,59.099998474121094,56.5,58.0,57.49253463745117,10343.0
2022-03-03,59.04999923706055,59.849998474121094,58.599998474121094,59.400001525878906,58.88029098510742,11002.0
2022-03-04,60.95000076293945,60.95000076293945,57.0,58.150001525878906,57.64122772216797,10491.0
2022-03-07,55.25,57.849998474121094,55.25,55.29999923706055,54.816158294677734,20413.0
2022-03-08,53.099998474121094,57.29999923706055,53.099998474121094,57.04999923706055,56.550846099853516,17832.0
2022-03-09,57.04999923706055,58.650001525878906,55.95000076293945,57.650001525878906,57.14560317993164,16453.0
2022-03-10,60.0,60.5,57.45000076293945,58.79999923706055,58.28553771972656,13795.0
2022-03-11,59.0,59.900001525878906,57.95000076293945,58.400001525878906,57.8890380859375,10758.0
2022-03-14,59.79999923706055,59.79999923706055,57.04999923706055,58.099998474121094,57.59165954589844,9417.0
2022-03-15,58.400001525878906,58.5,56.45000076293945,57.099998474121094,56.60041427612305,18245.0
2022-03-16,57.650001525878906,58.5,57.54999923706055,57.849998474121094,57.34384536743164,5791.0
2022-03-17,57.900001525878906,58.5,57.150001525878906,57.45000076293945,56.94735336303711,16267.0
2022-03-21,56.650001525878906,57.95000076293945,55.099998474121094,55.25,54.766597747802734,33946.0
2022-03-22,57.0,57.45000076293945,55.5,56.900001525878906,56.402164459228516,21784.0
2022-03-23,57.45000076293945,58.0,56.20000076293945,57.150001525878906,56.64997482299805,19861.0
2022-03-24,57.95000076293945,57.95000076293945,55.70000076293945,56.599998474121094,56.10478591918945,31725.0
2022-03-25,57.95000076293945,57.95000076293945,54.5,57.0,56.501285552978516,62322.0
2022-03-28,55.04999923706055,57.150001525878906,55.04999923706055,56.0,55.51003646850586,45359.0
2022-03-29,55.599998474121094,56.349998474121094,53.45000076293945,54.900001525878906,54.4196662902832,45358.0
2022-03-30,54.04999923706055,56.099998474121094,53.04999923706055,54.650001525878906,54.17184829711914,52423.0
2022-03-31,55.5,55.5,52.04999923706055,52.849998474121094,52.38759231567383,29097.0
2022-04-01,54.5,55.45000076293945,52.70000076293945,55.45000076293945,54.96485137939453,19975.0
2022-04-04,55.5,58.20000076293945,54.900001525878906,56.599998474121094,56.10478591918945,44601.0
2022-04-05,56.599998474121094,59.0,56.599998474121094,58.900001525878906,58.38466262817383,12506.0
2022-04-06,60.099998474121094,61.650001525878906,59.20000076293945,60.79999923706055,60.26803970336914,25098.0
2022-04-07,61.79999923706055,61.79999923706055,58.099998474121094,58.79999923706055,58.28553771972656,32772.0
2022-04-08,60.0,61.70000076293945,58.20000076293945,59.599998474121094,59.07854080200195,33519.0
2022-04-11,59.599998474121094,60.5,59.0,59.70000076293945,59.17766571044922,30650.0
2022-04-12,60.900001525878906,60.900001525878906,58.099998474121094,58.95000076293945,58.43422317504883,10698.0
2022-04-13,59.900001525878906,61.54999923706055,59.650001525878906,60.099998474121094,59.574161529541016,24838.0
2022-04-18,60.54999923706055,63.099998474121094,60.54999923706055,63.099998474121094,62.547916412353516,72560.0
2022-04-19,66.25,66.25,60.0,62.349998474121094,61.80447769165039,61964.0
2022-04-20,64.69999694824219,64.69999694824219,61.04999923706055,61.95000076293945,61.40797805786133,24767.0
2022-04-21,63.79999923706055,63.79999923706055,61.599998474121094,61.95000076293945,61.40797805786133,12207.0
2022-04-22,61.0,63.79999923706055,61.0,63.20000076293945,62.64704513549805,37439.0
2022-04-25,62.04999923706055,65.0,61.099998474121094,61.95000076293945,61.40797805786133,32712.0
2022-04-26,61.599998474121094,62.900001525878906,61.099998474121094,61.29999923706055,60.76366424560547,14105.0
2022-04-27,61.20000076293945,62.95000076293945,59.79999923706055,60.54999923706055,60.020225524902344,35125.0
2022-04-28,61.849998474121094,61.849998474121094,57.599998474121094,58.29999923706055,57.789913177490234,22025.0
2022-04-29,60.79999923706055,60.79999923706055,58.599998474121094,59.599998474121094,59.07854080200195,19124.0
2022-05-02,58.5,59.849998474121094,58.29999923706055,58.70000076293945,58.18640899658203,4349.0
2022-05-04,58.349998474121094,60.0,55.79999923706055,56.70000076293945,56.20391082763672,38171.0
2022-05-05,57.849998474121094,58.29999923706055,55.0,55.849998474121094,55.36134719848633,8529.0
2022-05-06,57.45000076293945,57.45000076293945,53.599998474121094,54.45000076293945,53.97359848022461,6954.0
2022-05-09,55.0,55.0,52.849998474121094,53.650001525878906,53.180599212646484,12835.0
2022-05-10,53.150001525878906,54.400001525878906,51.0,51.5,51.049407958984375,7342.0
2022-05-11,51.0,52.79999923706055,49.0,49.20000076293945,48.769535064697266,12232.0
2022-05-12,50.900001525878906,50.900001525878906,47.599998474121094,47.75,47.332218170166016,9391.0
2022-05-13,48.04999923706055,49.849998474121094,47.650001525878906,49.099998474121094,48.670406341552734,5302.0
2022-05-16,49.900001525878906,51.5,47.45000076293945,51.400001525878906,50.95029067993164,21918.0
2022-05-17,51.0,53.75,49.099998474121094,50.900001525878906,50.45466232299805,14714.0
2022-05-18,52.900001525878906,53.400001525878906,52.150001525878906,53.400001525878906,52.93278884887695,13315.0
2022-05-19,53.0,56.04999923706055,50.75,53.20000076293945,52.734535217285156,23109.0
2022-05-20,55.25,55.79999923706055,50.599998474121094,55.150001525878906,54.6674690246582,28992.0
2022-05-23,57.45000076293945,57.5,52.54999923706055,52.650001525878906,52.18934631347656,14164.0
2022-05-24,52.54999923706055,54.20000076293945,51.349998474121094,52.54999923706055,52.0902214050293,20934.0
2022-05-25,52.150001525878906,54.349998474121094,49.95000076293945,49.95000076293945,49.512969970703125,7462.0
2022-05-26,51.900001525878906,52.099998474121094,47.79999923706055,51.75,51.297218322753906,18436.0
2022-05-27,52.79999923706055,52.79999923706055,49.349998474121094,51.45000076293945,50.999847412109375,4797.0
2022-05-30,50.04999923706055,54.0,50.04999923706055,53.70000076293945,53.230159759521484,25339.0
2022-05-31,54.349998474121094,54.5,52.099998474121094,53.349998474121094,52.88322067260742,20754.0
2022-06-01,54.29999923706055,54.29999923706055,51.0,51.349998474121094,50.90072250366211,23827.0
2022-06-02,52.400001525878906,53.75,51.349998474121094,53.400001525878906,52.93278884887695,9034.0
2022-06-03,54.900001525878906,54.900001525878906,52.5,52.79999923706055,52.33803176879883,12032.0
2022-06-06,52.79999923706055,52.79999923706055,52.04999923706055,52.25,51.792850494384766,3956.0
2022-06-07,52.25,53.849998474121094,52.25,52.650001525878906,52.18934631347656,6062.0
2022-06-08,52.45000076293945,54.099998474121094,52.25,52.95000076293945,52.486717224121094,6009.0
2022-06-09,53.0,53.45000076293945,52.150001525878906,52.95000076293945,52.486717224121094,9954.0
2022-06-10,51.75,53.900001525878906,51.75,52.650001525878906,52.18934631347656,4325.0
2022-06-13,53.5,53.5,51.150001525878906,51.349998474121094,50.90072250366211,6813.0
2022-06-14,51.75,52.0,49.70000076293945,50.150001525878906,49.71122360229492,23200.0
2022-06-15,52.0,52.0,49.70000076293945,49.849998474121094,49.41384506225586,5206.0
2022-06-16,51.79999923706055,51.79999923706055,46.349998474121094,47.5,47.084407806396484,37467.0
2022-06-17,47.0,47.0,43.150001525878906,46.29999923706055,45.89490509033203,36944.0
2022-06-20,46.45000076293945,46.45000076293945,44.150001525878906,45.04999923706055,44.65584182739258,48893.0
2022-06-21,45.0,47.349998474121094,43.0,46.25,45.845340728759766,23965.0
2022-06-22,47.20000076293945,47.20000076293945,45.5,45.70000076293945,45.30015182495117,4984.0
2022-06-23,45.70000076293945,47.29999923706055,45.70000076293945,46.099998474121094,45.696651458740234,17609.0
2022-06-24,47.79999923706055,48.599998474121094,45.5,46.79999923706055,46.390533447265625,9362.0
2022-06-27,48.599998474121094,51.45000076293945,47.099998474121094,51.45000076293945,50.999847412109375,12980.0
2022-06-28,54.0,54.0,50.650001525878906,51.20000076293945,50.752037048339844,20066.0
2022-06-29,52.75,53.0,51.04999923706055,52.20000076293945,51.7432861328125,10940.0
2022-06-30,53.5,57.400001525878906,52.349998474121094,53.349998474121094,52.88322067260742,23784.0
2022-07-01,52.349998474121094,53.599998474121094,51.849998474121094,52.0,51.5450325012207,6117.0
2022-07-04,50.70000076293945,53.04999923706055,50.70000076293945,51.79999923706055,51.346778869628906,2986.0
2022-07-05,51.25,53.5,49.29999923706055,49.70000076293945,49.265159606933594,18057.0
2022-07-06,51.79999923706055,51.79999923706055,49.70000076293945,50.29999923706055,49.85990905761719,4905.0
2022-07-07,51.349998474121094,51.70000076293945,49.0,49.5,49.0669059753418,7394.0
2022-07-08,51.0,52.0,50.04999923706055,51.20000076293945,50.752037048339844,5910.0
2022-07-11,52.400001525878906,52.400001525878906,46.099998474121094,49.650001525878906,49.21559524536133,33012.0
2022-07-12,51.5,51.5,49.150001525878906,50.04999923706055,49.612098693847656,10631.0
2022-07-13,49.95000076293945,51.04999923706055,49.099998474121094,50.04999923706055,49.612098693847656,4941.0
2022-07-14,50.79999923706055,50.79999923706055,49.099998474121094,49.349998474121094,48.918216705322266,1431.0
2022-07-15,49.849998474121094,50.70000076293945,49.150001525878906,50.0,49.56253433227539,4170.0
2022-07-18,51.79999923706055,51.79999923706055,49.04999923706055,49.54999923706055,49.11647033691406,14956.0
2022-07-19,50.54999923706055,52.20000076293945,49.29999923706055,50.79999923706055,50.355533599853516,38530.0
2022-07-20,50.79999923706055,52.849998474121094,50.150001525878906,52.25,51.792850494384766,78490.0
2022-07-21,53.45000076293945,53.45000076293945,51.29999923706055,51.75,51.297218322753906,6335.0
2022-07-22,52.5,52.599998474121094,51.5,51.70000076293945,51.247657775878906,10423.0
2022-07-25,51.650001525878906,53.25,51.04999923706055,52.5,52.0406608581543,7499.0
2022-07-26,52.5,52.849998474121094,51.04999923706055,51.04999923706055,50.60334777832031,5551.0
2022-07-27,50.54999923706055,51.45000076293945,50.5,51.04999923706055,50.60334777832031,7079.0
2022-07-28,53.0,53.0,50.54999923706055,51.54999923706055,51.09897232055664,7377.0
2022-07-29,50.54999923706055,52.0,50.54999923706055,51.150001525878906,50.70247268676758,15436.0
2022-08-01,51.150001525878906,52.04999923706055,51.0,51.54999923706055,51.09897232055664,30288.0
2022-08-02,52.70000076293945,53.29999923706055,50.400001525878906,52.79999923706055,52.33803176879883,26375.0
2022-08-03,53.0,53.5,50.79999923706055,51.0,50.55378341674805,29538.0
2022-08-04,52.0,52.0,50.45000076293945,51.0,50.55378341674805,22540.0
2022-08-05,52.5,55.70000076293945,51.29999923706055,53.04999923706055,52.585845947265625,48952.0
2022-08-08,53.5,53.5,51.04999923706055,51.400001525878906,50.95029067993164,17969.0
2022-08-10,51.79999923706055,52.5,50.95000076293945,51.20000076293945,50.752037048339844,16478.0
2022-08-11,52.0,54.25,51.0,52.54999923706055,52.0902214050293,36760.0
2022-08-12,52.20000076293945,54.45000076293945,51.5,52.45000076293945,51.9911003112793,19087.0
2022-08-16,52.45000076293945,53.0,51.900001525878906,52.0,51.5450325012207,13979.0
2022-08-17,51.25,55.099998474121094,51.25,53.599998474121094,53.13103485107422,58559.0
2022-08-18,54.0,54.349998474121094,51.95000076293945,52.349998474121094,51.891971588134766,38480.0
2022-08-19,53.0,53.0,51.099998474121094,52.20000076293945,51.7432861328125,54396.0
2022-08-22,52.79999923706055,53.20000076293945,51.45000076293945,52.29999923706055,51.8424072265625,58650.0
2022-08-23,52.95000076293945,53.29999923706055,52.29999923706055,53.099998474121094,52.635406494140625,30861.0
2022-08-24,53.29999923706055,58.70000076293945,53.20000076293945,55.5,55.01441192626953,113091.0
2022-08-25,55.5,55.599998474121094,53.20000076293945,53.400001525878906,52.93278884887695,21886.0
2022-08-26,54.70000076293945,54.70000076293945,53.5,54.150001525878906,53.67622375488281,19399.0
2022-08-29,54.150001525878906,54.20000076293945,52.25,53.75,53.27972412109375,13608.0
2022-08-30,54.79999923706055,56.0,53.45000076293945,55.29999923706055,54.816158294677734,29129.0
2022-09-01,54.900001525878906,56.75,53.099998474121094,54.400001525878906,53.92403793334961,30438.0
2022-09-02,55.5,56.5,54.599998474121094,55.349998474121094,54.865718841552734,37777.0
2022-09-05,56.5,57.0,54.54999923706055,55.29999923706055,54.816158294677734,19672.0
2022-09-06,56.400001525878906,57.79999923706055,51.5,53.849998474121094,53.378849029541016,134372.0
2022-09-07,53.20000076293945,58.0,53.20000076293945,57.25,56.74909973144531,138775.0
2022-09-08,58.45000076293945,68.69999694824219,58.45000076293945,64.19999694824219,63.63829040527344,868201.0
2022-09-09,65.0,65.5,60.849998474121094,61.099998474121094,60.56541061401367,137996.0
2022-09-12,61.25,63.75,61.25,61.849998474121094,61.30885314941406,127941.0
2022-09-13,62.0,63.849998474121094,60.25,60.849998474121094,60.51327896118164,80773.0
2022-09-14,60.599998474121094,61.400001525878906,59.0,59.849998474121094,59.5188102722168,85432.0
2022-09-15,60.79999923706055,61.400001525878906,59.099998474121094,60.45000076293945,60.1154899597168,32221.0
2022-09-16,60.5,61.45000076293945,58.900001525878906,59.349998474121094,59.021575927734375,38653.0
2022-09-19,60.25,63.5,58.099998474121094,58.900001525878906,58.57406997680664,112334.0
2022-09-20,59.849998474121094,60.54999923706055,58.0,58.599998474121094,58.27573013305664,40172.0
2022-09-21,58.45000076293945,62.0,58.29999923706055,60.150001525878906,59.81715393066406,64144.0
2022-09-22,60.5,62.150001525878906,59.25,60.650001525878906,60.314388275146484,76872.0
2022-09-23,61.5,61.5,59.0,59.150001525878906,58.822689056396484,24976.0
2022-09-26,59.400001525878906,59.400001525878906,54.599998474121094,56.349998474121094,56.038177490234375,34605.0
2022-09-27,57.349998474121094,57.900001525878906,55.29999923706055,56.29999923706055,55.98845672607422,21992.0
2022-09-28,55.849998474121094,56.150001525878906,54.650001525878906,54.95000076293945,54.645931243896484,15448.0
2022-09-29,56.900001525878906,57.400001525878906,55.54999923706055,56.150001525878906,55.83928680419922,15319.0
2022-09-30,56.150001525878906,56.150001525878906,54.75,55.29999923706055,54.993988037109375,17707.0
2022-10-03,55.45000076293945,59.0,53.54999923706055,55.599998474121094,55.292327880859375,26756.0
2022-10-04,56.849998474121094,57.70000076293945,55.70000076293945,56.04999923706055,55.73984146118164,13767.0
2022-10-06,57.29999923706055,59.5,56.20000076293945,57.5,57.18181228637695,23026.0
2022-10-07,59.20000076293945,59.25,56.599998474121094,57.650001525878906,57.330989837646484,16616.0
2022-10-10,57.650001525878906,58.650001525878906,55.650001525878906,58.29999923706055,57.97739028930664,32731.0
2022-10-11,59.79999923706055,59.900001525878906,56.5,56.79999923706055,56.48569107055664,22687.0
2022-10-12,58.0,63.900001525878906,57.45000076293945,59.45000076293945,59.12102508544922,376504.0
2022-10-13,59.45000076293945,60.099998474121094,57.599998474121094,58.95000076293945,58.6237907409668,34307.0
2022-10-14,59.95000076293945,60.0,58.20000076293945,58.5,58.1762809753418,25599.0
2022-10-17,59.0,61.75,57.599998474121094,58.79999923706055,58.4746208190918,62055.0
2022-10-18,58.650001525878906,60.0,57.599998474121094,58.25,57.92766571044922,30439.0
2022-10-19,58.150001525878906,61.599998474121094,58.150001525878906,59.400001525878906,59.07130432128906,46853.0
2022-10-20,59.54999923706055,60.45000076293945,57.349998474121094,57.849998474121094,57.529876708984375,25028.0
2022-10-21,58.25,59.400001525878906,57.150001525878906,57.54999923706055,57.231536865234375,15550.0
2022-10-24,58.599998474121094,58.75,55.54999923706055,57.04999923706055,56.73430633544922,11559.0
2022-10-25,58.099998474121094,58.099998474121094,56.349998474121094,57.45000076293945,57.13209533691406,16902.0
2022-10-27,58.70000076293945,58.70000076293945,57.04999923706055,57.150001525878906,56.8337516784668,15785.0
2022-10-28,57.150001525878906,58.70000076293945,57.099998474121094,57.70000076293945,57.38071060180664,5672.0
2022-10-31,58.900001525878906,59.900001525878906,57.04999923706055,59.400001525878906,59.07130432128906,35347.0
2022-11-01,59.95000076293945,61.79999923706055,58.04999923706055,58.20000076293945,57.87794494628906,24059.0
2022-11-02,59.0,59.150001525878906,57.099998474121094,57.849998474121094,57.529876708984375,9115.0
2022-11-03,57.25,58.70000076293945,57.25,58.0,57.679046630859375,28510.0
2022-11-04,58.79999923706055,59.849998474121094,58.099998474121094,59.29999923706055,58.97185516357422,23813.0
2022-11-07,59.900001525878906,59.900001525878906,58.20000076293945,58.599998474121094,58.27573013305664,15813.0
2022-11-09,59.70000076293945,60.25,57.650001525878906,59.25,58.92213439941406,50576.0
2022-11-10,64.44999694824219,66.0,62.349998474121094,62.900001525878906,62.551937103271484,392863.0
2022-11-11,64.80000305175781,65.30000305175781,63.150001525878906,63.70000076293945,63.34750747680664,160484.0
2022-11-14,65.80000305175781,65.80000305175781,63.04999923706055,64.9000015258789,64.5408706665039,114550.0
2022-11-15,64.8499984741211,65.94999694824219,62.599998474121094,63.79999923706055,63.44695281982422,84634.0
2022-11-16,64.0999984741211,65.0,62.54999923706055,62.95000076293945,62.601661682128906,74862.0
2022-11-17,63.79999923706055,64.30000305175781,61.150001525878906,62.349998474121094,62.004974365234375,38440.0
2022-11-18,62.95000076293945,63.54999923706055,61.79999923706055,62.150001525878906,61.806087493896484,40155.0
2022-11-21,62.04999923706055,63.400001525878906,61.54999923706055,61.95000076293945,61.60719299316406,23305.0
2022-11-22,62.70000076293945,63.0,61.54999923706055,62.150001525878906,61.806087493896484,16295.0
2022-11-23,62.150001525878906,65.94999694824219,61.5,63.25,62.89999771118164,120222.0
2022-11-24,63.95000076293945,67.0,62.95000076293945,64.94999694824219,64.59058380126953,304950.0
2022-11-25,64.6500015258789,65.80000305175781,63.54999923706055,63.900001525878906,63.54640197753906,101983.0
2022-11-28,65.5999984741211,68.9000015258789,63.04999923706055,67.25,66.87786102294922,265610.0
2022-11-29,67.9000015258789,67.9000015258789,65.05000305175781,65.5,65.13754272460938,61673.0
2022-11-30,65.5,67.19999694824219,64.55000305175781,65.55000305175781,65.18727111816406,39673.0
2022-12-01,65.55000305175781,66.3499984741211,64.25,65.55000305175781,65.18727111816406,37738.0
2022-12-02,65.55000305175781,68.0,65.55000305175781,66.3499984741211,65.98284912109375,51254.0
2022-12-05,66.44999694824219,74.0,65.0999984741211,72.4000015258789,71.99935913085938,532528.0
2022-12-06,72.94999694824219,80.3499984741211,70.75,79.4000015258789,78.96063995361328,1339246.0
2022-12-07,79.9000015258789,84.69999694824219,77.8499984741211,83.69999694824219,83.23683166503906,1059963.0
2022-12-08,83.80000305175781,91.9000015258789,83.80000305175781,87.5999984741211,87.11524963378906,1711481.0
2022-12-09,88.44999694824219,90.0,77.5999984741211,81.69999694824219,81.2479019165039,563391.0
2022-12-12,81.44999694824219,87.69999694824219,80.0,86.19999694824219,85.7229995727539,348941.0
2022-12-13,87.0,87.5,82.30000305175781,83.69999694824219,83.23683166503906,259448.0
2022-12-14,84.30000305175781,86.19999694824219,82.55000305175781,83.19999694824219,82.7396011352539,196745.0
2022-12-15,83.19999694824219,85.0,79.05000305175781,80.80000305175781,80.3528823852539,192734.0
2022-12-16,81.30000305175781,85.94999694824219,80.05000305175781,82.75,82.2920913696289,202913.0
2022-12-19,82.94999694824219,87.94999694824219,81.75,87.5999984741211,87.11524963378906,405019.0
2022-12-20,88.0,98.4000015258789,83.55000305175781,96.0999984741211,95.5682144165039,2371511.0
2022-12-21,99.5,102.25,88.19999694824219,89.3499984741211,88.8555679321289,2585928.0
2022-12-22,90.0,94.30000305175781,81.5999984741211,84.0999984741211,83.63462829589844,758362.0
2022-12-23,82.80000305175781,87.5,74.94999694824219,75.8499984741211,75.4302749633789,808358.0
2022-12-26,76.69999694824219,85.8499984741211,74.55000305175781,84.80000305175781,84.33074951171875,586874.0
2022-12-27,85.25,86.80000305175781,80.4000015258789,83.94999694824219,83.48544311523438,293672.0
2022-12-28,84.19999694824219,87.69999694824219,82.5999984741211,83.1500015258789,82.68988037109375,308339.0
2022-12-29,83.69999694824219,85.19999694824219,82.0,83.80000305175781,83.33628845214844,164033.0
2022-12-30,84.5,89.8499984741211,84.1500015258789,86.5999984741211,86.12078094482422,437939.0
2023-01-02,87.25,96.94999694824219,85.6500015258789,95.30000305175781,94.77264404296875,1107615.0
2023-01-03,96.19999694824219,97.25,92.25,93.05000305175781,92.53509521484375,450418.0
2023-01-04,93.4000015258789,93.55000305175781,88.30000305175781,89.5,89.0047378540039,424811.0
2023-01-05,90.05000305175781,93.9000015258789,89.75,93.3499984741211,92.83342742919922,371001.0
2023-01-06,93.5999984741211,107.69999694824219,91.9000015258789,105.9000015258789,105.3139877319336,4169610.0
2023-01-09,108.0,115.9000015258789,105.25,113.69999694824219,113.0708236694336,4681512.0
2023-01-10,114.9000015258789,117.5,110.0999984741211,113.0,112.37469482421875,1767758.0
2023-01-11,113.0,113.94999694824219,105.5999984741211,109.1500015258789,108.54600524902344,1127043.0
2023-01-12,107.0999984741211,119.69999694824219,107.0,112.5999984741211,111.97691345214844,3334741.0
2023-01-13,112.5,114.5,110.05000305175781,111.0999984741211,110.4852066040039,977963.0
2023-01-16,111.80000305175781,112.3499984741211,106.19999694824219,107.1500015258789,106.55706787109375,809929.0
2023-01-17,106.80000305175781,106.8499984741211,100.8499984741211,103.3499984741211,102.7780990600586,426838.0
2023-01-18,103.94999694824219,110.80000305175781,101.9000015258789,108.19999694824219,107.60125732421875,491157.0
2023-01-19,107.6500015258789,112.75,105.05000305175781,105.69999694824219,105.1150894165039,332886.0
2023-01-20,106.30000305175781,107.6500015258789,102.19999694824219,102.75,102.1814193725586,184571.0
2023-01-23,103.9000015258789,105.5999984741211,101.5,102.0999984741211,101.53501892089844,151069.0
2023-01-24,102.94999694824219,108.3499984741211,102.94999694824219,104.3499984741211,103.7725601196289,372953.0
2023-01-25,105.4000015258789,106.0999984741211,99.0,102.19999694824219,101.63446044921875,232632.0
2023-01-27,103.0,103.0,95.0,96.6500015258789,96.11518096923828,323462.0
2023-01-30,96.9000015258789,97.69999694824219,94.0,95.5,94.97154235839844,144222.0
2023-01-31,97.5,101.30000305175781,95.6500015258789,98.44999694824219,97.90521240234375,175357.0
2023-02-01,99.9000015258789,101.19999694824219,91.55000305175781,95.3499984741211,94.8223648071289,136116.0
2023-02-02,95.0,96.9000015258789,93.0,93.3499984741211,92.83342742919922,107242.0
2023-02-03,93.5,95.94999694824219,89.44999694824219,91.0999984741211,90.59588623046875,183476.0
2023-02-06,91.25,97.9000015258789,91.25,95.8499984741211,95.31959533691406,289839.0
2023-02-07,96.44999694824219,96.44999694824219,90.94999694824219,91.9000015258789,91.3914566040039,168481.0
2023-02-08,91.9000015258789,94.9000015258789,88.6500015258789,90.69999694824219,90.19810485839844,211034.0
2023-02-09,91.6500015258789,93.44999694824219,88.0,88.75,88.25889587402344,262872.0
2023-02-10,87.05000305175781,92.5,87.05000305175781,88.94999694824219,88.45777893066406,233171.0
2023-02-13,88.94999694824219,90.94999694824219,84.55000305175781,85.0999984741211,84.62908935546875,208283.0
2023-02-14,86.0,87.0999984741211,79.4000015258789,82.94999694824219,82.49098205566406,476774.0
2023-02-15,83.44999694824219,85.1500015258789,81.55000305175781,84.25,83.7837905883789,218613.0
2023-02-16,85.0,90.5999984741211,84.55000305175781,89.30000305175781,88.80584716796875,332121.0
2023-02-17,88.0999984741211,89.9000015258789,85.0,85.80000305175781,85.3252182006836,268650.0
2023-02-20,85.9000015258789,86.0,80.6500015258789,81.4000015258789,80.94956970214844,219779.0
2023-02-21,81.05000305175781,82.94999694824219,80.55000305175781,82.0999984741211,81.64569091796875,165834.0
2023-02-22,81.9000015258789,83.94999694824219,81.5,83.3499984741211,82.8887710571289,135888.0
2023-02-23,82.69999694824219,83.44999694824219,80.5999984741211,81.0,80.55177307128906,68185.0
2023-02-24,81.0999984741211,82.9000015258789,78.25,79.05000305175781,78.61256408691406,121080.0
2023-02-27,79.0,79.6500015258789,75.69999694824219,76.6500015258789,76.22584533691406,183289.0
2023-02-28,77.0,79.30000305175781,76.1500015258789,78.1500015258789,77.7175521850586,92593.0
2023-03-01,79.0,93.0999984741211,78.05000305175781,90.8499984741211,90.3472671508789,1693346.0
2023-03-02,89.0999984741211,90.0,86.0999984741211,87.75,87.26441955566406,529648.0
2023-03-03,88.80000305175781,95.69999694824219,87.69999694824219,91.30000305175781,90.7947769165039,616256.0
2023-03-06,91.5999984741211,93.75,89.0999984741211,89.5999984741211,89.10417938232422,258539.0
2023-03-08,89.55000305175781,95.5999984741211,87.5999984741211,94.5,93.9770736694336,507554.0
2023-03-09,95.0999984741211,95.25,91.25,92.05000305175781,91.54063415527344,160674.0
2023-03-10,91.5,97.8499984741211,90.6500015258789,93.05000305175781,92.53509521484375,523141.0
2023-03-13,93.5999984741211,94.5999984741211,85.80000305175781,86.5999984741211,86.12078094482422,310920.0
2023-03-14,87.5999984741211,88.1500015258789,82.5999984741211,85.75,85.27548217773438,202921.0
2023-03-15,86.19999694824219,88.80000305175781,83.25,84.05000305175781,83.58490753173828,123340.0
2023-03-16,84.05000305175781,87.0,81.9000015258789,85.0999984741211,84.62908935546875,137400.0
2023-03-17,85.80000305175781,87.19999694824219,84.05000305175781,84.25,83.7837905883789,112082.0
2023-03-20,84.05000305175781,84.5999984741211,82.30000305175781,82.94999694824219,82.49098205566406,59645.0
2023-03-21,84.0,85.30000305175781,82.4000015258789,82.94999694824219,82.49098205566406,100039.0
2023-03-22,83.5,84.55000305175781,82.05000305175781,82.5999984741211,82.1429214477539,84145.0
2023-03-23,82.0,86.3499984741211,82.0,83.44999694824219,82.98821258544922,190528.0
2023-03-24,83.55000305175781,86.0,80.69999694824219,82.0,81.54623413085938,142068.0
2023-03-27,80.80000305175781,82.5,79.05000305175781,79.75,79.3086929321289,84750.0
2023-03-28,80.9000015258789,81.0,77.05000305175781,77.5,77.0711441040039,79115.0
2023-03-29,78.30000305175781,81.25,77.5,80.0999984741211,79.65674591064453,114400.0
2023-03-31,81.94999694824219,83.5999984741211,80.30000305175781,80.5999984741211,80.15399169921875,123120.0
2023-04-03,81.0,83.4000015258789,80.30000305175781,82.6500015258789,82.1926498413086,70296.0
2023-04-05,83.25,90.30000305175781,82.5,88.4000015258789,87.91082763671875,317734.0
2023-04-06,89.80000305175781,90.80000305175781,86.19999694824219,86.8499984741211,86.3694076538086,176088.0
2023-04-10,87.05000305175781,91.80000305175781,85.8499984741211,88.75,88.25889587402344,216689.0
2023-04-11,89.30000305175781,93.0,88.0999984741211,91.0,90.49644470214844,253429.0
2023-04-12,91.44999694824219,92.9000015258789,89.19999694824219,90.0999984741211,89.6014175415039,77438.0
2023-04-13,89.25,91.6500015258789,87.80000305175781,88.5,88.0102767944336,92845.0
2023-04-17,88.5,92.0,87.6500015258789,90.8499984741211,90.3472671508789,119781.0
2023-04-18,91.69999694824219,94.69999694824219,89.3499984741211,89.94999694824219,89.45225524902344,271036.0
2023-04-19,90.4000015258789,93.80000305175781,90.05000305175781,90.80000305175781,90.29755401611328,183784.0
2023-04-20,91.0,95.3499984741211,90.80000305175781,92.4000015258789,91.88868713378906,369120.0
2023-04-21,92.4000015258789,100.4000015258789,91.5,98.80000305175781,98.2532730102539,1302315.0
2023-04-24,100.0,105.0,98.5999984741211,103.69999694824219,103.12615203857422,1607977.0
2023-04-25,103.69999694824219,104.69999694824219,98.0999984741211,99.5999984741211,99.0488510131836,499895.0
2023-04-26,100.05000305175781,107.55000305175781,99.94999694824219,103.4000015258789,102.82781982421875,750361.0
2023-04-27,104.0,111.19999694824219,103.0,109.0999984741211,108.49627685546875,1097677.0
2023-04-28,110.30000305175781,113.80000305175781,105.25,107.8499984741211,107.2531967163086,605335.0
2023-05-02,108.94999694824219,108.94999694824219,105.0999984741211,105.69999694824219,105.1150894165039,284552.0
2023-05-03,105.0,109.55000305175781,105.0,106.8499984741211,106.25872802734375,257001.0
2023-05-04,107.1500015258789,107.6500015258789,102.8499984741211,103.5,102.9272689819336,227105.0
2023-05-05,104.0,105.5,100.0,102.5,101.93280792236328,231953.0
2023-05-08,101.5,103.55000305175781,100.0999984741211,101.1500015258789,100.59027862548828,160835.0
2023-05-09,101.05000305175781,106.94999694824219,101.05000305175781,102.69999694824219,102.1316909790039,311475.0
2023-05-10,103.3499984741211,103.3499984741211,97.69999694824219,100.19999694824219,99.6455307006836,218037.0
2023-05-11,100.5999984741211,102.80000305175781,99.69999694824219,101.8499984741211,101.2863998413086,124694.0
2023-05-12,101.9000015258789,101.9000015258789,97.69999694824219,98.44999694824219,97.90521240234375,137527.0
2023-05-15,98.0,103.1500015258789,98.0,102.0999984741211,101.53501892089844,286915.0
2023-05-16,102.55000305175781,103.9000015258789,99.05000305175781,99.55000305175781,98.99913787841797,152120.0
2023-05-17,99.55000305175781,101.80000305175781,98.30000305175781,100.05000305175781,99.4963607788086,123605.0
2023-05-18,100.5,100.94999694824219,97.80000305175781,98.3499984741211,97.80577087402344,102630.0
2023-05-19,98.8499984741211,99.1500015258789,95.30000305175781,96.55000305175781,96.01573181152344,191026.0
2023-05-22,95.0,96.0,85.8499984741211,86.44999694824219,85.97161102294922,558653.0
2023-05-23,86.94999694824219,91.4000015258789,86.94999694824219,89.19999694824219,88.70639038085938,241149.0
2023-05-24,89.1500015258789,89.9000015258789,87.0,87.75,87.26441955566406,102484.0
2023-05-25,87.0,96.0,87.0,94.8499984741211,94.32512664794922,502561.0
2023-05-26,96.0,102.0,96.0,98.80000305175781,98.2532730102539,617646.0
2023-05-29,99.44999694824219,99.9000015258789,94.80000305175781,95.44999694824219,94.92181396484375,178251.0
2023-05-30,96.0,96.5999984741211,93.0,93.94999694824219,93.43011474609375,92980.0
2023-05-31,94.4000015258789,97.0,93.0999984741211,94.05000305175781,93.5295639038086,114563.0
2023-06-01,94.30000305175781,96.5999984741211,93.5,94.8499984741211,94.32512664794922,144001.0
2023-06-02,94.8499984741211,95.5999984741211,93.0999984741211,93.5999984741211,93.0820541381836,113904.0
2023-06-05,94.5,95.0,92.75,93.1500015258789,92.6345443725586,100896.0
2023-06-06,92.5999984741211,93.69999694824219,91.80000305175781,92.9000015258789,92.38593292236328,90003.0
2023-06-07,92.80000305175781,96.0999984741211,92.80000305175781,94.69999694824219,94.17596435546875,129539.0
2023-06-08,94.69999694824219,96.3499984741211,93.0999984741211,93.75,93.2312240600586,90457.0
2023-06-09,94.4000015258789,94.80000305175781,90.80000305175781,92.0,91.49090576171875,62544.0
2023-06-12,92.0,94.0,91.80000305175781,92.19999694824219,91.6897964477539,49109.0
2023-06-13,92.5,93.3499984741211,89.55000305175781,91.0,90.49644470214844,124003.0
2023-06-14,91.44999694824219,92.9000015258789,91.0,91.75,91.24229431152344,57119.0
2023-06-15,90.5999984741211,92.19999694824219,88.25,89.44999694824219,88.95500946044922,100540.0
2023-06-16,90.0,91.4000015258789,89.19999694824219,89.69999694824219,89.2036361694336,79628.0
2023-06-19,90.1500015258789,101.55000305175781,89.19999694824219,99.5,98.94940185546875,787579.0
2023-06-20,99.0,99.1500015258789,96.5,97.0999984741211,96.56268310546875,351218.0
2023-06-21,97.55000305175781,97.6500015258789,94.30000305175781,95.0999984741211,94.57374572753906,87945.0
2023-06-22,95.6500015258789,97.9000015258789,92.80000305175781,94.69999694824219,94.17596435546875,139705.0
2023-06-23,94.69999694824219,95.0,92.5,92.75,92.23675537109375,82540.0
2023-06-26,93.0,94.05000305175781,91.6500015258789,92.8499984741211,92.33619689941406,60487.0
2023-06-27,93.3499984741211,98.0,93.25,95.9000015258789,95.36933135986328,135730.0
2023-06-28,96.6500015258789,97.6500015258789,93.30000305175781,93.9000015258789,93.3803939819336,96104.0
2023-06-30,94.44999694824219,97.69999694824219,93.94999694824219,96.94999694824219,96.41351318359375,134793.0
2023-07-03,101.0,105.0,98.0,98.5999984741211,98.05438232421875,1076001.0
2023-07-04,98.80000305175781,99.94999694824219,97.0,97.80000305175781,97.2588119506836,105617.0
2023-07-05,97.1500015258789,99.4000015258789,96.94999694824219,97.30000305175781,96.76158142089844,96635.0
2023-07-06,98.30000305175781,99.0,95.9000015258789,96.3499984741211,95.81684112548828,133791.0
2023-07-07,96.0,98.5,94.1500015258789,96.4000015258789,95.86656188964844,186807.0
2023-07-10,96.9000015258789,96.9000015258789,92.5999984741211,93.3499984741211,92.83342742919922,108617.0
2023-07-11,93.80000305175781,103.0,93.55000305175781,100.5999984741211,100.04331970214844,897173.0
2023-07-12,101.4000015258789,103.55000305175781,98.69999694824219,99.94999694824219,99.39690399169922,282517.0
2023-07-13,100.0999984741211,100.5999984741211,94.80000305175781,96.3499984741211,95.81684112548828,194407.0
2023-07-14,97.69999694824219,99.0,96.5999984741211,97.55000305175781,97.01019287109375,93225.0
2023-07-17,97.55000305175781,101.5,97.55000305175781,98.80000305175781,98.2532730102539,178178.0
2023-07-18,99.30000305175781,99.5999984741211,96.75,96.94999694824219,96.41351318359375,85882.0
2023-07-19,97.44999694824219,98.4000015258789,96.1500015258789,96.5999984741211,96.0654525756836,58306.0
2023-07-20,96.5999984741211,98.8499984741211,96.0,96.30000305175781,95.7671127319336,97173.0
2023-07-21,96.69999694824219,97.0,92.3499984741211,94.19999694824219,93.67872619628906,215708.0
2023-07-24,94.9000015258789,95.5,93.5,94.4000015258789,93.87762451171875,53466.0
2023-07-25,95.0,98.5,94.3499984741211,95.0999984741211,94.57374572753906,175795.0
2023-07-26,95.3499984741211,98.25,92.19999694824219,95.05000305175781,94.5240249633789,702067.0
2023-07-27,95.80000305175781,96.9000015258789,94.0,94.4000015258789,93.87762451171875,105515.0
2023-07-28,94.80000305175781,95.5,93.4000015258789,94.05000305175781,93.5295639038086,75522.0
2023-07-31,93.6500015258789,95.44999694824219,91.30000305175781,92.6500015258789,92.1373062133789,166392.0
2023-08-01,93.0999984741211,95.19999694824219,93.0999984741211,93.94999694824219,93.43011474609375,98456.0
2023-08-02,94.0,95.5,90.55000305175781,92.75,92.23675537109375,152534.0
2023-08-03,92.0,93.44999694824219,91.0,91.9000015258789,91.3914566040039,86707.0
2023-08-04,92.0,94.0,91.94999694824219,92.5999984741211,92.08758544921875,93507.0
2023-08-07,93.0,93.69999694824219,91.5,91.6500015258789,91.1428451538086,66445.0
2023-08-08,91.9000015258789,94.69999694824219,91.9000015258789,93.19999694824219,92.68426513671875,99292.0
2023-08-09,93.5999984741211,94.6500015258789,92.05000305175781,92.94999694824219,92.4356460571289,67108.0
2023-08-10,92.94999694824219,93.75,92.30000305175781,92.5999984741211,92.08758544921875,53818.0
2023-08-11,92.8499984741211,93.30000305175781,91.0,91.5,90.99366760253906,64488.0
2023-08-14,91.5,93.4000015258789,89.05000305175781,92.5999984741211,92.08758544921875,80417.0
2023-08-16,92.8499984741211,93.25,90.19999694824219,91.75,91.24229431152344,98295.0
2023-08-17,91.94999694824219,92.4000015258789,91.0,91.44999694824219,90.9439468383789,43455.0
2023-08-18,91.80000305175781,92.0,87.30000305175781,89.5,89.0047378540039,150633.0
2023-08-21,89.94999694824219,97.25,89.75,96.05000305175781,95.51849365234375,619548.0
2023-08-22,97.25,97.80000305175781,93.0,96.1500015258789,95.6179428100586,257970.0
2023-08-23,96.75,97.0,93.55000305175781,94.0999984741211,93.57927703857422,108568.0
2023-08-24,94.69999694824219,97.0,94.0,95.25,94.72291564941406,175074.0
2023-08-25,95.0,96.19999694824219,93.55000305175781,94.44999694824219,93.92735290527344,84006.0
2023-08-28,94.9000015258789,96.44999694824219,93.0,93.55000305175781,93.03233337402344,62948.0
2023-08-29,94.0,95.69999694824219,93.5999984741211,94.1500015258789,93.62901306152344,68157.0
2023-08-30,96.19999694824219,96.19999694824219,93.5999984741211,94.5,93.9770736694336,115037.0
2023-08-31,95.1500015258789,108.94999694824219,95.0,104.6500015258789,104.0708999633789,3548050.0
2023-09-01,105.5999984741211,107.30000305175781,102.9000015258789,104.69999694824219,104.12062072753906,647165.0
2023-09-04,105.5,107.0,101.19999694824219,102.19999694824219,101.63446044921875,465485.0
2023-09-05,103.19999694824219,107.55000305175781,101.75,102.8499984741211,102.2808609008789,399627.0
2023-09-06,103.6500015258789,104.94999694824219,101.5,102.6500015258789,102.08197021484375,203192.0
2023-09-07,102.3499984741211,117.5,101.19999694824219,116.5,115.85533142089844,3574525.0
2023-09-08,117.9000015258789,121.9000015258789,114.05000305175781,116.1500015258789,115.50726318359375,2408600.0
2023-09-11,117.05000305175781,118.75,109.0,110.5,109.8885269165039,780117.0
2023-09-12,111.75,113.44999694824219,97.1500015258789,100.30000305175781,99.74498748779297,1056631.0
2023-09-13,100.8499984741211,112.5999984741211,98.30000305175781,109.3499984741211,108.74488830566406,1290571.0
2023-09-14,111.0,114.0,107.80000305175781,110.80000305175781,110.18687438964844,637176.0
2023-09-15,111.44999694824219,111.5999984741211,108.1500015258789,109.30000305175781,108.69517517089844,223830.0
2023-09-18,108.05000305175781,109.05000305175781,104.30000305175781,105.0,104.61038970947266,252090.0
2023-09-20,103.0,106.05000305175781,102.0999984741211,103.25,102.86688232421875,197476.0
2023-09-21,103.25,107.19999694824219,101.0999984741211,101.80000305175781,101.4222640991211,265124.0
2023-09-22,101.0999984741211,111.0,101.0999984741211,106.75,106.35388946533203,584793.0
2023-09-25,106.75,107.0,103.75,104.69999694824219,104.31149291992188,157753.0
2023-09-26,105.30000305175781,105.55000305175781,102.5,103.25,102.86688232421875,101381.0
2023-09-27,104.25,113.3499984741211,103.0,111.30000305175781,110.88700866699219,659347.0
2023-09-28,111.80000305175781,111.94999694824219,107.30000305175781,108.0999984741211,107.6988754272461,314536.0
2023-09-29,108.80000305175781,110.80000305175781,107.0,107.4000015258789,107.00148010253906,196853.0
2023-10-03,107.4000015258789,107.4000015258789,104.55000305175781,105.44999694824219,105.0587158203125,145121.0
2023-10-04,105.44999694824219,107.4000015258789,103.0,105.3499984741211,104.9590835571289,190137.0
2023-10-05,105.94999694824219,107.0999984741211,103.69999694824219,104.5,104.11224365234375,154360.0
2023-10-06,105.0,111.19999694824219,104.30000305175781,108.0999984741211,107.6988754272461,598252.0
2023-10-09,106.0,107.0,102.5999984741211,103.1500015258789,102.76725006103516,219954.0
2023-10-10,104.0,107.69999694824219,102.80000305175781,104.75,104.36131286621094,195372.0
2023-10-11,105.55000305175781,110.0999984741211,104.5,108.9000015258789,108.49591827392578,364083.0
2023-10-12,112.0,116.0,110.19999694824219,110.8499984741211,110.43867492675781,1235053.0
2023-10-13,110.30000305175781,114.0,108.05000305175781,109.75,109.34275817871094,294664.0
2023-10-16,109.94999694824219,111.30000305175781,107.30000305175781,107.94999694824219,107.5494384765625,204408.0
2023-10-17,108.8499984741211,114.80000305175781,108.80000305175781,112.1500015258789,111.73385620117188,602271.0
2023-10-18,113.0,115.55000305175781,108.4000015258789,109.75,109.34275817871094,358068.0
2023-10-19,109.3499984741211,113.55000305175781,108.55000305175781,110.4000015258789,109.99034881591797,349713.0
2023-10-20,110.4000015258789,111.69999694824219,107.5,107.8499984741211,107.4498062133789,228193.0
2023-10-23,108.3499984741211,109.6500015258789,94.69999694824219,95.69999694824219,95.34489440917969,686862.0
2023-10-25,97.5999984741211,101.0,93.1500015258789,96.55000305175781,96.19174194335938,477004.0
2023-10-26,97.25,98.19999694824219,91.19999694824219,95.94999694824219,95.59396362304688,379969.0
2023-10-27,96.44999694824219,99.75,96.44999694824219,97.8499984741211,97.4869155883789,170905.0
2023-10-30,98.80000305175781,101.25,98.0,99.80000305175781,99.4296875,127264.0
2023-10-31,100.69999694824219,101.9000015258789,97.80000305175781,98.30000305175781,97.93524932861328,142704.0
2023-11-01,98.80000305175781,101.0,97.69999694824219,98.0,97.63636016845703,104687.0
2023-11-02,98.94999694824219,101.19999694824219,98.30000305175781,99.05000305175781,98.6824722290039,101432.0
2023-11-03,99.9000015258789,102.44999694824219,98.9000015258789,100.19999694824219,99.82819366455078,203423.0
2023-11-06,101.69999694824219,102.0,100.0999984741211,101.0,100.6252212524414,105123.0
2023-11-07,101.5,101.5,99.55000305175781,100.3499984741211,99.9776382446289,77180.0
2023-11-08,100.69999694824219,101.69999694824219,98.6500015258789,99.80000305175781,99.4296875,98587.0
2023-11-09,95.0,96.25,90.80000305175781,93.3499984741211,93.00360870361328,381653.0
2023-11-10,93.9000015258789,95.9000015258789,93.0,93.8499984741211,93.50175476074219,212081.0
2023-11-13,95.6500015258789,98.69999694824219,94.75,97.44999694824219,97.08839416503906,135694.0
2023-11-15,98.80000305175781,98.80000305175781,95.5999984741211,96.05000305175781,95.69359588623047,97988.0
2023-11-16,96.0,97.6500015258789,96.0,96.30000305175781,95.94266510009766,124782.0
2023-11-17,96.69999694824219,98.69999694824219,96.05000305175781,96.5,96.14192199707031,114063.0
2023-11-20,96.5,98.05000305175781,94.69999694824219,95.25,94.89656066894531,96202.0
2023-11-21,96.25,97.25,95.1500015258789,95.5999984741211,95.2452621459961,53650.0
2023-11-22,95.05000305175781,107.0,95.05000305175781,105.55000305175781,105.1583480834961,1509930.0
2023-11-23,105.55000305175781,107.69999694824219,103.6500015258789,104.25,103.86317443847656,397878.0
2023-11-24,105.0,111.80000305175781,103.94999694824219,107.3499984741211,106.95166015625,901825.0
2023-11-28,107.9000015258789,108.0,103.44999694824219,104.0999984741211,103.7137222290039,219179.0
2023-11-29,105.05000305175781,105.25,102.8499984741211,103.25,102.86688232421875,107147.0
2023-11-30,103.80000305175781,106.0,102.5,104.30000305175781,103.9129867553711,174357.0
2023-12-01,105.19999694824219,105.25,102.5,102.75,102.36873626708984,117160.0
2023-12-04,103.94999694824219,104.8499984741211,100.9000015258789,102.19999694824219,101.82077026367188,146356.0
2023-12-05,102.5999984741211,102.94999694824219,98.19999694824219,100.4000015258789,100.02745819091797,216204.0
2023-12-06,100.80000305175781,103.4000015258789,99.55000305175781,101.1500015258789,100.77467346191406,210087.0
2023-12-07,101.25,102.9000015258789,100.5,101.30000305175781,100.92411804199219,99714.0
2023-12-08,101.6500015258789,102.80000305175781,99.75,100.5999984741211,100.22671508789062,109849.0
2023-12-11,100.9000015258789,101.1500015258789,99.0,99.5999984741211,99.23042297363281,129748.0
2023-12-12,99.80000305175781,103.30000305175781,99.5999984741211,100.6500015258789,100.27652740478516,217916.0
2023-12-13,99.69999694824219,103.0,99.69999694824219,102.0,101.62151336669922,176733.0
2023-12-14,103.30000305175781,103.5,100.5,100.9000015258789,100.52559661865234,95193.0
2023-12-15,101.5,101.9000015258789,99.80000305175781,100.3499984741211,99.9776382446289,80748.0
2023-12-18,100.4000015258789,106.9000015258789,100.05000305175781,106.1500015258789,105.75611877441406,552983.0
2023-12-19,106.69999694824219,109.0,105.3499984741211,105.6500015258789,105.25797271728516,391124.0
2023-12-20,106.4000015258789,106.9000015258789,99.0,99.8499984741211,99.4794921875,278221.0
2023-12-21,99.80000305175781,102.55000305175781,98.55000305175781,101.94999694824219,101.57169342041016,157374.0
2023-12-22,102.0,104.5,99.9000015258789,102.3499984741211,101.97021484375,283930.0
2023-12-26,102.94999694824219,102.94999694824219,100.1500015258789,101.0999984741211,100.724853515625,112274.0
2023-12-27,101.0999984741211,102.9000015258789,100.0,101.19999694824219,100.82447814941406,110812.0
2023-12-28,102.0,102.0,98.25,99.4000015258789,99.03116607666016,134673.0
2023-12-29,100.0,100.30000305175781,98.3499984741211,99.30000305175781,98.9315414428711,112020.0
2024-01-01,99.30000305175781,101.8499984741211,99.30000305175781,100.25,99.87800598144531,94568.0
2024-01-02,100.0,103.6500015258789,98.55000305175781,101.5,101.12336730957031,219348.0
2024-01-03,101.0,103.1500015258789,100.0,100.8499984741211,100.47578430175781,168177.0
2024-01-04,102.0,104.55000305175781,101.55000305175781,102.75,102.36873626708984,224838.0
2024-01-05,104.0,105.0,101.94999694824219,103.0999984741211,102.71743774414062,244161.0
2024-01-08,103.19999694824219,113.05000305175781,102.80000305175781,110.1500015258789,109.74127960205078,1536995.0
2024-01-09,111.25,114.0,107.0999984741211,107.44999694824219,107.0512924194336,816525.0
2024-01-10,107.6500015258789,112.5999984741211,106.1500015258789,108.30000305175781,107.89813995361328,747340.0
2024-01-11,109.05000305175781,110.8499984741211,107.55000305175781,108.3499984741211,107.94795227050781,196357.0
2024-01-12,109.0,109.1500015258789,105.0999984741211,105.6500015258789,105.25797271728516,264873.0
2024-01-15,105.6500015258789,110.80000305175781,104.80000305175781,107.80000305175781,107.4000015258789,520733.0
2024-01-16,107.80000305175781,109.44999694824219,104.5,105.94999694824219,105.5568618774414,221821.0
2024-01-17,105.0,106.0999984741211,100.94999694824219,101.5,101.12336730957031,512256.0
2024-01-18,101.75,104.80000305175781,99.55000305175781,104.1500015258789,103.76354217529297,241164.0
2024-01-19,104.1500015258789,106.9000015258789,103.44999694824219,103.75,103.36502838134766,98493.0
2024-01-23,104.0,104.69999694824219,97.94999694824219,99.6500015258789,99.28023529052734,172822.0
2024-01-24,100.0,103.30000305175781,98.75,102.1500015258789,101.77095794677734,136667.0
2024-01-25,102.1500015258789,104.30000305175781,101.8499984741211,102.44999694824219,102.06983947753906,157850.0
2024-01-29,104.0,104.8499984741211,102.19999694824219,102.69999694824219,102.31891632080078,102315.0
2024-01-30,103.0,112.0,102.19999694824219,107.19999694824219,106.8022232055664,1063680.0
2024-01-31,108.19999694824219,108.3499984741211,105.4000015258789,105.9000015258789,105.50704193115234,168201.0
2024-02-01,104.5,111.4000015258789,103.6500015258789,109.94999694824219,109.5420150756836,735206.0
2024-02-02,110.55000305175781,115.5,110.19999694824219,112.75,112.33162689208984,1876363.0
2024-02-05,113.1500015258789,118.0,111.0,112.3499984741211,111.93311309814453,1208920.0
2024-02-06,113.5999984741211,116.8499984741211,112.5999984741211,115.30000305175781,114.8721694946289,636167.0
2024-02-07,116.9000015258789,119.0,113.80000305175781,115.69999694824219,115.27067565917969,586848.0
2024-02-08,116.5,116.55000305175781,108.4000015258789,109.3499984741211,108.9442367553711,443969.0
2024-02-09,109.9000015258789,109.9000015258789,101.6500015258789,103.9000015258789,103.51446533203125,460436.0
2024-02-12,103.5,103.9000015258789,99.0999984741211,101.30000305175781,100.92411804199219,463100.0
2024-02-13,103.0,104.5,98.8499984741211,102.5,102.11966705322266,190088.0
2024-02-14,102.0,103.44999694824219,100.6500015258789,102.55000305175781,102.16947937011719,207022.0
2024-02-15,102.5999984741211,104.55000305175781,102.0,103.9000015258789,103.51446533203125,150007.0
2024-02-16,104.80000305175781,106.6500015258789,104.69999694824219,105.44999694824219,105.0587158203125,126214.0
2024-02-19,106.9000015258789,106.9000015258789,103.0,103.55000305175781,103.165771484375,74096.0
2024-02-20,104.1500015258789,105.05000305175781,101.55000305175781,102.6500015258789,102.26910400390625,102517.0
2024-02-21,103.30000305175781,104.8499984741211,100.0999984741211,101.5,101.12336730957031,157728.0
2024-02-22,102.25,103.0,100.30000305175781,102.25,101.87059020996094,102721.0
2024-02-23,102.8499984741211,103.25,101.4000015258789,102.25,101.87059020996094,66169.0
2024-02-26,101.19999694824219,105.19999694824219,101.19999694824219,102.44999694824219,102.06983947753906,145535.0
2024-02-27,101.44999694824219,103.5,100.0,100.5999984741211,100.22671508789062,97596.0
2024-02-28,101.5,110.80000305175781,101.5,105.1500015258789,104.75982666015625,1300238.0
2024-02-29,105.0999984741211,108.0,102.55000305175781,104.1500015258789,103.76354217529297,184002.0
2024-03-01,105.0,105.5999984741211,103.0,104.69999694824219,104.31149291992188,79115.0
2024-03-04,104.55000305175781,105.0,101.80000305175781,102.9000015258789,102.51818084716797,97786.0
2024-03-05,102.80000305175781,103.3499984741211,101.5,101.94999694824219,101.57169342041016,46018.0
2024-03-06,101.8499984741211,102.5999984741211,97.0,99.44999694824219,99.08097839355469,186305.0
2024-03-07,98.30000305175781,104.30000305175781,98.30000305175781,102.8499984741211,102.4683609008789,121483.0
2024-03-11,102.8499984741211,102.8499984741211,99.0999984741211,99.4000015258789,99.03116607666016,66890.0
2024-03-12,99.4000015258789,101.69999694824219,96.0999984741211,100.5,100.12708282470703,119610.0
2024-03-13,99.5,101.5999984741211,90.30000305175781,91.5999984741211,91.26010131835938,257927.0
2024-03-14,90.0,98.5,88.05000305175781,97.4000015258789,97.03858947753906,163296.0
2024-03-15,97.0,99.0,94.4000015258789,97.44999694824219,97.08839416503906,98079.0
2024-03-18,96.1500015258789,102.5,96.1500015258789,100.55000305175781,100.1769027709961,93530.0
2024-03-19,100.69999694824219,101.44999694824219,99.0,101.1500015258789,100.77467346191406,58477.0
2024-03-20,101.69999694824219,101.69999694824219,98.44999694824219,99.3499984741211,98.98135375976562,65037.0
2024-03-21,100.0,103.0999984741211,100.0,102.0,101.62151336669922,73954.0
2024-03-22,102.4000015258789,102.80000305175781,99.19999694824219,100.25,99.87800598144531,61522.0
2024-03-26,100.30000305175781,101.25,98.25,98.69999694824219,98.33375549316406,89749.0
2024-03-27,100.0,102.5999984741211,99.5,99.9000015258789,99.52931213378906,132838.0
2024-03-28,100.80000305175781,100.80000305175781,96.30000305175781,97.3499984741211,96.98876953125,92313.0
2024-04-01,97.05000305175781,103.3499984741211,97.05000305175781,102.9000015258789,102.51818084716797,100673.0
2024-04-02,102.05000305175781,103.4000015258789,101.05000305175781,101.94999694824219,101.57169342041016,54079.0
2024-04-03,101.9000015258789,105.6500015258789,101.9000015258789,104.44999694824219,104.06241607666016,132539.0
2024-04-04,105.44999694824219,105.44999694824219,103.0,103.94999694824219,103.56427764892578,56861.0
2024-04-05,103.9000015258789,105.6500015258789,103.5,105.19999694824219,104.80963897705078,99306.0
2024-04-08,105.94999694824219,106.9000015258789,103.3499984741211,104.5999984741211,104.21186828613281,54270.0
2024-04-09,105.19999694824219,110.5,103.69999694824219,109.0,108.59554290771484,427359.0
2024-04-10,109.80000305175781,110.3499984741211,105.5,107.80000305175781,107.4000015258789,149193.0
2024-04-12,107.75,111.25,105.80000305175781,108.5,108.09739685058594,210794.0
2024-04-15,107.0,108.0,102.19999694824219,105.6500015258789,105.25797271728516,169260.0
2024-04-16,105.0999984741211,109.5,104.55000305175781,105.19999694824219,104.80963897705078,93671.0
2024-04-18,105.5999984741211,108.8499984741211,105.4000015258789,106.75,106.35388946533203,131246.0
2024-04-19,105.1500015258789,106.0999984741211,102.6500015258789,104.75,104.36131286621094,97534.0
2024-04-22,106.0,109.05000305175781,105.0,107.6500015258789,107.25054931640625,299784.0
2024-04-23,108.4000015258789,108.69999694824219,106.5999984741211,106.94999694824219,106.55314636230469,67978.0
2024-04-24,107.19999694824219,110.3499984741211,106.69999694824219,107.5999984741211,107.20073699951172,216369.0
2024-04-25,108.1500015258789,108.1500015258789,105.25,105.80000305175781,105.40741729736328,96418.0
2024-04-26,105.0,106.4000015258789,103.6500015258789,104.30000305175781,103.9129867553711,67777.0
2024-04-29,105.4000015258789,107.25,104.0,104.44999694824219,104.06241607666016,106554.0
2024-04-30,104.4000015258789,108.0,104.05000305175781,104.80000305175781,104.4111328125,126189.0
2024-05-02,105.5,105.94999694824219,104.0,104.4000015258789,104.01261138916016,69049.0
2024-05-03,104.9000015258789,104.94999694824219,102.30000305175781,104.25,103.86317443847656,49018.0
2024-05-06,104.4000015258789,109.0,101.75,102.8499984741211,102.4683609008789,447416.0
2024-05-07,103.3499984741211,104.5,99.0999984741211,99.9000015258789,99.52931213378906,145692.0
2024-05-08,100.69999694824219,103.5999984741211,99.9000015258789,102.8499984741211,102.4683609008789,96504.0
2024-05-09,103.05000305175781,103.6500015258789,99.69999694824219,100.1500015258789,99.77838134765625,48776.0
2024-05-10,100.0999984741211,102.1500015258789,100.0,101.1500015258789,100.77467346191406,38071.0
2024-05-13,101.5999984741211,101.5999984741211,98.30000305175781,99.94999694824219,99.57911682128906,48938.0
2024-05-14,100.0,102.75,99.5999984741211,100.94999694824219,100.57540893554688,58961.0
2024-05-15,101.69999694824219,101.9000015258789,100.6500015258789,101.0999984741211,100.724853515625,33020.0
2024-05-16,101.05000305175781,101.8499984741211,100.0,100.30000305175781,99.9278335571289,37189.0
2024-05-17,101.05000305175781,104.30000305175781,100.55000305175781,102.8499984741211,102.4683609008789,76203.0
2024-05-21,101.0999984741211,102.4000015258789,100.19999694824219,100.5999984741211,100.22671508789062,72925.0
2024-05-22,101.5999984741211,104.19999694824219,100.4000015258789,101.9000015258789,101.52188873291016,126885.0
2024-05-23,102.3499984741211,104.5999984741211,102.0,103.9000015258789,103.51446533203125,96166.0
2024-05-24,104.69999694824219,104.75,102.5999984741211,104.30000305175781,103.9129867553711,73371.0
2024-05-27,104.8499984741211,104.9000015258789,102.5,104.0999984741211,103.7137222290039,86063.0
2024-05-28,103.25,105.0,102.4000015258789,104.05000305175781,103.6639175415039,71103.0
2024-05-29,104.0,105.05000305175781,100.5,102.1500015258789,101.77095794677734,63631.0
2024-05-30,110.0,111.75,104.9000015258789,105.3499984741211,104.9590835571289,385320.0
2024-05-31,107.0,107.0,104.25,105.30000305175781,104.9092788696289,97807.0
2024-06-03,106.9000015258789,107.05000305175781,104.5,105.44999694824219,105.0587158203125,129951.0
2024-06-04,105.19999694824219,105.19999694824219,96.0,99.75,99.3798599243164,173035.0
2024-06-05,101.9000015258789,103.5999984741211,98.4000015258789,101.5,101.12336730957031,95232.0
2024-06-06,102.4000015258789,109.0,101.25,105.1500015258789,104.75982666015625,256025.0
2024-06-07,105.6500015258789,107.25,103.5,106.55000305175781,106.1546401977539,87531.0
2024-06-10,106.55000305175781,121.5,106.55000305175781,118.01000213623047,117.57211303710938,1520235.0
2024-06-11,123.5,130.85000610351562,121.44999694824219,123.05000305175781,122.59341430664062,3707377.0
2024-06-12,124.69999694824219,133.99000549316406,123.26000213623047,129.24000549316406,128.76043701171875,2104340.0
2024-06-13,130.5,130.5,126.0199966430664,127.63999938964844,127.16637420654297,554096.0
2024-06-14,127.55000305175781,132.38999938964844,127.5,129.5399932861328,129.059326171875,485470.0
2024-06-18,131.0,134.64999389648438,130.1999969482422,131.64999389648438,131.16148376464844,568670.0
2024-06-19,132.0500030517578,132.7100067138672,126.97000122070312,129.7899932861328,129.3083953857422,385146.0
2024-06-20,130.89999389648438,133.8000030517578,128.61000061035156,129.9199981689453,129.4379119873047,281906.0
2024-06-21,131.39999389648438,143.6999969482422,130.5,139.07000732421875,138.55397033691406,2866200.0
2024-06-24,139.07000732421875,141.72999572753906,135.1999969482422,136.6999969482422,136.19276428222656,604184.0
2024-06-25,137.41000366210938,140.0,134.25,135.27000427246094,134.76806640625,338147.0
2024-06-26,135.27000427246094,145.58999633789062,133.99000549316406,140.0800018310547,139.5602264404297,1125632.0
2024-06-27,142.89999389648438,146.1999969482422,129.5,133.91000366210938,133.41311645507812,757796.0
2024-06-28,135.39999389648438,139.14999389648438,134.97000122070312,135.74000549316406,135.23631286621094,390652.0
2024-07-01,135.89999389648438,138.85000610351562,134.6999969482422,134.9600067138672,134.459228515625,238196.0
2024-07-02,135.75,135.89999389648438,129.8000030517578,130.72999572753906,130.24490356445312,297651.0
2024-07-03,132.07000732421875,136.8000030517578,130.0,132.22000122070312,131.7293701171875,266293.0
2024-07-04,133.83999633789062,134.89999389648438,131.0,131.36000061035156,130.87257385253906,207543.0
2024-07-05,132.10000610351562,133.19000244140625,130.00999450683594,130.44000244140625,129.95599365234375,142440.0
2024-07-08,131.6999969482422,131.6999969482422,125.23999786376953,126.55000305175781,126.0804214477539,222828.0
2024-07-09,125.5999984741211,128.49000549316406,125.1500015258789,126.68000030517578,126.2099380493164,148571.0
2024-07-10,126.68000030517578,127.69999694824219,121.4800033569336,125.1500015258789,124.68562316894531,180077.0
2024-07-11,125.94999694824219,130.4499969482422,125.25,126.5199966430664,126.05052947998047,217868.0
2024-07-12,127.1500015258789,127.63999938964844,121.30000305175781,121.9800033569336,121.52738189697266,221961.0
2024-07-15,122.9800033569336,126.80000305175781,119.63999938964844,125.93000030517578,125.46272277832031,280285.0
2024-07-16,126.6500015258789,138.35000610351562,126.26000213623047,136.74000549316406,136.23260498046875,965668.0
2024-07-18,138.8000030517578,139.75,130.3000030517578,134.72000122070312,134.22010803222656,452286.0
2024-07-19,134.0,134.0399932861328,126.3499984741211,127.2300033569336,126.75789642333984,311728.0
2024-07-22,125.94999694824219,131.0,123.20999908447266,128.6999969482422,128.22242736816406,195441.0
2024-07-23,128.6999969482422,139.5,122.5999984741211,136.60000610351562,136.0931396484375,932191.0
2024-07-24,136.32000732421875,142.7899932861328,133.61000061035156,135.14999389648438,134.64849853515625,586306.0
2024-07-25,132.1300048828125,145.3000030517578,132.1300048828125,143.52000427246094,142.98745727539062,954500.0
2024-07-26,144.5,149.89999389648438,141.66000366210938,143.0500030517578,142.51919555664062,1200533.0
2024-07-29,143.8000030517578,144.7899932861328,138.61000061035156,140.27999877929688,139.7594757080078,265122.0
2024-07-30,138.89999389648438,140.63999938964844,136.5500030517578,138.0,137.48793029785156,188262.0
2024-07-31,139.22999572753906,143.3300018310547,135.3800048828125,140.57000732421875,140.04840087890625,281200.0
2024-08-01,141.0500030517578,147.00999450683594,138.0,143.7100067138672,143.1767578125,546870.0
2024-08-02,142.6999969482422,152.85000610351562,140.02999877929688,149.8800048828125,149.32386779785156,963436.0
2024-08-05,144.99000549316406,144.99000549316406,135.05999755859375,136.57000732421875,136.06324768066406,627666.0
2024-08-06,139.0500030517578,148.88999938964844,137.3000030517578,138.30999755859375,137.79678344726562,944121.0
2024-08-07,145.0,145.7899932861328,140.10000610351562,144.1999969482422,143.66493225097656,357359.0
2024-08-08,143.9499969482422,146.58999633789062,140.35000610351562,141.35000610351562,140.8255157470703,271867.0
2024-08-09,142.8000030517578,153.0,141.80999755859375,150.8000030517578,150.2404327392578,1249652.0
2024-08-12,150.69000244140625,154.8000030517578,145.61000061035156,147.5800018310547,147.0323944091797,697253.0
2024-08-13,148.2899932861328,149.0,133.0,134.8800048828125,134.3795166015625,513358.0
2024-08-14,132.0,133.99000549316406,128.1300048828125,128.1300048828125,127.6545639038086,49341.0
2024-08-16,121.72000122070312,134.52999877929688,121.72000122070312,132.8300018310547,132.33712768554688,190943.0
2024-08-19,132.8300018310547,136.0,130.0,133.0399932861328,132.5463409423828,60235.0
2024-08-20,133.0399932861328,135.0,126.37999725341797,126.5,126.03060913085938,119939.0
2024-08-21,126.47000122070312,128.89999389648438,122.05000305175781,124.56999969482422,124.10777282714844,113859.0
2024-08-22,123.05000305175781,130.39999389648438,123.0,129.61000061035156,129.12905883789062,100157.0
2024-08-23,129.60000610351562,131.60000610351562,127.0999984741211,130.3800048828125,129.89620971679688,51573.0
2024-08-26,130.3800048828125,130.3800048828125,125.0,127.58999633789062,127.11656188964844,55143.0
2024-08-27,126.4000015258789,130.0,125.0,125.66000366210938,125.1937255859375,42565.0
2024-08-28,127.44000244140625,129.10000610351562,124.19999694824219,127.45999908447266,126.98704528808594,46085.0
2024-08-29,127.98999786376953,129.8000030517578,125.0,126.27999877929688,125.8114242553711,65159.0
2024-08-30,126.9000015258789,127.87999725341797,124.11000061035156,125.66000366210938,125.1937255859375,27686.0
2024-09-02,127.0,127.0,120.16000366210938,122.36000061035156,121.90596771240234,61236.0
2024-09-03,122.0,124.8499984741211,121.0,123.6500015258789,123.19117736816406,40291.0
2024-09-04,123.6500015258789,123.98999786376953,121.0,122.37000274658203,121.91593170166016,30009.0
2024-09-05,122.05000305175781,123.0,121.01000213623047,121.8499984741211,121.39785766601562,33774.0
2024-09-06,122.0,125.0,121.11000061035156,123.5,123.04174041748047,39170.0
2024-09-09,122.20999908447266,123.98999786376953,119.0,121.26000213623047,120.81005859375,36521.0
2024-09-10,121.25,125.0,121.25,124.2300033569336,123.76902770996094,19292.0
2024-09-11,124.0,125.75,121.0999984741211,121.76000213623047,121.30819702148438,28428.0
2024-09-12,121.4000015258789,123.98999786376953,119.0999984741211,120.88999938964844,120.44142150878906,29659.0
2024-09-13,122.0,125.75,120.12000274658203,124.80999755859375,124.34687805175781,44122.0
2024-09-16,126.69999694824219,128.8800048828125,124.0,125.44999694824219,124.98450469970703,54220.0
2024-09-17,126.16000366210938,126.16000366210938,123.0,123.30000305175781,122.84248352050781,10813.0
2024-09-18,123.30000305175781,124.55000305175781,122.0,122.19999694824219,121.7465591430664,15865.0
2024-09-19,123.98999786376953,124.0,119.5,121.1500015258789,120.70045471191406,28587.0
2024-09-20,119.75,122.4000015258789,119.1500015258789,119.69999694824219,119.45304107666016,34118.0
2024-09-23,121.0,122.5,119.69999694824219,121.2699966430664,121.0197982788086,22610.0
2024-09-24,120.0,122.48999786376953,119.80000305175781,120.95999908447266,120.71044158935547,18258.0
2024-09-25,120.95999908447266,121.80000305175781,115.25,117.05000305175781,116.80850982666016,53559.0
2024-09-26,116.30000305175781,117.94999694824219,113.69999694824219,114.33000183105469,114.09412384033203,41167.0
2024-09-27,115.0,120.04000091552734,114.0,120.04000091552734,119.79234313964844,27290.0
2024-09-30,121.91999816894531,124.98999786376953,119.0,121.0,120.75035858154297,46944.0
2024-10-01,121.9800033569336,123.9000015258789,119.0,123.02999877929688,122.77616882324219,35279.0
2024-10-03,122.87999725341797,122.87999725341797,117.0,119.47000122070312,119.22351837158203,34840.0
2024-10-04,118.44999694824219,119.19000244140625,114.11000061035156,114.75,114.51325225830078,35401.0
2024-10-07,116.87999725341797,116.87999725341797,109.01000213623047,109.19999694824219,108.97470092773438,39147.0
2024-10-08,108.0,109.44999694824219,104.95999908447266,107.36000061035156,107.13850402832031,37558.0
2024-10-09,109.4800033569336,112.72000122070312,108.94999694824219,112.72000122070312,112.48744201660156,17393.0
2024-10-10,112.81999969482422,117.0,112.72000122070312,113.63999938964844,113.4055404663086,25387.0
2024-10-11,116.0,119.30000305175781,112.5,118.8499984741211,118.60478973388672,29174.0
2024-10-14,124.79000091552734,124.79000091552734,124.79000091552734,124.79000091552734,124.53253936767578,41873.0
2024-10-15,131.02000427246094,131.02000427246094,124.79000091552734,128.57000732421875,128.30474853515625,139194.0
2024-10-16,125.0999984741211,132.8699951171875,125.0999984741211,131.1199951171875,130.84947204589844,120201.0
2024-10-17,129.0,129.0,128.49000549316406,129.0,128.73385620117188,55600.0
2024-10-18,126.41999816894531,129.0,126.41999816894531,126.41999816894531,126.15917205810547,38316.0
2024-10-21,123.88999938964844,123.88999938964844,123.88999938964844,123.88999938964844,123.63439178466797,3812.0
2024-10-22,121.41000366210938,121.41000366210938,121.41000366210938,121.41000366210938,121.15951538085938,3248.0
2024-10-23,118.9800033569336,118.9800033569336,118.9800033569336,118.9800033569336,118.73452758789062,3421.0
2024-10-24,116.5999984741211,116.5999984741211,116.5999984741211,116.5999984741211,116.35943603515625,8557.0
2024-10-25,114.26000213623047,114.26000213623047,114.26000213623047,114.26000213623047,114.0242691040039,5261.0
2024-10-28,112.0,112.0,111.97000122070312,112.0,111.76892852783203,13822.0
2024-10-29,110.8499984741211,110.8499984741211,109.76000213623047,110.8499984741211,110.62129974365234,14087.0
2024-10-30,113.05999755859375,113.05999755859375,111.0,113.05999755859375,112.82673645019531,8536.0
2024-10-31,115.31999969482422,115.31999969482422,115.0,115.31999969482422,115.08207702636719,5486.0
2024-11-01,117.37999725341797,117.37999725341797,117.37999725341797,117.37999725341797,117.13782501220703,3660.0
2024-11-04,115.05000305175781,115.05000305175781,115.02999877929688,115.05000305175781,114.81263732910156,4047.0
2024-11-05,113.05000305175781,115.0,113.05000305175781,113.05000305175781,112.81676483154297,5285.0
2024-11-06,115.30999755859375,115.30999755859375,113.0999984741211,115.30999755859375,115.07209777832031,8461.0
2024-11-07,113.5,113.8499984741211,113.5,113.5,113.26583099365234,14058.0
2024-11-08,115.76000213623047,115.76000213623047,112.80000305175781,115.76000213623047,115.52117156982422,8272.0
2024-11-11,115.5,118.0,115.5,115.5,115.26170349121094,13696.0
2024-11-12,115.0,115.30000305175781,114.98999786376953,115.0,114.76273345947266,3709.0
2024-11-13,112.69999694824219,112.69999694824219,112.69999694824219,112.69999694824219,112.46747589111328,4210.0
2024-11-14,110.44000244140625,112.69999694824219,110.44000244140625,110.44000244140625,110.21215057373047,13136.0
2024-11-18,108.2300033569336,108.69999694824219,108.2300033569336,108.2300033569336,108.00670623779297,5255.0
2024-11-19,108.0,108.2300033569336,107.98999786376953,108.0,107.77717590332031,17363.0
2024-11-21,107.0,108.0,107.0,107.0,106.77924346923828,3883.0
2024-11-22,107.0,107.04000091552734,107.0,107.0,106.77924346923828,10275.0
2024-11-25,111.97000122070312,111.97000122070312,106.72000122070312,107.37999725341797,107.15845489501953,24014.0
2024-11-26,105.1500015258789,112.73999786376953,105.1500015258789,112.73999786376953,112.50740051269531,16445.0
2024-11-27,112.73999786376953,115.0,110.1500015258789,114.76000213623047,114.52323150634766,18769.0
2024-11-28,113.11000061035156,120.48999786376953,112.0,118.02999877929688,117.78648376464844,25405.0
2024-11-29,120.97000122070312,120.97000122070312,114.0999984741211,116.61000061035156,116.36941528320312,9069.0
2024-12-02,117.5,122.44000244140625,116.0,121.69000244140625,121.43893432617188,35863.0
2024-12-03,126.0,127.5,121.20999908447266,124.5999984741211,124.34292602539062,32054.0
2024-12-04,124.0999984741211,128.0,122.5,124.83999633789062,124.58243560791016,20876.0
2024-12-05,123.05000305175781,131.0,123.05000305175781,126.56999969482422,126.30886840820312,32065.0
2024-12-06,126.56999969482422,128.75,123.5,127.94000244140625,127.67604064941406,37844.0
2024-12-09,133.0,141.5,132.14999389648438,136.42999267578125,136.1485137939453,266574.0
2024-12-10,136.74000549316406,137.77999877929688,131.0,134.64999389648438,134.3721923828125,60728.0
2024-12-11,134.64999389648438,136.97999572753906,134.2899932861328,136.4600067138672,136.178466796875,96452.0
2024-12-12,136.5500030517578,137.5,132.35000610351562,133.3000030517578,133.0249786376953,78840.0
2024-12-13,135.25,136.47000122070312,128.50999450683594,134.16000366210938,133.88320922851562,193794.0
2024-12-16,145.0,160.99000549316406,141.99000549316406,160.99000549316406,160.65785217285156,2346048.0
2024-12-17,175.99000549316406,184.99000549316406,171.0,177.02999877929688,176.66476440429688,6280012.0
2024-12-18,169.50999450683594,176.6999969482422,165.0,169.89999389648438,169.54946899414062,663937.0
2024-12-19,164.60000610351562,176.39999389648438,158.86000061035156,172.85000610351562,172.49339294433594,538884.0
2024-12-20,173.89999389648438,174.60000610351562,160.0,160.9199981689453,160.58799743652344,235295.0
2024-12-23,165.8000030517578,165.88999938964844,151.35000610351562,153.0399932861328,152.7242431640625,278457.0
2024-12-24,153.99000549316406,177.6999969482422,152.10000610351562,164.7899932861328,164.45001220703125,979654.0
2024-12-26,167.89999389648438,168.6999969482422,155.0,157.88999938964844,157.5642547607422,236327.0
2024-12-27,156.00999450683594,159.3800048828125,152.0,153.0399932861328,152.7242431640625,139774.0
2024-12-30,153.88999938964844,163.00999450683594,151.39999389648438,154.02999877929688,153.7122039794922,199206.0
2024-12-31,153.0,155.88999938964844,152.89999389648438,153.66000366210938,153.3429718017578,88888.0
2025-01-01,155.60000610351562,169.39999389648438,137.5500030517578,166.5399932861328,166.19639587402344,697806.0
2025-01-02,169.0,175.0,165.0500030517578,168.57000732421875,168.2222137451172,452965.0
2025-01-03,169.74000549316406,170.3000030517578,164.5800018310547,165.47000122070312,165.1286163330078,139312.0
2025-01-06,166.77999877929688,166.7899932861328,151.3000030517578,153.33999633789062,153.0236358642578,191126.0
2025-01-07,157.99000549316406,169.05999755859375,157.0,167.7899932861328,167.44381713867188,380348.0
2025-01-08,168.6999969482422,168.6999969482422,161.5,162.72999572753906,162.39425659179688,114195.0
2025-01-09,164.3000030517578,172.89999389648438,156.10000610351562,157.67999267578125,157.35467529296875,250000.0
2025-01-10,158.10000610351562,161.72000122070312,148.50999450683594,150.25999450683594,149.94998168945312,333564.0
2025-01-13,151.0,153.89999389648438,142.50999450683594,144.13999938964844,143.84262084960938,163285.0
2025-01-14,146.8000030517578,151.88999938964844,144.1999969482422,147.75999450683594,147.45513916015625,150080.0
2025-01-15,150.0,153.64999389648438,146.41000366210938,148.22000122070312,147.91419982910156,154196.0
2025-01-16,151.0,155.9499969482422,149.11000061035156,153.58999633789062,153.2731170654297,193621.0
2025-01-17,152.64999389648438,154.67999267578125,149.8800048828125,150.50999450683594,150.199462890625,72351.0
2025-01-20,151.0,154.30999755859375,149.50999450683594,150.9499969482422,150.63856506347656,89111.0
2025-01-21,152.89999389648438,153.30999755859375,144.64999389648438,145.41000366210938,145.11000061035156,78493.0
2025-01-22,145.0,147.24000549316406,138.41000366210938,139.1300048828125,138.84295654296875,86981.0
2025-01-23,139.5,143.64999389648438,133.60000610351562,134.32000732421875,134.04287719726562,137993.0
2025-01-24,137.5,137.5,127.63999938964844,128.4199981689453,128.15504455566406,92302.0
2025-01-27,125.5,127.25,123.05000305175781,123.83000183105469,123.57452392578125,94801.0
2025-01-28,125.69999694824219,126.25,111.1500015258789,118.91999816894531,118.67464447021484,176896.0
2025-01-29,120.0,126.7699966430664,119.95999908447266,123.95999908447266,123.70425415039062,90461.0
2025-01-30,125.69999694824219,129.8800048828125,122.63999938964844,124.2699966430664,124.01361083984375,83026.0
2025-01-31,125.69999694824219,129.8000030517578,123.5,128.6999969482422,128.43446350097656,153718.0
2025-02-01,127.4000015258789,137.89999389648438,126.08000183105469,129.99000549316406,129.72181701660156,217524.0
2025-02-03,129.6999969482422,130.8000030517578,125.0,128.77999877929688,128.51431274414062,55510.0
2025-02-04,133.64999389648438,133.64999389648438,127.76000213623047,128.6699981689453,128.40452575683594,42000.0
2025-02-05,130.10000610351562,135.0,129.5500030517578,130.3699951171875,130.1010284423828,123270.0
2025-02-06,131.0,131.99000549316406,127.2300033569336,128.22000122070312,127.9554672241211,51387.0
2025-02-07,129.6999969482422,130.72999572753906,125.01000213623047,126.26000213623047,125.99951171875,66329.0
2025-02-10,127.80000305175781,128.00999450683594,120.0,121.62999725341797,121.37905883789062,61907.0
2025-02-11,119.80000305175781,119.80000305175781,112.11000061035156,113.62000274658203,113.38558959960938,117757.0
2025-02-12,113.62000274658203,116.0,109.1500015258789,113.55000305175781,113.31573486328125,132117.0
2025-02-13,115.52999877929688,118.0,113.9000015258789,114.9000015258789,114.66294860839844,75607.0
2025-02-14,116.0,116.0,106.0999984741211,107.29000091552734,107.06864166259766,83616.0
2025-02-17,108.0999984741211,111.19999694824219,105.12000274658203,106.80000305175781,106.57965850830078,138066.0
2025-02-18,107.0999984741211,108.55000305175781,103.3499984741211,104.80999755859375,104.59375762939453,82986.0
2025-02-19,104.8499984741211,110.9800033569336,103.0,109.94999694824219,109.72315216064453,92437.0
2025-02-20,110.9000015258789,113.0199966430664,109.0,110.79000091552734,110.5614242553711,73214.0
2025-02-21,110.54000091552734,114.70999908447266,107.25,108.36000061035156,108.13643646240234,129458.0
2025-02-24,106.30000305175781,111.0,105.37000274658203,109.5,109.27408599853516,49883.0
2025-02-25,107.8499984741211,112.80000305175781,107.8499984741211,108.55999755859375,108.33602142333984,153721.0
2025-02-27,109.1500015258789,111.5,106.0,106.23999786376953,106.02080535888672,44404.0
2025-02-28,106.25,107.5999984741211,101.6500015258789,102.77999877929688,102.56794738769531,65106.0
2025-03-03,103.11000061035156,105.25,96.83999633789062,99.2699966430664,99.065185546875,78099.0
2025-03-04,98.69999694824219,103.5,98.08000183105469,101.16000366210938,100.9512939453125,49616.0
2025-03-05,101.69999694824219,108.9000015258789,101.69999694824219,107.69999694824219,107.47779846191406,97103.0
2025-03-06,106.9000015258789,110.9000015258789,106.88999938964844,107.79000091552734,107.56761169433594,71192.0
2025-03-07,107.80000305175781,110.5999984741211,106.0,106.72000122070312,106.49982452392578,136174.0
2025-03-10,107.0,109.0,102.0,102.4800033569336,102.26856994628906,61942.0
2025-03-11,100.94999694824219,106.80000305175781,100.0,102.37999725341797,102.16876983642578,100348.0
2025-03-12,102.0,105.6500015258789,102.0,104.62999725341797,104.41413116455078,63492.0
2025-03-13,103.8499984741211,105.77999877929688,101.47000122070312,103.16999816894531,102.95714569091797,68817.0
2025-03-17,102.0,103.58999633789062,99.1500015258789,100.38999938964844,100.18287658691406,58014.0
2025-03-18,100.38999938964844,100.38999938964844,100.38999938964844,100.38999938964844,100.18287658691406,0.0
2025-03-19,103.80000305175781,107.1500015258789,103.0,104.4000015258789,104.18460845947266,134326.0
2025-03-20,104.4000015258789,108.0,103.80000305175781,104.0999984741211,103.88522338867188,116576.0
2025-03-21,104.4000015258789,110.5999984741211,103.98999786376953,108.94000244140625,108.71524047851562,212543.0
2025-03-24,108.80000305175781,112.69000244140625,106.5999984741211,110.33999633789062,110.11235046386719,93369.0
2025-03-25,110.33999633789062,112.01000213623047,103.55999755859375,104.91000366210938,104.69355773925781,170205.0
2025-03-26,105.44999694824219,116.16000366210938,105.01000213623047,105.69000244140625,105.4719467163086,345194.0
2025-03-27,105.25,108.98999786376953,104.20999908447266,105.12000274658203,104.90312194824219,256374.0
2025-03-28,105.63999938964844,107.9000015258789,105.08999633789062,105.19000244140625,104.97297668457031,152599.0
2025-04-01,105.97000122070312,107.19999694824219,105.43000030517578,106.51000213623047,106.29025268554688,75476.0
2025-04-02,106.80000305175781,106.80000305175781,104.02999877929688,106.27999877929688,106.06072998046875,47003.0
2025-04-03,106.19999694824219,124.0,105.70999908447266,119.94000244140625,119.69255065917969,1429115.0
2025-04-04,120.25,125.0,117.01000213623047,119.23999786376953,118.99398803710938,651047.0
2025-04-07,101.01000213623047,110.0,101.01000213623047,108.19000244140625,107.96678924560547,215727.0
2025-04-08,114.4000015258789,114.5,110.0,111.77999877929688,111.54937744140625,155493.0
2025-04-09,111.77999877929688,113.5,109.12000274658203,112.0,111.76892852783203,106509.0
2025-04-11,115.05000305175781,118.83999633789062,111.9000015258789,114.61000061035156,114.37354278564453,224818.0
2025-04-15,115.5,118.3499984741211,115.31999969482422,117.66999816894531,117.4272232055664,130555.0
2025-04-16,118.4000015258789,120.87000274658203,116.9800033569336,118.01000213623047,117.76653289794922,160546.0
2025-04-17,118.01000213623047,119.77999877929688,116.19999694824219,116.94000244140625,116.69873809814453,80455.0
2025-04-21,117.0999984741211,120.80000305175781,116.55000305175781,118.72000122070312,118.47506713867188,90918.0
2025-04-22,118.72000122070312,119.75,116.5999984741211,117.27999877929688,117.03803253173828,57360.0
2025-04-23,118.69999694824219,118.69999694824219,113.95999908447266,115.1500015258789,114.91242980957031,56695.0
2025-04-24,115.0,117.51000213623047,114.0,114.37000274658203,114.13404083251953,68035.0
2025-04-25,114.05000305175781,114.7699966430664,107.19999694824219,108.43000030517578,108.20629119873047,158253.0
2025-04-28,110.0,110.94999694824219,107.70999908447266,108.66000366210938,108.43582153320312,49722.0
2025-04-29,109.19999694824219,111.94999694824219,108.01000213623047,108.77999877929688,108.55557250976562,65448.0
2025-04-30,109.0,109.69999694824219,103.55999755859375,104.95999908447266,104.74345397949219,84708.0
2025-05-02,104.94999694824219,107.80000305175781,104.6500015258789,106.48999786376953,106.27029418945312,51334.0
2025-05-05,107.0199966430664,110.29000091552734,104.5,107.3499984741211,107.1285171508789,64357.0
2025-05-06,109.69000244140625,109.69000244140625,104.0,104.51000213623047,104.29438018798828,45735.0
2025-05-07,104.51000213623047,109.87999725341797,103.51000213623047,107.0,106.77924346923828,111432.0
2025-05-08,107.1500015258789,112.5999984741211,106.01000213623047,107.88999938964844,107.66740417480469,105268.0
2025-05-09,105.0,106.63999938964844,104.0,104.73999786376953,104.5239028930664,51531.0
2025-05-12,108.4800033569336,112.16000366210938,107.43000030517578,111.31999969482422,111.09033203125,131212.0
2025-05-13,111.69999694824219,113.38999938964844,110.02999877929688,110.5199966430664,110.29197692871094,49211.0
2025-05-14,111.69000244140625,115.79000091552734,111.5999984741211,114.38999938964844,114.15399169921875,100078.0
2025-05-15,114.38999938964844,115.38999938964844,113.5199966430664,114.70999908447266,114.47333526611328,51489.0
2025-05-16,115.0,116.27999877929688,113.27999877929688,114.44000244140625,114.20389556884766,69873.0
2025-05-19,116.0,129.8000030517578,116.0,123.61000061035156,123.35497283935547,507004.0
2025-05-20,125.0999984741211,125.0999984741211,116.63999938964844,117.58999633789062,117.3473892211914,121868.0
2025-05-21,117.0,122.01000213623047,116.25,118.5199966430664,118.27547454833984,195664.0
2025-05-22,117.5999984741211,120.0,115.11000061035156,115.7300033569336,115.4912338256836,93664.0
2025-05-23,114.55000305175781,117.0199966430664,114.55000305175781,115.27999877929688,115.04216003417969,55410.0
2025-05-26,115.66999816894531,116.5,114.0,114.94000244140625,114.70286560058594,64975.0
2025-05-27,115.2300033569336,116.01000213623047,114.0,115.06999969482422,114.83259582519531,45869.0
2025-05-28,113.05000305175781,113.05000305175781,107.5999984741211,107.91999816894531,107.69734191894531,255577.0
2025-05-29,108.98999786376953,109.31999969482422,107.0,108.01000213623047,107.78716278076172,68079.0
2025-05-30,108.0,109.69999694824219,107.9000015258789,108.83000183105469,108.60546875,67965.0
2025-06-02,109.55999755859375,110.5999984741211,107.27999877929688,108.44999694824219,108.22624969482422,43444.0
2025-06-03,108.16000366210938,112.0,107.93000030517578,110.55999755859375,110.33189392089844,98148.0
2025-06-04,110.55999755859375,111.19000244140625,107.52999877929688,108.19999694824219,107.97676086425781,63549.0
2025-06-05,108.38999938964844,109.98999786376953,108.0199966430664,108.52999877929688,108.30608367919922,41184.0
2025-06-06,108.54000091552734,109.8499984741211,108.5,109.45999908447266,109.23416900634766,34364.0
2025-06-09,109.98999786376953,111.0999984741211,107.80999755859375,108.86000061035156,108.63540649414062,72650.0
2025-06-10,109.37999725341797,113.80000305175781,108.72000122070312,111.41999816894531,111.19012451171875,194535.0
2025-06-11,112.19999694824219,112.87999725341797,110.11000061035156,111.38999938964844,111.16018676757812,34238.0
2025-06-12,111.98999786376953,112.41999816894531,108.51000213623047,109.41000366210938,109.18427276611328,47263.0
2025-06-13,108.98999786376953,110.9000015258789,105.91999816894531,108.97000122070312,108.74517822265625,89764.0
2025-06-16,109.0,110.98999786376953,105.61000061035156,108.83999633789062,108.61544036865234,83683.0
2025-06-17,108.79000091552734,111.5,108.0,110.33000183105469,110.10237121582031,88541.0
2025-06-18,110.61000061035156,110.61000061035156,108.31999969482422,109.3499984741211,109.1243896484375,55158.0
2025-06-19,108.88999938964844,111.5,106.6500015258789,107.30999755859375,107.0886001586914,51383.0
2025-06-20,107.9800033569336,109.23999786376953,106.95999908447266,107.38999938964844,107.1684341430664,56497.0
2025-06-23,107.3499984741211,109.08999633789062,106.26000213623047,106.75,106.52975463867188,59973.0
2025-06-24,108.0,109.5,106.23999786376953,107.43000030517578,107.20835876464844,55653.0
2025-06-25,108.16999816894531,109.86000061035156,107.98999786376953,108.5,108.2761459350586,39057.0
2025-06-26,108.9800033569336,111.0,107.91000366210938,108.19999694824219,107.97676086425781,66890.0
2025-06-27,109.48999786376953,110.19999694824219,108.22000122070312,108.37999725341797,108.1563949584961,42609.0
2025-06-30,108.87999725341797,109.62000274658203,108.25,108.62999725341797,108.40587615966797,37900.0
2025-07-01,108.94999694824219,110.94000244140625,108.44000244140625,108.87999725341797,108.65535736083984,50516.0
2025-07-02,109.05999755859375,112.12999725341797,108.01000213623047,108.97000122070312,108.74517822265625,118809.0
2025-07-03,109.5,109.5,108.0999984741211,108.3499984741211,108.12645721435547,27956.0
2025-07-04,109.29000091552734,110.37000274658203,107.72000122070312,108.08999633789062,107.86698913574219,54749.0
2025-07-07,108.08999633789062,109.5999984741211,107.0,107.23999786376953,107.01874542236328,37646.0
2025-07-08,108.5,119.55000305175781,108.30000305175781,113.1500015258789,112.91655731201172,972605.0
2025-07-09,113.7300033569336,113.80999755859375,110.80000305175781,111.19000244140625,110.96060180664062,82175.0
2025-07-10,112.0,112.29000091552734,109.22000122070312,109.87999725341797,109.6532974243164,52974.0
2025-07-11,109.73999786376953,110.5199966430664,108.69999694824219,109.33999633789062,109.11441040039062,42520.0
2025-07-14,109.93000030517578,111.0,107.70999908447266,108.54000091552734,108.3160629272461,70853.0
2025-07-15,109.13999938964844,109.79000091552734,108.05000305175781,108.63999938964844,108.41585540771484,43235.0
2025-07-16,109.69000244140625,110.44999694824219,108.19000244140625,108.58999633789062,108.36595916748047,48150.0
2025-07-17,108.69999694824219,110.0,108.26000213623047,108.55999755859375,108.33602142333984,34039.0
2025-07-18,108.9000015258789,109.52999877929688,107.25,107.54000091552734,107.31813049316406,58498.0
2025-07-21,108.5,108.5,105.1500015258789,105.55999755859375,105.34220886230469,85922.0
2025-07-22,106.69000244140625,107.01000213623047,105.1500015258789,105.44000244140625,105.22246551513672,49942.0
2025-07-23,106.0,106.9000015258789,105.0,106.0199966430664,105.80126190185547,49204.0
2025-07-24,105.80000305175781,106.95999908447266,104.83999633789062,105.01000213623047,104.79335021972656,45160.0
2025-07-25,104.98999786376953,105.0,103.0,103.0999984741211,102.88729095458984,60990.0
2025-07-28,103.9800033569336,103.9800033569336,100.80000305175781,101.79000091552734,101.57999420166016,41492.0
2025-07-29,102.5,102.98999786376953,100.5999984741211,102.02999877929688,101.81949615478516,34834.0
2025-07-30,102.69999694824219,106.38999938964844,101.83000183105469,104.30000305175781,104.0848159790039,84408.0
2025-07-31,103.0999984741211,103.0999984741211,98.5999984741211,101.05000305175781,100.84152221679688,62082.0
2025-08-01,101.05000305175781,102.27999877929688,99.0999984741211,99.72000122070312,99.51426696777344,24275.0
2025-08-04,100.41000366210938,102.18000030517578,99.30999755859375,100.1500015258789,99.94337463378906,13507.0
2025-08-05,100.29000091552734,101.48999786376953,98.70999908447266,99.27999877929688,99.0751724243164,32563.0
2025-08-06,100.33000183105469,100.6500015258789,98.75,99.0199966430664,98.81570434570312,27472.0
2025-08-07,98.70999908447266,98.72000122070312,96.0199966430664,97.0,96.79987335205078,46371.0
2025-08-08,98.5,98.5,95.5,96.0199966430664,95.82189178466797,49484.0
2025-08-11,97.94999694824219,97.94999694824219,96.0,96.31999969482422,96.12127685546875,17692.0
2025-08-12,96.31999969482422,98.4800033569336,96.31999969482422,97.12000274658203,96.91963195800781,13306.0
2025-08-13,97.94999694824219,97.94999694824219,97.0999984741211,97.33999633789062,97.13916778564453,21341.0
2025-08-14,98.5,98.5,95.0,96.68000030517578,96.48053741455078,22752.0
2025-08-18,99.80000305175781,101.36000061035156,95.0,96.19999694824219,96.00151824951172,71354.0
2025-08-19,97.0999984741211,100.0,96.0,98.69999694824219,98.4963607788086,59109.0
2025-08-20,99.0,99.48999786376953,94.66000366210938,96.3499984741211,96.15121459960938,73765.0
2025-08-21,96.69999694824219,97.94999694824219,96.5199966430664,97.30000305175781,97.09925842285156,20464.0
2025-08-22,98.44000244140625,98.44000244140625,96.0,96.83000183105469,96.6302261352539,17480.0
2025-08-25,97.30000305175781,98.0,95.98999786376953,96.43000030517578,96.23104858398438,12822.0
2025-08-26,97.0,97.29000091552734,93.36000061035156,94.06999969482422,93.87591552734375,24612.0
2025-08-28,95.4000015258789,95.68000030517578,93.1500015258789,93.80999755859375,93.616455078125,22883.0
2025-08-29,94.27999877929688,94.5,93.0999984741211,93.6500015258789,93.456787109375,13699.0
2025-09-01,94.0199966430664,97.9000015258789,93.5199966430664,97.12999725341797,96.92960357666016,33515.0
2025-09-02,97.98999786376953,97.98999786376953,95.43000030517578,95.86000061035156,95.66222381591797,17219.0
2025-09-03,96.05000305175781,97.45999908447266,96.05000305175781,96.7699966430664,96.57034301757812,14870.0
2025-09-04,96.5,98.0,96.0,96.18000030517578,95.9815673828125,17310.0
2025-09-05,96.0,96.69999694824219,95.0,95.26000213623047,95.06346893310547,18312.0
2025-09-08,95.31999969482422,97.47000122070312,95.31999969482422,96.0,95.80194091796875,41680.0
2025-09-09,96.98999786376953,96.98999786376953,94.12000274658203,94.66999816894531,94.47467803955078,41693.0
2025-09-10,95.87999725341797,97.87999725341797,95.0,95.88999938964844,95.6921615600586,73832.0
2025-09-11,95.88999938964844,99.87999725341797,95.88999938964844,97.04000091552734,96.83979034423828,96398.0
2025-09-12,97.9800033569336,97.9800033569336,95.8499984741211,96.7300033569336,96.53043365478516,45525.0
2025-09-15,97.97000122070312,97.97000122070312,95.55999755859375,95.87000274658203,95.67221069335938,24196.0
2025-09-16,96.0,98.08000183105469,95.80000305175781,96.66999816894531,96.47055053710938,38253.0
2025-09-17,97.0999984741211,98.68000030517578,97.0,97.66999816894531,97.46849060058594,44045.0
2025-09-18,98.48999786376953,98.69999694824219,96.5,96.94000244140625,96.73999786376953,47504.0
2025-09-19,96.94000244140625,97.13999938964844,96.26000213623047,96.58999633789062,96.58999633789062,21510.0
2025-09-22,96.9000015258789,97.87999725341797,92.43000030517578,95.7300033569336,95.7300033569336,74838.0
2025-09-23,95.75,97.0,94.83000183105469,96.04000091552734,96.04000091552734,25987.0
2025-09-24,96.51000213623047,99.0,94.08000183105469,95.58000183105469,95.58000183105469,111848.0
2025-09-25,96.98999786376953,99.0,95.47000122070312,96.8499984741211,96.8499984741211,61461.0
2025-09-26,96.8499984741211,96.8499984741211,94.08999633789062,95.22000122070312,95.22000122070312,20273.0
2025-09-29,96.5999984741211,96.66999816894531,94.01000213623047,94.36000061035156,94.36000061035156,15938.0
2025-09-30,94.5199966430664,95.3499984741211,92.9000015258789,93.29000091552734,93.29000091552734,27847.0
2025-10-01,94.0,95.55000305175781,93.01000213623047,93.5,93.5,38584.0
2025-10-03,93.69999694824219,95.5999984741211,93.11000061035156,94.06999969482422,94.06999969482422,59511.0
2025-10-06,94.80000305175781,94.9800033569336,93.20999908447266,93.8499984741211,93.8499984741211,18634.0
2025-10-07,94.18000030517578,94.6500015258789,93.0199966430664,93.44999694824219,93.44999694824219,23386.0
2025-10-08,94.5,94.5,92.43000030517578,92.7699966430664,92.7699966430664,15713.0
2025-10-09,93.4000015258789,93.5999984741211,92.43000030517578,92.98999786376953,92.98999786376953,12646.0
2025-10-10,94.0,94.0,92.61000061035156,92.81999969482422,92.81999969482422,17629.0
2025-10-13,92.43000030517578,94.19999694824219,92.43000030517578,93.06999969482422,93.06999969482422,25936.0
2025-10-14,93.6500015258789,93.6500015258789,90.5999984741211,90.77999877929688,90.77999877929688,26836.0
2025-10-15,90.77999877929688,92.56999969482422,90.55000305175781,91.25,91.25,18521.0
2025-10-16,90.51000213623047,91.88999938964844,90.51000213623047,91.18000030517578,91.18000030517578,12974.0
2025-10-17,90.5999984741211,91.37000274658203,90.0,90.80000305175781,90.80000305175781,13499.0
2025-10-20,91.0,92.0,90.51000213623047,91.30999755859375,91.30999755859375,16374.0
2025-10-21,91.8499984741211,93.0,90.0,91.70999908447266,91.70999908447266,12048.0
2025-10-23,94.0,106.47000122070312,92.72000122070312,103.05000305175781,103.05000305175781,687626.0
2025-10-24,103.80000305175781,105.20999908447266,101.54000091552734,102.87999725341797,102.87999725341797,143637.0
2025-10-27,104.0,105.37999725341797,100.5,101.58000183105469,101.58000183105469,62375.0
2025-10-28,101.98999786376953,103.79000091552734,98.01000213623047,98.68000030517578,98.68000030517578,53380.0
2025-10-29,99.5999984741211,101.56999969482422,98.5,100.44999694824219,100.44999694824219,52972.0
2025-10-30,101.80999755859375,101.80999755859375,98.69999694824219,99.56999969482422,99.56999969482422,37097.0
2025-10-31,98.80000305175781,100.30999755859375,98.29000091552734,98.4800033569336,98.4800033569336,21336.0
2025-11-03,99.9000015258789,100.80000305175781,97.0999984741211,99.72000122070312,99.72000122070312,83332.0
2025-11-04,100.33999633789062,101.48999786376953,98.61000061035156,100.6500015258789,100.6500015258789,31893.0
2025-11-06,100.98999786376953,100.98999786376953,98.16000366210938,99.55000305175781,99.55000305175781,27134.0
2025-11-07,99.94999694824219,100.66999816894531,97.6500015258789,99.83000183105469,99.83000183105469,25659.0
2025-11-10,98.30000305175781,101.19999694824219,98.30000305175781,100.91999816894531,100.91999816894531,30700.0
2025-11-11,100.36000061035156,100.79000091552734,95.61000061035156,99.80000305175781,99.80000305175781,57270.0
2025-11-12,100.5,100.5,98.25,98.47000122070312,98.47000122070312,48120.0
2025-11-13,99.69000244140625,100.5,98.80000305175781,100.16999816894531,100.16999816894531,39439.0
2025-11-14,102.69000244140625,105.0,101.55000305175781,102.44000244140625,102.44000244140625,108445.0
2025-11-17,104.94999694824219,104.94999694824219,99.16000366210938,99.88999938964844,99.88999938964844,42451.0
2025-11-18,100.80000305175781,100.80000305175781,99.08999633789062,99.62000274658203,99.62000274658203,17161.0
2025-11-19,100.5,101.0,98.83000183105469,99.87999725341797,99.87999725341797,30192.0
2025-11-20,100.0,101.0,99.61000061035156,100.69000244140625,100.69000244140625,33794.0
2025-11-21,100.69999694824219,100.69999694824219,98.0,99.52999877929688,99.52999877929688,28771.0
2025-11-24,99.98999786376953,101.79000091552734,98.8499984741211,100.16999816894531,100.16999816894531,47330.0
2025-11-25,99.0,100.66999816894531,98.72000122070312,100.12000274658203,100.12000274658203,13061.0
2025-11-26,100.0,101.0,99.51000213623047,100.4000015258789,100.4000015258789,25245.0
2025-11-27,100.0999984741211,116.51000213623047,100.0999984741211,106.52999877929688,106.52999877929688,1213705.0
2025-11-28,107.0999984741211,110.98999786376953,105.48999786376953,106.11000061035156,106.11000061035156,168582.0
2025-12-01,106.95999908447266,106.95999908447266,103.30000305175781,103.94000244140625,103.94000244140625,42491.0
2025-12-02,104.9800033569336,106.29000091552734,103.0,104.12000274658203,104.12000274658203,42116.0
2025-12-03,104.12000274658203,104.94999694824219,100.5,102.83000183105469,102.83000183105469,71985.0
2025-12-04,102.83000183105469,105.87999725341797,101.19999694824219,102.9800033569336,102.9800033569336,42567.0
2025-12-05,102.9800033569336,103.95999908447266,100.6500015258789,101.30999755859375,101.30999755859375,21848.0
2025-12-08,101.87000274658203,104.0,97.11000061035156,97.77999877929688,97.77999877929688,39834.0
2025-12-09,99.52999877929688,99.52999877929688,96.73999786376953,98.4800033569336,98.4800033569336,25390.0
2025-12-10,98.36000061035156,101.5,98.05000305175781,98.30999755859375,98.30999755859375,19949.0
2025-12-11,98.9000015258789,99.9000015258789,98.0999984741211,99.70999908447266,99.70999908447266,23111.0
2025-12-12,98.5999984741211,101.47000122070312,98.18000030517578,98.95999908447266,98.95999908447266,22553.0
2025-12-15,99.0,99.19000244140625,98.22000122070312,98.47000122070312,98.47000122070312,18221.0
2025-12-16,98.91000366210938,98.91000366210938,97.51000213623047,97.7300033569336,97.7300033569336,16017.0
2025-12-17,98.37000274658203,98.43000030517578,94.3499984741211,95.58999633789062,95.58999633789062,42600.0
2025-12-18,96.48999786376953,97.69000244140625,94.68000030517578,96.80999755859375,96.80999755859375,24077.0
2025-12-19,98.27999877929688,98.27999877929688,95.5199966430664,96.55000305175781,96.55000305175781,15522.0
2025-12-22,98.0,98.0,96.3499984741211,96.94999694824219,96.94999694824219,10683.0
2025-12-23,97.33000183105469,97.93000030517578,94.80000305175781,95.3499984741211,95.3499984741211,36546.0
2025-12-24,95.3499984741211,96.95999908447266,90.3499984741211,93.0199966430664,93.0199966430664,118733.0
2025-12-26,93.93000030517578,95.0,91.91000366210938,94.4000015258789,94.4000015258789,38676.0
2025-12-29,93.0999984741211,94.94000244140625,92.66999816894531,92.8499984741211,92.8499984741211,26932.0
2025-12-30,92.8499984741211,94.48999786376953,92.45999908447266,93.11000061035156,93.11000061035156,9473.0
2025-12-31,94.0,94.22000122070312,92.5,92.88999938964844,92.88999938964844,28511.0
2026-01-01,93.13999938964844,93.58999633789062,92.51000213623047,92.91000366210938,92.91000366210938,11093.0
2026-01-02,92.95999908447266,93.8499984741211,92.5,93.5199966430664,93.5199966430664,23613.0
2026-01-05,93.5999984741211,93.61000061035156,92.5,92.83000183105469,92.83000183105469,22124.0
2026-01-06,92.83000183105469,93.48999786376953,92.01000213623047,92.30999755859375,92.30999755859375,21479.0
2026-01-07,92.30999755859375,93.05000305175781,92.30000305175781,92.68000030517578,92.68000030517578,11805.0
2026-01-08,92.68000030517578,93.93000030517578,90.55000305175781,91.13999938964844,91.13999938964844,36649.0
2026-01-09,92.5,92.5,89.5,89.66999816894531,89.66999816894531,18140.0
2026-01-12,90.0,90.9000015258789,85.0,86.36000061035156,86.36000061035156,44799.0
2026-01-13,87.62999725341797,89.44000244140625,87.16999816894531,88.8499984741211,88.8499984741211,13475.0
2026-01-14,88.7699966430664,89.0,86.69999694824219,87.61000061035156,87.61000061035156,10083.0
2026-01-15,87.61000061035156,87.61000061035156,87.61000061035156,87.61000061035156,87.61000061035156,0.0
2026-01-16,89.0,89.0,85.0,85.66999816894531,85.66999816894531,22150.0
2026-01-19,85.66999816894531,87.30000305175781,85.5,85.69999694824219,85.69999694824219,9398.0
2026-01-20,87.0,87.0,81.0,83.1500015258789,83.1500015258789,36239.0
2026-01-21,83.16000366210938,84.98999786376953,78.26000213623047,80.81999969482422,80.81999969482422,102851.0
2026-01-22,82.0,84.87999725341797,81.5999984741211,83.75,83.75,16391.0
2026-01-23,82.86000061035156,83.30999755859375,81.0,81.31999969482422,81.31999969482422,13395.0
2026-01-27,83.0,83.0,77.5999984741211,78.72000122070312,78.72000122070312,25707.0
2026-01-28,80.0,84.0,79.55999755859375,83.63999938964844,83.63999938964844,57392.0
2026-01-29,83.63999938964844,85.0,82.5,84.88999938964844,84.88999938964844,12468.0
2026-01-30,84.5,88.0,82.70999908447266,87.12000274658203,87.12000274658203,21114.0
2026-02-02,88.12000274658203,90.0,86.12999725341797,87.9800033569336,87.9800033569336,35156.0
2026-02-03,97.9000015258789,101.77999877929688,90.5,95.5,95.5,373171.0
2026-02-04,95.9000015258789,99.5,94.0,96.54000091552734,96.54000091552734,85296.0
2026-02-05,97.5,97.5,92.22000122070312,93.13999938964844,93.13999938964844,46381.0
2026-02-06,94.16999816894531,94.16999816894531,90.0199966430664,91.13999938964844,91.13999938964844,43749.0
2026-02-09,92.4000015258789,106.5,92.0,101.73999786376953,101.73999786376953,459189.0
2026-02-10,101.5,104.2699966430664,98.0,98.41999816894531,98.41999816894531,140508.0
2026-02-11,98.5,99.4000015258789,95.81999969482422,96.38999938964844,96.38999938964844,44450.0
2026-02-12,94.9000015258789,98.98999786376953,94.22000122070312,96.37999725341797,96.37999725341797,48583.0
2026-02-13,96.37999725341797,99.9000015258789,93.62000274658203,95.0,95.0,68587.0
2026-02-16,95.0,95.08999633789062,92.0,93.70999908447266,93.70999908447266,32320.0
2026-02-17,93.87000274658203,96.95999908447266,91.79000091552734,92.20999908447266,92.20999908447266,60668.0
2026-02-18,92.76000213623047,94.0,92.27999877929688,93.61000061035156,93.61000061035156,17279.0
2026-02-19,93.13999938964844,94.29000091552734,91.87000274658203,92.91999816894531,92.91999816894531,30366.0
2026-02-20,93.16999816894531,94.44999694824219,92.93000030517578,93.3499984741211,93.3499984741211,30465.0
2026-02-23,93.16000366210938,94.48999786376953,91.80000305175781,92.22000122070312,92.22000122070312,19176.0
2026-02-24,93.25,93.25,88.19999694824219,89.55999755859375,89.55999755859375,33159.0
2026-02-25,89.0,91.5,88.54000091552734,89.8499984741211,89.8499984741211,34424.0
2026-02-26,90.27999877929688,91.31999969482422,89.05999755859375,89.33000183105469,89.33000183105469,14865.0
2026-02-27,90.79000091552734,90.79000091552734,86.0999984741211,86.95999908447266,86.95999908447266,31881.0
2026-03-02,82.0999984741211,85.66999816894531,82.0999984741211,84.30000305175781,84.30000305175781,40599.0
2026-03-04,83.0,86.9800033569336,82.30000305175781,85.87999725341797,85.87999725341797,69336.0
2026-03-05,86.0999984741211,89.87999725341797,85.11000061035156,88.2699966430664,88.2699966430664,51736.0
2026-03-06,88.23999786376953,91.0,86.51000213623047,90.08999633789062,90.08999633789062,35087.0
2026-03-09,88.7300033569336,89.08000183105469,85.11000061035156,88.0,88.0,60897.0
2026-03-10,88.0,91.08999633789062,88.0,90.3499984741211,90.3499984741211,35291.0
2026-03-11,90.0,91.23999786376953,88.0,88.91999816894531,88.91999816894531,16460.0
2026-03-12,89.0,89.23999786376953,85.22000122070312,87.76000213623047,87.76000213623047,31781.0
2026-03-13,87.23999786376953,87.30000305175781,85.0999984741211,86.54000091552734,86.54000091552734,32167.0
2026-03-16,84.0999984741211,86.05999755859375,83.30999755859375,83.93000030517578,83.93000030517578,53505.0
2026-03-17,84.08000183105469,86.25,83.70999908447266,85.37000274658203,85.37000274658203,83844.0
2026-03-18,85.01000213623047,87.98999786376953,85.01000213623047,86.70999908447266,86.70999908447266,56877.0
2026-03-19,85.19999694824219,86.62999725341797,83.86000061035156,85.0,85.0,46662.0
2026-03-20,85.30000305175781,86.69000244140625,84.75,86.0,86.0,35657.0
2026-03-23,83.12999725341797,85.05999755859375,82.0,82.80000305175781,82.80000305175781,42194.0
2026-03-24,83.12000274658203,85.70999908447266,82.08000183105469,83.0199966430664,83.0199966430664,20002.0
2026-03-25,86.0,86.0,82.20999908447266,83.69999694824219,83.69999694824219,49031.0
2026-03-27,83.69999694824219,83.69999694824219,79.5,80.98999786376953,80.98999786376953,77945.0
2026-03-30,80.01000213623047,82.19000244140625,79.0199966430664,79.81999969482422,79.81999969482422,81637.0
2026-04-01,80.1500015258789,85.05000305175781,80.1500015258789,84.20999908447266,84.20999908447266,36308.0
2026-04-02,83.87000274658203,88.0,83.87000274658203,87.29000091552734,87.29000091552734,26636.0
2026-04-06,86.06999969482422,87.98999786376953,86.06999969482422,87.19000244140625,87.19000244140625,6298.0
2026-04-07,87.36000061035156,89.5999984741211,86.98999786376953,87.87999725341797,87.87999725341797,10181.0
2026-04-08,88.0,94.38999938964844,88.0,92.98999786376953,92.98999786376953,38805.0
2026-04-09,92.70999908447266,93.6500015258789,89.25,89.83000183105469,89.83000183105469,16551.0
2026-04-10,89.83000183105469,91.7699966430664,89.83000183105469,90.47000122070312,90.47000122070312,25938.0
2026-04-13,90.0,90.0,87.61000061035156,89.22000122070312,89.22000122070312,18394.0
2026-04-15,89.75,93.0,89.75,92.36000061035156,92.36000061035156,30440.0
2026-04-16,94.0,94.0,90.05000305175781,91.70999908447266,91.70999908447266,29186.0
2026-04-17,91.70999908447266,92.88999938964844,91.5999984741211,92.44000244140625,92.44000244140625,21553.0
2026-04-20,94.38999938964844,94.38999938964844,90.83999633789062,92.29000091552734,92.29000091552734,21861.0
2026-04-21,92.29000091552734,93.41999816894531,92.29000091552734,92.7300033569336,92.7300033569336,13923.0
2026-04-22,92.76000213623047,93.4000015258789,91.0,91.38999938964844,91.38999938964844,28469.0
2026-04-23,91.83999633789062,99.0,91.0999984741211,96.41000366210938,96.41000366210938,259387.0
2026-04-24,96.0,96.3499984741211,90.0999984741211,91.23999786376953,91.23999786376953,40029.0
2026-04-27,91.69999694824219,93.3499984741211,91.69999694824219,92.73999786376953,92.73999786376953,34544.0
2026-04-28,92.73999786376953,94.01000213623047,92.5,92.5199966430664,92.5199966430664,14581.0
2026-04-29,92.5199966430664,94.1500015258789,91.55000305175781,91.56999969482422,91.56999969482422,14490.0
2026-04-30,91.56999969482422,92.06999969482422,90.30999755859375,91.0,91.0,14985.0
2026-05-04,91.0,93.5,91.0,92.69000244140625,92.69000244140625,10924.0
2026-05-05,92.0,96.38999938964844,92.0,93.33999633789062,93.33999633789062,21528.0
2026-05-06,97.0,97.0,93.1500015258789,94.16000366210938,94.16000366210938,29434.0
2026-05-07,94.75,95.91999816894531,91.9000015258789,92.86000061035156,92.86000061035156,61441.0
2026-05-08,94.75,94.75,92.37000274658203,93.51000213623047,93.51000213623047,11906.0
2026-05-11,92.13999938964844,93.2699966430664,91.0999984741211,91.55000305175781,91.55000305175781,20495.0
2026-05-12,92.4000015258789,93.58000183105469,89.0999984741211,90.20999908447266,90.20999908447266,44320.0
2026-05-13,90.0999984741211,92.16999816894531,88.12000274658203,88.38999938964844,88.38999938964844,45225.0
2026-05-14,89.5999984741211,90.0199966430664,88.62000274658203,89.19000244140625,89.19000244140625,19058.0
2026-05-15,89.48999786376953,95.1500015258789,88.36000061035156,93.87999725341797,93.87999725341797,71531.0
2026-05-18,94.87999725341797,94.87999725341797,90.11000061035156,90.8499984741211,90.8499984741211,20532.0
2026-05-19,91.95999908447266,92.1500015258789,90.11000061035156,90.41999816894531,90.41999816894531,15025.0
2026-05-20,90.44999694824219,91.37999725341797,89.0999984741211,89.70999908447266,89.70999908447266,13010.0
2026-05-21,90.08999633789062,91.47000122070312,90.05999755859375,90.36000061035156,90.36000061035156,8965.0
2026-05-22,90.6500015258789,92.0199966430664,90.20999908447266,91.16000366210938,91.16000366210938,13337.0
2026-05-25,91.37999725341797,92.2300033569336,90.0999984741211,90.44000244140625,90.44000244140625,19593.0
2026-05-26,92.88999938964844,93.63999938964844,91.05999755859375,92.2300033569336,92.2300033569336,26864.0
2026-05-27,92.2300033569336,94.69999694824219,91.0199966430664,93.83999633789062,93.83999633789062,27176.0
2026-05-28,93.83999633789062,93.83999633789062,93.83999633789062,93.83999633789062,93.83999633789062,0.0
2026-05-29,94.0,94.80000305175781,92.25,92.6500015258789,92.6500015258789,26301.0
2026-06-01,92.98999786376953,97.0,87.43000030517578,94.68000030517578,94.68000030517578,265499.0
2026-06-02,95.5,97.48999786376953,93.0,93.33999633789062,93.33999633789062,119916.0
2026-06-03,93.80000305175781,95.66000366210938,91.55999755859375,91.7699966430664,91.7699966430664,27201.0
2026-06-04,91.7699966430664,93.08999633789062,90.11000061035156,90.58000183105469,90.58000183105469,37214.0
2026-06-05,91.0,91.88999938964844,89.51000213623047,90.0199966430664,90.0199966430664,18993.0
2026-06-08,90.16999816894531,91.0,88.5,89.31999969482422,89.31999969482422,69612.0
2026-06-09,90.51000213623047,91.0,88.5999984741211,89.44000244140625,89.44000244140625,26748.0
2026-06-10,90.9000015258789,90.9000015258789,89.05000305175781,89.23999786376953,89.23999786376953,16849.0
2026-06-11,89.4800033569336,89.68000030517578,87.5,87.83999633789062,87.83999633789062,12331.0
2026-06-12,90.0,90.0,88.2300033569336,88.93000030517578,88.93000030517578,17067.0
2026-06-15,89.05000305175781,90.9000015258789,88.1500015258789,90.12999725341797,90.12999725341797,48197.0
2026-06-16,90.0,90.4800033569336,88.6500015258789,89.62000274658203,89.62000274658203,50667.0
2026-06-17,90.4800033569336,91.88999938964844,89.0,89.80999755859375,89.80999755859375,34134.0
2026-06-18,91.29000091552734,92.5,90.23999786376953,91.83000183105469,91.83000183105469,49546.0
2026-06-19,91.83000183105469,91.83000183105469,90.20999908447266,90.66000366210938,90.66000366210938,26448.0
2026-06-22,91.0199966430664,91.76000213623047,89.81999969482422,90.77999877929688,90.77999877929688,19539.0
2026-06-23,91.0199966430664,91.12999725341797,88.81999969482422,89.1500015258789,89.1500015258789,34605.0
2026-06-24,90.0,92.73999786376953,89.12000274658203,91.38999938964844,91.38999938964844,65830.0
2026-06-25,92.0,92.0,90.05000305175781,90.58000183105469,90.58000183105469,22310.0
2026-06-26,90.58000183105469,90.58000183105469,90.58000183105469,90.58000183105469,90.58000183105469,0.0
2026-06-29,91.5,91.5,86.55999755859375,87.0199966430664,87.0199966430664,51625.0
2026-06-30,88.05999755859375,89.29000091552734,85.5,85.8499984741211,85.8499984741211,35870.0
2026-07-01,87.02999877929688,88.0,86.30000305175781,87.22000122070312,87.22000122070312,18899.0
2026-07-02,86.41000366210938,88.80000305175781,86.41000366210938,86.9800033569336,86.9800033569336,21520.0
2026-07-03,88.0,88.73999786376953,86.0,86.66000366210938,86.66000366210938,186963.0
2026-07-06,87.87000274658203,87.87000274658203,86.5199966430664,86.68000030517578,86.68000030517578,15468.0
2026-07-07,86.25,87.26000213623047,85.0,85.61000061035156,85.61000061035156,19700.0
2026-07-08,85.01000213623047,85.94999694824219,84.1500015258789,84.61000061035156,84.61000061035156,12277.0
2026-07-09,84.61000061035156,86.19000244140625,84.2699966430664,84.51000213623047,84.51000213623047,8155.0
2026-07-10,85.0999984741211,85.9000015258789,84.51000213623047,85.30999755859375,85.30999755859375,7492.0
2026-07-13,86.87000274658203,86.87000274658203,84.68000030517578,85.70999908447266,85.70999908447266,11194.0
2026-07-14,85.70999908447266,86.83999633789062,84.91999816894531,86.29000091552734,86.29000091552734,11906.0
2026-07-15,85.12000274658203,86.48999786376953,84.5199966430664,85.29000091552734,85.29000091552734,10512.0
2026-07-16,86.43000030517578,86.43000030517578,82.30999755859375,83.33999633789062,83.33999633789062,14875.0
2026-07-17,84.05999755859375,84.58999633789062,82.80000305175781,83.33999633789062,83.33999633789062,9318.0
2026-07-20,84.0,86.25,83.01000213623047,85.16999816894531,85.16999816894531,13698.0
2026-07-21,85.19000244140625,85.69999694824219,83.26000213623047,84.98999786376953,84.98999786376953,13447.0
2026-07-22,85.0,85.4000015258789,83.5,84.62000274658203,84.62000274658203,8541.0
2026-07-23,84.87000274658203,85.33000183105469,83.55000305175781,84.37000274658203,84.37000274658203,12107.0
2026-07-24,82.66000366210938,87.30000305175781,82.66000366210938,85.79000091552734,85.79000091552734,12348.0
2026-07-27,85.0,86.9800033569336,84.22000122070312,86.18000030517578,86.18000030517578,9061.0
2026-07-28,85.55000305175781,85.98999786376953,84.12999725341797,84.33999633789062,84.33999633789062,7075.0
2026-07-29,84.36000061035156,85.44999694824219,83.5199966430664,83.94000244140625,83.94000244140625,7174.0
2026-07-30,83.94000244140625,85.5999984741211,83.61000061035156,85.02999877929688,85.02999877929688,13118.0
2026-07-31,84.5199966430664,85.0,84.12000274658203,84.73999786376953,84.73999786376953,7557.0
2026-08-03,84.94999694824219,85.0,82.01000213623047,84.44000244140625,84.44000244140625,62982.0
2026-08-04,85.48999786376953,85.48999786376953,84.05999755859375,85.23999786376953,85.23999786376953,9359.0
2026-08-05,84.12999725341797,85.55000305175781,84.12999725341797,84.98999786376953,84.98999786376953,6086.0
2026-08-06,85.25,85.44000244140625,84.2300033569336,84.52999877929688,84.52999877929688,5236.0
2026-08-07,84.5999984741211,85.37000274658203,83.62999725341797,84.4800033569336,84.4800033569336,5789.0
2026-08-10,84.98999786376953,85.23999786376953,83.5,84.12000274658203,84.12000274658203,12140.0
2026-08-11,83.91999816894531,84.83999633789062,83.3499984741211,83.62000274658203,83.62000274658203,4314.0
2026-08-12,84.0,85.25,82.16000366210938,85.0,85.0,19300.0
2026-08-13,83.19999694824219,85.48999786376953,82.0,85.05999755859375,85.05999755859375,67903.0
2026-08-14,85.0999984741211,94.0999984741211,84.16000366210938,87.27999877929688,87.27999877929688,84772.0
2026-08-17,87.44999694824219,89.4000015258789,87.27999877929688,87.63999938964844,87.63999938964844,35833.0
2026-08-18,86.51000213623047,91.0,86.51000213623047,89.18000030517578,89.18000030517578,25660.0
2026-08-19,89.18000030517578,90.5,88.0,88.5999984741211,88.5999984741211,15478.0
2026-08-20,89.0999984741211,90.30999755859375,87.66000366210938,88.94999694824219,88.94999694824219,9154.0
2026-08-21,88.9000015258789,91.1500015258789,87.12999725341797,87.5199966430664,87.5199966430664,11988.0
2026-08-24,87.5199966430664,89.5,84.1500015258789,84.58000183105469,84.58000183105469,37335.0
2026-08-25,84.27999877929688,85.88999938964844,84.27999877929688,84.7300033569336,84.7300033569336,7101.0
2026-08-26,85.7699966430664,85.79000091552734,83.69999694824219,84.25,84.25,10819.0
2026-08-27,85.5,85.5,83.62000274658203,84.45999908447266,84.45999908447266,7674.0
2026-08-28,84.9800033569336,85.4000015258789,83.94999694824219,84.75,84.75,10670.0
2026-08-31,84.98999786376953,85.5,83.5999984741211,84.62999725341797,84.62999725341797,8432.0
2026-09-01,85.5,85.5,83.5,84.0199966430664,84.0199966430664,10394.0
2026-09-02,84.4000015258789,85.3499984741211,83.01000213623047,83.45999908447266,83.45999908447266,8254.0
2026-09-03,83.30000305175781,90.98999786376953,83.0999984741211,88.55999755859375,88.55999755859375,59608.0
2026-09-04,90.38999938964844,93.47000122070312,89.0999984741211,92.25,92.25,106790.0
2026-09-08,88.69999694824219,91.48999786376953,86.16000366210938,86.79000091552734,86.79000091552734,60206.0
2026-09-09,89.4000015258789,89.4000015258789,85.01000213623047,85.54000091552734,85.54000091552734,19989.0
2026-09-10,85.01000213623047,87.19000244140625,85.01000213623047,85.20999908447266,85.20999908447266,11551.0
2026-09-11,85.20999908447266,85.98999786376953,84.01000213623047,85.02999877929688,85.02999877929688,13507.0
2026-09-15,85.02999877929688,85.02999877929688,82.26000213623047,82.45999908447266,82.45999908447266,15977.0
