date,open,high,low,close,adjclose,volume
2021-09-15,764.9500122070312,764.9500122070312,752.3499755859375,756.1500244140625,739.9736938476562,28524.0
2021-09-16,758.0499877929688,786.9500122070312,750.0,780.5,763.802734375,208590.0
2021-09-17,786.0,796.9500122070312,755.0999755859375,766.75,750.3468627929688,200130.0
2021-09-20,761.9000244140625,776.5499877929688,745.0,757.0499877929688,740.8543701171875,93634.0
2021-09-21,750.0499877929688,776.9500122070312,746.0,757.5499877929688,741.3436889648438,82185.0
2021-09-22,760.0,766.9000244140625,745.0,750.25,734.1998901367188,50623.0
2021-09-23,755.7999877929688,759.0,745.0,746.3499755859375,730.38330078125,28047.0
2021-09-24,754.8499755859375,754.8499755859375,735.0,737.0499877929688,721.2822265625,30598.0
2021-09-27,736.0,753.5,729.0499877929688,748.2999877929688,732.2915649414062,78896.0
2021-09-28,745.0,751.0,733.2999877929688,741.75,725.8817138671875,30639.0
2021-09-29,733.0,752.1500244140625,733.0,748.9500122070312,732.9276733398438,34053.0
2021-09-30,754.0,764.9500122070312,746.3499755859375,760.5499877929688,744.279541015625,46393.0
2021-10-01,761.9500122070312,775.0,745.5499877929688,767.8499755859375,751.42333984375,76610.0
2021-10-04,773.6500244140625,775.0,737.9500122070312,749.6500244140625,733.6127319335938,82058.0
2021-10-05,748.7999877929688,756.4000244140625,746.6500244140625,749.9500122070312,733.9063110351562,29855.0
2021-10-06,753.9000244140625,759.7999877929688,744.0,745.5999755859375,729.6493530273438,22877.0
2021-10-07,747.0,768.0,743.0999755859375,762.9000244140625,746.5792846679688,61761.0
2021-10-08,766.0,794.9000244140625,762.0999755859375,785.0999755859375,768.3043212890625,229657.0
2021-10-11,800.0,825.0,779.5,790.0499877929688,773.1483764648438,206979.0
2021-10-12,797.0,810.0,762.5,794.2999877929688,777.3074951171875,128223.0
2021-10-13,794.7999877929688,802.0999755859375,771.0,797.5,780.4390869140625,108044.0
2021-10-14,799.9500122070312,824.5499877929688,775.0,818.4000244140625,800.8919677734375,221623.0
2021-10-18,818.4000244140625,849.9000244140625,818.4000244140625,836.4500122070312,818.5557861328125,340905.0
2021-10-19,843.0,863.0,814.7000122070312,823.4500122070312,805.8339233398438,168993.0
2021-10-20,823.0,823.0,792.3499755859375,811.8499755859375,794.4820556640625,65615.0
2021-10-21,815.9500122070312,836.0,804.3499755859375,810.4000244140625,793.0631103515625,98433.0
2021-10-22,806.25,818.5,805.2999877929688,811.0,793.6502075195312,25161.0
2021-10-25,815.0,815.0,792.3499755859375,810.4000244140625,793.0631103515625,88736.0
2021-10-26,810.0,819.75,805.0,810.0,792.671630859375,49129.0
2021-10-27,814.0,824.8499755859375,805.0499877929688,815.0,797.5646362304688,62925.0
2021-10-28,819.0,819.0,772.3499755859375,783.9000244140625,767.1300048828125,393519.0
2021-10-29,787.9000244140625,835.0,758.5999755859375,821.0,803.4363403320312,129184.0
2021-11-01,814.0,834.9000244140625,805.0999755859375,813.25,795.85205078125,51667.0
2021-11-02,816.9500122070312,817.0,792.0999755859375,800.25,783.1301879882812,109397.0
2021-11-03,803.0,808.9500122070312,790.0,803.0499877929688,785.8703002929688,52035.0
2021-11-04,808.9500122070312,820.3499755859375,805.2999877929688,815.2999877929688,797.8582763671875,18165.0
2021-11-08,835.0,835.0,799.5499877929688,812.9000244140625,795.5095825195312,141136.0
2021-11-09,801.0,808.6500244140625,787.25,793.5,776.5245971679688,63799.0
2021-11-10,790.0,793.75,781.0,786.1500244140625,769.3318481445312,37227.0
2021-11-11,785.0,786.0,756.0,763.0499877929688,746.7260131835938,91354.0
2021-11-12,759.0999755859375,785.0,756.0,781.9500122070312,765.2217407226562,48229.0
2021-11-15,785.8499755859375,798.5999755859375,772.3499755859375,780.1500244140625,763.460205078125,122192.0
2021-11-16,784.2999877929688,809.7999877929688,778.75,797.4000244140625,780.3411865234375,115893.0
2021-11-17,804.9000244140625,809.7999877929688,757.6500244140625,762.2000122070312,745.8942260742188,193200.0
2021-11-18,766.0,778.0,741.0,760.25,743.9859008789062,124536.0
2021-11-22,762.4500122070312,764.0999755859375,732.5499877929688,744.3499755859375,728.4260864257812,70686.0
2021-11-23,735.1500244140625,748.0499877929688,728.2000122070312,738.8499755859375,723.0437622070312,86429.0
2021-11-24,735.3499755859375,747.7000122070312,725.0499877929688,735.0,719.2760620117188,72424.0
2021-11-25,738.7000122070312,747.0,730.0499877929688,745.3499755859375,729.4046630859375,19906.0
2021-11-26,741.0,764.8499755859375,733.9000244140625,746.75,730.7747802734375,61760.0
2021-11-29,756.0,765.0,727.5999755859375,732.4000244140625,716.7317504882812,86510.0
2021-11-30,730.3499755859375,739.4000244140625,707.7000122070312,719.5999755859375,704.2055053710938,47896.0
2021-12-01,711.0,758.5499877929688,699.0499877929688,732.5999755859375,716.9274291992188,403759.0
2021-12-02,739.9500122070312,740.7000122070312,722.4500122070312,725.9000244140625,710.3707885742188,31790.0
2021-12-03,725.9000244140625,729.6500244140625,701.5499877929688,705.0999755859375,690.0156860351562,49315.0
2021-12-06,744.7999877929688,774.0,683.2999877929688,698.1500244140625,683.2144775390625,762264.0
2021-12-07,699.25,738.75,692.0,731.8499755859375,716.1934814453125,311057.0
2021-12-08,732.1500244140625,738.5,721.0499877929688,723.2000122070312,707.7285766601562,72981.0
2021-12-09,724.1500244140625,735.0,704.0999755859375,729.6500244140625,714.04052734375,139994.0
2021-12-10,728.0499877929688,733.75,716.7999877929688,727.5499877929688,711.9855346679688,115840.0
2021-12-13,735.9000244140625,735.9000244140625,707.5999755859375,709.7000122070312,694.5173950195312,115856.0
2021-12-14,705.0,711.3499755859375,699.0,703.4500122070312,688.4010009765625,114822.0
2021-12-15,704.0499877929688,708.7000122070312,696.0,698.4500122070312,683.508056640625,55511.0
2021-12-16,701.9500122070312,713.9000244140625,695.0,698.0,683.0676879882812,46543.0
2021-12-17,701.5,706.0,682.5999755859375,695.2000122070312,680.3275146484375,109918.0
2021-12-20,695.0,699.9000244140625,670.0,691.0499877929688,676.2662963867188,133278.0
2021-12-21,694.7000122070312,701.3499755859375,681.3499755859375,690.0499877929688,675.2876586914062,23995.0
2021-12-22,693.0,699.5499877929688,685.0,688.3499755859375,673.6240844726562,47417.0
2021-12-23,693.4000244140625,700.9000244140625,683.1500244140625,686.2000122070312,671.5201416015625,70818.0
2021-12-24,689.5999755859375,692.4500122070312,681.5499877929688,687.0499877929688,672.3518676757812,29888.0
2021-12-27,676.0,694.2999877929688,676.0,687.1500244140625,672.4497680664062,17742.0
2021-12-28,708.0,738.0,705.0,732.4500122070312,716.7807006835938,493114.0
2021-12-29,735.0,746.0,727.5499877929688,737.2000122070312,721.4290771484375,132227.0
2021-12-30,740.0,749.9000244140625,740.0,745.6500244140625,729.6983032226562,88428.0
2021-12-31,749.8499755859375,767.0,741.0499877929688,760.0499877929688,743.7902221679688,97227.0
2022-01-03,764.0,768.8499755859375,761.0,764.3499755859375,747.9982299804688,48468.0
2022-01-04,774.0,774.0,752.3499755859375,756.7000122070312,740.5119018554688,94588.0
2022-01-05,750.2999877929688,771.6500244140625,743.5499877929688,758.6500244140625,742.4202270507812,95253.0
2022-01-06,757.9500122070312,768.0,743.75,762.7999877929688,746.4813842773438,51784.0
2022-01-07,755.0,765.0,750.25,753.25,737.1356811523438,27837.0
2022-01-10,757.0499877929688,759.25,741.0,745.0499877929688,729.1111450195312,42198.0
2022-01-11,748.5999755859375,751.8499755859375,735.1500244140625,740.25,724.413818359375,33234.0
2022-01-12,741.0,744.7999877929688,730.0,740.3499755859375,724.5116577148438,27294.0
2022-01-13,744.0999755859375,748.7999877929688,736.0999755859375,741.4000244140625,725.5392456054688,18533.0
2022-01-14,739.0999755859375,749.9000244140625,736.0499877929688,742.5499877929688,726.66455078125,23150.0
2022-01-17,744.4500122070312,748.75,738.6500244140625,745.0,729.0621948242188,29660.0
2022-01-18,751.6500244140625,755.3499755859375,731.0,738.75,722.9458618164062,36521.0
2022-01-19,738.75,763.25,731.0,748.7999877929688,732.7808837890625,66464.0
2022-01-20,753.0,768.0,742.8499755859375,755.0499877929688,738.8971557617188,46122.0
2022-01-21,752.7000122070312,761.2000122070312,731.0,734.5999755859375,718.8846435546875,33291.0
2022-01-24,738.5,744.9000244140625,695.4000244140625,708.0499877929688,692.9026489257812,48393.0
2022-01-25,695.25,731.0999755859375,694.0,725.2000122070312,709.685791015625,24508.0
2022-01-27,726.9000244140625,728.8499755859375,705.0,710.7000122070312,695.4959106445312,30156.0
2022-01-28,710.0999755859375,725.0,694.0,696.2000122070312,681.3060913085938,153943.0
2022-01-31,690.0,712.0,689.0,698.5,683.5569458007812,58329.0
2022-02-01,709.25,709.25,686.0,696.4000244140625,681.5018920898438,38819.0
2022-02-02,702.0,707.9000244140625,695.2000122070312,699.1500244140625,684.193115234375,32341.0
2022-02-03,702.7999877929688,711.4500122070312,687.5499877929688,703.1500244140625,688.1075439453125,40922.0
2022-02-04,700.9000244140625,718.7000122070312,700.9000244140625,715.7000122070312,700.3889770507812,25322.0
2022-02-07,725.0,725.0,701.1500244140625,703.7000122070312,688.645751953125,29762.0
2022-02-08,702.9000244140625,707.7999877929688,695.0,697.7000122070312,682.7740478515625,22876.0
2022-02-09,699.75,706.7999877929688,695.0,696.5499877929688,681.648681640625,14330.0
2022-02-10,695.2000122070312,703.8499755859375,695.2000122070312,699.4500122070312,684.4866333007812,12158.0
2022-02-11,697.0,702.9500122070312,686.0,688.6500244140625,673.917724609375,32024.0
2022-02-14,687.3499755859375,705.2999877929688,672.2999877929688,696.0,681.1104736328125,45376.0
2022-02-15,692.0,709.5999755859375,692.0,697.8499755859375,682.9208374023438,43951.0
2022-02-16,701.1500244140625,706.5499877929688,691.7000122070312,705.3499755859375,690.2603149414062,26787.0
2022-02-17,708.7000122070312,708.7000122070312,692.0999755859375,699.9000244140625,684.9270629882812,32028.0
2022-02-18,698.5999755859375,707.8499755859375,692.5,702.5499877929688,687.520263671875,101997.0
2022-02-21,702.5499877929688,709.9500122070312,676.0,693.7999877929688,678.9574584960938,83934.0
2022-02-22,685.0,689.9500122070312,675.0,685.0499877929688,670.3947143554688,43904.0
2022-02-23,688.25,707.7000122070312,659.75,678.5499877929688,664.0337524414062,86850.0
2022-02-24,660.0,670.0,623.0499877929688,636.25,622.638671875,49722.0
2022-02-25,639.4500122070312,659.7000122070312,639.4500122070312,651.9000244140625,637.9539184570312,72773.0
2022-02-28,650.0999755859375,688.0,650.0999755859375,675.5499877929688,661.097900390625,161751.0
2022-03-02,684.7999877929688,689.9500122070312,666.0999755859375,669.6500244140625,655.3241577148438,51620.0
2022-03-03,678.5999755859375,711.2999877929688,669.7000122070312,697.2999877929688,682.382568359375,73849.0
2022-03-04,696.3499755859375,696.3499755859375,670.0,673.75,659.33642578125,83698.0
2022-03-07,669.9500122070312,674.9000244140625,657.25,663.6500244140625,649.4525146484375,42566.0
2022-03-08,667.0,683.25,660.7000122070312,675.5999755859375,661.1468505859375,48417.0
2022-03-09,679.0,688.8499755859375,676.0,682.6500244140625,668.0460205078125,26738.0
2022-03-10,699.4500122070312,728.0,690.1500244140625,720.9500122070312,705.5266723632812,140802.0
2022-03-11,717.0,729.4500122070312,712.2999877929688,721.2000122070312,705.7713623046875,47086.0
2022-03-14,721.2000122070312,729.9000244140625,711.2000122070312,723.75,708.2667846679688,53255.0
2022-03-15,723.75,748.0,694.9500122070312,706.2999877929688,691.1900634765625,73280.0
2022-03-16,715.0,731.0,707.3499755859375,728.7999877929688,713.2088012695312,52262.0
2022-03-17,735.0,745.0,706.5999755859375,714.75,699.4592895507812,75825.0
2022-03-21,717.9000244140625,734.4500122070312,714.75,722.25,706.798828125,33973.0
2022-03-22,721.4500122070312,725.9000244140625,710.0,712.4000244140625,697.15966796875,51749.0
2022-03-23,721.9500122070312,721.9500122070312,713.25,718.5,703.1290283203125,17500.0
2022-03-24,722.0,722.0,697.5499877929688,704.5,689.4286499023438,44881.0
2022-03-25,709.9000244140625,715.4500122070312,705.0,709.8499755859375,694.6641235351562,26171.0
2022-03-28,714.9000244140625,718.75,700.2999877929688,709.75,694.5663452148438,60479.0
2022-03-29,713.2999877929688,713.2999877929688,687.5999755859375,690.0999755859375,675.336669921875,27672.0
2022-03-30,693.5999755859375,698.6500244140625,678.0,683.4000244140625,668.780029296875,18497.0
2022-03-31,686.8499755859375,695.0,684.5,688.7000122070312,673.9666137695312,38855.0
2022-04-01,684.5499877929688,714.0,672.9500122070312,704.0,688.9392700195312,103134.0
2022-04-04,707.5499877929688,717.2999877929688,698.8499755859375,707.5499877929688,692.413330078125,56519.0
2022-04-05,711.0999755859375,745.2000122070312,710.1500244140625,731.0,715.3616943359375,145044.0
2022-04-06,726.0,739.9000244140625,723.5499877929688,732.6500244140625,716.9763793945312,50112.0
2022-04-07,736.3499755859375,736.3499755859375,712.3499755859375,714.0,698.725341796875,24162.0
2022-04-08,724.0,724.0,710.0,714.5,699.2146606445312,17182.0
2022-04-11,718.0999755859375,725.0,712.1500244140625,716.1500244140625,700.8294067382812,23349.0
2022-04-12,719.6500244140625,719.6500244140625,704.0,707.0999755859375,691.972900390625,19952.0
2022-04-13,710.0,713.4000244140625,696.3499755859375,702.5,687.471435546875,28584.0
2022-04-18,706.9500122070312,716.4000244140625,698.5,710.0999755859375,694.9087524414062,56056.0
2022-04-19,711.0,717.0999755859375,685.5999755859375,692.1500244140625,677.3428344726562,74972.0
2022-04-20,695.6500244140625,699.0,672.5999755859375,679.2000122070312,664.6698608398438,56480.0
2022-04-21,682.5999755859375,688.7000122070312,680.5999755859375,686.0499877929688,671.373291015625,19473.0
2022-04-22,681.0,705.7999877929688,673.1500244140625,695.5499877929688,680.6700439453125,92976.0
2022-04-25,688.0,694.7000122070312,680.0499877929688,691.0,676.2174072265625,30180.0
2022-04-26,697.7999877929688,699.7999877929688,681.0,684.4500122070312,669.8075561523438,23127.0
2022-04-27,680.0,684.0,671.5499877929688,673.8499755859375,659.4342651367188,42871.0
2022-04-28,678.0,690.0,672.25,685.5,670.8350219726562,58326.0
2022-04-29,685.5,701.0999755859375,658.25,680.9500122070312,666.3824462890625,560316.0
2022-05-02,680.0,687.3499755859375,666.9500122070312,675.9500122070312,661.4893798828125,89183.0
2022-05-04,688.0,699.0,659.9500122070312,663.3499755859375,649.1588745117188,122472.0
2022-05-05,669.9500122070312,674.0,656.1500244140625,670.0999755859375,655.7644653320312,205546.0
2022-05-06,666.4500122070312,672.9500122070312,650.8499755859375,664.9500122070312,650.7246704101562,67189.0
2022-05-09,664.9500122070312,679.9000244140625,654.0499877929688,672.1500244140625,657.770751953125,141239.0
2022-05-10,664.0,677.75,662.0,669.2000122070312,654.8837890625,52324.0
2022-05-11,669.5,684.7000122070312,659.9500122070312,673.9000244140625,659.4832763671875,47406.0
2022-05-12,671.0,675.0,657.0499877929688,667.75,653.4647827148438,87481.0
2022-05-13,671.0999755859375,700.75,662.3499755859375,672.4000244140625,658.015380859375,75930.0
2022-05-16,672.2999877929688,695.8499755859375,670.8499755859375,688.8499755859375,674.1133422851562,52296.0
2022-05-17,699.0,703.0,685.5,698.2999877929688,683.3612060546875,51768.0
2022-05-18,701.7999877929688,709.5,693.4500122070312,701.8499755859375,686.8352661132812,53382.0
2022-05-19,691.3499755859375,708.0,672.6500244140625,699.7999877929688,684.8291625976562,32734.0
2022-05-20,705.0,724.0,701.0499877929688,716.0999755859375,700.7803955078125,121951.0
2022-05-23,718.9500122070312,718.9500122070312,702.2000122070312,710.5499877929688,695.3491821289062,43606.0
2022-05-24,709.5,721.4000244140625,675.0,678.7000122070312,664.1805419921875,86412.0
2022-05-25,675.0,691.6500244140625,675.0,683.4500122070312,668.8289184570312,38611.0
2022-05-26,689.7000122070312,712.0,681.9000244140625,698.6500244140625,683.7037353515625,56967.0
2022-05-27,695.75,704.9500122070312,686.0,691.9000244140625,677.0982055664062,42626.0
2022-05-30,695.4000244140625,704.9500122070312,686.4000244140625,689.4000244140625,674.651611328125,21253.0
2022-05-31,692.8499755859375,698.2999877929688,660.9000244140625,667.7999877929688,653.5137329101562,64745.0
2022-06-01,672.5,677.9500122070312,670.0999755859375,671.0999755859375,656.7431030273438,25667.0
2022-06-02,674.4500122070312,674.4500122070312,665.2999877929688,671.2000122070312,656.8410034179688,20957.0
2022-06-03,675.0,679.3499755859375,656.4500122070312,661.8499755859375,647.69091796875,25279.0
2022-06-06,662.5,667.9500122070312,654.7999877929688,661.9000244140625,647.739990234375,25491.0
2022-06-07,662.0,662.0,650.0,650.9500122070312,637.0242309570312,23172.0
2022-06-08,654.0,657.5999755859375,640.25,653.6500244140625,639.66650390625,31958.0
2022-06-09,653.6500244140625,654.0499877929688,649.1500244140625,650.9000244140625,636.9752807617188,47257.0
2022-06-10,648.0,669.0,647.8499755859375,657.2999877929688,643.23828125,32483.0
2022-06-13,647.4500122070312,655.3499755859375,625.5,650.7000122070312,636.7796020507812,22499.0
2022-06-14,651.5999755859375,657.1500244140625,645.5999755859375,653.0,639.0303344726562,23086.0
2022-06-15,654.0,668.7999877929688,646.6500244140625,654.8499755859375,640.8407592773438,17919.0
2022-06-16,657.7000122070312,662.9500122070312,638.2999877929688,639.6500244140625,625.9659423828125,69763.0
2022-06-17,641.6500244140625,641.6500244140625,614.9500122070312,621.7000122070312,608.3999633789062,30798.0
2022-06-20,621.0,635.0,600.2999877929688,632.7000122070312,619.1646728515625,31981.0
2022-06-21,629.5499877929688,647.0,622.5,641.5999755859375,627.8742065429688,31021.0
2022-06-22,639.4000244140625,642.7000122070312,626.2000122070312,638.5,624.8405151367188,19282.0
2022-06-23,632.0,659.0,632.0,647.2000122070312,633.3544921875,19039.0
2022-06-24,640.0,662.7999877929688,640.0,656.9000244140625,642.846923828125,10737.0
2022-06-27,658.0,663.4500122070312,648.0,654.5999755859375,640.5960693359375,12276.0
2022-06-28,652.8499755859375,653.1500244140625,640.0,643.5999755859375,629.8314208984375,4615.0
2022-06-29,643.6500244140625,655.5,640.1500244140625,652.4000244140625,638.4431762695312,4909.0
2022-06-30,648.7000122070312,670.0,648.7000122070312,667.2000122070312,652.9265747070312,11875.0
2022-07-01,670.5499877929688,670.5499877929688,648.4500122070312,653.4500122070312,639.470703125,8326.0
2022-07-04,653.4500122070312,658.3499755859375,634.5499877929688,638.6500244140625,624.9873046875,7643.0
2022-07-05,639.0,647.5,638.0,641.4000244140625,627.6785278320312,7640.0
2022-07-06,644.6500244140625,644.6500244140625,636.0,642.6500244140625,628.9017944335938,7574.0
2022-07-07,643.0,666.0,641.0499877929688,655.7999877929688,641.7704467773438,27135.0
2022-07-08,656.0,666.5499877929688,648.5,654.1500244140625,640.15576171875,13259.0
2022-07-11,657.4500122070312,660.2000122070312,650.0,651.8499755859375,637.9049682617188,6574.0
2022-07-12,652.0,660.0499877929688,650.7999877929688,652.75,638.7857055664062,5718.0
2022-07-13,655.2000122070312,659.2000122070312,648.0,657.4000244140625,643.3362426757812,3424.0
2022-07-14,660.0,665.0,652.5,661.5999755859375,647.4462890625,5421.0
2022-07-15,664.9500122070312,682.5999755859375,657.0,674.5999755859375,660.168212890625,58095.0
2022-07-18,676.0,678.2000122070312,665.0499877929688,667.4000244140625,653.122314453125,10272.0
2022-07-19,667.0,679.25,666.7999877929688,671.4000244140625,657.0367431640625,17103.0
2022-07-20,674.7999877929688,674.7999877929688,660.25,664.7000122070312,650.4800415039062,11270.0
2022-07-21,664.7000122070312,681.75,651.75,673.5999755859375,659.1896362304688,216599.0
2022-07-22,670.0,685.25,670.0,682.0,667.409912109375,14972.0
2022-07-25,690.0,692.0,675.0499877929688,680.3499755859375,665.7952270507812,10756.0
2022-07-26,683.0,683.0,661.2999877929688,673.0999755859375,658.7003173828125,15060.0
2022-07-27,670.0,679.8499755859375,660.0,672.3499755859375,657.96630859375,22168.0
2022-07-28,675.75,680.7999877929688,666.4500122070312,679.0,664.47412109375,11361.0
2022-07-29,682.4000244140625,688.4000244140625,669.25,678.4500122070312,663.9359130859375,13113.0
2022-08-01,681.8499755859375,695.0,672.75,690.0,675.2388305664062,35719.0
2022-08-02,690.0,709.0,673.0999755859375,704.0499877929688,688.9882202148438,33802.0
2022-08-03,703.2999877929688,709.0,680.2999877929688,706.8499755859375,691.728271484375,14011.0
2022-08-04,710.4000244140625,714.5499877929688,683.25,700.4500122070312,685.4652709960938,93984.0
2022-08-05,693.4500122070312,721.5,666.6500244140625,694.75,679.8871459960938,120440.0
2022-08-08,700.0,710.0,692.3499755859375,697.25,682.333740234375,23392.0
2022-08-10,700.0,703.25,694.5499877929688,696.2999877929688,681.4039916992188,14108.0
2022-08-11,692.0,698.0,685.0,685.9500122070312,678.4368896484375,9489.0
2022-08-12,685.9000244140625,719.9500122070312,681.2999877929688,695.0499877929688,687.4371948242188,36302.0
2022-08-16,698.5499877929688,710.9500122070312,690.6500244140625,693.8499755859375,686.2503051757812,17361.0
2022-08-17,697.3499755859375,699.9000244140625,693.6500244140625,695.5999755859375,687.9811401367188,4760.0
2022-08-18,697.0,697.0,691.0,692.2000122070312,684.618408203125,6043.0
2022-08-19,691.6500244140625,698.0,671.4000244140625,676.2999877929688,668.892578125,17645.0
2022-08-22,676.2999877929688,680.4000244140625,666.0,669.3499755859375,662.0187377929688,11249.0
2022-08-23,672.7000122070312,687.2999877929688,663.0499877929688,682.0499877929688,674.57958984375,16442.0
2022-08-24,684.0,685.0,670.25,674.4500122070312,667.0628662109375,8636.0
2022-08-25,682.9000244140625,692.0,675.2999877929688,688.6500244140625,681.1073608398438,20232.0
2022-08-26,695.0,701.7000122070312,689.2999877929688,691.7999877929688,684.2227783203125,21573.0
2022-08-29,684.0,698.0,665.5499877929688,690.0999755859375,682.5413818359375,10005.0
2022-08-30,693.5999755859375,694.0,685.7000122070312,691.0,683.4315795898438,62862.0
2022-09-01,694.5,709.75,685.0,702.25,694.558349609375,23321.0
2022-09-02,707.0,707.0,688.0,691.5,683.9261474609375,14537.0
2022-09-05,694.9000244140625,703.1500244140625,684.0,699.0,691.343994140625,16408.0
2022-09-06,700.0,702.0,690.9500122070312,693.2999877929688,685.7063598632812,6395.0
2022-09-07,693.4000244140625,696.6500244140625,689.0,691.5,683.9261474609375,7837.0
2022-09-08,695.0,709.0,693.0,706.75,699.0090942382812,27000.0
2022-09-09,710.2999877929688,715.0,694.75,702.2999877929688,694.6077880859375,59828.0
2022-09-12,702.0,709.2000122070312,693.7000122070312,698.25,690.6021728515625,17710.0
2022-09-13,692.5,706.5,692.5,700.0,692.3330078125,15381.0
2022-09-14,700.0,700.0,692.5,696.0,688.3768310546875,7291.0
2022-09-15,708.4000244140625,708.4000244140625,691.2000122070312,699.5499877929688,691.887939453125,23382.0
2022-09-16,698.0,722.0,690.0,714.2999877929688,706.4763793945312,107297.0
2022-09-19,717.9000244140625,718.2000122070312,685.0,693.25,685.6569213867188,56511.0
2022-09-20,696.75,705.0499877929688,691.4000244140625,698.3499755859375,690.7009887695312,13267.0
2022-09-21,701.7000122070312,716.1500244140625,694.0499877929688,708.3499755859375,700.5914916992188,66809.0
2022-09-22,705.3499755859375,712.9000244140625,695.0,698.7999877929688,691.1461181640625,14777.0
2022-09-23,702.2999877929688,710.2999877929688,690.9500122070312,693.2000122070312,685.6074829101562,18929.0
2022-09-26,693.2000122070312,700.0,674.0,691.5999755859375,684.0249633789062,30259.0
2022-09-27,690.0,700.0,682.3499755859375,689.25,681.7007446289062,19843.0
2022-09-28,685.0,703.9500122070312,680.0,698.5999755859375,690.9483032226562,92186.0
2022-09-29,709.6500244140625,710.3499755859375,692.3499755859375,700.0,692.3330078125,54653.0
2022-09-30,695.3499755859375,714.2000122070312,695.3499755859375,710.9500122070312,703.1630859375,21671.0
2022-10-03,702.0499877929688,739.4500122070312,702.0499877929688,731.5,723.4879760742188,153273.0
2022-10-04,735.9500122070312,749.7999877929688,735.0,740.7000122070312,732.5872192382812,150379.0
2022-10-06,747.0,749.0,726.2000122070312,733.0499877929688,725.02099609375,167071.0
2022-10-07,736.75,736.75,720.5499877929688,724.2000122070312,716.2679443359375,30200.0
2022-10-10,720.2000122070312,735.0,699.6500244140625,721.25,713.3502807617188,73289.0
2022-10-11,714.0999755859375,721.25,706.9500122070312,712.1500244140625,704.3499755859375,22828.0
2022-10-12,712.1500244140625,732.5,702.7000122070312,721.25,713.3502807617188,59692.0
2022-10-13,721.25,735.9500122070312,695.5499877929688,707.9500122070312,700.1959228515625,782278.0
2022-10-14,711.5,726.5999755859375,706.5499877929688,722.25,714.3392944335938,27298.0
2022-10-17,725.9000244140625,748.0,718.5,741.75,733.625732421875,60825.0
2022-10-18,743.0,745.5,728.5999755859375,735.1500244140625,727.0980224609375,41352.0
2022-10-19,735.0,735.0,716.0499877929688,729.1500244140625,721.1637573242188,19932.0
2022-10-20,727.9000244140625,744.0,702.2999877929688,707.8499755859375,700.0969848632812,189774.0
2022-10-21,711.4000244140625,736.0,708.5999755859375,730.6500244140625,722.6473388671875,47523.0
2022-10-24,739.9500122070312,744.5,727.0,735.5,727.4442138671875,12898.0
2022-10-25,730.7999877929688,739.0,708.0,717.0999755859375,709.2456665039062,32409.0
2022-10-27,717.0999755859375,730.7000122070312,712.7999877929688,726.75,718.7900390625,15542.0
2022-10-28,730.4000244140625,738.0,721.5999755859375,725.7000122070312,717.7515258789062,36096.0
2022-10-31,728.0,742.7000122070312,725.75,738.5499877929688,730.4607543945312,53491.0
2022-11-01,735.2999877929688,740.0,718.75,728.9000244140625,720.91650390625,74370.0
2022-11-02,732.5499877929688,744.5,708.0,718.1500244140625,710.2842407226562,96231.0
2022-11-03,714.0999755859375,735.9500122070312,709.3499755859375,727.8499755859375,719.8779296875,73467.0
2022-11-04,731.5,731.5,720.0,722.4000244140625,714.4876708984375,16942.0
2022-11-07,726.0499877929688,727.0,717.0,718.2000122070312,710.3336791992188,15857.0
2022-11-09,729.0,732.4000244140625,702.0499877929688,709.25,701.481689453125,23570.0
2022-11-10,706.5,710.0,685.0,707.5499877929688,699.80029296875,46965.0
2022-11-11,711.0999755859375,714.0999755859375,700.0,706.75,699.0090942382812,22226.0
2022-11-14,702.0,713.9000244140625,700.7000122070312,705.9500122070312,698.2178344726562,25081.0
2022-11-15,709.5,713.9000244140625,705.0,709.5499877929688,701.7783813476562,17768.0
2022-11-16,710.0,711.9000244140625,678.6500244140625,686.6500244140625,679.1292724609375,60051.0
2022-11-17,683.7000122070312,688.75,674.5499877929688,686.2000122070312,678.6841430664062,25111.0
2022-11-18,689.6500244140625,689.6500244140625,670.0999755859375,678.1500244140625,670.7223510742188,25296.0
2022-11-21,681.5,681.9500122070312,674.0499877929688,677.7999877929688,670.3761596679688,7105.0
2022-11-22,681.0,681.0,670.0499877929688,672.0999755859375,664.7385864257812,10123.0
2022-11-23,675.4500122070312,675.5,666.0,668.4500122070312,661.1285400390625,14853.0
2022-11-24,668.0,674.2999877929688,661.0,666.5,659.199951171875,17986.0
2022-11-25,669.7999877929688,677.0,661.5499877929688,669.5999755859375,662.2659912109375,53273.0
2022-11-28,669.5999755859375,688.0,669.5999755859375,683.5499877929688,676.0631713867188,14218.0
2022-11-29,686.0,686.0,666.0499877929688,673.7999877929688,666.419921875,111118.0
2022-11-30,674.0,680.25,666.0499877929688,673.5,666.123291015625,16250.0
2022-12-01,672.5999755859375,678.5,668.5,669.9500122070312,662.6121215820312,13475.0
2022-12-02,676.6500244140625,676.8499755859375,662.0999755859375,664.8499755859375,657.5679931640625,21420.0
2022-12-05,660.0,672.0,658.2999877929688,659.5,652.276611328125,28161.0
2022-12-06,658.25,665.5999755859375,657.0499877929688,659.0999755859375,651.8809814453125,142166.0
2022-12-07,663.4500122070312,663.9000244140625,657.0,661.6500244140625,654.403076171875,69703.0
2022-12-08,665.0,667.7000122070312,659.0,660.1500244140625,652.9194946289062,25275.0
2022-12-09,663.5,680.0,656.4500122070312,676.0999755859375,668.6947631835938,66024.0
2022-12-12,681.9500122070312,681.9500122070312,665.0,666.5499877929688,659.2493286132812,25950.0
2022-12-13,665.5,669.9000244140625,658.2000122070312,660.0,652.7711181640625,28396.0
2022-12-14,660.5499877929688,674.7000122070312,660.5499877929688,662.9000244140625,655.639404296875,39328.0
2022-12-15,662.9000244140625,672.0,659.0,667.1500244140625,659.8428344726562,52425.0
2022-12-16,671.7999877929688,687.0,664.6500244140625,668.0999755859375,660.7824096679688,50710.0
2022-12-19,671.4500122070312,674.9500122070312,660.0999755859375,663.2999877929688,656.0349731445312,12839.0
2022-12-20,664.0,672.7999877929688,663.1500244140625,664.5499877929688,657.271240234375,16866.0
2022-12-21,667.9000244140625,687.2999877929688,660.1500244140625,665.0,657.7163696289062,83844.0
2022-12-22,678.0,678.9500122070312,655.0,659.25,652.0293579101562,78261.0
2022-12-23,655.0,657.6500244140625,642.5499877929688,649.6500244140625,642.5344848632812,24664.0
2022-12-26,650.7000122070312,668.4000244140625,643.5999755859375,660.9500122070312,653.710693359375,29938.0
2022-12-27,662.0,665.9000244140625,651.0,654.0499877929688,646.8862915039062,45708.0
2022-12-28,654.0499877929688,658.7000122070312,643.5999755859375,646.0,638.9244995117188,27117.0
2022-12-29,649.7999877929688,669.0,636.8499755859375,638.3499755859375,631.3582763671875,54148.0
2022-12-30,641.5,656.0499877929688,636.3499755859375,647.25,640.1607666015625,383419.0
2023-01-02,657.9000244140625,672.0,650.0999755859375,664.6500244140625,657.3702392578125,153310.0
2023-01-03,668.0,669.5,657.0499877929688,661.25,654.0074462890625,17267.0
2023-01-04,664.7999877929688,664.7999877929688,645.75,650.1500244140625,643.029052734375,26714.0
2023-01-05,654.4000244140625,658.5499877929688,647.0,649.7999877929688,642.6828002929688,25930.0
2023-01-06,652.8499755859375,652.8499755859375,644.4000244140625,647.1500244140625,640.0618896484375,17135.0
2023-01-09,650.0,653.4500122070312,644.0,647.2000122070312,640.111328125,13183.0
2023-01-10,646.2000122070312,648.0,641.4000244140625,645.7999877929688,638.7266235351562,23868.0
2023-01-11,645.7999877929688,648.5,635.5,641.5499877929688,634.523193359375,15722.0
2023-01-12,644.0,644.0,637.4500122070312,639.4000244140625,632.3967895507812,10114.0
2023-01-13,640.1500244140625,653.0,637.0499877929688,642.3499755859375,635.314453125,40785.0
2023-01-16,644.9000244140625,651.0,640.0999755859375,648.5499877929688,641.446533203125,15415.0
2023-01-17,650.4500122070312,655.0,646.6500244140625,651.7999877929688,644.660888671875,14791.0
2023-01-18,651.0,662.0,625.4000244140625,632.5,625.5723266601562,109911.0
2023-01-19,638.0,655.0,633.0999755859375,644.0999755859375,637.0452880859375,33265.0
2023-01-20,650.5,661.0,626.6500244140625,631.5999755859375,624.6821899414062,52652.0
2023-01-23,631.5999755859375,638.0499877929688,631.5999755859375,635.2999877929688,628.3416137695312,12728.0
2023-01-24,632.0,639.0999755859375,630.0,635.0499877929688,628.0943603515625,18271.0
2023-01-25,632.0,636.0,623.0499877929688,624.4500122070312,617.6104736328125,18545.0
2023-01-27,627.5999755859375,650.9500122070312,616.25,629.25,622.35791015625,73746.0
2023-01-30,630.0,632.4000244140625,605.75,612.4000244140625,605.6925048828125,32870.0
2023-01-31,619.9500122070312,622.0,607.5499877929688,610.7000122070312,604.0111083984375,21574.0
2023-02-01,613.2999877929688,619.9000244140625,608.4500122070312,612.8499755859375,606.1375732421875,13227.0
2023-02-02,612.75,628.8499755859375,602.5,625.5499877929688,618.6984252929688,41627.0
2023-02-03,623.25,629.9000244140625,610.0,625.2000122070312,618.352294921875,26438.0
2023-02-06,625.4000244140625,629.9000244140625,620.0,628.4000244140625,621.5172729492188,13059.0
2023-02-07,629.1500244140625,634.1500244140625,623.0999755859375,632.25,625.3250732421875,20229.0
2023-02-08,633.0999755859375,644.5,625.5999755859375,642.7000122070312,635.6605834960938,42030.0
2023-02-09,642.1500244140625,644.0499877929688,636.0499877929688,637.9000244140625,630.9132080078125,10838.0
2023-02-10,637.5,645.9000244140625,635.0,643.0999755859375,636.0562133789062,18952.0
2023-02-13,644.9500122070312,646.2999877929688,637.0,639.0499877929688,632.050537109375,8383.0
2023-02-14,642.0,643.0999755859375,635.3499755859375,638.9000244140625,631.9022216796875,14507.0
2023-02-15,641.4000244140625,641.5999755859375,635.0,639.4000244140625,632.3967895507812,8365.0
2023-02-16,638.5499877929688,649.0,638.5499877929688,645.25,638.1826782226562,34576.0
2023-02-17,648.5,649.2999877929688,639.5499877929688,645.8499755859375,638.776123046875,8584.0
2023-02-20,640.5499877929688,648.0499877929688,635.5499877929688,638.0,631.0120849609375,5936.0
2023-02-21,640.9500122070312,640.9500122070312,627.2999877929688,634.2000122070312,627.253662109375,16249.0
2023-02-22,633.6500244140625,641.7999877929688,620.4500122070312,626.4500122070312,619.5885620117188,36768.0
2023-02-23,625.7000122070312,640.8499755859375,615.5999755859375,638.5,631.506591796875,28520.0
2023-02-24,635.0,659.8499755859375,626.4500122070312,646.4000244140625,639.3201293945312,90656.0
2023-02-27,649.0,649.0,632.0499877929688,634.0499877929688,627.1053466796875,11771.0
2023-02-28,634.2999877929688,640.5999755859375,630.0,634.5499877929688,627.599853515625,8623.0
2023-03-01,633.5,640.0999755859375,627.4500122070312,630.9000244140625,623.9898681640625,8478.0
2023-03-02,634.0,634.0,626.0999755859375,632.5499877929688,625.6217651367188,6285.0
2023-03-03,630.0,639.1500244140625,623.2999877929688,627.75,620.8743896484375,10556.0
2023-03-06,630.9000244140625,633.9000244140625,624.0,624.9500122070312,618.10498046875,8232.0
2023-03-08,621.0,627.7000122070312,620.0499877929688,626.0499877929688,619.1929321289062,11108.0
2023-03-09,629.2000122070312,632.0499877929688,618.0,619.2000122070312,612.41796875,9895.0
2023-03-10,618.2999877929688,622.9500122070312,608.1500244140625,611.5499877929688,604.8517456054688,18063.0
2023-03-13,611.9500122070312,615.1500244140625,603.75,607.5499877929688,600.8955688476562,20780.0
2023-03-14,607.9500122070312,626.5,593.0499877929688,603.8499755859375,597.2361450195312,23695.0
2023-03-15,604.0,606.9000244140625,587.0,592.0999755859375,585.6148071289062,18858.0
2023-03-16,593.0,595.0499877929688,579.7999877929688,585.7999877929688,579.3837890625,48174.0
2023-03-17,588.75,605.5999755859375,551.2999877929688,568.8499755859375,562.6194458007812,2253156.0
2023-03-20,568.8499755859375,576.9500122070312,559.0999755859375,574.5999755859375,568.3065185546875,400428.0
2023-03-21,574.5999755859375,576.7000122070312,565.2999877929688,567.9500122070312,561.7293090820312,33195.0
2023-03-22,570.7999877929688,571.9500122070312,565.0,568.4000244140625,562.1744384765625,58642.0
2023-03-23,570.0,570.9500122070312,567.3499755859375,568.5499877929688,562.32275390625,38533.0
2023-03-24,568.9500122070312,576.2999877929688,555.0,572.9000244140625,566.6251220703125,168305.0
2023-03-27,571.0,573.5,566.4000244140625,569.6500244140625,563.4107055664062,38861.0
2023-03-28,568.7000122070312,582.8499755859375,564.25,573.4000244140625,567.11962890625,26654.0
2023-03-29,573.4000244140625,580.75,570.0,574.4500122070312,568.1581420898438,267164.0
2023-03-31,576.4500122070312,576.4500122070312,566.2999877929688,572.0999755859375,565.8338623046875,171164.0
2023-04-03,576.4500122070312,583.0,575.0,579.7000122070312,573.3506469726562,45126.0
2023-04-05,585.0,588.0,580.0499877929688,585.1500244140625,578.740966796875,61822.0
2023-04-06,581.0,597.9000244140625,580.75,590.5,584.0323486328125,696252.0
2023-04-10,590.5,609.5499877929688,590.4500122070312,602.0,595.4063720703125,47196.0
2023-04-11,604.2999877929688,604.2999877929688,587.0999755859375,588.3499755859375,581.9058837890625,60619.0
2023-04-12,588.5999755859375,591.2999877929688,581.0,585.0499877929688,578.6420288085938,54396.0
2023-04-13,586.4500122070312,616.7000122070312,585.0499877929688,597.0499877929688,590.5105590820312,547685.0
2023-04-17,597.6500244140625,618.0,597.0499877929688,612.25,605.5441284179688,48368.0
2023-04-18,612.75,625.0,612.2999877929688,620.7000122070312,613.9015502929688,51932.0
2023-04-19,622.1500244140625,627.3499755859375,612.6500244140625,619.5499877929688,612.76416015625,50353.0
2023-04-20,620.0,624.0,613.0,619.25,612.4674682617188,15855.0
2023-04-21,621.2000122070312,621.2000122070312,602.0,614.4000244140625,607.6705932617188,76820.0
2023-04-24,611.0999755859375,616.4000244140625,602.0,607.25,600.598876953125,32876.0
2023-04-25,607.0499877929688,611.5999755859375,603.5,609.5,602.8242797851562,18112.0
2023-04-26,609.0,623.0,604.4000244140625,617.0499877929688,610.29150390625,35551.0
2023-04-27,621.9500122070312,648.0,618.0,631.1500244140625,624.2371215820312,103174.0
2023-04-28,631.8499755859375,636.0,625.0,631.25,624.3359985351562,31348.0
2023-05-02,631.25,636.1500244140625,620.0,623.4000244140625,616.572021484375,36119.0
2023-05-03,623.5499877929688,626.4000244140625,610.5,615.0,608.2640380859375,19342.0
2023-05-04,618.0999755859375,625.0,612.7999877929688,623.5999755859375,616.769775390625,37181.0
2023-05-05,623.5999755859375,631.9500122070312,618.75,625.7000122070312,618.8468017578125,92145.0
2023-05-08,625.7000122070312,633.7000122070312,625.0,630.0,623.0997314453125,61667.0
2023-05-09,625.0999755859375,633.0,623.0499877929688,626.9500122070312,620.0830688476562,74008.0
2023-05-10,627.0,639.0,623.9000244140625,632.9500122070312,626.0173950195312,82879.0
2023-05-11,634.2000122070312,639.9000244140625,630.5999755859375,639.0499877929688,632.050537109375,42510.0
2023-05-12,638.9500122070312,638.9500122070312,629.5,631.9500122070312,625.0283203125,32801.0
2023-05-15,627.0,635.1500244140625,627.0,632.0499877929688,625.127197265625,39045.0
2023-05-16,637.9500122070312,637.9500122070312,628.0,630.0,623.0997314453125,33627.0
2023-05-17,633.1500244140625,646.75,615.4000244140625,636.6500244140625,629.6768798828125,231336.0
2023-05-18,635.0,635.0,628.0,629.1500244140625,622.259033203125,124203.0
2023-05-19,628.9500122070312,632.2000122070312,616.0,621.4500122070312,614.643310546875,45225.0
2023-05-22,612.2999877929688,616.9000244140625,605.0,611.75,605.0496215820312,37770.0
2023-05-23,611.7999877929688,622.25,610.5999755859375,621.1500244140625,614.3466796875,12632.0
2023-05-24,623.0,623.0,618.25,620.2000122070312,613.4070434570312,7164.0
2023-05-25,615.25,624.2000122070312,615.25,621.7999877929688,614.989501953125,12211.0
2023-05-26,622.0,630.0,617.5,629.25,622.35791015625,14062.0
2023-05-29,630.7999877929688,640.0,625.2000122070312,636.5,629.5285034179688,44895.0
2023-05-30,645.0,645.0,628.4000244140625,630.9000244140625,623.9898681640625,28504.0
2023-05-31,634.0999755859375,645.7999877929688,630.9000244140625,641.7000122070312,634.6715698242188,36332.0
2023-06-01,645.7999877929688,645.7999877929688,638.9000244140625,640.5499877929688,633.5341186523438,12185.0
2023-06-02,634.1500244140625,643.5499877929688,634.1500244140625,638.2000122070312,631.2098999023438,14078.0
2023-06-05,642.8499755859375,645.6500244140625,638.4500122070312,642.1500244140625,635.1166381835938,21600.0
2023-06-06,635.75,645.0,635.75,641.4500122070312,634.4242553710938,11506.0
2023-06-07,645.4500122070312,657.8499755859375,641.2999877929688,651.6500244140625,644.5125732421875,37696.0
2023-06-08,656.0,656.0,640.0,647.4000244140625,640.3091430664062,26795.0
2023-06-09,648.0499877929688,649.9500122070312,644.1500244140625,645.4500122070312,638.3804931640625,10097.0
2023-06-12,653.5499877929688,675.8499755859375,644.5,659.9000244140625,652.6722412109375,93341.0
2023-06-13,659.9000244140625,667.9500122070312,656.0,665.0499877929688,657.7658081054688,29902.0
2023-06-14,665.0,668.4000244140625,651.3499755859375,662.6500244140625,655.39208984375,63012.0
2023-06-15,662.0,665.4500122070312,649.0,652.0999755859375,644.9576416015625,23273.0
2023-06-16,655.4000244140625,662.9500122070312,650.4500122070312,659.5499877929688,652.3260498046875,23885.0
2023-06-19,659.5499877929688,685.0,653.4000244140625,677.3499755859375,669.9310913085938,88799.0
2023-06-20,688.0,688.0,670.0499877929688,677.5499877929688,670.1288452148438,39636.0
2023-06-21,677.9000244140625,677.9000244140625,655.5499877929688,668.5,661.1780395507812,53764.0
2023-06-22,668.5,673.4000244140625,667.0,668.0,660.6835327148438,17994.0
2023-06-23,668.5,670.9500122070312,664.2000122070312,665.4500122070312,658.1614379882812,18553.0
2023-06-26,660.0499877929688,675.9500122070312,660.0,666.5999755859375,659.298828125,36229.0
2023-06-27,669.9500122070312,683.25,665.75,679.2999877929688,671.8596801757812,32922.0
2023-06-28,679.2999877929688,682.4500122070312,666.0499877929688,675.7000122070312,668.2991333007812,24799.0
2023-06-30,689.7000122070312,719.4000244140625,686.0999755859375,698.9000244140625,691.2450561523438,348526.0
2023-07-03,702.75,707.8499755859375,682.8499755859375,690.2999877929688,682.7391967773438,131404.0
2023-07-04,695.5499877929688,699.0,683.0999755859375,689.5,681.947998046875,39526.0
2023-07-05,694.5499877929688,703.5,685.2000122070312,697.8499755859375,690.2064819335938,41515.0
2023-07-06,701.7999877929688,717.9000244140625,699.0499877929688,706.0,698.2672729492188,94184.0
2023-07-07,720.9000244140625,734.2999877929688,715.0499877929688,721.8499755859375,713.943603515625,287579.0
2023-07-10,725.4500122070312,735.0,704.1500244140625,715.2999877929688,707.4653930664062,190890.0
2023-07-11,715.2999877929688,725.6500244140625,708.0,714.6500244140625,706.8225708007812,396044.0
2023-07-12,718.25,718.25,693.0,701.4500122070312,693.76708984375,364199.0
2023-07-13,708.9500122070312,708.9500122070312,695.5,700.3499755859375,692.6791381835938,143722.0
2023-07-14,700.3499755859375,717.0,695.0499877929688,714.5499877929688,706.7236328125,49092.0
2023-07-17,718.1500244140625,733.0,716.3499755859375,722.2999877929688,714.3887329101562,64140.0
2023-07-18,720.0999755859375,733.2000122070312,714.0,728.5499877929688,720.5702514648438,1065701.0
2023-07-19,735.0,744.2999877929688,731.25,735.5999755859375,727.5430297851562,671787.0
2023-07-20,741.0,745.0,727.0,738.0999755859375,730.015625,137440.0
2023-07-21,738.2000122070312,749.5499877929688,734.8499755859375,745.0499877929688,736.8895874023438,227336.0
2023-07-24,750.0,759.5,745.0,753.9000244140625,745.6427001953125,263852.0
2023-07-25,754.0,767.3499755859375,752.5499877929688,761.2999877929688,752.9615478515625,72262.0
2023-07-26,765.0,767.7000122070312,755.0,757.6500244140625,749.3516235351562,38132.0
2023-07-27,757.0,784.75,750.4500122070312,777.9500122070312,769.42919921875,236069.0
2023-07-28,780.0,791.9500122070312,766.1500244140625,775.2999877929688,766.8082275390625,525978.0
2023-07-31,775.4000244140625,798.7000122070312,767.0999755859375,791.7000122070312,783.0286254882812,2594601.0
2023-08-01,800.0,803.5999755859375,790.2000122070312,795.9000244140625,787.1826782226562,143714.0
2023-08-02,800.0,803.7000122070312,793.5999755859375,799.5,790.7432250976562,265683.0
2023-08-03,797.0499877929688,816.9000244140625,786.0999755859375,795.7000122070312,786.9848022460938,873682.0
2023-08-04,793.0,838.0,793.0,800.5499877929688,791.7816772460938,459960.0
2023-08-07,806.0,838.7999877929688,806.0,828.2000122070312,819.1288452148438,496968.0
2023-08-08,829.9500122070312,845.0,803.0999755859375,809.8499755859375,800.9797973632812,157824.0
2023-08-09,817.0,844.9500122070312,811.0,838.2000122070312,829.019287109375,108424.0
2023-08-10,846.9500122070312,846.9500122070312,818.3499755859375,828.0999755859375,819.0299072265625,57361.0
2023-08-11,834.0499877929688,834.9000244140625,810.0999755859375,821.3499755859375,812.3538208007812,68384.0
2023-08-14,827.25,831.5999755859375,816.25,825.8499755859375,816.8045043945312,35184.0
2023-08-16,825.8499755859375,829.1500244140625,805.0,810.0,801.1282348632812,33268.0
2023-08-17,814.0499877929688,814.0499877929688,791.0,794.1500244140625,785.4518432617188,156926.0
2023-08-18,794.1500244140625,838.0,792.5499877929688,830.25,821.1564331054688,137404.0
2023-08-21,835.0,880.0,822.1500244140625,846.25,836.9811401367188,119038.0
2023-08-22,857.8499755859375,857.8499755859375,828.5999755859375,844.0499877929688,834.8052368164062,114367.0
2023-08-23,848.25,855.4500122070312,832.6500244140625,837.5999755859375,828.4258422851562,80292.0
2023-08-24,840.9000244140625,843.5999755859375,816.5,824.4500122070312,815.419921875,44040.0
2023-08-25,827.0,828.5499877929688,812.5499877929688,817.25,808.298828125,21405.0
2023-08-28,818.0,822.4500122070312,796.3499755859375,800.6500244140625,791.880615234375,54074.0
2023-08-29,806.6500244140625,830.0,795.4500122070312,806.3499755859375,797.5181274414062,31597.0
2023-08-30,806.75,834.2000122070312,806.75,824.7999877929688,815.7660522460938,82546.0
2023-08-31,824.0,824.0,801.1500244140625,810.0,801.1282348632812,40778.0
2023-09-01,810.0,831.0,804.0,812.3499755859375,803.452392578125,48239.0
2023-09-04,811.0,825.8499755859375,800.3499755859375,805.3499755859375,796.529052734375,66107.0
2023-09-05,807.9000244140625,830.0,807.9000244140625,814.0999755859375,805.1832275390625,66253.0
2023-09-06,820.0,833.7000122070312,815.0,828.7000122070312,819.6233520507812,57397.0
2023-09-07,839.0,839.0,817.4500122070312,822.2999877929688,813.29345703125,74608.0
2023-09-08,833.0,833.0,817.8499755859375,826.0,816.9529418945312,44386.0
2023-09-11,832.2999877929688,836.0,812.5,817.2999877929688,808.3482055664062,40820.0
2023-09-12,817.2999877929688,821.6500244140625,792.3499755859375,807.7999877929688,798.9522705078125,63672.0
2023-09-13,810.0,815.4000244140625,798.4500122070312,804.7999877929688,795.985107421875,31925.0
2023-09-14,811.0,834.4500122070312,810.5,816.0499877929688,807.1118774414062,43821.0
2023-09-15,816.0499877929688,834.9000244140625,812.5,821.7000122070312,812.7000122070312,140677.0
2023-09-18,830.0,830.0,813.0,818.8499755859375,809.8812255859375,44817.0
2023-09-20,812.5,828.0,812.5,824.0499877929688,815.0242919921875,78666.0
2023-09-21,824.0499877929688,824.0499877929688,811.0,811.75,802.8590698242188,39700.0
2023-09-22,812.0,820.9000244140625,805.0499877929688,812.0,803.1063232421875,71521.0
2023-09-25,816.0,834.0,807.0,828.3499755859375,819.2771606445312,58504.0
2023-09-26,833.0,833.0,814.0,816.3499755859375,807.4085693359375,36960.0
2023-09-27,810.1500244140625,836.0,810.0999755859375,830.25,821.1564331054688,35195.0
2023-09-28,833.9500122070312,855.0,831.0499877929688,850.1500244140625,840.8384399414062,237713.0
2023-09-29,856.1500244140625,927.9500122070312,855.0,876.2999877929688,866.7020263671875,2884142.0
2023-10-03,880.0,915.4500122070312,870.6500244140625,908.25,898.3020629882812,483326.0
2023-10-04,905.0,909.0,886.5499877929688,900.8499755859376,890.9830932617188,220456.0
2023-10-05,902.5999755859376,905.0,880.0,882.7000122070312,873.0319213867188,98911.0
2023-10-06,882.7000122070312,908.2000122070312,882.7000122070312,899.75,889.8952026367188,118717.0
2023-10-09,890.0,895.7999877929688,875.7000122070312,880.4500122070312,870.8065795898438,57805.0
2023-10-10,886.9500122070312,906.0,882.5499877929688,894.0,884.2081909179688,94577.0
2023-10-11,898.9500122070312,904.0999755859376,891.0,895.6500244140625,885.840087890625,50089.0
2023-10-12,901.9500122070312,924.7999877929688,884.9500122070312,889.5,879.7574462890625,311926.0
2023-10-13,891.9500122070312,904.3499755859376,885.1500244140625,890.2999877929688,880.5486450195312,66580.0
2023-10-16,890.2000122070312,895.9500122070312,865.0,868.4500122070312,858.93798828125,116256.0
2023-10-17,874.75,880.3499755859375,863.4500122070312,867.4500122070312,857.9489135742188,60870.0
2023-10-18,861.5999755859375,887.1500244140625,861.5999755859375,866.6500244140625,857.15771484375,180593.0
2023-10-19,859.0,879.0,859.0,868.0,858.492919921875,71100.0
2023-10-20,868.0,880.0,862.0999755859375,871.4500122070312,861.9051513671875,58571.0
2023-10-23,865.0,870.6500244140625,807.2999877929688,826.25,817.2001953125,115346.0
2023-10-25,808.4000244140625,846.1500244140625,808.4000244140625,833.25,824.12353515625,140095.0
2023-10-26,821.4000244140625,829.9500122070312,804.0,815.75,806.8152465820312,169210.0
2023-10-27,815.75,847.0,815.75,840.1500244140625,830.947998046875,69075.0
2023-10-30,840.2000122070312,872.0,840.2000122070312,859.5499877929688,850.1354370117188,103912.0
2023-10-31,861.8499755859375,869.0,850.0999755859375,859.5,850.0860595703125,41525.0
2023-11-01,859.5,870.0,852.5499877929688,864.4500122070312,854.9818115234375,59325.0
2023-11-02,865.5,884.5,861.7999877929688,864.25,854.7839965820312,75520.0
2023-11-03,885.0,885.0,870.0,873.0,863.4381713867188,35821.0
2023-11-06,877.0,879.7000122070312,855.7000122070312,860.9500122070312,851.5201416015625,50773.0
2023-11-07,875.0,882.4500122070312,858.0,869.0999755859375,859.580810546875,57426.0
2023-11-08,880.0,905.0,866.2000122070312,897.7999877929688,887.9664916992188,237042.0
2023-11-09,924.0,971.9000244140624,907.0499877929688,912.25,902.25830078125,1572923.0
2023-11-10,909.0499877929688,924.2000122070312,906.0,908.5,898.5493774414062,142205.0
2023-11-13,914.8499755859376,915.9000244140624,890.3499755859375,906.2999877929688,896.3734130859375,71813.0
2023-11-15,922.0,925.0,888.0,897.0,887.17529296875,72694.0
2023-11-16,903.7999877929688,910.4500122070312,893.25,907.1500244140624,897.2141723632812,79058.0
2023-11-17,913.9000244140624,938.0,897.7000122070312,933.0999755859376,922.8798217773438,144803.0
2023-11-20,941.4000244140624,945.7999877929688,912.3499755859376,917.0,906.9562377929688,102368.0
2023-11-21,921.5499877929688,935.0,915.0,926.7000122070312,916.5499877929688,77123.0
2023-11-22,931.0,949.2999877929688,927.0,946.4500122070312,936.0836791992188,106531.0
2023-11-23,947.5,962.2000122070312,940.0,946.0,935.6386108398438,119968.0
2023-11-24,946.0,950.75,920.1500244140624,926.2999877929688,916.1543579101562,57333.0
2023-11-28,933.2999877929688,954.0,920.3499755859376,942.0,931.6824340820312,92158.0
2023-11-29,949.9500122070312,951.3499755859376,932.3499755859376,944.9500122070312,934.60009765625,46632.0
2023-11-30,951.9500122070312,952.0499877929688,922.3499755859376,934.6500244140624,924.4129638671876,168864.0
2023-12-01,940.9500122070312,948.0,919.7000122070312,926.25,916.1049194335938,52152.0
2023-12-04,936.9500122070312,949.6500244140624,906.0499877929688,910.2000122070312,900.230712890625,87309.0
2023-12-05,912.8499755859376,928.25,912.8499755859376,919.5499877929688,909.478271484375,78678.0
2023-12-06,926.1500244140624,926.1500244140624,908.0,912.2000122070312,902.2088012695312,51277.0
2023-12-07,916.6500244140624,916.6500244140624,894.0,900.5499877929688,890.6864013671875,67851.0
2023-12-08,905.0,905.0,872.3499755859375,876.3499755859375,866.7514038085938,78788.0
2023-12-11,876.0,905.9500122070312,874.0,901.9500122070312,892.071044921875,158981.0
2023-12-12,908.0499877929688,922.5,875.2999877929688,881.1500244140625,871.4989013671875,127809.0
2023-12-13,885.7999877929688,887.7000122070312,865.0499877929688,869.7000122070312,860.17431640625,85721.0
2023-12-14,872.0,885.0,860.0999755859375,864.4000244140625,854.932373046875,65256.0
2023-12-15,868.7000122070312,889.4000244140625,847.1500244140625,873.5999755859375,864.0315551757812,285520.0
2023-12-18,873.5999755859375,897.5999755859375,866.4000244140625,880.4000244140625,870.7571411132812,319495.0
2023-12-19,885.0,890.0,875.5999755859375,886.0499877929688,876.34521484375,227362.0
2023-12-20,887.0,900.7999877929688,870.0,874.9000244140625,865.3173828125,103431.0
2023-12-21,865.0,881.0499877929688,860.1500244140625,868.4000244140625,858.8885498046875,81643.0
2023-12-22,865.0,890.6500244140625,862.2999877929688,885.7000122070312,875.9990234375,42770.0
2023-12-26,889.9000244140625,914.0,886.9500122070312,907.7000122070312,897.7581176757812,200735.0
2023-12-27,915.0,918.0,900.2999877929688,912.6500244140624,902.6539306640624,103467.0
2023-12-28,922.0,922.0999755859376,897.0,908.5,898.5493774414062,76853.0
2023-12-29,908.5,917.0,900.6500244140625,910.0,900.0328979492188,175987.0
2024-01-01,914.5499877929688,916.9000244140624,902.0,905.7999877929688,895.87890625,35045.0
2024-01-02,910.8499755859376,933.0,904.2999877929688,931.3499755859376,921.1489868164062,256552.0
2024-01-03,931.9500122070312,938.0999755859376,904.9500122070312,913.6500244140624,903.6429443359376,201640.0
2024-01-04,910.0,930.0,910.0,927.7000122070312,917.5390625,72322.0
2024-01-05,927.0,936.4500122070312,922.5499877929688,933.0,922.781005859375,118781.0
2024-01-08,938.0,940.0,911.5,916.1500244140624,906.1156005859376,48359.0
2024-01-09,920.0,923.0999755859376,912.0,914.5499877929688,904.5330810546876,54926.0
2024-01-10,914.5499877929688,919.0499877929688,900.0999755859375,908.3499755859376,898.4009399414062,54718.0
2024-01-11,912.8499755859376,921.9500122070312,902.0,917.4000244140624,907.3518676757812,36876.0
2024-01-12,924.0499877929688,924.0499877929688,910.2999877929688,918.25,908.1925659179688,85129.0
2024-01-15,920.0,940.0,916.0499877929688,919.5,909.4288940429688,35358.0
2024-01-16,924.0999755859376,928.0499877929688,886.7999877929688,903.4000244140624,893.5052490234375,43428.0
2024-01-17,899.5,909.9000244140624,867.0,903.0999755859376,893.2084350585938,52730.0
2024-01-18,892.3499755859375,902.9500122070312,878.25,893.4000244140625,883.61474609375,47446.0
2024-01-19,899.9500122070312,915.4000244140624,888.4500122070312,891.2000122070312,881.4388427734375,45984.0
2024-01-23,893.9500122070312,898.1500244140625,872.5999755859375,880.0,870.3615112304688,45481.0
2024-01-24,875.0,907.0499877929688,867.5499877929688,896.5,886.6807861328125,187770.0
2024-01-25,910.0,910.5,874.0,889.4000244140625,879.6585693359375,68533.0
2024-01-29,893.7999877929688,935.0,893.0,913.7000122070312,903.6923828125,979254.0
2024-01-30,912.9500122070312,940.0499877929688,911.2999877929688,917.2999877929688,907.2529296875,475105.0
2024-01-31,924.2000122070312,939.7000122070312,906.0,916.25,906.2144775390624,2278260.0
2024-02-01,929.0999755859376,929.0999755859376,902.5,906.6500244140624,896.7196044921875,165577.0
2024-02-02,912.0499877929688,929.7000122070312,882.3499755859375,892.0499877929688,882.2794799804688,735377.0
2024-02-05,906.0,910.7999877929688,883.5499877929688,885.7999877929688,876.0979614257812,123372.0
2024-02-06,890.25,900.0,878.9000244140625,884.4500122070312,874.7627563476562,153059.0
2024-02-07,884.0,912.0,884.0,907.8499755859376,897.9063720703125,181094.0
2024-02-08,921.75,951.0,908.5499877929688,943.25,932.9187622070312,549266.0
2024-02-09,951.0499877929688,962.9000244140624,898.7000122070312,910.2000122070312,900.230712890625,272453.0
2024-02-12,910.0,942.2000122070312,905.0999755859376,913.4000244140624,903.3956909179688,168704.0
2024-02-13,917.0,934.5,903.0999755859376,923.7999877929688,913.6817626953124,95782.0
2024-02-14,934.0,939.7999877929688,851.0999755859375,865.5499877929688,856.0697631835938,690965.0
2024-02-15,866.0,877.0,846.3499755859375,856.4500122070312,847.0693969726562,382370.0
2024-02-16,866.6500244140625,922.0,859.5499877929688,888.5999755859375,878.8672485351562,464471.0
2024-02-19,890.0,890.0499877929688,859.0999755859375,862.75,853.3004760742188,179296.0
2024-02-20,869.0,869.0499877929688,851.5,853.1500244140625,843.8056030273438,125854.0
2024-02-21,848.0499877929688,859.8499755859375,848.0499877929688,855.75,846.3771362304688,114109.0
2024-02-22,860.0499877929688,874.75,850.9500122070312,868.25,858.740234375,141781.0
2024-02-23,871.75,877.3499755859375,862.0,875.5,865.9107666015625,61675.0
2024-02-26,879.6500244140625,899.4500122070312,873.0,879.9500122070312,870.31201171875,92073.0
2024-02-27,885.0,886.5499877929688,866.0,872.5499877929688,862.9930419921875,103414.0
2024-02-28,875.1500244140625,880.0499877929688,862.1500244140625,872.3499755859375,862.7952270507812,71370.0
2024-02-29,878.0,889.9500122070312,860.2999877929688,883.0499877929688,873.3780517578125,399136.0
2024-03-01,886.5999755859375,892.0,873.0,886.0499877929688,876.34521484375,61528.0
2024-03-04,886.8499755859375,898.0,880.0,889.25,879.5101928710938,217621.0
2024-03-05,892.0,894.9500122070312,880.0,888.7000122070312,878.9661865234375,39869.0
2024-03-06,899.0,907.75,871.0,894.9000244140625,885.0983276367188,188862.0
2024-03-07,886.0499877929688,917.75,884.5499877929688,907.2999877929688,897.3624877929688,277359.0
2024-03-11,912.0999755859376,934.5499877929688,895.5,900.4500122070312,890.5875244140625,544316.0
2024-03-12,905.5499877929688,925.0,856.2999877929688,878.0999755859375,868.4822387695312,368619.0
2024-03-13,878.0999755859375,878.0999755859375,809.1500244140625,831.2999877929688,822.1948852539062,208861.0
2024-03-14,833.9500122070312,871.7999877929688,824.25,862.7000122070312,853.2509765625,387589.0
2024-03-15,862.0499877929688,862.4000244140625,837.0499877929688,844.9500122070312,835.6953735351562,498196.0
2024-03-18,845.0,855.5,832.0999755859375,845.9000244140625,836.635009765625,88374.0
2024-03-19,837.4500122070312,854.0,836.5499877929688,847.25,837.97021484375,42191.0
2024-03-20,851.5,851.5,835.0,840.2000122070312,830.9974365234375,33613.0
2024-03-21,843.5499877929688,852.0,837.0,843.0,833.7667846679688,99725.0
2024-03-22,843.0,845.7999877929688,837.1500244140625,842.9500122070312,833.71728515625,26036.0
2024-03-26,845.0,850.0,834.0,843.6500244140625,834.40966796875,146410.0
2024-03-27,843.6500244140625,849.5,836.0999755859375,841.0,831.7886962890625,55713.0
2024-03-28,848.0,862.1500244140625,832.0,843.3499755859375,834.1128540039062,59652.0
2024-04-01,843.9000244140625,854.9000244140625,843.9000244140625,850.0499877929688,840.739501953125,52808.0
2024-04-02,853.0499877929688,858.5999755859375,842.25,845.1500244140625,835.8932495117188,114330.0
2024-04-03,845.1500244140625,852.0,839.0499877929688,851.0999755859375,841.7779541015625,53304.0
2024-04-04,855.25,857.4500122070312,838.0,839.7000122070312,830.5028686523438,97322.0
2024-04-05,839.0,855.4000244140625,838.9500122070312,851.3499755859375,842.0252075195312,81001.0
2024-04-08,852.0,861.5,842.2000122070312,845.7999877929688,836.5360717773438,158387.0
2024-04-09,850.0499877929688,853.0,839.0,842.0999755859375,832.8765258789062,58606.0
2024-04-10,841.8499755859375,853.0,841.0,846.0,836.73388671875,26404.0
2024-04-12,846.0,852.25,839.6500244140625,847.3499755859375,838.0690307617188,46135.0
2024-04-15,845.0,857.0,824.2999877929688,854.0,844.6463012695312,104329.0
2024-04-16,846.0,870.0,846.0,867.1500244140625,857.6522827148438,122443.0
2024-04-18,869.2000122070312,885.0,860.0,870.2999877929688,860.7677001953125,120833.0
2024-04-19,860.0,879.9000244140625,855.0,875.0999755859375,865.5150756835938,149470.0
2024-04-22,881.75,885.0,872.3499755859375,881.5499877929688,871.8944702148438,41772.0
2024-04-23,881.5499877929688,894.0,869.0499877929688,883.0,873.3286743164062,67503.0
2024-04-24,883.5,890.25,868.0,870.0999755859375,860.5698852539062,37146.0
2024-04-25,866.5499877929688,886.4500122070312,860.0499877929688,883.5999755859375,873.9219970703125,62936.0
2024-04-26,884.5999755859375,897.2999877929688,875.0,892.9500122070312,883.1696166992188,58767.0
2024-04-29,898.0,905.2999877929688,886.0499877929688,893.5,883.713623046875,44956.0
2024-04-30,895.4500122070312,899.4000244140625,882.3499755859375,895.9500122070312,886.1367797851562,535447.0
2024-05-02,895.9500122070312,902.9500122070312,882.6500244140625,890.25,880.499267578125,359161.0
2024-05-03,896.7000122070312,909.7000122070312,865.0,869.7000122070312,860.17431640625,425044.0
2024-05-06,869.0,889.7999877929688,869.0,871.2000122070312,861.6578979492188,69079.0
2024-05-07,877.25,884.9500122070312,852.4000244140625,868.75,859.2347412109375,587262.0
2024-05-08,869.9500122070312,879.0,857.9000244140625,873.3499755859375,863.7843017578125,102187.0
2024-05-09,872.0,876.0,840.0,848.0999755859375,838.8108520507812,63412.0
2024-05-10,845.0,862.0,840.0999755859375,856.25,846.8716430664062,21501.0
2024-05-13,853.75,858.4000244140625,833.5499877929688,850.0499877929688,840.739501953125,63727.0
2024-05-14,850.0499877929688,878.9000244140625,848.0499877929688,875.9500122070312,866.3558349609375,48420.0
2024-05-15,877.25,900.9000244140624,864.0999755859375,888.0,878.2738647460938,538717.0
2024-05-16,899.9000244140625,906.0,875.1500244140625,880.7000122070312,871.0538330078125,82697.0
2024-05-17,887.0,891.0,865.0,886.5,876.7903442382812,106903.0
2024-05-21,893.0,920.9000244140624,885.0999755859375,907.9500122070312,898.00537109375,165441.0
2024-05-22,907.0,918.0,874.5999755859375,907.7000122070312,897.7581176757812,177977.0
2024-05-23,907.9500122070312,908.2999877929688,882.5,885.25,875.5540161132812,368742.0
2024-05-24,883.25,890.8499755859375,875.0,877.75,868.1361694335938,298899.0
2024-05-27,884.4500122070312,889.4000244140625,877.75,882.1500244140625,872.4879760742188,37088.0
2024-05-28,883.2999877929688,909.0,882.2000122070312,900.9500122070312,891.08203125,154155.0
2024-05-29,895.0,917.0,894.75,912.0999755859376,902.10986328125,93428.0
2024-05-30,912.4500122070312,916.7999877929688,906.7000122070312,913.0499877929688,903.0494995117188,63072.0
2024-05-31,918.0,925.0,901.6500244140624,916.0999755859376,906.0660400390624,295123.0
2024-06-03,926.0,926.0,901.5,914.75,904.7308959960938,66221.0
2024-06-04,914.75,925.0,815.8499755859375,910.4500122070312,900.4779663085938,161244.0
2024-06-05,896.7999877929688,950.0,885.2999877929688,917.3499755859376,907.3023681640624,208042.0
2024-06-06,932.7000122070312,992.25,920.0,977.8499755859376,967.1397094726562,768455.0
2024-06-07,990.0,1008.0,977.0,994.4500122070312,983.5579223632812,604562.0
2024-06-10,1015.0,1053.9000244140625,998.5,1015.8499755859376,1004.7235107421876,505556.0
2024-06-11,1027.8499755859375,1040.0,997.0,1005.1500244140624,994.1407470703124,338387.0
2024-06-12,1013.9500122070312,1027.550048828125,1008.0499877929688,1014.75,1003.6356201171876,74964.0
2024-06-13,1014.75,1030.0,1004.75,1023.25,1012.0425415039062,54371.0
2024-06-14,1030.300048828125,1030.9000244140625,1001.0,1008.7999877929688,997.750732421875,103201.0
2024-06-18,1009.0,1050.0,1009.0,1048.449951171875,1036.9664306640625,220587.0
2024-06-19,1050.0,1066.300048828125,1033.5,1042.800048828125,1031.37841796875,231038.0
2024-06-20,1044.6500244140625,1046.550048828125,1030.0,1031.800048828125,1020.4989013671876,35927.0
2024-06-21,1031.800048828125,1050.699951171875,1031.800048828125,1042.9000244140625,1031.477294921875,51485.0
2024-06-24,1042.9000244140625,1066.9000244140625,1035.0,1040.199951171875,1028.806884765625,136742.0
2024-06-25,1040.300048828125,1045.4000244140625,1010.9500122070312,1014.75,1003.6356201171876,60181.0
2024-06-26,1019.2999877929688,1055.0,1003.9000244140624,1043.0999755859375,1031.675048828125,136297.0
2024-06-27,1047.9000244140625,1059.949951171875,1013.1500244140624,1030.449951171875,1019.16357421875,114221.0
2024-06-28,1035.6500244140625,1049.3499755859375,1015.6500244140624,1023.4500122070312,1012.2402954101562,55740.0
2024-07-01,1025.0,1058.949951171875,1025.0,1050.1500244140625,1038.64794921875,80293.0
2024-07-02,1050.1500244140625,1090.0,1028.1500244140625,1040.0999755859375,1028.7078857421875,264059.0
2024-07-03,1032.300048828125,1054.8499755859375,1032.199951171875,1043.25,1031.8233642578125,65021.0
2024-07-04,1044.050048828125,1060.050048828125,1021.6500244140624,1030.1500244140625,1018.866943359375,101322.0
2024-07-05,1034.0,1047.3499755859375,1007.0999755859376,1011.9500122070312,1000.8662719726562,110955.0
2024-07-08,1016.9000244140624,1032.8499755859375,1009.0,1030.4000244140625,1019.1141967773438,77548.0
2024-07-09,1034.300048828125,1057.25,1027.5,1033.800048828125,1022.4769287109376,85554.0
2024-07-10,1038.949951171875,1063.6500244140625,1015.0999755859376,1036.199951171875,1024.8507080078125,83247.0
2024-07-11,1041.4000244140625,1047.0,1027.699951171875,1036.8499755859375,1025.4935302734375,30942.0
2024-07-12,1036.8499755859375,1073.8499755859375,1029.5,1043.25,1031.8233642578125,70253.0
2024-07-15,1045.0,1045.0,987.0999755859376,1015.2999877929688,1004.1795654296876,2618048.0
2024-07-16,1022.9000244140624,1043.0,1003.2000122070312,1015.4500122070312,1004.3279418945312,152134.0
2024-07-18,1027.75,1039.8499755859375,1014.0499877929688,1026.5999755859375,1015.3557739257812,250685.0
2024-07-19,1031.6500244140625,1031.75,1002.75,1006.2999877929688,995.2781372070312,53611.0
2024-07-22,1005.0,1019.9000244140624,993.9500122070312,1014.9500122070312,1003.8333740234376,43002.0
2024-07-23,1010.0,1043.0,1001.0,1037.300048828125,1025.9385986328125,98905.0
2024-07-24,1031.949951171875,1055.199951171875,1021.7999877929688,1048.699951171875,1037.2137451171875,67610.0
2024-07-25,1032.0,1077.5,1032.0,1069.949951171875,1058.23095703125,111053.0
2024-07-26,1073.949951171875,1098.6500244140625,1057.6500244140625,1073.5,1061.7421875,161475.0
2024-07-29,1099.0,1134.300048828125,1031.699951171875,1099.75,1087.70458984375,879701.0
2024-07-30,1099.1500244140625,1131.949951171875,1096.0,1125.75,1113.4197998046875,115928.0
2024-07-31,1130.0,1135.0,1120.25,1132.75,1120.3431396484375,77386.0
2024-08-01,1130.0,1142.800048828125,1108.8499755859375,1119.3499755859375,1107.0899658203125,156780.0
2024-08-02,1108.0,1137.9000244140625,1095.0,1121.0,1108.721923828125,339441.0
2024-08-05,1081.0,1112.0,1051.050048828125,1078.9000244140625,1067.0828857421875,197733.0
2024-08-06,1080.300048828125,1127.9000244140625,1080.0,1106.800048828125,1094.677490234375,126895.0
2024-08-07,1112.3499755859375,1155.9000244140625,1110.050048828125,1121.800048828125,1109.51318359375,629401.0
2024-08-08,1133.0,1175.0,1128.5999755859375,1164.8499755859375,1152.091552734375,312945.0
2024-08-09,1161.0,1209.75,1160.0,1198.050048828125,1184.927978515625,263929.0
2024-08-12,1206.6500244140625,1217.0,1195.0,1206.050048828125,1192.84033203125,204164.0
2024-08-13,1191.0999755859375,1217.25,1173.300048828125,1200.050048828125,1186.906005859375,1026892.0
2024-08-14,1200.8499755859375,1210.0,1159.050048828125,1175.449951171875,1162.575439453125,95477.0
2024-08-16,1199.050048828125,1225.0,1165.0,1209.6500244140625,1196.40087890625,230279.0
2024-08-19,1221.6500244140625,1223.949951171875,1181.0999755859375,1193.25,1180.180419921875,95234.0
2024-08-20,1213.0,1219.5,1175.9000244140625,1209.699951171875,1196.4503173828125,98646.0
2024-08-21,1218.75,1230.0,1195.0,1212.800048828125,1199.5164794921875,145382.0
2024-08-22,1240.0,1252.4000244140625,1227.0,1238.8499755859375,1225.2811279296875,310030.0
2024-08-23,1250.699951171875,1279.6500244140625,1206.0,1263.050048828125,1249.2159423828125,216937.0
2024-08-26,1254.25,1280.0,1249.4000244140625,1274.5999755859375,1260.639404296875,183375.0
2024-08-27,1280.0,1299.0,1260.050048828125,1292.550048828125,1278.392822265625,141460.0
2024-08-28,1292.550048828125,1351.0,1250.5999755859375,1331.5999755859375,1317.01513671875,198544.0
2024-08-29,1320.0,1399.0,1317.199951171875,1342.5999755859375,1327.8946533203125,506023.0
2024-08-30,1335.0,1396.199951171875,1323.0,1388.199951171875,1372.9951171875,159411.0
2024-09-02,1389.050048828125,1425.0,1383.050048828125,1420.75,1405.188720703125,199147.0
2024-09-03,1420.75,1473.0,1417.0,1454.550048828125,1438.6185302734375,331326.0
2024-09-04,1455.0,1495.0,1437.0,1444.4000244140625,1428.5797119140625,322084.0
2024-09-05,1456.449951171875,1492.8499755859375,1450.0,1459.8499755859375,1443.8604736328125,188531.0
2024-09-06,1469.0,1522.050048828125,1427.199951171875,1448.449951171875,1432.5853271484375,506644.0
2024-09-09,1480.0,1488.449951171875,1452.550048828125,1461.199951171875,1445.195556640625,381777.0
2024-09-10,1468.550048828125,1479.0,1437.0,1468.699951171875,1452.6134033203125,161215.0
2024-09-11,1479.5999755859375,1479.5999755859375,1435.0,1452.699951171875,1436.7886962890625,106571.0
2024-09-12,1463.0,1463.0,1420.199951171875,1435.3499755859375,1419.6287841796875,98868.0
2024-09-13,1442.5,1442.5,1350.050048828125,1392.449951171875,1377.1986083984375,320081.0
2024-09-16,1380.0,1411.4000244140625,1365.050048828125,1389.449951171875,1374.2314453125,192373.0
2024-09-17,1389.4000244140625,1413.449951171875,1379.449951171875,1394.050048828125,1378.7811279296875,151019.0
2024-09-18,1394.25,1422.1500244140625,1374.800048828125,1397.050048828125,1381.748291015625,123552.0
2024-09-19,1399.949951171875,1451.699951171875,1397.0,1409.0,1393.5675048828125,357288.0
2024-09-20,1409.0,1428.949951171875,1304.949951171875,1366.699951171875,1351.730712890625,2628085.0
2024-09-23,1345.1500244140625,1349.1500244140625,1318.0,1324.5999755859375,1310.091796875,107600.0
2024-09-24,1324.5,1328.300048828125,1295.550048828125,1307.800048828125,1293.4759521484375,278889.0
2024-09-25,1314.3499755859375,1320.8499755859375,1275.9000244140625,1284.5,1270.4310302734375,69651.0
2024-09-26,1289.3499755859375,1289.699951171875,1260.0,1274.6500244140625,1260.68896484375,82755.0
2024-09-27,1274.6500244140625,1277.550048828125,1248.5999755859375,1267.550048828125,1253.666748046875,162713.0
2024-09-30,1273.9000244140625,1349.0,1268.0,1332.699951171875,1318.1031494140625,624473.0
2024-10-01,1332.699951171875,1368.4000244140625,1311.75,1324.25,1309.74560546875,208988.0
2024-10-03,1326.0,1389.0,1310.0,1330.0,1315.4327392578125,3135062.0
2024-10-04,1330.0,1358.0,1312.0,1350.5999755859375,1335.8070068359375,171443.0
2024-10-07,1350.5999755859375,1374.800048828125,1305.0,1324.050048828125,1309.5478515625,186273.0
2024-10-08,1324.050048828125,1374.4000244140625,1320.050048828125,1369.949951171875,1354.945068359375,162797.0
2024-10-09,1379.9000244140625,1438.449951171875,1378.050048828125,1423.0999755859375,1407.512939453125,284772.0
2024-10-10,1440.1500244140625,1440.8499755859375,1389.800048828125,1395.9000244140625,1380.61083984375,73309.0
2024-10-11,1402.449951171875,1403.949951171875,1380.0,1386.4000244140625,1371.2149658203125,45084.0
2024-10-14,1387.949951171875,1391.449951171875,1366.1500244140625,1370.3499755859375,1355.3408203125,53712.0
2024-10-15,1377.25,1401.0,1366.1500244140625,1369.449951171875,1354.4505615234375,62398.0
2024-10-16,1379.0,1397.25,1350.0,1370.0,1354.99462890625,84468.0
2024-10-17,1370.0,1378.199951171875,1335.0,1349.699951171875,1334.9169921875,48808.0
2024-10-18,1339.699951171875,1370.0,1311.25,1345.300048828125,1330.565185546875,32440.0
2024-10-21,1345.0,1363.75,1323.550048828125,1327.8499755859375,1313.3062744140625,62538.0
2024-10-22,1335.0,1340.8499755859375,1250.3499755859375,1272.8499755859375,1258.90869140625,85112.0
2024-10-23,1265.0,1301.8499755859375,1260.8499755859375,1276.8499755859375,1262.8648681640625,59573.0
2024-10-24,1272.0,1303.199951171875,1270.0,1283.800048828125,1269.73876953125,43586.0
2024-10-25,1282.5,1299.0,1213.050048828125,1292.0,1277.8489990234375,309507.0
2024-10-28,1274.3499755859375,1290.449951171875,1261.9000244140625,1281.0,1266.969482421875,63340.0
2024-10-29,1289.0,1350.0,1279.550048828125,1302.550048828125,1288.2833251953125,66137.0
2024-10-30,1302.550048828125,1313.550048828125,1279.050048828125,1290.0999755859375,1275.9697265625,61634.0
2024-10-31,1280.0,1337.9000244140625,1280.0,1323.1500244140625,1308.65771484375,75830.0
2024-11-01,1327.0,1350.0,1323.1500244140625,1347.1500244140625,1332.3948974609375,10235.0
2024-11-04,1345.0,1347.1500244140625,1302.0,1317.550048828125,1303.1190185546875,67879.0
2024-11-05,1298.25,1321.449951171875,1287.0,1311.550048828125,1297.184814453125,50539.0
2024-11-06,1311.550048828125,1340.0,1290.3499755859375,1301.3499755859375,1287.0965576171875,85855.0
2024-11-07,1303.0,1311.800048828125,1289.5999755859375,1302.3499755859375,1288.0855712890625,31712.0
2024-11-08,1305.75,1320.0,1287.300048828125,1306.25,1291.9427490234375,25878.0
2024-11-11,1312.0,1329.5,1298.300048828125,1323.4000244140625,1308.905029296875,42603.0
2024-11-12,1326.699951171875,1397.0,1326.6500244140625,1369.449951171875,1354.4505615234375,280997.0
2024-11-13,1374.25,1396.5,1309.550048828125,1329.1500244140625,1314.592041015625,115612.0
2024-11-14,1329.1500244140625,1368.3499755859375,1317.6500244140625,1352.75,1337.9334716796875,49146.0
2024-11-18,1350.0,1362.9000244140625,1326.5999755859375,1353.3499755859375,1338.5269775390625,32907.0
2024-11-19,1341.050048828125,1435.550048828125,1341.050048828125,1368.449951171875,1353.4615478515625,215614.0
2024-11-21,1375.0,1376.75,1349.3499755859375,1366.9000244140625,1351.928466796875,27686.0
2024-11-22,1376.949951171875,1395.5,1361.6500244140625,1374.199951171875,1359.1484375,35615.0
2024-11-25,1405.0,1489.0,1380.0,1473.75,1457.608154296875,745527.0
2024-11-26,1496.699951171875,1496.699951171875,1464.9000244140625,1476.300048828125,1460.13037109375,236685.0
2024-11-27,1487.4000244140625,1494.0,1465.0,1469.5999755859375,1453.503662109375,37243.0
2024-11-28,1478.0,1482.9000244140625,1400.3499755859375,1418.0999755859375,1402.5677490234375,76098.0
2024-11-29,1414.5,1464.0,1409.550048828125,1440.1500244140625,1424.3763427734375,304661.0
2024-12-02,1450.949951171875,1490.0,1442.0,1461.699951171875,1445.6900634765625,209659.0
2024-12-03,1477.0,1485.0,1453.5,1471.199951171875,1455.0860595703125,157700.0
2024-12-04,1490.0,1543.5,1442.699951171875,1471.300048828125,1455.1851806640625,437507.0
2024-12-05,1472.0,1482.25,1435.0,1450.0,1434.118408203125,115719.0
2024-12-06,1451.050048828125,1469.75,1440.1500244140625,1458.5999755859375,1442.6241455078125,34402.0
2024-12-09,1464.300048828125,1508.9000244140625,1459.0,1497.050048828125,1480.653076171875,123427.0
2024-12-10,1503.4000244140625,1524.5999755859375,1472.6500244140625,1506.1500244140625,1489.6534423828125,165865.0
2024-12-11,1512.0,1593.9000244140625,1482.449951171875,1522.699951171875,1506.02197265625,625378.0
2024-12-12,1529.0,1531.550048828125,1500.0,1512.9000244140625,1496.3294677734375,49467.0
2024-12-13,1516.0,1516.0,1445.050048828125,1464.949951171875,1448.904541015625,123796.0
2024-12-16,1465.0,1483.25,1410.050048828125,1421.75,1406.177734375,168437.0
2024-12-17,1421.75,1436.25,1407.8499755859375,1412.1500244140625,1396.6829833984375,63697.0
2024-12-18,1409.550048828125,1422.75,1380.699951171875,1389.300048828125,1374.083251953125,96702.0
2024-12-19,1383.8499755859375,1414.300048828125,1376.25,1394.0999755859375,1378.83056640625,88624.0
2024-12-20,1394.0999755859375,1406.5,1365.0,1380.300048828125,1365.181884765625,169927.0
2024-12-23,1380.300048828125,1390.1500244140625,1317.6500244140625,1336.6500244140625,1322.0098876953125,70776.0
2024-12-24,1327.0999755859375,1348.8499755859375,1320.8499755859375,1342.25,1327.5484619140625,41162.0
2024-12-26,1338.050048828125,1358.9000244140625,1335.0,1353.0999755859375,1338.2796630859375,29582.0
2024-12-27,1353.0999755859375,1359.699951171875,1341.5,1347.3499755859375,1332.5926513671875,28063.0
2024-12-30,1347.3499755859375,1397.949951171875,1342.0,1384.550048828125,1369.38525390625,103324.0
2024-12-31,1376.0,1387.75,1354.550048828125,1373.699951171875,1358.6539306640625,39727.0
2025-01-01,1380.0,1400.949951171875,1325.0,1331.300048828125,1316.718505859375,96108.0
2025-01-02,1347.5,1364.949951171875,1279.050048828125,1321.300048828125,1306.8280029296875,156498.0
2025-01-03,1321.0,1329.5999755859375,1293.0,1297.3499755859375,1283.140380859375,159901.0
2025-01-06,1313.800048828125,1313.800048828125,1265.050048828125,1274.6500244140625,1260.68896484375,69773.0
2025-01-07,1283.949951171875,1313.199951171875,1270.75,1301.0999755859375,1286.8492431640625,61438.0
2025-01-08,1301.9000244140625,1317.699951171875,1281.800048828125,1298.5,1284.2777099609375,58802.0
2025-01-09,1293.0,1319.0,1288.050048828125,1300.9000244140625,1286.6513671875,109951.0
2025-01-10,1295.050048828125,1300.9000244140625,1270.0,1287.4000244140625,1273.29931640625,77040.0
2025-01-13,1268.0999755859375,1285.449951171875,1227.6500244140625,1248.449951171875,1234.77587890625,103826.0
2025-01-14,1240.0,1285.949951171875,1224.3499755859375,1278.1500244140625,1264.150634765625,121599.0
2025-01-15,1266.5,1306.449951171875,1266.5,1300.300048828125,1286.05810546875,243134.0
2025-01-16,1300.0,1326.4000244140625,1287.0,1300.25,1286.008544921875,67721.0
2025-01-17,1300.5,1308.449951171875,1280.449951171875,1290.1500244140625,1276.0191650390625,43094.0
2025-01-20,1277.0,1297.9000244140625,1266.3499755859375,1279.75,1265.7330322265625,48191.0
2025-01-21,1286.5,1287.0,1255.550048828125,1266.300048828125,1252.430419921875,15656.0
2025-01-22,1258.1500244140625,1267.050048828125,1225.6500244140625,1237.5999755859375,1224.044677734375,114212.0
2025-01-23,1222.0,1256.8499755859375,1222.0,1246.5999755859375,1232.9461669921875,64777.0
2025-01-24,1249.699951171875,1253.0,1197.5999755859375,1202.5999755859375,1189.4281005859375,51139.0
2025-01-27,1202.5999755859375,1203.0,1131.6500244140625,1153.0999755859375,1140.47021484375,92970.0
2025-01-28,1159.199951171875,1178.75,1140.550048828125,1155.8499755859375,1143.190185546875,83613.0
2025-01-29,1145.3499755859375,1181.199951171875,1144.1500244140625,1175.5,1162.625,51104.0
2025-01-30,1183.0,1215.75,1175.9000244140625,1193.4000244140625,1180.328857421875,59418.0
2025-01-31,1199.699951171875,1254.300048828125,1199.699951171875,1228.050048828125,1214.599365234375,161360.0
2025-02-01,1228.050048828125,1248.0,1194.8499755859375,1239.5,1225.9239501953125,43436.0
2025-02-03,1230.0,1255.25,1194.050048828125,1249.75,1236.0616455078125,162992.0
2025-02-04,1245.4000244140625,1260.4000244140625,1175.550048828125,1231.9000244140625,1218.4071044921875,286895.0
2025-02-05,1230.0,1429.0,1230.0,1390.199951171875,1374.9732666015625,2394485.0
2025-02-06,1162.0,1498.4000244140625,1162.0,1453.75,1437.8272705078125,1118917.0
2025-02-07,1430.0,1499.9000244140625,1375.0,1478.9000244140625,1462.7017822265625,614173.0
2025-02-10,1464.1500244140625,1466.75,1367.0999755859375,1406.0,1390.600341796875,425474.0
2025-02-11,1385.1500244140625,1405.0,1322.1500244140625,1333.3499755859375,1318.7459716796875,171185.0
2025-02-12,1340.0,1340.25,1286.050048828125,1301.949951171875,1287.6898193359375,73771.0
2025-02-13,1277.0,1303.550048828125,1262.199951171875,1265.1500244140625,1258.397216796875,67326.0
2025-02-14,1265.1500244140625,1284.6500244140625,1223.0,1248.800048828125,1242.1343994140625,92373.0
2025-02-17,1248.800048828125,1287.4000244140625,1230.449951171875,1251.949951171875,1245.267578125,121315.0
2025-02-18,1252.0,1277.8499755859375,1210.199951171875,1248.9000244140625,1242.23388671875,75876.0
2025-02-19,1248.9000244140625,1294.0,1231.050048828125,1283.199951171875,1276.3507080078125,80180.0
2025-02-20,1290.0,1292.9000244140625,1266.0,1275.8499755859375,1269.0400390625,79363.0
2025-02-21,1275.8499755859375,1300.949951171875,1260.0,1279.1500244140625,1272.3223876953125,66374.0
2025-02-24,1277.8499755859375,1283.9000244140625,1244.050048828125,1259.449951171875,1252.7275390625,31788.0
2025-02-25,1254.300048828125,1280.4000244140625,1228.1500244140625,1236.3499755859375,1229.7508544921875,105931.0
2025-02-27,1226.550048828125,1255.949951171875,1186.0,1215.5999755859375,1209.111572265625,70480.0
2025-02-28,1200.0999755859375,1217.0,1158.75,1182.800048828125,1176.4866943359375,184507.0
2025-03-03,1182.800048828125,1194.3499755859375,1140.449951171875,1180.949951171875,1174.646484375,82605.0
2025-03-04,1155.0,1202.050048828125,1152.449951171875,1195.4000244140625,1189.0194091796875,41479.0
2025-03-05,1201.699951171875,1240.75,1199.199951171875,1232.6500244140625,1226.0706787109375,56953.0
2025-03-06,1241.5,1318.0,1236.0999755859375,1269.5999755859375,1262.8233642578125,278442.0
2025-03-07,1275.8499755859375,1289.5999755859375,1258.4000244140625,1275.449951171875,1268.64208984375,78659.0
2025-03-10,1265.5999755859375,1287.0,1257.050048828125,1271.75,1264.9619140625,63221.0
2025-03-11,1273.300048828125,1289.0,1258.949951171875,1268.050048828125,1261.28173828125,62131.0
2025-03-12,1274.699951171875,1303.5,1225.0,1265.3499755859375,1258.5960693359375,105460.0
2025-03-13,1257.8499755859375,1274.9000244140625,1241.300048828125,1254.75,1248.0526123046875,45777.0
2025-03-17,1254.75,1273.800048828125,1241.8499755859375,1263.050048828125,1256.308349609375,65823.0
2025-03-18,1263.050048828125,1263.050048828125,1263.050048828125,1263.050048828125,1256.308349609375,0.0
2025-03-19,1291.800048828125,1375.0,1280.550048828125,1340.699951171875,1333.5438232421875,87773.0
2025-03-20,1355.0,1499.0,1350.0,1366.949951171875,1359.6536865234375,1826519.0
2025-03-21,1356.0,1401.1500244140625,1317.550048828125,1390.9000244140625,1383.4759521484375,230604.0
2025-03-24,1405.0,1405.0,1341.699951171875,1360.0999755859375,1352.84033203125,98612.0
2025-03-25,1366.9000244140625,1377.0,1329.800048828125,1356.0,1348.76220703125,69019.0
2025-03-26,1356.0,1363.0,1305.449951171875,1314.6500244140625,1307.6329345703125,40892.0
2025-03-27,1314.0,1430.0,1261.0,1405.449951171875,1397.9482421875,339881.0
2025-03-28,1405.0,1425.0,1388.4000244140625,1417.3499755859375,1409.7847900390625,86566.0
2025-04-01,1400.0,1406.949951171875,1370.0,1390.0,1382.5806884765625,64068.0
2025-04-02,1390.0,1399.0,1362.75,1372.6500244140625,1365.3233642578125,219051.0
2025-04-03,1383.1500244140625,1420.0,1357.699951171875,1368.25,1360.94677734375,80612.0
2025-04-04,1360.0,1370.0,1305.1500244140625,1321.300048828125,1314.2474365234375,145086.0
2025-04-07,1097.199951171875,1290.0,1097.199951171875,1274.6500244140625,1267.846435546875,130008.0
2025-04-08,1283.3499755859375,1350.0,1256.25,1320.75,1313.7003173828125,69569.0
2025-04-09,1309.800048828125,1377.0,1280.5999755859375,1359.5999755859375,1352.343017578125,195478.0
2025-04-11,1359.050048828125,1397.0999755859375,1325.0,1384.800048828125,1377.4085693359375,177773.0
2025-04-15,1429.0,1444.0,1365.0,1381.800048828125,1374.424560546875,80546.0
2025-04-16,1389.0,1407.800048828125,1360.0,1400.5,1393.024658203125,66266.0
2025-04-17,1384.0,1403.5999755859375,1372.0,1383.0,1375.6181640625,41653.0
2025-04-21,1379.199951171875,1397.5999755859375,1357.0,1382.9000244140625,1375.5186767578125,81152.0
2025-04-22,1370.0,1417.5,1363.0999755859375,1399.4000244140625,1391.9305419921875,120248.0
2025-04-23,1415.0,1490.0,1405.5,1474.199951171875,1466.331298828125,647268.0
2025-04-24,1490.0,1521.800048828125,1426.800048828125,1512.0,1503.9295654296875,433232.0
2025-04-25,1512.0,1512.0,1444.9000244140625,1468.199951171875,1460.36328125,159296.0
2025-04-28,1468.199951171875,1509.9000244140625,1457.199951171875,1486.300048828125,1478.3668212890625,182117.0
2025-04-29,1500.0,1500.5,1457.0,1464.800048828125,1456.9815673828125,150674.0
2025-04-30,1454.5,1459.9000244140625,1417.0999755859375,1432.0999755859375,1424.4560546875,107682.0
2025-05-02,1440.0999755859375,1535.0,1440.0999755859375,1490.0,1482.0469970703125,390519.0
2025-05-05,1518.0,1519.699951171875,1480.0999755859375,1507.0,1498.956298828125,251347.0
2025-05-06,1509.0,1513.800048828125,1448.800048828125,1459.0,1451.21240234375,105149.0
2025-05-07,1429.800048828125,1476.0,1404.0,1466.9000244140625,1459.0703125,95642.0
2025-05-08,1474.5999755859375,1499.0,1450.699951171875,1465.5,1457.677734375,145646.0
2025-05-09,1450.0,1472.0,1403.0,1456.0,1448.228515625,113370.0
2025-05-12,1471.300048828125,1499.0,1385.5,1404.9000244140625,1397.4012451171875,321629.0
2025-05-13,1397.699951171875,1475.0,1397.699951171875,1444.800048828125,1437.0882568359375,278335.0
2025-05-14,1445.9000244140625,1495.0,1417.0999755859375,1479.800048828125,1471.9014892578125,144917.0
2025-05-15,1483.9000244140625,1513.9000244140625,1450.4000244140625,1482.4000244140625,1474.487548828125,360590.0
2025-05-16,1488.0,1491.0,1454.0999755859375,1464.5999755859375,1456.7825927734375,57235.0
2025-05-19,1460.199951171875,1468.199951171875,1402.5999755859375,1443.699951171875,1435.9940185546875,195014.0
2025-05-20,1466.800048828125,1539.0,1443.699951171875,1470.199951171875,1462.3526611328125,336501.0
2025-05-21,1470.199951171875,1549.9000244140625,1355.699951171875,1505.9000244140625,1497.8621826171875,743062.0
2025-05-22,1505.9000244140625,1534.0,1485.0,1519.800048828125,1511.68798828125,226685.0
2025-05-23,1517.0,1566.0,1495.800048828125,1504.300048828125,1496.270751953125,178257.0
2025-05-26,1502.4000244140625,1572.0,1486.0,1541.4000244140625,1533.172607421875,323464.0
2025-05-27,1549.9000244140625,1605.0999755859375,1542.0999755859375,1570.5,1562.1173095703125,424974.0
2025-05-28,1575.800048828125,1619.0,1574.0999755859375,1610.699951171875,1602.1026611328125,284410.0
2025-05-29,1613.0,1664.300048828125,1587.5,1615.699951171875,1607.0760498046875,219419.0
2025-05-30,1618.0999755859375,1618.699951171875,1575.0999755859375,1581.800048828125,1573.3570556640625,178142.0
2025-06-02,1555.0,1585.699951171875,1538.300048828125,1566.0999755859375,1557.74072265625,250606.0
2025-06-03,1550.0999755859375,1618.0,1550.0999755859375,1603.699951171875,1595.1400146484375,156689.0
2025-06-04,1603.699951171875,1620.0,1585.800048828125,1605.0,1596.43310546875,91161.0
2025-06-05,1605.0,1658.199951171875,1605.0,1651.800048828125,1642.9833984375,137816.0
2025-06-06,1647.199951171875,1654.800048828125,1621.0999755859375,1638.300048828125,1629.555419921875,55564.0
2025-06-09,1646.9000244140625,1650.0,1619.0999755859375,1636.4000244140625,1627.66552734375,48633.0
2025-06-10,1648.5,1701.5,1636.4000244140625,1691.699951171875,1682.6702880859375,231936.0
2025-06-11,1691.699951171875,1725.0,1683.800048828125,1715.300048828125,1706.14453125,147624.0
2025-06-12,1715.5999755859375,1910.0,1715.5999755859375,1791.0999755859375,1781.539794921875,3104233.0
2025-06-13,1764.9000244140625,1816.699951171875,1731.5999755859375,1795.0999755859375,1785.5184326171875,274234.0
2025-06-16,1795.0,1900.0,1760.0,1847.699951171875,1837.837646484375,1097760.0
2025-06-17,1840.0999755859373,1841.0,1768.0999755859375,1787.699951171875,1778.157958984375,248243.0
2025-06-18,1788.0,1805.4000244140625,1770.0999755859375,1780.199951171875,1770.697998046875,86608.0
2025-06-19,1767.0,1790.0,1725.0,1735.800048828125,1726.5350341796875,85607.0
2025-06-20,1739.0999755859375,1760.9000244140625,1582.5999755859375,1626.5999755859375,1617.9178466796875,980746.0
2025-06-23,1601.0999755859375,1637.199951171875,1579.0999755859375,1623.300048828125,1614.635498046875,204563.0
2025-06-24,1625.199951171875,1628.5999755859375,1582.4000244140625,1604.0999755859375,1595.5379638671875,170664.0
2025-06-25,1605.0,1635.199951171875,1596.0,1627.9000244140625,1619.2109375,118815.0
2025-06-26,1629.0,1645.5999755859375,1610.5,1618.0,1609.36376953125,75791.0
2025-06-27,1624.0,1699.0,1608.5999755859375,1675.800048828125,1666.8553466796875,533501.0
2025-06-30,1691.0,1709.800048828125,1646.0,1683.800048828125,1674.8126220703125,146874.0
2025-07-01,1683.0,1692.5999755859375,1639.9000244140625,1676.5999755859375,1667.6510009765625,100264.0
2025-07-02,1680.0999755859375,1680.0999755859375,1620.0,1631.300048828125,1622.5927734375,106002.0
2025-07-03,1619.0,1735.9000244140625,1610.5,1718.5999755859375,1709.4267578125,458166.0
2025-07-04,1710.0,1716.699951171875,1686.0999755859375,1706.699951171875,1697.59033203125,82405.0
2025-07-07,1706.699951171875,1754.0,1700.199951171875,1734.0,1724.74462890625,156510.0
2025-07-08,1730.0999755859375,1737.699951171875,1703.199951171875,1711.0,1701.867431640625,86372.0
2025-07-09,1700.0,1742.300048828125,1696.5999755859375,1731.199951171875,1721.95947265625,100925.0
2025-07-10,1725.0,1751.699951171875,1707.4000244140625,1743.9000244140625,1734.591796875,93015.0
2025-07-11,1752.4000244140625,1764.699951171875,1701.0999755859375,1709.800048828125,1700.673828125,106770.0
2025-07-14,1694.300048828125,1769.9000244140625,1694.300048828125,1746.5,1737.1778564453125,183255.0
2025-07-15,1746.5,1780.0,1732.0999755859375,1754.300048828125,1744.936279296875,62994.0
2025-07-16,1745.5999755859375,1795.0,1744.9000244140625,1771.9000244140625,1762.4423828125,62566.0
2025-07-17,1772.0999755859375,1786.0999755859375,1760.0,1776.300048828125,1766.81884765625,32615.0
2025-07-18,1785.0,1799.0,1746.300048828125,1762.800048828125,1753.3909912109375,80549.0
2025-07-21,1754.0,1780.0,1738.199951171875,1768.5999755859375,1759.159912109375,37378.0
2025-07-22,1770.0999755859375,1795.0,1756.4000244140625,1775.699951171875,1766.221923828125,53136.0
2025-07-23,1785.0,1809.5,1755.699951171875,1768.300048828125,1758.861572265625,93395.0
2025-07-24,1777.5,1808.0999755859373,1772.5999755859375,1785.300048828125,1775.7708740234375,101486.0
2025-07-25,1775.0,1812.0,1765.0,1797.800048828125,1788.2041015625,60952.0
2025-07-28,1811.0,1848.9000244140625,1757.5,1778.0,1768.509765625,226574.0
2025-07-29,1781.9000244140625,1800.0,1746.0999755859375,1792.0999755859375,1782.534423828125,66351.0
2025-07-30,1783.199951171875,1885.0,1783.199951171875,1816.5999755859373,1806.9036865234373,259069.0
2025-07-31,1811.0999755859373,1831.0,1787.199951171875,1798.9000244140625,1789.2982177734375,52398.0
2025-08-01,1808.4000244140625,1850.0,1793.9000244140625,1808.4000244140625,1798.74755859375,96925.0
2025-08-04,1815.0,1817.9000244140625,1757.0999755859375,1803.0999755859373,1793.4757080078125,82402.0
2025-08-05,1812.0,1855.5999755859373,1753.9000244140625,1808.0999755859373,1798.4490966796875,307995.0
2025-08-06,1820.300048828125,1848.0,1680.0,1724.800048828125,1715.59375,312460.0
2025-08-07,1730.0,1730.0,1671.9000244140625,1694.5999755859375,1685.554931640625,134397.0
2025-08-08,1688.0999755859375,1745.9000244140625,1680.0,1725.199951171875,1715.9915771484375,104058.0
2025-08-11,1709.9000244140625,1745.5,1630.0,1723.300048828125,1714.101806640625,140401.0
2025-08-12,1710.0,1717.300048828125,1665.300048828125,1679.4000244140625,1670.43603515625,127217.0
2025-08-13,1680.0,1690.4000244140625,1667.800048828125,1674.800048828125,1665.860595703125,42022.0
2025-08-14,1674.800048828125,1700.0,1664.0,1684.5,1675.5087890625,35807.0
2025-08-18,1753.0999755859375,1820.0,1690.0,1732.4000244140625,1723.1531982421875,330016.0
2025-08-19,1746.0999755859375,1750.0,1698.0999755859375,1741.0999755859375,1731.806640625,56110.0
2025-08-20,1741.0999755859375,1768.9000244140625,1730.0999755859375,1755.5999755859375,1746.229248046875,94485.0
2025-08-21,1773.0,1773.0,1740.0,1751.5999755859375,1742.2506103515625,142565.0
2025-08-22,1740.800048828125,1783.800048828125,1733.0,1768.699951171875,1759.2593994140625,37828.0
2025-08-25,1731.0,1804.0,1730.5,1796.800048828125,1787.20947265625,96043.0
2025-08-26,1796.800048828125,1818.800048828125,1780.5,1801.699951171875,1792.083251953125,119285.0
2025-08-28,1808.0,1812.699951171875,1764.9000244140625,1792.5,1782.932373046875,35980.0
2025-08-29,1784.5,1807.0,1776.300048828125,1800.199951171875,1790.5911865234375,83216.0
2025-09-01,1795.0,1810.800048828125,1754.5,1772.199951171875,1762.74072265625,65930.0
2025-09-02,1764.0,1783.5999755859375,1761.0,1771.0,1761.547119140625,35376.0
2025-09-03,1774.800048828125,1799.0,1751.0,1779.9000244140625,1770.399658203125,49511.0
2025-09-04,1792.9000244140625,1797.5999755859375,1745.5,1763.5999755859375,1754.1866455078125,67679.0
2025-09-05,1763.5999755859375,1763.5999755859375,1723.0999755859375,1729.0999755859375,1719.8707275390625,57421.0
2025-09-08,1716.0,1738.199951171875,1699.9000244140625,1711.5,1702.36474609375,107911.0
2025-09-09,1711.0,1729.5999755859375,1690.0999755859375,1710.0,1700.8726806640625,91005.0
2025-09-10,1713.5,1745.0,1696.0999755859375,1713.699951171875,1704.5528564453125,38381.0
2025-09-11,1721.9000244140625,1726.5,1690.0,1699.199951171875,1690.1302490234375,43002.0
2025-09-12,1700.0,1708.0,1652.0,1675.9000244140625,1666.9547119140625,711888.0
2025-09-15,1675.9000244140625,1694.9000244140625,1660.0,1673.9000244140625,1664.9654541015625,53469.0
2025-09-16,1673.0,1680.0,1647.0,1661.9000244140625,1653.0294189453125,171548.0
2025-09-17,1670.5999755859375,1670.5999755859375,1645.0,1648.5999755859375,1639.8004150390625,124717.0
2025-09-18,1643.0,1650.0,1606.300048828125,1636.0999755859375,1627.3671875,400337.0
2025-09-19,1642.5,1691.0,1626.4000244140625,1639.5999755859375,1630.8485107421875,431938.0
2025-09-22,1636.0999755859375,1657.9000244140625,1621.199951171875,1640.300048828125,1631.5447998046875,78776.0
2025-09-23,1644.0999755859375,1649.4000244140625,1630.0,1634.9000244140625,1626.173583984375,38744.0
2025-09-24,1634.9000244140625,1644.4000244140625,1620.0,1626.9000244140625,1618.21630859375,101445.0
2025-09-25,1635.0,1652.199951171875,1616.0,1626.0999755859375,1617.4205322265625,68358.0
2025-09-26,1600.0,1624.800048828125,1578.0,1585.5,1577.0372314453125,67085.0
2025-09-29,1585.5,1603.5,1566.0,1578.0999755859375,1569.6767578125,68213.0
2025-09-30,1580.0,1597.0999755859375,1569.0999755859375,1585.9000244140625,1577.4351806640625,241690.0
2025-10-01,1585.0,1631.300048828125,1584.9000244140625,1624.9000244140625,1616.2269287109375,66608.0
2025-10-03,1625.0,1637.0,1587.5999755859375,1593.300048828125,1584.795654296875,170802.0
2025-10-06,1580.0,1617.199951171875,1580.0,1607.199951171875,1598.621337890625,47179.0
2025-10-07,1615.699951171875,1628.800048828125,1587.300048828125,1598.199951171875,1589.66943359375,114287.0
2025-10-08,1592.0,1607.800048828125,1584.0,1600.800048828125,1592.255615234375,96490.0
2025-10-09,1615.0,1617.9000244140625,1585.5999755859375,1592.4000244140625,1583.900390625,48122.0
2025-10-10,1599.0,1614.5,1588.4000244140625,1596.0,1587.481201171875,63017.0
2025-10-13,1592.0,1618.300048828125,1579.9000244140625,1610.0999755859375,1601.505859375,257896.0
2025-10-14,1618.0,1618.5999755859375,1573.300048828125,1599.4000244140625,1590.863037109375,95726.0
2025-10-15,1598.0,1618.199951171875,1575.0999755859375,1584.0999755859375,1575.6446533203125,45605.0
2025-10-16,1585.0,1595.0,1575.0,1587.0,1578.5291748046875,149975.0
2025-10-17,1571.0,1609.300048828125,1571.0,1596.4000244140625,1587.8790283203125,80345.0
2025-10-20,1573.300048828125,1608.0,1520.0,1602.5999755859375,1594.0458984375,187510.0
2025-10-21,1585.0,1609.0,1579.5999755859375,1585.5,1577.0372314453125,19249.0
2025-10-23,1610.0,1610.300048828125,1582.699951171875,1589.5999755859375,1581.1153564453125,52200.0
2025-10-24,1597.800048828125,1599.5,1575.0,1582.5999755859375,1574.1527099609375,71837.0
2025-10-27,1582.5999755859375,1637.800048828125,1576.5999755859375,1627.800048828125,1619.1114501953125,73167.0
2025-10-28,1627.800048828125,1660.0,1598.800048828125,1628.4000244140625,1619.708251953125,201102.0
2025-10-29,1628.4000244140625,1637.0,1616.5,1629.5999755859375,1620.90185546875,47135.0
2025-10-30,1629.800048828125,1631.800048828125,1605.9000244140625,1619.9000244140625,1611.253662109375,289492.0
2025-10-31,1627.699951171875,1628.300048828125,1582.199951171875,1591.699951171875,1583.2041015625,40393.0
2025-11-03,1602.0,1629.0,1573.199951171875,1597.300048828125,1588.7742919921875,67296.0
2025-11-04,1605.0,1612.0,1585.199951171875,1601.0,1592.4544677734375,43178.0
2025-11-06,1602.0,1609.800048828125,1581.0,1585.4000244140625,1576.937744140625,26672.0
2025-11-07,1591.300048828125,1639.0,1566.5999755859375,1594.199951171875,1585.6907958984375,69695.0
2025-11-10,1598.0,1604.9000244140625,1579.699951171875,1591.800048828125,1583.3037109375,21794.0
2025-11-11,1598.0,1601.699951171875,1570.800048828125,1596.699951171875,1588.1773681640625,70338.0
2025-11-12,1586.0999755859375,1600.199951171875,1572.0999755859375,1575.199951171875,1566.7921142578125,122463.0
2025-11-13,1587.0,1593.0999755859375,1506.300048828125,1518.0999755859375,1509.9969482421875,116740.0
2025-11-14,1518.0999755859375,1553.800048828125,1510.0,1550.4000244140625,1542.1246337890625,80731.0
2025-11-17,1572.5,1572.5,1547.5999755859375,1566.5,1558.138671875,46611.0
2025-11-18,1572.0,1582.0,1547.300048828125,1575.699951171875,1567.28955078125,57402.0
2025-11-19,1584.9000244140625,1615.0,1551.9000244140625,1610.9000244140625,1602.3016357421875,113609.0
2025-11-20,1611.0,1680.0,1596.300048828125,1669.5999755859375,1660.6883544921875,141566.0
2025-11-21,1667.5,1679.199951171875,1638.5,1666.0,1657.1075439453125,102184.0
2025-11-24,1660.199951171875,1697.4000244140625,1640.0,1684.0,1675.011474609375,106216.0
2025-11-25,1700.0,1700.0,1630.0,1652.0999755859375,1643.28173828125,149777.0
2025-11-26,1652.0999755859375,1652.0999755859375,1604.0,1616.5999755859375,1607.97119140625,157989.0
2025-11-27,1622.5,1635.699951171875,1602.0999755859375,1612.300048828125,1603.6942138671875,62612.0
2025-11-28,1624.5,1624.5,1589.9000244140625,1595.4000244140625,1586.8843994140625,35120.0
2025-12-01,1586.0,1603.800048828125,1574.0,1581.5,1573.05859375,33525.0
2025-12-02,1567.300048828125,1584.300048828125,1560.0999755859375,1569.699951171875,1561.321533203125,17568.0
2025-12-03,1559.0,1578.0,1545.0999755859375,1561.199951171875,1552.866943359375,22552.0
2025-12-04,1566.0,1569.300048828125,1545.0999755859375,1559.9000244140625,1551.5738525390625,77218.0
2025-12-05,1545.699951171875,1589.4000244140625,1545.699951171875,1551.699951171875,1543.4176025390625,55130.0
2025-12-08,1545.0,1560.300048828125,1526.0,1533.9000244140625,1525.712646484375,37264.0
2025-12-09,1537.9000244140625,1740.0,1537.9000244140625,1701.300048828125,1692.21923828125,3842853.0
2025-12-10,1700.0,1700.0,1591.0,1609.199951171875,1600.6107177734375,441281.0
2025-12-11,1609.0,1609.0,1576.0,1590.5999755859375,1582.1099853515625,100299.0
2025-12-12,1590.800048828125,1597.9000244140625,1564.5,1572.199951171875,1563.8082275390625,92559.0
2025-12-15,1572.199951171875,1592.0,1566.5999755859375,1586.4000244140625,1577.9324951171875,50161.0
2025-12-16,1594.699951171875,1594.699951171875,1549.800048828125,1556.800048828125,1548.490478515625,67547.0
2025-12-17,1551.5,1574.9000244140625,1548.0,1564.699951171875,1556.3482666015625,51132.0
2025-12-18,1564.699951171875,1565.0,1549.0999755859375,1552.0999755859375,1543.8155517578125,17680.0
2025-12-19,1554.800048828125,1582.4000244140625,1552.5,1571.5999755859375,1563.21142578125,36657.0
2025-12-22,1565.0999755859375,1583.5,1557.300048828125,1563.800048828125,1555.453125,25323.0
2025-12-23,1572.0,1575.5,1542.5999755859375,1552.0,1543.716064453125,50110.0
2025-12-24,1563.5,1563.5,1542.0,1545.0,1536.75341796875,30952.0
2025-12-26,1553.0999755859375,1556.4000244140625,1512.0,1525.9000244140625,1517.75537109375,56045.0
2025-12-29,1525.9000244140625,1535.699951171875,1517.0,1525.800048828125,1517.6558837890625,21533.0
2025-12-30,1520.800048828125,1532.699951171875,1469.0999755859375,1500.199951171875,1492.1925048828125,320034.0
2025-12-31,1505.0,1515.0,1484.0999755859375,1505.5999755859375,1497.563720703125,56041.0
2026-01-01,1517.0,1517.0,1488.800048828125,1501.4000244140625,1493.3861083984375,16853.0
2026-01-02,1493.0999755859375,1544.9000244140625,1493.0999755859375,1533.5,1525.3148193359375,71537.0
2026-01-05,1533.5,1561.9000244140625,1490.699951171875,1542.0,1533.7694091796875,100879.0
2026-01-06,1550.0,1556.5999755859375,1532.699951171875,1552.0,1543.716064453125,34063.0
2026-01-07,1550.0,1561.9000244140625,1525.0,1553.9000244140625,1545.60595703125,78527.0
2026-01-08,1553.9000244140625,1563.0,1529.0999755859375,1534.4000244140625,1526.2099609375,37031.0
2026-01-09,1542.5,1549.0,1500.5999755859375,1508.800048828125,1500.7467041015625,46349.0
2026-01-12,1496.0,1505.0,1472.0,1494.300048828125,1486.3240966796875,76586.0
2026-01-13,1506.699951171875,1506.699951171875,1466.9000244140625,1477.0999755859375,1469.2158203125,48910.0
2026-01-14,1477.0999755859375,1480.800048828125,1464.199951171875,1473.9000244140625,1466.032958984375,32928.0
2026-01-16,1470.0,1474.0,1441.0999755859375,1452.9000244140625,1445.14501953125,32092.0
2026-01-19,1447.0,1451.300048828125,1434.5,1444.0,1436.29248046875,35647.0
2026-01-20,1434.9000244140625,1443.5999755859375,1375.0,1382.4000244140625,1375.0213623046875,61838.0
2026-01-21,1394.5,1404.4000244140625,1361.199951171875,1384.5999755859375,1377.2095947265625,68084.0
2026-01-22,1372.5,1440.0,1372.5,1418.699951171875,1411.1275634765625,59573.0
2026-01-23,1444.0,1444.0,1372.0,1385.5999755859375,1378.2042236328125,94274.0
2026-01-27,1380.0,1399.0999755859375,1326.699951171875,1343.199951171875,1336.030517578125,150450.0
2026-01-28,1343.199951171875,1387.9000244140625,1301.199951171875,1350.9000244140625,1343.689453125,36402.0
2026-01-29,1350.9000244140625,1365.0,1335.0999755859375,1342.199951171875,1335.035888671875,48173.0
2026-01-30,1330.0,1388.9000244140625,1325.0,1375.5,1368.1580810546875,53238.0
2026-02-02,1375.0,1398.0,1357.0999755859375,1383.4000244140625,1376.0159912109375,40258.0
2026-02-03,1425.0,1456.0999755859375,1391.5999755859375,1441.199951171875,1433.5074462890625,53515.0
2026-02-04,1441.300048828125,1448.800048828125,1409.800048828125,1427.199951171875,1419.5821533203125,25351.0
2026-02-05,1434.0,1441.5,1404.0999755859375,1413.199951171875,1405.6568603515625,41993.0
2026-02-06,1416.199951171875,1433.800048828125,1384.0,1431.0,1423.3619384765625,25808.0
2026-02-09,1431.0,1478.9000244140625,1427.300048828125,1472.699951171875,1464.8392333984375,29946.0
2026-02-10,1470.0,1486.0,1450.0,1465.4000244140625,1457.578369140625,52138.0
2026-02-11,1472.699951171875,1480.4000244140625,1450.0,1469.199951171875,1461.35791015625,64817.0
2026-02-12,1470.0,1529.0,1462.0,1510.4000244140625,1502.338134765625,157277.0
2026-02-13,1511.0,1511.0,1389.9000244140625,1414.4000244140625,1406.8505859375,238365.0
2026-02-16,1400.0,1400.0,1338.300048828125,1364.4000244140625,1357.117431640625,191136.0
2026-02-17,1370.0,1379.0,1325.699951171875,1334.199951171875,1327.0784912109375,57214.0
2026-02-18,1336.0,1352.0,1328.0,1344.5999755859375,1337.423095703125,30605.0
2026-02-19,1344.5999755859375,1351.0999755859375,1320.0,1328.4000244140625,1321.3095703125,47274.0
2026-02-20,1325.0,1348.5999755859375,1316.199951171875,1342.4000244140625,1335.23486328125,34109.0
2026-02-23,1342.4000244140625,1358.800048828125,1327.0,1352.699951171875,1345.479736328125,78830.0
2026-02-24,1358.0,1402.5,1347.300048828125,1384.5999755859375,1377.2095947265625,127185.0
2026-02-25,1391.9000244140625,1424.0,1367.5999755859375,1380.199951171875,1372.8330078125,30161.0
2026-02-26,1383.0,1385.0,1353.699951171875,1361.0999755859375,1353.8349609375,51210.0
2026-02-27,1368.300048828125,1377.5,1352.300048828125,1358.300048828125,1351.050048828125,32897.0
2026-03-02,1341.0999755859375,1371.800048828125,1316.0999755859375,1360.4000244140625,1353.1387939453125,144679.0
2026-03-04,1350.0,1375.0,1340.5999755859375,1358.0999755859375,1350.8509521484375,43178.0
2026-03-05,1375.0,1375.9000244140625,1354.5,1370.199951171875,1362.8863525390625,34594.0
2026-03-06,1365.0,1369.199951171875,1356.0,1360.699951171875,1353.4371337890625,19895.0
2026-03-09,1330.0,1355.0,1300.5999755859375,1328.4000244140625,1321.3095703125,47652.0
2026-03-10,1344.9000244140625,1358.199951171875,1327.0,1351.0999755859375,1343.8883056640625,100690.0
2026-03-11,1354.0,1361.4000244140625,1345.0,1349.300048828125,1342.0980224609375,35750.0
2026-03-12,1349.0,1359.0,1327.9000244140625,1351.5999755859375,1344.3856201171875,40764.0
2026-03-13,1341.5,1353.0,1310.0,1321.0999755859375,1314.0484619140625,93073.0
2026-03-16,1328.0999755859375,1346.0999755859375,1286.5999755859375,1309.9000244140625,1302.9083251953125,50910.0
2026-03-17,1316.0,1316.0,1275.0,1280.4000244140625,1273.5657958984375,84159.0
2026-03-18,1279.0,1317.800048828125,1272.5999755859375,1308.0999755859375,1301.117919921875,67793.0
2026-03-19,1301.4000244140625,1309.800048828125,1281.0999755859375,1286.199951171875,1279.334716796875,70204.0
2026-03-20,1288.0,1310.0,1267.4000244140625,1284.9000244140625,1278.041748046875,84320.0
2026-03-23,1291.699951171875,1295.0,1236.0,1271.0,1264.2159423828125,79989.0
2026-03-24,1271.800048828125,1297.0999755859375,1265.699951171875,1281.4000244140625,1274.5604248046875,122677.0
2026-03-25,1293.5,1350.5999755859375,1282.0,1336.0999755859375,1328.9683837890625,48574.0
2026-03-27,1336.0,1357.0,1303.9000244140625,1340.9000244140625,1333.7427978515625,113913.0
2026-03-30,1339.0,1339.0,1276.699951171875,1297.199951171875,1290.2760009765625,152610.0
2026-04-01,1312.9000244140625,1350.5999755859375,1281.699951171875,1310.199951171875,1303.2066650390625,72103.0
2026-04-02,1305.0,1338.9000244140625,1280.0,1332.0999755859375,1324.98974609375,19418.0
2026-04-06,1332.0,1358.699951171875,1281.800048828125,1329.300048828125,1322.204833984375,94377.0
2026-04-07,1311.0,1330.699951171875,1296.800048828125,1315.4000244140625,1308.37890625,22213.0
2026-04-08,1331.0,1355.0,1310.0999755859375,1350.0,1342.794189453125,56906.0
2026-04-09,1344.0,1376.199951171875,1327.199951171875,1364.0999755859375,1356.8189697265625,34667.0
2026-04-10,1381.0,1388.0,1354.0999755859375,1371.4000244140625,1364.080078125,49493.0
2026-04-13,1350.800048828125,1402.800048828125,1331.9000244140625,1390.0999755859375,1382.68017578125,93331.0
2026-04-15,1408.5999755859375,1458.0,1388.199951171875,1451.4000244140625,1443.653076171875,119274.0
2026-04-16,1460.0,1478.0,1426.0,1465.5,1457.677734375,322173.0
2026-04-17,1452.0,1472.9000244140625,1440.0999755859375,1445.5,1437.7845458984375,66310.0
2026-04-20,1445.5,1460.0,1417.300048828125,1432.4000244140625,1424.75439453125,56908.0
2026-04-21,1445.0,1450.4000244140625,1339.0999755859375,1376.0,1368.655517578125,586134.0
2026-04-22,1376.0,1384.199951171875,1338.4000244140625,1352.800048828125,1345.579345703125,177974.0
2026-04-23,1340.5,1399.4000244140625,1336.4000244140625,1395.699951171875,1388.250244140625,234226.0
2026-04-24,1399.800048828125,1416.300048828125,1359.800048828125,1373.5,1366.1688232421875,140742.0
2026-04-27,1353.0,1393.800048828125,1340.300048828125,1358.199951171875,1350.950439453125,252862.0
2026-04-28,1359.0,1359.0,1200.0,1327.5999755859375,1320.5137939453125,142464.0
2026-04-29,1335.0,1361.800048828125,1307.0,1316.199951171875,1309.174560546875,73396.0
2026-04-30,1317.9000244140625,1337.199951171875,1308.0,1322.9000244140625,1315.8388671875,120219.0
2026-05-04,1322.9000244140625,1356.5,1322.9000244140625,1353.5999755859375,1346.375,37205.0
2026-05-05,1353.699951171875,1364.9000244140625,1350.699951171875,1358.699951171875,1351.44775390625,21114.0
2026-05-06,1360.0,1384.0999755859375,1358.0999755859375,1371.9000244140625,1364.577392578125,42356.0
2026-05-07,1382.0,1395.5999755859375,1374.0,1383.199951171875,1375.8170166015625,132550.0
2026-05-08,1383.0,1410.0,1381.5999755859375,1386.0999755859375,1378.7015380859375,49771.0
2026-05-11,1412.800048828125,1419.5,1367.0999755859375,1376.4000244140625,1369.0533447265625,42712.0
2026-05-12,1376.4000244140625,1385.0,1350.199951171875,1357.5999755859375,1350.3536376953125,45229.0
2026-05-13,1357.5999755859375,1379.0,1322.5,1330.5999755859375,1323.497802734375,77196.0
2026-05-14,1349.9000244140625,1378.9000244140625,1340.9000244140625,1373.9000244140625,1366.566650390625,38481.0
2026-05-15,1369.5999755859375,1410.0,1355.0,1370.9000244140625,1363.582763671875,181983.0
2026-05-18,1371.0999755859375,1385.0,1331.0,1340.800048828125,1333.6434326171875,34423.0
2026-05-19,1340.800048828125,1356.4000244140625,1322.0,1336.199951171875,1329.06787109375,41101.0
2026-05-20,1345.0,1495.0,1340.0999755859375,1458.199951171875,1450.4166259765625,1604732.0
2026-05-21,1489.0999755859375,1530.0,1372.300048828125,1385.9000244140625,1378.502685546875,665511.0
2026-05-22,1394.0,1397.9000244140625,1341.0999755859375,1343.800048828125,1336.62744140625,129472.0
2026-05-25,1344.9000244140625,1358.0,1339.199951171875,1353.5,1346.2755126953125,63907.0
2026-05-26,1354.9000244140625,1370.0,1323.0999755859375,1361.4000244140625,1354.1334228515625,105765.0
2026-05-27,1362.199951171875,1374.9000244140625,1350.0,1350.800048828125,1343.5899658203125,37418.0
2026-05-28,1350.800048828125,1350.800048828125,1350.800048828125,1350.800048828125,1343.5899658203125,0.0
2026-05-29,1350.800048828125,1403.0,1350.800048828125,1399.0,1399.0,174852.0
2026-06-01,1400.0,1413.0,1368.800048828125,1378.4000244140625,1378.4000244140625,46574.0
2026-06-02,1375.0,1395.5,1350.0,1362.0999755859375,1362.0999755859375,40059.0
2026-06-03,1369.9000244140625,1412.0,1360.0,1397.0999755859375,1397.0999755859375,112792.0
2026-06-04,1380.0,1397.0999755859375,1364.199951171875,1367.300048828125,1367.300048828125,35868.0
2026-06-05,1375.0,1380.0999755859375,1352.0,1365.199951171875,1365.199951171875,160106.0
2026-06-08,1355.0,1385.0,1348.0,1365.0999755859375,1365.0999755859375,56948.0
2026-06-09,1370.0,1380.800048828125,1362.0,1373.699951171875,1373.699951171875,41351.0
2026-06-10,1371.0,1384.0,1363.199951171875,1366.9000244140625,1366.9000244140625,43873.0
2026-06-11,1365.0,1400.0,1337.5999755859375,1365.5999755859375,1365.5999755859375,62932.0
2026-06-12,1388.0,1411.4000244140625,1365.300048828125,1404.5999755859375,1404.5999755859375,63719.0
2026-06-15,1408.699951171875,1409.800048828125,1380.300048828125,1384.4000244140625,1384.4000244140625,54697.0
2026-06-16,1395.0,1401.5999755859375,1370.0,1376.5,1376.5,21461.0
2026-06-17,1384.0,1415.0,1377.0999755859375,1411.0999755859375,1411.0999755859375,44785.0
2026-06-18,1416.0,1440.0999755859375,1405.0999755859375,1430.5999755859375,1430.5999755859375,51641.0
2026-06-19,1438.0999755859375,1467.0,1407.0,1448.4000244140625,1448.4000244140625,103405.0
2026-06-22,1445.0,1448.9000244140625,1422.0,1436.5999755859375,1436.5999755859375,26660.0
2026-06-23,1445.0,1485.0,1433.4000244140625,1461.0,1461.0,123424.0
2026-06-24,1474.9000244140625,1488.0,1450.800048828125,1466.4000244140625,1466.4000244140625,69036.0
2026-06-25,1459.0999755859375,1464.800048828125,1441.800048828125,1459.0,1459.0,33920.0
2026-06-26,1459.0,1459.0,1459.0,1459.0,1459.0,0.0
2026-06-29,1455.0,1455.9000244140625,1391.699951171875,1405.699951171875,1405.699951171875,143357.0
2026-06-30,1401.4000244140625,1447.9000244140625,1401.0,1433.5,1433.5,45596.0
2026-07-01,1448.4000244140625,1458.0,1420.0,1446.4000244140625,1446.4000244140625,61348.0
2026-07-02,1450.0,1464.9000244140625,1435.0,1448.699951171875,1448.699951171875,32955.0
2026-07-03,1455.9000244140625,1465.0,1424.5999755859375,1431.0999755859375,1431.0999755859375,26053.0
2026-07-06,1431.0,1453.0,1410.0999755859375,1449.4000244140625,1449.4000244140625,99474.0
2026-07-07,1455.0,1455.0,1425.0,1435.0999755859375,1435.0999755859375,25351.0
2026-07-08,1433.0,1436.800048828125,1395.0,1416.0,1416.0,54695.0
2026-07-09,1416.0,1439.9000244140625,1404.199951171875,1430.0,1430.0,85753.0
2026-07-10,1416.0999755859375,1442.800048828125,1416.0999755859375,1431.199951171875,1431.199951171875,99913.0
2026-07-13,1426.300048828125,1455.0,1413.199951171875,1449.9000244140625,1449.9000244140625,62991.0
2026-07-14,1454.9000244140625,1473.199951171875,1426.800048828125,1453.0999755859375,1453.0999755859375,65995.0
2026-07-15,1445.0,1465.0,1436.0999755859375,1459.699951171875,1459.699951171875,146869.0
2026-07-16,1459.699951171875,1499.0,1438.0999755859375,1488.4000244140625,1488.4000244140625,152438.0
2026-07-17,1495.9000244140625,1495.9000244140625,1441.199951171875,1455.4000244140625,1455.4000244140625,77041.0
2026-07-20,1455.4000244140625,1472.800048828125,1432.0999755859375,1463.300048828125,1463.300048828125,99159.0
2026-07-21,1464.0,1475.0,1445.0,1470.0,1470.0,79146.0
2026-07-22,1469.9000244140625,1469.9000244140625,1430.0,1440.5999755859375,1440.5999755859375,80085.0
2026-07-23,1430.0999755859375,1454.800048828125,1390.0,1395.5999755859375,1395.5999755859375,79587.0
2026-07-24,1375.0999755859375,1409.0,1373.0,1400.5999755859375,1400.5999755859375,39620.0
2026-07-27,1399.0,1414.0,1386.0999755859375,1403.5,1403.5,38227.0
2026-07-28,1403.5,1412.9000244140625,1383.0,1390.800048828125,1390.800048828125,52640.0
2026-07-29,1397.0,1441.9000244140625,1383.9000244140625,1426.5,1426.5,369152.0
2026-07-30,1420.0,1420.0,1346.0,1375.199951171875,1375.199951171875,228835.0
2026-07-31,1382.0999755859375,1387.9000244140625,1345.0,1354.699951171875,1354.699951171875,145669.0
2026-08-03,1353.0,1388.0,1352.5,1383.199951171875,1383.199951171875,110236.0
2026-08-04,1383.199951171875,1388.699951171875,1363.4000244140625,1373.0,1373.0,92040.0
2026-08-05,1383.0,1386.0,1365.0,1375.0999755859375,1375.0999755859375,48727.0
2026-08-06,1375.0999755859375,1394.199951171875,1368.5,1382.9000244140625,1382.9000244140625,53999.0
2026-08-07,1385.0,1395.0,1370.199951171875,1382.4000244140625,1382.4000244140625,40491.0
2026-08-10,1384.0,1397.0,1378.300048828125,1393.4000244140625,1393.4000244140625,32355.0
2026-08-11,1393.0,1410.0,1379.0,1390.300048828125,1390.300048828125,340882.0
2026-08-12,1395.0,1395.0,1341.300048828125,1351.699951171875,1351.699951171875,67924.0
2026-08-13,1363.5,1385.5,1345.0,1380.300048828125,1380.300048828125,53868.0
2026-08-14,1381.0,1381.0,1356.199951171875,1358.5,1358.5,39198.0
2026-08-17,1365.0,1370.0,1321.0999755859375,1348.9000244140625,1348.9000244140625,68808.0
2026-08-18,1348.9000244140625,1357.0,1335.0,1350.0999755859375,1350.0999755859375,125273.0
2026-08-19,1345.0,1354.199951171875,1336.300048828125,1348.300048828125,1348.300048828125,77295.0
2026-08-20,1350.0,1351.300048828125,1322.5999755859375,1326.0,1326.0,80602.0
2026-08-21,1330.0999755859375,1336.800048828125,1304.0,1328.199951171875,1328.199951171875,56997.0
2026-08-24,1335.0,1337.4000244140625,1312.4000244140625,1325.5999755859375,1325.5999755859375,45974.0
2026-08-25,1325.0999755859375,1326.699951171875,1306.699951171875,1309.5999755859375,1309.5999755859375,59489.0
2026-08-26,1310.0,1324.4000244140625,1304.0,1310.699951171875,1310.699951171875,84947.0
2026-08-27,1317.0,1332.5,1306.9000244140625,1312.199951171875,1312.199951171875,51939.0
2026-08-28,1310.0,1325.0999755859375,1295.0,1314.800048828125,1314.800048828125,86138.0
2026-08-31,1314.800048828125,1320.0,1292.0,1297.199951171875,1297.199951171875,73560.0
2026-09-01,1297.199951171875,1312.5,1291.0,1299.9000244140625,1299.9000244140625,48468.0
2026-09-02,1292.0,1349.9000244140625,1265.0999755859375,1288.9000244140625,1288.9000244140625,152755.0
2026-09-03,1320.0,1336.699951171875,1288.9000244140625,1303.5,1303.5,74397.0
2026-09-04,1301.0,1332.199951171875,1301.0,1321.699951171875,1321.699951171875,69111.0
2026-09-07,1327.4000244140625,1341.0,1318.199951171875,1324.300048828125,1324.300048828125,27451.0
2026-09-08,1322.9000244140625,1333.800048828125,1315.0999755859375,1324.699951171875,1324.699951171875,28743.0
2026-09-09,1318.0,1339.0,1318.0,1335.0,1335.0,42165.0
2026-09-10,1335.0,1360.9000244140625,1325.0,1356.5999755859375,1356.5999755859375,39505.0
2026-09-11,1356.5999755859375,1362.0,1335.0999755859375,1355.5,1355.5,24968.0
2026-09-14,1355.5,1355.5,1355.5,1355.5,1355.5,0.0
2026-09-15,1355.5,1359.9000244140625,1300.5999755859375,1310.0999755859375,1310.0999755859375,44182.0
2026-09-16,1296.199951171875,1324.699951171875,1282.800048828125,1303.199951171875,1303.199951171875,15100.0
2026-09-17,1296.0,1350.0,1290.5999755859375,1310.699951171875,1310.699951171875,44936.0
2026-09-18,1315.0999755859375,1355.0999755859375,1303.0999755859375,1321.300048828125,1321.300048828125,143139.0
2026-09-21,1321.300048828125,1330.9000244140625,1291.0,1295.300048828125,1295.300048828125,60013.0
2026-09-22,1295.5,1300.0,1263.5999755859375,1271.199951171875,1271.199951171875,50875.0
