date,open,high,low,close,adjclose,volume
2021-09-15,126.5,128.35000610351562,125.5500030517578,125.9000015258789,125.48591613769533,107394.0
2021-09-16,126.0999984741211,129.35000610351562,125.0999984741211,126.0999984741211,125.68524932861328,193184.0
2021-09-17,126.4000015258789,127.0999984741211,120.75,122.8000030517578,122.39611053466795,170420.0
2021-09-20,121.0999984741211,125.1999969482422,119.1999969482422,120.1500015258789,119.75482177734376,222756.0
2021-09-21,120.3000030517578,122.0,117.3000030517578,119.8000030517578,119.40597534179688,140299.0
2021-09-22,119.8000030517578,124.8499984741211,119.8000030517578,122.8499984741211,122.44593048095705,170956.0
2021-09-23,124.9000015258789,126.8499984741211,122.1500015258789,123.6500015258789,123.2433090209961,151936.0
2021-09-24,124.1999969482422,138.8000030517578,123.5999984741211,132.25,131.8150177001953,3367517.0
2021-09-27,132.89999389648438,135.1999969482422,128.14999389648438,130.1999969482422,129.77175903320312,889916.0
2021-09-28,131.6999969482422,134.0,126.5500030517578,127.8499984741211,127.42949676513672,350130.0
2021-09-29,126.8499984741211,130.39999389648438,125.3000030517578,128.5,128.0773468017578,339606.0
2021-09-30,128.89999389648438,130.10000610351562,127.0,127.8499984741211,127.42949676513672,144306.0
2021-10-01,125.1500015258789,129.25,125.1500015258789,126.0500030517578,125.63542175292967,186309.0
2021-10-04,126.5999984741211,129.89999389648438,125.5500030517578,126.3499984741211,125.9344253540039,208968.0
2021-10-05,127.0,129.8000030517578,126.5999984741211,127.6999969482422,127.27999114990234,218108.0
2021-10-06,128.1999969482422,129.14999389648438,125.0,126.1999969482422,125.78491973876952,152667.0
2021-10-07,127.0999984741211,128.89999389648438,126.75,127.25,126.83146667480467,133086.0
2021-10-08,129.0,138.0,124.6999969482422,132.10000610351562,131.66552734375,700166.0
2021-10-11,129.9499969482422,129.9499969482422,128.0,128.39999389648438,127.97769165039062,143953.0
2021-10-12,128.3000030517578,132.9499969482422,125.5500030517578,128.39999389648438,127.97769165039062,463086.0
2021-10-13,129.5500030517578,130.8000030517578,126.5,127.0500030517578,126.6321258544922,175083.0
2021-10-14,128.0,130.9499969482422,126.5,127.1999969482422,126.78163146972656,191655.0
2021-10-18,127.5,128.0,126.0999984741211,126.4499969482422,126.03409576416016,100495.0
2021-10-19,127.3000030517578,128.5500030517578,122.0,123.3000030517578,122.89446258544922,155510.0
2021-10-20,124.0,125.0999984741211,119.5500030517578,122.3000030517578,121.8977508544922,144269.0
2021-10-21,121.8000030517578,124.1500015258789,120.5999984741211,122.6500015258789,122.2466049194336,126400.0
2021-10-22,121.3000030517578,123.5,118.0500030517578,120.5999984741211,120.20333862304688,88126.0
2021-10-25,121.5999984741211,121.5999984741211,117.0500030517578,117.8000030517578,117.4125518798828,85550.0
2021-10-26,118.5,119.9000015258789,118.0999984741211,118.5999984741211,118.2099151611328,76291.0
2021-10-27,119.3000030517578,119.9000015258789,118.1500015258789,119.1500015258789,118.7581024169922,49898.0
2021-10-28,119.8000030517578,119.8000030517578,114.9499969482422,115.9499969482422,115.56863403320312,88533.0
2021-10-29,115.0,116.6500015258789,111.9000015258789,115.0999984741211,114.72142791748048,65862.0
2021-11-01,116.5999984741211,120.0,116.0999984741211,118.8000030517578,118.40926361083984,76457.0
2021-11-02,119.5999984741211,128.0,119.5999984741211,122.8000030517578,122.39611053466795,332444.0
2021-11-03,122.0,122.0500030517578,119.0500030517578,120.0,119.60531616210938,74868.0
2021-11-04,120.5999984741211,121.0,119.0,120.4000015258789,120.0040054321289,18179.0
2021-11-08,121.3000030517578,122.8499984741211,118.1999969482422,120.1999969482422,119.80465698242188,96607.0
2021-11-09,120.75,122.5,119.3000030517578,121.0500030517578,120.65186309814452,62664.0
2021-11-10,121.5999984741211,125.1500015258789,115.5999984741211,118.9000015258789,118.5089340209961,899996.0
2021-11-11,120.6999969482422,120.8000030517578,117.0,117.9000015258789,117.51222229003906,69632.0
2021-11-12,118.8499984741211,119.6500015258789,117.3000030517578,118.0500030517578,117.66172790527344,67909.0
2021-11-15,118.9499969482422,118.9499969482422,116.0,117.0,116.6151885986328,37591.0
2021-11-16,116.0,118.5,116.0,117.0999984741211,116.71485137939452,82603.0
2021-11-17,118.0,118.1999969482422,116.0,116.5999984741211,116.21649932861328,36773.0
2021-11-18,116.5999984741211,120.4499969482422,112.1999969482422,114.1500015258789,113.7745590209961,107726.0
2021-11-22,115.8000030517578,115.8000030517578,108.5,109.0,108.64149475097656,82217.0
2021-11-23,110.0,114.0,109.0,113.1500015258789,112.77784729003906,69921.0
2021-11-24,113.1500015258789,116.0,113.1500015258789,113.5500030517578,113.17652893066406,36179.0
2021-11-25,114.5,117.0,113.1999969482422,115.3499984741211,114.9706039428711,64883.0
2021-11-26,115.6999969482422,115.6999969482422,110.3000030517578,111.5,111.13327026367188,47233.0
2021-11-29,108.0,111.0,102.25,106.4000015258789,106.05004119873048,90551.0
2021-11-30,109.5,117.0,107.0999984741211,109.9000015258789,109.53853607177734,379227.0
2021-12-01,114.0,117.0,112.5,113.8000030517578,113.42570495605467,206598.0
2021-12-02,114.9000015258789,114.9000015258789,111.75,113.1500015258789,112.77784729003906,50720.0
2021-12-03,113.6999969482422,116.4499969482422,112.25,113.8000030517578,113.42570495605467,108770.0
2021-12-06,110.8499984741211,115.0500030517578,110.5,110.9000015258789,110.53524780273438,68217.0
2021-12-07,111.0999984741211,113.0999984741211,111.0,111.5,111.13327026367188,59977.0
2021-12-08,113.25,117.75,112.8000030517578,114.1500015258789,113.7745590209961,253723.0
2021-12-09,114.6999969482422,115.4000015258789,113.4000015258789,113.6500015258789,113.27620697021484,70164.0
2021-12-10,113.9000015258789,116.4499969482422,112.3499984741211,115.0,114.62175750732422,92588.0
2021-12-13,115.1500015258789,119.6999969482422,115.1500015258789,117.9000015258789,117.51222229003906,169972.0
2021-12-14,117.9000015258789,118.75,116.0500030517578,117.4000015258789,117.01386260986328,81551.0
2021-12-15,116.5500030517578,120.8499984741211,116.4499969482422,117.9499969482422,117.56204986572266,283636.0
2021-12-16,119.0,122.8000030517578,116.5,118.3000030517578,117.91090393066406,492664.0
2021-12-17,118.8000030517578,121.5,114.0,114.9499969482422,114.57192993164062,310657.0
2021-12-20,113.9499969482422,113.9499969482422,107.0999984741211,107.5500030517578,107.1962661743164,134553.0
2021-12-21,107.9000015258789,111.6999969482422,107.9000015258789,110.0,109.63819885253906,104720.0
2021-12-22,110.8000030517578,112.8499984741211,110.6500015258789,112.0,111.63162994384766,26703.0
2021-12-23,112.25,120.4000015258789,111.9000015258789,118.0999984741211,117.71156311035156,198563.0
2021-12-24,120.0,121.8000030517578,115.3499984741211,116.1500015258789,115.76797485351562,388341.0
2021-12-27,116.1500015258789,116.1999969482422,114.1999969482422,115.1500015258789,114.77127075195312,61518.0
2021-12-28,115.75,121.9000015258789,115.4499969482422,120.8000030517578,120.4026870727539,209283.0
2021-12-29,119.8499984741211,124.0999984741211,119.0999984741211,122.75,122.34626007080078,229453.0
2021-12-30,123.5999984741211,139.8000030517578,121.5500030517578,134.0500030517578,133.60911560058594,4266199.0
2021-12-31,133.0,136.39999389648438,130.35000610351562,131.85000610351562,131.41635131835938,645031.0
2022-01-03,132.8000030517578,133.5500030517578,129.9499969482422,130.6999969482422,130.27011108398438,368612.0
2022-01-04,131.35000610351562,142.85000610351562,127.5500030517578,136.5,136.05104064941406,2377337.0
2022-01-05,136.3000030517578,142.64999389648438,133.85000610351562,135.10000610351562,134.65565490722656,766970.0
2022-01-06,132.8000030517578,138.60000610351562,131.6999969482422,135.4499969482422,135.00450134277344,362935.0
2022-01-07,136.39999389648438,136.5,130.5500030517578,132.14999389648438,131.71534729003906,241695.0
2022-01-10,132.3000030517578,138.75,132.3000030517578,135.9499969482422,135.5028533935547,380346.0
2022-01-11,136.0,138.39999389648438,133.64999389648438,134.10000610351562,133.658935546875,286425.0
2022-01-12,134.89999389648438,137.6999969482422,132.89999389648438,134.0500030517578,133.60911560058594,349613.0
2022-01-13,134.89999389648438,138.0,133.10000610351562,134.85000610351562,134.40647888183594,400064.0
2022-01-14,135.89999389648438,143.0,134.60000610351562,141.3000030517578,140.83526611328125,1155187.0
2022-01-17,141.3000030517578,150.0,141.0,146.5500030517578,146.06800842285156,2157679.0
2022-01-18,147.39999389648438,159.89999389648438,142.5,147.39999389648438,146.91519165039062,5624731.0
2022-01-19,148.25,153.9499969482422,146.0,151.8000030517578,151.3007354736328,1665505.0
2022-01-20,152.4499969482422,153.8000030517578,148.5,150.0500030517578,149.55648803710938,535702.0
2022-01-21,149.35000610351562,149.8000030517578,141.0,142.89999389648438,142.42999267578125,494407.0
2022-01-24,142.85000610351562,143.35000610351562,129.4499969482422,130.60000610351562,130.1704559326172,546400.0
2022-01-25,128.0,144.64999389648438,123.3499984741211,142.1999969482422,141.7322998046875,1386467.0
2022-01-27,140.5,148.8000030517578,138.25,144.3000030517578,143.8253936767578,885875.0
2022-01-28,145.6999969482422,148.9499969482422,140.8000030517578,141.64999389648438,141.18409729003906,490428.0
2022-01-31,143.10000610351562,146.3000030517578,140.25,141.64999389648438,141.18409729003906,453168.0
2022-02-01,143.3000030517578,144.60000610351562,134.6999969482422,138.14999389648438,137.69561767578125,752776.0
2022-02-02,139.0,139.0,135.5,136.6999969482422,136.25038146972656,285574.0
2022-02-03,137.64999389648438,140.8000030517578,136.5,137.8000030517578,137.34677124023438,384869.0
2022-02-04,140.0,141.14999389648438,129.5,134.25,133.80844116210938,1069845.0
2022-02-07,136.0,136.5500030517578,130.1999969482422,131.5500030517578,131.11732482910156,272346.0
2022-02-08,131.75,133.1999969482422,127.3000030517578,131.39999389648438,130.96780395507812,563942.0
2022-02-09,131.39999389648438,132.89999389648438,129.0,131.14999389648438,130.71864318847656,211791.0
2022-02-10,131.39999389648438,132.0,129.0,129.9499969482422,129.52259826660156,179158.0
2022-02-11,127.1999969482422,131.85000610351562,126.5999984741211,127.3499984741211,126.93113708496094,282545.0
2022-02-14,126.5,126.5,113.8499984741211,116.1999969482422,115.81781005859376,307983.0
2022-02-15,117.0,121.5500030517578,117.0,119.6999969482422,119.3062973022461,371161.0
2022-02-16,123.1500015258789,123.5,120.1999969482422,121.9000015258789,121.49906158447266,179685.0
2022-02-17,123.0,123.0,118.9499969482422,119.6500015258789,119.2564697265625,100532.0
2022-02-18,119.1999969482422,121.5,119.1999969482422,119.75,119.35613250732422,111238.0
2022-02-21,120.0,120.0,113.5999984741211,114.4000015258789,114.02373504638672,149215.0
2022-02-22,114.4000015258789,115.4499969482422,107.6500015258789,112.25,111.88079833984376,203607.0
2022-02-23,113.0500030517578,117.3000030517578,112.3000030517578,113.3000030517578,112.92736053466795,236626.0
2022-02-24,108.0,111.0,97.5500030517578,99.9000015258789,99.57141876220705,357208.0
2022-02-25,103.9000015258789,119.8499984741211,103.6999969482422,115.3000030517578,114.92076873779295,1354399.0
2022-02-28,114.9000015258789,114.9499969482422,110.25,112.8499984741211,112.47882843017578,272214.0
2022-03-02,112.8499984741211,116.8000030517578,112.0999984741211,114.25,113.87422943115234,258031.0
2022-03-03,116.6500015258789,116.8499984741211,113.0999984741211,114.0500030517578,113.67488861083984,119739.0
2022-03-04,111.0,113.9000015258789,110.9499969482422,111.8499984741211,111.48211669921876,116200.0
2022-03-07,111.5999984741211,111.5999984741211,106.1999969482422,109.1999969482422,108.84083557128906,131982.0
2022-03-08,110.9000015258789,113.4000015258789,109.1999969482422,112.1500015258789,111.7811279296875,149031.0
2022-03-09,112.25,117.5999984741211,112.25,115.0500030517578,114.67160034179688,241553.0
2022-03-10,116.5500030517578,117.9499969482422,115.4000015258789,115.9499969482422,115.56863403320312,130109.0
2022-03-11,116.0,129.5500030517578,115.5999984741211,127.0999984741211,126.68196868896484,3185302.0
2022-03-14,125.9000015258789,137.60000610351562,124.5999984741211,133.3000030517578,132.861572265625,1847073.0
2022-03-15,132.0,133.1999969482422,124.1999969482422,125.6999969482422,125.28656005859376,499008.0
2022-03-16,126.5999984741211,133.5,126.5999984741211,130.60000610351562,130.1704559326172,586075.0
2022-03-17,131.64999389648438,134.85000610351562,128.35000610351562,131.5500030517578,131.11732482910156,479821.0
2022-03-21,131.9499969482422,134.89999389648438,126.6999969482422,131.10000610351562,130.66880798339844,589052.0
2022-03-22,131.14999389648438,139.5,130.5,136.60000610351562,136.15072631835938,1395026.0
2022-03-23,136.8000030517578,137.25,129.64999389648438,130.85000610351562,130.4196319580078,485491.0
2022-03-24,132.4499969482422,135.89999389648438,130.1999969482422,131.64999389648438,131.2169952392578,413995.0
2022-03-25,133.39999389648438,133.4499969482422,128.10000610351562,129.10000610351562,128.67539978027344,191640.0
2022-03-28,130.14999389648438,134.0500030517578,126.8000030517578,129.89999389648438,129.47274780273438,428734.0
2022-03-29,130.25,140.89999389648438,130.10000610351562,135.85000610351562,135.40318298339844,2321360.0
2022-03-30,136.5500030517578,137.39999389648438,131.8000030517578,132.8000030517578,132.36322021484375,433597.0
2022-03-31,133.39999389648438,134.5,130.0500030517578,130.89999389648438,130.46945190429688,208798.0
2022-04-01,130.14999389648438,137.75,130.14999389648438,134.1999969482422,133.75860595703125,643476.0
2022-04-04,135.0,143.6999969482422,135.0,139.6999969482422,139.2405242919922,1238074.0
2022-04-05,139.85000610351562,142.5,137.39999389648438,138.3000030517578,137.8451385498047,529645.0
2022-04-06,137.4499969482422,141.3000030517578,136.35000610351562,139.8000030517578,139.34019470214844,517904.0
2022-04-07,139.9499969482422,144.5,136.10000610351562,136.75,136.30023193359375,949670.0
2022-04-08,137.4499969482422,140.0,137.0500030517578,137.4499969482422,136.99790954589844,265514.0
2022-04-11,138.0,141.6999969482422,136.8000030517578,137.35000610351562,136.89825439453125,272082.0
2022-04-12,138.25,138.25,134.14999389648438,135.75,135.3035125732422,172313.0
2022-04-13,139.0500030517578,140.85000610351562,136.0,136.8000030517578,136.35006713867188,498891.0
2022-04-18,135.75,141.4499969482422,132.1999969482422,138.64999389648438,138.1939697265625,684805.0
2022-04-19,139.89999389648438,141.4499969482422,131.10000610351562,133.6999969482422,133.26026916503906,383844.0
2022-04-20,134.0,136.3000030517578,130.0500030517578,132.4499969482422,132.0143585205078,184465.0
2022-04-21,133.8000030517578,139.0500030517578,133.3000030517578,137.5,137.04774475097656,327934.0
2022-04-22,136.0,138.5500030517578,134.39999389648438,135.10000610351562,134.65565490722656,202564.0
2022-04-25,134.5,134.89999389648438,129.5,130.25,129.82159423828125,229169.0
2022-04-26,132.0,133.60000610351562,129.0500030517578,130.14999389648438,129.721923828125,165799.0
2022-04-27,127.5999984741211,132.35000610351562,127.3499984741211,130.64999389648438,130.2202911376953,434599.0
2022-04-28,131.4499969482422,133.5,129.4499969482422,130.0,129.5724334716797,192096.0
2022-04-29,130.10000610351562,131.5500030517578,125.0,125.5999984741211,125.1868896484375,148800.0
2022-05-02,125.8000030517578,125.8499984741211,121.8000030517578,123.8000030517578,123.392822265625,140395.0
2022-05-04,124.9000015258789,126.75,119.0999984741211,120.4499969482422,120.05382537841795,155665.0
2022-05-05,122.0,123.6500015258789,120.5999984741211,121.3499984741211,120.95087432861328,83509.0
2022-05-06,119.0,136.0,116.5,129.5500030517578,129.12391662597656,2571496.0
2022-05-09,131.0,131.0,121.25,122.5,122.09709167480467,487822.0
2022-05-10,122.5,128.39999389648438,122.3000030517578,124.4499969482422,124.0406723022461,377160.0
2022-05-11,124.8499984741211,125.6999969482422,114.1999969482422,116.9000015258789,116.51551818847656,240424.0
2022-05-12,117.4499969482422,117.5,110.8000030517578,112.8000030517578,112.4290008544922,179216.0
2022-05-13,113.5,117.9499969482422,111.0,112.9000015258789,112.5286636352539,134433.0
2022-05-16,113.1999969482422,117.6999969482422,112.0500030517578,115.5,115.1201171875,173783.0
2022-05-17,116.0999984741211,122.4000015258789,115.0,121.25,120.85120391845705,178779.0
2022-05-18,121.9000015258789,128.64999389648438,118.8000030517578,126.4000015258789,125.98426818847656,275472.0
2022-05-19,122.0999984741211,128.10000610351562,121.0999984741211,122.3000030517578,121.8977508544922,423764.0
2022-05-20,124.9000015258789,127.0,123.1500015258789,125.8000030517578,125.38623809814452,189644.0
2022-05-23,126.9000015258789,134.14999389648438,123.0,128.5,128.0773468017578,648830.0
2022-05-24,130.0,131.60000610351562,127.0999984741211,129.60000610351562,129.1737518310547,270758.0
2022-05-25,128.0,129.5500030517578,120.0,121.3499984741211,120.95087432861328,141675.0
2022-05-26,121.3499984741211,123.6999969482422,115.1999969482422,120.5999984741211,120.20333862304688,236152.0
2022-05-27,122.0,123.4499969482422,120.4499969482422,121.3499984741211,120.95087432861328,115216.0
2022-05-30,122.25,126.3000030517578,122.1500015258789,123.0,122.59544372558594,207618.0
2022-05-31,124.9000015258789,126.4000015258789,122.5999984741211,124.4000015258789,123.9908447265625,133837.0
2022-06-01,124.4000015258789,130.0,124.4000015258789,128.14999389648438,127.72850036621094,299830.0
2022-06-02,127.9499969482422,130.75,126.4499969482422,127.9000015258789,127.47933197021484,159455.0
2022-06-03,128.6999969482422,129.4499969482422,124.5999984741211,125.3000030517578,124.88788604736328,61874.0
2022-06-06,125.0,129.35000610351562,123.5500030517578,127.5500030517578,127.13047790527344,302911.0
2022-06-07,127.3499984741211,129.89999389648438,124.25,125.9000015258789,125.48591613769533,207466.0
2022-06-08,126.1999969482422,126.6999969482422,123.9000015258789,124.75,124.33969116210938,108488.0
2022-06-09,125.0,125.1999969482422,123.0,123.6999969482422,123.29314422607422,56675.0
2022-06-10,122.1500015258789,122.5999984741211,120.0,120.4499969482422,120.05382537841795,99680.0
2022-06-13,118.5999984741211,118.5999984741211,113.5,113.8499984741211,113.4755401611328,102257.0
2022-06-14,110.0,115.6999969482422,110.0,113.1500015258789,112.77784729003906,80226.0
2022-06-15,113.75,114.6999969482422,112.0,112.4000015258789,112.03031158447266,64148.0
2022-06-16,114.0,116.6999969482422,109.9000015258789,110.4000015258789,110.0368881225586,102046.0
2022-06-17,110.9499969482422,110.9499969482422,99.6999969482422,101.1500015258789,100.81731414794922,326246.0
2022-06-20,101.1999969482422,101.1999969482422,82.3499984741211,87.1500015258789,86.86335754394531,1373421.0
2022-06-21,89.9000015258789,102.5,89.05000305175781,97.1500015258789,96.8304672241211,2831209.0
2022-06-22,97.9499969482422,98.6500015258789,94.25,96.4499969482422,96.13277435302734,488783.0
2022-06-23,97.5500030517578,97.9000015258789,94.5999984741211,95.9499969482422,95.63441467285156,262867.0
2022-06-24,96.4499969482422,97.6999969482422,95.5999984741211,96.5,96.18260192871094,150808.0
2022-06-27,97.9499969482422,99.8499984741211,97.5,98.4000015258789,98.07636260986328,193800.0
2022-06-28,98.0,98.3000030517578,96.0999984741211,97.1500015258789,96.8304672241211,104880.0
2022-06-29,97.0,98.6500015258789,95.75,96.9499969482422,96.63111877441406,75984.0
2022-06-30,97.0,102.0,95.25,96.4000015258789,96.08293151855467,516034.0
2022-07-01,96.4000015258789,96.4000015258789,93.4000015258789,94.6500015258789,94.33869171142578,227181.0
2022-07-04,95.4499969482422,99.8000030517578,95.3000030517578,97.5999984741211,97.27898406982422,320866.0
2022-07-05,98.0999984741211,98.4000015258789,95.0,95.8499984741211,95.53474426269533,183417.0
2022-07-06,96.3000030517578,96.8000030517578,94.6500015258789,95.5,95.18589782714844,118896.0
2022-07-07,96.0500030517578,97.9000015258789,96.0500030517578,96.8000030517578,96.48162841796876,141979.0
2022-07-08,97.5,98.6999969482422,96.5500030517578,97.4000015258789,97.07965087890624,116529.0
2022-07-11,96.8000030517578,102.0,96.6999969482422,99.8000030517578,99.47175598144533,442618.0
2022-07-12,99.8000030517578,101.4000015258789,99.0999984741211,99.8000030517578,99.47175598144533,168673.0
2022-07-13,100.25,101.6999969482422,97.5999984741211,99.5500030517578,99.22258758544922,168449.0
2022-07-14,99.5999984741211,100.8499984741211,97.5,98.6500015258789,98.3255386352539,129563.0
2022-07-15,99.0,99.75,97.0,98.6999969482422,98.37535858154295,105617.0
2022-07-18,99.1999969482422,105.0500030517578,99.1500015258789,101.5500030517578,101.21599578857422,325144.0
2022-07-19,100.0,103.0,100.0,102.0,101.66452026367188,161690.0
2022-07-20,102.5500030517578,104.4000015258789,102.0,102.5500030517578,102.21270751953124,204870.0
2022-07-21,103.1500015258789,104.5,102.1500015258789,103.5,103.15957641601562,82365.0
2022-07-22,104.0,108.4000015258789,104.0,105.5500030517578,105.20284271240234,535866.0
2022-07-25,105.6999969482422,105.9000015258789,102.6999969482422,104.1500015258789,103.80744171142578,98875.0
2022-07-26,104.3000030517578,104.3000030517578,101.1500015258789,102.0999984741211,101.76419067382812,51821.0
2022-07-27,102.9499969482422,103.5,101.5999984741211,102.9499969482422,102.61138916015624,95841.0
2022-07-28,103.9000015258789,104.5,102.8000030517578,103.1500015258789,102.81073760986328,61927.0
2022-07-29,103.5,117.4499969482422,103.5,113.5500030517578,113.17652893066406,2873806.0
2022-08-01,112.9499969482422,116.0,110.1999969482422,114.0500030517578,113.67488861083984,520998.0
2022-08-02,113.9000015258789,114.0,111.5999984741211,112.75,112.37915802001952,173889.0
2022-08-03,113.5,113.5999984741211,109.5500030517578,110.4499969482422,110.08672332763672,126656.0
2022-08-04,114.0,121.4000015258789,112.1500015258789,116.6999969482422,116.31616973876952,1842260.0
2022-08-05,117.5500030517578,126.75,115.0,122.8000030517578,122.39611053466795,2414442.0
2022-08-08,123.25,123.25,118.0,119.25,118.85777282714844,308439.0
2022-08-10,119.9000015258789,119.9000015258789,115.3499984741211,116.25,115.86764526367188,255273.0
2022-08-11,118.5999984741211,118.75,114.6500015258789,117.1999969482422,116.81451416015624,219872.0
2022-08-12,119.0,119.0,115.75,116.4499969482422,116.06698608398438,200897.0
2022-08-16,116.1999969482422,120.9499969482422,115.75,119.4499969482422,119.05712127685548,262740.0
2022-08-17,119.0,120.9000015258789,116.6999969482422,118.1500015258789,117.76139831542967,161138.0
2022-08-18,116.9000015258789,127.5999984741211,116.9000015258789,121.4000015258789,121.0007095336914,564964.0
2022-08-19,119.9499969482422,122.5,117.1999969482422,121.5999984741211,121.2000503540039,237592.0
2022-08-22,118.8000030517578,119.9499969482422,117.8000030517578,118.0500030517578,117.66172790527344,110264.0
2022-08-23,115.6999969482422,118.75,115.6999969482422,117.8499984741211,117.46238708496094,160634.0
2022-08-24,120.0,124.5999984741211,118.3000030517578,123.0999984741211,122.6951141357422,718427.0
2022-08-25,123.4499969482422,128.39999389648438,123.1500015258789,124.5,124.09051513671876,764266.0
2022-08-26,125.4499969482422,129.25,124.5999984741211,125.1500015258789,124.73837280273438,317940.0
2022-08-29,121.0,123.5,120.8000030517578,121.5999984741211,121.2000503540039,124843.0
2022-08-30,122.0,124.0,121.8499984741211,122.1500015258789,121.7482452392578,127102.0
2022-09-01,121.6999969482422,124.8000030517578,121.6999969482422,122.9499969482422,122.5456085205078,178883.0
2022-09-02,124.3000030517578,124.3000030517578,121.8000030517578,122.0999984741211,121.69840240478516,92874.0
2022-09-05,121.5,124.5,121.0,122.5500030517578,122.14693450927734,149727.0
2022-09-06,122.0,129.75,122.0,125.8000030517578,125.38623809814452,874367.0
2022-09-07,126.5,132.0,126.5,128.0,127.5790023803711,913656.0
2022-09-08,129.1999969482422,129.9499969482422,127.0500030517578,128.3000030517578,127.87801361083984,192139.0
2022-09-09,129.5500030517578,130.5,124.4000015258789,125.0,124.5888671875,132681.0
2022-09-12,125.8499984741211,128.6999969482422,125.5999984741211,126.9000015258789,126.4826202392578,188041.0
2022-09-13,127.4000015258789,128.0,125.8000030517578,126.6999969482422,126.28327178955078,146139.0
2022-09-14,124.1999969482422,127.0,124.1999969482422,125.1500015258789,124.73837280273438,109405.0
2022-09-15,125.8000030517578,127.9000015258789,121.3499984741211,122.9499969482422,122.5456085205078,153411.0
2022-09-16,122.5999984741211,127.5500030517578,121.4000015258789,122.9000015258789,122.49578094482422,442168.0
2022-09-19,123.3000030517578,124.8499984741211,120.0,120.5999984741211,120.20333862304688,146049.0
2022-09-20,121.25,123.8000030517578,119.0999984741211,119.8000030517578,119.40597534179688,112519.0
2022-09-21,120.0,121.4000015258789,117.1500015258789,117.6999969482422,117.31287384033205,129242.0
2022-09-22,117.0999984741211,119.6500015258789,116.3000030517578,117.4000015258789,117.01386260986328,93410.0
2022-09-23,118.0,118.8000030517578,113.25,114.4000015258789,114.02373504638672,86939.0
2022-09-26,114.4000015258789,114.4000015258789,107.3499984741211,108.1999969482422,107.8441162109375,133636.0
2022-09-27,108.9000015258789,110.8000030517578,106.1999969482422,108.4499969482422,108.09329223632812,186282.0
2022-09-28,107.3000030517578,109.75,104.0,105.0500030517578,104.70448303222656,173116.0
2022-09-29,107.0,108.8499984741211,104.6999969482422,106.5500030517578,106.1995620727539,129531.0
2022-09-30,106.6500015258789,111.25,104.4499969482422,108.8499984741211,108.49198150634766,151663.0
2022-10-03,111.5,111.5,107.3499984741211,108.8499984741211,108.49198150634766,237860.0
2022-10-04,109.4000015258789,112.4000015258789,108.6999969482422,109.5999984741211,109.2395248413086,153255.0
2022-10-06,110.0500030517578,115.0,110.0,114.3000030517578,113.92406463623048,324647.0
2022-10-07,114.3000030517578,124.9000015258789,113.0500030517578,123.0999984741211,122.6951141357422,1641195.0
2022-10-10,121.0,122.5999984741211,120.4000015258789,120.8499984741211,120.45252227783205,156854.0
2022-10-11,120.5,121.1500015258789,115.1500015258789,117.6999969482422,117.31287384033205,202176.0
2022-10-12,117.9000015258789,118.3000030517578,116.1999969482422,117.4499969482422,117.0636978149414,51755.0
2022-10-13,116.8499984741211,118.9000015258789,114.0500030517578,114.75,114.37258911132812,74058.0
2022-10-14,115.3499984741211,117.9000015258789,114.0,115.3499984741211,114.9706039428711,165468.0
2022-10-17,115.9000015258789,116.1999969482422,113.75,114.5500030517578,114.1732406616211,66943.0
2022-10-18,115.1500015258789,116.9000015258789,114.1999969482422,115.6999969482422,115.3194580078125,88942.0
2022-10-19,115.6999969482422,122.0,115.0999984741211,119.0500030517578,118.65843963623048,410127.0
2022-10-20,116.5999984741211,119.0999984741211,116.5999984741211,118.1500015258789,117.76139831542967,69873.0
2022-10-21,118.5,118.75,112.75,114.8000030517578,114.42241668701172,111882.0
2022-10-24,115.5999984741211,119.0,115.1999969482422,117.6500015258789,117.26304626464844,36710.0
2022-10-25,117.9000015258789,118.3499984741211,115.5999984741211,116.75,116.36599731445312,68553.0
2022-10-27,116.9499969482422,119.0500030517578,116.6999969482422,118.5,118.11024475097656,85314.0
2022-10-28,118.5,119.5,116.0,116.8499984741211,116.46566772460938,64568.0
2022-10-31,117.0,119.0,115.9499969482422,117.8000030517578,117.4125518798828,91760.0
2022-11-01,117.8499984741211,119.75,112.5,118.0999984741211,117.71156311035156,71477.0
2022-11-02,118.1500015258789,124.8000030517578,116.5999984741211,121.8000030517578,121.3993911743164,573677.0
2022-11-03,122.4499969482422,123.0,119.4499969482422,121.0999984741211,120.70169067382812,88365.0
2022-11-04,121.5,126.5,119.5999984741211,125.1999969482422,124.7882080078125,222726.0
2022-11-07,125.8499984741211,132.89999389648438,123.3499984741211,131.85000610351562,131.41635131835938,595917.0
2022-11-09,132.89999389648438,133.35000610351562,127.0999984741211,128.14999389648438,127.72850036621094,308488.0
2022-11-10,128.0,128.8000030517578,123.0,123.4000015258789,122.99413299560548,108361.0
2022-11-11,124.0,136.0500030517578,124.0,129.10000610351562,128.67539978027344,1453475.0
2022-11-14,129.0,133.39999389648438,128.35000610351562,131.9499969482422,131.51602172851562,409823.0
2022-11-15,132.64999389648438,133.9499969482422,128.5,130.85000610351562,130.4196319580078,199957.0
2022-11-16,131.3000030517578,131.3000030517578,126.4499969482422,127.0,126.58229064941406,110905.0
2022-11-17,126.9499969482422,131.39999389648438,126.0,127.25,126.83146667480467,133270.0
2022-11-18,127.5999984741211,128.14999389648438,124.1500015258789,125.0500030517578,124.63870239257812,92387.0
2022-11-21,124.5,130.89999389648438,124.0,129.0500030517578,128.62554931640625,251228.0
2022-11-22,129.10000610351562,130.6999969482422,125.6999969482422,128.39999389648438,127.97769165039062,159971.0
2022-11-23,129.0500030517578,146.9499969482422,128.0,142.25,141.7821502685547,5751304.0
2022-11-24,144.0,149.25,140.10000610351562,146.5,146.01815795898438,2874365.0
2022-11-25,146.9499969482422,147.5,142.10000610351562,142.5,142.0312957763672,713484.0
2022-11-28,142.85000610351562,154.60000610351562,142.5,150.75,150.25418090820312,3244671.0
2022-11-29,150.75,150.75,146.6999969482422,148.0,147.51321411132812,586027.0
2022-11-30,148.0,150.39999389648438,144.10000610351562,145.9499969482422,145.469970703125,297217.0
2022-12-01,146.64999389648438,148.0,144.4499969482422,145.1999969482422,144.722412109375,299779.0
2022-12-02,145.0500030517578,152.0,144.0,146.25,145.7689666748047,700738.0
2022-12-05,147.85000610351562,150.8000030517578,145.5500030517578,146.5500030517578,146.06800842285156,450612.0
2022-12-06,146.5,150.35000610351562,141.5500030517578,147.4499969482422,146.96502685546875,1132914.0
2022-12-07,147.60000610351562,165.75,145.5500030517578,162.4499969482422,161.9156951904297,8034728.0
2022-12-08,170.0500030517578,173.9499969482422,168.25,170.89999389648438,170.337890625,7259167.0
2022-12-09,170.0,170.0,155.64999389648438,157.9499969482422,157.4304962158203,1859175.0
2022-12-12,157.6999969482422,182.8000030517578,154.60000610351562,177.5,176.91619873046875,7025342.0
2022-12-13,182.0,195.0,178.0500030517578,193.1000061035156,192.46490478515625,10388780.0
2022-12-14,189.0,192.3500061035156,182.5500030517578,186.6000061035156,185.9862823486328,4060523.0
2022-12-15,186.1499938964844,223.8999938964844,184.0,223.8000030517578,223.0639190673828,20725266.0
2022-12-16,228.1000061035156,268.54998779296875,226.25,268.54998779296875,267.6667175292969,36991384.0
2022-12-19,278.70001220703125,295.3999938964844,257.3500061035156,266.1000061035156,265.22479248046875,24739998.0
2022-12-20,260.0,292.70001220703125,256.5,292.70001220703125,291.7373352050781,8926626.0
2022-12-21,305.1000061035156,316.0,283.5,295.8500061035156,294.876953125,16311626.0
2022-12-22,303.0,303.0,266.29998779296875,267.6499938964844,266.7696533203125,5084076.0
2022-12-23,264.0,278.0,240.8999938964844,243.0,242.2007598876953,4333059.0
2022-12-26,249.0,267.29998779296875,245.0500030517578,267.29998779296875,266.4208374023437,2998637.0
2022-12-27,277.0,294.0,275.3500061035156,294.0,293.03302001953125,4295975.0
2022-12-28,300.0,323.3999938964844,298.0,323.3999938964844,322.3363342285156,10648564.0
2022-12-29,326.0,355.70001220703125,313.04998779296875,355.6000061035156,354.430419921875,10369805.0
2022-12-30,366.0,373.3500061035156,361.2999877929688,373.3500061035156,372.1220397949219,4042990.0
2023-01-02,383.3999938964844,390.0,354.70001220703125,354.70001220703125,353.53338623046875,4934758.0
2023-01-03,340.0,349.8500061035156,337.0,337.0,335.8915710449219,1333766.0
2023-01-04,327.04998779296875,353.8500061035156,322.29998779296875,353.8500061035156,352.6861877441406,5569470.0
2023-01-05,361.0,371.5,360.0,371.5,370.2781372070313,2809836.0
2023-01-06,382.3999938964844,384.0,352.95001220703125,352.95001220703125,351.78912353515625,2811044.0
2023-01-09,353.1000061035156,364.7999877929688,337.6499938964844,340.54998779296875,339.42987060546875,2075278.0
2023-01-10,345.0,353.8999938964844,335.04998779296875,343.5,342.3702087402344,1959229.0
2023-01-11,349.8999938964844,351.79998779296875,338.5,340.1000061035156,338.9813842773437,730540.0
2023-01-12,342.0,345.70001220703125,330.04998779296875,333.20001220703125,332.1040954589844,756177.0
2023-01-13,334.79998779296875,336.70001220703125,319.1499938964844,321.29998779296875,320.2431945800781,1129672.0
2023-01-16,321.8500061035156,329.3500061035156,305.25,305.25,304.2460327148437,1240096.0
2023-01-17,305.0,320.5,294.0,320.5,319.44586181640625,2385361.0
2023-01-18,328.0,336.5,323.29998779296875,336.5,335.39324951171875,1578862.0
2023-01-19,337.0,351.3500061035156,323.6000061035156,329.20001220703125,328.11724853515625,2867245.0
2023-01-20,327.5,329.0,315.0,318.6000061035156,317.5521240234375,898009.0
2023-01-23,321.95001220703125,334.5,320.3500061035156,329.3500061035156,328.2667541503906,1163533.0
2023-01-24,331.3999938964844,333.3999938964844,320.1000061035156,322.29998779296875,321.23992919921875,501489.0
2023-01-25,323.3999938964844,327.5,309.0,312.04998779296875,311.0236511230469,522770.0
2023-01-27,314.0,322.0,296.45001220703125,296.54998779296875,295.5746154785156,524795.0
2023-01-30,294.95001220703125,305.0,282.1000061035156,283.45001220703125,282.5177307128906,615205.0
2023-01-31,290.0,297.6000061035156,284.79998779296875,297.6000061035156,296.6211853027344,477012.0
2023-02-01,308.8999938964844,312.45001220703125,282.75,286.45001220703125,285.50787353515625,1408557.0
2023-02-02,283.75,295.6000061035156,274.0,278.04998779296875,277.1354675292969,537675.0
2023-02-03,283.0,290.70001220703125,265.0,274.25,273.34796142578125,1605989.0
2023-02-06,276.8999938964844,286.0,269.04998779296875,276.1000061035156,275.19189453125,572313.0
2023-02-07,276.70001220703125,278.75,263.0,264.8500061035156,263.9789123535156,520082.0
2023-02-08,266.75,269.0,255.5500030517578,257.5,256.653076171875,550367.0
2023-02-09,260.0,270.3500061035156,257.1499938964844,270.3500061035156,269.4608154296875,506486.0
2023-02-10,273.70001220703125,283.8500061035156,265.54998779296875,272.75,271.8529052734375,933240.0
2023-02-13,274.79998779296875,279.3999938964844,259.1499938964844,259.8999938964844,259.0451965332031,591996.0
2023-02-14,260.0,272.8500061035156,251.0,255.9499969482422,255.1081695556641,1786217.0
2023-02-15,257.79998779296875,261.8500061035156,252.0,253.8000030517578,252.9652404785156,681766.0
2023-02-16,256.25,259.29998779296875,251.6499938964844,252.6499938964844,251.81903076171875,505978.0
2023-02-17,252.6499938964844,254.6000061035156,246.25,247.6999969482422,246.8852996826172,342092.0
2023-02-20,248.5,249.3999938964844,240.0,240.9499969482422,240.15750122070312,404370.0
2023-02-21,241.3500061035156,243.0,231.8000030517578,234.1000061035156,233.3300323486328,372417.0
2023-02-22,230.1000061035156,233.6999969482422,225.0,225.9499969482422,225.20684814453125,321730.0
2023-02-23,225.8999938964844,237.1999969482422,222.5500030517578,237.1999969482422,236.4198303222656,614444.0
2023-02-24,249.0500030517578,249.0500030517578,228.1000061035156,231.0500030517578,230.29006958007807,697375.0
2023-02-27,231.0,233.0,221.4499969482422,223.0,222.2665405273437,297646.0
2023-02-28,226.6999969482422,234.1499938964844,226.0,234.1499938964844,233.3798675537109,312158.0
2023-03-01,235.0,242.8000030517578,230.0,232.75,231.98448181152344,524501.0
2023-03-02,233.9499969482422,237.0,227.6499938964844,228.5500030517578,227.7982940673828,232290.0
2023-03-03,232.0,239.9499969482422,231.5,239.0500030517578,238.2637634277344,541323.0
2023-03-06,239.8500061035156,251.0,239.0500030517578,251.0,250.1744384765625,330251.0
2023-03-08,254.9499969482422,258.3999938964844,245.0500030517578,246.5,245.6892547607422,577677.0
2023-03-09,246.8000030517578,249.0,234.1999969482422,235.1999969482422,234.4264068603516,422498.0
2023-03-10,233.8000030517578,237.3999938964844,229.0,231.1999969482422,230.4395751953125,397122.0
2023-03-13,229.9499969482422,232.8999938964844,219.6499938964844,219.6499938964844,218.92755126953125,228054.0
2023-03-14,220.0,226.0,210.3000030517578,216.8000030517578,216.08694458007807,263073.0
2023-03-15,221.6999969482422,225.0,210.3999938964844,212.5,211.8010711669922,287146.0
2023-03-16,215.5,215.5,206.1499938964844,210.0,209.309310913086,241671.0
2023-03-17,214.75,220.4499969482422,212.1000061035156,214.1499938964844,213.4456481933593,244660.0
2023-03-20,214.1499938964844,216.5500030517578,206.9499969482422,210.25,209.5584716796875,192285.0
2023-03-21,214.6999969482422,219.6000061035156,211.6999969482422,215.3999938964844,214.6915283203125,204680.0
2023-03-22,216.0,226.1499938964844,216.0,226.1499938964844,225.4061737060547,245249.0
2023-03-23,232.0,237.4499969482422,219.3999938964844,221.1499938964844,220.42263793945312,677182.0
2023-03-24,223.0,223.0,210.1000061035156,210.1000061035156,209.40896606445312,222083.0
2023-03-27,211.1999969482422,211.4499969482422,199.6000061035156,199.9499969482422,199.2923583984375,236373.0
2023-03-28,200.0,205.6999969482422,192.0,197.0500030517578,196.40188598632807,273596.0
2023-03-29,198.8000030517578,206.8999938964844,196.25,206.8999938964844,206.2194976806641,240199.0
2023-03-31,212.0,214.3000030517578,199.1499938964844,205.3999938964844,204.72442626953125,355220.0
2023-04-03,208.0,215.6499938964844,201.8000030517578,215.6499938964844,214.9407196044922,326645.0
2023-04-05,221.8000030517578,226.3999938964844,217.1000061035156,226.3999938964844,225.6553649902344,558183.0
2023-04-06,226.3999938964844,229.4499969482422,218.1999969482422,220.1999969482422,219.47573852539065,506334.0
2023-04-10,223.6999969482422,231.1999969482422,221.0,231.0,230.240234375,492650.0
2023-04-11,237.6000061035156,241.4499969482422,227.6999969482422,237.8500061035156,237.0677032470703,1500989.0
2023-04-12,238.8999938964844,285.3999938964844,234.75,285.3999938964844,284.4612731933594,5188039.0
2023-04-13,294.0,336.5,293.70001220703125,320.79998779296875,319.744873046875,13752053.0
2023-04-17,314.95001220703125,351.79998779296875,309.1499938964844,334.1000061035156,333.0011291503906,6914999.0
2023-04-18,338.0,351.45001220703125,326.1499938964844,330.54998779296875,329.4627990722656,2530451.0
2023-04-19,333.0,341.8999938964844,320.3999938964844,328.95001220703125,327.8680725097656,2383746.0
2023-04-20,330.8999938964844,334.95001220703125,321.6000061035156,325.0,323.9310607910156,1049812.0
2023-04-21,326.0,344.75,320.5,331.75,330.6588439941406,3892287.0
2023-04-24,331.75,336.70001220703125,326.0,330.70001220703125,329.6123352050781,1200746.0
2023-04-25,332.95001220703125,351.0,326.8999938964844,346.45001220703125,345.3105163574219,3089718.0
2023-04-26,347.3999938964844,364.6499938964844,344.04998779296875,351.54998779296875,350.3937072753906,3588600.0
2023-04-27,353.5,353.5,338.3500061035156,341.3999938964844,340.277099609375,978576.0
2023-04-28,343.0,349.0,341.1000061035156,343.1000061035156,341.9715576171875,906770.0
2023-05-02,344.95001220703125,361.6499938964844,341.0,350.45001220703125,349.2973937988281,1903213.0
2023-05-03,349.70001220703125,356.3999938964844,345.6499938964844,348.5,347.353759765625,1020500.0
2023-05-04,348.0,360.0,346.54998779296875,350.3500061035156,349.1976928710937,1461422.0
2023-05-05,351.29998779296875,352.3999938964844,320.0,323.20001220703125,322.1369934082031,1791702.0
2023-05-08,322.95001220703125,322.95001220703125,301.8500061035156,307.6499938964844,306.6381530761719,852392.0
2023-05-09,309.79998779296875,325.6000061035156,309.20001220703125,318.04998779296875,317.00390625,757852.0
2023-05-10,321.20001220703125,321.5,310.04998779296875,313.5,312.4688720703125,352163.0
2023-05-11,315.0,319.20001220703125,312.0,313.70001220703125,312.6682434082031,319151.0
2023-05-12,313.0,314.20001220703125,306.0,307.45001220703125,306.43878173828125,217552.0
2023-05-15,309.3999938964844,310.8999938964844,303.04998779296875,307.8500061035156,306.83746337890625,282007.0
2023-05-16,309.25,317.0,308.1499938964844,310.45001220703125,309.4289245605469,439544.0
2023-05-17,312.0,322.95001220703125,311.25,316.6000061035156,315.5586853027344,978352.0
2023-05-18,319.3999938964844,320.95001220703125,312.5,315.70001220703125,314.66168212890625,465803.0
2023-05-19,317.3500061035156,318.8999938964844,301.70001220703125,307.1000061035156,306.0899658203125,331382.0
2023-05-22,307.3999938964844,308.8500061035156,301.6000061035156,303.70001220703125,302.7011413574219,271734.0
2023-05-23,303.70001220703125,314.3999938964844,303.6499938964844,305.29998779296875,304.2958374023437,410136.0
2023-05-24,306.0,308.1499938964844,302.29998779296875,303.3500061035156,302.3522644042969,183366.0
2023-05-25,304.95001220703125,304.95001220703125,294.0,296.3999938964844,295.42510986328125,262415.0
2023-05-26,298.0,304.75,297.1499938964844,298.29998779296875,297.31884765625,224208.0
2023-05-29,299.95001220703125,311.0,295.0,303.25,302.2525939941406,526043.0
2023-05-30,304.8500061035156,305.8999938964844,299.04998779296875,301.20001220703125,300.2093505859375,134394.0
2023-05-31,300.0,303.8500061035156,296.5,300.54998779296875,299.5614624023437,223050.0
2023-06-01,300.04998779296875,305.75,300.04998779296875,302.04998779296875,301.0565185546875,145158.0
2023-06-02,304.3999938964844,309.3999938964844,302.0,307.3500061035156,306.3390808105469,281199.0
2023-06-05,309.70001220703125,316.6000061035156,308.6499938964844,312.0,310.97381591796875,535436.0
2023-06-06,314.0,336.79998779296875,310.75,332.20001220703125,331.1073608398437,2117425.0
2023-06-07,336.79998779296875,341.95001220703125,330.45001220703125,333.79998779296875,332.7021179199219,1773813.0
2023-06-08,335.0,338.25,325.79998779296875,327.45001220703125,326.3730163574219,696070.0
2023-06-09,329.0,329.1000061035156,317.75,319.20001220703125,318.150146484375,296008.0
2023-06-12,320.04998779296875,326.95001220703125,315.8999938964844,320.70001220703125,319.6452331542969,404520.0
2023-06-13,320.75,333.8500061035156,320.75,328.70001220703125,327.618896484375,1024068.0
2023-06-14,331.75,389.3999938964844,326.0,376.75,375.5108642578125,17741954.0
2023-06-15,378.5,409.75,377.1499938964844,389.25,387.9697265625,14633982.0
2023-06-16,391.7999877929688,393.8999938964844,372.0,373.75,372.5206909179688,2171909.0
2023-06-19,376.0499877929688,390.0,374.0,380.4500122070313,379.1986999511719,1931871.0
2023-06-20,381.8999938964844,433.7000122070313,375.5,416.75,415.3793029785156,14385856.0
2023-06-21,420.0,437.7000122070313,407.3999938964844,413.7000122070313,412.3393249511719,6047625.0
2023-06-22,415.8999938964844,431.5,406.0,423.8999938964844,422.5057678222656,4018415.0
2023-06-23,426.8999938964844,429.0,411.8500061035156,415.6499938964844,414.2828979492188,1623691.0
2023-06-26,415.0499877929688,426.7999877929688,410.0,418.5,417.12353515625,1598844.0
2023-06-27,420.4500122070313,471.8500061035156,419.1499938964844,462.3500061035156,460.829345703125,13066819.0
2023-06-28,472.0499877929688,478.0,453.3999938964844,460.7000122070313,459.1847534179688,5398372.0
2023-06-30,460.0,462.7999877929688,430.2999877929688,434.3999938964844,432.9712524414063,2704106.0
2023-07-03,436.6000061035156,478.7999877929688,426.9500122070313,470.0,468.4541320800781,8939467.0
2023-07-04,463.0,476.8999938964844,455.3500061035156,471.7999877929688,470.2481994628906,3468250.0
2023-07-05,468.0,491.2000122070313,463.0,481.5,479.9163208007813,5379952.0
2023-07-06,479.0,486.75,472.2999877929688,476.0499877929688,474.4842529296875,2332325.0
2023-07-07,475.0,480.25,465.6000061035156,469.1499938964844,467.60693359375,1288228.0
2023-07-10,471.5,471.5,435.2000122070313,455.6499938964844,454.1513366699219,2148070.0
2023-07-11,458.7000122070313,487.7999877929688,455.7000122070313,475.7000122070313,474.1354064941406,4278259.0
2023-07-12,475.0,478.75,466.2999877929688,470.25,468.7033081054688,966725.0
2023-07-13,472.7000122070313,510.75,471.75,489.3500061035156,487.7405090332031,6758265.0
2023-07-14,491.4500122070313,505.6499938964844,486.0499877929688,494.0,492.3752136230469,2043456.0
2023-07-17,496.5499877929688,505.7999877929688,488.5,490.9500122070313,489.3352355957031,1151493.0
2023-07-18,493.4500122070313,501.6499938964844,475.2999877929688,483.7000122070313,482.1091003417969,1114577.0
2023-07-19,487.0,503.7999877929688,476.4500122070313,490.5499877929688,488.9365234375,2428909.0
2023-07-20,493.0,501.0,485.0,491.5499877929688,489.9332580566406,1252801.0
2023-07-21,490.0,494.7000122070313,485.0,486.6499938964844,485.0493774414063,684690.0
2023-07-24,489.0,495.0,482.5,485.0,483.4048156738281,741391.0
2023-07-25,487.6000061035156,488.7000122070313,475.1499938964844,477.7000122070313,476.12884521484375,431382.0
2023-07-26,479.8999938964844,481.4500122070313,463.25,466.8500061035156,465.31451416015625,1108801.0
2023-07-27,469.0499877929688,488.25,468.5,478.4500122070313,476.8763732910156,1190106.0
2023-07-28,480.2999877929688,485.6499938964844,473.3500061035156,476.9500122070313,475.38128662109375,646765.0
2023-07-31,476.9500122070313,480.7999877929688,472.25,474.4500122070313,472.8894958496094,425702.0
2023-08-01,476.8500061035156,503.8999938964844,475.2000122070313,495.4500122070313,493.8204650878906,2828374.0
2023-08-02,487.0,501.0,467.1499938964844,478.7999877929688,477.2251892089844,1159215.0
2023-08-03,479.8999938964844,480.1499938964844,460.1000061035156,472.7000122070313,471.145263671875,963686.0
2023-08-04,475.1000061035156,482.7000122070313,469.3500061035156,476.1499938964844,474.5838928222656,495128.0
2023-08-07,478.25,483.0,470.0,471.5499877929688,469.9990539550781,538705.0
2023-08-08,474.0499877929688,481.6000061035156,471.0,473.7999877929688,472.2416687011719,654271.0
2023-08-09,475.8500061035156,475.8500061035156,463.8999938964844,466.75,465.21484375,490307.0
2023-08-10,468.25,469.25,442.2999877929688,453.4500122070313,451.9585876464844,886699.0
2023-08-11,451.0,456.8999938964844,441.25,444.25,442.788818359375,426124.0
2023-08-14,438.1000061035156,441.25,416.2999877929688,418.6000061035156,417.2232055664063,758789.0
2023-08-16,416.5,460.5,413.1499938964844,455.2000122070313,453.7028198242188,1989075.0
2023-08-17,460.0,468.6499938964844,457.7000122070313,461.8500061035156,460.3309631347656,1063167.0
2023-08-18,463.9500122070313,465.9500122070313,446.5,452.5499877929688,451.0615234375,461037.0
2023-08-21,453.0,454.2000122070313,443.0,444.2999877929688,442.8386535644531,267098.0
2023-08-22,446.7000122070313,466.0,446.6000061035156,453.8500061035156,452.3572387695313,793771.0
2023-08-23,455.8999938964844,480.75,453.6499938964844,469.6499938964844,468.1052856445313,2054691.0
2023-08-24,473.5,477.3500061035156,465.0499877929688,467.5499877929688,466.0121765136719,936472.0
2023-08-25,466.3999938964844,466.3999938964844,455.0,458.7999877929688,457.29095458984375,434231.0
2023-08-28,457.0499877929688,467.25,457.0,460.1499938964844,458.6365356445313,337762.0
2023-08-29,462.3999938964844,470.1499938964844,452.2999877929688,463.0,461.4771423339844,817421.0
2023-08-30,465.5,467.2000122070313,460.8500061035156,463.5499877929688,462.02532958984375,308177.0
2023-08-31,464.7000122070313,468.8500061035156,460.2000122070313,463.6499938964844,462.1250305175781,256230.0
2023-09-01,465.6000061035156,482.9500122070313,464.0,467.2000122070313,465.6633911132813,872100.0
2023-09-04,469.7999877929688,474.8999938964844,466.4500122070313,468.8999938964844,467.3577575683594,358063.0
2023-09-05,471.25,481.8999938964844,439.8999938964844,459.7999877929688,458.2877197265625,781926.0
2023-09-06,461.9500122070313,551.75,461.2000122070313,546.25,544.453369140625,13406011.0
2023-09-07,555.0,564.0,508.8500061035156,514.0999755859375,512.4090576171875,7670697.0
2023-09-08,519.6500244140625,541.0,513.5999755859375,518.0999755859375,516.3959350585938,2475230.0
2023-09-11,520.7000122070312,552.5,508.2999877929688,540.2000122070312,538.4232788085938,3977484.0
2023-09-12,543.8499755859375,543.9000244140625,481.5,498.7000122070313,497.0597839355469,2010038.0
2023-09-13,501.0,524.9000244140625,490.25,515.7999877929688,514.1034545898438,1726010.0
2023-09-14,520.0,526.7000122070312,512.4000244140625,516.25,514.5520629882812,860915.0
2023-09-15,519.2000122070312,575.0,517.25,566.7999877929688,564.9357299804688,8178230.0
2023-09-18,564.0,576.7000122070312,541.75,545.7999877929688,544.0048217773438,2630471.0
2023-09-20,545.0,545.0,521.0,528.5,526.76171875,1046547.0
2023-09-21,529.7000122070312,540.9500122070312,516.0,525.3499755859375,523.6220703125,1401404.0
2023-09-22,527.7999877929688,543.9500122070312,513.5499877929688,537.9000244140625,537.1533203125,1811504.0
2023-09-25,540.0999755859375,544.7999877929688,531.2000122070312,537.7999877929688,537.0534057617188,962412.0
2023-09-26,539.7000122070312,551.0,533.9000244140625,537.25,536.5042114257812,884553.0
2023-09-27,539.6500244140625,539.6500244140625,528.0499877929688,531.7999877929688,531.0617065429688,448319.0
2023-09-28,534.25,562.0,534.0,543.9500122070312,543.1949462890625,1765021.0
2023-09-29,545.0,547.9000244140625,533.0499877929688,538.5,537.75244140625,517569.0
2023-10-03,540.0,541.25,523.0999755859375,532.2000122070312,531.461181640625,620846.0
2023-10-04,530.0499877929688,539.0,520.75,527.2999877929688,526.5679931640625,653336.0
2023-10-05,530.0,543.4500122070312,527.0,534.6500244140625,533.9078369140625,765582.0
2023-10-06,537.0999755859375,538.5499877929688,530.6500244140625,533.2000122070312,532.4598388671875,285541.0
2023-10-09,528.0,528.0,506.0,512.5499877929688,511.8384399414063,549430.0
2023-10-10,515.9500122070312,541.5999755859375,515.0,531.6500244140625,530.9119873046875,1583254.0
2023-10-11,535.3499755859375,544.5499877929688,533.2000122070312,537.25,536.5042114257812,618364.0
2023-10-12,539.75,548.0,534.0,536.6500244140625,535.905029296875,751767.0
2023-10-13,533.3499755859375,574.4500122070312,532.25,548.2000122070312,547.43896484375,3284159.0
2023-10-16,547.0,657.7999877929688,544.5499877929688,657.7999877929688,656.8868408203125,12044550.0
2023-10-17,667.5,772.5999755859375,646.25,748.75,747.7105712890625,17142689.0
2023-10-18,735.9500122070312,774.9500122070312,692.3499755859375,725.7999877929688,724.7924194335938,6236798.0
2023-10-19,718.8499755859375,748.0,711.0499877929688,727.6500244140625,726.639892578125,2479669.0
2023-10-20,727.75,733.4000244140625,701.75,712.0999755859375,711.1113891601562,1079187.0
2023-10-23,713.8499755859375,756.9000244140625,650.0,656.6500244140625,655.7384033203125,2154295.0
2023-10-25,665.0,706.9000244140625,643.2000122070312,670.5999755859375,669.6690063476562,2522948.0
2023-10-26,663.7999877929688,671.9500122070312,636.3499755859375,655.9000244140625,654.989501953125,1297473.0
2023-10-27,661.1500244140625,686.9500122070312,660.0499877929688,674.9500122070312,674.0130004882812,1258185.0
2023-10-30,677.75,696.4500122070312,663.7999877929688,687.3499755859375,686.395751953125,1235740.0
2023-10-31,690.3499755859375,756.0499877929688,686.25,756.0499877929688,755.0004272460938,4108341.0
2023-11-01,775.0,805.0,737.2000122070312,744.6500244140625,743.6162719726562,3458633.0
2023-11-02,755.0,789.5,721.0,726.4500122070312,725.4415283203125,2883801.0
2023-11-03,737.5999755859375,747.7999877929688,721.3499755859375,727.25,726.2404174804688,1396353.0
2023-11-06,733.75,741.9500122070312,713.0,718.6500244140625,717.6524047851562,564332.0
2023-11-07,716.7999877929688,726.7000122070312,702.8499755859375,710.0499877929688,709.0642700195312,722038.0
2023-11-08,715.9500122070312,751.1500244140625,713.0,743.75,742.717529296875,1936736.0
2023-11-09,747.5,747.5,723.0,725.9500122070312,724.9422607421875,521140.0
2023-11-10,725.5499877929688,731.25,713.0,721.6500244140625,720.648193359375,440598.0
2023-11-13,725.0,740.0,720.2999877929688,728.7000122070312,727.6884155273438,331163.0
2023-11-15,738.0,763.0,727.6500244140625,733.6500244140625,732.631591796875,1146748.0
2023-11-16,735.0999755859375,742.4000244140625,726.0,730.5499877929688,729.5358276367188,600639.0
2023-11-17,731.7000122070312,745.1500244140625,715.3499755859375,718.8499755859375,717.8521118164062,636458.0
2023-11-20,723.8499755859375,726.0,711.0,714.7999877929688,713.8076782226562,309140.0
2023-11-21,718.0,723.0,705.0,707.75,706.7674560546875,287828.0
2023-11-22,710.0,714.0,688.0,701.5999755859375,700.6259765625,361217.0
2023-11-23,702.0,728.0,702.0,705.5999755859375,704.6204223632812,623469.0
2023-11-24,708.0,711.0,698.0,700.9000244140625,699.9270629882812,306396.0
2023-11-28,704.4500122070312,725.7000122070312,704.0,716.5,715.50537109375,784605.0
2023-11-29,721.1500244140625,728.0,714.75,716.4500122070312,715.4554443359375,390592.0
2023-11-30,717.4500122070312,720.4500122070312,706.75,709.0499877929688,708.065673828125,244607.0
2023-12-01,712.5999755859375,747.7000122070312,710.0,730.25,729.2362670898438,1778872.0
2023-12-04,737.9000244140625,761.9000244140625,730.25,749.25,748.2098999023438,1937559.0
2023-12-05,752.75,764.2000122070312,731.0999755859375,739.2000122070312,738.173828125,724170.0
2023-12-06,744.4500122070312,813.0999755859375,739.0,813.0999755859375,811.9712524414062,4348930.0
2023-12-07,830.0,855.0,773.0,781.9000244140625,780.8145751953125,2894568.0
2023-12-08,785.2000122070312,798.8499755859375,744.0499877929688,758.2000122070312,757.1474609375,1320954.0
2023-12-11,760.5,808.3499755859375,760.5,786.0499877929688,784.958740234375,2410709.0
2023-12-12,790.0,827.3499755859375,766.0,800.75,799.6383666992188,3284110.0
2023-12-13,803.0,811.7000122070312,790.0,793.0499877929688,791.9490356445312,1335088.0
2023-12-14,798.3499755859375,798.3499755859375,776.2000122070312,779.0999755859375,778.0183715820312,618541.0
2023-12-15,783.7000122070312,861.1500244140625,780.0999755859375,801.0499877929688,799.9379272460938,6504001.0
2023-12-18,804.1500244140625,822.0,789.9000244140625,807.4500122070312,806.3291015625,1354993.0
2023-12-19,810.9000244140625,818.0,801.8499755859375,807.5999755859375,806.4788208007812,395128.0
2023-12-20,811.6500244140625,817.4500122070312,735.0,752.7000122070312,751.6550903320312,771652.0
2023-12-21,745.0,792.2999877929688,736.0499877929688,787.25,786.1571655273438,990784.0
2023-12-22,791.0,813.5999755859375,790.5,794.6500244140625,793.546875,811734.0
2023-12-26,794.6500244140625,815.9000244140625,790.25,800.7999877929688,799.6882934570312,796785.0
2023-12-27,804.8499755859375,818.4500122070312,797.2000122070312,803.75,802.6342163085938,479752.0
2023-12-28,807.7000122070312,843.7999877929688,793.7999877929688,808.6500244140625,807.5274047851562,2184728.0
2023-12-29,812.8499755859375,820.5,802.0,805.7999877929688,804.681396484375,554922.0
2024-01-01,805.7999877929688,844.9000244140625,802.3499755859375,821.5,820.3595581054688,2516139.0
2024-01-02,827.0,849.7999877929688,810.5,820.8499755859375,819.7105102539062,1829334.0
2024-01-03,825.0,832.9500122070312,815.0999755859375,819.8499755859375,818.7118530273438,600545.0
2024-01-04,823.9500122070312,837.0499877929688,818.0999755859375,821.75,820.6092529296875,560963.0
2024-01-05,825.7000122070312,827.0,804.0,810.9500122070312,809.8242797851562,501555.0
2024-01-08,813.5499877929688,823.0,802.0,806.5499877929688,805.4302978515625,490944.0
2024-01-09,810.7000122070312,827.9000244140625,809.0499877929688,811.75,810.6231079101562,741946.0
2024-01-10,816.0,819.0,805.0,806.9500122070312,805.8297729492188,249130.0
2024-01-11,812.4500122070312,821.25,807.3499755859375,812.1500244140625,811.0225830078125,486349.0
2024-01-12,816.7000122070312,819.0,808.0,809.7999877929688,808.6758422851562,210649.0
2024-01-15,810.0,819.7000122070312,790.0,799.2000122070312,798.0905151367188,739873.0
2024-01-16,799.1500244140625,821.0999755859375,793.25,805.8499755859375,804.7312622070312,862674.0
2024-01-17,799.0,819.5,790.9500122070312,805.7000122070312,804.5814819335938,783382.0
2024-01-18,807.0,843.5999755859375,806.4000244140625,810.4000244140625,809.2750244140625,3109843.0
2024-01-19,817.0,838.7999877929688,812.75,814.8499755859375,813.71875,1010119.0
2024-01-23,840.5,855.0,805.2000122070312,812.0999755859375,810.9725952148438,1176421.0
2024-01-24,815.0,828.7000122070312,801.2999877929688,822.5999755859375,821.4580078125,588086.0
2024-01-25,826.0,908.0,825.0499877929688,886.8499755859375,885.6188354492188,4922603.0
2024-01-29,894.9000244140625,895.7000122070312,848.2000122070312,861.6500244140625,860.453857421875,1346066.0
2024-01-30,867.9000244140625,874.7000122070312,836.5,846.1500244140625,844.9754028320312,590893.0
2024-01-31,851.0,867.0,840.1500244140625,862.5499877929688,861.3526000976562,497016.0
2024-02-01,867.1500244140625,879.8499755859375,826.0499877929688,836.5499877929688,835.388671875,1044133.0
2024-02-02,841.5,846.0,813.1500244140625,820.75,819.610595703125,530606.0
2024-02-05,820.0,820.0,777.3499755859375,785.7999877929688,784.7091064453125,634597.0
2024-02-06,786.4500122070312,813.5499877929688,783.9000244140625,806.9000244140625,805.7799072265625,429885.0
2024-02-07,810.9500122070312,817.7999877929688,781.3499755859375,786.75,785.6578369140625,408920.0
2024-02-08,786.75,801.8499755859375,776.0,781.3499755859375,780.2653198242188,300506.0
2024-02-09,782.0,788.6500244140625,752.2000122070312,763.1500244140625,762.090576171875,280927.0
2024-02-12,763.1500244140625,805.4500122070312,747.0499877929688,773.9000244140625,772.82568359375,985642.0
2024-02-13,774.9500122070312,783.5999755859375,761.0,763.2999877929688,762.2403564453125,316869.0
2024-02-14,758.0,762.7000122070312,717.9500122070312,744.5999755859375,743.5662841796875,616998.0
2024-02-15,744.0,793.25,737.6500244140625,778.0999755859375,777.0198364257812,817014.0
2024-02-16,784.0,791.5,771.2000122070312,782.9000244140625,781.813232421875,236530.0
2024-02-19,791.0,842.9000244140625,785.4000244140625,831.1500244140625,829.9962158203125,1533443.0
2024-02-20,836.0999755859375,842.5,827.0499877929688,833.2999877929688,832.1431884765625,354742.0
2024-02-21,835.0,873.9000244140625,831.2000122070312,839.75,838.584228515625,1217453.0
2024-02-22,845.4000244140625,845.4000244140625,818.1500244140625,828.5999755859375,827.4496459960938,274437.0
2024-02-23,831.5999755859375,832.9000244140625,788.4500122070312,792.2999877929688,791.2000732421875,925244.0
2024-02-26,794.7000122070312,795.0999755859375,770.0999755859375,773.0499877929688,771.976806640625,369162.0
2024-02-27,780.0999755859375,786.4500122070312,767.0,772.25,771.177978515625,271659.0
2024-02-28,777.0,777.5999755859375,737.0,740.5499877929688,739.5219116210938,321134.0
2024-02-29,740.5499877929688,748.0,710.0999755859375,715.9500122070312,714.9561157226562,578469.0
2024-03-01,721.7000122070312,729.7999877929688,708.0,723.2999877929688,722.2958984375,466486.0
2024-03-04,735.0,735.0,712.0499877929688,720.1500244140625,719.1502685546875,360418.0
2024-03-05,720.2999877929688,729.1500244140625,715.0,716.9500122070312,715.9547119140625,216173.0
2024-03-06,714.9500122070312,718.0999755859375,690.7999877929688,692.7999877929688,691.8382568359375,202823.0
2024-03-07,692.7999877929688,728.9000244140625,692.7999877929688,711.0999755859375,710.1128540039062,672284.0
2024-03-11,711.0,711.0,680.0499877929688,684.0499877929688,683.100341796875,235063.0
2024-03-12,684.0499877929688,686.7999877929688,648.0,653.4000244140625,652.492919921875,247179.0
2024-03-13,654.1500244140625,658.5,582.25,593.4000244140625,592.5762329101562,540990.0
2024-03-14,591.8499755859375,686.0,572.5999755859375,674.5999755859375,673.6634521484375,1031883.0
2024-03-15,675.9500122070312,708.0,643.0,652.0999755859375,651.1947021484375,971443.0
2024-03-18,658.0,662.9500122070312,620.3499755859375,641.2999877929688,640.4097290039062,523628.0
2024-03-19,643.0,660.7999877929688,635.0,639.9500122070312,639.0615844726562,357373.0
2024-03-20,644.9500122070312,647.9000244140625,621.9000244140625,632.2999877929688,631.4222412109375,364669.0
2024-03-21,642.0,654.4500122070312,633.8499755859375,643.8499755859375,642.9561767578125,275221.0
2024-03-22,644.5499877929688,669.7000122070312,640.8499755859375,657.0,656.0879516601562,559705.0
2024-03-26,660.5,667.0,635.0,639.5,638.6122436523438,397899.0
2024-03-27,648.9000244140625,652.9000244140625,635.7000122070312,642.3499755859375,641.458251953125,444341.0
2024-03-28,647.9500122070312,648.9000244140625,625.0,627.9500122070312,627.0783081054688,290205.0
2024-04-01,627.9500122070312,670.9000244140625,627.5499877929688,666.25,665.3250732421875,805870.0
2024-04-02,667.0,682.3499755859375,655.0999755859375,675.1500244140625,674.2127685546875,675566.0
2024-04-03,670.0,715.0,667.0,695.7000122070312,694.7341918945312,1343758.0
2024-04-04,701.0,709.4000244140625,695.0,698.2999877929688,697.33056640625,397518.0
2024-04-05,698.2999877929688,707.0,688.0,699.0999755859375,698.1294555664062,354776.0
2024-04-08,704.0,706.2999877929688,683.2000122070312,686.7000122070312,685.7467041015625,185869.0
2024-04-09,686.7000122070312,711.7000122070312,682.4000244140625,687.5999755859375,686.6453857421875,377956.0
2024-04-10,690.9500122070312,703.7999877929688,680.25,692.9000244140625,691.9381103515625,387960.0
2024-04-12,690.0,692.0,665.7000122070312,676.9500122070312,676.01025390625,234141.0
2024-04-15,637.0,663.2000122070312,637.0,652.6500244140625,651.7439575195312,253030.0
2024-04-16,654.0,676.4000244140625,648.0999755859375,667.5499877929688,666.623291015625,363900.0
2024-04-18,671.75,673.0999755859375,647.4000244140625,652.7000122070312,651.7939453125,178776.0
2024-04-19,647.9500122070312,650.9500122070312,630.0,641.75,640.859130859375,205796.0
2024-04-22,646.0499877929688,673.9000244140625,646.0,665.1500244140625,664.2266845703125,486678.0
2024-04-23,669.9500122070312,684.5,663.4000244140625,673.4000244140625,672.4652099609375,307749.0
2024-04-24,678.0,731.7999877929688,676.9500122070312,711.1500244140625,710.1627807617188,3399661.0
2024-04-25,715.0,726.0,710.75,716.8499755859375,715.8547973632812,633105.0
2024-04-26,721.2999877929688,734.9500122070312,711.0499877929688,721.6500244140625,720.648193359375,983352.0
2024-04-29,725.0,746.0,715.0,720.4000244140625,719.3999633789062,702967.0
2024-04-30,724.0999755859375,726.4000244140625,711.5,715.2000122070312,714.2071533203125,205767.0
2024-05-02,718.2999877929688,730.0,708.0499877929688,714.7000122070312,713.7078247070312,265265.0
2024-05-03,718.25,727.0,708.4000244140625,710.75,709.7633056640625,235909.0
2024-05-06,714.0,715.0,685.5999755859375,691.5499877929688,690.5899658203125,192618.0
2024-05-07,691.5,691.5499877929688,670.0,681.9000244140625,680.953369140625,166330.0
2024-05-08,682.6500244140625,693.2000122070312,674.9000244140625,677.2000122070312,676.2599487304688,158133.0
2024-05-09,680.5,689.1500244140625,647.0,651.7000122070312,650.7952880859375,187522.0
2024-05-10,660.0,664.2999877929688,639.0999755859375,659.9000244140625,658.98388671875,140432.0
2024-05-13,663.75,663.9000244140625,632.0499877929688,644.0,643.10595703125,206031.0
2024-05-14,649.0,662.2999877929688,645.5999755859375,660.2999877929688,659.3833618164062,166330.0
2024-05-15,664.4500122070312,709.0,663.0,694.5499877929688,693.5858154296875,976383.0
2024-05-16,700.25,701.4000244140625,652.7999877929688,675.8499755859375,674.9117431640625,580338.0
2024-05-17,675.9000244140625,696.5,670.0999755859375,691.75,690.7897338867188,240081.0
2024-05-21,696.2999877929688,715.0,687.0,701.4500122070312,700.4762573242188,381407.0
2024-05-22,705.0,711.9000244140625,693.6500244140625,699.2999877929688,698.3292236328125,188316.0
2024-05-23,702.7999877929688,706.5,690.0,692.7000122070312,691.7384033203125,115002.0
2024-05-24,688.7000122070312,747.7999877929688,687.5499877929688,717.0499877929688,716.0545654296875,2839980.0
2024-05-27,719.0,734.5999755859375,705.9000244140625,710.6500244140625,709.6635131835938,517043.0
2024-05-28,716.2999877929688,716.7000122070312,694.0499877929688,698.9000244140625,697.9297485351562,296167.0
2024-05-29,699.9000244140625,708.0,686.5499877929688,693.4000244140625,692.4374389648438,265910.0
2024-05-30,691.7000122070312,700.0,680.2000122070312,683.1500244140625,682.20166015625,157753.0
2024-05-31,686.9500122070312,696.0,671.0,674.4500122070312,673.5137329101562,182298.0
2024-06-03,699.0,712.0,682.0999755859375,701.75,700.7758178710938,440417.0
2024-06-04,701.0,702.0,579.7999877929688,638.25,637.3639526367188,300298.0
2024-06-05,644.5999755859375,665.5,625.2999877929688,656.0499877929688,655.1392211914062,267688.0
2024-06-06,670.0,705.4000244140625,669.9500122070312,695.4500122070312,694.484619140625,399641.0
2024-06-07,695.9500122070312,707.25,690.0,700.0499877929688,699.0781860351562,229651.0
2024-06-10,705.0,810.0,700.0499877929688,802.7000122070312,801.585693359375,10801714.0
2024-06-11,805.0,805.0,771.0,776.0,774.9227294921875,1809814.0
2024-06-12,778.5,801.5,769.1500244140625,772.3499755859375,771.2777709960938,1368136.0
2024-06-13,777.4500122070312,788.3499755859375,765.5,772.4000244140625,771.3278198242188,890729.0
2024-06-14,776.75,803.0499877929688,768.0,779.9000244140625,778.8173217773438,1108189.0
2024-06-18,784.4000244140625,885.0,772.0,866.7999877929688,865.5966796875,9810914.0
2024-06-19,884.0,942.5,882.0,908.6500244140624,907.3886108398438,9758371.0
2024-06-20,908.25,1090.3499755859375,892.5499877929688,1090.3499755859375,1088.83642578125,15399792.0
2024-06-21,1130.0,1187.0,1062.0999755859375,1134.449951171875,1132.8751220703125,11102873.0
2024-06-24,1071.0,1104.0,1021.0,1021.0,1019.5825805664062,3229907.0
2024-06-25,1014.75,1042.4000244140625,984.0,999.0499877929688,997.6630859375,1993322.0
2024-06-26,1008.0,1054.0,990.6500244140624,1008.0499877929688,1006.6505737304688,2497634.0
2024-06-27,1015.0,1018.0999755859376,950.0,960.0499877929688,958.7172241210938,928994.0
2024-06-28,973.9500122070312,994.9500122070312,957.0499877929688,986.75,985.3801879882812,1662740.0
2024-07-01,993.9000244140624,1045.0,981.0,1021.75,1020.3316040039062,1594994.0
2024-07-02,1028.0,1028.0,992.0,1002.9000244140624,1001.5077514648438,512634.0
2024-07-03,1009.7999877929688,1036.6500244140625,1005.0,1014.4500122070312,1013.041748046875,951076.0
2024-07-04,1020.0,1065.4000244140625,1007.0499877929688,1012.9000244140624,1011.493896484375,2015054.0
2024-07-05,1013.0,1032.3499755859375,1008.0,1017.25,1015.8378295898438,530792.0
2024-07-08,1025.050048828125,1118.949951171875,1020.0,1111.0999755859375,1109.5576171875,4386234.0
2024-07-09,1133.3499755859375,1171.0,1049.0,1105.3499755859375,1103.8154296875,3629841.0
2024-07-10,1093.75,1094.0,1022.9000244140624,1047.1500244140625,1045.6962890625,1123778.0
2024-07-11,1060.0,1072.9000244140625,1045.0,1049.449951171875,1047.9931640625,638054.0
2024-07-12,1056.800048828125,1126.0,1051.1500244140625,1089.75,1088.2371826171875,1800518.0
2024-07-15,1094.0,1123.0,1050.25,1083.8499755859375,1082.345458984375,1632103.0
2024-07-16,1088.4000244140625,1151.949951171875,1078.75,1113.4000244140625,1111.8543701171875,1861530.0
2024-07-18,1113.4000244140625,1113.4000244140625,1063.6500244140625,1074.050048828125,1072.5589599609375,734482.0
2024-07-19,1075.0,1076.5999755859375,1008.0,1015.4000244140624,1013.990478515625,745100.0
2024-07-22,1007.0,1104.0,996.2000122070312,1082.5999755859375,1081.09716796875,2411013.0
2024-07-23,1076.4000244140625,1115.0,981.0,1014.5999755859376,1013.1915283203124,2315161.0
2024-07-24,1020.0,1040.0,1010.0499877929688,1026.4000244140625,1024.97509765625,567805.0
2024-07-25,1010.0499877929688,1024.9000244140625,1001.5999755859376,1007.8499755859376,1006.4508666992188,263301.0
2024-07-26,1019.0,1037.8499755859375,1005.0999755859376,1013.0999755859376,1011.6935424804688,423752.0
2024-07-29,1021.4000244140624,1039.800048828125,1015.0,1017.7999877929688,1016.3870849609376,252991.0
2024-07-30,1023.0,1053.0,1015.0,1035.300048828125,1033.86279296875,669727.0
2024-07-31,1042.0,1059.75,1024.25,1027.5999755859375,1026.17333984375,500666.0
2024-08-01,1027.5999755859375,1034.0,1006.0,1011.9500122070312,1010.5452270507812,445678.0
2024-08-02,1004.2999877929688,1013.0,980.0,996.8499755859376,995.4661254882812,273573.0
2024-08-05,950.0,977.4500122070312,927.0,934.6500244140624,933.3525390625,392533.0
2024-08-06,943.9500122070312,973.9500122070312,926.5999755859376,936.5999755859376,935.2998046875,282489.0
2024-08-07,948.0,970.0,932.9500122070312,966.2000122070312,964.8587036132812,283063.0
2024-08-08,970.0,986.0,955.0,959.4500122070312,958.1181030273438,293169.0
2024-08-09,1039.0,1039.0,972.0499877929688,981.9500122070312,980.5868530273438,464644.0
2024-08-12,970.0,1023.7999877929688,963.0999755859376,993.2000122070312,991.8212280273438,437561.0
2024-08-13,985.0,1004.0,920.2999877929688,960.9500122070312,959.615966796875,1061200.0
2024-08-14,946.5499877929688,959.9000244140624,916.5999755859376,925.3499755859376,924.0653686523438,367941.0
2024-08-16,926.7000122070312,942.75,922.3499755859376,927.0,925.713134765625,195737.0
2024-08-19,934.8499755859376,940.0,922.6500244140624,926.5,925.2138061523438,109964.0
2024-08-20,926.7999877929688,947.5999755859376,925.0,938.5,937.1971435546876,195329.0
2024-08-21,938.0,968.7999877929688,935.0,952.7000122070312,951.3775024414062,244461.0
2024-08-22,957.0,1064.1500244140625,957.0,1012.5999755859376,1011.1942749023438,7413151.0
2024-08-23,1015.0,1019.25,990.0499877929688,993.7000122070312,992.320556640625,420929.0
2024-08-26,998.4000244140624,999.0,971.0,972.8499755859376,971.4993896484376,300149.0
2024-08-27,959.0499877929688,1023.0,959.0499877929688,984.7999877929688,983.432861328125,960021.0
2024-08-28,985.0,991.7999877929688,976.0999755859376,979.2999877929688,977.9404907226562,266522.0
2024-08-29,984.4500122070312,984.4500122070312,960.0,965.5499877929688,964.2095947265624,198244.0
2024-08-30,967.0,1014.7999877929688,967.0,981.0999755859376,979.7379760742188,1438637.0
2024-09-02,982.0,1004.9500122070312,972.4000244140624,983.7000122070312,982.3344116210938,451218.0
2024-09-03,983.7000122070312,1009.0,980.5,997.5499877929688,996.1651611328124,324741.0
2024-09-04,994.0,1035.0,980.0,999.75,998.3621215820312,1240112.0
2024-09-05,1003.25,1018.25,999.0499877929688,1008.0,1006.6006469726562,276122.0
2024-09-06,1013.0,1016.3499755859376,972.0,974.0499877929688,972.6978149414062,309165.0
2024-09-09,975.0499877929688,989.0,946.7999877929688,974.2000122070312,972.84765625,217530.0
2024-09-10,977.0,1008.0,977.0,998.6500244140624,997.263671875,291991.0
2024-09-11,1007.0,1028.199951171875,969.0,973.5,972.1485595703124,714524.0
2024-09-12,984.9000244140624,1008.0,981.9000244140624,994.25,992.8697509765624,265317.0
2024-09-13,1002.7999877929688,1014.0,990.0,996.0999755859376,994.7171630859376,259502.0
2024-09-16,996.0999755859376,996.0999755859376,980.0,987.5999755859376,986.2289428710938,192059.0
2024-09-17,989.5999755859376,997.0,975.0,977.1500244140624,975.7935180664062,163561.0
2024-09-18,981.9500122070312,1029.949951171875,974.0499877929688,1012.7999877929688,1011.3939819335938,942923.0
2024-09-19,1020.0,1024.0,956.4500122070312,975.5999755859376,974.2456665039062,540432.0
2024-09-20,979.0,984.9000244140624,968.2999877929688,976.5499877929688,976.1649169921876,239399.0
2024-09-23,980.4000244140624,996.0,976.5499877929688,983.2000122070312,982.8123168945312,217891.0
2024-09-24,983.2000122070312,999.4500122070312,980.0,984.5999755859376,984.2117309570312,214980.0
2024-09-25,984.5999755859376,988.0499877929688,973.0,978.5,978.1141357421876,115894.0
2024-09-26,980.0999755859376,983.2000122070312,962.2000122070312,967.5,967.1184692382812,113620.0
2024-09-27,969.4000244140624,990.0,956.0999755859376,960.7999877929688,960.4210815429688,166695.0
2024-09-30,960.0,970.9500122070312,940.0,963.9500122070312,963.5698852539062,191102.0
2024-10-01,968.7000122070312,997.0499877929688,964.5999755859376,973.0,972.6163330078124,625152.0
2024-10-03,959.8499755859376,970.0,942.0499877929688,950.6500244140624,950.275146484375,151060.0
2024-10-04,950.0,956.0,906.8499755859376,911.1500244140624,910.7907104492188,282166.0
2024-10-07,896.0,910.7000122070312,842.0499877929688,850.2000122070312,849.86474609375,328815.0
2024-10-08,850.2000122070312,885.0,838.4000244140625,875.4500122070312,875.1047973632812,212279.0
2024-10-09,884.0,901.6500244140624,880.0,885.2000122070312,884.8509521484375,168021.0
2024-10-10,886.75,947.6500244140624,884.8499755859375,932.3499755859376,931.9822998046876,2032206.0
2024-10-11,923.7999877929688,928.9000244140624,903.0499877929688,917.5,917.13818359375,217792.0
2024-10-14,926.6500244140624,941.8499755859376,915.0,918.75,918.3876953125,175275.0
2024-10-15,919.2000122070312,933.0,916.0499877929688,919.7999877929688,919.437255859375,121866.0
2024-10-16,918.2999877929688,945.0,917.7000122070312,922.8499755859376,922.486083984375,267081.0
2024-10-17,931.2000122070312,939.4000244140624,908.0,913.2000122070312,912.8399047851562,182310.0
2024-10-18,913.2000122070312,915.0,886.5499877929688,903.0,902.6439208984376,103916.0
2024-10-21,912.75,913.7000122070312,879.2999877929688,881.0999755859375,880.7525024414062,123910.0
2024-10-22,885.9500122070312,886.7999877929688,839.3499755859375,843.2999877929688,842.9674072265625,175263.0
2024-10-23,840.0,865.5,814.0499877929688,850.7999877929688,850.4644775390625,269269.0
2024-10-24,855.0,861.5499877929688,832.2999877929688,836.6500244140625,836.320068359375,156487.0
2024-10-25,837.2999877929688,845.2000122070312,785.0,791.75,791.4378051757812,155152.0
2024-10-28,791.75,835.0,786.5499877929688,825.0,824.6746826171875,258480.0
2024-10-29,826.0,842.7000122070312,811.3499755859375,829.1500244140625,828.8230590820312,174557.0
2024-10-30,829.7999877929688,868.9500122070312,820.1500244140625,863.25,862.9096069335938,227299.0
2024-10-31,863.25,875.0,854.0,861.5,861.1602783203125,105496.0
2024-11-01,866.4000244140625,872.0,860.0,863.3499755859375,863.009521484375,22119.0
2024-11-04,866.0,867.3499755859375,835.0,837.4500122070312,837.1197509765625,88297.0
2024-11-05,837.4500122070312,865.5,834.5999755859375,854.6500244140625,854.31298828125,173705.0
2024-11-06,855.0,895.0,853.5499877929688,892.5,892.1480712890625,254244.0
2024-11-07,894.0,937.9500122070312,886.1500244140625,894.25,893.8973388671875,719021.0
2024-11-08,910.0,912.5,855.5999755859375,885.7999877929688,885.45068359375,397711.0
2024-11-11,883.0499877929688,883.0499877929688,859.0499877929688,865.7999877929688,865.4585571289062,139689.0
2024-11-12,869.0999755859375,887.0,854.9000244140625,858.8499755859375,858.5112915039062,108270.0
2024-11-13,856.7999877929688,856.7999877929688,812.9000244140625,816.5,816.1780395507812,145715.0
2024-11-14,810.0,838.0,810.0,818.7000122070312,818.3771362304688,144117.0
2024-11-18,820.2999877929688,825.9000244140625,805.7999877929688,813.9000244140625,813.5790405273438,126054.0
2024-11-19,813.0499877929688,837.0,810.0,818.1500244140625,817.827392578125,102356.0
2024-11-21,817.0,821.9500122070312,800.25,808.4000244140625,808.0812377929688,105849.0
2024-11-22,811.0,833.0,806.5499877929688,828.7999877929688,828.47314453125,133389.0
2024-11-25,839.4000244140625,858.0,830.0,834.0499877929688,833.7210693359375,157870.0
2024-11-26,837.7999877929688,867.5,837.0,854.0,853.6632080078125,198305.0
2024-11-27,856.0,872.0,855.0,867.8499755859375,867.5077514648438,123355.0
2024-11-28,870.2999877929688,918.9000244140624,865.9000244140625,894.9500122070312,894.5971069335938,752892.0
2024-11-29,894.9500122070312,1027.0,887.1500244140625,1003.0999755859376,1002.7044067382812,9462619.0
2024-12-02,984.5,1015.0,974.0,989.9500122070312,989.5596313476562,1572021.0
2024-12-03,985.0999755859376,1030.949951171875,983.0999755859376,1012.6500244140624,1012.2506713867188,1604062.0
2024-12-04,1012.0,1024.25,992.2000122070312,1002.2999877929688,1001.9047241210938,461529.0
2024-12-05,1002.2999877929688,1053.4000244140625,993.0999755859376,1027.300048828125,1026.8948974609375,1872556.0
2024-12-06,1030.0,1044.8499755859375,1022.0,1029.5,1029.093994140625,559871.0
2024-12-09,1029.0,1031.949951171875,988.5,997.2999877929688,996.90673828125,408014.0
2024-12-10,999.0,1069.0,993.5,1023.3499755859376,1022.9464111328124,2333429.0
2024-12-11,1027.4000244140625,1039.0,1018.5,1027.75,1027.3447265625,440774.0
2024-12-12,1029.199951171875,1029.8499755859375,995.0499877929688,1001.5,1001.1050415039062,392378.0
2024-12-13,1003.0,1008.7000122070312,972.6500244140624,992.4000244140624,992.0086669921876,497725.0
2024-12-16,993.0,1016.9500122070312,992.5,1009.7000122070312,1009.3018188476562,266447.0
2024-12-17,1018.0499877929688,1084.0,1010.0,1014.7999877929688,1014.3997802734376,3380396.0
2024-12-18,1021.3499755859376,1034.949951171875,990.0,1001.4000244140624,1001.005126953125,629956.0
2024-12-19,983.9000244140624,1019.9500122070312,976.7000122070312,1003.1500244140624,1002.7544555664062,470365.0
2024-12-20,1010.0,1015.7000122070312,945.0,948.0,947.6261596679688,457688.0
2024-12-23,945.0499877929688,960.5,917.1500244140624,928.4500122070312,928.0838623046876,338203.0
2024-12-24,930.0,978.0,926.5,968.25,967.8681640625,661085.0
2024-12-26,961.0999755859376,966.7000122070312,943.0,946.0999755859376,945.7268676757812,189101.0
2024-12-27,946.0,964.9500122070312,941.9500122070312,961.2999877929688,960.9208984375,173041.0
2024-12-30,952.0,977.0,946.7999877929688,958.2999877929688,957.9220581054688,249526.0
2024-12-31,958.7999877929688,1001.0,953.0,980.9000244140624,980.51318359375,858731.0
2025-01-01,987.9000244140624,1002.7000122070312,971.0,989.9500122070312,989.5596313476562,508232.0
2025-01-02,991.9500122070312,1021.0,990.5499877929688,1005.7999877929688,1005.4033813476562,656216.0
2025-01-03,1005.7999877929688,1008.2000122070312,970.0499877929688,973.3499755859376,972.9661254882812,438960.0
2025-01-06,977.2999877929688,977.4500122070312,921.0999755859376,927.5999755859376,927.2341918945312,289929.0
2025-01-07,935.0,1007.0,927.0,975.1500244140624,974.7655029296876,2686727.0
2025-01-08,970.0499877929688,973.5,951.0499877929688,964.0999755859376,963.7197875976562,228584.0
2025-01-09,953.0,1019.9500122070312,953.0,962.4500122070312,962.0704956054688,1601261.0
2025-01-10,962.5,963.0,928.0,935.1500244140624,934.78125,283927.0
2025-01-13,933.75,937.75,862.7999877929688,868.0,867.65771484375,470101.0
2025-01-14,869.75,902.0,868.4500122070312,896.4500122070312,896.0964965820312,244248.0
2025-01-15,897.8499755859375,919.0,890.0,897.75,897.39599609375,189514.0
2025-01-16,903.75,923.8499755859376,900.2000122070312,907.7000122070312,907.342041015625,179701.0
2025-01-17,913.75,991.9000244140624,905.5,951.0999755859376,950.7249145507812,5306683.0
2025-01-20,959.9000244140624,963.2000122070312,943.25,947.0999755859376,946.7265014648438,382503.0
2025-01-21,950.0499877929688,993.9500122070312,942.0,953.4000244140624,953.0240478515624,1888351.0
2025-01-22,955.4500122070312,956.9000244140624,917.4000244140624,940.5,940.1290893554688,385233.0
2025-01-23,938.1500244140624,987.2000122070312,937.0999755859376,969.25,968.8677978515624,907086.0
2025-01-24,974.7000122070312,980.0,947.0,952.9000244140624,952.5242309570312,340818.0
2025-01-27,944.9500122070312,949.7000122070312,893.7999877929688,899.0999755859375,898.7454223632812,299547.0
2025-01-28,902.4500122070312,916.4500122070312,832.0,871.0,870.6565551757812,601209.0
2025-01-29,873.9500122070312,915.0,873.9500122070312,904.0999755859376,903.7434692382812,362822.0
2025-01-30,911.0,931.0,885.1500244140625,891.0,890.6486206054688,362630.0
2025-01-31,895.9500122070312,938.7999877929688,890.0,920.9500122070312,920.5868530273438,550783.0
2025-02-01,925.0,985.0,896.0,922.5,922.13623046875,1940905.0
2025-02-03,903.9000244140624,911.9500122070312,893.0,897.75,897.39599609375,236804.0
2025-02-04,901.4500122070312,914.9500122070312,892.2000122070312,898.4500122070312,898.095703125,163474.0
2025-02-05,904.75,914.25,900.0,905.7999877929688,905.4428100585938,129818.0
2025-02-06,905.7999877929688,924.0,895.0999755859375,904.9500122070312,904.5931396484376,260006.0
2025-02-07,900.0,913.5999755859376,888.0,899.4000244140625,899.0453491210938,168965.0
2025-02-10,892.0,899.0,863.0,868.4500122070312,868.1075439453125,144098.0
2025-02-11,868.4500122070312,871.1500244140625,815.0,822.0,821.6758422851562,233042.0
2025-02-12,828.5999755859375,829.9000244140625,768.5,811.9500122070312,811.6298217773438,344589.0
2025-02-13,820.6500244140625,841.2999877929688,801.0,805.9500122070312,805.6322021484375,185575.0
2025-02-14,806.0,815.9500122070312,730.5499877929688,754.5,754.2024536132812,691858.0
2025-02-17,730.0,762.9500122070312,716.9500122070312,748.7999877929688,748.5046997070312,443470.0
2025-02-18,754.7000122070312,754.7000122070312,701.0,709.0499877929688,708.7703857421875,430306.0
2025-02-19,708.0,740.25,695.25,726.7000122070312,726.4134521484375,377628.0
2025-02-20,704.9000244140625,722.5,688.0,716.4000244140625,716.1174926757812,952597.0
2025-02-21,715.75,739.2999877929688,701.7000122070312,706.4000244140625,706.1214599609375,390935.0
2025-02-24,695.0,722.5,683.0999755859375,715.2000122070312,714.91796875,525884.0
2025-02-25,722.4000244140625,747.0,706.0,713.7999877929688,713.5184936523438,726731.0
2025-02-27,718.9000244140625,754.8499755859375,703.9500122070312,747.7999877929688,747.505126953125,723554.0
2025-02-28,740.8499755859375,740.8499755859375,685.0,691.7000122070312,691.42724609375,517027.0
2025-03-03,689.7999877929688,694.9500122070312,586.0,637.1500244140625,636.8987426757812,4724852.0
2025-03-04,624.4000244140625,666.0,616.5499877929688,653.9000244140625,653.6421508789062,1009092.0
2025-03-05,655.0,673.9500122070312,648.0499877929688,657.6500244140625,657.3906860351562,426233.0
2025-03-06,660.0,673.9500122070312,655.0,658.9500122070312,658.690185546875,345250.0
2025-03-07,660.0,680.25,652.0,659.2000122070312,658.9400634765625,468282.0
2025-03-10,664.0,672.0,625.0999755859375,632.0999755859375,631.8507080078125,375887.0
2025-03-11,616.8499755859375,628.9500122070312,605.2999877929688,624.9000244140625,624.6536254882812,343256.0
2025-03-12,630.0,638.9000244140625,610.0999755859375,613.5,613.258056640625,232899.0
2025-03-13,614.0,622.1500244140625,596.7999877929688,598.7999877929688,598.5638427734375,205298.0
2025-03-17,596.0,609.0499877929688,591.5,596.6500244140625,596.4147338867188,195643.0
2025-03-18,596.6500244140625,596.6500244140625,596.6500244140625,596.6500244140625,596.4147338867188,0.0
2025-03-19,633.7000122070312,649.0,633.0,642.7999877929688,642.5465087890625,471240.0
2025-03-20,652.7000122070312,668.6500244140625,630.4500122070312,644.7999877929688,644.5457153320312,656761.0
2025-03-21,645.4000244140625,682.7999877929688,643.6500244140625,672.0999755859375,671.8349609375,887347.0
2025-03-24,677.4500122070312,688.9500122070312,672.4000244140625,676.7000122070312,676.4331665039062,364230.0
2025-03-25,684.5,688.9000244140625,653.25,656.5499877929688,656.2910766601562,269680.0
2025-03-26,656.8499755859375,659.9500122070312,638.0,641.3499755859375,641.0970458984375,210737.0
2025-03-27,640.2000122070312,660.4000244140625,633.5999755859375,648.25,647.994384765625,848072.0
2025-03-28,648.7000122070312,680.5999755859375,636.0,639.5999755859375,639.3477783203125,835138.0
2025-04-01,636.0,655.7000122070312,628.6500244140625,645.2000122070312,644.945556640625,243950.0
2025-04-02,645.2999877929688,655.2000122070312,628.0,651.7000122070312,651.4429931640625,221413.0
2025-04-03,640.0,670.5,637.9000244140625,657.5499877929688,657.2907104492188,464063.0
2025-04-04,655.0,656.0499877929688,613.0,621.9500122070312,621.7047729492188,318431.0
2025-04-07,572.0,595.0,565.0,585.0499877929688,584.8192749023438,296373.0
2025-04-08,604.6500244140625,617.9500122070312,593.75,612.6500244140625,612.408447265625,266681.0
2025-04-09,610.0,612.1500244140625,592.0,596.8499755859375,596.6146240234375,160980.0
2025-04-11,608.0,636.25,604.6500244140625,624.6500244140625,624.4036865234375,566862.0
2025-04-15,638.7000122070312,675.7999877929688,630.0999755859375,672.4500122070312,672.184814453125,702686.0
2025-04-16,674.9500122070312,679.7000122070312,660.0,668.4500122070312,668.1864013671875,435909.0
2025-04-17,667.0,767.5,662.3499755859375,760.8499755859375,760.5499267578125,17251121.0
2025-04-21,759.9000244140625,783.8499755859375,745.7000122070312,774.75,774.4444580078125,3223296.0
2025-04-22,774.0499877929688,774.0499877929688,753.2000122070312,762.0499877929688,761.7494506835938,822063.0
2025-04-23,765.5999755859375,798.8499755859375,738.4000244140625,757.5999755859375,757.3012084960938,1369070.0
2025-04-24,757.7000122070312,779.0999755859375,750.5999755859375,761.5,761.19970703125,894532.0
2025-04-25,763.0,764.9500122070312,716.2999877929688,739.0499877929688,738.758544921875,571770.0
2025-04-28,730.0,751.25,724.7999877929688,743.4500122070312,743.1568603515625,327912.0
2025-04-29,741.0,763.1500244140625,741.0,757.4500122070312,757.1513061523438,490590.0
2025-04-30,764.9000244140625,782.2999877929688,743.0,765.9500122070312,765.64794921875,1133974.0
2025-05-02,769.4000244140625,796.0,759.0,770.5999755859375,770.2960815429688,943891.0
2025-05-05,776.3499755859375,805.0,761.0999755859375,796.5,796.1859130859375,1254055.0
2025-05-06,804.9000244140625,825.9000244140625,768.0,775.3499755859375,775.0442504882812,1692161.0
2025-05-07,761.9500122070312,800.0,749.0,794.0499877929688,793.7368774414062,703235.0
2025-05-08,800.0499877929688,824.0,783.0499877929688,788.25,787.9391479492188,1032781.0
2025-05-09,768.5999755859375,788.25,757.25,781.0999755859375,780.7919311523438,394838.0
2025-05-12,810.0,828.5,802.0,817.25,816.927734375,809031.0
2025-05-13,818.5,835.6500244140625,805.7999877929688,822.5999755859375,822.2755737304688,623819.0
2025-05-14,828.0,843.0499877929688,821.9000244140625,837.75,837.4196166992188,529683.0
2025-05-15,840.0,902.5,836.5,871.0499877929688,870.7064819335938,2471500.0
2025-05-16,875.4000244140625,888.0,857.75,881.5999755859375,881.2523193359375,698264.0
2025-05-19,885.4500122070312,895.0,862.7000122070312,877.0499877929688,876.7041015625,563348.0
2025-05-20,877.9000244140625,919.7999877929688,864.9500122070312,890.75,890.3987426757812,1366806.0
2025-05-21,888.5,900.4500122070312,877.0999755859375,893.5999755859375,893.2476196289062,345865.0
2025-05-22,890.0,914.0,890.0,897.3499755859375,896.99609375,548942.0
2025-05-23,904.9000244140624,915.4000244140624,890.0499877929688,899.9500122070312,899.5950927734375,448322.0
2025-05-26,906.9000244140624,942.9500122070312,900.0,925.7000122070312,925.3349609375,1093900.0
2025-05-27,918.7999877929688,940.0,912.5499877929688,920.0,919.63720703125,1065172.0
2025-05-28,918.0,925.0,908.25,912.7000122070312,912.340087890625,323662.0
2025-05-29,912.7000122070312,918.9000244140624,906.5499877929688,910.4500122070312,910.0910034179688,207691.0
2025-05-30,912.8499755859376,918.0,877.0499877929688,882.9500122070312,882.601806640625,220361.0
2025-06-02,879.7000122070312,898.0,873.4500122070312,888.3499755859375,887.9996337890625,229036.0
2025-06-03,890.7000122070312,1066.0,890.7000122070312,1046.800048828125,1046.38720703125,17019110.0
2025-06-04,1031.75,1042.800048828125,1008.5999755859376,1031.050048828125,1030.6434326171875,2192001.0
2025-06-05,1027.0,1112.0,1005.9000244140624,1015.3499755859376,1014.9495849609376,6061090.0
2025-06-06,1023.5,1070.0,1019.0499877929688,1037.3499755859375,1036.94091796875,1980913.0
2025-06-09,1041.0,1056.8499755859375,1028.25,1049.1500244140625,1048.736328125,898292.0
2025-06-10,1057.4000244140625,1074.0,1037.4000244140625,1063.050048828125,1062.630859375,786480.0
2025-06-11,1065.699951171875,1085.0,1045.6500244140625,1056.699951171875,1056.283203125,1021815.0
2025-06-12,1059.9000244140625,1083.0,1020.0999755859376,1030.449951171875,1030.0435791015625,694086.0
2025-06-13,1021.0,1039.949951171875,1001.0,1015.4000244140624,1014.9996337890624,426688.0
2025-06-16,1017.0,1055.0,983.0499877929688,1037.8499755859375,1037.440673828125,859628.0
2025-06-17,1043.050048828125,1056.949951171875,1022.5999755859376,1031.050048828125,1030.6434326171875,419163.0
2025-06-18,1030.0,1042.5999755859375,1015.0,1021.7000122070312,1021.297119140625,276718.0
2025-06-19,1019.0,1034.9000244140625,986.0499877929688,992.7999877929688,992.4085083007812,387969.0
2025-06-20,992.0,1027.0999755859375,985.0499877929688,1021.5,1021.09716796875,672074.0
2025-06-23,1012.5999755859376,1033.9000244140625,1009.0,1028.0,1027.5946044921875,304857.0
2025-06-24,1039.699951171875,1051.0,1016.7999877929688,1023.5499877929688,1023.1463623046876,571744.0
2025-06-25,1029.5999755859375,1053.5,1024.1500244140625,1037.949951171875,1037.5406494140625,442827.0
2025-06-26,1046.25,1049.4000244140625,961.0,965.8499755859376,965.4691162109376,1461405.0
2025-06-27,970.0,982.1500244140624,964.5999755859376,970.7999877929688,970.4171752929688,516729.0
2025-06-30,978.0,982.0,967.0,974.5499877929688,974.1656494140624,234354.0
2025-07-01,976.0499877929688,992.0,962.4500122070312,968.25,967.8681640625,254894.0
2025-07-02,968.9500122070312,975.0,948.6500244140624,952.2999877929688,951.9244384765624,263551.0
2025-07-03,957.5,964.7000122070312,942.2000122070312,947.2999877929688,946.9264526367188,182835.0
2025-07-04,951.9500122070312,953.9000244140624,935.0999755859376,940.5499877929688,940.1790771484376,177008.0
2025-07-07,938.0,943.5999755859376,926.9500122070312,929.1500244140624,928.7836303710938,110154.0
2025-07-08,929.1500244140624,955.0,921.1500244140624,926.5,926.1346435546876,248588.0
2025-07-09,929.9000244140624,953.0,926.0,935.0999755859376,934.731201171875,224829.0
2025-07-10,939.0,939.7000122070312,925.0,927.9000244140624,927.5341186523438,97826.0
2025-07-11,926.0,932.5499877929688,910.7999877929688,915.75,915.3888549804688,108224.0
2025-07-14,915.0499877929688,920.3499755859376,900.5499877929688,904.25,903.8934326171876,147640.0
2025-07-15,913.2999877929688,989.0,912.0499877929688,976.4500122070312,976.06494140625,8523654.0
2025-07-16,970.0,980.8499755859376,952.5999755859376,970.5999755859376,970.2172241210938,594086.0
2025-07-17,972.5,983.4500122070312,960.2000122070312,967.4500122070312,967.0684814453124,262786.0
2025-07-18,969.4500122070312,973.6500244140624,951.0,953.9000244140624,953.5238647460938,205231.0
2025-07-21,953.9500122070312,968.5999755859376,943.7999877929688,960.0999755859376,959.7213745117188,204822.0
2025-07-22,963.9500122070312,966.7000122070312,946.3499755859376,949.75,949.37548828125,82775.0
2025-07-23,954.5,958.0,940.0999755859376,943.0,942.6281127929688,137693.0
2025-07-24,944.9500122070312,987.4500122070312,943.6500244140624,976.7000122070312,976.3148803710938,1436102.0
2025-07-25,978.8499755859376,997.0,951.4000244140624,958.0499877929688,957.6721801757812,591567.0
2025-07-28,956.0,959.2000122070312,926.0499877929688,931.75,931.382568359375,189077.0
2025-07-29,929.0,950.7000122070312,920.2000122070312,943.25,942.8780517578124,286351.0
2025-07-30,944.0,976.0,944.0,963.0,962.6202392578124,606561.0
2025-07-31,953.0,956.9500122070312,934.0999755859376,940.5499877929688,940.1790771484376,168316.0
2025-08-01,940.5499877929688,963.0,925.2000122070312,933.4000244140624,933.0319213867188,225533.0
2025-08-04,935.0,948.0,926.7000122070312,936.2999877929688,935.9307861328124,158713.0
2025-08-05,938.0499877929688,983.0,938.0499877929688,968.5999755859376,968.218017578125,1389813.0
2025-08-06,974.0,993.7999877929688,930.0,941.3499755859376,940.978759765625,842103.0
2025-08-07,940.9000244140624,943.4000244140624,917.0999755859376,932.5999755859376,932.2322387695312,191324.0
2025-08-08,933.5,948.0,921.0999755859376,926.0499877929688,925.684814453125,181249.0
2025-08-11,923.0999755859376,929.8499755859376,905.0,914.75,914.3892822265624,144289.0
2025-08-12,916.4000244140624,959.8499755859376,914.75,947.5,947.1263427734376,634028.0
2025-08-13,953.0,1006.5999755859376,933.2999877929688,987.5,987.110595703125,2195111.0
2025-08-14,989.0,992.75,957.7999877929688,963.7000122070312,963.3200073242188,407231.0
2025-08-18,967.5499877929688,976.3499755859376,957.1500244140624,964.75,964.3695678710938,182322.0
2025-08-19,964.0,1005.7999877929688,955.0,979.5999755859376,979.2136840820312,1139691.0
2025-08-20,982.7999877929688,1023.25,976.0,1014.4500122070312,1014.0499877929688,1349834.0
2025-08-21,1019.5,1031.0,1001.8499755859376,1011.0,1010.601318359375,676313.0
2025-08-22,1011.0499877929688,1033.0,1000.0,1010.5499877929688,1010.1514892578124,787368.0
2025-08-25,1012.2000122070312,1029.0,1009.3499755859376,1015.9000244140624,1015.4993896484376,368301.0
2025-08-26,1002.0499877929688,1011.6500244140624,962.0999755859376,965.7000122070312,965.3192138671876,340028.0
2025-08-28,964.0499877929688,964.0499877929688,922.0,925.3499755859376,924.9850463867188,301155.0
2025-08-29,928.0,942.0,920.0999755859376,924.9000244140624,924.5352783203124,239918.0
2025-09-01,926.7999877929688,956.25,926.7999877929688,952.25,951.87451171875,338595.0
2025-09-02,955.0,1021.2999877929688,947.0,989.3499755859376,988.9598388671876,1357985.0
2025-09-03,989.0,1013.8499755859376,982.0,1007.1500244140624,1006.7528686523438,569193.0
2025-09-04,1017.0,1028.800048828125,995.7000122070312,1000.0,999.6056518554688,357644.0
2025-09-05,1000.0,1025.0,985.0499877929688,990.5,990.109375,420562.0
2025-09-08,989.3499755859376,997.9500122070312,974.8499755859376,976.9500122070312,976.5647583007812,153076.0
2025-09-09,978.2999877929688,986.4000244140624,965.0999755859376,969.0,968.6178588867188,150356.0
2025-09-10,975.0,988.0,965.0499877929688,968.8499755859376,968.4678955078124,137950.0
2025-09-11,972.9500122070312,1010.0,967.4000244140624,981.4500122070312,981.06298828125,528388.0
2025-09-12,987.0,994.4500122070312,976.2000122070312,981.7999877929688,981.412841796875,160279.0
2025-09-15,983.6500244140624,1016.0,981.9500122070312,996.8499755859376,996.4568481445312,412230.0
2025-09-16,999.0,1014.7999877929688,994.0,1005.5,1005.103515625,294734.0
2025-09-17,1005.5,1026.9000244140625,1001.0,1004.0,1003.6040649414062,275691.0
2025-09-18,1006.9500122070312,1011.5999755859376,985.0499877929688,988.9500122070312,988.5599975585938,143558.0
2025-09-19,991.0,1007.0499877929688,985.0,1000.1500244140624,1000.1500244140624,177896.0
2025-09-22,1002.0,1009.9000244140624,986.0499877929688,990.4500122070312,990.4500122070312,130111.0
2025-09-23,990.0,990.2999877929688,962.2999877929688,973.6500244140624,973.6500244140624,205374.0
2025-09-24,972.0,993.0,965.0,972.2000122070312,972.2000122070312,223515.0
2025-09-25,972.0,982.9000244140624,964.0,966.4500122070312,966.4500122070312,110601.0
2025-09-26,966.5,968.4500122070312,936.7999877929688,942.6500244140624,942.6500244140624,149955.0
2025-09-29,945.9500122070312,952.8499755859376,894.0999755859375,911.2000122070312,911.2000122070312,709119.0
2025-09-30,909.0,918.0499877929688,887.5,892.9000244140625,892.9000244140625,209432.0
2025-10-01,894.9000244140625,896.7000122070312,875.25,886.4500122070312,886.4500122070312,184450.0
2025-10-03,890.0,904.0999755859376,887.0999755859375,900.7000122070312,900.7000122070312,229603.0
2025-10-06,901.0,908.0,895.0499877929688,898.9500122070312,898.9500122070312,114749.0
2025-10-07,902.0,906.4500122070312,891.5,895.25,895.25,89008.0
2025-10-08,897.0,911.6500244140624,890.0,893.75,893.75,125048.0
2025-10-09,893.5999755859375,895.7000122070312,885.9000244140625,889.2999877929688,889.2999877929688,86898.0
2025-10-10,888.9000244140625,898.4000244140625,882.25,892.25,892.25,74661.0
2025-10-13,891.7999877929688,891.7999877929688,880.0,882.7000122070312,882.7000122070312,73007.0
2025-10-14,887.2000122070312,888.3499755859375,868.7999877929688,871.9000244140625,871.9000244140625,67992.0
2025-10-15,874.0999755859375,886.0,865.0,880.5999755859375,880.5999755859375,110879.0
2025-10-16,885.0,924.0,883.0,906.0,906.0,792242.0
2025-10-17,905.0,908.9500122070312,884.2999877929688,892.9500122070312,892.9500122070312,125520.0
2025-10-20,893.0,894.5,880.0999755859375,887.9500122070312,887.9500122070312,60515.0
2025-10-21,892.0,897.2999877929688,890.1500244140625,893.5,893.5,20059.0
2025-10-23,896.0,899.9000244140625,882.7999877929688,886.0,886.0,52592.0
2025-10-24,887.3499755859375,899.0,882.1500244140625,887.6500244140625,887.6500244140625,78488.0
2025-10-27,888.2000122070312,893.2000122070312,883.0,885.0999755859375,885.0999755859375,43776.0
2025-10-28,890.4000244140625,923.0,887.7000122070312,898.9500122070312,898.9500122070312,571418.0
2025-10-29,901.6500244140624,916.5999755859376,901.6500244140624,907.0,907.0,179156.0
2025-10-30,908.7999877929688,910.4000244140624,900.0,902.3499755859376,902.3499755859376,83320.0
2025-10-31,905.0,930.4000244140624,895.0,903.3499755859376,903.3499755859376,445414.0
2025-11-03,905.9000244140624,918.7999877929688,903.8499755859376,908.1500244140624,908.1500244140624,181037.0
2025-11-04,908.0,913.5,895.0,897.0999755859375,897.0999755859375,75241.0
2025-11-06,896.2000122070312,898.0499877929688,880.9000244140625,885.0999755859375,885.0999755859375,73021.0
2025-11-07,879.9500122070312,898.0,870.5,882.9500122070312,882.9500122070312,131480.0
2025-11-10,885.7999877929688,890.9000244140625,882.0,883.4000244140625,883.4000244140625,38521.0
2025-11-11,878.7000122070312,884.7000122070312,875.0,877.0499877929688,877.0499877929688,37536.0
2025-11-12,875.0,908.0,875.0,894.5499877929688,894.5499877929688,189324.0
2025-11-13,894.5499877929688,909.9500122070312,887.5499877929688,905.0,905.0,146841.0
2025-11-14,906.4000244140624,919.7999877929688,898.0499877929688,914.5499877929688,914.5499877929688,272341.0
2025-11-17,921.0,921.0,907.0,909.4000244140624,909.4000244140624,98526.0
2025-11-18,912.0,926.0,906.9500122070312,908.4500122070312,908.4500122070312,148525.0
2025-11-19,908.2999877929688,911.2000122070312,898.0999755859375,903.25,903.25,43151.0
2025-11-20,905.6500244140624,909.6500244140624,901.5499877929688,903.9000244140624,903.9000244140624,35602.0
2025-11-21,902.0,902.0499877929688,882.2000122070312,882.8499755859375,882.8499755859375,54127.0
2025-11-24,882.8499755859375,887.5999755859375,856.4500122070312,866.75,866.75,44558.0
2025-11-25,866.0499877929688,876.2999877929688,861.3499755859375,866.5,866.5,61558.0
2025-11-26,866.5,878.0,865.7999877929688,874.9000244140625,874.9000244140625,28484.0
2025-11-27,878.0,889.9500122070312,878.0,883.5999755859375,883.5999755859375,71650.0
2025-11-28,884.5,885.3499755859375,873.0,876.4000244140625,876.4000244140625,34155.0
2025-12-01,878.9500122070312,886.9000244140625,869.0,873.7999877929688,873.7999877929688,49425.0
2025-12-02,870.7000122070312,873.0,848.0999755859375,858.4500122070312,858.4500122070312,55203.0
2025-12-03,860.0,865.75,841.0499877929688,843.9000244140625,843.9000244140625,51632.0
2025-12-04,840.0,847.9000244140625,833.2999877929688,838.2999877929688,838.2999877929688,40975.0
2025-12-05,838.1500244140625,864.7999877929688,825.0,847.0,847.0,180404.0
2025-12-08,847.5999755859375,850.0,790.0,795.5499877929688,795.5499877929688,100065.0
2025-12-09,795.4000244140625,817.0,775.0,811.7999877929688,811.7999877929688,97096.0
2025-12-10,810.0,836.9000244140625,805.0,813.75,813.75,115561.0
2025-12-11,810.0,816.0,803.0,809.5999755859375,809.5999755859375,52077.0
2025-12-12,815.0499877929688,831.0,811.0499877929688,827.0999755859375,827.0999755859375,101318.0
2025-12-15,826.0,863.7999877929688,823.5,857.4000244140625,857.4000244140625,249330.0
2025-12-16,852.0,922.7999877929688,850.0,896.5999755859375,896.5999755859375,5465207.0
2025-12-17,887.7000122070312,891.5999755859375,858.0,861.7000122070312,861.7000122070312,273032.0
2025-12-18,861.7000122070312,861.75,840.1500244140625,850.2000122070312,850.2000122070312,162244.0
2025-12-19,851.5999755859375,870.0,844.0,863.0499877929688,863.0499877929688,132379.0
2025-12-22,868.5999755859375,876.5499877929688,865.0499877929688,871.5999755859375,871.5999755859375,100872.0
2025-12-23,873.0,903.9500122070312,871.5999755859375,888.1500244140625,888.1500244140625,408526.0
2025-12-24,886.0,892.0,872.4000244140625,875.2000122070312,875.2000122070312,104011.0
2025-12-26,876.9500122070312,908.5,871.4500122070312,888.6500244140625,888.6500244140625,258841.0
2025-12-29,888.9500122070312,921.5999755859376,885.0999755859375,899.9500122070312,899.9500122070312,619468.0
2025-12-30,899.9500122070312,932.5,887.0,912.7000122070312,912.7000122070312,828649.0
2025-12-31,915.0,924.9000244140624,906.7999877929688,912.4500122070312,912.4500122070312,267547.0
2026-01-01,912.4500122070312,918.0,900.2000122070312,903.5999755859376,903.5999755859376,93047.0
2026-01-02,909.9500122070312,919.8499755859376,904.0,908.0499877929688,908.0499877929688,222419.0
2026-01-05,906.25,912.4500122070312,886.6500244140625,892.7999877929688,892.7999877929688,132130.0
2026-01-06,895.9000244140625,897.0,875.0,878.4000244140625,878.4000244140625,128911.0
2026-01-07,877.0,879.2000122070312,866.4500122070312,874.1500244140625,874.1500244140625,71817.0
2026-01-08,874.1500244140625,905.9500122070312,873.9000244140625,891.1500244140625,891.1500244140625,373637.0
2026-01-09,890.0,890.0,864.0,867.75,867.75,144860.0
2026-01-12,867.75,867.7999877929688,840.0,863.7999877929688,863.7999877929688,113839.0
2026-01-13,870.5499877929688,881.7000122070312,864.0,868.0499877929688,868.0499877929688,63850.0
2026-01-14,864.0,877.0,850.5,852.8499755859375,852.8499755859375,139493.0
2026-01-15,852.8499755859375,852.8499755859375,852.8499755859375,852.8499755859375,852.8499755859375,0.0
2026-01-16,853.7000122070312,862.0,830.0,833.7000122070312,833.7000122070312,97032.0
2026-01-19,830.0499877929688,839.8499755859375,823.2999877929688,827.3499755859375,827.3499755859375,77607.0
2026-01-20,825.0999755859375,827.25,786.6500244140625,793.0999755859375,793.0999755859375,106663.0
2026-01-21,817.0,817.0,777.6500244140625,792.0999755859375,792.0999755859375,196363.0
2026-01-22,800.0,811.5499877929688,798.2999877929688,805.4000244140625,805.4000244140625,97563.0
2026-01-23,810.0,818.3499755859375,778.9000244140625,781.9500122070312,781.9500122070312,86330.0
2026-01-27,782.0,799.0,765.75,793.25,793.25,103213.0
2026-01-28,794.5,828.4000244140625,776.1500244140625,819.4000244140625,819.4000244140625,727349.0
2026-01-29,810.0,816.75,798.2000122070312,808.6500244140625,808.6500244140625,178489.0
2026-01-30,802.0,828.0,790.0,816.75,816.75,145258.0
2026-02-02,775.2999877929688,788.0,748.2999877929688,779.2000122070312,779.2000122070312,115319.0
2026-02-03,800.0,815.0,788.6500244140625,797.25,797.25,108734.0
2026-02-04,795.0999755859375,813.0,792.5999755859375,801.3499755859375,801.3499755859375,70456.0
2026-02-05,796.0,804.9500122070312,776.2000122070312,780.0,780.0,61722.0
2026-02-06,779.7999877929688,819.9000244140625,779.75,792.7999877929688,792.7999877929688,350871.0
2026-02-09,793.5999755859375,824.9500122070312,790.5999755859375,816.7000122070312,816.7000122070312,135038.0
2026-02-10,815.5,825.9000244140625,811.9500122070312,814.25,814.25,54736.0
2026-02-11,818.5999755859375,819.0,800.25,808.9000244140625,808.9000244140625,44731.0
2026-02-12,804.0,807.0999755859375,795.2999877929688,801.1500244140625,801.1500244140625,40287.0
2026-02-13,800.0,800.0999755859375,775.1500244140625,781.2000122070312,781.2000122070312,64600.0
2026-02-16,780.0,808.2999877929688,775.2000122070312,787.2000122070312,787.2000122070312,114721.0
2026-02-17,790.2000122070312,812.75,784.8499755859375,810.2999877929688,810.2999877929688,125630.0
2026-02-18,809.7999877929688,818.8499755859375,800.0,801.5499877929688,801.5499877929688,75735.0
2026-02-19,800.0,807.9500122070312,780.0499877929688,783.4000244140625,783.4000244140625,45705.0
2026-02-20,780.0499877929688,788.9000244140625,777.0,781.0499877929688,781.0499877929688,55874.0
2026-02-23,781.8499755859375,794.1500244140625,771.0,773.7000122070312,773.7000122070312,56010.0
2026-02-24,774.4500122070312,778.7999877929688,751.5999755859375,757.25,757.25,68339.0
2026-02-25,762.9500122070312,774.3499755859375,753.2999877929688,756.7999877929688,756.7999877929688,48563.0
2026-02-26,762.0999755859375,773.5,734.75,738.2999877929688,738.2999877929688,85757.0
2026-02-27,743.0,754.6500244140625,726.9000244140625,743.4500122070312,743.4500122070312,122873.0
2026-03-02,698.0,735.0,698.0,710.75,710.75,109081.0
2026-03-04,694.0,700.0,666.9500122070312,669.75,669.75,165737.0
2026-03-05,674.7000122070312,697.5999755859375,661.9000244140625,678.0499877929688,678.0499877929688,153150.0
2026-03-06,678.0499877929688,706.5999755859375,673.0999755859375,680.6500244140625,680.6500244140625,155349.0
2026-03-09,660.25,668.9000244140625,652.0999755859375,662.0999755859375,662.0999755859375,99433.0
2026-03-10,669.0,794.5,667.0499877929688,794.5,794.5,8171712.0
2026-03-11,837.0,928.7999877929688,796.1500244140625,884.9000244140625,884.9000244140625,25190904.0
2026-03-12,840.0499877929688,877.0,830.0,845.0999755859375,845.0999755859375,3551351.0
2026-03-13,830.0,916.5,825.0999755859375,851.5,851.5,10763899.0
2026-03-16,858.0,858.0,796.0,805.5499877929688,805.5499877929688,1512439.0
2026-03-17,812.4000244140625,850.0,785.0,812.2999877929688,812.2999877929688,1837159.0
2026-03-18,815.0,837.7000122070312,804.5,814.0999755859375,814.0999755859375,636191.0
2026-03-19,805.0,814.0999755859375,784.2999877929688,787.9500122070312,787.9500122070312,349422.0
2026-03-20,796.4500122070312,817.9500122070312,785.0,791.4500122070312,791.4500122070312,388774.0
2026-03-23,783.0,784.0,748.0,760.4500122070312,760.4500122070312,368196.0
2026-03-24,797.2999877929688,801.0,763.2000122070312,794.2000122070312,794.2000122070312,492949.0
2026-03-25,801.0,815.0,785.5499877929688,790.25,790.25,397478.0
2026-03-27,790.25,823.4000244140625,770.0,788.5,788.5,1370278.0
2026-03-30,780.7999877929688,780.7999877929688,738.0,749.1500244140625,749.1500244140625,263370.0
2026-04-01,765.3499755859375,796.9500122070312,765.0,785.6500244140625,785.6500244140625,410217.0
2026-04-02,771.0,779.3499755859375,750.0,773.75,773.75,242931.0
2026-04-06,785.0,799.7000122070312,762.0499877929688,790.5999755859375,790.5999755859375,393375.0
2026-04-07,793.75,805.6500244140625,781.0499877929688,790.75,790.75,291890.0
2026-04-08,819.9500122070312,842.5,804.0,817.7999877929688,817.7999877929688,918724.0
2026-04-09,829.0,888.4000244140625,827.0,860.9500122070312,860.9500122070312,4208925.0
2026-04-10,861.0,868.0,851.25,857.5999755859375,857.5999755859375,395633.0
2026-04-13,833.0,856.75,822.2000122070312,852.3499755859375,852.3499755859375,259102.0
2026-04-15,868.0,879.9500122070312,857.0,866.1500244140625,866.1500244140625,367436.0
2026-04-16,874.0,885.0,868.0,871.9000244140625,871.9000244140625,370138.0
2026-04-17,865.0,946.0,862.2000122070312,902.75,902.75,4208121.0
2026-04-20,909.9000244140624,914.8499755859376,885.5499877929688,891.0499877929688,891.0499877929688,363548.0
2026-04-21,894.0,934.9500122070312,891.0499877929688,911.5,911.5,810511.0
2026-04-22,905.0,947.3499755859376,905.0,932.2000122070312,932.2000122070312,864668.0
2026-04-23,933.9000244140624,951.7000122070312,915.0499877929688,921.5499877929688,921.5499877929688,464687.0
2026-04-24,928.5,929.9000244140624,885.0,889.5999755859375,889.5999755859375,236182.0
2026-04-27,900.0,914.4500122070312,897.1500244140625,907.4000244140624,907.4000244140624,207891.0
2026-04-28,904.0,923.7999877929688,902.0999755859376,906.0,906.0,173794.0
2026-04-29,914.4000244140624,926.9500122070312,903.7999877929688,908.8499755859376,908.8499755859376,316276.0
2026-04-30,907.0,908.5999755859376,888.25,899.2000122070312,899.2000122070312,132778.0
2026-05-01,899.2000122070312,899.2000122070312,899.2000122070312,899.2000122070312,899.2000122070312,0.0
2026-05-04,906.9500122070312,918.7000122070312,896.5,905.75,905.75,143375.0
2026-05-05,900.0,917.9500122070312,898.0,903.7000122070312,903.7000122070312,119885.0
2026-05-06,908.2000122070312,922.4500122070312,900.5,915.0,915.0,232049.0
2026-05-07,920.0,926.8499755859376,909.0,917.0499877929688,917.0499877929688,196793.0
2026-05-08,923.4000244140624,933.9000244140624,902.0999755859376,904.5999755859376,904.5999755859376,220830.0
2026-05-11,899.0,899.0,874.0,883.5,883.5,139801.0
2026-05-12,887.0,887.9500122070312,858.1500244140625,862.4000244140625,862.4000244140625,131875.0
2026-05-13,866.4000244140625,880.0,855.25,874.4500122070312,874.4500122070312,133009.0
2026-05-14,883.0,894.0,869.2000122070312,879.5999755859375,879.5999755859375,104334.0
2026-05-15,884.0499877929688,910.9500122070312,878.0499877929688,882.7000122070312,882.7000122070312,230208.0
2026-05-18,881.0,881.0,846.0,865.6500244140625,865.6500244140625,99430.0
2026-05-19,865.9500122070312,889.7999877929688,865.9500122070312,870.4000244140625,870.4000244140625,126188.0
2026-05-20,864.0,870.7999877929688,853.5499877929688,867.2999877929688,867.2999877929688,71356.0
2026-05-21,872.2000122070312,895.4000244140625,861.4000244140625,868.0499877929688,868.0499877929688,147421.0
2026-05-22,868.0499877929688,898.4500122070312,868.0499877929688,879.25,879.25,312974.0
2026-05-25,881.0,895.0,876.25,883.0499877929688,883.0499877929688,127711.0
2026-05-26,882.0,914.0,882.0,903.4000244140624,903.4000244140624,432913.0
2026-05-27,910.5999755859376,938.4000244140624,904.5,923.4000244140624,923.4000244140624,742331.0
2026-05-28,923.4000244140624,923.4000244140624,923.4000244140624,923.4000244140624,923.4000244140624,0.0
2026-05-29,927.9500122070312,927.9500122070312,850.0499877929688,875.6500244140625,875.6500244140625,768163.0
2026-06-01,880.0,886.3499755859375,855.0,868.6500244140625,868.6500244140625,139448.0
2026-06-02,860.0,876.4000244140625,853.1500244140625,871.3499755859375,871.3499755859375,86475.0
2026-06-03,879.0,882.5,858.4000244140625,871.4000244140625,871.4000244140625,117635.0
2026-06-04,868.0999755859375,892.0,863.2000122070312,865.5,865.5,156460.0
2026-06-05,870.0,886.4500122070312,865.0,866.8499755859375,866.8499755859375,101797.0
2026-06-08,864.0,876.9500122070312,852.0,866.3499755859375,866.3499755859375,111467.0
2026-06-09,870.0,879.9000244140625,867.0,876.0499877929688,876.0499877929688,77478.0
2026-06-10,888.25,929.0,888.25,901.3499755859376,901.3499755859376,1968434.0
2026-06-11,900.0999755859375,900.7999877929688,881.0999755859375,889.2000122070312,889.2000122070312,158020.0
2026-06-12,902.0,914.9500122070312,886.7000122070312,902.3499755859376,902.3499755859376,248746.0
2026-06-15,923.9500122070312,923.9500122070312,903.0,906.0499877929688,906.0499877929688,193515.0
2026-06-16,906.75,1058.5999755859375,906.3499755859376,997.7999877929688,997.7999877929688,13126383.0
2026-06-17,990.7999877929688,994.9500122070312,964.0,967.5999755859376,967.5999755859376,934315.0
2026-06-18,967.0,977.2999877929688,948.9500122070312,953.4500122070312,953.4500122070312,386522.0
2026-06-19,950.0499877929688,975.0,878.0,884.8499755859375,884.8499755859375,1631576.0
2026-06-22,891.9000244140625,932.0,868.0,906.25,906.25,1474214.0
2026-06-23,907.0,915.0,888.0,892.8499755859375,892.8499755859375,311684.0
2026-06-24,898.0,906.7999877929688,884.0,900.4500122070312,900.4500122070312,241588.0
2026-06-25,900.4500122070312,903.7000122070312,885.9000244140625,890.0,890.0,153916.0
2026-06-26,890.0,890.0,890.0,890.0,890.0,0.0
2026-06-29,890.0,890.8499755859375,851.0,869.5999755859375,869.5999755859375,232929.0
2026-06-30,875.0,877.75,853.2000122070312,872.7999877929688,872.7999877929688,253815.0
2026-07-01,875.0,888.5,871.0,878.4500122070312,878.4500122070312,173569.0
2026-07-02,880.5499877929688,890.9000244140625,872.7999877929688,877.1500244140625,877.1500244140625,145865.0
2026-07-03,878.9000244140625,897.0,878.9000244140625,883.2999877929688,883.2999877929688,205396.0
2026-07-06,887.8499755859375,887.8499755859375,875.9000244140625,878.0499877929688,878.0499877929688,85335.0
2026-07-07,878.0499877929688,882.1500244140625,860.5999755859375,864.0,864.0,116488.0
2026-07-08,864.0,879.2999877929688,840.5,845.9500122070312,845.9500122070312,237254.0
2026-07-09,849.9500122070312,859.9500122070312,843.7000122070312,850.0999755859375,850.0999755859375,84892.0
2026-07-10,850.2000122070312,869.7999877929688,850.2000122070312,855.5499877929688,855.5499877929688,101735.0
2026-07-13,852.0499877929688,863.3499755859375,842.75,855.8499755859375,855.8499755859375,84645.0
2026-07-14,852.0,855.8499755859375,841.0,844.3499755859375,844.3499755859375,55501.0
2026-07-15,848.7999877929688,865.25,840.0,848.5999755859375,848.5999755859375,265334.0
2026-07-16,845.0,864.25,843.0,845.7000122070312,845.7000122070312,163526.0
2026-07-17,847.0,847.0,830.0999755859375,833.5999755859375,833.5999755859375,116321.0
2026-07-20,838.0,838.3499755859375,825.5499877929688,831.2000122070312,831.2000122070312,65805.0
2026-07-21,823.2000122070312,845.0,823.2000122070312,833.4000244140625,833.4000244140625,67696.0
2026-07-22,833.4000244140625,835.0999755859375,812.0,814.0499877929688,814.0499877929688,87882.0
2026-07-23,812.0,824.9000244140625,801.9500122070312,805.75,805.75,81279.0
2026-07-24,805.0,814.7999877929688,789.0999755859375,809.2999877929688,809.2999877929688,109204.0
2026-07-27,819.9000244140625,825.0,812.4500122070312,819.5499877929688,819.5499877929688,75961.0
2026-07-28,819.5499877929688,833.3499755859375,814.0999755859375,817.0,817.0,108132.0
2026-07-29,816.0,835.0999755859375,816.0,826.5,826.5,97790.0
2026-07-30,825.0,825.25,811.2000122070312,815.4500122070312,815.4500122070312,42707.0
2026-07-31,823.5999755859375,830.0,806.0999755859375,826.6500244140625,826.6500244140625,66445.0
2026-08-03,831.0,849.9500122070312,831.0,843.25,843.25,129872.0
2026-08-04,835.6500244140625,849.4000244140625,835.5999755859375,842.2999877929688,842.2999877929688,71656.0
2026-08-05,845.7999877929688,851.4000244140625,838.4500122070312,840.5999755859375,840.5999755859375,43645.0
2026-08-06,844.0,850.25,840.0,843.0999755859375,843.0999755859375,46846.0
2026-08-07,839.0,844.9500122070312,835.4000244140625,839.4000244140625,839.4000244140625,30873.0
2026-08-10,838.0,840.0499877929688,831.3499755859375,834.7000122070312,834.7000122070312,51368.0
2026-08-11,831.0999755859375,837.0,826.5,828.4000244140625,828.4000244140625,31198.0
2026-08-12,825.2000122070312,833.9000244140625,816.0,819.5499877929688,819.5499877929688,52303.0
2026-08-13,818.0,831.75,816.0,818.9500122070312,818.9500122070312,46376.0
2026-08-14,819.9000244140625,831.5999755859375,794.5499877929688,807.7000122070312,807.7000122070312,385151.0
2026-08-17,801.0,809.4500122070312,790.0999755859375,793.25,793.25,93571.0
2026-08-18,790.0,799.8499755859375,789.0,794.8499755859375,794.8499755859375,54378.0
2026-08-19,790.0,812.9000244140625,781.2000122070312,787.1500244140625,787.1500244140625,112895.0
2026-08-20,794.5,797.6500244140625,771.0,772.9500122070312,772.9500122070312,110822.0
2026-08-21,776.5,812.2000122070312,771.2000122070312,783.2999877929688,783.2999877929688,403992.0
2026-08-24,781.0,796.9000244140625,781.0,784.25,784.25,56070.0
2026-08-25,805.0,920.0,800.0,876.0999755859375,876.0999755859375,34307227.0
2026-08-26,866.7999877929688,881.9000244140625,852.0,866.25,866.25,1835543.0
2026-08-27,850.0999755859375,871.5999755859375,835.2000122070312,842.5499877929688,842.5499877929688,419829.0
2026-08-28,839.0,850.0,829.5999755859375,832.5,832.5,165741.0
2026-08-31,831.0,831.0,816.0499877929688,821.25,821.25,159589.0
2026-09-01,817.0499877929688,829.0,811.2000122070312,815.25,815.25,172573.0
2026-09-02,815.0,817.4500122070312,800.2999877929688,804.2999877929688,804.2999877929688,140166.0
2026-09-03,804.2999877929688,813.0,796.9500122070312,800.2000122070312,800.2000122070312,155180.0
2026-09-04,803.0499877929688,812.5,798.1500244140625,801.4000244140625,801.4000244140625,97544.0
2026-09-07,799.5,808.9500122070312,791.2999877929688,793.2999877929688,793.2999877929688,53413.0
2026-09-08,795.0,823.2999877929688,786.6500244140625,791.2000122070312,791.2000122070312,402032.0
2026-09-09,790.2000122070312,798.9500122070312,784.7999877929688,786.4000244140625,786.4000244140625,99776.0
2026-09-10,787.0,809.5499877929688,785.0,789.9500122070312,789.9500122070312,167703.0
2026-09-11,781.9500122070312,782.5,775.2000122070312,779.5999755859375,779.5999755859375,61387.0
2026-09-14,779.5999755859375,779.5999755859375,779.5999755859375,779.5999755859375,779.5999755859375,0.0
2026-09-15,780.1500244140625,785.1500244140625,751.4000244140625,754.5499877929688,754.5499877929688,118792.0
2026-09-16,754.5499877929688,756.3499755859375,740.0499877929688,749.0,749.0,76634.0
2026-09-17,748.0,775.0,747.5,759.7999877929688,759.7999877929688,147229.0
2026-09-18,764.9500122070312,767.6500244140625,753.0499877929688,764.2000122070312,764.2000122070312,66764.0
2026-09-21,764.5,822.3499755859375,764.5,801.75,801.75,1321888.0
2026-09-22,800.0,808.2999877929688,792.5,798.4500122070312,798.4500122070312,105875.0
