date,open,high,low,close,adjclose,volume
2021-09-15,666.0,671.3499755859375,661.0,666.2999877929688,666.2999877929688,358.0
2021-09-16,669.2999877929688,677.5499877929688,645.6500244140625,651.1500244140625,651.1500244140625,827.0
2021-09-17,650.2999877929688,670.2000122070312,650.0499877929688,665.8499755859375,665.8499755859375,148.0
2021-09-20,653.2999877929688,679.0,643.2999877929688,649.7999877929688,649.7999877929688,546.0
2021-09-21,668.2000122070312,668.2000122070312,636.0999755859375,640.0999755859375,640.0999755859375,422.0
2021-09-22,650.0,660.0,645.5999755859375,655.0,655.0,332.0
2021-09-23,641.0,670.0,626.9000244140625,644.5999755859375,644.5999755859375,457.0
2021-09-24,644.0,671.0,639.5,655.25,655.25,290.0
2021-09-27,664.4000244140625,672.0,650.1500244140625,654.5,654.5,798.0
2021-09-28,667.5,667.7999877929688,630.0,633.6500244140625,633.6500244140625,611.0
2021-09-29,649.0,669.0,635.2999877929688,667.1500244140625,667.1500244140625,433.0
2021-09-30,668.6500244140625,679.0,630.0,634.0,634.0,2240.0
2021-10-01,644.0,644.5,625.5,640.5999755859375,640.5999755859375,307.0
2021-10-04,664.0,768.7000122070312,637.4500122070312,768.7000122070312,768.7000122070312,10853.0
2021-10-05,820.0,922.4000244140625,768.7000122070312,781.25,781.25,189866.0
2021-10-06,778.9000244140625,778.9000244140625,741.2000122070312,750.1500244140625,750.1500244140625,25005.0
2021-10-07,741.0499877929688,758.9000244140625,715.2000122070312,721.9000244140625,721.9000244140625,10926.0
2021-10-08,724.9500122070312,735.0,672.5999755859375,714.9500122070312,714.9500122070312,7451.0
2021-10-11,734.4000244140625,734.4000244140625,700.1500244140625,707.0999755859375,707.0999755859375,4860.0
2021-10-12,719.9500122070312,719.9500122070312,686.0499877929688,696.9500122070312,696.9500122070312,3811.0
2021-10-13,695.0,705.0,695.0,698.25,698.25,3251.0
2021-10-14,695.3499755859375,703.7999877929688,681.7999877929688,689.25,689.25,2850.0
2021-10-18,699.7999877929688,699.7999877929688,651.5,668.5999755859375,668.5999755859375,4695.0
2021-10-19,688.0,688.0,645.0,649.7000122070312,649.7000122070312,4673.0
2021-10-20,649.5999755859375,649.5999755859375,630.0,639.7000122070312,639.7000122070312,3323.0
2021-10-21,670.0,670.0,636.5499877929688,652.7999877929688,652.7999877929688,1407.0
2021-10-22,642.0,659.8499755859375,642.0,651.5999755859375,651.5999755859375,929.0
2021-10-25,651.75,668.0,650.0499877929688,650.5,650.5,1067.0
2021-10-26,650.0499877929688,665.0,650.0499877929688,661.0,661.0,682.0
2021-10-27,650.0499877929688,664.3499755859375,650.0499877929688,650.25,650.25,806.0
2021-10-28,652.5,661.1500244140625,638.4500122070312,641.4500122070312,641.4500122070312,925.0
2021-10-29,659.0,659.0,626.4500122070312,634.1500244140625,634.1500244140625,867.0
2021-11-01,621.1500244140625,644.0,621.1500244140625,632.25,632.25,418.0
2021-11-02,635.0,644.0,631.0,639.9500122070312,639.9500122070312,511.0
2021-11-03,647.0,647.0,631.7999877929688,642.6500244140625,642.6500244140625,429.0
2021-11-04,666.0,666.0,631.2999877929688,638.0499877929688,638.0499877929688,105.0
2021-11-08,648.9500122070312,648.9500122070312,627.3499755859375,639.1500244140625,639.1500244140625,871.0
2021-11-09,630.0,647.6500244140625,630.0,638.5499877929688,638.5499877929688,489.0
2021-11-10,631.0499877929688,657.4500122070312,631.0,650.5999755859375,650.5999755859375,1262.0
2021-11-11,654.5499877929688,654.5499877929688,639.75,647.8499755859375,647.8499755859375,3122.0
2021-11-12,647.25,650.0499877929688,631.0499877929688,642.25,642.25,1062.0
2021-11-15,638.0,652.5999755859375,638.0,649.7999877929688,649.7999877929688,1126.0
2021-11-16,657.2999877929688,657.2999877929688,645.0,651.2999877929688,651.2999877929688,1291.0
2021-11-17,659.0,688.0,630.0,675.6500244140625,675.6500244140625,1527.0
2021-11-18,669.0,669.0,647.7000122070312,651.0499877929688,651.0499877929688,307.0
2021-11-22,668.6500244140625,669.7999877929688,647.75,647.75,647.75,1563.0
2021-11-23,649.3499755859375,662.4000244140625,641.2999877929688,657.25,657.25,753.0
2021-11-24,645.2999877929688,654.0,637.0499877929688,645.0499877929688,645.0499877929688,352.0
2021-11-25,631.4000244140625,664.0499877929688,631.4000244140625,656.1500244140625,656.1500244140625,1135.0
2021-11-26,657.3499755859375,657.5999755859375,632.0,643.3499755859375,643.3499755859375,621.0
2021-11-29,637.8499755859375,646.2999877929688,620.1500244140625,635.1500244140625,635.1500244140625,721.0
2021-11-30,667.7999877929688,667.7999877929688,627.0999755859375,628.75,628.75,284.0
2021-12-01,627.4000244140625,632.0499877929688,614.7000122070312,622.0,622.0,267.0
2021-12-02,622.0,640.0,622.0,634.75,634.75,184.0
2021-12-03,646.2999877929688,646.3499755859375,620.0,632.0,632.0,261.0
2021-12-06,648.7000122070312,649.0,618.0499877929688,629.0,629.0,741.0
2021-12-07,637.7999877929688,640.0,620.7999877929688,630.4500122070312,630.4500122070312,410.0
2021-12-08,630.1500244140625,639.3499755859375,615.4500122070312,624.8499755859375,624.8499755859375,506.0
2021-12-09,632.8499755859375,640.0,615.0999755859375,632.5,632.5,337.0
2021-12-10,621.3499755859375,658.75,618.0,642.5499877929688,642.5499877929688,704.0
2021-12-13,641.0,665.0,628.0,663.4500122070312,663.4500122070312,1023.0
2021-12-14,650.0,660.0,650.0,656.2000122070312,656.2000122070312,640.0
2021-12-15,651.75,656.9500122070312,641.5,648.6500244140625,648.6500244140625,265.0
2021-12-16,648.6500244140625,650.0,636.7999877929688,641.5,641.5,237.0
2021-12-17,643.6500244140625,643.6500244140625,611.6500244140625,616.0,616.0,662.0
2021-12-20,604.25,718.7000122070312,603.9500122070312,608.6500244140625,608.6500244140625,1721.0
2021-12-21,645.0,649.7999877929688,615.5,622.0499877929688,622.0499877929688,434.0
2021-12-22,633.0,633.0,615.1500244140625,621.0,621.0,169.0
2021-12-23,659.7000122070312,659.7000122070312,615.2000122070312,623.4500122070312,623.4500122070312,955.0
2021-12-24,627.7000122070312,628.0,615.1500244140625,621.8499755859375,621.8499755859375,311.0
2021-12-27,603.4000244140625,637.0,603.0999755859375,612.5499877929688,612.5499877929688,678.0
2021-12-28,637.0,735.0499877929688,604.0,662.6500244140625,662.6500244140625,45683.0
2021-12-29,662.6500244140625,665.5999755859375,621.5499877929688,627.0999755859375,627.0999755859375,6821.0
2021-12-30,638.4000244140625,638.4000244140625,605.6500244140625,620.2999877929688,620.2999877929688,1700.0
2021-12-31,620.25,633.0999755859375,615.0,628.5,628.5,1064.0
2022-01-03,641.0,641.0,622.0,625.75,625.75,868.0
2022-01-04,642.0999755859375,642.0999755859375,544.4000244140625,609.5499877929688,609.5499877929688,5720.0
2022-01-05,627.25,628.0,610.0,621.75,621.75,585.0
2022-01-06,609.0499877929688,621.5999755859375,609.0499877929688,619.4500122070312,619.4500122070312,491.0
2022-01-07,611.25,625.0,606.0,609.9500122070312,609.9500122070312,1218.0
2022-01-10,624.4500122070312,624.75,606.0,609.5,609.5,1049.0
2022-01-11,611.2999877929688,617.5,607.25,611.5499877929688,611.5499877929688,547.0
2022-01-12,640.0,640.0,595.0499877929688,618.5,618.5,840.0
2022-01-13,618.5,623.9500122070312,605.1500244140625,616.5499877929688,616.5499877929688,451.0
2022-01-14,607.5999755859375,620.75,606.25,618.4000244140625,618.4000244140625,918.0
2022-01-17,618.4000244140625,620.2999877929688,610.0,611.0999755859375,611.0999755859375,953.0
2022-01-18,612.0999755859375,621.9500122070312,611.0,612.9500122070312,612.9500122070312,405.0
2022-01-19,610.0,614.8499755859375,608.2999877929688,610.7000122070312,610.7000122070312,299.0
2022-01-20,611.3499755859375,618.7999877929688,600.0,610.0499877929688,610.0499877929688,234.0
2022-01-21,609.0,609.0,605.0999755859375,606.75,606.75,208.0
2022-01-24,605.0499877929688,615.0,580.0,581.7999877929688,581.7999877929688,960.0
2022-01-25,581.0,595.2999877929688,571.0,587.7000122070312,587.7000122070312,951.0
2022-01-27,554.2999877929688,650.0,554.2999877929688,607.9500122070312,607.9500122070312,2924.0
2022-01-28,638.0,638.0,604.0,604.0,604.0,287.0
2022-01-31,619.3499755859375,619.3499755859375,600.0,606.7000122070312,606.7000122070312,336.0
2022-02-01,610.0,610.0,600.4500122070312,604.4000244140625,604.4000244140625,165.0
2022-02-02,617.6500244140625,617.6500244140625,605.7999877929688,612.9000244140625,612.9000244140625,232.0
2022-02-03,625.2000122070312,625.2000122070312,607.0,611.0499877929688,611.0499877929688,123.0
2022-02-04,603.0,610.0,603.0,605.25,605.25,170.0
2022-02-07,605.5499877929688,617.2999877929688,591.0,593.5499877929688,593.5499877929688,264.0
2022-02-08,621.75,622.0,596.6500244140625,603.0999755859375,603.0999755859375,353.0
2022-02-09,603.5,612.4000244140625,600.0,603.1500244140625,603.1500244140625,276.0
2022-02-10,601.0499877929688,622.0,595.0,601.5499877929688,601.5499877929688,721.0
2022-02-11,612.0499877929688,615.5499877929688,575.0,590.2000122070312,590.2000122070312,639.0
2022-02-14,590.2000122070312,602.75,575.0499877929688,582.5,582.5,317.0
2022-02-15,587.5499877929688,609.4500122070312,555.0,577.5499877929688,577.5499877929688,568.0
2022-02-16,588.0,598.0,582.0,584.0999755859375,584.0999755859375,463.0
2022-02-17,608.2000122070312,608.2000122070312,556.5999755859375,570.75,570.75,466.0
2022-02-18,572.7999877929688,588.9000244140625,571.0,575.5999755859375,575.5999755859375,201.0
2022-02-21,577.0499877929688,577.0499877929688,534.5,542.2000122070312,542.2000122070312,748.0
2022-02-22,542.6500244140625,576.5499877929688,534.5,565.1500244140625,565.1500244140625,1016.0
2022-02-23,588.0,588.0,570.0999755859375,571.0999755859375,571.0999755859375,346.0
2022-02-24,543.0,574.9000244140625,530.1500244140625,530.3499755859375,530.3499755859375,669.0
2022-02-25,525.0999755859375,559.9000244140625,525.0999755859375,544.3499755859375,544.3499755859375,429.0
2022-02-28,544.9500122070312,578.0,542.75,569.75,569.75,232.0
2022-03-02,572.0,574.75,540.0999755859375,548.1500244140625,548.1500244140625,913.0
2022-03-03,546.2999877929688,554.75,523.0,542.0499877929688,542.0499877929688,245.0
2022-03-04,558.7999877929688,558.7999877929688,524.25,533.9500122070312,533.9500122070312,263.0
2022-03-07,534.2000122070312,575.0,519.0,551.0999755859375,551.0999755859375,405.0
2022-03-08,559.75,573.0,559.75,571.2000122070312,571.2000122070312,349.0
2022-03-09,594.5,594.5,563.0,568.5999755859375,568.5999755859375,230.0
2022-03-10,588.0,588.0,573.0,581.5499877929688,581.5499877929688,88.0
2022-03-11,579.4500122070312,584.75,565.6500244140625,570.75,570.75,217.0
2022-03-14,576.4500122070312,576.7000122070312,564.3499755859375,569.0,569.0,90.0
2022-03-15,576.0,588.9500122070312,557.0,564.2999877929688,564.2999877929688,173.0
2022-03-16,585.0999755859375,586.0,561.0,576.0,576.0,117.0
2022-03-17,586.0,588.0,565.2000122070312,571.5,571.5,495.0
2022-03-21,571.25,577.75,564.0,569.3499755859375,569.3499755859375,216.0
2022-03-22,583.4000244140625,583.4000244140625,565.0,566.7000122070312,566.7000122070312,118.0
2022-03-23,579.25,584.7999877929688,561.0,565.3499755859375,565.3499755859375,907.0
2022-03-24,577.5999755859375,580.0,557.0,561.9000244140625,561.9000244140625,128.0
2022-03-25,563.5499877929688,574.9500122070312,560.0,564.5499877929688,564.5499877929688,292.0
2022-03-28,570.7000122070312,570.9500122070312,560.5,565.0,565.0,48.0
2022-03-29,560.1500244140625,568.75,560.0499877929688,565.0,565.0,350.0
2022-03-30,573.5,575.0,561.0,561.7999877929688,561.7999877929688,534.0
2022-03-31,570.0,570.0,522.5999755859375,539.2000122070312,539.2000122070312,868.0
2022-04-01,569.0,587.0,533.3499755859375,581.7000122070312,581.7000122070312,701.0
2022-04-04,575.9000244140625,585.0,568.6500244140625,583.0499877929688,583.0499877929688,133.0
2022-04-05,583.0499877929688,585.0,556.8499755859375,571.0,571.0,425.0
2022-04-06,584.0,589.4500122070312,570.6500244140625,583.25,583.25,177.0
2022-04-07,570.1500244140625,589.4500122070312,561.0,576.25,576.25,385.0
2022-04-08,583.6500244140625,585.0,570.0,585.0,585.0,72.0
2022-04-11,587.75,614.2000122070312,587.75,611.25,611.25,713.0
2022-04-12,606.9500122070312,609.0,595.0499877929688,598.0,598.0,209.0
2022-04-13,606.9500122070312,717.5999755859375,606.9500122070312,640.3499755859375,640.3499755859375,31759.0
2022-04-18,653.0,699.0,650.0499877929688,671.6500244140625,671.6500244140625,8560.0
2022-04-19,676.0,681.6500244140625,650.2000122070312,659.4000244140625,659.4000244140625,3355.0
2022-04-20,664.9000244140625,669.0,643.0,647.5999755859375,647.5999755859375,1242.0
2022-04-21,637.0499877929688,665.0,637.0499877929688,655.7000122070312,655.7000122070312,587.0
2022-04-22,665.4500122070312,685.0999755859375,654.0499877929688,666.6500244140625,666.6500244140625,2772.0
2022-04-25,666.7000122070312,666.7000122070312,641.0,647.7999877929688,647.7999877929688,1109.0
2022-04-26,657.1500244140625,666.4500122070312,622.2999877929688,637.0499877929688,637.0499877929688,663.0
2022-04-27,643.9500122070312,643.9500122070312,600.0,615.8499755859375,615.8499755859375,965.0
2022-04-28,625.0499877929688,730.0,575.0999755859375,638.4500122070312,638.4500122070312,24472.0
2022-04-29,647.9500122070312,699.0,606.7999877929688,628.0499877929688,628.0499877929688,7753.0
2022-05-02,637.0,669.0,632.2999877929688,657.0499877929688,657.0499877929688,3135.0
2022-05-04,657.0499877929688,657.0499877929688,621.5,627.7000122070312,627.7000122070312,1419.0
2022-05-05,637.0499877929688,649.8499755859375,623.75,629.0499877929688,629.0499877929688,1300.0
2022-05-06,615.0,617.3499755859375,608.0499877929688,614.75,614.75,457.0
2022-05-09,606.4000244140625,620.3499755859375,601.0,608.25,608.25,401.0
2022-05-10,616.0,616.25,560.0999755859375,564.4000244140625,564.4000244140625,2208.0
2022-05-11,572.7000122070312,595.75,561.0,587.75,587.75,2033.0
2022-05-12,581.0,581.0,551.0999755859375,552.0,552.0,2071.0
2022-05-13,560.25,648.9000244140625,560.0,584.25,584.25,3101.0
2022-05-16,610.8499755859375,610.8499755859375,550.0,557.0,557.0,1218.0
2022-05-17,565.0,584.9500122070312,565.0,576.9500122070312,576.9500122070312,491.0
2022-05-18,585.0,591.9500122070312,571.0,577.4000244140625,577.4000244140625,506.0
2022-05-19,560.1500244140625,583.0999755859375,533.7000122070312,574.9000244140625,574.9000244140625,480.0
2022-05-20,583.0,583.4500122070312,568.8499755859375,575.75,575.75,63.0
2022-05-23,575.75,575.75,560.1500244140625,561.0499877929688,561.0499877929688,550.0
2022-05-24,550.4000244140625,588.7999877929688,550.4000244140625,568.1500244140625,568.1500244140625,661.0
2022-05-25,562.0,573.0,561.9000244140625,562.0,562.0,282.0
2022-05-26,561.0,570.3499755859375,551.3499755859375,563.2999877929688,563.2999877929688,352.0
2022-05-27,560.0,598.0,546.5,582.4500122070312,582.4500122070312,2070.0
2022-05-30,569.7999877929688,589.9500122070312,568.25,586.0,586.0,28.0
2022-05-31,572.2000122070312,620.0,572.0,608.4500122070312,608.4500122070312,1714.0
2022-06-01,602.2999877929688,615.5499877929688,600.4500122070312,603.0999755859375,603.0999755859375,718.0
2022-06-02,601.4000244140625,601.7000122070312,585.25,592.7999877929688,592.7999877929688,165.0
2022-06-03,601.6500244140625,601.6500244140625,576.9000244140625,583.2999877929688,583.2999877929688,72.0
2022-06-06,583.2999877929688,588.7000122070312,563.0499877929688,566.2999877929688,566.2999877929688,77.0
2022-06-07,574.75,575.9500122070312,555.0,574.75,574.75,254.0
2022-06-08,562.0,578.0999755859375,556.0499877929688,560.0,560.0,639.0
2022-06-09,553.0499877929688,564.9500122070312,552.0,557.9000244140625,557.9000244140625,290.0
2022-06-10,569.0499877929688,575.0,560.0,568.0,568.0,463.0
2022-06-13,553.0,570.7999877929688,534.0,546.5999755859375,546.5999755859375,644.0
2022-06-14,542.25,567.4000244140625,542.0,551.5999755859375,551.5999755859375,638.0
2022-06-15,559.8499755859375,570.0,559.8499755859375,564.0999755859375,564.0999755859375,134.0
2022-06-16,561.5999755859375,561.5999755859375,535.0,535.25,535.25,189.0
2022-06-17,539.8499755859375,560.0,536.0,536.0999755859375,536.0999755859375,164.0
2022-06-20,570.0,577.0,503.70001220703125,515.3499755859375,515.3499755859375,1696.0
2022-06-21,558.7000122070312,558.9500122070312,515.4000244140625,530.4000244140625,530.4000244140625,877.0
2022-06-22,545.0,554.9500122070312,516.0,521.8499755859375,521.8499755859375,384.0
2022-06-23,542.75,555.0,506.25,522.7999877929688,522.7999877929688,454.0
2022-06-24,530.2999877929688,539.0,529.0,529.0499877929688,529.0499877929688,42.0
2022-06-27,536.9500122070312,544.4000244140625,530.8499755859375,536.6500244140625,536.6500244140625,812.0
2022-06-28,536.9000244140625,556.3499755859375,536.6500244140625,553.0999755859375,553.0999755859375,205.0
2022-06-29,551.7000122070312,552.0,536.5499877929688,542.0499877929688,542.0499877929688,54.0
2022-06-30,549.2000122070312,550.0,541.0,549.6500244140625,549.6500244140625,39.0
2022-07-01,557.8499755859375,557.8499755859375,542.0,542.2999877929688,542.2999877929688,108.0
2022-07-04,550.3499755859375,550.3499755859375,531.0,544.2999877929688,544.2999877929688,74.0
2022-07-05,552.2000122070312,554.9500122070312,540.0,554.0,554.0,64.0
2022-07-06,545.25,559.75,525.0499877929688,534.9000244140625,534.9000244140625,125.0
2022-07-07,531.0,549.7999877929688,531.0,545.5999755859375,545.5999755859375,86.0
2022-07-08,532.7000122070312,560.0,532.5,556.2999877929688,556.2999877929688,384.0
2022-07-11,550.4500122070312,560.0,550.1500244140625,559.0,559.0,163.0
2022-07-12,545.0999755859375,558.75,545.0999755859375,557.0,557.0,9.0
2022-07-13,536.0999755859375,573.0,536.0999755859375,571.0999755859375,571.0999755859375,828.0
2022-07-14,566.5,587.0,565.9000244140625,570.9500122070312,570.9500122070312,446.0
2022-07-15,579.1500244140625,579.4500122070312,568.0,570.1500244140625,570.1500244140625,169.0
2022-07-18,553.3499755859375,578.6500244140625,553.0999755859375,570.0499877929688,570.0499877929688,94.0
2022-07-19,569.0,649.1500244140625,566.7000122070312,577.5,577.5,1153.0
2022-07-20,575.0,588.5,541.5,561.3499755859375,561.3499755859375,1197.0
2022-07-21,569.75,572.0,560.0,570.5999755859375,570.5999755859375,391.0
2022-07-22,558.25,569.2000122070312,558.0,569.2000122070312,569.2000122070312,11.0
2022-07-25,569.2000122070312,577.0,544.25,560.0,560.0,431.0
2022-07-26,568.0499877929688,640.8499755859375,559.0,598.0499877929688,598.0499877929688,1061.0
2022-07-27,598.2999877929688,598.2999877929688,580.4000244140625,585.4000244140625,585.4000244140625,93.0
2022-07-28,572.5499877929688,587.0,570.0,587.0,587.0,71.0
2022-07-29,572.4000244140625,594.0,560.2999877929688,567.2000122070312,567.2000122070312,281.0
2022-08-01,568.25,573.5,553.0,563.0999755859375,563.0999755859375,589.0
2022-08-02,565.8499755859375,572.7000122070312,559.0999755859375,569.0,569.0,487.0
2022-08-03,572.0,572.0,563.7999877929688,564.0499877929688,564.0499877929688,46.0
2022-08-04,567.0,572.0,567.0,569.9500122070312,569.9500122070312,72.0
2022-08-05,568.5,578.4500122070312,568.5,578.0,578.0,25.0
2022-08-08,566.4500122070312,579.0,566.4500122070312,570.4500122070312,570.4500122070312,331.0
2022-08-10,578.9500122070312,578.9500122070312,562.5499877929688,569.7999877929688,569.7999877929688,25.0
2022-08-11,568.0,584.0,568.0,583.2000122070312,583.2000122070312,251.0
2022-08-12,570.0499877929688,582.75,550.5,556.2999877929688,556.2999877929688,298.0
2022-08-16,559.9500122070312,569.7999877929688,544.25,560.2999877929688,560.2999877929688,229.0
2022-08-17,568.6500244140625,644.2999877929688,568.6500244140625,604.6500244140625,604.6500244140625,10107.0
2022-08-18,611.0,611.0,590.0499877929688,591.0,591.0,207.0
2022-08-19,599.0,602.75,590.0499877929688,595.5999755859375,595.5999755859375,483.0
2022-08-22,595.5999755859375,600.0,581.0499877929688,590.0499877929688,590.0499877929688,237.0
2022-08-23,588.0,589.0,571.0999755859375,573.8499755859375,573.8499755859375,585.0
2022-08-24,576.0,578.0,570.0499877929688,573.5499877929688,573.5499877929688,658.0
2022-08-25,578.0,578.0,572.0999755859375,574.25,574.25,115.0
2022-08-26,570.5999755859375,581.0,570.0,579.9000244140625,579.9000244140625,704.0
2022-08-29,578.75,578.9500122070312,562.0,575.0,575.0,75.0
2022-08-30,574.7999877929688,585.0,574.0,575.75,575.75,290.0
2022-09-01,561.0999755859375,597.9500122070312,561.0999755859375,595.5999755859375,595.5999755859375,241.0
2022-09-02,580.75,595.0,575.0499877929688,582.7999877929688,582.7999877929688,236.0
2022-09-05,572.5499877929688,599.0,572.5499877929688,578.0499877929688,578.0499877929688,1698.0
2022-09-06,586.6500244140625,606.0,580.0,598.0,598.0,287.0
2022-09-07,606.9500122070312,606.9500122070312,579.5499877929688,588.2999877929688,588.2999877929688,280.0
2022-09-08,597.0499877929688,601.0,578.0,591.0,591.0,1529.0
2022-09-09,599.8499755859375,599.8499755859375,581.9500122070312,586.9000244140625,586.9000244140625,55.0
2022-09-12,576.0499877929688,600.0,576.0499877929688,591.0499877929688,591.0499877929688,363.0
2022-09-13,599.8499755859375,599.8499755859375,579.9500122070312,591.6500244140625,591.6500244140625,1584.0
2022-09-14,581.0999755859375,595.0,570.0499877929688,576.5,576.5,1445.0
2022-09-15,573.6500244140625,594.7999877929688,573.6500244140625,589.2000122070312,589.2000122070312,1091.0
2022-09-16,595.4000244140625,636.0,577.2999877929688,611.4000244140625,611.4000244140625,7860.0
2022-09-19,611.7000122070312,635.0,593.0,610.0,610.0,1883.0
2022-09-20,609.6500244140625,618.0,609.2999877929688,615.0,615.0,185.0
2022-09-21,624.1500244140625,624.1500244140625,604.0,610.1500244140625,610.1500244140625,865.0
2022-09-22,595.5,620.0,592.0499877929688,605.0999755859375,605.0999755859375,990.0
2022-09-23,614.1500244140625,614.1500244140625,603.0,603.0,603.0,326.0
2022-09-26,599.3499755859375,604.9500122070312,599.0,599.0999755859375,599.0999755859375,527.0
2022-09-27,599.4000244140625,604.75,598.0,601.0,601.0,1745.0
2022-09-28,604.75,610.9500122070312,562.5999755859375,605.5,605.5,437.0
2022-09-29,590.6500244140625,636.0,590.3499755859375,619.2999877929688,619.2999877929688,2705.0
2022-09-30,602.4000244140625,621.0,601.0,605.0999755859375,605.0999755859375,362.0
2022-10-03,604.7000122070312,605.0,591.0999755859375,600.0499877929688,600.0499877929688,716.0
2022-10-04,604.0,610.0,595.0,609.5,609.5,552.0
2022-10-06,600.9500122070312,648.0,600.5499877929688,618.6500244140625,618.6500244140625,634.0
2022-10-07,618.75,618.75,606.0,606.2000122070312,606.2000122070312,73.0
2022-10-10,606.2000122070312,610.0,601.5,604.3499755859375,604.3499755859375,70.0
2022-10-11,603.3499755859375,612.5999755859375,599.9500122070312,600.0,600.0,305.0
2022-10-12,596.0499877929688,596.0499877929688,595.0,595.0,595.0,419.0
2022-10-13,595.0499877929688,595.0499877929688,590.0,590.0999755859375,590.0999755859375,180.0
2022-10-14,590.5,595.0,590.0,590.2000122070312,590.2000122070312,117.0
2022-10-17,599.0499877929688,609.0,591.25,608.5,608.5,366.0
2022-10-18,615.0,645.0,598.25,613.4000244140625,613.4000244140625,278.0
2022-10-19,600.0999755859375,609.9000244140625,590.0,591.0,591.0,674.0
2022-10-20,599.7999877929688,599.8499755859375,590.0499877929688,592.5,592.5,74.0
2022-10-21,585.6500244140625,599.9500122070312,582.0499877929688,595.0,595.0,35.0
2022-10-24,591.4500122070312,603.0,591.4500122070312,595.3499755859375,595.3499755859375,14.0
2022-10-25,603.75,603.75,590.7000122070312,590.7000122070312,590.7000122070312,2.0
2022-10-27,592.25,598.9500122070312,590.0,590.9000244140625,590.9000244140625,94.0
2022-10-28,599.7000122070312,599.9500122070312,590.0,590.2999877929688,590.2999877929688,324.0
2022-10-31,590.2000122070312,594.9500122070312,590.0,590.0,590.0,119.0
2022-11-01,593.9000244140625,598.4500122070312,590.0,590.0,590.0,210.0
2022-11-02,590.1500244140625,599.0,590.0,598.4500122070312,598.4500122070312,99.0
2022-11-03,590.0499877929688,610.5,590.0499877929688,591.75,591.75,483.0
2022-11-04,591.9000244140625,599.9000244140625,590.0,590.7000122070312,590.7000122070312,381.0
2022-11-07,616.7000122070312,616.7000122070312,590.0,591.9500122070312,591.9500122070312,379.0
2022-11-09,599.9500122070312,600.6500244140625,590.0499877929688,591.9000244140625,591.9000244140625,213.0
2022-11-10,590.5999755859375,613.0,590.0499877929688,608.8499755859375,608.8499755859375,870.0
2022-11-11,628.0,640.0,600.5499877929688,610.25,610.25,514.0
2022-11-14,600.4500122070312,600.5499877929688,592.2000122070312,600.5499877929688,600.5499877929688,12.0
2022-11-15,600.5499877929688,600.5499877929688,600.0,600.0,600.0,15.0
2022-11-16,593.6500244140625,610.0,592.0,593.5999755859375,593.5999755859375,147.0
2022-11-17,590.2000122070312,600.0,590.0999755859375,599.5,599.5,259.0
2022-11-18,592.0,607.0,592.0,603.9500122070312,603.9500122070312,244.0
2022-11-21,612.9000244140625,615.9500122070312,591.0,597.25,597.25,295.0
2022-11-22,598.0,600.0,594.0499877929688,599.9500122070312,599.9500122070312,106.0
2022-11-23,608.8499755859375,608.8499755859375,590.1500244140625,592.1500244140625,592.1500244140625,617.0
2022-11-24,591.2000122070312,603.8499755859375,590.0499877929688,600.0,600.0,636.0
2022-11-25,592.4500122070312,602.75,592.0999755859375,593.4000244140625,593.4000244140625,851.0
2022-11-28,593.4000244140625,599.9500122070312,591.4500122070312,591.4500122070312,591.4500122070312,61.0
2022-11-29,591.0999755859375,597.9500122070312,591.0999755859375,593.75,593.75,161.0
2022-11-30,598.7999877929688,602.0,593.0499877929688,595.2999877929688,595.2999877929688,144.0
2022-12-01,580.5,624.9500122070312,580.5,606.0999755859375,606.0999755859375,707.0
2022-12-02,595.2000122070312,605.9500122070312,594.0499877929688,602.4500122070312,602.4500122070312,313.0
2022-12-05,617.0,617.0,588.0,599.5999755859375,599.5999755859375,5997.0
2022-12-06,597.8499755859375,605.0,594.9500122070312,595.0,595.0,709.0
2022-12-07,595.1500244140625,595.1500244140625,585.4000244140625,588.0499877929688,588.0499877929688,4230.0
2022-12-08,596.7999877929688,596.7999877929688,584.0,584.9500122070312,584.9500122070312,378.0
2022-12-09,580.5,591.7999877929688,579.0499877929688,580.0499877929688,580.0499877929688,138.0
2022-12-12,576.1500244140625,586.4500122070312,576.1500244140625,580.2000122070312,580.2000122070312,180.0
2022-12-13,588.6500244140625,589.9500122070312,572.6500244140625,575.5,575.5,459.0
2022-12-14,584.0499877929688,586.7999877929688,574.0499877929688,579.25,579.25,214.0
2022-12-15,576.25,585.0,574.9500122070312,577.2000122070312,577.2000122070312,602.0
2022-12-16,572.4000244140625,580.9500122070312,572.1500244140625,579.8499755859375,579.8499755859375,72.0
2022-12-19,565.25,584.4500122070312,565.25,571.7000122070312,571.7000122070312,247.0
2022-12-20,580.0,580.25,567.0499877929688,576.75,576.75,22.0
2022-12-21,588.25,588.25,560.1500244140625,560.5,560.5,635.0
2022-12-22,568.7999877929688,568.8499755859375,550.0,554.0499877929688,554.0499877929688,725.0
2022-12-23,550.0,559.0,515.0499877929688,515.2999877929688,515.2999877929688,744.0
2022-12-26,522.75,579.8499755859375,514.7999877929688,562.6500244140625,562.6500244140625,530.0
2022-12-27,550.5,569.9500122070312,547.0,550.5499877929688,550.5499877929688,156.0
2022-12-28,558.5999755859375,558.7000122070312,541.0,550.1500244140625,550.1500244140625,309.0
2022-12-29,550.1500244140625,550.1500244140625,540.0999755859375,541.75,541.75,41.0
2022-12-30,549.8499755859375,558.75,547.0499877929688,549.75,549.75,817.0
2023-01-02,552.25,559.0,545.75,554.0,554.0,828.0
2023-01-03,555.7000122070312,555.7000122070312,545.0499877929688,554.7999877929688,554.7999877929688,48.0
2023-01-04,553.9500122070312,553.9500122070312,550.0,551.0,551.0,57.0
2023-01-05,543.0,552.0,537.0499877929688,540.0,540.0,305.0
2023-01-06,548.0499877929688,550.7000122070312,540.2000122070312,544.0,544.0,122.0
2023-01-09,545.1500244140625,555.0,545.0,555.0,555.0,3802.0
2023-01-10,568.9000244140625,568.9000244140625,548.6500244140625,554.2999877929688,554.2999877929688,267.0
2023-01-11,548.4500122070312,548.4500122070312,548.0,548.0499877929688,548.0499877929688,169.0
2023-01-12,545.7000122070312,555.0,540.0999755859375,554.25,554.25,172.0
2023-01-13,547.0,552.9000244140625,547.0,552.9000244140625,552.9000244140625,34.0
2023-01-16,566.9500122070312,568.0,544.2000122070312,546.75,546.75,92.0
2023-01-17,549.9500122070312,554.9500122070312,549.75,550.0,550.0,1365.0
2023-01-18,550.0,556.5,541.25,546.1500244140625,546.1500244140625,63.0
2023-01-19,550.0499877929688,554.1500244140625,550.0,551.7000122070312,551.7000122070312,250.0
2023-01-20,551.7000122070312,557.4000244140625,542.5499877929688,555.5,555.5,144.0
2023-01-23,557.7999877929688,557.7999877929688,525.5,550.0,550.0,721.0
2023-01-24,550.2000122070312,554.8499755859375,550.0,550.0,550.0,137.0
2023-01-25,550.0499877929688,564.8499755859375,550.0499877929688,556.9500122070312,556.9500122070312,58.0
2023-01-27,542.9000244140625,563.0,542.8499755859375,543.9500122070312,543.9500122070312,106.0
2023-01-30,536.1500244140625,540.6500244140625,535.1500244140625,535.2000122070312,535.2000122070312,165.0
2023-01-31,527.0,542.4500122070312,527.0,539.9500122070312,539.9500122070312,72.0
2023-02-01,527.5,546.9500122070312,527.5,530.0499877929688,530.0499877929688,1430.0
2023-02-02,530.25,539.9500122070312,530.25,538.8499755859375,538.8499755859375,50.0
2023-02-03,530.5,539.0,530.5,535.0,535.0,52.0
2023-02-06,536.0499877929688,542.5,535.0499877929688,537.1500244140625,537.1500244140625,76.0
2023-02-07,539.5999755859375,544.3499755859375,535.0499877929688,543.5499877929688,543.5499877929688,137.0
2023-02-08,552.0,552.0,539.0,540.6500244140625,540.6500244140625,294.0
2023-02-09,532.5999755859375,549.7999877929688,532.4500122070312,544.75,544.75,203.0
2023-02-10,548.1500244140625,556.0,548.1500244140625,550.4500122070312,550.4500122070312,121.0
2023-02-13,540.6500244140625,540.6500244140625,510.54998779296875,522.0,522.0,792.0
2023-02-14,534.9000244140625,541.75,504.1000061035156,537.8499755859375,537.8499755859375,473.0
2023-02-15,540.5499877929688,540.5499877929688,513.7000122070312,521.2999877929688,521.2999877929688,573.0
2023-02-16,528.7999877929688,529.9000244140625,522.0,523.4000244140625,523.4000244140625,238.0
2023-02-17,515.3499755859375,529.7000122070312,515.0,529.5,529.5,66.0
2023-02-20,529.5,537.2999877929688,513.6500244140625,520.0999755859375,520.0999755859375,496.0
2023-02-21,521.2000122070312,521.2000122070312,513.5,515.2999877929688,515.2999877929688,86.0
2023-02-22,520.1500244140625,522.0,501.20001220703125,502.1000061035156,502.1000061035156,104.0
2023-02-23,510.0,513.9000244140625,503.1000061035156,507.95001220703125,507.95001220703125,136.0
2023-02-24,512.0,524.9500122070312,501.70001220703125,519.0,519.0,2214.0
2023-02-27,519.1500244140625,519.1500244140625,485.25,493.04998779296875,493.04998779296875,279.0
2023-02-28,499.0,507.79998779296875,493.5,505.25,505.25,538.0
2023-03-01,507.70001220703125,512.7000122070312,501.3999938964844,510.0,510.0,106.0
2023-03-02,509.5,529.9000244140625,494.75,524.6500244140625,524.6500244140625,1091.0
2023-03-03,515.4500122070312,529.8499755859375,511.0,522.2000122070312,522.2000122070312,150.0
2023-03-06,511.25,511.25,494.8500061035156,499.3999938964844,499.3999938964844,771.0
2023-03-08,506.8500061035156,510.0,488.0,492.95001220703125,492.95001220703125,1232.0
2023-03-09,500.25,509.45001220703125,492.0,498.20001220703125,498.20001220703125,611.0
2023-03-10,504.29998779296875,505.0,498.25,500.54998779296875,500.54998779296875,151.0
2023-03-13,500.54998779296875,504.0,492.5,500.45001220703125,500.45001220703125,142.0
2023-03-14,505.8500061035156,505.8500061035156,491.0,492.3999938964844,492.3999938964844,442.0
2023-03-15,499.25,499.25,495.1499938964844,497.04998779296875,497.04998779296875,39.0
2023-03-16,497.04998779296875,498.8500061035156,486.04998779296875,489.29998779296875,489.29998779296875,148.0
2023-03-17,495.8500061035156,504.95001220703125,495.79998779296875,502.45001220703125,502.45001220703125,197.0
2023-03-20,507.1000061035156,507.1000061035156,492.8999938964844,502.5,502.5,190.0
2023-03-21,499.75,503.3999938964844,499.75,503.3999938964844,503.3999938964844,71.0
2023-03-22,504.04998779296875,504.04998779296875,493.75,503.6499938964844,503.6499938964844,109.0
2023-03-23,511.1000061035156,511.1000061035156,505.0,505.29998779296875,505.29998779296875,112.0
2023-03-24,511.8500061035156,512.8499755859375,490.20001220703125,491.04998779296875,491.04998779296875,445.0
2023-03-27,495.0,507.0,495.0,503.6000061035156,503.6000061035156,255.0
2023-03-28,495.5,511.1499938964844,495.0,496.95001220703125,496.95001220703125,136.0
2023-03-29,504.3500061035156,504.3500061035156,491.04998779296875,494.29998779296875,494.29998779296875,261.0
2023-03-31,495.0,501.6499938964844,494.29998779296875,499.20001220703125,499.20001220703125,403.0
2023-04-03,505.70001220703125,529.0,496.25,506.70001220703125,506.70001220703125,202.0
2023-04-05,496.29998779296875,507.3999938964844,492.54998779296875,502.8500061035156,502.8500061035156,275.0
2023-04-06,505.0,539.8499755859375,499.5,519.0499877929688,519.0499877929688,480.0
2023-04-10,518.7999877929688,523.8499755859375,506.0,519.4500122070312,519.4500122070312,185.0
2023-04-11,522.9000244140625,529.0,509.0,527.8499755859375,527.8499755859375,113.0
2023-04-12,528.0499877929688,543.5999755859375,527.8499755859375,539.0,539.0,769.0
2023-04-13,527.0499877929688,544.7999877929688,527.0,539.4500122070312,539.4500122070312,43.0
2023-04-17,540.6500244140625,545.0,532.1500244140625,544.0999755859375,544.0999755859375,596.0
2023-04-18,594.0,652.9000244140625,561.0,596.75,596.75,95860.0
2023-04-19,599.0,599.0,552.7000122070312,570.0499877929688,570.0499877929688,4924.0
2023-04-20,565.0,579.0,542.7000122070312,548.4000244140625,548.4000244140625,2340.0
2023-04-21,538.9500122070312,547.6500244140625,525.0,541.9500122070312,541.9500122070312,1378.0
2023-04-24,542.25,553.0,534.4000244140625,545.25,545.25,1365.0
2023-04-25,536.0,560.0,536.0,542.2999877929688,542.2999877929688,4321.0
2023-04-26,539.9500122070312,545.9000244140625,525.1500244140625,530.8499755859375,530.8499755859375,1046.0
2023-04-27,528.0999755859375,533.6500244140625,520.0,523.2999877929688,523.2999877929688,496.0
2023-04-28,512.8499755859375,542.0,512.8499755859375,536.9500122070312,536.9500122070312,402.0
2023-05-02,537.0,544.9000244140625,530.1500244140625,537.25,537.25,321.0
2023-05-03,536.5999755859375,551.9500122070312,536.5999755859375,548.4500122070312,548.4500122070312,636.0
2023-05-04,541.0,553.75,537.0,549.9000244140625,549.9000244140625,272.0
2023-05-05,543.7000122070312,543.7000122070312,512.7999877929688,527.1500244140625,527.1500244140625,410.0
2023-05-08,535.0499877929688,538.0,522.0,526.5499877929688,526.5499877929688,606.0
2023-05-09,532.6500244140625,534.5499877929688,526.2000122070312,531.0999755859375,531.0999755859375,242.0
2023-05-10,537.5,544.3499755859375,535.5,542.5999755859375,542.5999755859375,603.0
2023-05-11,544.0,558.3499755859375,544.0,551.5999755859375,551.5999755859375,264.0
2023-05-12,549.8499755859375,550.0,540.0,542.5999755859375,542.5999755859375,257.0
2023-05-15,549.9000244140625,550.0,530.0,533.1500244140625,533.1500244140625,610.0
2023-05-16,522.0999755859375,539.9000244140625,522.0999755859375,530.6500244140625,530.6500244140625,336.0
2023-05-17,545.75,545.75,525.4500122070312,529.2000122070312,529.2000122070312,125.0
2023-05-18,531.0499877929688,539.0,530.0,530.4000244140625,530.4000244140625,146.0
2023-05-19,547.8499755859375,547.8499755859375,532.0999755859375,533.8499755859375,533.8499755859375,119.0
2023-05-22,531.0999755859375,545.0,531.0,537.0,537.0,105.0
2023-05-23,534.0,539.9500122070312,524.8499755859375,528.8499755859375,528.8499755859375,804.0
2023-05-24,525.2999877929688,538.0,525.0,528.2999877929688,528.2999877929688,26.0
2023-05-25,546.0,546.0,532.1500244140625,542.9000244140625,542.9000244140625,285.0
2023-05-26,548.0,548.0,528.3499755859375,545.25,545.25,50.0
2023-05-29,531.0,544.7000122070312,528.0499877929688,536.0,536.0,153.0
2023-05-30,533.5499877929688,544.0,531.0999755859375,539.0,539.0,207.0
2023-05-31,524.0499877929688,543.9500122070312,524.0499877929688,542.2000122070312,542.2000122070312,142.0
2023-06-01,525.9500122070312,543.5,525.9500122070312,530.0999755859375,530.0999755859375,283.0
2023-06-02,533.0999755859375,565.0,533.0999755859375,555.7999877929688,555.7999877929688,1431.0
2023-06-05,575.9000244140625,575.9000244140625,545.0,550.0999755859375,550.0999755859375,3277.0
2023-06-06,550.0999755859375,550.0999755859375,540.0499877929688,548.2000122070312,548.2000122070312,220.0
2023-06-07,551.7000122070312,556.0,546.0999755859375,553.5499877929688,553.5499877929688,479.0
2023-06-08,559.0,570.0,546.7999877929688,553.9500122070312,553.9500122070312,114.0
2023-06-09,550.0,594.7999877929688,550.0,575.5,575.5,7907.0
2023-06-12,584.0499877929688,587.1500244140625,573.0,575.9000244140625,575.9000244140625,662.0
2023-06-13,575.0,650.0,575.0,639.0499877929688,639.0499877929688,11714.0
2023-06-14,639.0499877929688,766.8499755859375,639.0,766.8499755859375,766.8499755859375,25193.0
2023-06-15,884.0,920.2000122070312,856.0,920.2000122070312,920.2000122070312,140742.0
2023-06-16,969.0,1012.2000122070312,961.0,996.5499877929688,996.5499877929688,113732.0
2023-06-19,1000.0,1009.0,946.75,995.8499755859375,995.8499755859375,12745.0
2023-06-20,972.2000122070312,999.0,946.0499877929688,960.6500244140625,960.6500244140625,3078.0
2023-06-21,954.0,975.0,912.6500244140625,971.7999877929688,971.7999877929688,6333.0
2023-06-22,966.0,970.0,925.0,931.8499755859375,931.8499755859375,2554.0
2023-06-23,886.0,904.0,886.0,887.1500244140625,887.1500244140625,3400.0
2023-06-26,843.0499877929688,884.0,843.0499877929688,857.8499755859375,857.8499755859375,717.0
2023-06-27,815.0,879.0,815.0,855.0,855.0,482.0
2023-06-28,850.0,870.0,819.0,835.5499877929688,835.5499877929688,713.0
2023-06-30,835.5499877929688,870.0,801.0499877929688,860.3499755859375,860.3499755859375,1434.0
2023-07-03,860.0,877.2999877929688,859.9500122070312,876.0999755859375,876.0999755859375,605.0
2023-07-04,876.0999755859375,890.0,835.0999755859375,838.2999877929688,838.2999877929688,361.0
2023-07-05,867.9500122070312,867.9500122070312,825.0,833.7000122070312,833.7000122070312,364.0
2023-07-06,848.0,870.0,821.0499877929688,845.0,845.0,303.0
2023-07-07,849.9500122070312,855.0,827.0499877929688,848.0999755859375,848.0999755859375,1488.0
2023-07-10,855.0,855.0,825.0,833.9000244140625,833.9000244140625,217.0
2023-07-11,810.0,850.0,810.0,849.0,849.0,391.0
2023-07-12,845.0,860.0,815.2000122070312,824.7999877929688,824.7999877929688,1219.0
2023-07-13,824.7999877929688,847.9500122070312,820.1500244140625,841.5,841.5,392.0
2023-07-14,840.0,883.5,825.0,834.9000244140625,834.9000244140625,826.0
2023-07-17,821.1500244140625,850.0,821.1500244140625,848.3499755859375,848.3499755859375,325.0
2023-07-18,848.3499755859375,848.3499755859375,820.0499877929688,839.7999877929688,839.7999877929688,321.0
2023-07-19,830.0,845.0,825.0,845.0,845.0,183.0
2023-07-20,859.9000244140625,859.9000244140625,825.0499877929688,846.8499755859375,846.8499755859375,103.0
2023-07-21,850.4500122070312,850.9500122070312,825.5,849.3499755859375,849.3499755859375,491.0
2023-07-24,839.9000244140625,845.0,826.0,840.5,840.5,261.0
2023-07-25,875.0,875.0,850.0,851.4500122070312,851.4500122070312,454.0
2023-07-26,850.0,865.0,830.0499877929688,840.0,840.0,322.0
2023-07-27,841.0,866.0,841.0,864.4500122070312,864.4500122070312,552.0
2023-07-28,864.4500122070312,870.0,840.0,868.5999755859375,868.5999755859375,280.0
2023-07-31,885.0,904.3499755859375,850.0,894.5,894.5,1037.0
2023-08-01,875.0,929.4500122070312,875.0,915.0,915.0,977.0
2023-08-02,935.0,955.0,906.0,911.0,911.0,596.0
2023-08-03,913.0,939.5,890.0,896.2999877929688,896.2999877929688,1065.0
2023-08-04,856.7000122070312,905.5,856.7000122070312,880.4000244140625,880.4000244140625,199.0
2023-08-07,917.0,917.0,890.0,905.9000244140625,905.9000244140625,227.0
2023-08-08,895.0,910.0,895.0,895.5499877929688,895.5499877929688,128.0
2023-08-09,895.5499877929688,940.2999877929688,895.0,940.2999877929688,940.2999877929688,927.0
2023-08-10,985.0,987.2999877929688,985.0,987.2999877929688,987.2999877929688,1712.0
2023-08-11,1036.6500244140625,1036.6500244140625,990.0,1016.5499877929688,1016.5499877929688,7997.0
2023-08-14,1017.0,1067.3499755859375,1000.0,1067.3499755859375,1067.3499755859375,7380.0
2023-08-16,1088.6500244140625,1088.6500244140625,1088.6500244140625,1088.6500244140625,1088.6500244140625,2268.0
2023-08-17,1110.4000244140625,1110.4000244140625,1110.4000244140625,1110.4000244140625,1110.4000244140625,2365.0
2023-08-18,1099.0,1132.5999755859375,1099.0,1099.0,1099.0,987.0
2023-08-21,1077.050048828125,1097.0,1077.050048828125,1077.050048828125,1077.050048828125,16.0
2023-08-22,1098.0,1098.550048828125,1056.0,1098.0,1098.0,842.0
2023-08-23,1105.0,1119.949951171875,1100.0,1105.0,1105.0,2567.0
2023-08-24,1106.0,1106.0,1105.0,1106.0,1106.0,125.0
2023-08-25,1115.0,1115.0,1106.0,1115.0,1115.0,122.0
2023-08-28,1136.699951171875,1137.0,1117.0,1136.699951171875,1136.699951171875,344.0
2023-08-29,1125.0,1130.0,1114.199951171875,1125.0,1125.0,178.0
2023-08-30,1102.5,1125.0,1102.5,1102.5,1102.5,35.0
2023-08-31,1103.0,1103.0,1081.0,1103.0,1103.0,684.0
2023-09-01,1124.0,1125.050048828125,1123.949951171875,1124.0,1124.0,498.0
2023-09-04,1140.0999755859375,1140.0999755859375,1124.0,1140.0999755859375,1140.0999755859375,385.0
2023-09-05,1160.0,1162.0,1141.0,1160.0,1160.0,183.0
2023-09-06,1149.0,1152.0,1149.0,1149.0,1149.0,202.0
2023-09-07,1150.0,1150.0,1149.0,1150.0,1150.0,417.0
2023-09-08,1150.0,1169.0,1150.0,1150.0,1150.0,302.0
2023-09-11,1130.0,1150.0,1130.0,1130.0,1130.0,925.0
2023-09-12,1107.4000244140625,1107.4000244140625,1107.4000244140625,1107.4000244140625,1107.4000244140625,26.0
2023-09-13,1085.75,1085.75,1085.25,1085.75,1085.75,23.0
2023-09-14,1064.050048828125,1064.050048828125,1064.050048828125,1064.050048828125,1064.050048828125,6.0
2023-09-15,1042.800048828125,1042.800048828125,1042.800048828125,1042.800048828125,1042.800048828125,49.0
2023-09-18,1021.9500122070312,1021.9500122070312,1021.9500122070312,1021.9500122070312,1021.9500122070312,562.0
2023-09-20,1001.5499877929688,1001.5499877929688,1001.5499877929688,1001.5499877929688,1001.5499877929688,527.0
2023-09-21,981.5499877929688,981.5499877929688,981.5499877929688,981.5499877929688,981.5499877929688,259.0
2023-09-22,963.0999755859375,963.0999755859375,961.9500122070312,963.0999755859375,963.0999755859375,137.0
2023-09-25,921.0999755859375,921.0999755859375,914.9500122070312,914.9500122070312,914.9500122070312,202.0
2023-09-26,914.9500122070312,914.9500122070312,870.0,891.1500244140625,891.1500244140625,228.0
2023-09-27,899.9000244140625,935.7000122070312,899.9000244140625,935.7000122070312,935.7000122070312,163.0
2023-09-28,941.0,950.0,911.5999755859375,911.5999755859375,911.5999755859375,115.0
2023-09-29,956.9000244140625,956.9000244140625,917.0,935.0,935.0,47.0
2023-10-03,939.3499755859375,981.75,923.0,981.75,981.75,801.0
2023-10-04,990.0,1030.800048828125,990.0,1023.5499877929688,1023.5499877929688,732.0
2023-10-05,1023.5499877929688,1050.0,1001.0,1025.050048828125,1025.050048828125,166.0
2023-10-06,1076.300048828125,1076.300048828125,1040.0,1070.1500244140625,1070.1500244140625,506.0
2023-10-09,1075.0,1075.0,1016.0,1023.7999877929688,1023.7999877929688,226.0
2023-10-10,1025.0,1025.0,991.0,1009.5999755859375,1009.5999755859375,537.0
2023-10-11,989.0,1101.300048828125,989.0,1094.1500244140625,1094.1500244140625,909.0
2023-10-12,1094.0,1124.949951171875,1090.0,1098.949951171875,1098.949951171875,431.0
2023-10-13,1127.449951171875,1127.449951171875,1069.8499755859375,1099.9000244140625,1099.9000244140625,201.0
2023-10-16,1140.0,1140.0,1000.0,1014.4000244140625,1014.4000244140625,846.0
2023-10-17,1039.800048828125,1083.949951171875,1005.0,1028.949951171875,1028.949951171875,1242.0
2023-10-18,1234.699951171875,1234.699951171875,1182.0,1234.699951171875,1234.699951171875,51380.0
2023-10-19,1268.0,1481.5999755859375,1267.0,1481.5999755859375,1481.5999755859375,97828.0
2023-10-20,1650.0,1744.0,1590.0,1682.199951171875,1682.199951171875,140142.0
2023-10-23,1650.0,1650.0,1514.0,1520.949951171875,1520.949951171875,11877.0
2023-10-25,1596.0,1660.050048828125,1530.0,1632.800048828125,1632.800048828125,19467.0
2023-10-26,1630.0,1630.0,1475.5,1527.8499755859375,1527.8499755859375,12028.0
2023-10-27,1544.800048828125,1584.0,1515.6500244140625,1547.0999755859375,1547.0999755859375,6010.0
2023-10-30,1585.800048828125,1620.1500244140625,1481.25,1551.6500244140625,1551.6500244140625,7489.0
2023-10-31,1566.0,1599.0,1532.050048828125,1544.699951171875,1544.699951171875,2796.0
2023-11-01,1550.050048828125,1595.0,1506.699951171875,1540.300048828125,1540.300048828125,1930.0
2023-11-02,1579.699951171875,1694.300048828125,1545.949951171875,1669.5,1669.5,7663.0
2023-11-03,1680.3499755859375,1836.449951171875,1680.3499755859375,1836.449951171875,1836.449951171875,26890.0
2023-11-06,1901.0,1999.0,1901.0,1934.800048828125,1934.800048828125,23671.0
2023-11-07,2018.0,2018.0,1850.0,1882.949951171875,1882.949951171875,2338.0
2023-11-08,1950.0,1950.0,1820.300048828125,1849.9000244140625,1849.9000244140625,1584.0
2023-11-09,1897.9000244140625,1897.9000244140625,1757.4000244140625,1757.4000244140625,1757.4000244140625,1882.0
2023-11-10,1671.050048828125,1724.949951171875,1669.550048828125,1669.550048828125,1669.550048828125,4425.0
2023-11-13,1610.0,1700.0,1560.0,1633.949951171875,1633.949951171875,1588.0
2023-11-15,1633.949951171875,1715.5999755859375,1633.949951171875,1715.5999755859375,1715.5999755859375,2559.0
2023-11-16,1750.0,1750.0,1680.0,1687.9000244140625,1687.9000244140625,825.0
2023-11-17,1720.0,1720.0,1680.0,1699.449951171875,1699.449951171875,392.0
2023-11-20,1699.449951171875,1699.449951171875,1614.5,1627.75,1627.75,1161.0
2023-11-21,1627.75,1628.75,1546.4000244140625,1551.5999755859375,1551.5999755859375,2057.0
2023-11-22,1570.0,1570.0,1474.050048828125,1475.800048828125,1475.800048828125,1499.0
2023-11-23,1488.0,1549.550048828125,1475.0,1548.5,1548.5,633.0
2023-11-24,1579.5,1625.9000244140625,1579.5,1621.8499755859375,1621.8499755859375,1522.0
2023-11-28,1650.0,1702.9000244140625,1622.0999755859375,1635.800048828125,1635.800048828125,413.0
2023-11-29,1625.0999755859375,1706.0,1555.0,1657.949951171875,1657.949951171875,1288.0
2023-11-30,1650.0,1663.0,1580.0,1596.449951171875,1596.449951171875,710.0
2023-12-01,1576.0,1676.25,1576.0,1660.25,1660.25,917.0
2023-12-04,1660.25,1704.0,1614.25,1643.199951171875,1643.199951171875,881.0
2023-12-05,1648.0,1690.0,1561.050048828125,1610.0,1610.0,1403.0
2023-12-06,1538.050048828125,1600.050048828125,1538.050048828125,1581.0,1581.0,741.0
2023-12-07,1541.449951171875,1633.0,1541.449951171875,1631.25,1631.25,1161.0
2023-12-08,1712.800048828125,1712.800048828125,1601.0,1620.0,1620.0,2785.0
2023-12-11,1621.0,1645.0,1621.0,1642.949951171875,1642.949951171875,703.0
2023-12-12,1656.0,1656.0,1641.0,1646.800048828125,1646.800048828125,427.0
2023-12-13,1646.0,1655.0,1564.5,1597.9000244140625,1597.9000244140625,3690.0
2023-12-14,1597.9000244140625,1634.949951171875,1518.0,1558.699951171875,1558.699951171875,2203.0
2023-12-15,1557.75,1600.0,1515.0,1584.25,1584.25,1880.0
2023-12-18,1663.449951171875,1663.449951171875,1551.1500244140625,1611.550048828125,1611.550048828125,974.0
2023-12-19,1550.0,1598.949951171875,1531.0,1531.0,1531.0,2778.0
2023-12-20,1539.0,1546.949951171875,1454.449951171875,1454.449951171875,1454.449951171875,2239.0
2023-12-21,1526.0,1526.0,1449.0,1498.0,1498.0,438.0
2023-12-22,1498.0,1525.0,1423.0999755859375,1458.5,1458.5,2156.0
2023-12-26,1460.0,1492.5,1390.6500244140625,1480.5999755859375,1480.5999755859375,1849.0
2023-12-27,1494.0,1530.0,1450.300048828125,1499.949951171875,1499.949951171875,728.0
2023-12-28,1527.0,1527.0,1469.949951171875,1492.050048828125,1492.050048828125,818.0
2023-12-29,1499.6500244140625,1517.0,1472.5,1472.5,1472.5,101.0
2024-01-01,1546.0,1546.0,1460.0,1479.0,1479.0,137.0
2024-01-02,1476.0,1500.0,1460.0,1471.0,1471.0,160.0
2024-01-03,1542.0,1542.0,1410.0,1525.0,1525.0,437.0
2024-01-04,1525.0,1600.0,1454.0,1549.75,1549.75,1838.0
2024-01-05,1560.0,1620.0,1500.0,1550.5999755859375,1550.5999755859375,5638.0
2024-01-08,1598.5999755859375,1605.0,1506.0999755859375,1516.0,1516.0,1184.0
2024-01-09,1475.0999755859375,1560.0,1475.0999755859375,1526.0,1526.0,1625.0
2024-01-10,1526.0,1585.0,1500.0,1550.75,1550.75,678.0
2024-01-11,1551.0,1600.0,1510.0,1570.0999755859375,1570.0999755859375,1425.0
2024-01-12,1572.0,1580.0,1511.5,1537.699951171875,1537.699951171875,1202.0
2024-01-15,1531.0,1537.0,1512.5,1528.699951171875,1528.699951171875,2263.0
2024-01-16,1528.699951171875,1544.0,1480.0,1491.25,1491.25,1903.0
2024-01-17,1421.0,1525.0,1421.0,1500.0,1500.0,2815.0
2024-01-18,1575.0,1575.0,1500.0,1513.0,1513.0,3324.0
2024-01-19,1513.050048828125,1575.8499755859375,1513.050048828125,1568.800048828125,1568.800048828125,771.0
2024-01-23,1533.300048828125,1571.9000244140625,1487.1500244140625,1506.5,1506.5,235.0
2024-01-24,1574.0,1574.199951171875,1505.0,1536.0999755859375,1536.0999755859375,147.0
2024-01-25,1540.0,1564.5,1500.0,1548.0,1548.0,256.0
2024-01-29,1568.949951171875,1569.0,1505.300048828125,1527.75,1527.75,627.0
2024-01-30,1548.0,1604.0999755859375,1505.0,1604.0999755859375,1604.0999755859375,2117.0
2024-01-31,1684.300048828125,1684.300048828125,1684.300048828125,1684.300048828125,1684.300048828125,394.0
2024-02-01,1768.0,1768.5,1768.0,1768.5,1768.5,1440.0
2024-02-02,1856.9000244140625,1856.9000244140625,1856.9000244140625,1856.9000244140625,1856.9000244140625,1249.0
2024-02-05,1869.0,1949.0,1766.6500244140625,1775.9000244140625,1775.9000244140625,10168.0
2024-02-06,1840.0,1840.0,1736.0,1759.949951171875,1759.949951171875,497.0
2024-02-07,1750.699951171875,1750.699951171875,1694.0,1735.5999755859375,1735.5999755859375,1140.0
2024-02-08,1796.5,1796.5999755859375,1710.050048828125,1727.949951171875,1727.949951171875,355.0
2024-02-09,1727.949951171875,1774.0,1672.699951171875,1734.5999755859375,1734.5999755859375,4303.0
2024-02-12,1728.050048828125,1749.25,1650.25,1670.050048828125,1670.050048828125,3175.0
2024-02-13,1645.0999755859375,1699.949951171875,1600.0,1663.449951171875,1663.449951171875,964.0
2024-02-14,1689.75,1720.0,1689.75,1704.75,1704.75,775.0
2024-02-15,1789.949951171875,1789.949951171875,1625.0,1642.0,1642.0,2573.0
2024-02-16,1640.0,1672.75,1610.0,1635.550048828125,1635.550048828125,2090.0
2024-02-19,1673.6500244140625,1700.0,1662.550048828125,1697.300048828125,1697.300048828125,312.0
2024-02-20,1705.0999755859375,1705.0999755859375,1635.050048828125,1658.300048828125,1658.300048828125,1107.0
2024-02-21,1660.75,1687.449951171875,1647.0,1650.1500244140625,1650.1500244140625,268.0
2024-02-22,1660.550048828125,1669.0,1645.0,1662.1500244140625,1662.1500244140625,200.0
2024-02-23,1630.3499755859375,1720.9000244140625,1630.0,1678.8499755859375,1678.8499755859375,523.0
2024-02-26,1720.0,1720.0,1647.0,1649.75,1649.75,698.0
2024-02-27,1663.75,1663.75,1610.699951171875,1623.550048828125,1623.550048828125,296.0
2024-02-28,1631.4000244140625,1656.0,1599.4000244140625,1625.550048828125,1625.550048828125,271.0
2024-02-29,1599.699951171875,1630.800048828125,1581.0,1590.75,1590.75,311.0
2024-03-01,1629.4000244140625,1630.0,1577.0,1605.8499755859375,1605.8499755859375,348.0
2024-03-04,1636.4000244140625,1636.4000244140625,1570.0,1591.9000244140625,1591.9000244140625,557.0
2024-03-05,1577.050048828125,1639.4000244140625,1553.0,1608.0,1608.0,1288.0
2024-03-06,1600.0,1625.0,1597.0,1601.4000244140625,1601.4000244140625,865.0
2024-03-07,1625.0,1679.800048828125,1601.5999755859375,1610.0,1610.0,622.0
2024-03-11,1610.0,1643.800048828125,1573.800048828125,1581.050048828125,1581.050048828125,1191.0
2024-03-12,1579.5,1579.949951171875,1502.050048828125,1504.949951171875,1504.949951171875,674.0
2024-03-13,1461.050048828125,1461.050048828125,1429.699951171875,1433.800048828125,1433.800048828125,442.0
2024-03-14,1399.550048828125,1505.449951171875,1393.0,1438.3499755859375,1438.3499755859375,1919.0
2024-03-15,1505.199951171875,1510.25,1392.550048828125,1418.0,1418.0,279.0
2024-03-18,1449.25,1469.0,1407.050048828125,1414.3499755859375,1414.3499755859375,727.0
2024-03-19,1414.25,1467.75,1397.5,1452.75,1452.75,511.0
2024-03-20,1381.199951171875,1450.0,1381.199951171875,1415.25,1415.25,300.0
2024-03-21,1435.449951171875,1485.0,1430.050048828125,1440.5999755859375,1440.5999755859375,397.0
2024-03-22,1385.1500244140625,1439.949951171875,1385.1500244140625,1412.75,1412.75,899.0
2024-03-26,1407.199951171875,1407.4000244140625,1352.3499755859375,1365.8499755859375,1365.8499755859375,1837.0
2024-03-27,1377.050048828125,1393.9000244140625,1333.25,1354.0999755859375,1354.0999755859375,2504.0
2024-03-28,1338.550048828125,1421.800048828125,1315.0,1421.800048828125,1421.800048828125,3297.0
2024-04-01,1492.0,1492.8499755859375,1492.0,1492.8499755859375,1492.8499755859375,1624.0
2024-04-02,1495.6500244140625,1567.449951171875,1495.6500244140625,1567.449951171875,1567.449951171875,1478.0
2024-04-03,1601.6500244140625,1640.0,1600.0,1628.75,1628.75,1024.0
2024-04-04,1700.0,1700.0,1605.0,1669.550048828125,1669.550048828125,1116.0
2024-04-05,1680.699951171875,1681.6500244140625,1618.0,1631.3499755859375,1631.3499755859375,860.0
2024-04-08,1700.0,1794.449951171875,1632.0,1729.25,1729.25,4344.0
2024-04-09,1730.0999755859375,1902.1500244140625,1730.0999755859375,1902.1500244140625,1902.1500244140625,5919.0
2024-04-10,1950.0,2092.35009765625,1950.0,2092.35009765625,2092.35009765625,2563.0
2024-04-12,2301.550048828125,2301.550048828125,1980.0,2301.550048828125,2301.550048828125,32943.0
2024-04-15,2367.0,2416.60009765625,2186.5,2416.60009765625,2416.60009765625,8852.0
2024-04-16,2449.0,2537.39990234375,2400.050048828125,2537.39990234375,2537.39990234375,6965.0
2024-04-18,2664.25,2664.25,2664.25,2664.25,2664.25,2406.0
2024-04-19,2759.699951171875,2768.0,2531.050048828125,2531.050048828125,2531.050048828125,11757.0
2024-04-22,2455.050048828125,2557.0,2404.5,2404.5,2404.5,2920.0
2024-04-23,2285.050048828125,2499.0,2284.300048828125,2433.89990234375,2433.89990234375,1590.0
2024-04-24,2430.0,2555.550048828125,2312.199951171875,2491.39990234375,2491.39990234375,5993.0
2024-04-25,2485.0,2485.0,2411.0,2426.75,2426.75,1134.0
2024-04-26,2481.0,2548.0,2375.0,2500.0,2500.0,1726.0
2024-04-29,2574.0,2624.0,2455.0,2512.949951171875,2512.949951171875,2778.0
2024-04-30,2512.949951171875,2550.0,2387.300048828125,2458.39990234375,2458.39990234375,3620.0
2024-05-02,2402.0,2490.0,2402.0,2430.0,2430.0,565.0
2024-05-03,2430.0,2469.89990234375,2400.0,2446.60009765625,2446.60009765625,307.0
2024-05-06,2375.0,2450.0,2324.300048828125,2355.0,2355.0,641.0
2024-05-07,2340.0,2440.0,2340.0,2430.5,2430.5,505.0
2024-05-08,2350.0,2415.0,2320.0,2410.25,2410.25,137.0
2024-05-09,2361.0,2400.0,2290.0,2307.5,2307.5,780.0
2024-05-10,2304.949951171875,2419.0,2261.10009765625,2392.89990234375,2392.89990234375,275.0
2024-05-13,2440.800048828125,2440.800048828125,2282.64990234375,2292.5,2292.5,966.0
2024-05-14,2299.949951171875,2381.0,2260.0,2320.39990234375,2320.39990234375,863.0
2024-05-15,2320.0,2384.699951171875,2280.050048828125,2329.550048828125,2329.550048828125,426.0
2024-05-16,2292.0,2350.0,2280.0,2303.949951171875,2303.949951171875,994.0
2024-05-17,2315.0,2383.0,2250.0,2281.0,2281.0,251.0
2024-05-21,2295.449951171875,2350.0,2219.75,2268.35009765625,2268.35009765625,684.0
2024-05-22,2266.85009765625,2266.85009765625,2203.10009765625,2230.0,2230.0,450.0
2024-05-23,2231.10009765625,2341.5,2230.0,2317.800048828125,2317.800048828125,579.0
2024-05-24,2342.0,2433.64990234375,2342.0,2433.64990234375,2433.64990234375,3958.0
2024-05-27,2500.0,2500.050048828125,2401.0,2425.0,2425.0,745.0
2024-05-28,2350.0,2450.0,2350.0,2448.949951171875,2448.949951171875,355.0
2024-05-29,2449.0,2460.0,2380.0,2380.5,2380.5,355.0
2024-05-30,2380.5,2400.0,2335.0,2395.0,2395.0,355.0
2024-05-31,2325.0,2389.050048828125,2275.25,2371.89990234375,2371.89990234375,401.0
2024-06-03,2371.89990234375,2371.89990234375,2295.0,2311.25,2311.25,418.0
2024-06-04,2201.10009765625,2257.0,2195.699951171875,2195.699951171875,2195.699951171875,529.0
2024-06-05,2193.949951171875,2235.800048828125,2085.949951171875,2194.60009765625,2194.60009765625,183.0
2024-06-06,2190.64990234375,2304.300048828125,2190.64990234375,2304.0,2304.0,343.0
2024-06-07,2375.0,2419.0,2289.0,2340.550048828125,2340.550048828125,804.0
2024-06-10,2340.550048828125,2400.0,2231.050048828125,2364.64990234375,2364.64990234375,642.0
2024-06-11,2364.64990234375,2401.0,2264.39990234375,2314.35009765625,2314.35009765625,311.0
2024-06-12,2399.0,2430.050048828125,2321.0,2350.10009765625,2350.10009765625,1637.0
2024-06-13,2350.10009765625,2390.0,2282.0,2303.35009765625,2303.35009765625,343.0
2024-06-14,2303.35009765625,2400.0,2265.10009765625,2301.0,2301.0,186.0
2024-06-18,2201.10009765625,2416.050048828125,2201.10009765625,2416.050048828125,2416.050048828125,2201.0
2024-06-19,2479.949951171875,2480.0,2400.0,2406.39990234375,2406.39990234375,116.0
2024-06-20,2450.0,2526.699951171875,2450.0,2526.699951171875,2526.699951171875,1473.0
2024-06-21,2653.0,2653.0,2653.0,2653.0,2653.0,1168.0
2024-06-24,2785.64990234375,2785.64990234375,2785.64990234375,2785.64990234375,2785.64990234375,1384.0
2024-06-25,2924.89990234375,2924.89990234375,2656.0,2850.449951171875,2850.449951171875,2093.0
2024-06-26,2950.0,2950.0,2797.89990234375,2809.10009765625,2809.10009765625,1391.0
2024-06-27,2785.0,2850.0,2675.0,2745.0,2745.0,280.0
2024-06-28,2745.0,2855.0,2616.0,2711.5,2711.5,345.0
2024-07-01,2711.5,2847.050048828125,2711.5,2728.300048828125,2728.300048828125,842.0
2024-07-02,2728.300048828125,2787.0,2641.0,2670.39990234375,2670.39990234375,243.0
2024-07-03,2650.0,2803.89990234375,2650.0,2803.89990234375,2803.89990234375,421.0
2024-07-04,2925.0,2944.050048828125,2925.0,2944.050048828125,2944.050048828125,1056.0
2024-07-05,3091.25,3091.25,3091.25,3091.25,3091.25,5192.0
2024-07-08,3245.800048828125,3245.800048828125,3245.0,3245.800048828125,3245.800048828125,3865.0
2024-07-09,3408.050048828125,3408.050048828125,3245.800048828125,3408.050048828125,3408.050048828125,10534.0
2024-07-10,3578.449951171875,3578.449951171875,3325.0,3577.300048828125,3577.300048828125,8936.0
2024-07-11,3700.0,3700.0,3500.050048828125,3537.85009765625,3537.85009765625,1566.0
2024-07-12,3537.85009765625,3714.699951171875,3360.949951171875,3609.050048828125,3609.050048828125,3368.0
2024-07-15,3608.0,3775.0,3490.0,3505.199951171875,3505.199951171875,779.0
2024-07-16,3680.0,3680.0,3500.0,3600.449951171875,3600.449951171875,935.0
2024-07-18,3600.0,3600.0,3420.449951171875,3420.449951171875,3420.449951171875,464.0
2024-07-19,3450.64990234375,3492.5,3249.449951171875,3249.449951171875,3249.449951171875,799.0
2024-07-22,3091.0,3183.39990234375,3087.0,3093.050048828125,3093.050048828125,934.0
2024-07-23,2950.0,3247.699951171875,2950.0,3233.39990234375,3233.39990234375,3603.0
2024-07-24,3230.0,3388.949951171875,3071.75,3328.25,3328.25,1189.0
2024-07-25,3328.550048828125,3464.0,3290.10009765625,3404.199951171875,3404.199951171875,1217.0
2024-07-26,3418.85009765625,3420.0,3261.0,3356.89990234375,3356.89990234375,506.0
2024-07-29,3356.89990234375,3509.0,3356.89990234375,3448.800048828125,3448.800048828125,1368.0
2024-07-30,3575.0,3575.0,3437.25,3478.64990234375,3478.64990234375,327.0
2024-07-31,3559.0,3561.550048828125,3396.050048828125,3451.5,3451.5,340.0
2024-08-01,3412.199951171875,3431.550048828125,3383.0,3426.0,3426.0,138.0
2024-08-02,3397.25,3400.0,3282.5,3375.14990234375,3375.14990234375,413.0
2024-08-05,3325.89990234375,3543.89990234375,3210.10009765625,3245.449951171875,3245.449951171875,4192.0
2024-08-06,3251.60009765625,3395.0,3172.449951171875,3247.199951171875,3247.199951171875,865.0
2024-08-07,3375.0,3375.0,3208.550048828125,3313.800048828125,3313.800048828125,73.0
2024-08-08,3296.699951171875,3316.449951171875,3210.0,3229.949951171875,3229.949951171875,138.0
2024-08-09,3300.0,3552.89990234375,3300.0,3552.89990234375,3552.89990234375,6817.0
2024-08-12,3550.050048828125,3720.0,3260.0,3670.699951171875,3670.699951171875,7190.0
2024-08-13,3769.949951171875,3937.949951171875,3623.949951171875,3756.60009765625,3756.60009765625,4715.0
2024-08-14,3970.0,3970.0,3699.949951171875,3846.949951171875,3846.949951171875,2140.0
2024-08-16,3846.949951171875,3926.449951171875,3771.0,3795.39990234375,3795.39990234375,1142.0
2024-08-19,3795.39990234375,3900.0,3694.85009765625,3763.949951171875,3763.949951171875,1108.0
2024-08-20,3760.5,3799.949951171875,3654.0,3784.60009765625,3784.60009765625,1107.0
2024-08-21,3784.60009765625,4085.25,3750.0,3822.199951171875,3822.199951171875,3756.0
2024-08-22,3823.85009765625,4026.0,3805.949951171875,3939.550048828125,3939.550048828125,4055.0
2024-08-23,3953.0,3989.85009765625,3770.0,3800.449951171875,3800.449951171875,1264.0
2024-08-26,4011.0,4011.0,3551.699951171875,3670.449951171875,3670.449951171875,4744.0
2024-08-27,3699.85009765625,3699.85009765625,3490.35009765625,3525.39990234375,3525.39990234375,1248.0
2024-08-28,3420.449951171875,3592.449951171875,3390.0,3460.300048828125,3460.300048828125,403.0
2024-08-29,3500.75,3509.89990234375,3351.0,3376.550048828125,3376.550048828125,1204.0
2024-08-30,3499.0,3499.0,3299.0,3324.550048828125,3324.550048828125,987.0
2024-09-02,3499.0,3499.0,3303.0,3320.300048828125,3320.300048828125,1056.0
2024-09-03,3319.550048828125,3387.85009765625,3283.0,3298.14990234375,3298.14990234375,1260.0
2024-09-04,3305.449951171875,3321.199951171875,3222.89990234375,3277.85009765625,3277.85009765625,1206.0
2024-09-05,3268.050048828125,3390.0,3268.050048828125,3323.449951171875,3323.449951171875,730.0
2024-09-06,3323.449951171875,3323.449951171875,3275.0,3289.300048828125,3289.300048828125,618.0
2024-09-09,3265.699951171875,3373.39990234375,3250.050048828125,3307.10009765625,3307.10009765625,635.0
2024-09-10,3348.800048828125,3359.949951171875,3178.10009765625,3241.699951171875,3241.699951171875,2102.0
2024-09-11,3120.0,3237.5,3111.10009765625,3130.800048828125,3130.800048828125,1206.0
2024-09-12,3107.60009765625,3182.10009765625,3090.14990234375,3094.0,3094.0,1485.0
2024-09-13,3119.0,3119.0,3069.949951171875,3099.0,3099.0,7726.0
2024-09-16,3120.949951171875,3130.050048828125,3000.14990234375,3019.5,3019.5,1347.0
2024-09-17,3001.0,3089.949951171875,2970.0,2982.199951171875,2982.199951171875,819.0
2024-09-18,3050.800048828125,3161.14990234375,2684.0,2745.5,2745.5,11883.0
2024-09-19,2805.0,3020.050048828125,2730.14990234375,2945.300048828125,2945.300048828125,6615.0
2024-09-20,2987.0,3199.85009765625,2987.0,3101.5,3101.5,3841.0
2024-09-23,3217.949951171875,3217.949951171875,3041.199951171875,3079.050048828125,3079.050048828125,1361.0
2024-09-24,3046.0,3047.699951171875,2950.0,2968.050048828125,2968.050048828125,945.0
2024-09-25,2900.0,2999.0,2882.0,2928.89990234375,2928.89990234375,3669.0
2024-09-26,2940.0,2979.949951171875,2855.85009765625,2892.39990234375,2892.39990234375,1040.0
2024-09-27,2907.800048828125,2924.949951171875,2685.35009765625,2849.14990234375,2849.14990234375,3736.0
2024-09-30,2875.949951171875,2884.35009765625,2743.0,2798.64990234375,2798.64990234375,2235.0
2024-10-01,2806.5,3078.5,2804.0,3078.5,3078.5,2570.0
2024-10-03,3051.0,3192.14990234375,2900.0,3046.5,3046.5,5252.0
2024-10-04,3086.89990234375,3144.0,2969.5,3090.60009765625,3090.60009765625,1597.0
2024-10-07,3098.699951171875,3139.39990234375,2806.89990234375,2850.5,2850.5,2324.0
2024-10-08,3040.0,3224.0,2951.0,3072.60009765625,3072.60009765625,3921.0
2024-10-09,3091.39990234375,3147.0,3001.0,3118.949951171875,3118.949951171875,1244.0
2024-10-10,3109.300048828125,3126.5,2900.0,2969.550048828125,2969.550048828125,1026.0
2024-10-11,2969.89990234375,3029.0,2969.89990234375,3000.35009765625,3000.35009765625,523.0
2024-10-14,2970.35009765625,3449.0,2970.35009765625,3271.35009765625,3271.35009765625,6928.0
2024-10-15,3349.0,3400.0,3211.0,3233.75,3233.75,1750.0
2024-10-16,3349.10009765625,3349.10009765625,3185.949951171875,3259.0,3259.0,551.0
2024-10-17,3258.050048828125,3258.050048828125,3162.60009765625,3193.050048828125,3193.050048828125,223.0
2024-10-18,3129.0,3218.0,3007.89990234375,3142.199951171875,3142.199951171875,1121.0
2024-10-21,3178.25,3185.89990234375,3050.0,3055.60009765625,3055.60009765625,331.0
2024-10-22,3000.050048828125,3071.800048828125,2856.050048828125,2862.25,2862.25,3141.0
2024-10-23,2860.0,3051.0,2806.0,2974.35009765625,2974.35009765625,1039.0
2024-10-24,3047.050048828125,3047.050048828125,2881.199951171875,2992.300048828125,2992.300048828125,2546.0
2024-10-25,3025.0,3089.550048828125,2905.050048828125,3005.550048828125,3005.550048828125,4179.0
2024-10-28,3074.199951171875,3254.949951171875,3024.050048828125,3149.35009765625,3149.35009765625,3013.0
2024-10-29,3156.35009765625,3205.0,3156.35009765625,3200.0,3200.0,571.0
2024-10-30,3150.0,3520.050048828125,3150.0,3455.35009765625,3455.35009765625,6005.0
2024-10-31,3515.0,3515.0,3395.0,3402.449951171875,3402.449951171875,1559.0
2024-11-01,3500.0,3500.0,3408.050048828125,3466.64990234375,3466.64990234375,255.0
2024-11-04,3450.0,3487.699951171875,3276.050048828125,3442.14990234375,3442.14990234375,1172.0
2024-11-05,3398.89990234375,3520.0,3398.89990234375,3497.35009765625,3497.35009765625,6844.0
2024-11-06,3454.199951171875,3632.75,3454.199951171875,3572.64990234375,3572.64990234375,7415.0
2024-11-07,3572.64990234375,3735.800048828125,3572.64990234375,3712.35009765625,3712.35009765625,6233.0
2024-11-08,3750.0,4149.89990234375,3365.0,3493.050048828125,3493.050048828125,45156.0
2024-11-11,3543.0,3599.0,3281.050048828125,3294.0,3294.0,4704.0
2024-11-12,3300.0,3300.0,2948.10009765625,2978.14990234375,2978.14990234375,14331.0
2024-11-13,2950.0,3000.0,2904.050048828125,2923.89990234375,2923.89990234375,2964.0
2024-11-14,2923.0,3000.0,2906.0,2971.949951171875,2971.949951171875,2644.0
2024-11-18,2971.949951171875,2971.949951171875,2939.949951171875,2947.35009765625,2947.35009765625,1645.0
2024-11-19,2950.0,3000.0,2865.25,2923.699951171875,2923.699951171875,1068.0
2024-11-21,2917.10009765625,2930.0,2735.14990234375,2777.89990234375,2777.89990234375,1078.0
2024-11-22,2899.0,2899.0,2650.050048828125,2682.60009765625,2682.60009765625,2952.0
2024-11-25,2800.0,2819.14990234375,2611.0,2656.199951171875,2656.199951171875,2292.0
2024-11-26,2685.10009765625,2717.89990234375,2650.0,2658.35009765625,2658.35009765625,652.0
2024-11-27,2680.0,2698.800048828125,2630.0,2676.25,2676.25,3533.0
2024-11-28,2699.0,2747.949951171875,2657.949951171875,2676.89990234375,2676.89990234375,1469.0
2024-11-29,2683.14990234375,2683.14990234375,2539.949951171875,2607.050048828125,2607.050048828125,1149.0
2024-12-02,2637.14990234375,2730.0,2601.0,2619.5,2619.5,818.0
2024-12-03,2631.89990234375,2780.050048828125,2620.0,2690.10009765625,2690.10009765625,3926.0
2024-12-04,2690.10009765625,2735.0,2675.0,2699.85009765625,2699.85009765625,1279.0
2024-12-05,2750.0,2750.0,2650.0,2687.14990234375,2687.14990234375,3477.0
2024-12-06,2606.0,2708.800048828125,2606.0,2694.949951171875,2694.949951171875,404.0
2024-12-09,2699.0,2740.0,2669.800048828125,2694.10009765625,2694.10009765625,1357.0
2024-12-10,2669.0,2714.300048828125,2652.699951171875,2661.85009765625,2661.85009765625,539.0
2024-12-11,2698.300048828125,2723.0,2650.0,2652.300048828125,2652.300048828125,1554.0
2024-12-12,2650.0,2690.0,2610.0,2615.10009765625,2615.10009765625,790.0
2024-12-13,2600.050048828125,2655.0,2599.199951171875,2644.35009765625,2644.35009765625,416.0
2024-12-16,2646.64990234375,2646.64990234375,2376.0,2444.050048828125,2444.050048828125,7363.0
2024-12-17,2519.85009765625,2588.550048828125,2461.60009765625,2532.550048828125,2532.550048828125,2061.0
2024-12-18,2498.85009765625,2597.699951171875,2450.0,2477.800048828125,2477.800048828125,779.0
2024-12-19,2455.300048828125,2559.35009765625,2455.300048828125,2528.0,2528.0,1005.0
2024-12-20,2541.300048828125,2570.5,2400.0,2443.699951171875,2443.699951171875,833.0
2024-12-23,2456.60009765625,2545.60009765625,2451.89990234375,2502.64990234375,2502.64990234375,700.0
2024-12-24,2486.550048828125,2509.0,2464.300048828125,2505.800048828125,2505.800048828125,339.0
2024-12-26,2491.10009765625,2539.0,2491.10009765625,2516.550048828125,2516.550048828125,596.0
2024-12-27,2496.949951171875,2528.89990234375,2475.050048828125,2479.10009765625,2479.10009765625,1503.0
2024-12-30,2486.25,2486.25,2460.0,2461.85009765625,2461.85009765625,1110.0
2024-12-31,2450.0,2495.0,2450.0,2481.35009765625,2481.35009765625,295.0
2025-01-01,2491.949951171875,2606.89990234375,2490.050048828125,2551.0,2551.0,653.0
2025-01-02,2559.10009765625,2569.10009765625,2528.0,2536.14990234375,2536.14990234375,231.0
2025-01-03,2535.25,2535.25,2501.0,2508.60009765625,2508.60009765625,4229.0
2025-01-06,2521.35009765625,2587.949951171875,2360.300048828125,2413.14990234375,2413.14990234375,476.0
2025-01-07,2418.699951171875,2559.25,2400.0,2470.60009765625,2470.60009765625,464.0
2025-01-08,2460.550048828125,2480.449951171875,2412.0,2442.25,2442.25,145.0
2025-01-09,2450.64990234375,2455.0,2434.64990234375,2442.25,2442.25,59.0
2025-01-10,2427.699951171875,2460.0,2333.0,2349.89990234375,2349.89990234375,662.0
2025-01-13,2326.39990234375,2358.39990234375,2299.0,2305.60009765625,2305.60009765625,307.0
2025-01-14,2311.14990234375,2313.0,2191.0,2216.199951171875,2216.199951171875,683.0
2025-01-15,2349.0,2349.949951171875,2238.60009765625,2294.300048828125,2294.300048828125,843.0
2025-01-16,2301.10009765625,2341.550048828125,2296.0,2338.64990234375,2338.64990234375,234.0
2025-01-17,2350.0,2441.35009765625,2350.0,2397.300048828125,2397.300048828125,381.0
2025-01-20,2434.699951171875,2448.89990234375,2358.75,2372.89990234375,2372.89990234375,455.0
2025-01-21,2384.300048828125,2450.0,2372.10009765625,2378.199951171875,2378.199951171875,339.0
2025-01-22,2380.550048828125,2383.0,2264.0,2281.800048828125,2281.800048828125,384.0
2025-01-23,2283.0,2368.0,2261.35009765625,2343.5,2343.5,329.0
2025-01-24,2355.60009765625,2360.89990234375,2282.0,2322.14990234375,2322.14990234375,134.0
2025-01-27,2334.39990234375,2334.39990234375,2189.949951171875,2239.5,2239.5,369.0
2025-01-28,2220.0,2440.85009765625,2220.0,2348.5,2348.5,577.0
2025-01-29,2360.89990234375,2389.89990234375,2220.0,2266.050048828125,2266.050048828125,1320.0
2025-01-30,2277.699951171875,2349.89990234375,2266.050048828125,2294.800048828125,2294.800048828125,387.0
2025-01-31,2303.75,2333.449951171875,2282.0,2300.25,2300.25,167.0
2025-02-01,2306.14990234375,2306.14990234375,1975.0,2097.0,2097.0,4715.0
2025-02-03,2097.0,2134.10009765625,1999.949951171875,2028.9000244140625,2028.9000244140625,859.0
2025-02-04,2080.0,2099.949951171875,1966.949951171875,1988.0999755859375,1988.0999755859375,1816.0
2025-02-05,2080.0,2080.0,2000.050048828125,2027.0,2027.0,2732.0
2025-02-06,2022.1500244140625,2060.0,1955.0,1995.25,1995.25,565.0
2025-02-07,2049.949951171875,2049.949951171875,1990.0,1998.9000244140625,1998.9000244140625,714.0
2025-02-10,1979.800048828125,2015.5,1867.199951171875,1907.800048828125,1907.800048828125,554.0
2025-02-11,1936.0,1946.5,1705.4000244140625,1797.0,1797.0,889.0
2025-02-12,1824.800048828125,1852.300048828125,1655.0,1680.0,1680.0,2729.0
2025-02-13,1990.0,1990.0,1605.6500244140625,1674.75,1674.75,10158.0
2025-02-14,1770.0,1776.0,1600.550048828125,1666.0999755859375,1666.0999755859375,3377.0
2025-02-17,1690.0,1699.800048828125,1608.800048828125,1676.25,1676.25,934.0
2025-02-18,1610.0999755859375,1700.0,1610.0999755859375,1692.050048828125,1692.050048828125,1716.0
2025-02-19,1747.300048828125,1747.300048828125,1655.0,1717.300048828125,1717.300048828125,409.0
2025-02-20,1767.300048828125,1803.1500244140625,1635.050048828125,1759.5,1759.5,784.0
2025-02-21,1819.949951171875,1819.949951171875,1708.199951171875,1766.5,1766.5,380.0
2025-02-24,1711.0,1749.9000244140625,1711.0,1737.5,1737.5,273.0
2025-02-25,1741.0,1741.0,1650.6500244140625,1653.550048828125,1653.550048828125,905.0
2025-02-27,1650.0,1680.0,1649.949951171875,1654.1500244140625,1654.1500244140625,168.0
2025-02-28,1600.0,1650.0,1572.0,1578.9000244140625,1578.9000244140625,365.0
2025-03-03,1505.5999755859375,1538.9000244140625,1499.949951171875,1522.699951171875,1522.699951171875,2091.0
2025-03-04,1515.0,1516.0,1446.5999755859375,1446.5999755859375,1446.5999755859375,1453.0
2025-03-05,1490.0,1510.0,1475.0,1509.550048828125,1509.550048828125,832.0
2025-03-06,1510.0,1585.0,1461.300048828125,1503.5,1503.5,859.0
2025-03-07,1550.0,1550.0,1503.0,1529.800048828125,1529.800048828125,2280.0
2025-03-10,1505.0,1540.0,1460.0,1539.949951171875,1539.949951171875,2785.0
2025-03-11,1539.9000244140625,1590.0,1505.0,1517.300048828125,1517.300048828125,1562.0
2025-03-12,1500.0,1530.0,1490.0,1519.699951171875,1519.699951171875,1233.0
2025-03-13,1528.949951171875,1530.0,1464.0,1471.3499755859375,1471.3499755859375,513.0
2025-03-17,1471.3499755859375,1500.0,1420.0,1443.0,1443.0,412.0
2025-03-18,1443.0,1443.0,1443.0,1443.0,1443.0,0.0
2025-03-19,1491.0,1505.0,1451.0,1498.3499755859375,1498.3499755859375,2322.0
2025-03-20,1505.0,1555.0,1498.3499755859375,1550.800048828125,1550.800048828125,2230.0
2025-03-21,1590.0,1628.0999755859375,1585.0,1619.3499755859375,1619.3499755859375,2464.0
2025-03-24,1699.0,1700.300048828125,1640.0,1700.300048828125,1700.300048828125,983.0
2025-03-25,1784.5,1785.300048828125,1702.0,1785.300048828125,1785.300048828125,1698.0
2025-03-26,1749.699951171875,1750.5,1749.5999755859375,1749.699951171875,1749.699951171875,484.0
2025-03-27,1714.699951171875,1740.0,1714.699951171875,1714.699951171875,1714.699951171875,128.0
2025-03-28,1680.4000244140625,1714.699951171875,1680.4000244140625,1680.4000244140625,1680.4000244140625,353.0
2025-04-01,1709.0,1711.0,1709.0,1709.0,1709.0,408.0
2025-04-02,1709.0,1710.0,1675.0,1709.0,1709.0,28.0
2025-04-03,1743.1500244140625,1743.1500244140625,1743.0,1743.1500244140625,1743.1500244140625,139.0
2025-04-04,1708.300048828125,1770.0,1708.300048828125,1708.300048828125,1708.300048828125,124.0
2025-04-07,1680.0,1699.0,1680.0,1680.0,1680.0,262.0
2025-04-08,1655.0,1675.0,1655.0,1655.0,1655.0,24.0
2025-04-09,1688.0,1688.0,1650.0,1688.0,1688.0,175.0
2025-04-11,1700.0,1700.0,1699.0,1700.0,1700.0,1699.0
2025-04-15,1733.0,1734.0,1729.0,1733.0,1733.0,706.0
2025-04-16,1760.0,1767.5999755859375,1760.0,1760.0,1760.0,122.0
2025-04-17,1795.199951171875,1795.199951171875,1795.199951171875,1795.199951171875,1795.199951171875,637.0
2025-04-21,1831.0999755859375,1831.0999755859375,1831.0,1831.0999755859375,1831.0999755859375,104.0
2025-04-22,1867.699951171875,1867.699951171875,1867.699951171875,1867.699951171875,1867.699951171875,255.0
2025-04-23,1897.0,1898.0,1867.699951171875,1897.0,1897.0,134.0
2025-04-24,1934.9000244140625,1934.9000244140625,1933.0,1934.9000244140625,1934.9000244140625,479.0
2025-04-25,1897.0,1934.9000244140625,1896.199951171875,1897.0,1897.0,41.0
2025-04-28,1859.0999755859375,1934.9000244140625,1859.0999755859375,1859.0999755859375,1859.0999755859375,140.0
2025-04-29,1896.199951171875,1896.199951171875,1896.199951171875,1896.199951171875,1896.199951171875,122.0
2025-04-30,1896.0,1934.0,1896.0,1896.0,1896.0,102.0
2025-05-02,1896.0,1933.9000244140625,1860.0999755859375,1860.0999755859375,1860.0999755859375,1.0
2025-05-05,1900.0,1933.9000244140625,1933.9000244140625,1933.9000244140625,1933.9000244140625,147.0
2025-05-06,1895.5,1972.0,1895.5,1895.5,1895.5,61.0
2025-05-07,1875.0,1933.4000244140625,1875.0,1875.0,1875.0,58.0
2025-05-08,1899.9000244140625,1912.5,1899.9000244140625,1899.9000244140625,1899.9000244140625,35.0
2025-05-09,1861.9000244140625,1861.9000244140625,1861.9000244140625,1861.9000244140625,1861.9000244140625,41.0
2025-05-12,1899.0999755859375,1899.0999755859375,1899.0,1899.0999755859375,1899.0999755859375,31.0
2025-05-13,1900.0,1937.0,1861.199951171875,1900.0,1900.0,98.0
2025-05-14,1900.0,1938.0,1862.0,1900.0,1900.0,622.0
2025-05-15,1931.0,1937.0,1931.0,1931.0,1931.0,47.0
2025-05-16,1964.0,1965.0,1931.0,1964.0,1964.0,125.0
2025-05-19,2003.199951171875,2003.199951171875,2000.0,2003.199951171875,2003.199951171875,354.0
2025-05-20,1991.0,2019.0,1991.0,1991.0,1991.0,995.0
2025-05-21,2019.0,2020.0,1992.0,2019.0,2019.0,105.0
2025-05-22,2000.0,2015.0,1981.0,2000.0,2000.0,71.0
2025-05-23,1970.0,2000.0,1961.0,1970.0,1970.0,176.0
2025-05-26,2060.0,2068.5,1968.5,2068.5,2068.5,16365.0
2025-05-27,2171.89990234375,2171.89990234375,2075.0,2156.0,2156.0,1744.0
2025-05-28,2199.0,2262.0,2116.0,2160.89990234375,2160.89990234375,484.0
2025-05-29,2177.0,2177.0,2052.89990234375,2148.300048828125,2148.300048828125,1275.0
2025-05-30,2100.0,2100.0,2050.0,2058.39990234375,2058.39990234375,496.0
2025-06-02,2057.0,2057.0,1970.0,2020.5,2020.5,332.0
2025-06-03,2020.5,2100.0,1962.5,2023.5999755859375,2023.5999755859375,491.0
2025-06-04,2003.4000244140625,2079.0,1950.0,1964.0,1964.0,570.0
2025-06-05,2060.0,2060.0,1930.0,2019.0,2019.0,1045.0
2025-06-06,2019.0,2035.0,2010.0,2031.5999755859375,2031.5999755859375,339.0
2025-06-09,2071.0,2201.0,2040.0,2122.800048828125,2122.800048828125,2258.0
2025-06-10,2110.0,2149.39990234375,2090.10009765625,2109.5,2109.5,1085.0
2025-06-11,2110.5,2148.39990234375,2108.10009765625,2117.60009765625,2117.60009765625,459.0
2025-06-12,2130.0,2130.0,2050.0,2086.800048828125,2086.800048828125,331.0
2025-06-13,1970.5,2063.699951171875,1970.0,1996.4000244140625,1996.4000244140625,231.0
2025-06-16,2015.0,2020.0,1981.0,1985.4000244140625,1985.4000244140625,128.0
2025-06-17,1996.4000244140625,2044.0,1875.0,1906.0999755859375,1906.0999755859375,1456.0
2025-06-18,1906.0999755859375,1944.0,1906.0999755859375,1926.300048828125,1926.300048828125,183.0
2025-06-19,1915.0999755859375,1944.0,1821.0,1857.0999755859375,1857.0999755859375,460.0
2025-06-20,1867.9000244140625,1895.800048828125,1846.5999755859375,1880.9000244140625,1880.9000244140625,443.0
2025-06-23,1820.5999755859375,1866.0999755859375,1765.0,1781.199951171875,1781.199951171875,1912.0
2025-06-24,1830.0,1855.0,1750.0,1768.5,1768.5,1193.0
2025-06-25,1799.0,1809.199951171875,1751.0,1793.699951171875,1793.699951171875,351.0
2025-06-26,1790.0,1890.0,1767.0999755859375,1859.0999755859375,1859.0999755859375,1093.0
2025-06-27,1940.0,1940.0,1756.0,1802.199951171875,1802.199951171875,1715.0
2025-06-30,1820.0,1822.0,1740.0,1761.300048828125,1761.300048828125,30057.0
2025-07-01,1770.0,1819.0999755859375,1770.0,1800.199951171875,1800.199951171875,7408.0
2025-07-02,1810.0,1870.0,1792.0,1796.300048828125,1796.300048828125,473.0
2025-07-03,1800.0,1819.9000244140625,1792.0,1798.800048828125,1798.800048828125,538.0
2025-07-04,1770.0,1820.0,1770.0,1803.5,1803.5,337.0
2025-07-07,1787.199951171875,1820.0,1761.0,1776.0999755859375,1776.0999755859375,1133.0
2025-07-08,1790.0,1790.0,1750.0,1752.0,1752.0,399.0
2025-07-09,1752.0,1810.0,1752.0,1763.300048828125,1763.300048828125,196.0
2025-07-10,1762.800048828125,1798.0,1760.0,1779.9000244140625,1779.9000244140625,256.0
2025-07-11,1740.0,1783.800048828125,1740.0,1766.300048828125,1766.300048828125,128.0
2025-07-14,1766.300048828125,1775.0,1716.199951171875,1757.9000244140625,1757.9000244140625,284.0
2025-07-15,1786.9000244140625,1788.0,1730.0,1777.199951171875,1777.199951171875,260.0
2025-07-16,1769.5,1798.0,1751.0,1773.9000244140625,1773.9000244140625,353.0
2025-07-17,1789.9000244140625,1840.0,1771.0,1794.9000244140625,1794.9000244140625,754.0
2025-07-18,1840.0,1840.0,1796.699951171875,1830.699951171875,1830.699951171875,985.0
2025-07-21,1800.4000244140625,1858.300048828125,1800.4000244140625,1822.0,1822.0,592.0
2025-07-22,1835.0,1840.5999755859375,1808.0,1829.5,1829.5,480.0
2025-07-23,1818.9000244140625,1825.300048828125,1808.0,1817.9000244140625,1817.9000244140625,148.0
2025-07-24,1840.0,1859.0999755859375,1797.699951171875,1823.0,1823.0,259.0
2025-07-25,1800.0,1835.0,1780.0,1787.800048828125,1787.800048828125,331.0
2025-07-28,1786.5999755859375,1819.9000244140625,1752.0,1772.9000244140625,1772.9000244140625,221.0
2025-07-29,1772.9000244140625,1817.800048828125,1751.0,1804.0,1804.0,170.0
2025-07-30,1808.9000244140625,1814.0,1785.5999755859375,1807.4000244140625,1807.4000244140625,106.0
2025-07-31,1761.0999755859375,2168.800048828125,1755.800048828125,1959.0999755859375,1959.0999755859375,75681.0
2025-08-01,1970.0,1984.800048828125,1742.300048828125,1753.9000244140625,1753.9000244140625,8515.0
2025-08-04,1750.0,1789.0,1701.0,1706.5,1706.5,2479.0
2025-08-05,1680.9000244140625,1800.0,1635.0,1664.9000244140625,1664.9000244140625,7522.0
2025-08-06,1650.9000244140625,1679.800048828125,1610.0999755859375,1631.5,1631.5,884.0
2025-08-07,1639.699951171875,1663.699951171875,1601.0,1630.199951171875,1630.199951171875,2656.0
2025-08-08,1647.4000244140625,1719.800048828125,1624.0999755859375,1648.4000244140625,1648.4000244140625,1784.0
2025-08-11,1649.4000244140625,1660.0999755859375,1582.300048828125,1621.199951171875,1621.199951171875,1577.0
2025-08-12,1609.9000244140625,1695.0,1608.4000244140625,1618.300048828125,1618.300048828125,1309.0
2025-08-13,1632.5,1651.4000244140625,1588.0999755859375,1606.199951171875,1606.199951171875,2359.0
2025-08-14,1684.0,1684.0,1620.9000244140625,1637.800048828125,1637.800048828125,1690.0
2025-08-18,1649.699951171875,1700.0,1632.199951171875,1690.4000244140625,1690.4000244140625,592.0
2025-08-19,1675.0,1760.0,1668.4000244140625,1734.800048828125,1734.800048828125,678.0
2025-08-20,1705.9000244140625,1945.0,1705.9000244140625,1835.4000244140625,1835.4000244140625,1689.0
2025-08-21,1840.0,1889.9000244140625,1760.0,1770.5,1770.5,582.0
2025-08-22,1784.0,1806.800048828125,1736.800048828125,1769.4000244140625,1769.4000244140625,1004.0
2025-08-25,1780.0,1810.0,1733.199951171875,1753.699951171875,1753.699951171875,557.0
2025-08-26,1740.0,1750.0,1690.0,1703.199951171875,1703.199951171875,652.0
2025-08-28,1709.0,1717.199951171875,1667.5999755859375,1690.4000244140625,1690.4000244140625,317.0
2025-08-29,1685.5,1719.9000244140625,1670.199951171875,1693.199951171875,1693.199951171875,571.0
2025-09-01,1699.699951171875,1775.0,1676.199951171875,1723.0999755859375,1723.0999755859375,1023.0
2025-09-02,1730.0,1775.0,1713.0,1718.199951171875,1718.199951171875,432.0
2025-09-03,1719.9000244140625,1774.0,1652.0999755859375,1709.300048828125,1709.300048828125,557.0
2025-09-04,1719.9000244140625,1739.5,1680.199951171875,1687.5,1687.5,214.0
2025-09-05,1699.300048828125,1775.0,1691.199951171875,1749.0,1749.0,841.0
2025-09-08,1722.5999755859375,1756.0999755859375,1720.0999755859375,1744.5999755859375,1744.5999755859375,812.0
2025-09-09,1749.9000244140625,1750.0,1708.0999755859375,1715.800048828125,1715.800048828125,274.0
2025-09-10,1724.9000244140625,1750.0,1691.0999755859375,1708.4000244140625,1708.4000244140625,1014.0
2025-09-11,1687.199951171875,1735.0,1630.0,1648.800048828125,1648.800048828125,1811.0
2025-09-12,1649.9000244140625,1698.9000244140625,1649.9000244140625,1656.0,1656.0,493.0
2025-09-15,1657.9000244140625,1690.0,1651.800048828125,1673.199951171875,1673.199951171875,395.0
2025-09-16,1670.199951171875,1682.9000244140625,1662.0,1669.199951171875,1669.199951171875,463.0
2025-09-17,1660.0,1700.0,1660.0,1696.5999755859375,1696.5999755859375,249.0
2025-09-18,1696.5999755859375,1709.0,1694.0,1701.699951171875,1701.699951171875,180.0
2025-09-19,1700.0,1707.9000244140625,1650.0999755859375,1671.9000244140625,1671.9000244140625,271.0
2025-09-22,1659.699951171875,1679.9000244140625,1649.5999755859375,1670.5,1670.5,446.0
2025-09-23,1670.0,1689.0999755859375,1655.5,1661.300048828125,1661.300048828125,67.0
2025-09-24,1661.300048828125,1719.0,1661.300048828125,1702.9000244140625,1702.9000244140625,320.0
2025-09-25,1710.0,1710.0,1650.0,1670.800048828125,1670.800048828125,156.0
2025-09-26,1650.0,1690.0999755859375,1650.0,1656.5999755859375,1656.5999755859375,549.0
2025-09-29,1685.5999755859375,1685.9000244140625,1659.800048828125,1665.0,1665.0,193.0
2025-09-30,1697.300048828125,1697.300048828125,1601.0,1635.0,1635.0,736.0
2025-10-01,1635.0,1680.0,1635.0,1656.4000244140625,1656.4000244140625,196.0
2025-10-03,1698.800048828125,1698.800048828125,1651.0,1655.0,1655.0,58.0
2025-10-06,1645.0999755859375,1985.4000244140625,1601.5,1726.0,1726.0,1637.0
2025-10-07,1756.800048828125,1756.800048828125,1722.5999755859375,1740.0999755859375,1740.0999755859375,687.0
2025-10-08,1691.0999755859375,1765.0,1690.0,1751.5999755859375,1751.5999755859375,638.0
2025-10-09,1751.5999755859375,1751.5999755859375,1702.0,1713.300048828125,1713.300048828125,12249.0
2025-10-10,1690.0999755859375,1758.5,1689.0,1745.9000244140625,1745.9000244140625,17102.0
2025-10-13,1790.0,1790.0,1706.0,1727.800048828125,1727.800048828125,315.0
2025-10-14,1749.0,1750.0,1709.0,1747.4000244140625,1747.4000244140625,515.0
2025-10-15,1738.5999755859375,1797.9000244140625,1705.199951171875,1757.199951171875,1757.199951171875,1264.0
2025-10-16,1706.0999755859375,1765.0,1698.699951171875,1740.0,1740.0,899.0
2025-10-17,1697.300048828125,1783.9000244140625,1697.300048828125,1708.5999755859375,1708.5999755859375,253.0
2025-10-20,1721.5,1768.300048828125,1712.9000244140625,1747.5,1747.5,77.0
2025-10-21,1755.0999755859375,1782.9000244140625,1750.0,1757.4000244140625,1757.4000244140625,62.0
2025-10-23,1799.9000244140625,1799.9000244140625,1705.0,1769.699951171875,1769.699951171875,273.0
2025-10-24,1770.0,1819.9000244140625,1731.5,1749.9000244140625,1749.9000244140625,811.0
2025-10-27,1799.0,1806.0999755859375,1750.0,1750.5,1750.5,232.0
2025-10-28,1750.5,1750.5,1712.0,1718.5999755859375,1718.5999755859375,232.0
2025-10-29,1745.0,1937.800048828125,1745.0,1830.300048828125,1830.300048828125,3616.0
2025-10-30,1899.0,1899.0,1773.0,1800.699951171875,1800.699951171875,521.0
2025-10-31,1799.9000244140625,1800.699951171875,1769.699951171875,1773.4000244140625,1773.4000244140625,363.0
2025-11-03,1848.0,1848.0,1735.0,1749.300048828125,1749.300048828125,585.0
2025-11-04,1798.800048828125,1798.800048828125,1719.0,1720.199951171875,1720.199951171875,375.0
2025-11-06,1749.0,1795.0,1686.0,1699.0999755859375,1699.0999755859375,840.0
2025-11-07,1748.9000244140625,1749.0,1655.5,1681.300048828125,1681.300048828125,461.0
2025-11-10,1698.9000244140625,1700.0999755859375,1655.0,1679.699951171875,1679.699951171875,641.0
2025-11-11,1748.9000244140625,1774.0,1616.0999755859375,1746.0,1746.0,1447.0
2025-11-12,1773.0,1827.0,1707.0999755859375,1718.199951171875,1718.199951171875,2135.0
2025-11-13,1737.0999755859375,1748.9000244140625,1700.0,1708.4000244140625,1708.4000244140625,359.0
2025-11-14,1690.0,1737.0,1690.0,1700.4000244140625,1700.4000244140625,168.0
2025-11-17,1676.0999755859375,1749.0,1676.0999755859375,1720.9000244140625,1720.9000244140625,366.0
2025-11-18,1720.9000244140625,1735.0,1680.0,1682.300048828125,1682.300048828125,125.0
2025-11-19,1690.800048828125,1719.0,1683.0,1684.800048828125,1684.800048828125,386.0
2025-11-20,1682.0999755859375,1730.0999755859375,1660.0,1697.300048828125,1697.300048828125,905.0
2025-11-21,1695.0,1719.9000244140625,1690.0,1698.0,1698.0,74.0
2025-11-24,1750.0,1750.0,1660.5999755859375,1671.199951171875,1671.199951171875,102.0
2025-11-25,1689.0,1798.0,1689.0,1701.5,1701.5,586.0
2025-11-26,1703.0999755859375,1797.0,1703.0999755859375,1785.5999755859375,1785.5999755859375,1706.0
2025-11-27,1752.0,1800.0,1749.9000244140625,1783.5999755859375,1783.5999755859375,1816.0
2025-11-28,1792.9000244140625,1800.0,1756.4000244140625,1759.5,1759.5,325.0
2025-12-01,1799.0,1800.0,1755.199951171875,1760.9000244140625,1760.9000244140625,1381.0
2025-12-02,1759.0,1760.0,1703.0,1707.0999755859375,1707.0999755859375,467.0
2025-12-03,1740.0,1744.9000244140625,1701.0,1704.4000244140625,1704.4000244140625,186.0
2025-12-04,1702.0,1760.0,1702.0,1712.199951171875,1712.199951171875,162.0
2025-12-05,1703.300048828125,1772.0,1700.0,1749.800048828125,1749.800048828125,664.0
2025-12-08,1749.800048828125,1749.800048828125,1673.5,1678.0999755859375,1678.0999755859375,706.0
2025-12-09,1672.0,1729.0,1662.0,1679.0,1679.0,110.0
2025-12-10,1698.0,1720.0,1685.0,1700.0,1700.0,415.0
2025-12-11,1748.300048828125,1760.0,1690.0999755859375,1726.0,1726.0,739.0
2025-12-12,1798.9000244140625,1798.9000244140625,1690.0999755859375,1704.199951171875,1704.199951171875,1647.0
2025-12-15,1745.0,1748.0,1695.0999755859375,1737.800048828125,1737.800048828125,1051.0
2025-12-16,1710.0,1810.0,1702.0999755859375,1713.800048828125,1713.800048828125,258.0
2025-12-17,1720.0,1720.0,1700.0,1700.300048828125,1700.300048828125,525.0
2025-12-18,1700.300048828125,1723.0,1700.0,1709.199951171875,1709.199951171875,45.0
2025-12-19,1749.9000244140625,1749.9000244140625,1700.0,1700.0,1700.0,144.0
2025-12-22,1700.300048828125,1740.0,1700.300048828125,1720.0,1720.0,172.0
2025-12-23,1711.4000244140625,1720.0,1701.5999755859375,1709.699951171875,1709.699951171875,577.0
2025-12-24,1750.0,1750.0,1707.0,1735.5999755859375,1735.5999755859375,1112.0
2025-12-26,1730.0,1735.0,1713.199951171875,1726.0,1726.0,959.0
2025-12-29,1716.0999755859375,1736.0,1682.199951171875,1705.9000244140625,1705.9000244140625,919.0
2025-12-30,1687.0999755859375,1729.800048828125,1687.0999755859375,1705.0,1705.0,111.0
2025-12-31,1706.300048828125,1710.300048828125,1705.0,1709.0,1709.0,253.0
2026-01-01,1710.0999755859375,1710.199951171875,1706.0,1706.5999755859375,1706.5999755859375,48.0
2026-01-02,1714.9000244140625,1729.9000244140625,1714.9000244140625,1723.0,1723.0,54.0
2026-01-05,1719.9000244140625,1750.0,1716.0999755859375,1734.5,1734.5,48.0
2026-01-06,1733.0,1740.0,1725.0,1728.9000244140625,1728.9000244140625,183.0
2026-01-07,1698.0999755859375,1744.699951171875,1698.0999755859375,1715.9000244140625,1715.9000244140625,244.0
2026-01-08,1661.0999755859375,1720.0,1661.0999755859375,1703.199951171875,1703.199951171875,158.0
2026-01-09,1701.5,1737.4000244140625,1700.0,1700.0999755859375,1700.0999755859375,501.0
2026-01-12,1685.0999755859375,1800.0,1676.0,1699.4000244140625,1699.4000244140625,466.0
2026-01-13,1611.0999755859375,1718.5,1611.0999755859375,1700.0,1700.0,137.0
2026-01-14,1700.0,1794.9000244140625,1680.5,1769.0999755859375,1769.0999755859375,131.0
2026-01-16,1750.0,1780.0,1730.0,1737.0999755859375,1737.0999755859375,456.0
2026-01-19,1630.5,1780.0,1630.5,1688.0,1688.0,759.0
2026-01-20,1701.0,1701.0,1650.0,1655.699951171875,1655.699951171875,412.0
2026-01-21,1652.0,1687.0,1600.0,1667.300048828125,1667.300048828125,566.0
2026-01-22,1714.9000244140625,1735.0,1714.9000244140625,1722.5,1722.5,57.0
2026-01-23,1734.9000244140625,1734.9000244140625,1605.0,1630.300048828125,1630.300048828125,2224.0
2026-01-27,1622.199951171875,1684.0,1622.199951171875,1649.0999755859375,1649.0999755859375,174.0
2026-01-28,1728.0,1728.0,1635.5,1665.5,1665.5,55.0
2026-01-29,1734.9000244140625,1734.9000244140625,1660.0,1665.800048828125,1665.800048828125,58.0
2026-01-30,1730.0,1730.0,1650.0,1696.5,1696.5,444.0
2026-02-02,1701.5,1702.0,1640.0,1654.699951171875,1654.699951171875,243.0
2026-02-03,1731.9000244140625,1735.0,1677.0999755859375,1689.4000244140625,1689.4000244140625,443.0
2026-02-04,1695.0,1710.0,1650.0,1667.4000244140625,1667.4000244140625,874.0
2026-02-05,1655.0999755859375,1699.9000244140625,1655.0999755859375,1698.9000244140625,1698.9000244140625,252.0
2026-02-06,1698.9000244140625,1735.0,1664.4000244140625,1696.4000244140625,1696.4000244140625,98.0
2026-02-09,1690.0,1717.0,1690.0,1711.4000244140625,1711.4000244140625,392.0
2026-02-10,1787.800048828125,1787.800048828125,1704.199951171875,1734.0,1734.0,249.0
2026-02-11,1765.0,1803.0,1690.0,1717.800048828125,1717.800048828125,6396.0
2026-02-12,1740.0,1740.0,1690.0,1700.0,1700.0,1104.0
2026-02-13,1690.300048828125,1750.0,1690.0,1701.5999755859375,1701.5999755859375,213.0
2026-02-16,1701.699951171875,1744.4000244140625,1701.5999755859375,1729.199951171875,1729.199951171875,151.0
2026-02-17,1729.199951171875,1744.0,1695.0,1700.300048828125,1700.300048828125,136.0
2026-02-18,1691.5999755859375,1699.0,1691.0,1695.199951171875,1695.199951171875,188.0
2026-02-19,1730.0,1730.0,1690.0,1698.4000244140625,1698.4000244140625,103.0
2026-02-20,1690.0,1698.4000244140625,1660.9000244140625,1682.800048828125,1682.800048828125,178.0
2026-02-23,1674.4000244140625,1699.800048828125,1661.5999755859375,1666.300048828125,1666.300048828125,100.0
2026-02-24,1670.0999755859375,1691.9000244140625,1576.699951171875,1667.0999755859375,1667.0999755859375,1180.0
2026-02-25,1677.0,1677.0,1626.300048828125,1641.800048828125,1641.800048828125,133.0
2026-02-26,1645.199951171875,1673.9000244140625,1645.0999755859375,1646.5,1646.5,74.0
2026-02-27,1646.5,1675.0,1633.0,1657.4000244140625,1657.4000244140625,319.0
2026-03-02,1535.0,1619.9000244140625,1535.0,1615.0,1615.0,218.0
2026-03-04,1553.0,1611.9000244140625,1553.0,1609.699951171875,1609.699951171875,343.0
2026-03-05,1688.0,1688.0,1609.9000244140625,1654.4000244140625,1654.4000244140625,141.0
2026-03-06,1654.4000244140625,1678.0,1654.4000244140625,1660.0,1660.0,6.0
2026-03-09,1601.0999755859375,1692.9000244140625,1536.0,1681.4000244140625,1681.4000244140625,324.0
2026-03-10,1681.699951171875,1681.699951171875,1650.0,1654.800048828125,1654.800048828125,14.0
2026-03-11,1611.0,1676.9000244140625,1611.0,1650.4000244140625,1650.4000244140625,132.0
2026-03-12,1615.0,1649.9000244140625,1578.5,1649.9000244140625,1649.9000244140625,1154.0
2026-03-13,1600.0,1625.0999755859375,1575.0,1580.0,1580.0,811.0
2026-03-16,1580.0,1582.0,1554.0,1576.5999755859375,1576.5999755859375,186.0
2026-03-17,1561.800048828125,1604.9000244140625,1561.0,1576.199951171875,1576.199951171875,205.0
2026-03-18,1606.9000244140625,1650.0,1570.5999755859375,1645.9000244140625,1645.9000244140625,268.0
2026-03-19,1625.0,1625.0,1584.0,1585.0,1585.0,55.0
2026-03-20,1620.0,1625.0,1560.0,1619.199951171875,1619.199951171875,326.0
2026-03-23,1560.0,1570.0999755859375,1545.0,1548.5,1548.5,809.0
2026-03-24,1548.5,1598.0,1525.0,1541.199951171875,1541.199951171875,292.0
2026-03-25,1549.9000244140625,1559.4000244140625,1515.0,1521.5,1521.5,425.0
2026-03-27,1521.5,1530.0,1450.0,1503.9000244140625,1503.9000244140625,1577.0
2026-03-30,1456.0,1526.9000244140625,1375.0,1407.4000244140625,1407.4000244140625,1531.0
2026-04-01,1407.199951171875,1500.0,1407.199951171875,1494.0999755859375,1494.0999755859375,207.0
2026-04-02,1460.0999755859375,1476.0,1452.5999755859375,1460.0,1460.0,662.0
2026-04-06,1499.800048828125,1550.0,1449.0,1514.0999755859375,1514.0999755859375,357.0
2026-04-07,1529.0999755859375,1549.9000244140625,1500.0,1515.0,1515.0,244.0
2026-04-08,1624.9000244140625,1624.9000244140625,1540.0,1556.199951171875,1556.199951171875,1133.0
2026-04-09,1589.9000244140625,1590.0,1531.0,1558.0,1558.0,1205.0
2026-04-10,1559.9000244140625,1610.0,1550.0,1557.5999755859375,1557.5999755859375,1026.0
2026-04-13,1549.800048828125,1558.9000244140625,1499.0,1556.5,1556.5,372.0
2026-04-15,1560.0,1625.0,1530.0999755859375,1553.5,1553.5,2578.0
2026-04-16,1559.9000244140625,1579.9000244140625,1553.5,1559.800048828125,1559.800048828125,482.0
2026-04-17,1559.9000244140625,1589.9000244140625,1553.699951171875,1559.5,1559.5,595.0
2026-04-20,1559.9000244140625,1588.5,1535.0,1535.5999755859375,1535.5999755859375,911.0
2026-04-21,1549.9000244140625,1559.800048828125,1512.199951171875,1558.9000244140625,1558.9000244140625,292.0
2026-04-22,1506.0,1620.0,1506.0,1554.300048828125,1554.300048828125,928.0
2026-04-23,1535.199951171875,1550.0,1533.0999755859375,1539.0,1539.0,57.0
2026-04-24,1533.0999755859375,1569.4000244140625,1515.0,1532.800048828125,1532.800048828125,187.0
2026-04-27,1535.0,1585.0,1535.0,1557.5,1557.5,94.0
2026-04-28,1569.9000244140625,1618.9000244140625,1569.9000244140625,1600.0,1600.0,611.0
2026-04-29,1599.0,1651.0,1599.0,1619.300048828125,1619.300048828125,843.0
2026-04-30,1613.9000244140625,1655.0,1581.300048828125,1651.0999755859375,1651.0999755859375,866.0
2026-05-04,1695.0,1698.0,1606.0,1656.5999755859375,1656.5999755859375,1168.0
2026-05-05,1674.9000244140625,1760.0,1615.0,1727.800048828125,1727.800048828125,2009.0
2026-05-06,1749.9000244140625,1818.9000244140625,1712.0,1801.199951171875,1801.199951171875,3040.0
2026-05-07,1812.300048828125,1812.300048828125,1774.9000244140625,1795.4000244140625,1795.4000244140625,778.0
2026-05-08,1792.0,1792.0,1754.0,1763.800048828125,1763.800048828125,272.0
2026-05-11,1765.0,1765.0,1715.199951171875,1732.0,1732.0,102.0
2026-05-12,1718.0999755859375,1755.0,1661.0,1675.5999755859375,1675.5999755859375,900.0
2026-05-13,1699.0,1699.300048828125,1649.800048828125,1677.800048828125,1677.800048828125,325.0
2026-05-14,1677.9000244140625,1697.0,1655.0,1671.0,1671.0,195.0
2026-05-15,1699.0,1720.0,1658.0,1666.0,1666.0,88.0
2026-05-18,1780.0,1780.0,1622.0,1658.699951171875,1658.699951171875,173.0
2026-05-19,1633.0,1732.800048828125,1633.0,1679.5,1679.5,191.0
2026-05-20,1694.0,1694.0,1654.5999755859375,1666.4000244140625,1666.4000244140625,112.0
2026-05-21,1666.4000244140625,1689.9000244140625,1620.0,1658.0,1658.0,191.0
2026-05-22,1690.0,1775.0,1690.0,1747.0,1747.0,294.0
2026-05-25,1755.0,1755.0,1666.0,1704.5999755859375,1704.5999755859375,126.0
2026-05-26,1764.300048828125,1764.300048828125,1670.0999755859375,1722.9000244140625,1722.9000244140625,454.0
2026-05-27,1688.4000244140625,1760.0,1672.199951171875,1696.199951171875,1696.199951171875,515.0
2026-05-28,1696.199951171875,1696.199951171875,1696.199951171875,1696.199951171875,1696.199951171875,0.0
2026-05-29,1748.0,1809.0,1690.0,1698.9000244140625,1698.9000244140625,618.0
2026-06-01,1700.0999755859375,1739.0,1675.0,1675.0999755859375,1675.0999755859375,263.0
2026-06-02,1662.300048828125,1698.9000244140625,1662.300048828125,1687.0999755859375,1687.0999755859375,142.0
2026-06-03,1686.0,1721.0,1670.0,1670.0,1670.0,128.0
2026-06-04,1699.0,1710.0,1684.0,1700.0,1700.0,73.0
2026-06-05,1688.0,1877.0,1687.0,1822.699951171875,1822.699951171875,1586.0
2026-06-08,1766.0,1852.0,1766.0,1804.0,1804.0,1603.0
2026-06-09,1867.0999755859375,1930.0,1810.0,1828.699951171875,1828.699951171875,725.0
2026-06-10,1880.0,1880.0,1777.0,1824.4000244140625,1824.4000244140625,676.0
2026-06-11,1855.0,1855.0,1799.0,1829.199951171875,1829.199951171875,706.0
2026-06-12,1829.199951171875,1849.800048828125,1800.0,1842.5999755859375,1842.5999755859375,283.0
2026-06-15,1899.9000244140625,1899.9000244140625,1765.0999755859375,1834.5999755859375,1834.5999755859375,3807.0
2026-06-16,1830.800048828125,1841.9000244140625,1785.0,1828.199951171875,1828.199951171875,441.0
2026-06-17,1849.0,1849.0,1810.0,1812.699951171875,1812.699951171875,435.0
2026-06-18,1874.0,1874.0,1811.5999755859375,1849.699951171875,1849.699951171875,662.0
2026-06-19,1875.0,1875.0,1836.0,1839.800048828125,1839.800048828125,217.0
2026-06-22,1840.0,1863.9000244140625,1840.0,1840.0,1840.0,904.0
2026-06-23,1813.300048828125,1868.9000244140625,1813.0,1819.5999755859375,1819.5999755859375,92.0
2026-06-24,1878.0,1878.0,1785.0,1821.0,1821.0,1474.0
2026-06-25,1765.0999755859375,1820.0,1765.0999755859375,1787.5,1787.5,233.0
2026-06-26,1787.5,1787.5,1787.5,1787.5,1787.5,0.0
2026-06-29,1790.0,1790.0,1711.0,1747.0,1747.0,406.0
2026-06-30,1782.0,1782.0,1739.9000244140625,1750.0,1750.0,634.0
2026-07-01,1750.0,1773.9000244140625,1725.0,1733.5,1733.5,160.0
2026-07-02,1733.5999755859375,1744.9000244140625,1689.0,1714.9000244140625,1714.9000244140625,702.0
2026-07-03,1714.300048828125,1733.4000244140625,1700.0,1715.0,1715.0,156.0
2026-07-06,1715.4000244140625,1738.0,1700.0,1704.4000244140625,1704.4000244140625,184.0
2026-07-07,1711.699951171875,1712.800048828125,1704.5,1711.0,1711.0,13.0
2026-07-08,1686.699951171875,1748.800048828125,1684.800048828125,1737.9000244140625,1737.9000244140625,66.0
2026-07-09,1737.9000244140625,1740.0,1723.0,1725.0,1725.0,82.0
2026-07-10,1675.199951171875,1809.9000244140625,1675.199951171875,1798.9000244140625,1798.9000244140625,964.0
2026-07-13,1800.0,1800.0,1708.699951171875,1780.0,1780.0,70.0
2026-07-14,1795.0,1795.0,1727.0999755859375,1761.4000244140625,1761.4000244140625,33.0
2026-07-15,1795.0,1795.0,1655.0,1695.4000244140625,1695.4000244140625,1375.0
2026-07-16,1698.0,1700.0,1676.0999755859375,1678.5,1678.5,117.0
2026-07-17,1662.0999755859375,1736.699951171875,1656.0,1674.199951171875,1674.199951171875,216.0
2026-07-20,1656.800048828125,1700.0,1656.800048828125,1699.800048828125,1699.800048828125,237.0
2026-07-21,1699.800048828125,1700.0,1666.0999755859375,1683.5999755859375,1683.5999755859375,165.0
2026-07-22,1683.5999755859375,1699.5999755859375,1664.0,1680.0,1680.0,341.0
2026-07-23,1670.0,1698.0,1635.0,1685.0,1685.0,942.0
2026-07-24,1685.0,1685.0,1620.0999755859375,1640.699951171875,1640.699951171875,907.0
2026-07-27,1640.699951171875,1675.0,1600.0,1609.5999755859375,1609.5999755859375,1299.0
2026-07-28,1612.5999755859375,1648.9000244140625,1612.5,1625.800048828125,1625.800048828125,38.0
2026-07-29,1655.0,1655.0,1592.0999755859375,1632.800048828125,1632.800048828125,132.0
2026-07-30,1650.0,1650.0,1600.0,1610.5999755859375,1610.5999755859375,432.0
2026-07-31,1630.0,1650.0999755859375,1614.0,1630.800048828125,1630.800048828125,603.0
2026-08-03,1622.9000244140625,1685.0,1622.9000244140625,1660.199951171875,1660.199951171875,963.0
2026-08-04,1701.0,1701.0,1626.0,1649.9000244140625,1649.9000244140625,327.0
2026-08-05,1679.800048828125,1696.9000244140625,1646.0,1646.800048828125,1646.800048828125,126.0
2026-08-06,1627.300048828125,1655.0,1624.0,1629.699951171875,1629.699951171875,75.0
2026-08-07,1653.0,1655.0,1620.0,1628.699951171875,1628.699951171875,569.0
2026-08-10,1628.699951171875,1655.4000244140625,1620.300048828125,1651.5,1651.5,961.0
2026-08-11,1651.5,1659.9000244140625,1640.0,1655.300048828125,1655.300048828125,1205.0
2026-08-12,1656.300048828125,1679.0,1635.0,1638.300048828125,1638.300048828125,885.0
2026-08-13,1635.0,1650.0,1635.0,1636.4000244140625,1636.4000244140625,834.0
2026-08-14,1640.0,1640.0,1600.0,1609.0999755859375,1609.0999755859375,332.0
2026-08-17,1584.0999755859375,1628.5,1584.0,1607.9000244140625,1607.9000244140625,587.0
2026-08-18,1619.0,1619.0,1602.0,1609.199951171875,1609.199951171875,134.0
2026-08-19,1628.9000244140625,1628.9000244140625,1601.0,1604.0,1604.0,89.0
2026-08-20,1628.0,1628.0,1610.0,1610.199951171875,1610.199951171875,238.0
2026-08-21,1623.9000244140625,1623.9000244140625,1605.300048828125,1606.5,1606.5,74.0
2026-08-24,1620.0,1629.0,1572.0,1601.0,1601.0,459.0
2026-08-25,1622.0,1622.0,1590.0,1596.0999755859375,1596.0999755859375,592.0
2026-08-26,1596.0999755859375,1610.0,1572.0,1580.0,1580.0,991.0
2026-08-27,1609.800048828125,1609.800048828125,1585.0,1599.800048828125,1599.800048828125,171.0
2026-08-28,1606.9000244140625,1606.9000244140625,1580.0999755859375,1597.9000244140625,1597.9000244140625,160.0
2026-08-31,1569.0,1582.0,1503.800048828125,1524.699951171875,1524.699951171875,1073.0
2026-09-01,1558.9000244140625,1564.9000244140625,1505.5,1550.0,1550.0,692.0
2026-09-02,1568.0,1600.0,1510.0999755859375,1593.300048828125,1593.300048828125,26045.0
2026-09-03,1560.0,1609.9000244140625,1560.0,1600.0,1600.0,597.0
2026-09-04,1622.0,1622.0,1582.0,1610.9000244140625,1610.9000244140625,154.0
2026-09-08,1550.0,1584.0,1550.0,1551.699951171875,1551.699951171875,508.0
2026-09-09,1579.5,1600.0,1562.0,1588.800048828125,1588.800048828125,229.0
2026-09-10,1570.4000244140625,1572.199951171875,1550.0,1556.300048828125,1556.300048828125,114.0
2026-09-11,1540.800048828125,1591.800048828125,1540.800048828125,1584.800048828125,1584.800048828125,248.0
2026-09-15,1589.800048828125,1599.0,1551.0,1554.0,1554.0,423.0
