date,open,high,low,close,adjclose,volume
2021-09-15,3810.0,4031.0,3806.25,4018.300048828125,3911.003662109375,562912.0
2021-09-16,4036.89990234375,4119.7998046875,3958.0,4043.25,3935.28759765625,225926.0
2021-09-17,4049.699951171875,4179.64990234375,3900.0,3962.89990234375,3857.0830078125,266974.0
2021-09-20,3948.0,3948.0,3869.0,3899.699951171875,3795.570556640625,90582.0
2021-09-21,3901.14990234375,3936.85009765625,3769.550048828125,3864.85009765625,3761.6513671875,102715.0
2021-09-22,3900.10009765625,3933.0,3863.050048828125,3877.14990234375,3773.622802734375,39787.0
2021-09-23,3938.0,3957.0,3867.5,3905.25,3800.972412109375,91881.0
2021-09-24,3930.0,3937.60009765625,3832.0,3844.050048828125,3741.40673828125,63278.0
2021-09-27,3900.0,3900.0,3822.10009765625,3846.14990234375,3743.450439453125,53962.0
2021-09-28,3880.0,3885.0,3649.5,3677.60009765625,3579.4013671875,219342.0
2021-09-29,3677.60009765625,3765.199951171875,3604.300048828125,3714.75,3615.55908203125,203786.0
2021-09-30,3677.64990234375,3760.050048828125,3672.0,3719.89990234375,3620.571533203125,168438.0
2021-10-01,3724.0,3763.949951171875,3704.0,3727.60009765625,3628.066162109375,64900.0
2021-10-04,3760.0,3930.0,3705.050048828125,3878.25,3774.693359375,216740.0
2021-10-05,3884.0,4050.0,3851.699951171875,4030.550048828125,3922.9267578125,302291.0
2021-10-06,4033.0,4072.0,3880.0,3897.39990234375,3793.33203125,134071.0
2021-10-07,3929.0,3973.85009765625,3861.25,3882.60009765625,3778.92724609375,121557.0
2021-10-08,3904.89990234375,3905.60009765625,3823.60009765625,3850.0,3747.19775390625,80001.0
2021-10-11,3889.699951171875,3924.60009765625,3786.050048828125,3809.60009765625,3707.87646484375,127777.0
2021-10-12,3838.75,3850.0,3780.0,3789.14990234375,3687.97265625,71424.0
2021-10-13,3799.89990234375,3811.85009765625,3737.0,3779.39990234375,3678.482666015625,122941.0
2021-10-14,3801.949951171875,3819.89990234375,3765.0,3780.5,3679.553466796875,93229.0
2021-10-18,3809.89990234375,3819.949951171875,3733.699951171875,3749.199951171875,3649.089111328125,86911.0
2021-10-19,3709.199951171875,3808.75,3703.10009765625,3737.300048828125,3637.507080078125,76696.0
2021-10-20,3737.0,3737.0,3511.35009765625,3543.10009765625,3448.49267578125,201532.0
2021-10-21,3580.0,3720.0,3335.449951171875,3621.949951171875,3525.23681640625,487252.0
2021-10-22,3608.89990234375,3725.0,3580.64990234375,3693.949951171875,3595.314453125,192338.0
2021-10-25,3680.0,3752.0,3312.14990234375,3726.39990234375,3626.89794921875,997538.0
2021-10-26,3755.0,3780.0,3512.5,3560.300048828125,3465.2333984375,372705.0
2021-10-27,3590.0,3613.199951171875,3488.0,3521.949951171875,3427.906982421875,186998.0
2021-10-28,3530.0,3644.949951171875,3465.550048828125,3593.39990234375,3497.44921875,141206.0
2021-10-29,3599.85009765625,3749.0,3552.949951171875,3700.199951171875,3601.397705078125,254944.0
2021-11-01,3700.0,3725.0,3643.5,3681.64990234375,3583.343017578125,227937.0
2021-11-02,3651.0,3709.0,3651.0,3698.449951171875,3599.6943359375,47493.0
2021-11-03,3700.0,3718.39990234375,3669.050048828125,3699.75,3600.95947265625,92491.0
2021-11-04,3725.0,3730.0,3650.0,3676.050048828125,3577.892578125,9741.0
2021-11-08,3639.75,3690.0,3609.89990234375,3657.0,3559.351318359375,118570.0
2021-11-09,3719.89990234375,3719.89990234375,3591.050048828125,3624.25,3527.475830078125,194358.0
2021-11-10,3599.0,3614.449951171875,3564.050048828125,3601.35009765625,3505.187255859375,95213.0
2021-11-11,3586.0,3598.0,3530.0,3551.14990234375,3456.32763671875,129447.0
2021-11-12,3552.0,3583.0,3425.0,3449.75,3357.63525390625,145918.0
2021-11-15,3459.85009765625,3680.0,3449.75,3627.75,3530.882080078125,406972.0
2021-11-16,3611.0,3615.25,3492.35009765625,3502.39990234375,3408.879150390625,115986.0
2021-11-17,3502.39990234375,3544.949951171875,3476.0,3491.199951171875,3397.978271484375,57343.0
2021-11-18,3491.199951171875,3514.85009765625,3393.449951171875,3418.449951171875,3327.1708984375,94710.0
2021-11-22,3449.949951171875,3588.0,3355.0,3540.449951171875,3445.9130859375,345690.0
2021-11-23,3451.449951171875,3548.0,3442.0,3526.0,3431.84912109375,105354.0
2021-11-24,3544.25,3565.550048828125,3441.0,3509.89990234375,3416.178955078125,221157.0
2021-11-25,3509.949951171875,3556.0,3501.5,3548.550048828125,3453.797119140625,130067.0
2021-11-26,3538.550048828125,3575.0,3476.199951171875,3504.85009765625,3411.263916015625,310470.0
2021-11-29,3477.64990234375,3636.0,3425.0,3607.5,3511.173095703125,598989.0
2021-11-30,3648.050048828125,3685.0,3533.85009765625,3585.35009765625,3489.614501953125,231762.0
2021-12-01,3610.0,3652.0,3575.050048828125,3620.60009765625,3523.92333984375,150808.0
2021-12-02,3645.0,3662.0,3571.050048828125,3636.39990234375,3539.30126953125,232241.0
2021-12-03,3644.0,3679.0,3521.10009765625,3649.300048828125,3551.85693359375,150780.0
2021-12-06,3660.0,3660.39990234375,3539.949951171875,3560.75,3465.671142578125,95288.0
2021-12-07,3588.0,3588.0,3515.0,3556.25,3461.291259765625,137961.0
2021-12-08,3569.949951171875,3587.10009765625,3505.0,3520.89990234375,3426.885009765625,212718.0
2021-12-09,3511.0,3610.75,3511.0,3578.75,3483.190673828125,145618.0
2021-12-10,3593.89990234375,3619.85009765625,3561.300048828125,3600.5,3504.35986328125,45382.0
2021-12-13,3610.0,3612.0,3515.550048828125,3554.199951171875,3459.296142578125,75632.0
2021-12-14,3590.0,3647.800048828125,3560.050048828125,3634.699951171875,3537.646728515625,204683.0
2021-12-15,3616.0,3629.5,3525.0,3540.89990234375,3446.35107421875,53908.0
2021-12-16,3560.0,3737.0,3492.0,3626.0,3529.178955078125,145498.0
2021-12-17,3650.0,3669.0,3527.0,3649.699951171875,3552.24609375,129045.0
2021-12-20,3605.949951171875,3773.949951171875,3566.25,3642.35009765625,3545.092529296875,331375.0
2021-12-21,3654.75,3723.0,3610.0,3698.14990234375,3599.402099609375,145869.0
2021-12-22,3704.0,3765.14990234375,3668.449951171875,3751.050048828125,3650.889892578125,295437.0
2021-12-23,3789.0,3919.0,3777.0,3864.60009765625,3761.407958984375,640189.0
2021-12-24,3865.0,3918.300048828125,3800.0,3893.85009765625,3789.876953125,177571.0
2021-12-27,3874.89990234375,3910.0,3834.0,3895.64990234375,3791.628662109375,132071.0
2021-12-28,3895.64990234375,3940.0,3858.75,3875.10009765625,3771.627685546875,106118.0
2021-12-29,3875.0,3926.550048828125,3845.0,3901.89990234375,3797.711669921875,68440.0
2021-12-30,3898.699951171875,3961.0,3850.0,3873.60009765625,3770.167724609375,198060.0
2021-12-31,3873.0,3906.0,3831.0,3864.550048828125,3761.359375,89895.0
2022-01-03,3845.0,3894.25,3841.14990234375,3851.300048828125,3748.463134765625,67056.0
2022-01-04,3867.0,3935.0,3863.14990234375,3885.550048828125,3781.798583984375,62410.0
2022-01-05,3915.0,3991.0,3892.050048828125,3941.800048828125,3836.546630859375,189457.0
2022-01-06,3941.800048828125,4062.949951171875,3904.60009765625,3981.050048828125,3874.74853515625,400366.0
2022-01-07,3954.0,3954.949951171875,3901.0,3914.85009765625,3810.316162109375,75598.0
2022-01-10,3915.0,3930.949951171875,3802.0,3862.39990234375,3759.266357421875,83636.0
2022-01-11,3849.0,3907.0,3745.0,3766.050048828125,3665.489501953125,215939.0
2022-01-12,3799.699951171875,3799.699951171875,3676.0,3714.300048828125,3615.121337890625,142022.0
2022-01-13,3715.050048828125,3775.10009765625,3715.050048828125,3749.800048828125,3649.67333984375,252742.0
2022-01-14,3745.0,3760.0,3707.0,3723.85009765625,3624.416259765625,75581.0
2022-01-17,3718.0,3725.64990234375,3686.0,3697.35009765625,3598.623779296875,176311.0
2022-01-18,3699.199951171875,3717.0,3660.0,3675.5,3577.357421875,95323.0
2022-01-19,3682.5,3698.199951171875,3604.25,3679.949951171875,3581.688232421875,115797.0
2022-01-20,3679.949951171875,3679.949951171875,3610.0,3634.199951171875,3537.159912109375,113576.0
2022-01-21,3610.0,3636.050048828125,3555.0,3568.10009765625,3472.824951171875,140396.0
2022-01-24,3545.0,3545.0,3246.0,3304.0,3215.777099609375,417558.0
2022-01-25,3304.0,3429.949951171875,3270.0,3397.10009765625,3306.39111328125,322575.0
2022-01-27,3390.0,3475.0,3242.14990234375,3379.25,3289.017578125,293369.0
2022-01-28,3409.85009765625,3431.85009765625,3285.0,3321.949951171875,3233.24755859375,288308.0
2022-01-31,3320.0,3450.0,3266.5,3428.14990234375,3336.61181640625,615917.0
2022-02-01,3410.0,3534.0,3365.0,3512.949951171875,3419.147705078125,287792.0
2022-02-02,3520.0,3521.89990234375,3455.050048828125,3474.35009765625,3381.578369140625,110862.0
2022-02-03,3491.0,3597.0,3439.60009765625,3579.5,3483.920654296875,148365.0
2022-02-04,3598.0,3598.0,3500.0,3513.949951171875,3420.120849609375,77655.0
2022-02-07,3506.0,3541.199951171875,3414.199951171875,3483.14990234375,3390.143310546875,69246.0
2022-02-08,3476.85009765625,3500.0,3373.35009765625,3467.35009765625,3374.76513671875,85739.0
2022-02-09,3435.800048828125,3598.0,3435.800048828125,3533.800048828125,3439.44091796875,114116.0
2022-02-10,3549.0,3549.0,3430.0,3454.64990234375,3362.404296875,193850.0
2022-02-11,3439.949951171875,3594.699951171875,3413.39990234375,3543.14990234375,3448.541259765625,200387.0
2022-02-14,3498.0,3575.0,3450.0,3507.5,3413.84326171875,481100.0
2022-02-15,3450.0,3489.75,3348.050048828125,3411.35009765625,3320.260498046875,215866.0
2022-02-16,3439.949951171875,3452.39990234375,3362.0,3412.75,3321.623291015625,113057.0
2022-02-17,3415.550048828125,3478.0,3369.949951171875,3383.199951171875,3292.862060546875,64700.0
2022-02-18,3380.199951171875,3380.199951171875,3190.0,3217.5,3131.586669921875,389707.0
2022-02-21,3211.0,3279.35009765625,3120.0,3252.89990234375,3166.041259765625,246962.0
2022-02-22,3189.89990234375,3349.0,3163.699951171875,3246.10009765625,3159.423095703125,247161.0
2022-02-23,3280.0,3400.0,3270.39990234375,3356.10009765625,3266.48583984375,190246.0
2022-02-24,3279.60009765625,3330.0,3202.0,3296.14990234375,3208.13623046875,149508.0
2022-02-25,3296.0,3381.0,3277.0,3316.050048828125,3227.505126953125,96835.0
2022-02-28,3312.0,3312.0,3219.5,3263.199951171875,3176.06640625,148185.0
2022-03-02,3203.39990234375,3263.199951171875,3203.10009765625,3231.050048828125,3144.77490234375,119259.0
2022-03-03,3237.35009765625,3274.0,3210.10009765625,3250.60009765625,3163.802978515625,63635.0
2022-03-04,3185.60009765625,3303.199951171875,3185.0,3248.550048828125,3161.8076171875,102558.0
2022-03-07,3210.0,3246.699951171875,3133.25,3199.75,3114.310546875,113299.0
2022-03-08,3195.60009765625,3230.0,3129.800048828125,3189.550048828125,3104.383056640625,132275.0
2022-03-09,3190.0,3320.14990234375,3160.10009765625,3299.60009765625,3211.49462890625,141355.0
2022-03-10,3355.0,3381.10009765625,3310.0,3356.85009765625,3267.2158203125,151666.0
2022-03-11,3340.0,3365.0,3307.449951171875,3329.39990234375,3240.49853515625,93725.0
2022-03-14,3340.0,3374.050048828125,3295.60009765625,3329.64990234375,3240.741943359375,52829.0
2022-03-15,3333.0,3343.550048828125,3256.0,3271.300048828125,3183.9501953125,191043.0
2022-03-16,3304.449951171875,3349.89990234375,3282.14990234375,3303.25,3215.046875,89866.0
2022-03-17,3319.85009765625,3325.0,3285.0,3300.14990234375,3212.02978515625,80136.0
2022-03-21,3332.199951171875,3332.949951171875,3256.0,3282.64990234375,3194.9970703125,72209.0
2022-03-22,3271.0,3296.0,3170.0,3199.85009765625,3114.408203125,194024.0
2022-03-23,3271.0,3309.949951171875,3190.0,3277.25,3189.7412109375,582350.0
2022-03-24,3280.0,3291.949951171875,3204.0,3233.10009765625,3146.770263671875,352735.0
2022-03-25,3233.10009765625,3250.0,3185.0,3199.949951171875,3114.50537109375,501050.0
2022-03-28,3205.0,3265.449951171875,3180.0,3245.85009765625,3159.1796875,198128.0
2022-03-29,3265.0,3301.89990234375,3250.050048828125,3282.89990234375,3195.240234375,136057.0
2022-03-30,3300.0,3315.0,3220.0,3244.199951171875,3157.573974609375,138740.0
2022-03-31,3240.0,3282.5,3216.800048828125,3272.64990234375,3185.263916015625,306258.0
2022-04-01,3287.89990234375,3359.0,3281.75,3342.800048828125,3253.541015625,329067.0
2022-04-04,3343.0,3394.0,3340.0,3388.25,3297.77734375,84738.0
2022-04-05,3390.0,3394.0,3344.89990234375,3381.64990234375,3291.353515625,120129.0
2022-04-06,3390.0,3395.0,3290.0,3335.60009765625,3246.533203125,608576.0
2022-04-07,3339.89990234375,3344.10009765625,3275.0,3288.35009765625,3200.545166015625,76691.0
2022-04-08,3319.0,3319.0,3255.64990234375,3266.0,3178.791748046875,64257.0
2022-04-11,3255.0,3302.0,3240.050048828125,3256.25,3169.3017578125,268533.0
2022-04-12,3272.60009765625,3272.60009765625,3211.699951171875,3230.0,3143.7529296875,309404.0
2022-04-13,3235.0,3247.0,3181.0,3196.5,3111.1474609375,247862.0
2022-04-18,3180.0,3249.0,3163.64990234375,3200.050048828125,3114.602783203125,153517.0
2022-04-19,3200.0,3270.0,3170.0,3201.10009765625,3115.624755859375,42970.0
2022-04-20,3230.0,3300.0,3201.10009765625,3282.550048828125,3194.899658203125,231637.0
2022-04-21,3211.25,3559.39990234375,3211.25,3448.699951171875,3356.61328125,1531010.0
2022-04-22,3429.85009765625,3429.85009765625,3319.0,3339.300048828125,3250.134521484375,333630.0
2022-04-25,3325.0,3370.0,3248.800048828125,3293.60009765625,3205.65478515625,144373.0
2022-04-26,3300.0,3309.85009765625,3117.0,3142.949951171875,3059.02734375,480051.0
2022-04-27,3139.800048828125,3183.14990234375,3039.0,3146.050048828125,3062.04443359375,353500.0
2022-04-28,3146.050048828125,3222.85009765625,3146.050048828125,3210.85009765625,3125.1142578125,166918.0
2022-04-29,3219.0,3219.0,3163.0,3201.85009765625,3116.3544921875,81100.0
2022-05-02,3199.89990234375,3239.949951171875,3193.5,3205.050048828125,3119.46923828125,105016.0
2022-05-04,3205.050048828125,3238.449951171875,3078.25,3126.0,3042.52978515625,168062.0
2022-05-05,3140.0,3190.0,3125.0,3167.85009765625,3083.2626953125,147832.0
2022-05-06,3130.0,3130.0,3024.85009765625,3055.85009765625,2974.253173828125,146887.0
2022-05-09,3022.64990234375,3040.35009765625,2971.0,3031.14990234375,2950.21240234375,472685.0
2022-05-10,3050.0,3089.699951171875,2910.0,2954.64990234375,2875.755126953125,215051.0
2022-05-11,2952.0,2995.0,2851.5,2900.85009765625,2823.391845703125,271525.0
2022-05-12,2876.85009765625,2922.550048828125,2801.0,2851.699951171875,2775.553955078125,178997.0
2022-05-13,2845.25,3023.949951171875,2844.89990234375,2996.60009765625,2916.5849609375,141654.0
2022-05-16,3019.949951171875,3133.550048828125,3002.050048828125,3109.0,3025.98388671875,130034.0
2022-05-17,3119.0,3179.699951171875,3063.0,3104.550048828125,3021.65283203125,80550.0
2022-05-18,3141.949951171875,3141.949951171875,3091.89990234375,3108.85009765625,3025.837890625,69039.0
2022-05-19,3050.25,3150.0,3010.0,3099.5,3016.737548828125,79539.0
2022-05-20,3112.0,3154.699951171875,3031.14990234375,3065.699951171875,2983.840087890625,223004.0
2022-05-23,3101.699951171875,3179.35009765625,2955.050048828125,2983.60009765625,2903.932373046875,158184.0
2022-05-24,2997.0,3022.35009765625,2862.0,2874.64990234375,2797.891357421875,222406.0
2022-05-25,2890.0,2900.0,2675.89990234375,2743.25,2670.0,328654.0
2022-05-26,2753.25,2864.25,2745.60009765625,2852.0,2775.84619140625,153096.0
2022-05-27,2880.0,2924.0,2829.39990234375,2905.85009765625,2828.25830078125,111444.0
2022-05-30,2960.0,2977.0,2868.300048828125,2919.949951171875,2841.98193359375,121229.0
2022-05-31,2919.949951171875,2923.949951171875,2834.949951171875,2860.949951171875,2784.55712890625,116914.0
2022-06-01,2859.800048828125,2892.85009765625,2785.0,2800.800048828125,2726.013427734375,211403.0
2022-06-02,2771.0,2849.949951171875,2770.64990234375,2841.300048828125,2765.431884765625,411312.0
2022-06-03,2842.0,2858.89990234375,2795.449951171875,2839.949951171875,2764.117919921875,71020.0
2022-06-06,2838.0,2868.5,2788.300048828125,2843.5,2767.5732421875,91581.0
2022-06-07,2824.949951171875,2839.800048828125,2775.0,2814.800048828125,2739.6396484375,132797.0
2022-06-08,2817.0,2842.0,2788.35009765625,2802.75,2727.9111328125,142680.0
2022-06-09,2802.75,2812.800048828125,2780.199951171875,2800.10009765625,2725.332275390625,140686.0
2022-06-10,2794.0,2813.949951171875,2751.64990234375,2782.89990234375,2708.59130859375,162950.0
2022-06-13,2754.0,2754.0,2693.89990234375,2726.5,2653.697265625,136887.0
2022-06-14,2701.0,2758.199951171875,2672.0,2689.35009765625,2617.53955078125,67021.0
2022-06-15,2696.0,2730.449951171875,2622.0,2666.0,2594.812744140625,173049.0
2022-06-16,2699.0,2710.0,2628.800048828125,2652.0,2581.1865234375,176224.0
2022-06-17,2655.800048828125,2655.800048828125,2550.0,2567.14990234375,2498.60205078125,728705.0
2022-06-20,2550.0,2590.0,2495.14990234375,2572.449951171875,2503.760498046875,234822.0
2022-06-21,2625.0,2695.0,2605.85009765625,2656.550048828125,2585.615234375,423585.0
2022-06-22,2652.0,2689.5,2558.050048828125,2573.14990234375,2504.44189453125,109149.0
2022-06-23,2589.75,2625.0,2555.10009765625,2607.25,2537.63134765625,40098.0
2022-06-24,2647.25,2651.949951171875,2596.85009765625,2643.64990234375,2573.0595703125,101836.0
2022-06-27,2670.0,2680.050048828125,2621.050048828125,2659.050048828125,2588.04833984375,169860.0
2022-06-28,2659.050048828125,2690.0,2605.10009765625,2653.0,2582.159912109375,170427.0
2022-06-29,2653.0,2700.0,2627.800048828125,2655.25,2584.349609375,347148.0
2022-06-30,2664.0,2718.0,2664.0,2701.699951171875,2629.559326171875,510737.0
2022-07-01,2710.0,2710.0,2637.39990234375,2652.89990234375,2582.062744140625,129469.0
2022-07-04,2637.39990234375,2650.0,2575.300048828125,2594.5,2525.22216796875,609224.0
2022-07-05,2585.0,2604.64990234375,2511.0,2526.10009765625,2458.6484375,199216.0
2022-07-06,2539.89990234375,2598.0,2501.35009765625,2584.75,2515.732421875,497605.0
2022-07-07,2585.10009765625,2618.10009765625,2553.25,2569.0,2500.40283203125,349352.0
2022-07-08,2580.0,2585.949951171875,2510.0,2521.25,2453.927978515625,130831.0
2022-07-11,2529.0,2565.949951171875,2486.0,2496.199951171875,2429.546630859375,156275.0
2022-07-12,2496.0,2523.0,2480.0,2486.300048828125,2419.9111328125,288804.0
2022-07-13,2493.0,2515.0,2440.0,2445.64990234375,2380.3466796875,146775.0
2022-07-14,2464.89990234375,2485.5,2420.0,2431.60009765625,2366.671630859375,115436.0
2022-07-15,2441.10009765625,2511.0,2428.550048828125,2466.300048828125,2400.4453125,158878.0
2022-07-18,2490.0,2503.0,2430.64990234375,2462.550048828125,2396.79541015625,198608.0
2022-07-19,2469.0,2532.949951171875,2423.64990234375,2449.60009765625,2384.191162109375,362421.0
2022-07-20,2477.5,2505.0,2465.050048828125,2473.35009765625,2407.30712890625,242993.0
2022-07-21,2290.0,2373.800048828125,2180.0,2329.699951171875,2267.49267578125,4500329.0
2022-07-22,2340.0,2353.0,2265.5,2280.39990234375,2219.5087890625,855056.0
2022-07-25,2294.449951171875,2294.449951171875,2219.050048828125,2227.699951171875,2168.216064453125,400159.0
2022-07-26,2222.0,2226.949951171875,2191.10009765625,2207.35009765625,2148.40966796875,626340.0
2022-07-27,2202.60009765625,2224.800048828125,2181.0,2207.60009765625,2148.653076171875,848962.0
2022-07-28,2212.050048828125,2300.0,2200.10009765625,2279.25,2218.389892578125,1947492.0
2022-07-29,2302.0,2312.0,2252.5,2260.550048828125,2200.189208984375,293306.0
2022-08-01,2260.550048828125,2280.0,2233.10009765625,2260.14990234375,2199.7998046875,570279.0
2022-08-02,2260.14990234375,2275.0,2249.0,2269.85009765625,2209.240966796875,511168.0
2022-08-03,2271.0,2304.0,2245.5,2266.449951171875,2205.931396484375,466553.0
2022-08-04,2266.449951171875,2351.0,2263.14990234375,2316.64990234375,2254.791015625,471531.0
2022-08-05,2325.0,2330.050048828125,2250.10009765625,2264.050048828125,2203.595458984375,321491.0
2022-08-08,2277.0,2333.949951171875,2266.050048828125,2328.449951171875,2266.27587890625,426650.0
2022-08-10,2337.0,2343.0,2287.85009765625,2307.64990234375,2246.031494140625,117117.0
2022-08-11,2329.550048828125,2351.14990234375,2302.75,2348.10009765625,2285.4013671875,145383.0
2022-08-12,2345.39990234375,2375.64990234375,2313.0,2364.89990234375,2301.752685546875,144700.0
2022-08-16,2370.0,2380.0,2334.64990234375,2338.14990234375,2275.717041015625,97696.0
2022-08-17,2367.0,2385.050048828125,2340.050048828125,2370.050048828125,2306.76513671875,160230.0
2022-08-18,2370.0,2425.0,2355.0,2399.0,2334.942138671875,189768.0
2022-08-19,2427.75,2458.0,2406.449951171875,2411.60009765625,2347.205810546875,295330.0
2022-08-22,2392.0,2400.0,2352.10009765625,2369.89990234375,2306.618896484375,217388.0
2022-08-23,2417.800048828125,2453.0,2335.60009765625,2353.60009765625,2290.75439453125,340155.0
2022-08-24,2375.0,2401.0,2357.699951171875,2398.949951171875,2334.893310546875,658796.0
2022-08-25,2419.0,2419.0,2376.10009765625,2399.800048828125,2335.720947265625,215983.0
2022-08-26,2415.0,2420.0,2379.39990234375,2387.75,2323.99267578125,82466.0
2022-08-29,2318.0,2379.0,2312.949951171875,2341.699951171875,2279.172119140625,133655.0
2022-08-30,2348.300048828125,2385.0,2345.60009765625,2368.050048828125,2304.81884765625,171540.0
2022-09-01,2368.0,2514.0,2350.0,2501.35009765625,2434.559326171875,454820.0
2022-09-02,2519.0,2607.0,2493.10009765625,2566.10009765625,2497.580322265625,604734.0
2022-09-05,2570.0,2570.0,2455.550048828125,2472.800048828125,2406.771484375,275097.0
2022-09-06,2494.0,2494.0,2443.0,2454.75,2389.20361328125,108525.0
2022-09-07,2444.0,2503.0,2432.550048828125,2488.35009765625,2421.906494140625,75379.0
2022-09-08,2499.949951171875,2499.949951171875,2430.75,2440.89990234375,2375.72314453125,139509.0
2022-09-09,2460.0,2460.0,2380.0,2390.75,2326.91259765625,161830.0
2022-09-12,2405.0,2405.0,2353.75,2361.39990234375,2298.34619140625,192760.0
2022-09-13,2373.25,2456.35009765625,2363.0,2437.64990234375,2372.56005859375,442005.0
2022-09-14,2414.25,2426.0,2375.0,2376.699951171875,2313.237548828125,252132.0
2022-09-15,2388.60009765625,2398.0,2316.0,2322.800048828125,2260.77685546875,208322.0
2022-09-16,2322.800048828125,2322.800048828125,2272.5,2293.550048828125,2232.3076171875,140384.0
2022-09-19,2290.0,2299.64990234375,2222.75,2246.85009765625,2186.85498046875,205758.0
2022-09-20,2250.25,2271.550048828125,2222.0,2231.89990234375,2172.303955078125,243481.0
2022-09-21,2230.0,2230.0,2128.0,2166.050048828125,2108.21240234375,1263088.0
2022-09-22,2172.699951171875,2240.0,2160.0,2175.050048828125,2116.97216796875,397617.0
2022-09-23,2180.0,2192.699951171875,2121.800048828125,2143.449951171875,2086.2158203125,345348.0
2022-09-26,2143.5,2155.050048828125,2055.5,2063.949951171875,2008.838623046875,579648.0
2022-09-27,2063.949951171875,2084.89990234375,2049.64990234375,2060.449951171875,2005.4320068359373,291193.0
2022-09-28,2060.0,2100.0,2042.8499755859373,2051.050048828125,1996.2830810546875,235036.0
2022-09-29,2061.35009765625,2118.0,2061.35009765625,2087.85009765625,2032.1005859375,519378.0
2022-09-30,2080.0,2118.0,2064.300048828125,2092.85009765625,2036.967041015625,147147.0
2022-10-03,2090.0,2158.449951171875,2080.0,2132.64990234375,2075.7041015625,267561.0
2022-10-04,2160.0,2160.0,2121.0,2131.89990234375,2074.97412109375,160320.0
2022-10-06,2133.0,2140.85009765625,2072.35009765625,2074.800048828125,2019.3988037109373,522868.0
2022-10-07,2080.0,2094.800048828125,2045.0,2076.60009765625,2021.15087890625,261479.0
2022-10-10,2061.0,2088.0,2031.0,2051.10009765625,1996.3319091796875,399820.0
2022-10-11,2061.39990234375,2100.0,2036.25,2083.60009765625,2027.9638671875,290269.0
2022-10-12,2094.050048828125,2142.449951171875,2055.10009765625,2132.75,2075.801513671875,178785.0
2022-10-13,2139.0,2155.0,2072.0,2149.85009765625,2092.445068359375,136119.0
2022-10-14,2185.0,2202.0,2143.75,2159.949951171875,2102.275146484375,213206.0
2022-10-17,2158.14990234375,2175.0,2130.050048828125,2157.0,2099.404052734375,533622.0
2022-10-18,2200.0,2214.89990234375,2136.75,2157.35009765625,2099.744873046875,157428.0
2022-10-19,2169.0,2198.0,2169.0,2188.300048828125,2129.8681640625,183126.0
2022-10-20,2166.39990234375,2203.39990234375,2155.5,2200.35009765625,2141.5966796875,140820.0
2022-10-21,2205.0,2205.14990234375,2177.0,2190.25,2131.766357421875,81738.0
2022-10-24,2209.0,2213.949951171875,2183.5,2193.85009765625,2135.27001953125,9213.0
2022-10-25,2191.0,2238.0,2160.050048828125,2225.300048828125,2165.880126953125,228975.0
2022-10-27,2115.10009765625,2148.699951171875,1880.5,1901.4000244140625,1850.629150390625,3798313.0
2022-10-28,1903.449951171875,1922.0,1840.199951171875,1871.75,1821.7706298828125,1156437.0
2022-10-31,1881.1500244140625,1897.8499755859373,1680.0,1784.3499755859375,1736.7044677734375,3448700.0
2022-11-01,1799.9000244140625,1839.9000244140625,1761.699951171875,1786.25,1738.5538330078125,1351858.0
2022-11-02,1784.0,1895.0,1782.25,1879.949951171875,1829.751708984375,1245874.0
2022-11-03,1849.949951171875,1874.449951171875,1823.4000244140625,1845.3499755859373,1796.07568359375,625086.0
2022-11-04,1845.0,1858.800048828125,1803.0999755859373,1811.199951171875,1762.8375244140625,220550.0
2022-11-07,1812.5,1828.6500244140625,1799.5999755859375,1805.050048828125,1756.851806640625,378046.0
2022-11-09,1814.0,1814.0,1763.25,1771.6500244140625,1724.343505859375,440691.0
2022-11-10,1775.0,1783.449951171875,1660.0,1694.050048828125,1648.815673828125,666832.0
2022-11-11,1704.050048828125,1734.300048828125,1700.1500244140625,1730.699951171875,1684.4869384765625,549583.0
2022-11-14,1730.699951171875,1751.9000244140625,1725.050048828125,1736.1500244140625,1689.79150390625,534125.0
2022-11-15,1735.0,1744.0,1720.449951171875,1725.699951171875,1679.6204833984375,215534.0
2022-11-16,1726.0,1750.050048828125,1720.0,1744.449951171875,1697.869873046875,206689.0
2022-11-17,1734.949951171875,1739.8499755859375,1710.199951171875,1735.050048828125,1688.720947265625,151006.0
2022-11-18,1735.050048828125,1765.0,1711.300048828125,1732.449951171875,1686.1903076171875,120594.0
2022-11-21,1717.0,1749.0,1707.0,1716.0999755859375,1670.27685546875,61877.0
2022-11-22,1716.0999755859375,1727.0,1705.0,1710.199951171875,1664.534423828125,138242.0
2022-11-23,1722.5999755859375,1723.949951171875,1695.3499755859375,1700.550048828125,1655.14208984375,203208.0
2022-11-24,1709.0999755859375,1716.0,1694.300048828125,1697.5,1652.1734619140625,135568.0
2022-11-25,1706.0,1709.0,1685.5,1693.0999755859375,1647.8909912109375,98764.0
2022-11-28,1701.5999755859375,1752.0,1695.050048828125,1745.0999755859375,1698.5025634765625,150780.0
2022-11-29,1760.0,1908.800048828125,1732.199951171875,1877.949951171875,1827.80517578125,3084728.0
2022-11-30,1878.0,1898.0,1765.0,1779.6500244140625,1732.1300048828125,1689301.0
2022-12-01,1805.0,1805.0,1737.300048828125,1752.949951171875,1706.142822265625,550501.0
2022-12-02,1753.0,1753.0,1717.75,1720.75,1674.802734375,418612.0
2022-12-05,1735.1500244140625,1769.949951171875,1728.25,1748.550048828125,1701.8604736328125,399015.0
2022-12-06,1741.0,1749.9000244140625,1730.199951171875,1734.3499755859375,1688.03955078125,85201.0
2022-12-07,1735.0,1747.9000244140625,1695.0999755859375,1699.8499755859375,1654.460693359375,589959.0
2022-12-08,1708.0,1738.949951171875,1703.199951171875,1715.5999755859375,1669.790283203125,203684.0
2022-12-09,1726.9000244140625,1732.199951171875,1708.0,1726.6500244140625,1680.545166015625,190619.0
2022-12-12,1730.0,1734.949951171875,1707.0,1714.4000244140625,1668.622314453125,72925.0
2022-12-13,1727.5999755859375,1756.0,1722.0,1734.800048828125,1688.4775390625,602868.0
2022-12-14,1744.699951171875,1769.0,1730.050048828125,1765.75,1718.6011962890625,365319.0
2022-12-15,1763.699951171875,1775.0,1735.0999755859375,1749.5999755859375,1702.88232421875,143196.0
2022-12-16,1738.0,1751.0,1683.449951171875,1690.199951171875,1645.068359375,707265.0
2022-12-19,1701.0,1709.3499755859375,1673.199951171875,1676.5,1631.7342529296875,255778.0
2022-12-20,1683.9000244140625,1693.449951171875,1615.699951171875,1638.25,1594.505615234375,629536.0
2022-12-21,1652.0,1666.0,1605.9000244140625,1612.300048828125,1569.2484130859375,557870.0
2022-12-22,1619.0,1658.949951171875,1594.0,1605.1500244140625,1562.28955078125,455043.0
2022-12-23,1604.949951171875,1606.949951171875,1570.0,1581.449951171875,1539.2222900390625,336255.0
2022-12-26,1588.3499755859375,1597.550048828125,1571.0,1580.949951171875,1538.7354736328125,260949.0
2022-12-27,1585.0,1607.699951171875,1574.0,1583.5999755859375,1541.3148193359375,248697.0
2022-12-28,1582.0,1589.8499755859375,1563.5999755859375,1573.3499755859375,1531.338623046875,203748.0
2022-12-29,1570.0,1589.0,1553.449951171875,1578.300048828125,1536.156494140625,360808.0
2022-12-30,1584.0999755859375,1618.0,1570.0999755859375,1576.550048828125,1534.4532470703125,156365.0
2023-01-02,1585.0,1606.0,1566.0,1575.9000244140625,1533.820556640625,174154.0
2023-01-03,1586.800048828125,1589.0,1571.0,1575.75,1533.674560546875,95947.0
2023-01-04,1581.699951171875,1598.800048828125,1566.0,1587.949951171875,1545.5487060546875,181170.0
2023-01-05,1594.0,1595.0,1571.0,1584.0999755859375,1541.801513671875,232638.0
2023-01-06,1580.0,1583.949951171875,1561.449951171875,1565.1500244140625,1523.3575439453125,199299.0
2023-01-09,1575.0,1584.300048828125,1558.0,1559.5,1517.8583984375,934310.0
2023-01-10,1564.0,1567.800048828125,1540.050048828125,1547.5,1506.1788330078125,232024.0
2023-01-11,1549.4000244140625,1599.5999755859375,1542.0,1592.0999755859375,1549.5880126953125,277409.0
2023-01-12,1591.050048828125,1591.050048828125,1475.300048828125,1498.4000244140625,1458.389892578125,1180312.0
2023-01-13,1507.0,1510.25,1449.0,1454.699951171875,1415.856689453125,766442.0
2023-01-16,1462.0,1464.9000244140625,1436.0999755859375,1444.5999755859375,1406.0263671875,419775.0
2023-01-17,1444.9000244140625,1457.800048828125,1388.6500244140625,1398.3499755859375,1361.0113525390625,1239497.0
2023-01-18,1400.0,1429.949951171875,1387.1500244140625,1423.449951171875,1385.441162109375,339215.0
2023-01-19,1423.0,1424.949951171875,1392.0,1395.6500244140625,1358.383544921875,240208.0
2023-01-20,1396.050048828125,1402.0999755859375,1381.0,1386.6500244140625,1349.6239013671875,316619.0
2023-01-23,1389.949951171875,1404.699951171875,1365.3499755859375,1375.6500244140625,1338.91748046875,272966.0
2023-01-24,1349.0,1390.0,1308.3499755859375,1354.949951171875,1318.770263671875,1903771.0
2023-01-25,1355.0,1453.0,1328.8499755859375,1342.3499755859375,1306.5067138671875,2760146.0
2023-01-27,1345.4000244140625,1376.0,1332.9000244140625,1356.5,1320.2789306640625,1232427.0
2023-01-30,1358.3499755859375,1360.5,1307.449951171875,1310.550048828125,1275.555908203125,500393.0
2023-01-31,1311.0,1328.9000244140625,1300.0,1301.0,1266.2608642578125,455983.0
2023-02-01,1305.0,1318.1500244140625,1252.0,1262.4000244140625,1228.6915283203125,503901.0
2023-02-02,1256.4000244140625,1283.050048828125,1217.199951171875,1276.0999755859375,1242.0257568359375,400821.0
2023-02-03,1280.0,1280.0,1195.0,1211.300048828125,1178.9560546875,433825.0
2023-02-06,1212.0,1212.0,1167.0,1172.699951171875,1141.3865966796875,496727.0
2023-02-07,1175.0,1333.300048828125,1172.699951171875,1306.8499755859375,1271.95458984375,3337516.0
2023-02-08,1310.0,1404.5999755859375,1272.050048828125,1338.550048828125,1302.8082275390625,2824623.0
2023-02-09,1310.25,1380.0,1290.0,1301.0,1266.2608642578125,1070952.0
2023-02-10,1323.0,1327.0,1301.699951171875,1314.300048828125,1279.2056884765625,542215.0
2023-02-13,1321.75,1377.3499755859375,1318.3499755859375,1365.0,1328.5518798828125,1219044.0
2023-02-14,1365.0,1375.0,1338.0,1361.800048828125,1325.4373779296875,501234.0
2023-02-15,1355.0,1368.0,1322.5,1339.4000244140625,1303.635498046875,248705.0
2023-02-16,1348.6500244140625,1356.0,1322.0,1327.75,1292.296630859375,207152.0
2023-02-17,1324.800048828125,1335.0,1300.0,1307.0,1272.1005859375,167290.0
2023-02-20,1305.949951171875,1315.0,1290.0,1305.4000244140625,1270.5433349609375,326734.0
2023-02-21,1311.949951171875,1347.699951171875,1304.199951171875,1329.6500244140625,1294.1458740234375,781381.0
2023-02-22,1337.0,1360.949951171875,1306.25,1326.5,1291.0799560546875,610922.0
2023-02-23,1326.6500244140625,1326.6500244140625,1305.0,1315.699951171875,1280.5682373046875,256787.0
2023-02-24,1315.9000244140625,1326.0,1254.0,1288.300048828125,1253.89990234375,144764.0
2023-02-27,1291.550048828125,1291.550048828125,1265.0,1273.300048828125,1239.300537109375,202969.0
2023-02-28,1275.0,1349.0,1265.0,1318.050048828125,1282.8555908203125,914979.0
2023-03-01,1320.0,1327.199951171875,1280.0,1292.75,1258.2310791015625,201346.0
2023-03-02,1292.75,1318.9000244140625,1274.949951171875,1285.449951171875,1251.1259765625,216151.0
2023-03-03,1286.5,1308.449951171875,1272.199951171875,1281.949951171875,1247.719482421875,195502.0
2023-03-06,1298.699951171875,1300.0,1272.300048828125,1277.550048828125,1243.4371337890625,162588.0
2023-03-08,1256.0,1275.0,1256.0,1260.800048828125,1227.13427734375,141198.0
2023-03-09,1263.199951171875,1263.949951171875,1232.0,1236.6500244140625,1203.629150390625,387133.0
2023-03-10,1236.6500244140625,1261.4000244140625,1175.0,1189.550048828125,1157.786865234375,604825.0
2023-03-13,1193.0,1209.0,1130.0,1154.3499755859375,1123.5267333984375,579333.0
2023-03-14,1157.0,1224.75,1156.0,1186.1500244140625,1154.4776611328125,1602962.0
2023-03-15,1200.0,1245.0,1175.050048828125,1214.449951171875,1182.0218505859375,1356216.0
2023-03-16,1202.300048828125,1237.9000244140625,1190.4000244140625,1217.75,1185.2337646484375,406020.0
2023-03-17,1221.0,1227.949951171875,1172.5999755859375,1186.550048828125,1154.866943359375,327669.0
2023-03-20,1180.0,1185.949951171875,1148.5999755859375,1160.5999755859375,1129.60986328125,423396.0
2023-03-21,1166.4000244140625,1280.0,1161.0999755859375,1224.550048828125,1191.852294921875,629730.0
2023-03-22,1235.0,1251.25,1224.550048828125,1245.800048828125,1212.5347900390625,322902.0
2023-03-23,1243.0,1290.0,1233.8499755859375,1284.0999755859375,1249.81201171875,844256.0
2023-03-24,1275.0,1323.300048828125,1226.0,1282.199951171875,1247.9627685546875,1229621.0
2023-03-27,1288.5999755859375,1329.800048828125,1233.300048828125,1261.949951171875,1228.2535400390625,994931.0
2023-03-28,1268.300048828125,1292.0,1245.0,1254.6500244140625,1221.1485595703125,302303.0
2023-03-29,1254.0,1280.449951171875,1232.949951171875,1257.800048828125,1224.21435546875,773942.0
2023-03-31,1270.0,1289.3499755859375,1250.0,1268.25,1234.3853759765625,415704.0
2023-04-03,1278.9000244140625,1298.0,1266.050048828125,1283.449951171875,1249.179443359375,199592.0
2023-04-05,1290.0,1290.0,1255.25,1267.300048828125,1233.460693359375,197223.0
2023-04-06,1273.75,1273.75,1255.25,1259.8499755859375,1226.209716796875,153706.0
2023-04-10,1260.949951171875,1266.6500244140625,1253.1500244140625,1261.050048828125,1227.3775634765625,376581.0
2023-04-11,1261.199951171875,1272.6500244140625,1249.0,1263.25,1229.518798828125,199371.0
2023-04-12,1275.0,1309.0,1256.4000244140625,1266.6500244140625,1232.8280029296875,602972.0
2023-04-13,1268.0,1280.5999755859375,1240.0,1251.6500244140625,1218.2286376953125,232290.0
2023-04-17,1254.949951171875,1270.0,1229.0,1236.4000244140625,1203.3857421875,338575.0
2023-04-18,1240.0,1244.9000244140625,1222.0,1231.550048828125,1198.6654052734375,542570.0
2023-04-19,1235.0,1477.8499755859375,1232.050048828125,1416.949951171875,1379.11474609375,6725689.0
2023-04-20,1399.949951171875,1416.949951171875,1347.050048828125,1364.449951171875,1328.0164794921875,2818412.0
2023-04-21,1365.0,1365.0,1305.0,1311.199951171875,1276.1883544921875,1294691.0
2023-04-24,1320.0999755859375,1324.0,1286.0,1310.449951171875,1275.4583740234375,703209.0
2023-04-25,1321.199951171875,1376.949951171875,1318.199951171875,1349.699951171875,1313.660400390625,1917504.0
2023-04-26,1349.699951171875,1394.0,1332.3499755859375,1379.199951171875,1342.3726806640625,1142397.0
2023-04-27,1376.9000244140625,1390.0,1361.5999755859375,1367.699951171875,1331.1798095703125,332068.0
2023-04-28,1369.0,1375.0,1346.300048828125,1358.800048828125,1322.517578125,286689.0
2023-05-02,1372.0,1395.0,1368.1500244140625,1375.699951171875,1338.9661865234375,406309.0
2023-05-03,1372.699951171875,1383.5,1367.0999755859375,1370.699951171875,1334.099609375,128244.0
2023-05-04,1373.0,1382.0,1362.050048828125,1371.699951171875,1335.072998046875,141553.0
2023-05-05,1370.0,1429.0999755859375,1364.050048828125,1397.550048828125,1360.23291015625,659354.0
2023-05-08,1407.949951171875,1421.0999755859375,1375.0,1388.25,1351.1810302734375,447864.0
2023-05-09,1395.0,1419.300048828125,1385.550048828125,1395.9000244140625,1358.6268310546875,240997.0
2023-05-10,1395.949951171875,1418.5999755859375,1373.3499755859375,1403.1500244140625,1365.6832275390625,368180.0
2023-05-11,1410.0,1415.4000244140625,1380.0,1384.3499755859375,1347.3851318359375,175558.0
2023-05-12,1386.699951171875,1394.949951171875,1352.0,1358.449951171875,1322.1767578125,224994.0
2023-05-15,1362.699951171875,1379.8499755859375,1355.0,1370.5,1333.905029296875,122865.0
2023-05-16,1376.949951171875,1388.0,1350.25,1354.699951171875,1318.52685546875,268900.0
2023-05-17,1359.6500244140625,1366.800048828125,1333.0,1338.699951171875,1302.9542236328125,106503.0
2023-05-18,1348.449951171875,1379.9000244140625,1315.050048828125,1331.949951171875,1296.38427734375,237928.0
2023-05-19,1160.0,1194.4000244140625,1065.5999755859375,1065.5999755859375,1037.146484375,2839265.0
2023-05-22,950.0499877929688,979.9000244140624,861.0,893.5499877929688,869.6905517578125,10765871.0
2023-05-23,917.0,979.5999755859376,905.0,941.4000244140624,916.2628784179688,6490075.0
2023-05-24,950.0,964.0,927.0,934.4500122070312,909.4984741210938,935219.0
2023-05-25,943.0,954.9000244140624,919.0,924.1500244140624,899.4734497070312,505856.0
2023-05-26,928.0,932.0,912.0999755859376,929.25,904.437255859375,604233.0
2023-05-29,929.2999877929688,940.0,910.0,911.5999755859376,887.2584838867188,503070.0
2023-05-30,912.75,920.0,896.5,907.7000122070312,883.4627075195312,493509.0
2023-05-31,908.5,927.5999755859376,902.0,924.0499877929688,899.3760986328125,277597.0
2023-06-01,923.0,943.0,921.25,932.4500122070312,907.5518188476562,336810.0
2023-06-02,936.0,937.0,920.0,922.25,897.6241455078125,332720.0
2023-06-05,930.0,943.9500122070312,925.0999755859376,935.25,910.2770385742188,383146.0
2023-06-06,938.3499755859376,956.7999877929688,932.8499755859376,942.0,916.8468017578124,484854.0
2023-06-07,946.25,953.0,940.5499877929688,943.0,917.8201293945312,269019.0
2023-06-08,948.5,962.7999877929688,943.1500244140624,951.8499755859376,926.4337768554688,432804.0
2023-06-09,955.0,989.0,950.0,959.5499877929688,933.92822265625,1526555.0
2023-06-12,960.0,969.0,951.2000122070312,955.4500122070312,929.9376831054688,616871.0
2023-06-13,966.0,1010.0999755859376,965.0499877929688,993.7000122070312,967.1663208007812,2461357.0
2023-06-14,1003.0,1065.0,995.0,1001.0999755859376,974.3687133789062,4507074.0
2023-06-15,1004.0,1019.7999877929688,1000.25,1008.4500122070312,981.5225219726562,1009787.0
2023-06-16,1016.0,1027.1500244140625,1003.0499877929688,1009.0499877929688,982.1065063476562,490039.0
2023-06-19,1019.0,1033.949951171875,1013.0,1023.75,996.4139404296876,541869.0
2023-06-20,1025.0,1031.949951171875,1017.0,1022.0,994.710693359375,300994.0
2023-06-21,1025.0,1028.949951171875,1002.7999877929688,1006.3499755859376,979.478515625,456867.0
2023-06-22,1006.0,1011.7000122070312,988.6500244140624,997.4000244140624,970.7675170898438,782005.0
2023-06-23,997.0,1004.9500122070312,971.0,980.0,953.8321533203124,498393.0
2023-06-26,980.0,1027.9000244140625,972.0499877929688,1021.0,993.7373657226562,1117738.0
2023-06-27,1025.6500244140625,1025.6500244140625,1010.0,1014.9500122070312,987.848876953125,387094.0
2023-06-28,1025.0,1085.75,1017.0,1065.1500244140625,1036.70849609375,2665391.0
2023-06-30,1066.0,1083.699951171875,1052.9000244140625,1062.5,1034.129150390625,603486.0
2023-07-03,1069.449951171875,1072.0,1040.050048828125,1066.1500244140625,1037.6817626953125,431924.0
2023-07-04,1070.949951171875,1070.949951171875,1045.0,1051.800048828125,1023.715087890625,326952.0
2023-07-05,1051.800048828125,1068.949951171875,1050.9000244140625,1064.050048828125,1035.637939453125,238749.0
2023-07-06,1069.0,1069.0,1057.050048828125,1060.449951171875,1032.1339111328125,174143.0
2023-07-07,1058.0,1068.25,1042.0,1046.1500244140625,1018.2157592773438,317782.0
2023-07-10,1059.0,1135.8499755859375,1056.6500244140625,1084.75,1055.78515625,3176023.0
2023-07-11,1092.0,1109.1500244140625,1073.4000244140625,1104.300048828125,1074.8131103515625,751557.0
2023-07-12,1110.0,1110.0,1084.5,1092.699951171875,1063.5228271484375,526923.0
2023-07-13,1097.0,1110.0,1086.0999755859375,1105.800048828125,1076.273193359375,619965.0
2023-07-14,1112.0,1147.0,1109.0,1136.75,1106.3966064453125,1085336.0
2023-07-17,1145.800048828125,1184.0,1136.75,1171.4000244140625,1140.121337890625,795524.0
2023-07-18,1180.0,1182.800048828125,1148.300048828125,1161.199951171875,1130.193603515625,315290.0
2023-07-19,1163.699951171875,1216.0,1158.0,1191.1500244140625,1159.3441162109375,1136747.0
2023-07-20,1198.5,1243.1500244140625,1198.5,1237.050048828125,1204.0184326171875,1658008.0
2023-07-21,1240.9000244140625,1268.0,1225.1500244140625,1235.6500244140625,1202.65576171875,770898.0
2023-07-24,1235.6500244140625,1246.449951171875,1211.050048828125,1239.3499755859375,1206.2569580078125,402752.0
2023-07-25,1244.699951171875,1264.5,1218.0999755859375,1227.1500244140625,1194.3828125,328087.0
2023-07-26,1231.949951171875,1245.0,1190.0,1194.550048828125,1162.6533203125,306247.0
2023-07-27,1198.4000244140625,1295.0,1196.050048828125,1266.5999755859375,1232.779296875,1281876.0
2023-07-28,1266.5999755859375,1301.0,1250.25,1292.0,1257.501220703125,947615.0
2023-07-31,1350.0,1393.949951171875,1282.0,1307.550048828125,1272.6361083984375,2257573.0
2023-08-01,1306.0,1324.0,1287.0,1303.5999755859375,1268.7913818359375,501912.0
2023-08-02,1290.050048828125,1306.5999755859375,1265.6500244140625,1288.75,1254.3380126953125,585291.0
2023-08-03,1284.699951171875,1335.949951171875,1282.050048828125,1329.0,1293.51318359375,622557.0
2023-08-04,1332.4000244140625,1364.0,1330.0,1335.449951171875,1299.7908935546875,639810.0
2023-08-07,1343.449951171875,1378.0,1301.050048828125,1342.550048828125,1306.7015380859375,684651.0
2023-08-08,1500.0,1611.050048828125,1430.0999755859375,1611.050048828125,1568.0318603515625,5995633.0
2023-08-09,1635.0,1768.0,1621.0,1671.6500244140625,1627.0137939453125,12136886.0
2023-08-10,1685.0,1727.050048828125,1643.0999755859375,1660.699951171875,1616.3560791015625,2445732.0
2023-08-11,1665.0,1692.0,1605.0,1648.0,1603.995361328125,856415.0
2023-08-14,1649.0,1649.0,1550.0,1602.800048828125,1560.002197265625,410355.0
2023-08-16,1564.949951171875,1594.949951171875,1535.0999755859375,1546.25,1504.962158203125,210746.0
2023-08-17,1535.0,1664.6500244140625,1526.6500244140625,1617.550048828125,1574.3583984375,554036.0
2023-08-18,1617.25,1631.25,1521.6500244140625,1568.699951171875,1526.8126220703125,378777.0
2023-08-21,1570.0,1599.0,1545.0,1589.8499755859375,1547.39794921875,210564.0
2023-08-22,1597.0,1625.0,1596.949951171875,1606.0999755859375,1563.2139892578125,228887.0
2023-08-23,1613.0,1613.0,1572.050048828125,1581.199951171875,1538.9788818359375,172375.0
2023-08-24,1594.4000244140625,1627.800048828125,1564.0999755859375,1572.0,1530.024658203125,335450.0
2023-08-25,1572.0999755859375,1584.300048828125,1540.0,1546.5999755859375,1505.302734375,156296.0
2023-08-28,1535.5999755859375,1594.949951171875,1535.5999755859375,1570.75,1528.80810546875,240603.0
2023-08-29,1579.949951171875,1618.0,1567.0999755859375,1574.1500244140625,1532.1171875,379168.0
2023-08-30,1580.0,1614.949951171875,1580.0,1595.4000244140625,1552.7998046875,207143.0
2023-08-31,1604.949951171875,1775.800048828125,1597.050048828125,1741.449951171875,1694.949951171875,1493037.0
2023-09-01,1749.75,1810.8499755859373,1718.449951171875,1768.0999755859375,1720.8883056640625,1268319.0
2023-09-04,1774.0,1779.800048828125,1705.0,1709.0,1663.366455078125,499342.0
2023-09-05,1730.0,1767.8499755859375,1680.300048828125,1690.1500244140625,1645.019775390625,667630.0
2023-09-06,1715.0,1716.5999755859375,1676.6500244140625,1691.3499755859375,1646.187744140625,626792.0
2023-09-07,1698.0,1709.949951171875,1680.0,1699.449951171875,1654.0714111328125,329329.0
2023-09-08,1709.9000244140625,1709.9000244140625,1685.0,1692.3499755859375,1647.1611328125,151817.0
2023-09-11,1701.949951171875,1709.0,1671.0,1685.199951171875,1640.201904296875,269595.0
2023-09-12,1695.0,1703.300048828125,1634.050048828125,1653.5999755859375,1609.44580078125,326411.0
2023-09-13,1653.550048828125,1670.949951171875,1616.449951171875,1639.9000244140625,1596.1114501953125,226760.0
2023-09-14,1645.0,1676.3499755859375,1641.050048828125,1659.9000244140625,1615.5775146484375,144972.0
2023-09-15,1670.0,1715.0,1635.050048828125,1696.1500244140625,1650.859619140625,269279.0
2023-09-18,1704.949951171875,1714.25,1685.0,1696.949951171875,1651.63818359375,191037.0
2023-09-20,1688.949951171875,1694.449951171875,1665.0,1680.9000244140625,1636.016845703125,125725.0
2023-09-21,1679.4000244140625,1709.0,1665.449951171875,1694.8499755859375,1649.5943603515625,200954.0
2023-09-22,1697.800048828125,1704.550048828125,1681.25,1693.199951171875,1647.98828125,170216.0
2023-09-25,1690.0,1748.0,1643.199951171875,1659.800048828125,1615.480224609375,320246.0
2023-09-26,1658.75,1700.0,1623.0,1630.699951171875,1587.1572265625,362456.0
2023-09-27,1636.0,1666.0,1636.0,1656.699951171875,1612.4630126953125,164385.0
2023-09-28,1667.0,1684.300048828125,1642.050048828125,1650.800048828125,1606.7205810546875,238276.0
2023-09-29,1667.800048828125,1713.0,1664.3499755859375,1675.0999755859375,1630.37158203125,421444.0
2023-10-03,1674.9000244140625,1718.0,1670.050048828125,1686.0999755859375,1641.0780029296875,335836.0
2023-10-04,1686.800048828125,1698.5,1657.0999755859375,1675.699951171875,1630.95556640625,137458.0
2023-10-05,1694.949951171875,1694.949951171875,1665.0,1670.75,1626.1378173828125,76024.0
2023-10-06,1675.0,1684.699951171875,1665.4000244140625,1671.5,1626.86767578125,57765.0
2023-10-09,1650.0,1656.1500244140625,1604.050048828125,1614.949951171875,1571.8277587890625,160537.0
2023-10-10,1628.0,1645.0,1621.0,1626.5,1583.0693359375,84443.0
2023-10-11,1635.699951171875,1685.3499755859375,1626.0,1633.8499755859375,1590.2230224609375,854253.0
2023-10-12,1640.0,1677.5999755859375,1620.0,1625.550048828125,1582.144775390625,188356.0
2023-10-13,1617.0,1638.0,1615.0999755859375,1622.1500244140625,1578.8355712890625,79400.0
2023-10-16,1622.0,1628.699951171875,1566.0999755859375,1573.800048828125,1531.776611328125,332145.0
2023-10-17,1582.4000244140625,1603.949951171875,1575.0,1592.6500244140625,1550.123291015625,502917.0
2023-10-18,1597.0,1617.75,1587.050048828125,1609.5,1566.5233154296875,160244.0
2023-10-19,1605.0999755859375,1612.8499755859375,1585.0,1608.5,1565.550048828125,88008.0
2023-10-20,1607.4000244140625,1613.75,1547.0999755859375,1558.9000244140625,1517.2744140625,136295.0
2023-10-23,1559.949951171875,1568.0,1488.300048828125,1519.300048828125,1478.7318115234375,360481.0
2023-10-25,1519.949951171875,1541.699951171875,1481.0,1510.6500244140625,1470.3128662109375,166865.0
2023-10-26,1488.0,1549.5,1475.050048828125,1537.550048828125,1496.49462890625,257149.0
2023-10-27,1548.0,1570.0,1538.199951171875,1550.949951171875,1509.5364990234375,125030.0
2023-10-30,1550.949951171875,1565.0999755859375,1513.4000244140625,1534.199951171875,1493.2340087890625,1157918.0
2023-10-31,1538.949951171875,1564.75,1535.449951171875,1546.0,1504.7188720703125,127442.0
2023-11-01,1551.0,1553.199951171875,1520.0,1533.949951171875,1492.9906005859375,111658.0
2023-11-02,1544.3499755859375,1548.3499755859375,1486.6500244140625,1490.75,1450.944091796875,158507.0
2023-11-03,1499.199951171875,1539.949951171875,1493.199951171875,1510.5,1470.1668701171875,187883.0
2023-11-06,1519.949951171875,1632.699951171875,1509.300048828125,1574.8499755859375,1532.7984619140625,805148.0
2023-11-07,1645.0,1676.949951171875,1625.050048828125,1653.1500244140625,1609.0078125,1913123.0
2023-11-08,1659.699951171875,1659.699951171875,1620.0,1625.199951171875,1581.803955078125,329861.0
2023-11-09,1633.4000244140625,1634.4000244140625,1594.0,1612.6500244140625,1569.589111328125,137308.0
2023-11-10,1615.0,1632.0,1596.4000244140625,1627.050048828125,1583.604736328125,95050.0
2023-11-13,1644.0,1644.0,1617.0,1625.75,1582.33935546875,66266.0
2023-11-15,1630.0,1639.800048828125,1605.5999755859375,1616.800048828125,1573.62841796875,136104.0
2023-11-16,1617.949951171875,1656.449951171875,1610.0,1615.25,1572.1197509765625,167870.0
2023-11-17,1615.699951171875,1648.9000244140625,1615.699951171875,1628.8499755859375,1585.3565673828125,110227.0
2023-11-20,1633.0,1707.0,1618.4000244140625,1629.199951171875,1585.697265625,647850.0
2023-11-21,1645.0999755859375,1681.0,1635.1500244140625,1653.300048828125,1609.15380859375,604053.0
2023-11-22,1669.699951171875,1725.0,1663.4000244140625,1719.199951171875,1673.2940673828125,1649940.0
2023-11-23,1725.0,1736.3499755859375,1696.9000244140625,1707.800048828125,1662.198486328125,310410.0
2023-11-24,1714.699951171875,1817.699951171875,1710.0,1756.5,1709.59814453125,1523081.0
2023-11-28,1769.699951171875,1797.949951171875,1766.0,1785.0999755859375,1737.4344482421875,630302.0
2023-11-29,1793.5999755859375,1798.0,1748.3499755859375,1788.8499755859375,1741.0843505859375,475555.0
2023-11-30,1798.800048828125,1798.800048828125,1755.050048828125,1774.6500244140625,1727.2635498046875,325983.0
2023-12-01,1796.800048828125,1840.0,1780.0,1809.3499755859373,1761.036865234375,407645.0
2023-12-04,1820.949951171875,1841.800048828125,1782.0,1807.8499755859373,1759.5770263671875,256546.0
2023-12-05,1807.8499755859373,1819.0,1790.0,1810.800048828125,1762.4482421875,163897.0
2023-12-06,1814.949951171875,1825.0,1735.0,1767.8499755859375,1720.64501953125,617042.0
2023-12-07,1775.0,1784.3499755859375,1738.0,1763.199951171875,1716.119140625,204312.0
2023-12-08,1770.0,1793.4000244140625,1752.0999755859375,1777.75,1730.2806396484375,300130.0
2023-12-11,1779.949951171875,1807.199951171875,1756.550048828125,1800.949951171875,1752.8612060546875,297589.0
2023-12-12,1828.0,1839.9000244140625,1800.949951171875,1810.199951171875,1761.8642578125,478889.0
2023-12-13,1829.949951171875,1829.949951171875,1796.699951171875,1803.699951171875,1755.537841796875,126283.0
2023-12-14,1811.949951171875,1857.5,1796.25,1829.550048828125,1780.6976318359375,371139.0
2023-12-15,1846.0,1846.0,1790.050048828125,1811.9000244140625,1763.5189208984375,112997.0
2023-12-18,1800.0,1853.4000244140625,1775.050048828125,1839.949951171875,1790.81982421875,212493.0
2023-12-19,1840.0,1875.0,1824.0,1859.0,1809.3612060546875,281877.0
2023-12-20,1859.75,1890.0,1771.0,1812.3499755859373,1763.956787109375,494507.0
2023-12-21,1810.0,1832.300048828125,1782.25,1808.5,1760.2095947265625,144474.0
2023-12-22,1820.0,1948.0,1819.949951171875,1867.4000244140625,1817.536865234375,921345.0
2023-12-26,1885.0,1904.449951171875,1856.800048828125,1891.0,1840.5067138671875,240131.0
2023-12-27,1905.0,1997.0,1878.0,1947.199951171875,1895.2060546875,862994.0
2023-12-28,1960.949951171875,1969.199951171875,1914.5,1935.3499755859373,1883.6724853515625,235650.0
2023-12-29,1941.9000244140625,1944.0,1910.050048828125,1924.5,1873.1121826171875,147405.0
2024-01-01,1934.9000244140625,1956.550048828125,1900.0,1906.550048828125,1855.6416015625,106769.0
2024-01-02,1915.5,1995.0,1905.300048828125,1977.0,1924.210205078125,383355.0
2024-01-03,1982.0,2040.0,1979.0,2031.0999755859373,1976.86572265625,336235.0
2024-01-04,2043.0,2057.60009765625,1968.4000244140625,1975.300048828125,1922.555908203125,211701.0
2024-01-05,1986.0,2026.0,1980.0,1989.75,1936.619873046875,275554.0
2024-01-08,1999.0,2017.699951171875,1920.0,1930.449951171875,1878.9033203125,142853.0
2024-01-09,1940.0,2000.0,1915.0,1941.050048828125,1889.2203369140625,357548.0
2024-01-10,1943.0,1963.050048828125,1886.050048828125,1908.699951171875,1857.734130859375,189506.0
2024-01-11,1917.0,1978.0,1908.699951171875,1957.1500244140625,1904.890380859375,275355.0
2024-01-12,1951.050048828125,1977.800048828125,1935.0,1965.8499755859373,1913.3580322265625,175163.0
2024-01-15,1965.8499755859373,1965.8499755859373,1965.8499755859373,1965.8499755859373,1913.3580322265625,0.0
2024-01-16,1954.0,1972.0,1909.050048828125,1935.3499755859373,1883.6724853515625,115085.0
2024-01-17,1930.0,1963.449951171875,1910.0,1953.9000244140625,1901.7271728515625,259628.0
2024-01-18,1935.0,1954.8499755859373,1845.800048828125,1950.25,1898.174560546875,180402.0
2024-01-19,1950.25,2020.949951171875,1942.3499755859373,1966.25,1913.7474365234373,197210.0
2024-01-23,1940.0999755859373,1960.800048828125,1865.300048828125,1885.25,1834.9102783203125,126569.0
2024-01-24,1851.199951171875,1974.3499755859373,1851.199951171875,1936.949951171875,1885.2296142578125,331318.0
2024-01-25,1939.4000244140625,1943.949951171875,1892.4000244140625,1899.050048828125,1848.341796875,75586.0
2024-01-29,1908.699951171875,1908.699951171875,1864.0999755859373,1880.5999755859373,1830.3843994140625,108850.0
2024-01-30,1889.699951171875,1912.8499755859373,1865.199951171875,1888.300048828125,1837.87890625,143699.0
2024-01-31,1888.300048828125,1998.550048828125,1882.5,1956.550048828125,1904.306396484375,233378.0
2024-02-01,1956.3499755859373,1990.0,1946.050048828125,1983.800048828125,1930.8287353515625,247305.0
2024-02-02,1993.699951171875,2026.949951171875,1989.3499755859373,1998.550048828125,1945.1849365234373,345608.0
2024-02-05,2008.0,2041.949951171875,2002.550048828125,2018.0,1964.1156005859373,258384.0
2024-02-06,2022.0,2160.0,2022.0,2140.39990234375,2083.2470703125,620044.0
2024-02-07,2140.5,2194.0,2034.5,2043.9000244140625,1989.323974609375,377150.0
2024-02-08,2049.0,2055.89990234375,1986.199951171875,1996.25,1942.9464111328125,162482.0
2024-02-09,2003.0,2022.300048828125,1964.0,2007.25,1953.652587890625,140161.0
2024-02-12,2007.25,2038.949951171875,1987.0999755859373,1996.0999755859373,1942.80029296875,151900.0
2024-02-13,1996.0999755859373,2021.5999755859373,1931.0,1979.9000244140625,1927.032958984375,308052.0
2024-02-14,1959.3499755859373,1979.0,1921.0,1950.050048828125,1897.97998046875,195128.0
2024-02-15,1920.0,2031.0,1865.0,1897.0999755859373,1846.4437255859373,1233168.0
2024-02-16,1910.0,2060.0,1908.050048828125,2001.1500244140625,1947.715576171875,860849.0
2024-02-19,2024.699951171875,2026.5999755859373,1965.3499755859373,2000.300048828125,1946.8883056640625,188853.0
2024-02-20,2000.0,2014.0,1945.75,1966.75,1914.234130859375,168869.0
2024-02-21,1966.0,1980.0,1935.0,1952.699951171875,1900.55908203125,139572.0
2024-02-22,1953.0,1953.0,1894.449951171875,1898.6500244140625,1847.9525146484373,238387.0
2024-02-23,1909.0,1915.949951171875,1836.1500244140625,1861.0999755859373,1811.405029296875,342877.0
2024-02-26,1866.050048828125,1874.0,1811.8499755859373,1830.5999755859373,1781.719482421875,226919.0
2024-02-27,1844.9000244140625,1862.6500244140625,1798.0,1821.949951171875,1773.3004150390625,269905.0
2024-02-28,1830.0,1841.25,1793.0,1801.800048828125,1753.6885986328125,157618.0
2024-02-29,1809.0,1812.8499755859373,1732.9000244140625,1765.949951171875,1718.7957763671875,244498.0
2024-03-01,1770.0,1807.0,1740.449951171875,1787.550048828125,1739.819091796875,318279.0
2024-03-04,1809.0,1822.199951171875,1666.800048828125,1707.949951171875,1662.344482421875,528410.0
2024-03-05,1710.25,1782.4000244140625,1707.949951171875,1755.8499755859375,1708.9654541015625,457269.0
2024-03-06,1764.949951171875,1769.949951171875,1724.0999755859375,1744.5999755859375,1698.015869140625,169060.0
2024-03-07,1747.9000244140625,1779.550048828125,1726.25,1765.199951171875,1718.065673828125,224522.0
2024-03-11,1773.8499755859375,1776.75,1731.949951171875,1752.800048828125,1705.996826171875,126820.0
2024-03-12,1752.800048828125,1760.550048828125,1706.0999755859375,1731.75,1685.509033203125,233224.0
2024-03-13,1732.0,1732.4000244140625,1671.0,1690.699951171875,1645.5550537109375,361620.0
2024-03-14,1688.0,1755.0,1670.949951171875,1748.75,1702.0550537109375,101033.0
2024-03-15,1748.0,1811.9000244140625,1728.75,1790.0,1742.20361328125,170394.0
2024-03-18,1789.949951171875,1805.0,1756.0,1786.449951171875,1738.7484130859375,68653.0
2024-03-19,1791.4000244140625,1791.4000244140625,1753.0999755859375,1772.9000244140625,1725.5601806640625,49536.0
2024-03-20,1772.9000244140625,1773.949951171875,1690.0,1700.75,1655.3367919921875,283536.0
2024-03-21,1734.949951171875,1765.0,1711.300048828125,1753.0,1706.191650390625,117503.0
2024-03-22,1774.699951171875,1805.0,1750.050048828125,1794.3499755859375,1746.4373779296875,99046.0
2024-03-26,1781.0,1800.800048828125,1760.0,1791.449951171875,1743.614990234375,60414.0
2024-03-27,1773.75,1838.0999755859373,1773.75,1820.5,1771.88916015625,106950.0
2024-03-28,1843.3499755859373,1851.0,1803.25,1845.25,1795.9783935546875,98202.0
2024-04-01,1845.25,1868.300048828125,1803.9000244140625,1813.75,1765.3194580078125,84380.0
2024-04-02,1820.0,1829.699951171875,1785.0,1788.699951171875,1740.9383544921875,72299.0
2024-04-03,1790.050048828125,1819.800048828125,1782.300048828125,1787.5999755859375,1739.8677978515625,131873.0
2024-04-04,1810.0,1810.0,1770.050048828125,1775.0999755859375,1727.7015380859375,130476.0
2024-04-05,1780.050048828125,1799.949951171875,1745.0,1754.550048828125,1707.7001953125,127185.0
2024-04-08,1789.949951171875,1879.0,1768.0999755859375,1859.5999755859373,1809.9451904296875,845548.0
2024-04-09,1769.699951171875,1809.699951171875,1735.050048828125,1800.3499755859375,1752.2772216796875,14329144.0
2024-04-10,1809.6500244140625,1812.699951171875,1771.0,1792.4000244140625,1744.53955078125,521014.0
2024-04-12,1776.199951171875,1781.3499755859375,1735.0,1749.6500244140625,1702.9310302734375,840422.0
2024-04-15,1731.5999755859375,1759.0,1711.800048828125,1752.300048828125,1705.5103759765625,335718.0
2024-04-16,1749.0,1768.5,1731.699951171875,1749.75,1703.0284423828125,187181.0
2024-04-18,1750.0,1778.0,1732.0,1764.4000244140625,1717.2872314453125,346803.0
2024-04-19,1740.050048828125,1779.699951171875,1736.0,1763.5999755859375,1716.508544921875,96212.0
2024-04-22,1784.0,1784.0,1753.0,1776.9000244140625,1729.453369140625,86990.0
2024-04-23,1782.949951171875,1786.0,1761.050048828125,1781.9000244140625,1734.3199462890625,76362.0
2024-04-24,1797.0,1797.0,1747.300048828125,1756.699951171875,1709.792724609375,89617.0
2024-04-25,1770.0,1780.800048828125,1736.0,1738.5999755859375,1692.176025390625,74251.0
2024-04-26,1756.699951171875,1756.699951171875,1722.0,1728.3499755859375,1682.1998291015625,166537.0
2024-04-29,1738.0,1747.199951171875,1708.0,1729.25,1683.0758056640625,219405.0
2024-04-30,1739.9000244140625,1742.0999755859375,1708.5,1711.199951171875,1665.5076904296875,109691.0
2024-05-02,1729.949951171875,1739.449951171875,1701.0999755859375,1722.300048828125,1676.3114013671875,412615.0
2024-05-03,1736.0,1736.0,1661.25,1686.449951171875,1641.4185791015625,254645.0
2024-05-06,1691.0,1709.9000244140625,1666.0,1703.300048828125,1657.8187255859375,293241.0
2024-05-07,1717.0,1772.5,1662.050048828125,1710.550048828125,1664.8751220703125,354693.0
2024-05-08,1698.0,1723.949951171875,1688.0999755859375,1716.8499755859375,1671.0068359375,91623.0
2024-05-09,1720.0,1722.949951171875,1680.0,1693.0,1647.793701171875,66764.0
2024-05-10,1695.1500244140625,1714.949951171875,1684.0999755859375,1710.0,1664.33984375,57650.0
2024-05-13,1695.0,1770.0,1685.0,1764.4000244140625,1717.2872314453125,377296.0
2024-05-14,1770.0,1770.0,1742.0,1765.5,1718.3577880859375,83863.0
2024-05-15,1756.8499755859375,1790.0,1756.8499755859375,1775.199951171875,1727.7987060546875,84729.0
2024-05-16,1779.050048828125,1819.050048828125,1765.0,1779.6500244140625,1732.1300048828125,428653.0
2024-05-17,1785.0,1796.050048828125,1765.0,1791.25,1743.4202880859375,119030.0
2024-05-21,1770.0,1806.0,1770.0,1800.9000244140625,1752.8126220703125,216857.0
2024-05-22,1812.0,1830.0999755859373,1773.0999755859375,1793.050048828125,1745.1722412109375,131943.0
2024-05-23,1910.1500244140625,1989.9000244140625,1861.199951171875,1881.8499755859373,1831.6009521484373,2116376.0
2024-05-24,1880.0,1928.0999755859373,1829.3499755859373,1885.9000244140625,1835.5428466796875,720082.0
2024-05-27,1897.0,1897.0,1860.0,1866.4000244140625,1816.563720703125,747213.0
2024-05-28,1874.0,1874.0,1810.0,1814.6500244140625,1766.1954345703125,151435.0
2024-05-29,1814.6500244140625,1870.0,1814.6500244140625,1861.050048828125,1811.3564453125,196219.0
2024-05-30,1861.050048828125,1868.4000244140625,1836.75,1850.199951171875,1800.796142578125,268605.0
2024-05-31,1835.0,1860.0,1835.0,1840.1500244140625,1791.0145263671875,192335.0
2024-06-03,1860.0,1880.050048828125,1831.0,1850.3499755859373,1800.9422607421875,366071.0
2024-06-04,1850.3499755859373,1866.699951171875,1654.5,1790.449951171875,1742.6414794921875,190205.0
2024-06-05,1831.0,1854.5999755859373,1722.949951171875,1833.1500244140625,1784.201416015625,727416.0
2024-06-06,1879.9000244140625,1879.9000244140625,1825.0,1833.300048828125,1784.347412109375,116060.0
2024-06-07,1839.949951171875,1866.800048828125,1829.300048828125,1857.800048828125,1808.1932373046875,176272.0
2024-06-10,1857.0,1892.0,1850.050048828125,1887.300048828125,1836.905517578125,105055.0
2024-06-11,1890.0,1914.75,1862.0,1875.6500244140625,1825.5665283203125,170816.0
2024-06-12,1878.0,1896.800048828125,1868.0,1873.75,1823.7174072265625,47051.0
2024-06-13,1892.5,1914.0,1850.0,1855.800048828125,1806.2467041015625,263703.0
2024-06-14,1874.3499755859373,1880.9000244140625,1831.6500244140625,1845.949951171875,1796.65966796875,80642.0
2024-06-18,1842.9000244140625,1869.0,1825.0,1839.6500244140625,1790.52783203125,296667.0
2024-06-19,1869.949951171875,1875.0,1776.0,1828.0999755859373,1779.2861328125,2007185.0
2024-06-20,1837.0,1838.949951171875,1815.0,1830.75,1781.8656005859375,558317.0
2024-06-21,1825.300048828125,1837.949951171875,1784.0,1816.0,1767.5093994140625,771198.0
2024-06-24,1800.0,1826.949951171875,1788.949951171875,1823.199951171875,1774.5169677734375,390829.0
2024-06-25,1835.0,1835.0,1810.0,1823.300048828125,1774.614501953125,359166.0
2024-06-26,1817.0,1821.550048828125,1776.0999755859375,1785.199951171875,1737.5318603515625,276425.0
2024-06-27,1781.0,1829.9000244140625,1781.0,1817.3499755859373,1768.8233642578125,252220.0
2024-06-28,1818.8499755859373,1835.0,1803.550048828125,1824.8499755859373,1776.123046875,220838.0
2024-07-01,1840.0,1842.449951171875,1810.1500244140625,1818.1500244140625,1769.6019287109375,99268.0
2024-07-02,1818.0,1821.3499755859373,1804.050048828125,1810.800048828125,1762.4482421875,177181.0
2024-07-03,1812.050048828125,1832.0,1808.0,1810.199951171875,1761.8642578125,47439.0
2024-07-04,1814.6500244140625,1828.0,1805.0,1810.0,1761.669677734375,172326.0
2024-07-05,1814.949951171875,1868.75,1803.0,1839.75,1790.625244140625,283446.0
2024-07-08,1845.0,1892.0,1834.699951171875,1885.1500244140625,1834.81298828125,337309.0
2024-07-09,1891.0,2143.0,1869.0,2031.800048828125,1977.547119140625,2012803.0
2024-07-10,2028.5999755859373,2049.300048828125,1922.0,1983.0,1930.0501708984373,346549.0
2024-07-11,1989.300048828125,2062.85009765625,1977.6500244140625,2051.39990234375,1996.6236572265625,274544.0
2024-07-12,2072.0,2080.0,2012.25,2031.699951171875,1977.44970703125,259515.0
2024-07-15,2041.199951171875,2044.1500244140625,1991.0999755859373,2001.199951171875,1947.76416015625,93277.0
2024-07-16,2003.0,2079.949951171875,1985.0,2051.0,1996.234375,267763.0
2024-07-18,2066.949951171875,2066.949951171875,1990.9000244140625,2009.75,1956.0858154296875,118320.0
2024-07-19,1996.0,2008.75,1963.3499755859373,1990.5999755859373,1937.4471435546875,115987.0
2024-07-22,1990.25,2009.0,1961.0999755859373,1994.75,1941.486328125,82892.0
2024-07-23,2006.449951171875,2023.1500244140625,1936.199951171875,1981.75,1928.8336181640625,151090.0
2024-07-24,1999.0,2030.949951171875,1984.5999755859373,2019.5999755859373,1965.6727294921875,88361.0
2024-07-25,2014.050048828125,2045.5999755859373,1978.4000244140625,2004.949951171875,1951.4139404296875,240176.0
2024-07-26,2009.949951171875,2068.0,1990.0,2016.5999755859373,1962.7529296875,127144.0
2024-07-29,2040.949951171875,2057.0,2016.5999755859373,2029.6500244140625,1975.4544677734373,319137.0
2024-07-30,2043.949951171875,2065.0,2002.6500244140625,2058.64990234375,2003.6800537109373,607507.0
2024-07-31,2080.0,2183.85009765625,2066.0,2141.60009765625,2084.41552734375,883554.0
2024-08-01,2150.0,2159.949951171875,2103.0,2123.64990234375,2066.9443359375,194441.0
2024-08-02,2088.0,2147.0,2073.5,2126.64990234375,2069.8642578125,191983.0
2024-08-05,2031.0,2150.0,2020.0,2115.39990234375,2058.914794921875,341936.0
2024-08-06,2120.0,2220.949951171875,2075.550048828125,2106.949951171875,2050.6904296875,581155.0
2024-08-07,2010.050048828125,2079.949951171875,1911.050048828125,2027.9000244140625,1973.7513427734373,1853375.0
2024-08-08,2048.10009765625,2049.89990234375,1977.0,2027.550048828125,1973.41064453125,384599.0
2024-08-09,2027.550048828125,2099.550048828125,2019.050048828125,2026.449951171875,1972.33984375,302843.0
2024-08-12,2031.0,2085.0,2021.0,2037.949951171875,1983.5328369140625,130923.0
2024-08-13,2070.0,2070.0,1962.5,1969.4000244140625,1916.8133544921875,195503.0
2024-08-14,1970.0,2009.0,1952.25,1958.25,1905.9609375,122703.0
2024-08-16,1942.800048828125,1973.75,1909.449951171875,1945.050048828125,1912.6478271484373,348490.0
2024-08-19,1957.699951171875,1995.0,1951.0,1961.0,1928.33203125,136153.0
2024-08-20,1984.1500244140625,1999.949951171875,1922.25,1929.9000244140625,1897.7501220703125,110989.0
2024-08-21,1958.0,1977.5,1921.0,1929.75,1897.6026611328125,334459.0
2024-08-22,1958.699951171875,1959.0,1885.050048828125,1900.25,1868.5941162109373,634906.0
2024-08-23,1904.949951171875,1919.699951171875,1865.6500244140625,1868.699951171875,1837.569580078125,221673.0
2024-08-26,1879.0,1888.949951171875,1851.0,1854.25,1823.3603515625,292605.0
2024-08-27,1879.949951171875,1918.0,1856.5999755859373,1873.300048828125,1842.093017578125,1012396.0
2024-08-28,1890.0,1890.0,1851.050048828125,1859.4000244140625,1828.424560546875,415617.0
2024-08-29,1858.0,1867.550048828125,1839.5999755859373,1849.0,1818.1978759765625,631720.0
2024-08-30,1848.0,1886.0,1830.0,1838.550048828125,1807.9219970703125,1536456.0
2024-09-02,1860.0,1860.0,1824.0,1832.949951171875,1802.4151611328125,288789.0
2024-09-03,1848.699951171875,1942.0,1840.9000244140625,1893.3499755859373,1861.8089599609373,850036.0
2024-09-04,1916.6500244140625,1922.0999755859373,1872.050048828125,1887.050048828125,1855.6138916015625,254214.0
2024-09-05,1905.0,1917.4000244140625,1886.0,1891.800048828125,1860.284912109375,278442.0
2024-09-06,1882.0,1916.949951171875,1879.5,1906.0,1874.2481689453125,144328.0
2024-09-09,1915.949951171875,1974.550048828125,1865.0,1898.6500244140625,1867.020751953125,495176.0
2024-09-10,1911.5,1962.0,1909.050048828125,1927.449951171875,1895.3409423828125,181780.0
2024-09-11,1927.449951171875,1945.949951171875,1879.5,1888.199951171875,1856.7447509765625,120885.0
2024-09-12,1896.1500244140625,1908.0,1873.050048828125,1890.75,1859.2523193359373,139001.0
2024-09-13,1890.050048828125,1890.050048828125,1858.300048828125,1878.25,1846.9605712890625,150249.0
2024-09-16,1878.25,1895.949951171875,1862.0,1865.449951171875,1834.3736572265625,76554.0
2024-09-17,1874.0,1874.0,1830.75,1845.5999755859373,1814.8543701171875,163275.0
2024-09-18,1858.0,1865.449951171875,1827.0,1841.5,1810.82275390625,140341.0
2024-09-19,1845.0,1849.449951171875,1801.0,1810.050048828125,1779.896728515625,230547.0
2024-09-20,1814.5999755859373,1824.8499755859373,1787.5,1800.449951171875,1770.45654296875,458897.0
2024-09-23,1823.0,1856.0,1818.4000244140625,1846.199951171875,1815.4444580078125,120909.0
2024-09-24,1864.0999755859373,1870.5,1847.0,1855.25,1824.34375,169169.0
2024-09-25,1857.550048828125,1897.0,1850.5999755859373,1857.8499755859373,1826.900390625,1019358.0
2024-09-26,1857.8499755859373,1863.8499755859373,1820.0999755859373,1848.449951171875,1817.6568603515625,120134.0
2024-09-27,1808.0,1827.0,1771.0,1784.050048828125,1754.329833984375,1504526.0
2024-09-30,1785.0,1799.9000244140625,1771.0,1795.9000244140625,1765.982421875,207811.0
2024-10-01,1802.550048828125,1805.0,1781.1500244140625,1800.800048828125,1770.80078125,208920.0
2024-10-03,1786.050048828125,1795.0,1760.0999755859375,1782.25,1752.559814453125,119370.0
2024-10-04,1776.0,1793.0,1740.0,1749.050048828125,1719.912841796875,149623.0
2024-10-07,1751.949951171875,1779.0,1689.949951171875,1709.0999755859375,1680.6282958984375,181715.0
2024-10-08,1710.0,1720.0,1685.0,1699.75,1671.43408203125,110233.0
2024-10-09,1699.75,1733.949951171875,1686.0,1700.0999755859375,1671.7783203125,288655.0
2024-10-10,1705.0,1724.0999755859375,1693.0,1702.5,1674.1383056640625,72509.0
2024-10-11,1708.0,1708.0,1693.300048828125,1698.550048828125,1670.254150390625,80521.0
2024-10-14,1699.0,1713.1500244140625,1677.0,1681.1500244140625,1653.14404296875,87416.0
2024-10-15,1690.0,1698.0,1630.75,1649.8499755859375,1622.3653564453125,209665.0
2024-10-16,1652.949951171875,1695.0,1630.1500244140625,1666.3499755859375,1638.590576171875,732542.0
2024-10-17,1667.0,1669.4000244140625,1627.0,1639.6500244140625,1612.3353271484375,96802.0
2024-10-18,1639.0,1655.550048828125,1598.5999755859375,1650.0999755859375,1622.6112060546875,406250.0
2024-10-21,1671.5999755859375,1696.8499755859375,1662.1500244140625,1675.300048828125,1647.3914794921875,323911.0
2024-10-22,1675.300048828125,1682.8499755859375,1640.0,1647.5999755859375,1620.1529541015625,135796.0
2024-10-23,1640.0,1647.1500244140625,1585.699951171875,1607.3499755859375,1580.5733642578125,145731.0
2024-10-24,1609.9000244140625,1660.0,1604.0,1641.949951171875,1614.5970458984375,193657.0
2024-10-25,1655.0,1663.3499755859375,1591.8499755859375,1605.8499755859375,1579.098388671875,106396.0
2024-10-28,1615.0,1640.0,1602.75,1624.550048828125,1597.4869384765625,71528.0
2024-10-29,1624.550048828125,1639.9000244140625,1601.4000244140625,1625.4000244140625,1598.32275390625,191638.0
2024-10-30,1627.0,1653.699951171875,1616.449951171875,1642.1500244140625,1614.793701171875,57485.0
2024-10-31,1642.0,1656.550048828125,1623.800048828125,1651.0999755859375,1623.5946044921875,103411.0
2024-11-01,1651.0999755859375,1659.449951171875,1637.449951171875,1646.3499755859375,1618.923583984375,20971.0
2024-11-04,1653.5999755859375,1653.5999755859375,1603.0,1610.9000244140625,1584.0643310546875,88189.0
2024-11-05,1601.0,1850.0,1600.0,1832.8499755859373,1802.31689453125,5756461.0
2024-11-06,1800.0,1871.699951171875,1765.550048828125,1856.3499755859373,1825.42529296875,1032883.0
2024-11-07,1827.199951171875,1849.5,1793.449951171875,1803.800048828125,1773.7508544921875,442892.0
2024-11-08,1786.0,1828.300048828125,1775.0,1777.5999755859375,1747.9871826171875,202286.0
2024-11-11,1784.5,1858.300048828125,1777.5999755859375,1818.0999755859373,1787.8126220703125,295507.0
2024-11-12,1821.699951171875,1831.9000244140625,1750.0,1764.550048828125,1735.1546630859375,87563.0
2024-11-13,1764.0,1764.75,1696.0999755859375,1703.4000244140625,1675.0233154296875,97009.0
2024-11-14,1703.0,1782.949951171875,1703.0,1774.0,1744.447265625,150733.0
2024-11-18,1765.0,1792.449951171875,1726.449951171875,1773.300048828125,1743.759033203125,103079.0
2024-11-19,1751.1500244140625,1798.0999755859375,1751.1500244140625,1783.0,1753.29736328125,68744.0
2024-11-21,1764.0,1794.0,1725.0,1787.0,1757.230712890625,87198.0
2024-11-22,1787.0,1804.9000244140625,1748.199951171875,1755.050048828125,1725.81298828125,101150.0
2024-11-25,1779.0,1786.800048828125,1756.3499755859375,1773.949951171875,1744.3980712890625,172956.0
2024-11-26,1782.25,1791.699951171875,1733.050048828125,1740.5999755859375,1711.6036376953125,98533.0
2024-11-27,1746.5,1760.0,1721.0,1728.4000244140625,1699.60693359375,49017.0
2024-11-28,1728.4000244140625,1752.0999755859375,1712.0999755859375,1718.3499755859375,1689.7242431640625,181770.0
2024-11-29,1719.550048828125,1744.300048828125,1713.449951171875,1738.0,1709.0469970703125,64267.0
2024-12-02,1735.199951171875,1817.449951171875,1732.5999755859375,1780.0999755859375,1750.445556640625,148123.0
2024-12-03,1784.699951171875,1845.0,1777.550048828125,1812.449951171875,1782.2567138671875,267064.0
2024-12-04,1800.0,1827.8499755859373,1790.0,1800.8499755859375,1770.849853515625,134463.0
2024-12-05,1801.449951171875,1840.0,1786.0,1834.199951171875,1803.644287109375,114458.0
2024-12-06,1837.0999755859373,1837.1500244140625,1804.0,1813.25,1783.04345703125,69337.0
2024-12-09,1822.25,1838.0,1781.050048828125,1791.949951171875,1762.09814453125,87607.0
2024-12-10,1791.0,1800.0,1756.050048828125,1760.8499755859375,1731.5162353515625,90671.0
2024-12-11,1770.9000244140625,1788.300048828125,1756.3499755859375,1775.300048828125,1745.7257080078125,75198.0
2024-12-12,1850.0,1864.0,1761.199951171875,1782.550048828125,1752.8548583984375,706438.0
2024-12-13,1765.550048828125,1767.5,1736.6500244140625,1748.0999755859375,1718.9786376953125,80817.0
2024-12-16,1740.449951171875,1751.9000244140625,1727.050048828125,1731.3499755859375,1702.5076904296875,49734.0
2024-12-17,1725.0,1780.949951171875,1725.0,1747.4000244140625,1718.290283203125,184421.0
2024-12-18,1750.0,1784.0,1748.050048828125,1763.9000244140625,1734.5155029296875,98783.0
2024-12-19,1759.9000244140625,1794.4000244140625,1748.5999755859375,1777.5999755859375,1747.9871826171875,186447.0
2024-12-20,1790.0,1794.800048828125,1765.0,1772.300048828125,1742.775634765625,101436.0
2024-12-23,1790.25,1793.0,1743.050048828125,1764.800048828125,1735.400634765625,147482.0
2024-12-24,1774.050048828125,1807.8499755859373,1754.5999755859375,1779.449951171875,1749.806396484375,103590.0
2024-12-26,1754.449951171875,1832.0,1733.550048828125,1824.3499755859373,1793.95849609375,443499.0
2024-12-27,1827.199951171875,1831.8499755859373,1793.5999755859375,1810.6500244140625,1780.4866943359375,246201.0
2024-12-30,1810.6500244140625,1819.8499755859373,1773.9000244140625,1784.5,1754.7723388671875,88224.0
2024-12-31,1779.0,1799.449951171875,1764.050048828125,1779.3499755859375,1749.7081298828125,119180.0
2025-01-01,1765.0999755859375,1824.0,1762.800048828125,1810.0999755859373,1779.94580078125,149613.0
2025-01-02,1810.699951171875,1851.949951171875,1810.699951171875,1842.0,1811.314453125,358717.0
2025-01-03,1842.0,1919.5,1840.050048828125,1901.0999755859373,1869.4298095703125,518068.0
2025-01-06,1964.0,1964.0,1878.1500244140625,1890.75,1859.2523193359373,443053.0
2025-01-07,1900.0,1916.75,1846.5,1850.050048828125,1819.2303466796875,222933.0
2025-01-08,1870.0,1912.9000244140625,1836.1500244140625,1849.800048828125,1818.9844970703125,300187.0
2025-01-09,1850.050048828125,1858.5999755859373,1806.25,1829.949951171875,1799.465087890625,120723.0
2025-01-10,1800.0,1808.199951171875,1774.949951171875,1782.050048828125,1752.3631591796875,368580.0
2025-01-13,1710.050048828125,1775.0,1645.4000244140625,1695.300048828125,1667.058349609375,333796.0
2025-01-14,1690.050048828125,1697.6500244140625,1662.949951171875,1669.0,1641.1964111328125,169799.0
2025-01-15,1678.0,1697.4000244140625,1652.5,1674.449951171875,1646.5555419921875,138020.0
2025-01-16,1683.300048828125,1719.800048828125,1667.1500244140625,1675.8499755859375,1647.9322509765625,275164.0
2025-01-17,1687.050048828125,1704.949951171875,1670.0,1679.199951171875,1651.2264404296875,117007.0
2025-01-20,1725.0,1725.0,1668.5,1676.699951171875,1648.76806640625,285344.0
2025-01-21,1690.0,1697.0999755859375,1651.0,1659.199951171875,1631.5595703125,106481.0
2025-01-22,1659.75,1665.949951171875,1627.5,1633.550048828125,1606.3370361328125,77017.0
2025-01-23,1630.0,1653.949951171875,1616.0,1622.449951171875,1595.421875,192856.0
2025-01-24,1636.25,1636.25,1550.0,1558.050048828125,1532.0947265625,148758.0
2025-01-27,1558.050048828125,1558.050048828125,1428.0,1440.199951171875,1416.2078857421875,366042.0
2025-01-28,1482.0,1523.300048828125,1417.050048828125,1486.25,1461.4908447265625,399847.0
2025-01-29,1490.0,1512.5,1480.0,1506.8499755859375,1481.74755859375,79923.0
2025-01-30,1501.0,1527.0,1492.550048828125,1506.4000244140625,1481.30517578125,97520.0
2025-01-31,1502.0,1534.0,1494.0,1524.75,1499.3494873046875,130708.0
2025-02-01,1527.75,1543.0,1500.050048828125,1530.449951171875,1504.9544677734375,56826.0
2025-02-03,1530.449951171875,1543.449951171875,1504.0,1513.949951171875,1488.729248046875,100734.0
2025-02-04,1510.0,1518.949951171875,1435.0,1458.550048828125,1434.2523193359375,726579.0
2025-02-05,1477.949951171875,1507.0,1467.800048828125,1497.25,1472.3076171875,155761.0
2025-02-06,1504.699951171875,1528.4000244140625,1490.0999755859375,1517.050048828125,1491.77783203125,181133.0
2025-02-07,1526.0,1526.0,1492.8499755859375,1516.5999755859375,1491.3350830078125,113408.0
2025-02-10,1516.5999755859375,1523.300048828125,1471.050048828125,1477.8499755859375,1453.230712890625,127940.0
2025-02-11,1477.8499755859375,1483.699951171875,1444.8499755859375,1451.75,1427.5655517578125,159277.0
2025-02-12,1450.0,1512.0,1411.0999755859375,1478.75,1454.11572265625,314223.0
2025-02-13,1484.949951171875,1509.1500244140625,1466.449951171875,1476.1500244140625,1451.55908203125,96590.0
2025-02-14,1469.0,1507.449951171875,1450.5,1459.4000244140625,1435.088134765625,76952.0
2025-02-17,1460.050048828125,1498.6500244140625,1435.1500244140625,1478.6500244140625,1454.017333984375,109775.0
2025-02-18,1478.6500244140625,1489.9000244140625,1459.550048828125,1471.3499755859375,1446.8389892578125,63308.0
2025-02-19,1471.300048828125,1503.8499755859375,1443.1500244140625,1499.550048828125,1474.5693359375,139728.0
2025-02-20,1501.1500244140625,1531.949951171875,1486.199951171875,1519.949951171875,1494.62939453125,115836.0
2025-02-21,1519.949951171875,1567.699951171875,1515.050048828125,1526.5999755859375,1501.1685791015625,103858.0
2025-02-24,1514.050048828125,1597.5,1473.25,1525.3499755859375,1499.939453125,347761.0
2025-02-25,1540.550048828125,1634.9000244140625,1525.5,1597.9000244140625,1571.2808837890625,1698369.0
2025-02-27,1600.0,1651.9000244140625,1580.199951171875,1617.800048828125,1590.849365234375,376161.0
2025-02-28,1550.0,1622.4000244140625,1504.199951171875,1552.800048828125,1526.9322509765625,324164.0
2025-03-03,1556.0,1598.949951171875,1513.0,1538.800048828125,1513.1654052734375,219748.0
2025-03-04,1525.0,1586.0,1513.0999755859375,1522.4000244140625,1497.03857421875,182218.0
2025-03-05,1500.0,1580.199951171875,1500.0,1576.5999755859375,1550.335693359375,123673.0
2025-03-06,1602.0,1636.800048828125,1589.949951171875,1629.949951171875,1602.796875,177813.0
2025-03-07,1628.0,1672.449951171875,1623.6500244140625,1641.550048828125,1614.2037353515625,166390.0
2025-03-10,1632.550048828125,1667.0,1630.0,1654.699951171875,1627.1346435546875,125785.0
2025-03-11,1642.0,1667.949951171875,1601.699951171875,1609.550048828125,1582.73681640625,126636.0
2025-03-12,1600.0,1619.699951171875,1552.550048828125,1579.0999755859375,1552.7939453125,161603.0
2025-03-13,1585.0,1595.0,1545.75,1554.8499755859375,1528.947998046875,141236.0
2025-03-17,1554.8499755859375,1585.9000244140625,1542.5999755859375,1556.75,1530.8162841796875,105464.0
2025-03-18,1556.75,1556.75,1556.75,1556.75,1530.8162841796875,0.0
2025-03-19,1594.0,1604.75,1556.6500244140625,1582.5,1556.1373291015625,149477.0
2025-03-20,1598.0,1600.0,1564.449951171875,1591.6500244140625,1565.1348876953125,331371.0
2025-03-21,1606.25,1684.9000244140625,1512.300048828125,1585.4000244140625,1558.989013671875,3976802.0
2025-03-24,1641.050048828125,1660.0,1602.0,1610.199951171875,1583.3758544921875,156702.0
2025-03-25,1623.949951171875,1642.0,1617.4000244140625,1634.0,1606.7794189453125,728952.0
2025-03-26,1633.6500244140625,1648.0,1607.4000244140625,1623.0999755859375,1596.06103515625,97701.0
2025-03-27,1605.0,1632.9000244140625,1585.0,1604.8499755859375,1578.1151123046875,108429.0
2025-03-28,1615.9000244140625,1633.949951171875,1580.300048828125,1592.4000244140625,1565.8724365234375,60089.0
2025-04-01,1605.550048828125,1613.4000244140625,1548.4000244140625,1553.550048828125,1527.6697998046875,191637.0
2025-04-02,1561.699951171875,1561.699951171875,1528.199951171875,1535.0999755859375,1509.5269775390625,86967.0
2025-04-03,1767.699951171875,1767.699951171875,1541.5999755859375,1559.5,1533.5205078125,2510488.0
2025-04-04,1564.6500244140625,1570.0,1463.0,1474.8499755859375,1450.28076171875,515601.0
2025-04-07,1300.0,1448.75,1277.800048828125,1415.800048828125,1392.2144775390625,249392.0
2025-04-08,1441.949951171875,1460.699951171875,1420.0,1425.5,1401.7528076171875,211217.0
2025-04-09,1390.0,1402.9000244140625,1342.0,1392.800048828125,1369.59765625,389590.0
2025-04-11,1455.5,1465.800048828125,1386.25,1393.75,1370.53173828125,807052.0
2025-04-15,1405.699951171875,1430.800048828125,1396.4000244140625,1426.300048828125,1402.53955078125,84419.0
2025-04-16,1435.0,1458.800048828125,1413.199951171875,1442.5999755859375,1418.5679931640625,192899.0
2025-04-17,1454.800048828125,1454.800048828125,1422.0999755859375,1449.4000244140625,1425.254638671875,140459.0
2025-04-21,1467.0,1467.9000244140625,1430.199951171875,1464.4000244140625,1440.0048828125,333309.0
2025-04-22,1460.0,1464.0999755859375,1446.699951171875,1450.9000244140625,1426.729736328125,289908.0
2025-04-23,1456.0,1486.0,1442.699951171875,1478.699951171875,1454.0665283203125,146886.0
2025-04-24,1481.5999755859375,1502.699951171875,1455.9000244140625,1465.5,1441.08642578125,210901.0
2025-04-25,1470.4000244140625,1476.0,1430.699951171875,1447.9000244140625,1423.7796630859375,95841.0
2025-04-28,1447.9000244140625,1458.4000244140625,1410.0,1413.0999755859375,1389.559326171875,190304.0
2025-04-29,1422.0,1440.0,1401.5999755859375,1412.9000244140625,1389.3626708984375,146431.0
2025-04-30,1414.9000244140625,1430.0,1395.0,1400.0,1376.677734375,159173.0
2025-05-02,1400.0,1421.5999755859375,1382.300048828125,1404.0,1380.6109619140625,88071.0
2025-05-05,1400.5999755859375,1432.5,1398.9000244140625,1419.300048828125,1395.6561279296875,96032.0
2025-05-06,1407.0,1420.0,1400.0,1413.300048828125,1389.756103515625,75524.0
2025-05-07,1400.0,1420.699951171875,1387.0999755859375,1403.9000244140625,1380.5126953125,70873.0
2025-05-08,1421.300048828125,1431.0,1405.5999755859375,1415.5999755859375,1392.0177001953125,57296.0
2025-05-09,1400.0,1428.5,1384.4000244140625,1426.0,1402.2445068359375,91114.0
2025-05-12,1426.0,1454.199951171875,1416.199951171875,1430.0999755859375,1406.2762451171875,107408.0
2025-05-13,1445.4000244140625,1469.5999755859375,1429.800048828125,1433.199951171875,1409.324462890625,107812.0
2025-05-14,1444.699951171875,1465.0,1425.0999755859375,1461.199951171875,1436.8580322265625,58207.0
2025-05-15,1468.0,1473.0,1457.0999755859375,1460.300048828125,1435.97314453125,44956.0
2025-05-16,1474.0,1476.4000244140625,1456.0,1469.4000244140625,1444.9215087890625,333563.0
2025-05-19,1471.0,1488.0999755859375,1452.199951171875,1483.9000244140625,1459.179931640625,104459.0
2025-05-20,1491.699951171875,1520.0,1488.0999755859375,1498.300048828125,1473.340087890625,177116.0
2025-05-21,1489.0,1580.0,1456.199951171875,1571.300048828125,1545.1240234375,1006495.0
2025-05-22,1566.0,1591.9000244140625,1533.5,1546.5999755859375,1520.83544921875,148472.0
2025-05-23,1554.699951171875,1567.4000244140625,1524.4000244140625,1528.699951171875,1503.2335205078125,130899.0
2025-05-26,1528.300048828125,1577.9000244140625,1512.0999755859375,1527.5999755859375,1502.1519775390625,63292.0
2025-05-27,1530.5,1556.4000244140625,1515.800048828125,1527.9000244140625,1502.4468994140625,117089.0
2025-05-28,1529.9000244140625,1535.0,1516.5999755859375,1525.699951171875,1500.2835693359375,43812.0
2025-05-29,1526.199951171875,1612.800048828125,1513.4000244140625,1578.199951171875,1551.9090576171875,246728.0
2025-05-30,1578.199951171875,1596.9000244140625,1570.0,1588.5999755859375,1562.1357421875,99872.0
2025-06-02,1583.699951171875,1622.0,1571.0999755859375,1611.800048828125,1584.9493408203125,136208.0
2025-06-03,1625.0,1640.0,1580.0,1588.9000244140625,1562.4307861328125,119928.0
2025-06-04,1605.0,1638.0,1588.4000244140625,1625.4000244140625,1598.32275390625,112434.0
2025-06-05,1614.0,1650.0,1600.0999755859375,1633.5999755859375,1606.3861083984375,187613.0
2025-06-06,1644.0,1657.9000244140625,1632.0,1642.0,1614.646240234375,95999.0
2025-06-09,1648.0,1653.699951171875,1635.199951171875,1648.4000244140625,1620.939697265625,95768.0
2025-06-10,1652.0,1667.300048828125,1645.0999755859375,1664.699951171875,1636.9678955078125,142370.0
2025-06-11,1669.9000244140625,1702.0,1656.9000244140625,1681.800048828125,1653.783203125,149217.0
2025-06-12,1682.0,1699.199951171875,1646.0999755859375,1669.4000244140625,1641.58984375,109120.0
2025-06-13,1630.0,1694.5,1629.9000244140625,1689.699951171875,1661.551513671875,88073.0
2025-06-16,1692.0,1780.0,1692.0,1770.800048828125,1741.300537109375,714875.0
2025-06-17,1774.0,1816.9000244140625,1740.0,1750.5999755859375,1721.43701171875,472872.0
2025-06-18,1743.199951171875,1748.199951171875,1721.0,1734.699951171875,1705.8018798828125,84672.0
2025-06-19,1725.9000244140625,1750.0,1692.5999755859375,1707.199951171875,1678.760009765625,80946.0
2025-06-20,1707.199951171875,1758.5,1707.199951171875,1723.4000244140625,1694.690185546875,258764.0
2025-06-23,1702.5,1750.0,1702.0999755859375,1744.4000244140625,1715.34033203125,80498.0
2025-06-24,1744.0,1800.0,1742.0999755859375,1764.9000244140625,1735.498779296875,215000.0
2025-06-25,1756.0999755859375,1790.5999755859375,1756.0999755859375,1780.300048828125,1750.642333984375,133488.0
2025-06-26,1802.0,1808.4000244140625,1774.5,1792.300048828125,1762.4423828125,265663.0
2025-06-27,1789.800048828125,1801.800048828125,1776.0,1781.4000244140625,1751.7239990234375,301361.0
2025-06-30,1781.4000244140625,1844.0,1781.4000244140625,1833.5999755859373,1803.054443359375,399506.0
2025-07-01,1842.300048828125,1884.800048828125,1822.4000244140625,1878.0,1846.7147216796875,417127.0
2025-07-02,1878.0999755859373,1881.0,1826.0999755859373,1866.800048828125,1835.7012939453125,315748.0
2025-07-03,1866.800048828125,1884.800048828125,1850.0,1874.4000244140625,1843.1746826171875,440458.0
2025-07-04,1873.0,1888.800048828125,1858.9000244140625,1872.699951171875,1841.5029296875,129735.0
2025-07-07,1872.0,1890.9000244140625,1853.0,1874.800048828125,1843.568115234375,141908.0
2025-07-08,1859.699951171875,1905.5999755859373,1859.699951171875,1888.300048828125,1856.84326171875,552271.0
2025-07-09,1885.0,1892.4000244140625,1869.5999755859373,1877.5999755859373,1846.3214111328125,226969.0
2025-07-10,1874.699951171875,1878.800048828125,1832.5,1844.0999755859373,1813.3795166015625,242490.0
2025-07-11,1844.0999755859373,1882.4000244140625,1840.0999755859373,1859.0,1828.0311279296875,600435.0
2025-07-14,1869.0,1934.4000244140625,1861.0999755859373,1889.5999755859373,1858.1214599609373,515348.0
2025-07-15,1899.5,1923.699951171875,1879.199951171875,1895.800048828125,1864.21826171875,755579.0
2025-07-16,1894.0,2006.4000244140625,1891.0,1970.9000244140625,1938.067138671875,1474182.0
2025-07-17,1987.199951171875,2027.0,1948.0,2007.699951171875,1974.25390625,1064470.0
2025-07-18,2018.0999755859373,2035.0,1992.0999755859373,2000.300048828125,1966.9774169921875,599204.0
2025-07-21,2030.0,2030.300048828125,1950.199951171875,2013.699951171875,1980.154052734375,854137.0
2025-07-22,2013.0,2019.0,1954.4000244140625,1961.800048828125,1929.1187744140625,187153.0
2025-07-23,1963.0,2051.0,1955.0,2038.0,2004.04931640625,645632.0
2025-07-24,2027.0,2058.60009765625,2014.0999755859373,2018.0999755859373,1984.4808349609373,191641.0
2025-07-25,2025.0,2049.89990234375,1993.4000244140625,2018.300048828125,1984.677490234375,242134.0
2025-07-28,2010.0,2064.0,2007.699951171875,2052.39990234375,2018.2093505859373,252690.0
2025-07-29,2062.60009765625,2131.0,2056.0,2102.10009765625,2067.08154296875,375226.0
2025-07-30,2102.0,2130.0,2050.0,2060.699951171875,2026.37109375,140627.0
2025-07-31,2000.0,2100.0,1987.0999755859373,2064.800048828125,2030.4029541015625,693215.0
2025-08-01,2060.0,2062.0,1951.5,1978.5,1945.54052734375,167710.0
2025-08-04,1975.699951171875,1999.4000244140625,1950.5,1982.800048828125,1949.7689208984373,111010.0
2025-08-05,1982.800048828125,2012.9000244140625,1931.0,1964.699951171875,1931.9703369140625,148493.0
2025-08-06,2020.199951171875,2089.39990234375,1940.300048828125,1957.5,1924.890380859375,1948663.0
2025-08-07,1939.800048828125,1977.0,1925.0,1957.800048828125,1925.1854248046875,256619.0
2025-08-08,1957.0,1972.5,1929.699951171875,1934.5999755859373,1902.371826171875,152477.0
2025-08-11,1934.5999755859373,1945.199951171875,1907.300048828125,1936.300048828125,1904.0435791015625,78843.0
2025-08-12,1943.0,1967.0,1914.699951171875,1933.4000244140625,1901.1917724609373,208466.0
2025-08-13,1934.0,1970.0,1922.0,1950.199951171875,1917.7117919921875,202968.0
2025-08-14,1948.0,1998.0,1945.0,1975.800048828125,1960.985107421875,208200.0
2025-08-18,1976.0,1995.0999755859373,1953.0999755859373,1973.0,1958.2060546875,162130.0
2025-08-19,1970.0,1973.0,1925.199951171875,1944.5,1929.9197998046875,193227.0
2025-08-20,1944.5,1953.9000244140625,1892.5,1943.5999755859373,1929.0264892578125,237050.0
2025-08-21,1945.4000244140625,1965.0,1935.5,1944.800048828125,1930.217529296875,274600.0
2025-08-22,1945.0,1964.699951171875,1911.0999755859373,1957.4000244140625,1942.7230224609373,430408.0
2025-08-25,1960.0,1980.0,1930.199951171875,1941.0,1926.446044921875,42668.0
2025-08-26,1927.0,1947.4000244140625,1913.0999755859373,1927.5,1913.0472412109373,96307.0
2025-08-28,1927.5,1929.0,1875.0999755859373,1886.800048828125,1872.6524658203125,251861.0
2025-08-29,1887.5,1904.0,1852.5999755859373,1871.5,1857.4671630859373,140575.0
2025-09-01,1880.0,1890.5999755859373,1848.0999755859373,1871.0999755859373,1857.070068359375,73834.0
2025-09-02,1871.0,1894.5,1862.300048828125,1867.0,1853.0008544921875,59681.0
2025-09-03,1882.0,1895.0999755859373,1860.0999755859373,1876.800048828125,1862.7274169921875,53433.0
2025-09-04,1890.0,1903.9000244140625,1865.0999755859373,1886.0,1871.8583984375,68805.0
2025-09-05,1885.0,1940.0,1880.0999755859373,1892.199951171875,1878.0118408203125,160227.0
2025-09-08,1900.5,1909.4000244140625,1856.0,1878.0999755859373,1864.017578125,79151.0
2025-09-09,1878.0,1930.0,1871.5,1921.0,1906.595947265625,431248.0
2025-09-10,1931.0,1964.300048828125,1887.0,1902.5,1888.234619140625,133734.0
2025-09-11,1912.5,1985.800048828125,1902.699951171875,1965.800048828125,1951.06005859375,318325.0
2025-09-12,1975.5999755859373,2027.0,1952.0,2021.199951171875,2006.0445556640625,242504.0
2025-09-15,2015.0,2046.0,1996.0,2017.199951171875,2002.0745849609373,227141.0
2025-09-16,2015.0999755859373,2049.800048828125,2008.5999755859373,2021.800048828125,2006.64013671875,191358.0
2025-09-17,2027.300048828125,2045.0,1971.0,1986.9000244140625,1972.0018310546875,217505.0
2025-09-18,1987.0,2025.0,1987.0,2016.5,2001.3798828125,271330.0
2025-09-19,2010.199951171875,2034.4000244140625,2007.9000244140625,2022.800048828125,2007.6326904296875,176265.0
2025-09-22,2025.0,2025.0,1991.0999755859373,2014.800048828125,1999.692626953125,173674.0
2025-09-23,2023.800048828125,2055.0,1988.199951171875,2017.199951171875,2002.0745849609373,132401.0
2025-09-24,2020.0,2028.0,1970.0,1977.800048828125,1962.9700927734373,85359.0
2025-09-25,1991.0,2007.5999755859373,1968.0999755859373,1972.800048828125,1958.007568359375,102301.0
2025-09-26,1900.0999755859373,1989.0,1880.0,1958.0999755859373,1943.417724609375,594322.0
2025-09-29,1950.0,2074.0,1920.300048828125,1998.0,1983.0185546875,1031408.0
2025-09-30,2003.300048828125,2040.9000244140625,1978.0999755859373,1991.5999755859373,1976.66650390625,195031.0
2025-10-01,1992.0,2026.0999755859373,1974.0,1981.5999755859373,1966.7415771484373,97274.0
2025-10-03,1960.0999755859373,2000.0,1945.0,1951.4000244140625,1936.76806640625,139407.0
2025-10-06,1953.0,1957.5,1926.0,1939.5999755859373,1925.0565185546875,134166.0
2025-10-07,1940.5,1950.0,1924.300048828125,1940.300048828125,1925.7513427734373,46464.0
2025-10-08,1937.800048828125,1964.9000244140625,1925.0,1957.0,1942.3260498046875,72177.0
2025-10-09,1955.0,1969.5999755859373,1937.0999755859373,1952.800048828125,1938.1575927734373,174390.0
2025-10-10,1951.0,1953.0,1915.9000244140625,1923.4000244140625,1908.97802734375,122166.0
2025-10-13,1924.0,1940.0,1913.4000244140625,1928.5999755859373,1914.138916015625,37208.0
2025-10-14,1925.0,1946.9000244140625,1903.5999755859373,1920.800048828125,1906.3974609375,131802.0
2025-10-15,1910.0999755859373,1945.0,1906.0,1936.5,1921.979736328125,55891.0
2025-10-16,1924.0,1943.9000244140625,1906.199951171875,1917.5999755859373,1903.221435546875,102534.0
2025-10-17,1923.5999755859373,1950.300048828125,1911.800048828125,1937.800048828125,1923.27001953125,51691.0
2025-10-20,1931.199951171875,1936.0,1908.5999755859373,1924.800048828125,1910.3675537109373,70362.0
2025-10-21,1937.800048828125,1937.800048828125,1918.0,1922.5,1908.084716796875,7496.0
2025-10-23,1937.9000244140625,1963.0,1917.4000244140625,1932.0999755859373,1917.6126708984373,81037.0
2025-10-24,1925.0,1955.0,1925.0,1941.4000244140625,1926.843017578125,53471.0
2025-10-27,1941.4000244140625,1967.9000244140625,1892.4000244140625,1918.0999755859373,1903.7176513671875,149880.0
2025-10-28,1925.0,1927.5,1889.0,1902.4000244140625,1888.135498046875,115935.0
2025-10-29,1910.0,1920.0,1902.0,1904.5,1890.2197265625,65125.0
2025-10-30,1903.9000244140625,1918.699951171875,1890.300048828125,1905.800048828125,1891.510009765625,424860.0
2025-10-31,1918.9000244140625,1947.699951171875,1907.800048828125,1928.9000244140625,1914.436767578125,71429.0
2025-11-03,1942.699951171875,2034.0,1922.5999755859373,1972.0,1957.2135009765625,330511.0
2025-11-04,1980.0,1980.0,1890.5999755859373,1911.800048828125,1897.4649658203125,438747.0
2025-11-06,1911.800048828125,1911.9000244140625,1881.0,1898.5999755859373,1884.3638916015625,99824.0
2025-11-07,1895.0,1897.5,1855.0999755859373,1863.0,1849.0308837890625,111371.0
2025-11-10,1867.9000244140625,1885.9000244140625,1867.9000244140625,1881.0999755859373,1866.9951171875,46074.0
2025-11-11,1895.0,1896.9000244140625,1842.5,1851.199951171875,1837.3193359375,26989.0
2025-11-12,1851.0999755859373,1886.9000244140625,1827.0,1837.9000244140625,1824.1190185546875,98290.0
2025-11-13,1845.0,1868.0,1815.300048828125,1829.199951171875,1815.4842529296875,71801.0
2025-11-14,1856.0,1862.5,1812.199951171875,1830.0,1816.2783203125,67384.0
2025-11-17,1818.0,1838.300048828125,1810.4000244140625,1815.300048828125,1801.6885986328125,90653.0
2025-11-18,1810.0,1828.0999755859373,1785.0,1790.0999755859375,1776.677490234375,63404.0
2025-11-19,1780.0,1785.5999755859375,1738.0,1769.800048828125,1756.52978515625,1333535.0
2025-11-20,1771.0,1830.0,1768.0999755859375,1817.300048828125,1803.673583984375,266354.0
2025-11-21,1812.0,1821.5,1769.9000244140625,1809.699951171875,1796.1304931640625,371417.0
2025-11-24,1809.699951171875,1810.0,1780.0,1791.0,1777.5706787109375,44630.0
2025-11-25,1782.0,1798.0,1772.800048828125,1783.300048828125,1769.928466796875,41536.0
2025-11-26,1775.0999755859375,1812.9000244140625,1775.0999755859375,1795.800048828125,1782.334716796875,41660.0
2025-11-27,1795.0,1800.9000244140625,1770.0,1774.0,1760.6982421875,25656.0
2025-11-28,1773.9000244140625,1776.9000244140625,1730.0,1759.5999755859375,1746.4061279296875,150383.0
2025-12-01,1768.199951171875,1768.199951171875,1724.0999755859375,1727.4000244140625,1714.4476318359375,62470.0
2025-12-02,1727.4000244140625,1794.199951171875,1727.0999755859375,1766.0999755859375,1752.857421875,424611.0
2025-12-03,1765.0,1815.0,1747.0,1771.0,1757.720703125,131243.0
2025-12-04,1771.0,1771.0,1715.5,1734.9000244140625,1721.891357421875,133475.0
2025-12-05,1730.0,1768.0,1717.0,1751.5999755859375,1738.466064453125,106396.0
2025-12-08,1745.0,1750.199951171875,1681.0,1699.5999755859375,1686.8560791015625,160865.0
2025-12-09,1685.0,1720.0,1678.4000244140625,1714.4000244140625,1701.5450439453125,77589.0
2025-12-10,1705.0,1718.699951171875,1693.699951171875,1709.0999755859375,1696.2847900390625,59484.0
2025-12-11,1703.5,1713.800048828125,1664.800048828125,1691.9000244140625,1679.2138671875,150910.0
2025-12-12,1706.800048828125,1720.300048828125,1672.4000244140625,1678.5999755859375,1666.0135498046875,172618.0
2025-12-15,1678.9000244140625,1680.0,1656.9000244140625,1669.800048828125,1657.279541015625,25757.0
2025-12-16,1677.199951171875,1683.300048828125,1661.0,1664.5,1652.019287109375,44392.0
2025-12-17,1674.0,1674.0,1651.0999755859375,1652.800048828125,1640.406982421875,17996.0
2025-12-18,1657.5999755859375,1672.0,1630.5,1666.300048828125,1653.8057861328125,67759.0
2025-12-19,1666.300048828125,1697.800048828125,1658.9000244140625,1671.699951171875,1659.1651611328125,104194.0
2025-12-22,1672.300048828125,1691.699951171875,1672.300048828125,1687.4000244140625,1674.74755859375,62491.0
2025-12-23,1687.4000244140625,1695.0,1671.199951171875,1687.800048828125,1675.14453125,45343.0
2025-12-24,1686.4000244140625,1688.199951171875,1643.5999755859375,1650.0,1637.6279296875,57015.0
2025-12-26,1650.0,1668.5,1634.0,1653.5,1641.1016845703125,289041.0
2025-12-29,1650.0,1661.800048828125,1629.5999755859375,1650.0999755859375,1637.7271728515625,58617.0
2025-12-30,1645.5,1684.9000244140625,1631.0999755859375,1667.699951171875,1655.1951904296875,160294.0
2025-12-31,1666.0,1729.0,1653.300048828125,1722.0,1709.088134765625,151190.0
2026-01-01,1716.5999755859375,1725.5999755859375,1695.0,1715.0999755859375,1702.23974609375,21105.0
2026-01-02,1719.5999755859375,1722.0,1683.800048828125,1715.800048828125,1702.9345703125,55898.0
2026-01-05,1715.800048828125,1722.699951171875,1686.0999755859375,1698.199951171875,1685.466552734375,281320.0
2026-01-06,1697.9000244140625,1711.0,1685.699951171875,1693.300048828125,1680.6033935546875,40718.0
2026-01-07,1680.699951171875,1710.5,1680.699951171875,1708.4000244140625,1695.590087890625,91601.0
2026-01-08,1757.800048828125,1790.4000244140625,1675.0,1694.800048828125,1682.092041015625,908601.0
2026-01-09,1700.0,1700.0,1672.300048828125,1680.5999755859375,1667.99853515625,93457.0
2026-01-12,1680.699951171875,1713.9000244140625,1657.5,1703.0,1690.2305908203125,95484.0
2026-01-13,1701.0,1722.800048828125,1699.9000244140625,1719.199951171875,1706.30908203125,40146.0
2026-01-14,1721.300048828125,1760.0,1720.5,1753.5999755859375,1740.451171875,70941.0
2026-01-16,1738.0,1761.800048828125,1696.0,1704.199951171875,1691.4215087890625,74605.0
2026-01-19,1704.199951171875,1712.199951171875,1672.0,1680.9000244140625,1668.2962646484375,68968.0
2026-01-20,1680.9000244140625,1689.9000244140625,1650.0999755859375,1668.9000244140625,1656.38623046875,103335.0
2026-01-21,1650.0,1700.0,1650.0,1692.5999755859375,1679.9085693359375,103460.0
2026-01-22,1714.800048828125,1728.0999755859375,1693.0,1723.300048828125,1710.37841796875,54244.0
2026-01-23,1719.0,1719.0,1671.300048828125,1682.5,1669.88427734375,85262.0
2026-01-27,1683.0,1697.199951171875,1660.9000244140625,1675.9000244140625,1663.333740234375,42846.0
2026-01-28,1681.800048828125,1696.800048828125,1666.300048828125,1689.699951171875,1677.0302734375,232840.0
2026-01-29,1824.9000244140625,1847.0999755859373,1745.699951171875,1800.0999755859375,1786.6024169921875,3083600.0
2026-01-30,1800.0999755859375,1874.800048828125,1782.0,1846.5999755859373,1832.7537841796875,455894.0
2026-02-02,1815.800048828125,1922.0,1798.5999755859375,1897.5,1883.272216796875,259003.0
2026-02-03,1980.0,1984.9000244140625,1882.9000244140625,1895.699951171875,1881.485595703125,381304.0
2026-02-04,1890.0,1904.9000244140625,1843.0999755859373,1889.699951171875,1875.5306396484373,58911.0
2026-02-05,1889.699951171875,1899.9000244140625,1845.199951171875,1849.199951171875,1835.334228515625,46913.0
2026-02-06,1830.0,1863.699951171875,1812.699951171875,1851.0,1837.120849609375,43243.0
2026-02-09,1874.9000244140625,1891.0,1837.0999755859373,1884.800048828125,1870.66748046875,70354.0
2026-02-10,1894.800048828125,1896.800048828125,1862.800048828125,1885.5,1871.3621826171875,250061.0
2026-02-11,1890.0,1899.0,1856.5,1868.4000244140625,1854.390380859375,35941.0
2026-02-12,1872.4000244140625,1880.0,1810.300048828125,1816.0,1802.38330078125,84769.0
2026-02-13,1811.0,1811.0999755859373,1770.0999755859375,1780.800048828125,1767.447265625,108641.0
2026-02-16,1748.9000244140625,1816.5,1748.9000244140625,1808.199951171875,1794.6417236328125,98153.0
2026-02-17,1814.0,1844.0,1790.0999755859375,1836.300048828125,1822.5311279296875,43352.0
2026-02-18,1837.0,1873.699951171875,1825.0,1849.5,1835.632080078125,82573.0
2026-02-19,1835.0,1872.9000244140625,1822.5,1840.5,1826.6995849609373,53810.0
2026-02-20,1825.0999755859373,1838.0999755859373,1813.5,1821.699951171875,1808.04052734375,16540.0
2026-02-23,1845.0,1845.0,1799.199951171875,1802.800048828125,1789.2822265625,28204.0
2026-02-24,1790.0,1810.0,1774.0999755859375,1802.4000244140625,1788.88525390625,39426.0
2026-02-25,1802.4000244140625,1857.5,1791.5999755859375,1848.5,1834.6395263671875,92312.0
2026-02-26,1854.9000244140625,1874.699951171875,1827.199951171875,1861.199951171875,1847.2442626953125,143089.0
2026-02-27,1855.0,1855.0,1808.800048828125,1822.199951171875,1808.5367431640625,118033.0
2026-03-02,1780.0,1802.0999755859373,1752.800048828125,1794.800048828125,1781.34228515625,65276.0
2026-03-04,1761.0,1779.9000244140625,1693.300048828125,1708.4000244140625,1695.590087890625,112846.0
2026-03-05,1711.0,1732.9000244140625,1688.0,1706.4000244140625,1693.6051025390625,79255.0
2026-03-06,1714.9000244140625,1724.9000244140625,1664.0999755859375,1669.0,1656.4854736328125,84362.0
2026-03-09,1625.0,1684.4000244140625,1615.0999755859375,1677.5,1664.9217529296875,61272.0
2026-03-10,1700.0,1710.9000244140625,1672.9000244140625,1688.199951171875,1675.54150390625,64061.0
2026-03-11,1673.699951171875,1715.0,1657.199951171875,1667.0,1654.50048828125,82417.0
2026-03-12,1669.9000244140625,1699.9000244140625,1638.300048828125,1655.300048828125,1642.8883056640625,173345.0
2026-03-13,1640.0999755859375,1656.9000244140625,1601.699951171875,1626.5999755859375,1614.4034423828125,111001.0
2026-03-16,1603.0999755859375,1620.0,1573.5999755859375,1609.199951171875,1597.1337890625,57547.0
2026-03-17,1633.0,1640.0,1601.300048828125,1633.9000244140625,1621.648681640625,29951.0
2026-03-18,1655.0,1705.5,1629.0999755859375,1664.800048828125,1652.3170166015625,212493.0
2026-03-19,1651.0,1651.0,1592.800048828125,1596.800048828125,1584.826904296875,37796.0
2026-03-20,1597.0,1631.5,1587.699951171875,1627.0999755859375,1614.899658203125,138158.0
2026-03-23,1627.0999755859375,1627.0999755859375,1591.5999755859375,1612.5,1600.4091796875,65348.0
2026-03-24,1630.300048828125,1679.5999755859375,1616.300048828125,1670.199951171875,1657.6763916015625,83880.0
2026-03-25,1689.0,1727.0,1670.199951171875,1710.5,1697.67431640625,58101.0
2026-03-27,1700.5,1790.0,1680.0999755859375,1724.0999755859375,1711.17236328125,90957.0
2026-03-30,1719.800048828125,1719.800048828125,1666.800048828125,1696.0999755859375,1683.38232421875,105417.0
2026-04-01,1701.699951171875,1735.0,1690.199951171875,1706.0,1693.2080078125,70584.0
2026-04-02,1686.0,1706.5999755859375,1652.0,1688.5999755859375,1675.9384765625,95788.0
2026-04-06,1712.0,1736.0,1665.4000244140625,1700.0,1687.2530517578125,63619.0
2026-04-07,1704.0,1721.800048828125,1672.0,1716.4000244140625,1703.5301513671875,131023.0
2026-04-08,1755.0,1755.0,1706.5,1728.5,1715.539306640625,40456.0
2026-04-09,1728.5,1755.5999755859375,1721.800048828125,1749.0999755859375,1735.98486328125,31364.0
2026-04-10,1745.0999755859375,1771.0,1732.0,1741.9000244140625,1728.8388671875,53183.0
2026-04-13,1701.0999755859375,1749.0,1693.300048828125,1724.300048828125,1711.370849609375,53303.0
2026-04-15,1750.0,1782.800048828125,1726.5,1752.699951171875,1739.557861328125,69406.0
2026-04-16,1752.699951171875,1771.0999755859375,1720.9000244140625,1735.5999755859375,1722.5860595703125,276350.0
2026-04-17,1736.0,1811.199951171875,1736.0,1797.4000244140625,1783.9227294921875,142799.0
2026-04-20,1796.0,1811.9000244140625,1763.0,1794.5999755859375,1781.1436767578125,96610.0
2026-04-21,1785.5999755859375,1792.800048828125,1761.5999755859375,1781.0,1767.645751953125,110104.0
2026-04-22,1780.0,1818.0999755859373,1774.0,1800.5999755859375,1787.0987548828125,91491.0
2026-04-23,1786.5999755859375,1832.0,1782.0,1795.4000244140625,1781.937744140625,55778.0
2026-04-24,1791.5,1798.0999755859375,1702.9000244140625,1713.5,1700.65185546875,161904.0
2026-04-27,1717.5999755859375,1781.300048828125,1711.0,1775.5,1762.1868896484375,112809.0
2026-04-28,1773.0999755859375,1773.0999755859375,1745.0,1760.800048828125,1747.59716796875,80928.0
2026-04-29,1767.800048828125,1776.300048828125,1735.0999755859375,1739.0999755859375,1726.059814453125,37857.0
2026-04-30,1747.5,1767.300048828125,1728.4000244140625,1750.800048828125,1737.6722412109375,221268.0
2026-05-01,1750.800048828125,1750.800048828125,1750.800048828125,1750.800048828125,1737.6722412109375,0.0
2026-05-04,1750.800048828125,1827.5,1748.0,1815.5,1801.886962890625,104203.0
2026-05-05,1815.5,1839.0,1763.199951171875,1773.300048828125,1760.0035400390625,193769.0
2026-05-06,1798.199951171875,1825.0,1781.800048828125,1811.5,1797.9169921875,373991.0
2026-05-07,1811.9000244140625,1882.0,1811.9000244140625,1870.5999755859373,1856.5738525390625,243204.0
2026-05-08,1870.9000244140625,1922.699951171875,1866.199951171875,1904.4000244140625,1890.1204833984373,272307.0
2026-05-11,1910.199951171875,1953.699951171875,1878.699951171875,1919.0999755859373,1904.710205078125,166729.0
2026-05-12,1920.0,1928.0,1860.699951171875,1872.0999755859373,1858.0626220703125,90163.0
2026-05-13,1870.0,1872.0999755859373,1813.0,1844.199951171875,1830.3717041015625,100090.0
2026-05-14,1844.199951171875,1906.0,1822.199951171875,1898.199951171875,1883.9669189453125,175119.0
2026-05-15,1910.0999755859373,1950.0,1853.5999755859373,1868.300048828125,1854.2911376953125,141659.0
2026-05-18,2122.0,2207.0,2034.0,2156.60009765625,2140.429443359375,7132093.0
2026-05-19,2148.0,2273.89990234375,2138.5,2251.10009765625,2234.220947265625,2357325.0
2026-05-20,2232.89990234375,2295.10009765625,2201.89990234375,2221.800048828125,2205.140625,1179862.0
2026-05-21,2230.0,2370.0,2230.0,2331.0,2313.521728515625,1019484.0
2026-05-22,2353.5,2363.5,2307.199951171875,2334.0,2316.499267578125,864270.0
2026-05-25,2369.800048828125,2396.0,2321.10009765625,2333.800048828125,2316.30078125,506198.0
2026-05-26,2339.699951171875,2354.699951171875,2252.10009765625,2307.89990234375,2290.5947265625,874160.0
2026-05-27,2324.10009765625,2354.699951171875,2309.199951171875,2313.0,2295.65673828125,224401.0
2026-05-28,2313.0,2313.0,2313.0,2313.0,2295.65673828125,0.0
2026-05-29,2315.0,2337.5,2230.0,2250.0,2233.129150390625,218609.0
2026-06-01,2278.60009765625,2356.5,2255.800048828125,2292.39990234375,2275.2109375,585438.0
2026-06-02,2268.89990234375,2337.5,2263.199951171875,2277.0,2259.926513671875,482075.0
2026-06-03,2277.0,2305.89990234375,2222.0,2232.300048828125,2215.561767578125,255715.0
2026-06-04,2221.199951171875,2276.699951171875,2212.0,2219.5,2202.857666015625,204659.0
2026-06-05,2232.800048828125,2288.300048828125,2196.0,2273.0,2255.95654296875,494431.0
2026-06-08,2269.10009765625,2336.0,2237.0,2247.800048828125,2230.945556640625,473778.0
2026-06-09,2257.0,2314.89990234375,2256.89990234375,2288.5,2271.34033203125,521987.0
2026-06-10,2299.0,2341.5,2250.0,2267.800048828125,2250.795654296875,320379.0
2026-06-11,2243.0,2395.0,2215.39990234375,2306.5,2289.205322265625,2420500.0
2026-06-12,2311.5,2354.0,2250.0,2262.199951171875,2245.237548828125,695609.0
2026-06-15,2313.199951171875,2313.199951171875,2190.0,2213.10009765625,2196.505859375,555244.0
2026-06-16,2218.0,2230.800048828125,2168.0,2178.699951171875,2162.363525390625,509814.0
2026-06-17,2199.800048828125,2210.300048828125,2167.800048828125,2197.60009765625,2181.1220703125,847424.0
2026-06-18,2200.0,2269.89990234375,2193.800048828125,2202.199951171875,2185.6875,1007773.0
2026-06-19,2209.0,2229.5,2185.0,2199.0,2182.511474609375,287608.0
2026-06-22,2180.0,2224.0,2179.89990234375,2186.699951171875,2170.3037109375,534501.0
2026-06-23,2193.300048828125,2307.0,2185.0,2298.199951171875,2280.967529296875,2095778.0
2026-06-24,2300.0,2348.0,2287.89990234375,2326.199951171875,2308.757568359375,949148.0
2026-06-25,2347.0,2369.5,2303.199951171875,2314.800048828125,2297.443115234375,562760.0
2026-06-26,2314.800048828125,2314.800048828125,2314.800048828125,2314.800048828125,2297.443115234375,0.0
2026-06-29,2310.0,2381.0,2299.199951171875,2373.0,2355.206787109375,744431.0
2026-06-30,2390.0,2528.300048828125,2384.800048828125,2495.0,2476.2919921875,2296284.0
2026-07-01,2495.0,2504.10009765625,2425.0,2465.199951171875,2446.71533203125,541571.0
2026-07-02,2474.800048828125,2483.5,2432.10009765625,2446.199951171875,2427.85791015625,459425.0
2026-07-03,2469.0,2524.60009765625,2445.199951171875,2462.300048828125,2443.837158203125,525087.0
2026-07-06,2479.0,2490.0,2428.199951171875,2463.199951171875,2444.73046875,533513.0
2026-07-07,2484.300048828125,2562.89990234375,2463.300048828125,2550.0,2530.879638671875,1123604.0
2026-07-08,2550.0,2573.5,2449.89990234375,2495.800048828125,2477.0859375,1016985.0
2026-07-09,2488.0,2522.0,2462.199951171875,2469.5,2450.983154296875,359295.0
2026-07-10,2473.89990234375,2526.89990234375,2451.0,2479.39990234375,2460.808837890625,329308.0
2026-07-13,2476.0,2506.39990234375,2416.39990234375,2461.199951171875,2442.745361328125,611673.0
2026-07-14,2461.10009765625,2514.60009765625,2457.0,2488.300048828125,2469.642333984375,492111.0
2026-07-15,2500.0,2524.800048828125,2451.60009765625,2465.10009765625,2446.6162109375,325204.0
2026-07-16,2509.0,2564.800048828125,2482.60009765625,2529.39990234375,2510.433837890625,809358.0
2026-07-17,2529.39990234375,2539.0,2435.0,2449.0,2430.636962890625,326961.0
2026-07-20,2449.89990234375,2492.0,2445.0,2459.10009765625,2440.661376953125,324971.0
2026-07-21,2476.0,2497.89990234375,2417.39990234375,2482.39990234375,2463.786376953125,210888.0
2026-07-22,2465.0,2465.0,2351.10009765625,2439.10009765625,2420.811279296875,671215.0
2026-07-23,2438.60009765625,2439.10009765625,2360.0,2377.699951171875,2359.87158203125,197918.0
2026-07-24,2379.0,2415.0,2366.199951171875,2379.800048828125,2361.955810546875,156545.0
2026-07-27,2381.300048828125,2430.10009765625,2376.10009765625,2427.10009765625,2408.901123046875,300623.0
2026-07-28,2429.0,2459.89990234375,2408.800048828125,2428.300048828125,2410.092041015625,142915.0
2026-07-29,2428.699951171875,2550.0,2428.699951171875,2543.699951171875,2524.626708984375,841656.0
2026-07-30,2565.0,2586.0,2493.0,2517.0,2498.126953125,745911.0
2026-07-31,2525.300048828125,2535.89990234375,2500.0,2502.89990234375,2484.132568359375,266828.0
2026-08-03,2505.60009765625,2585.0,2494.10009765625,2579.199951171875,2559.860595703125,502554.0
2026-08-04,2579.199951171875,2634.300048828125,2561.10009765625,2583.10009765625,2563.7314453125,765513.0
2026-08-05,2587.5,2595.699951171875,2531.10009765625,2545.10009765625,2526.016357421875,299935.0
2026-08-06,2570.0,2626.39990234375,2557.0,2608.300048828125,2588.742431640625,503618.0
2026-08-07,2601.0,2619.89990234375,2570.0,2601.0,2581.4970703125,317731.0
2026-08-10,2632.0,2685.0,2610.10009765625,2667.300048828125,2647.300048828125,720772.0
2026-08-11,2845.5,2988.39990234375,2808.0,2924.39990234375,2924.39990234375,8760097.0
2026-08-12,2924.0,2949.89990234375,2860.0,2891.199951171875,2891.199951171875,732471.0
2026-08-13,2891.10009765625,2975.0,2825.5,2967.60009765625,2967.60009765625,793051.0
2026-08-14,2950.39990234375,3039.800048828125,2946.60009765625,2970.199951171875,2970.199951171875,789574.0
2026-08-17,2986.0,2993.300048828125,2859.699951171875,2910.199951171875,2910.199951171875,372430.0
2026-08-18,2904.0,2925.0,2850.0,2858.60009765625,2858.60009765625,488656.0
2026-08-19,2852.89990234375,2881.39990234375,2827.5,2841.300048828125,2841.300048828125,254909.0
2026-08-20,2857.800048828125,2869.800048828125,2811.0,2820.0,2820.0,563338.0
2026-08-21,2844.800048828125,2877.89990234375,2792.0,2819.300048828125,2819.300048828125,244651.0
2026-08-24,2825.0,2880.0,2791.0,2801.60009765625,2801.60009765625,517520.0
2026-08-25,2810.89990234375,2835.89990234375,2776.10009765625,2824.60009765625,2824.60009765625,139251.0
2026-08-26,2838.699951171875,2915.0,2831.39990234375,2903.199951171875,2903.199951171875,360874.0
2026-08-27,2912.89990234375,2924.39990234375,2855.60009765625,2873.5,2873.5,129706.0
2026-08-28,2873.5,2900.0,2852.10009765625,2888.0,2888.0,165191.0
2026-08-31,2885.0,2913.800048828125,2845.800048828125,2885.800048828125,2885.800048828125,370779.0
2026-09-01,2885.699951171875,2928.60009765625,2859.300048828125,2875.0,2875.0,257559.0
2026-09-02,2915.0,2930.0,2803.0,2868.39990234375,2868.39990234375,556481.0
2026-09-03,2870.0,2948.0,2847.60009765625,2907.89990234375,2907.89990234375,189288.0
2026-09-04,2915.0,2969.0,2851.10009765625,2932.39990234375,2932.39990234375,2977808.0
2026-09-07,2929.60009765625,3042.0,2916.89990234375,2974.300048828125,2974.300048828125,1031320.0
2026-09-08,2979.89990234375,2979.89990234375,2901.89990234375,2959.300048828125,2959.300048828125,709554.0
2026-09-09,2959.300048828125,3033.89990234375,2938.60009765625,3026.199951171875,3026.199951171875,1560855.0
2026-09-10,3031.0,3031.0,2918.89990234375,2946.89990234375,2946.89990234375,368835.0
2026-09-11,2940.0,2950.10009765625,2882.0,2922.300048828125,2922.300048828125,389004.0
2026-09-14,2922.300048828125,2922.300048828125,2922.300048828125,2922.300048828125,2922.300048828125,0.0
2026-09-15,2930.0,2940.0,2856.89990234375,2895.5,2895.5,497958.0
2026-09-16,2877.0,2914.199951171875,2792.39990234375,2826.60009765625,2826.60009765625,748751.0
2026-09-17,2827.89990234375,2941.10009765625,2820.10009765625,2907.800048828125,2907.800048828125,678985.0
2026-09-18,2907.199951171875,2978.0,2904.0,2961.89990234375,2961.89990234375,492452.0
2026-09-21,2965.0,3008.0,2916.199951171875,2940.199951171875,2940.199951171875,279128.0
2026-09-22,2944.89990234375,2968.39990234375,2900.0,2916.60009765625,2916.60009765625,124161.0
2026-09-23,2913.0,2938.800048828125,2888.10009765625,2910.199951171875,2910.199951171875,160041.0
2026-09-24,2896.0,2933.199951171875,2875.10009765625,2897.39990234375,2897.39990234375,327302.0
2026-09-25,2885.0,2927.0,2882.0,2917.199951171875,2917.199951171875,124312.0
