date,open,high,low,close,adjclose,volume
2021-09-15,676.0,690.8499755859375,673.0,674.3499755859375,625.1100463867188,2053638.0
2021-09-16,678.75,686.4000244140625,674.5,682.2000122070312,632.386962890625,1392071.0
2021-09-17,685.0999755859375,687.25,660.0,663.25,614.8204956054688,1339582.0
2021-09-20,660.0,660.0,632.0999755859375,638.0999755859375,591.5069580078125,1328847.0
2021-09-21,633.0,638.8499755859375,608.6500244140625,632.75,586.547607421875,3760977.0
2021-09-22,634.0999755859375,641.2000122070312,623.0,624.5,578.8999633789062,1303524.0
2021-09-23,628.9000244140625,637.25,625.75,626.7999877929688,581.0320434570312,1407158.0
2021-09-24,630.0,635.0999755859375,617.0999755859375,621.25,575.8872680664062,1090970.0
2021-09-27,615.0,622.9500122070312,607.5,615.9000244140625,570.9279174804688,1840928.0
2021-09-28,615.9000244140625,623.0,607.2999877929688,617.1500244140625,572.086669921875,2365593.0
2021-09-29,619.9500122070312,634.0999755859375,618.25,625.5,579.8270263671875,4077657.0
2021-09-30,630.5,639.75,622.2999877929688,637.4500122070312,590.9044189453125,2229385.0
2021-10-01,640.5,643.8499755859375,610.5499877929688,613.7000122070312,568.8886108398438,3177599.0
2021-10-04,618.0,619.5,609.0,610.0999755859375,565.551513671875,1377767.0
2021-10-05,628.4000244140625,638.8499755859375,616.8499755859375,627.7999877929688,581.9590454101562,4791343.0
2021-10-06,630.7000122070312,646.8499755859375,617.4000244140625,621.25,575.8872680664062,3618163.0
2021-10-07,626.2999877929688,640.0,624.7000122070312,635.3499755859375,588.9577026367188,2168577.0
2021-10-08,639.9000244140625,640.7000122070312,623.2999877929688,624.2999877929688,578.7145385742188,1734985.0
2021-10-11,625.7999877929688,628.9500122070312,620.0999755859375,621.4000244140625,576.0264282226562,776955.0
2021-10-12,621.8499755859375,624.2000122070312,616.0,618.9500122070312,573.7552490234375,1141929.0
2021-10-13,621.7999877929688,636.7999877929688,620.0,630.4000244140625,584.369140625,1710420.0
2021-10-14,634.9500122070312,638.0,624.0,628.7999877929688,582.885986328125,930477.0
2021-10-18,631.7999877929688,667.7000122070312,630.0,660.1500244140625,611.9468994140625,3571495.0
2021-10-19,670.0,671.9500122070312,631.4000244140625,637.0999755859375,590.5799560546875,2500973.0
2021-10-20,637.2000122070312,645.25,618.7999877929688,633.5499877929688,587.2891235351562,1834988.0
2021-10-21,635.0,644.25,625.5499877929688,628.25,582.376220703125,735934.0
2021-10-22,630.0,639.2000122070312,611.7999877929688,614.4000244140625,569.5374755859375,1009956.0
2021-10-25,619.4500122070312,619.4500122070312,581.5999755859375,585.9000244140625,543.1185302734375,2027950.0
2021-10-26,588.0,598.0,581.25,595.2000122070312,551.7394409179688,934528.0
2021-10-27,595.2000122070312,601.1500244140625,587.0,596.9500122070312,553.3616943359375,1095060.0
2021-10-28,594.0,605.0,577.2000122070312,594.1500244140625,550.76611328125,3154890.0
2021-10-29,584.75,626.0999755859375,577.8499755859375,622.2999877929688,576.860595703125,2814790.0
2021-11-01,632.25,640.9000244140625,623.25,639.5499877929688,592.85107421875,2079883.0
2021-11-02,639.9000244140625,649.7999877929688,632.25,639.1500244140625,592.4802856445312,1474269.0
2021-11-03,641.5,645.0,630.0,632.9500122070312,586.7329711914062,1177949.0
2021-11-04,636.4000244140625,640.9500122070312,635.0,636.8499755859375,590.3482666015625,132801.0
2021-11-08,636.5,638.0,621.0,626.0499877929688,580.3367919921875,752921.0
2021-11-09,628.25,654.0,627.0,645.25,598.1348266601562,2273782.0
2021-11-10,640.5,661.8499755859375,639.4500122070312,659.4500122070312,611.2979736328125,1558188.0
2021-11-11,658.0999755859375,663.75,648.4000244140625,653.9000244140625,606.1533203125,1413154.0
2021-11-12,655.0999755859375,675.0,652.2999877929688,669.0,620.1506958007812,1550486.0
2021-11-15,671.9500122070312,683.8499755859375,665.0999755859375,675.6500244140625,626.3151245117188,1396236.0
2021-11-16,677.0,684.0,661.0,669.6500244140625,620.753173828125,1089751.0
2021-11-17,665.0,673.5999755859375,655.0,658.0499877929688,610.000244140625,683712.0
2021-11-18,656.75,659.9500122070312,627.9000244140625,638.3499755859375,591.7387084960938,1138266.0
2021-11-22,630.0,644.9000244140625,614.0499877929688,622.4000244140625,576.9533081054688,1643780.0
2021-11-23,622.4000244140625,652.7000122070312,616.7000122070312,648.0499877929688,600.7304077148438,1254932.0
2021-11-24,649.2000122070312,668.0,649.2000122070312,658.0999755859375,610.0465698242188,1153443.0
2021-11-25,656.5,665.0,650.5499877929688,662.9500122070312,614.54248046875,560627.0
2021-11-26,660.2000122070312,677.2999877929688,650.5,656.2999877929688,608.3779907226562,1628092.0
2021-11-29,650.0499877929688,664.75,633.5499877929688,660.25,612.03955078125,666053.0
2021-11-30,659.0,678.3499755859375,656.1500244140625,669.9500122070312,621.0313110351562,1041053.0
2021-12-01,674.0,674.0,652.25,665.7000122070312,617.0916748046875,923142.0
2021-12-02,665.7000122070312,696.0,661.2000122070312,686.6500244140625,636.511962890625,3017845.0
2021-12-03,688.9000244140625,694.0,655.4500122070312,662.4000244140625,614.0325927734375,1840133.0
2021-12-06,664.9000244140625,668.4500122070312,651.0,657.5999755859375,609.5831298828125,1070758.0
2021-12-07,660.0,668.0,650.5499877929688,662.6500244140625,614.2643432617188,986533.0
2021-12-08,664.25,669.3499755859375,656.1500244140625,665.0499877929688,616.4891357421875,616289.0
2021-12-09,667.0999755859375,669.9000244140625,658.4000244140625,661.7000122070312,613.3836669921875,468252.0
2021-12-10,665.1500244140625,675.0,662.5499877929688,665.2999877929688,616.7208251953125,527123.0
2021-12-13,668.0,676.0,662.2999877929688,664.7999877929688,616.2573852539062,402518.0
2021-12-14,660.0499877929688,668.2999877929688,656.7999877929688,664.9000244140625,616.3500366210938,501164.0
2021-12-15,663.3499755859375,676.2000122070312,636.7000122070312,648.5,601.1475219726562,1535512.0
2021-12-16,651.4000244140625,655.25,628.0,637.4000244140625,590.8580932617188,986477.0
2021-12-17,637.5499877929688,637.9500122070312,616.5499877929688,626.3499755859375,580.6148681640625,599271.0
2021-12-20,614.0,617.75,592.0,611.5999755859375,566.9419555664062,937236.0
2021-12-21,620.6500244140625,635.5,612.1500244140625,626.7999877929688,581.0320434570312,694265.0
2021-12-22,629.9000244140625,637.0999755859375,622.5499877929688,627.7999877929688,581.9590454101562,710946.0
2021-12-23,628.0999755859375,637.75,627.7999877929688,634.0999755859375,587.7990112304688,631054.0
2021-12-24,630.0,637.0,625.75,629.4000244140625,583.4422607421875,437526.0
2021-12-27,629.4000244140625,629.4000244140625,620.0,625.0499877929688,579.4098510742188,410303.0
2021-12-28,628.5,638.9000244140625,626.25,636.3499755859375,589.8847045898438,456372.0
2021-12-29,638.0999755859375,639.9500122070312,627.0,631.5499877929688,585.4352416992188,580417.0
2021-12-30,631.5499877929688,633.8499755859375,619.2999877929688,625.9500122070312,580.244140625,625067.0
2021-12-31,628.0,638.4500122070312,626.4500122070312,634.8499755859375,588.4942626953125,468703.0
2022-01-03,637.0,644.0,635.0,641.0,594.1952514648438,677253.0
2022-01-04,644.5,651.3499755859375,640.0499877929688,649.5999755859375,602.1672973632812,511475.0
2022-01-05,645.0,648.7999877929688,640.0499877929688,642.2999877929688,595.4003295898438,369156.0
2022-01-06,636.25,671.2999877929688,635.6500244140625,669.2000122070312,620.3361206054688,1648740.0
2022-01-07,668.0,686.9500122070312,663.0,684.5499877929688,634.5652465820312,1847696.0
2022-01-10,685.5499877929688,705.9000244140625,685.5499877929688,691.3499755859375,640.8687133789062,2157040.0
2022-01-11,690.0,714.0,685.6500244140625,712.1500244140625,660.14990234375,1585866.0
2022-01-12,713.0,718.0,708.8499755859375,713.5,661.4013671875,723948.0
2022-01-13,712.0,719.0,706.0,715.3499755859375,663.1163330078125,423601.0
2022-01-14,712.0,721.7999877929688,695.5,704.7999877929688,653.3366088867188,1221311.0
2022-01-17,704.7999877929688,705.2999877929688,685.0499877929688,696.0999755859375,645.2719116210938,478212.0
2022-01-18,694.2999877929688,697.75,672.5999755859375,676.0499877929688,626.6859130859375,943756.0
2022-01-19,672.7999877929688,699.3499755859375,672.7999877929688,696.75,645.8744506835938,1487548.0
2022-01-20,700.0,704.5,673.2999877929688,701.1500244140625,649.9531860351562,987944.0
2022-01-21,701.4500122070312,714.7999877929688,686.0999755859375,700.9500122070312,649.7677612304688,1897592.0
2022-01-24,705.0,705.0,673.0,691.7000122070312,641.1932373046875,1200723.0
2022-01-25,686.0999755859375,696.5499877929688,672.7999877929688,691.5,641.0077514648438,961100.0
2022-01-27,691.0,698.5999755859375,666.2000122070312,689.5499877929688,639.2001342773438,1631861.0
2022-01-28,690.0999755859375,709.4500122070312,672.9000244140625,677.5,628.0299682617188,925539.0
2022-01-31,686.0,689.0,670.0,672.6500244140625,623.5341796875,437807.0
2022-02-01,674.25,690.0,670.0999755859375,680.9000244140625,631.1817626953125,597543.0
2022-02-02,684.0,702.2000122070312,680.9000244140625,693.4000244140625,642.76904296875,891782.0
2022-02-03,695.0499877929688,698.7000122070312,675.2999877929688,678.5999755859375,629.0496826171875,631797.0
2022-02-04,679.0,692.0,667.2000122070312,681.25,631.5062866210938,882512.0
2022-02-07,681.3499755859375,697.6500244140625,675.0,690.3499755859375,639.9417114257812,663128.0
2022-02-08,692.5,695.9000244140625,660.6500244140625,664.8499755859375,616.3037109375,898537.0
2022-02-09,626.0,674.0,625.0,660.7000122070312,612.4567260742188,4576490.0
2022-02-10,658.0,659.0999755859375,641.5499877929688,647.6500244140625,600.3596801757812,1278455.0
2022-02-11,641.0,651.0,633.0,637.4500122070312,590.9044189453125,978809.0
2022-02-14,623.7000122070312,647.3499755859375,612.0999755859375,641.7000122070312,594.8440551757812,1420498.0
2022-02-15,649.2999877929688,666.0,626.0,663.0999755859375,614.6814575195312,1576076.0
2022-02-16,665.0,667.9500122070312,654.4000244140625,656.7000122070312,608.7488403320312,814680.0
2022-02-17,660.5,666.0,654.5,657.2999877929688,609.304931640625,300232.0
2022-02-18,657.0,668.7000122070312,651.5499877929688,664.0499877929688,615.5621337890625,492094.0
2022-02-21,663.0,674.5999755859375,654.2000122070312,660.0499877929688,611.8541870117188,700146.0
2022-02-22,650.0,654.8499755859375,632.8499755859375,643.5,596.5126342773438,694246.0
2022-02-23,643.0,654.25,618.0,620.8499755859375,575.5164794921875,997926.0
2022-02-24,603.9500122070312,611.4000244140625,565.25,572.75,530.9287109375,1772989.0
2022-02-25,575.5,609.8499755859375,575.5,600.7999877929688,556.9306030273438,1072118.0
2022-02-28,594.5,594.5,578.5,583.5499877929688,540.9401245117188,1963284.0
2022-03-02,579.0,582.9000244140625,555.7000122070312,565.0999755859375,523.8372802734375,1745787.0
2022-03-03,569.0,574.0,524.0,526.4500122070312,488.0094909667969,2713392.0
2022-03-04,519.0,541.4000244140625,498.5,528.0,489.4462890625,5197519.0
2022-03-07,509.5,514.0999755859375,486.0,496.75,460.4780578613281,1963539.0
2022-03-08,503.04998779296875,532.0,495.25,522.4500122070312,484.30157470703125,4968122.0
2022-03-09,530.0,539.2000122070312,505.0,533.4000244140625,494.4519958496094,4119001.0
2022-03-10,544.9000244140625,559.0,506.29998779296875,509.6499938964844,472.4361572265625,3519566.0
2022-03-11,512.0,519.7999877929688,505.25,510.70001220703125,473.4095153808594,1922581.0
2022-03-14,513.9500122070312,515.25,502.0,511.0,473.6876220703125,1850938.0
2022-03-15,516.0,531.0,508.6499938964844,511.04998779296875,473.7339172363281,2565073.0
2022-03-16,520.0,520.0,501.54998779296875,502.95001220703125,466.22540283203125,1858079.0
2022-03-17,507.0,512.0,503.29998779296875,504.79998779296875,467.9403076171875,2834291.0
2022-03-21,507.0,507.8500061035156,498.0,499.70001220703125,463.21270751953125,1334474.0
2022-03-22,503.6000061035156,506.6000061035156,487.20001220703125,491.8999938964844,455.98223876953125,1512778.0
2022-03-23,500.95001220703125,511.3999938964844,497.0,500.6499938964844,464.09332275390625,3187789.0
2022-03-24,496.0,507.20001220703125,493.3500061035156,499.6499938964844,463.16632080078125,1238558.0
2022-03-25,503.0,503.0,490.0,492.04998779296875,456.1213073730469,1035981.0
2022-03-28,495.29998779296875,495.29998779296875,478.04998779296875,482.25,447.036865234375,1518111.0
2022-03-29,485.0,491.3999938964844,483.29998779296875,488.29998779296875,452.64508056640625,1167827.0
2022-03-30,492.0,496.8999938964844,487.3999938964844,493.79998779296875,457.7434997558594,1164741.0
2022-03-31,494.5,507.54998779296875,492.5,503.25,466.5034484863281,1837902.0
2022-04-01,507.0,507.54998779296875,493.6000061035156,495.1000061035156,458.9485778808594,1718234.0
2022-04-04,499.5,514.4500122070312,498.04998779296875,511.95001220703125,474.5682373046875,2113760.0
2022-04-05,518.0499877929688,523.2999877929688,512.5999755859375,519.0999755859375,481.19610595703125,1755799.0
2022-04-06,521.0,535.0,521.0,524.5499877929688,486.2481994628906,4738191.0
2022-04-07,528.0,531.5999755859375,515.7999877929688,517.1500244140625,479.3885498046875,1797780.0
2022-04-08,518.4500122070312,532.2999877929688,518.4500122070312,528.4500122070312,489.8634338378906,2073255.0
2022-04-11,528.9500122070312,541.4500122070312,528.9500122070312,538.5,499.17962646484375,1874812.0
2022-04-12,541.0,541.5999755859375,522.25,527.1500244140625,488.6583251953125,1166598.0
2022-04-13,530.8499755859375,537.7999877929688,528.0,531.7999877929688,492.9688720703125,1859267.0
2022-04-18,532.9500122070312,536.1500244140625,524.4000244140625,529.75,491.0685119628906,882694.0
2022-04-19,533.8499755859375,534.9500122070312,505.0,511.6499938964844,474.2901306152344,896537.0
2022-04-20,515.4000244140625,519.9000244140625,509.20001220703125,514.4500122070312,476.88568115234375,535349.0
2022-04-21,517.8499755859375,522.9000244140625,516.0,521.4500122070312,483.37457275390625,370057.0
2022-04-22,518.0,531.7000122070312,513.25,515.0499877929688,477.4418640136719,843392.0
2022-04-25,514.0999755859375,530.0,510.3999938964844,524.7999877929688,486.4799499511719,1551084.0
2022-04-26,528.0,534.4500122070312,522.0999755859375,532.5999755859375,493.71038818359375,1531962.0
2022-04-27,531.0,532.0,515.5499877929688,519.3499755859375,481.4278869628906,842329.0
2022-04-28,522.0,526.4000244140625,507.5,512.0999755859375,474.7072448730469,1085497.0
2022-04-29,501.0,504.29998779296875,479.0,482.3999938964844,447.1759338378906,4186935.0
2022-05-02,482.3999938964844,497.0,480.0,495.8999938964844,459.6901550292969,1996495.0
2022-05-04,498.6499938964844,506.5,490.0,502.25,465.5765380859375,1342583.0
2022-05-05,507.0,518.0999755859375,497.8500061035156,514.9000244140625,477.3028259277344,1534157.0
2022-05-06,510.0,517.4500122070312,499.25,515.9000244140625,478.2298278808594,1123799.0
2022-05-09,505.1499938964844,524.5,504.45001220703125,519.2000122070312,481.288818359375,1277928.0
2022-05-10,516.0999755859375,529.0,503.25,507.04998779296875,470.0260009765625,1349691.0
2022-05-11,540.0,555.0,525.0499877929688,537.4000244140625,498.1599426269531,12632804.0
2022-05-12,536.9000244140625,571.4500122070312,526.6500244140625,566.9500122070312,525.55224609375,6495291.0
2022-05-13,569.9000244140625,578.9000244140625,556.0,568.9500122070312,527.4061889648438,3597946.0
2022-05-16,569.0,577.5499877929688,558.7999877929688,560.25,519.3414306640625,1253303.0
2022-05-17,564.0,564.0,550.75,555.9500122070312,515.35546875,1003162.0
2022-05-18,557.8499755859375,583.75,556.8499755859375,573.7000122070312,531.8093872070312,2029165.0
2022-05-19,560.25,572.2999877929688,557.5499877929688,559.3499755859375,518.507080078125,606161.0
2022-05-20,563.2000122070312,576.0,562.9500122070312,570.5499877929688,528.8892822265625,999430.0
2022-05-23,570.5,573.7999877929688,550.4000244140625,552.4500122070312,512.1110229492188,908441.0
2022-05-24,555.0,558.25,544.0999755859375,546.2999877929688,506.4100646972656,866651.0
2022-05-25,549.8499755859375,555.0,534.5,538.5,499.17962646484375,652373.0
2022-05-26,540.0,544.7999877929688,536.0,541.5,501.96051025390625,921281.0
2022-05-27,542.5499877929688,555.25,536.25,554.0499877929688,513.5941162109375,1201928.0
2022-05-30,558.0999755859375,564.5,549.5,556.2000122070312,515.5870971679688,2475661.0
2022-05-31,550.0499877929688,562.0999755859375,545.0,559.2999877929688,518.4607543945312,1505814.0
2022-06-01,559.2999877929688,568.0,558.5,561.4000244140625,520.407470703125,705915.0
2022-06-02,564.4000244140625,577.5499877929688,559.25,572.2999877929688,530.5115356445312,1328621.0
2022-06-03,574.9500122070312,577.9500122070312,554.9000244140625,556.8499755859375,516.189697265625,850179.0
2022-06-06,552.0,559.7999877929688,545.5499877929688,551.5999755859375,511.32305908203125,740872.0
2022-06-07,548.0,549.9000244140625,512.8499755859375,526.0999755859375,487.68499755859375,3914048.0
2022-06-08,511.95001220703125,511.95001220703125,486.8500061035156,489.1000061035156,453.38671875,5949055.0
2022-06-09,486.95001220703125,502.0,480.79998779296875,499.95001220703125,463.4444580078125,4494640.0
2022-06-10,499.0,499.0,478.29998779296875,483.3999938964844,448.1029052734375,2428395.0
2022-06-13,472.0,474.6000061035156,444.8999938964844,447.6499938964844,414.96331787109375,2705579.0
2022-06-14,443.0,453.95001220703125,437.6499938964844,446.1000061035156,413.5264892578125,1464174.0
2022-06-15,449.20001220703125,465.0,443.45001220703125,449.45001220703125,416.63189697265625,4258147.0
2022-06-16,451.0,455.54998779296875,422.0,424.20001220703125,393.2256164550781,2486820.0
2022-06-17,412.0,421.0,405.54998779296875,412.20001220703125,382.101806640625,4756360.0
2022-06-20,413.0,430.79998779296875,410.04998779296875,419.79998779296875,389.1468811035156,2579500.0
2022-06-21,420.0,426.3999938964844,417.29998779296875,420.8500061035156,390.1202087402344,886966.0
2022-06-22,419.25,420.0,405.5,407.75,377.97674560546875,1300736.0
2022-06-23,408.25,414.3500061035156,403.54998779296875,409.04998779296875,379.1817932128906,1428955.0
2022-06-24,412.25,421.6499938964844,406.1000061035156,420.54998779296875,389.84210205078125,1662585.0
2022-06-27,424.5,429.6499938964844,421.54998779296875,425.79998779296875,394.708740234375,1286655.0
2022-06-28,425.95001220703125,436.6499938964844,420.5,435.70001220703125,403.8858947753906,1413131.0
2022-06-29,426.5,432.75,416.20001220703125,419.45001220703125,388.82244873046875,1136195.0
2022-06-30,421.0,423.75,415.04998779296875,418.8500061035156,388.2662353515625,937193.0
2022-07-01,419.0,425.95001220703125,416.70001220703125,422.3500061035156,391.51068115234375,1078048.0
2022-07-04,425.0,445.8999938964844,421.1499938964844,442.8999938964844,410.56011962890625,3595629.0
2022-07-05,440.0,449.0,428.95001220703125,431.6000061035156,400.08526611328125,1175820.0
2022-07-06,434.8999938964844,454.3500061035156,427.45001220703125,450.8999938964844,417.97601318359375,2211487.0
2022-07-07,454.29998779296875,463.0,450.1499938964844,456.3500061035156,423.0280456542969,1856563.0
2022-07-08,458.79998779296875,459.20001220703125,444.8500061035156,446.75,414.1290283203125,776848.0
2022-07-11,443.0,451.0,438.0,446.54998779296875,413.943603515625,855902.0
2022-07-12,447.1000061035156,454.0,441.0,446.25,413.66552734375,1142450.0
2022-07-13,451.1000061035156,461.45001220703125,448.3500061035156,454.54998779296875,421.3594665527344,1986892.0
2022-07-14,455.70001220703125,457.95001220703125,449.0,453.6000061035156,420.4788513183594,574922.0
2022-07-15,455.0,457.79998779296875,449.0,453.6499938964844,420.52520751953125,467408.0
2022-07-18,456.54998779296875,459.79998779296875,449.70001220703125,456.1499938964844,422.8426513671875,410937.0
2022-07-19,455.95001220703125,461.0,449.1000061035156,451.20001220703125,418.25408935546875,715451.0
2022-07-20,453.0,469.79998779296875,451.29998779296875,454.95001220703125,421.73028564453125,2127184.0
2022-07-21,456.8999938964844,459.70001220703125,451.70001220703125,457.75,424.3258056640625,638437.0
2022-07-22,460.75,462.6000061035156,450.04998779296875,453.45001220703125,420.3398132324219,704710.0
2022-07-25,453.0,459.25,450.20001220703125,455.04998779296875,421.822998046875,911558.0
2022-07-26,457.0,457.3999938964844,441.1000061035156,443.54998779296875,411.16265869140625,878645.0
2022-07-27,443.54998779296875,453.75,440.0,450.1499938964844,417.2807312011719,1121462.0
2022-07-28,450.75,452.20001220703125,443.0,444.20001220703125,411.7652587890625,907948.0
2022-07-29,447.70001220703125,454.79998779296875,443.45001220703125,445.1499938964844,412.6458740234375,828214.0
2022-08-01,447.8999938964844,483.0,447.8999938964844,469.25,434.9861145019531,3334552.0
2022-08-02,469.95001220703125,472.1000061035156,461.5,463.8500061035156,429.98040771484375,846632.0
2022-08-03,466.5,467.70001220703125,456.0,462.8500061035156,429.0534362792969,1102218.0
2022-08-04,450.0,462.0,437.0,444.45001220703125,411.99700927734375,4547924.0
2022-08-05,446.45001220703125,449.70001220703125,429.70001220703125,437.75,405.78619384765625,1492696.0
2022-08-08,437.75,453.0,435.8999938964844,450.20001220703125,417.3271484375,1222890.0
2022-08-10,450.20001220703125,458.45001220703125,444.04998779296875,454.75,421.5448913574219,1618553.0
2022-08-11,460.0,478.95001220703125,458.1000061035156,464.54998779296875,430.6293029785156,3853387.0
2022-08-12,464.0,487.8500061035156,462.25,480.25,445.182861328125,3533966.0
2022-08-16,484.0,484.45001220703125,474.0,483.1499938964844,447.87115478515625,1245071.0
2022-08-17,483.0,500.29998779296875,468.75,495.8999938964844,459.6901550292969,2841166.0
2022-08-18,499.8999938964844,499.8999938964844,489.0,491.3999938964844,455.51873779296875,1324299.0
2022-08-19,491.3999938964844,493.3999938964844,482.20001220703125,490.8999938964844,456.9148864746094,1040521.0
2022-08-22,484.8999938964844,501.54998779296875,480.0,485.75,452.1214294433594,1723568.0
2022-08-23,480.0,491.5,476.20001220703125,488.5,454.6810607910156,1433557.0
2022-08-24,490.29998779296875,492.0,475.45001220703125,478.70001220703125,445.55950927734375,1488015.0
2022-08-25,481.95001220703125,484.45001220703125,469.04998779296875,470.54998779296875,437.9737243652344,901507.0
2022-08-26,474.95001220703125,477.75,456.5,458.3500061035156,426.61834716796875,1350530.0
2022-08-29,448.8500061035156,464.6499938964844,445.0,463.3500061035156,431.272216796875,1347026.0
2022-08-30,464.0,473.5,463.25,471.75,439.0906677246094,721183.0
2022-09-01,471.0,491.70001220703125,466.8500061035156,478.04998779296875,444.9544982910156,2807290.0
2022-09-02,480.0,485.0,476.75,481.3500061035156,448.02606201171875,889088.0
2022-09-05,484.3999938964844,486.0,477.1499938964844,483.20001220703125,449.7479553222656,490657.0
2022-09-06,482.0,485.70001220703125,475.04998779296875,477.1499938964844,444.1167907714844,621941.0
2022-09-07,475.0,492.75,472.0,487.25,453.5176086425781,1391871.0
2022-09-08,489.5,494.3999938964844,484.20001220703125,490.3999938964844,456.4494934082031,523210.0
2022-09-09,493.3999938964844,519.0,490.0,507.20001220703125,472.0864562988281,5073137.0
2022-09-12,510.8999938964844,517.4000244140625,503.20001220703125,512.4500122070312,476.9730224609375,1207344.0
2022-09-13,515.7000122070312,523.0,511.3999938964844,517.3499755859375,481.53375244140625,1793819.0
2022-09-14,514.0,518.0,505.1000061035156,513.5499877929688,477.996826171875,829790.0
2022-09-15,517.4500122070312,532.5999755859375,511.25,530.6500244140625,493.91302490234375,1958838.0
2022-09-16,533.2999877929688,533.2999877929688,501.5,504.25,469.3406677246094,1589610.0
2022-09-19,506.5,508.8500061035156,488.45001220703125,498.0,463.52337646484375,1744864.0
2022-09-20,503.0,507.8999938964844,496.79998779296875,503.1499938964844,468.31683349609375,1118321.0
2022-09-21,504.0,512.5999755859375,499.70001220703125,507.1499938964844,472.0398864746094,1302428.0
2022-09-22,507.45001220703125,526.0,503.29998779296875,519.7999877929688,483.81414794921875,1383930.0
2022-09-23,523.4500122070312,524.9500122070312,495.0,500.3500061035156,465.7106628417969,1433867.0
2022-09-26,495.0,498.8500061035156,480.1499938964844,487.20001220703125,453.4710693359375,1304964.0
2022-09-27,495.8999938964844,519.9000244140625,490.0,516.6500244140625,480.8822326660156,2712052.0
2022-09-28,515.5,522.3499755859375,505.0,506.8500061035156,471.76068115234375,1082372.0
2022-09-29,512.0,520.9500122070312,510.1499938964844,516.2999877929688,480.5564270019531,1145848.0
2022-09-30,513.0,515.0,493.0,503.25,468.4098815917969,1468595.0
2022-10-03,500.5,505.5,488.54998779296875,493.79998779296875,459.6141357421875,1027296.0
2022-10-04,497.8999938964844,503.3500061035156,488.04998779296875,490.20001220703125,456.26336669921875,1018062.0
2022-10-06,494.79998779296875,498.25,491.3999938964844,495.8999938964844,461.5687561035156,816166.0
2022-10-07,498.54998779296875,502.0,482.0,485.8500061035156,452.2145080566406,1183270.0
2022-10-10,485.0,495.79998779296875,483.54998779296875,490.95001220703125,456.96142578125,868669.0
2022-10-11,492.8500061035156,492.8500061035156,473.54998779296875,476.6000061035156,443.60491943359375,649722.0
2022-10-12,476.8999938964844,481.6000061035156,463.0,473.04998779296875,440.3006286621094,890893.0
2022-10-13,475.0,478.29998779296875,466.0,469.20001220703125,436.71722412109375,771752.0
2022-10-14,476.0,476.8999938964844,462.5,472.6499938964844,439.9283447265625,2093879.0
2022-10-17,472.6499938964844,475.0,463.8999938964844,469.45001220703125,436.94989013671875,573320.0
2022-10-18,480.0,482.0,467.1000061035156,476.3500061035156,443.3721923828125,1511272.0
2022-10-19,477.0,489.8999938964844,475.79998779296875,480.8999938964844,447.607177734375,987863.0
2022-10-20,479.0,486.45001220703125,475.75,483.6499938964844,450.1668395996094,557544.0
2022-10-21,484.29998779296875,503.54998779296875,484.29998779296875,501.79998779296875,467.0602722167969,1524560.0
2022-10-24,507.0,515.0,505.0,508.95001220703125,473.7153015136719,335498.0
2022-10-25,506.0,528.2999877929688,503.1000061035156,517.2000122070312,481.3941650390625,1455173.0
2022-10-27,515.2000122070312,522.0,512.0,518.25,482.3714599609375,671964.0
2022-10-28,518.0,525.0,511.29998779296875,514.6500244140625,479.02069091796875,569073.0
2022-10-31,518.0,522.75,507.25,518.5999755859375,482.69720458984375,1299780.0
2022-11-01,520.25,523.9500122070312,515.0999755859375,520.0999755859375,484.0933532714844,876828.0
2022-11-02,520.0999755859375,528.0,519.1500244140625,522.0999755859375,485.95489501953125,779392.0
2022-11-03,522.0999755859375,522.5999755859375,515.0,516.5999755859375,480.835693359375,271789.0
2022-11-04,517.9000244140625,520.0,511.0,514.1500244140625,478.5553283691406,290899.0
2022-11-07,516.75,521.1500244140625,513.5499877929688,516.5999755859375,480.835693359375,651394.0
2022-11-09,519.5999755859375,519.5999755859375,504.8500061035156,507.0,471.9002685546875,345747.0
2022-11-10,504.75,518.4500122070312,491.3999938964844,495.3500061035156,461.0568542480469,2268676.0
2022-11-11,500.0,503.5,478.04998779296875,480.6499938964844,447.3744812011719,1766171.0
2022-11-14,481.8999938964844,489.3999938964844,477.04998779296875,484.1499938964844,450.6322021484375,708009.0
2022-11-15,487.45001220703125,515.0,485.20001220703125,513.4000244140625,477.8572692871094,3411763.0
2022-11-16,515.0,516.7999877929688,502.25,504.29998779296875,469.38720703125,1247381.0
2022-11-17,506.6000061035156,508.8999938964844,492.5,498.3999938964844,463.89569091796875,923621.0
2022-11-18,499.5,507.20001220703125,490.6000061035156,501.8999938964844,467.15338134765625,1809406.0
2022-11-21,502.8999938964844,505.20001220703125,497.1499938964844,503.3500061035156,468.50299072265625,739113.0
2022-11-22,503.0,513.0,500.5,505.25,470.271484375,1058497.0
2022-11-23,507.5,508.1499938964844,498.1000061035156,503.54998779296875,468.6891174316406,625211.0
2022-11-24,503.0,507.0,491.0,493.95001220703125,459.7537536621094,1096570.0
2022-11-25,496.6000061035156,496.95001220703125,486.6000061035156,492.1000061035156,458.0318298339844,1500080.0
2022-11-28,492.54998779296875,508.6499938964844,492.0,504.25,469.3406677246094,1627936.0
2022-11-29,504.3500061035156,507.8999938964844,497.0,498.70001220703125,464.1748962402344,919299.0
2022-11-30,501.8999938964844,508.6499938964844,494.3500061035156,498.8500061035156,464.31451416015625,1758025.0
2022-12-01,502.1000061035156,517.0,500.3500061035156,508.29998779296875,473.11029052734375,3327631.0
2022-12-02,510.0,522.9000244140625,508.25,516.2999877929688,480.5564270019531,2325266.0
2022-12-05,519.9500122070312,520.0,504.1499938964844,508.5,473.29644775390625,1273186.0
2022-12-06,509.95001220703125,514.0,505.0,509.70001220703125,474.41339111328125,1091889.0
2022-12-07,512.0,512.4000244140625,504.75,505.79998779296875,470.7833557128906,1090292.0
2022-12-08,506.79998779296875,519.0,506.1499938964844,518.25,482.3714599609375,1308991.0
2022-12-09,521.7000122070312,533.5,517.0,521.5499877929688,485.4429931640625,2584827.0
2022-12-12,520.0,525.0,508.3500061035156,523.7999877929688,487.5372009277344,1046196.0
2022-12-13,525.0,532.2999877929688,519.0,525.7999877929688,489.3987731933594,1520187.0
2022-12-14,526.0,529.0,520.3499755859375,525.6500244140625,489.2591857910156,1199036.0
2022-12-15,525.0,539.0999755859375,523.5499877929688,531.7999877929688,494.9833984375,1583371.0
2022-12-16,532.6500244140625,532.6500244140625,519.25,521.0,484.9310607910156,818134.0
2022-12-19,518.5499877929688,530.5,515.5,527.4000244140625,490.88800048828125,1047517.0
2022-12-20,525.75,527.75,519.4000244140625,526.5499877929688,490.09686279296875,546384.0
2022-12-21,527.0,536.3499755859375,511.0,513.5,477.9503173828125,1221529.0
2022-12-22,513.5,516.2999877929688,494.0,495.5,461.1964416503906,1066001.0
2022-12-23,493.0,497.29998779296875,463.04998779296875,467.70001220703125,435.321044921875,1182558.0
2022-12-26,465.0,484.95001220703125,464.5,481.0,447.7002868652344,571172.0
2022-12-27,482.3500061035156,487.29998779296875,473.5,478.3999938964844,445.2802734375,900935.0
2022-12-28,478.8999938964844,482.75,473.6499938964844,479.3999938964844,446.2110595703125,568135.0
2022-12-29,479.8999938964844,483.25,473.25,478.04998779296875,444.9544982910156,766363.0
2022-12-30,481.29998779296875,490.75,478.54998779296875,486.1499938964844,452.4937438964844,1036997.0
2023-01-02,488.6000061035156,492.8500061035156,484.6000061035156,490.1499938964844,456.216796875,617114.0
2023-01-03,490.1499938964844,495.1000061035156,488.45001220703125,490.6000061035156,456.63568115234375,866163.0
2023-01-04,492.8999938964844,494.1499938964844,476.20001220703125,477.5,444.44256591796875,871233.0
2023-01-05,478.95001220703125,491.70001220703125,472.1000061035156,490.04998779296875,456.12371826171875,2056214.0
2023-01-06,490.0,492.6000061035156,478.0,481.04998779296875,447.7467956542969,776107.0
2023-01-09,488.0,490.75,477.20001220703125,483.8999938964844,450.3995361328125,893941.0
2023-01-10,486.0,486.75,474.54998779296875,479.8999938964844,446.6764221191406,1092831.0
2023-01-11,481.1000061035156,482.3999938964844,468.45001220703125,471.25,438.62530517578125,1063937.0
2023-01-12,472.70001220703125,473.3999938964844,464.0,466.79998779296875,434.48333740234375,1115689.0
2023-01-13,455.5,458.5,442.0,450.29998779296875,419.1256103515625,3266021.0
2023-01-16,451.95001220703125,452.8999938964844,447.0,448.29998779296875,417.26409912109375,1201616.0
2023-01-17,448.25,449.8999938964844,442.0,448.5,417.45025634765625,892192.0
2023-01-18,448.5,460.45001220703125,447.0,455.45001220703125,423.91912841796875,785889.0
2023-01-19,455.45001220703125,458.54998779296875,447.0,455.1499938964844,423.639892578125,930342.0
2023-01-20,455.1000061035156,464.70001220703125,453.25,460.8500061035156,428.9452819824219,756534.0
2023-01-23,460.8500061035156,471.8500061035156,460.3500061035156,471.04998779296875,438.4391174316406,867582.0
2023-01-24,473.25,474.0,462.0,469.45001220703125,436.94989013671875,835735.0
2023-01-25,465.45001220703125,472.8999938964844,464.0,466.29998779296875,434.0179443359375,907188.0
2023-01-27,465.25,469.95001220703125,450.8500061035156,454.70001220703125,423.2210388183594,482804.0
2023-01-30,452.8500061035156,458.1000061035156,447.6499938964844,449.8999938964844,418.75335693359375,831599.0
2023-01-31,453.8999938964844,460.0,446.04998779296875,456.95001220703125,425.31524658203125,913949.0
2023-02-01,459.3999938964844,486.3999938964844,459.3999938964844,472.04998779296875,439.36993408203125,3358729.0
2023-02-02,472.04998779296875,477.8500061035156,467.25,472.6499938964844,439.9283447265625,861138.0
2023-02-03,474.3999938964844,475.3999938964844,456.45001220703125,469.45001220703125,436.94989013671875,1135188.0
2023-02-06,469.8999938964844,477.79998779296875,469.70001220703125,474.8999938964844,442.0225830078125,379388.0
2023-02-07,476.79998779296875,476.79998779296875,468.0,469.54998779296875,437.0429382324219,416832.0
2023-02-08,471.8999938964844,482.0,467.8500061035156,480.0,446.76953125,551185.0
2023-02-09,482.0,483.95001220703125,473.75,482.79998779296875,449.3756408691406,598616.0
2023-02-10,479.8999938964844,486.8999938964844,477.1499938964844,480.29998779296875,447.04876708984375,772600.0
2023-02-13,481.0,494.0,473.8999938964844,484.6499938964844,451.09759521484375,1813283.0
2023-02-14,487.95001220703125,496.1000061035156,473.0,474.79998779296875,441.92950439453125,2258775.0
2023-02-15,473.25,486.70001220703125,472.5,483.25,449.79449462890625,863643.0
2023-02-16,483.0,489.1000061035156,478.25,485.3999938964844,451.795654296875,826686.0
2023-02-17,485.3500061035156,486.5,476.75,485.25,451.6560363769531,442003.0
2023-02-20,482.5,503.0,481.0,499.3500061035156,464.7799377441406,1951656.0
2023-02-21,500.5,510.8500061035156,497.8999938964844,506.54998779296875,471.4814453125,1871447.0
2023-02-22,502.1000061035156,518.0,500.25,502.70001220703125,467.89801025390625,1429841.0
2023-02-23,510.04998779296875,519.4000244140625,494.04998779296875,504.1000061035156,469.2010803222656,2092549.0
2023-02-24,508.3999938964844,513.0,498.6000061035156,507.3999938964844,472.2725830078125,1484735.0
2023-02-27,506.0,511.79998779296875,500.8500061035156,504.20001220703125,469.2941589355469,1088125.0
2023-02-28,505.6000061035156,511.6000061035156,497.6499938964844,504.8999938964844,469.9456481933594,1111464.0
2023-03-01,506.25,513.0999755859375,506.25,511.20001220703125,475.8095397949219,1153664.0
2023-03-02,513.7999877929688,518.0,510.0,511.20001220703125,475.8095397949219,663679.0
2023-03-03,513.0,513.7000122070312,505.45001220703125,509.3500061035156,474.0876159667969,680634.0
2023-03-06,510.8500061035156,526.0,508.29998779296875,512.6500244140625,477.1591491699219,2145359.0
2023-03-08,512.5,513.2000122070312,505.0,507.20001220703125,472.0864562988281,828522.0
2023-03-09,507.5,516.4000244140625,506.0,514.0,478.4156799316406,735030.0
2023-03-10,508.6000061035156,514.0,501.1499938964844,510.20001220703125,474.8787841796875,603399.0
2023-03-13,511.5,513.0,505.04998779296875,507.6000061035156,472.458740234375,449389.0
2023-03-14,507.6000061035156,511.45001220703125,498.0,500.29998779296875,465.66412353515625,747379.0
2023-03-15,502.79998779296875,504.6000061035156,488.3500061035156,491.6499938964844,457.61297607421875,655736.0
2023-03-16,491.6000061035156,498.95001220703125,484.04998779296875,496.79998779296875,462.40643310546875,441404.0
2023-03-17,499.20001220703125,507.79998779296875,498.0,502.20001220703125,467.4325866699219,619544.0
2023-03-20,507.79998779296875,507.79998779296875,494.20001220703125,495.20001220703125,460.917236328125,470868.0
2023-03-21,499.3999938964844,510.0,495.0,501.1499938964844,466.4552917480469,1378566.0
2023-03-22,504.79998779296875,504.79998779296875,494.45001220703125,495.29998779296875,461.0102844238281,252212.0
2023-03-23,495.3500061035156,506.6499938964844,489.29998779296875,491.25,457.24066162109375,531491.0
2023-03-24,493.75,494.6499938964844,480.6000061035156,482.3999938964844,449.00335693359375,311464.0
2023-03-27,481.0,487.3999938964844,476.25,479.6000061035156,446.3971862792969,329426.0
2023-03-28,481.8999938964844,482.79998779296875,467.20001220703125,470.3500061035156,437.7875671386719,400568.0
2023-03-29,472.3999938964844,475.3999938964844,467.1000061035156,469.6499938964844,437.1360168457031,524679.0
2023-03-31,472.0,472.95001220703125,451.75,459.6000061035156,427.7818298339844,970080.0
2023-04-03,462.95001220703125,465.0,452.0,461.20001220703125,429.27105712890625,1103401.0
2023-04-05,461.8999938964844,466.54998779296875,458.0,462.25,430.2483825683594,1445770.0
2023-04-06,464.6499938964844,470.79998779296875,458.5,466.3500061035156,434.0644836425781,621749.0
2023-04-10,469.95001220703125,472.0,453.8500061035156,458.6000061035156,426.8510437011719,1202495.0
2023-04-11,461.6000061035156,464.70001220703125,458.20001220703125,461.20001220703125,429.27105712890625,1240210.0
2023-04-12,462.1000061035156,470.6000061035156,462.0,465.04998779296875,432.8544921875,1121255.0
2023-04-13,466.79998779296875,467.0,461.25,462.95001220703125,430.89990234375,916402.0
2023-04-17,464.79998779296875,470.75,460.79998779296875,469.8999938964844,437.3687438964844,601842.0
2023-04-18,471.8999938964844,477.6499938964844,467.45001220703125,469.1499938964844,436.670654296875,900867.0
2023-04-19,471.29998779296875,471.29998779296875,463.04998779296875,464.79998779296875,432.6217956542969,605655.0
2023-04-20,465.0,466.6499938964844,459.45001220703125,461.3999938964844,429.4571838378906,827975.0
2023-04-21,460.04998779296875,467.29998779296875,458.20001220703125,466.6000061035156,434.2972106933594,648347.0
2023-04-24,469.1000061035156,469.6499938964844,462.3500061035156,463.5,431.41180419921875,429140.0
2023-04-25,464.79998779296875,465.29998779296875,458.0,458.75,426.99066162109375,776250.0
2023-04-26,463.0,464.79998779296875,456.25,463.3999938964844,431.3187255859375,2396756.0
2023-04-27,462.3500061035156,464.0,453.20001220703125,454.5,423.0348815917969,1836212.0
2023-04-28,457.0,468.5,456.95001220703125,467.75,435.3675842285156,1640261.0
2023-05-02,468.8999938964844,472.1000061035156,464.5,469.95001220703125,437.415283203125,744818.0
2023-05-03,470.0,477.6000061035156,467.1000061035156,472.1499938964844,439.4629821777344,1473634.0
2023-05-04,475.0,475.0,469.04998779296875,473.25,440.4868469238281,888057.0
2023-05-05,473.25,475.5,457.25,460.70001220703125,428.8056945800781,688010.0
2023-05-08,462.0,462.75,456.5,459.3500061035156,427.5491027832031,977590.0
2023-05-09,461.8999938964844,475.0,460.8500061035156,466.5,434.2041320800781,1550156.0
2023-05-10,468.95001220703125,470.45001220703125,455.1000061035156,462.8500061035156,430.8067932128906,1966807.0
2023-05-11,475.0,493.0,468.0,488.25,454.4483947753906,9944326.0
2023-05-12,490.0,492.54998779296875,475.75,476.6499938964844,443.65142822265625,1095738.0
2023-05-15,477.70001220703125,483.95001220703125,466.1000061035156,482.6000061035156,449.1895446777344,1271233.0
2023-05-16,482.0,491.54998779296875,479.95001220703125,486.45001220703125,452.7729797363281,1693351.0
2023-05-17,487.8999938964844,496.0,485.0,491.5,457.4733581542969,1318488.0
2023-05-18,493.25,497.45001220703125,481.79998779296875,487.0,453.284912109375,977594.0
2023-05-19,487.0,488.70001220703125,474.0,478.95001220703125,445.792236328125,1020749.0
2023-05-22,478.0,485.75,473.5,482.95001220703125,449.5152893066406,488188.0
2023-05-23,485.45001220703125,488.8500061035156,479.04998779296875,486.04998779296875,452.4006652832031,717556.0
2023-05-24,486.8999938964844,491.1499938964844,482.6000061035156,487.20001220703125,453.4710693359375,902147.0
2023-05-25,489.04998779296875,490.29998779296875,482.95001220703125,488.75,454.91375732421875,813424.0
2023-05-26,490.5,500.8999938964844,489.54998779296875,498.25,463.7560729980469,1577642.0
2023-05-29,500.0,502.8999938964844,495.6000061035156,496.8999938964844,462.49951171875,967925.0
2023-05-30,497.6000061035156,504.79998779296875,496.0,503.1000061035156,468.27032470703125,908927.0
2023-05-31,502.3999938964844,508.3999938964844,500.1000061035156,506.6000061035156,471.5279846191406,903085.0
2023-06-01,488.5,499.79998779296875,483.0,488.25,454.4483947753906,3060387.0
2023-06-02,490.0,492.20001220703125,473.1000061035156,475.0,442.11566162109375,3389105.0
2023-06-05,479.0,479.8999938964844,472.70001220703125,475.29998779296875,442.3948669433594,923028.0
2023-06-06,476.79998779296875,479.79998779296875,471.25,479.1000061035156,445.93182373046875,705664.0
2023-06-07,480.3999938964844,484.79998779296875,477.54998779296875,483.75,450.2598876953125,776523.0
2023-06-08,484.5,485.6499938964844,474.8999938964844,479.0,445.8387756347656,1013214.0
2023-06-09,478.8999938964844,484.70001220703125,475.3500061035156,479.5,446.30413818359375,705259.0
2023-06-12,479.5,486.70001220703125,478.1000061035156,484.29998779296875,450.77178955078125,1039880.0
2023-06-13,485.0,488.8999938964844,482.70001220703125,485.95001220703125,452.3076171875,827670.0
2023-06-14,486.0,486.79998779296875,481.04998779296875,484.95001220703125,451.3768310546875,598386.0
2023-06-15,486.0,486.79998779296875,481.5,485.3999938964844,451.795654296875,1058246.0
2023-06-16,484.8999938964844,486.6499938964844,476.29998779296875,478.6000061035156,445.4664306640625,822598.0
2023-06-19,478.95001220703125,479.5,469.54998779296875,473.3500061035156,440.57989501953125,1292765.0
2023-06-20,472.5,477.29998779296875,471.0,476.45001220703125,443.46527099609375,967035.0
2023-06-21,477.5,480.6000061035156,472.0,472.79998779296875,440.0679626464844,1249372.0
2023-06-22,472.95001220703125,476.6000061035156,468.0,468.79998779296875,436.3448791503906,720267.0
2023-06-23,469.79998779296875,469.8999938964844,460.75,461.95001220703125,429.9691467285156,897119.0
2023-06-26,462.04998779296875,467.25,459.25,466.20001220703125,433.92486572265625,564948.0
2023-06-27,467.0,469.8999938964844,465.75,468.1499938964844,435.7398986816406,487725.0
2023-06-28,466.0,469.79998779296875,464.8500061035156,467.3999938964844,435.04180908203125,2028118.0
2023-06-30,467.3999938964844,471.75,462.29998779296875,465.04998779296875,432.8544921875,1578398.0
2023-07-03,485.0,492.0,472.5,474.6000061035156,441.7433776855469,5553953.0
2023-07-04,479.29998779296875,479.29998779296875,469.3500061035156,472.75,440.02142333984375,949053.0
2023-07-05,472.0,476.29998779296875,469.5,474.1499938964844,441.3244934082031,382984.0
2023-07-06,474.1000061035156,479.6000061035156,472.6499938964844,475.6000061035156,442.67413330078125,512320.0
2023-07-07,475.54998779296875,484.3999938964844,472.8999938964844,476.8999938964844,443.8841247558594,1069365.0
2023-07-10,478.0,479.0,470.70001220703125,475.79998779296875,442.86029052734375,710965.0
2023-07-11,475.70001220703125,481.6499938964844,474.29998779296875,480.6000061035156,447.3279724121094,565353.0
2023-07-12,483.0,483.0,468.25,470.3999938964844,437.8341064453125,2157603.0
2023-07-13,471.95001220703125,472.8999938964844,461.29998779296875,463.04998779296875,430.99298095703125,1662964.0
2023-07-14,467.04998779296875,467.3999938964844,459.45001220703125,460.20001220703125,428.3403015136719,1968806.0
2023-07-17,460.20001220703125,467.1000061035156,460.0,461.25,429.3175964355469,1741503.0
2023-07-18,463.54998779296875,465.75,457.5,464.79998779296875,432.6217956542969,1283323.0
2023-07-19,466.0,468.5,463.45001220703125,466.6000061035156,434.2972106933594,819400.0
2023-07-20,466.6000061035156,469.29998779296875,465.25,466.8999938964844,434.5764465332031,1447453.0
2023-07-21,466.0,471.45001220703125,463.04998779296875,469.0,436.5310363769531,806212.0
2023-07-24,470.0,470.95001220703125,462.1000061035156,466.95001220703125,434.62298583984375,1109420.0
2023-07-25,467.45001220703125,470.45001220703125,465.8999938964844,469.04998779296875,436.57757568359375,1300009.0
2023-07-26,470.79998779296875,475.1499938964844,468.5,472.3999938964844,439.6956481933594,1035658.0
2023-07-27,474.3999938964844,475.3500061035156,469.04998779296875,470.8500061035156,438.2529602050781,835642.0
2023-07-28,471.0,482.95001220703125,470.1000061035156,481.29998779296875,447.9794921875,1553233.0
2023-07-31,482.0,486.75,478.6499938964844,482.70001220703125,449.2825927734375,1151004.0
2023-08-01,485.20001220703125,493.5,481.54998779296875,483.3500061035156,449.8875732421875,1865612.0
2023-08-02,482.6499938964844,482.6499938964844,469.0,472.04998779296875,439.36993408203125,1410497.0
2023-08-03,457.0,458.54998779296875,438.6000061035156,455.04998779296875,423.5468444824219,8900464.0
2023-08-04,456.79998779296875,457.5,449.6499938964844,450.8999938964844,419.68414306640625,3685903.0
2023-08-07,453.8999938964844,463.3500061035156,450.79998779296875,461.70001220703125,429.7364196777344,1452392.0
2023-08-08,462.1000061035156,471.5,459.3999938964844,470.1000061035156,437.5549011230469,894379.0
2023-08-09,469.04998779296875,473.29998779296875,466.6499938964844,472.04998779296875,439.36993408203125,535041.0
2023-08-10,467.5,469.8999938964844,456.54998779296875,461.95001220703125,429.9691467285156,3135625.0
2023-08-11,463.95001220703125,464.70001220703125,458.0,460.04998779296875,428.20062255859375,1533152.0
2023-08-14,461.0,461.8500061035156,453.5,456.70001220703125,425.08258056640625,1074147.0
2023-08-16,456.70001220703125,458.5,451.70001220703125,455.0,423.5002746582031,342851.0
2023-08-17,455.0,456.8500061035156,451.1000061035156,454.20001220703125,422.75567626953125,824472.0
2023-08-18,455.0,457.3500061035156,451.1000061035156,452.54998779296875,421.2198486328125,842064.0
2023-08-21,457.95001220703125,462.0,453.54998779296875,454.79998779296875,423.3140869140625,1284821.0
2023-08-22,457.0,457.0,452.1499938964844,454.6000061035156,423.1279602050781,721647.0
2023-08-23,454.8999938964844,457.0,453.5,454.20001220703125,422.75567626953125,394500.0
2023-08-24,456.0,460.8999938964844,455.04998779296875,456.04998779296875,424.4775390625,710840.0
2023-08-25,456.0,459.95001220703125,452.3500061035156,453.3999938964844,422.0110168457031,490845.0
2023-08-28,456.0,457.0,452.29998779296875,455.95001220703125,424.3844909667969,865359.0
2023-08-29,457.0,460.20001220703125,454.6000061035156,458.8500061035156,427.083740234375,1348270.0
2023-08-30,460.0,461.45001220703125,453.0,453.3999938964844,422.0110168457031,2126957.0
2023-08-31,453.95001220703125,455.3500061035156,447.3999938964844,449.3500061035156,418.2414245605469,1466175.0
2023-09-01,458.0,459.3500061035156,450.54998779296875,458.0,426.2925720214844,3222741.0
2023-09-04,460.0,460.6000061035156,454.75,456.1499938964844,424.5706481933594,1512915.0
2023-09-05,459.0,464.0,455.0,456.54998779296875,424.94293212890625,1312323.0
2023-09-06,459.3999938964844,469.20001220703125,459.0,462.1499938964844,430.1552734375,2036896.0
2023-09-07,466.0,466.29998779296875,458.8500061035156,462.8999938964844,430.85333251953125,989244.0
2023-09-08,464.75,466.70001220703125,463.0,464.3999938964844,432.24951171875,1022948.0
2023-09-11,460.5,461.3500061035156,456.3999938964844,460.20001220703125,434.5630187988281,1850728.0
2023-09-12,462.1000061035156,465.0,450.0,450.75,425.63946533203125,1350738.0
2023-09-13,450.95001220703125,453.79998779296875,446.25,448.6000061035156,423.6092529296875,1428666.0
2023-09-14,450.45001220703125,452.8999938964844,448.0,452.20001220703125,427.0086975097656,1133444.0
2023-09-15,456.0,456.5,450.54998779296875,451.29998779296875,426.1588134765625,834338.0
2023-09-18,452.0,455.8999938964844,448.3999938964844,453.20001220703125,427.9529724121094,1149160.0
2023-09-20,453.75,455.5,445.0,446.25,421.3901062011719,1675358.0
2023-09-21,445.3500061035156,447.3500061035156,440.04998779296875,441.04998779296875,416.47979736328125,1430589.0
2023-09-22,443.54998779296875,445.04998779296875,438.6000061035156,439.6000061035156,415.1106262207031,751015.0
2023-09-25,440.95001220703125,442.1499938964844,435.1000061035156,437.29998779296875,412.938720703125,1108990.0
2023-09-26,438.45001220703125,439.54998779296875,430.79998779296875,432.0,407.9339904785156,1797267.0
2023-09-27,430.79998779296875,431.29998779296875,420.1000061035156,420.8999938964844,397.45233154296875,2053494.0
2023-09-28,421.79998779296875,423.6000061035156,414.0,414.95001220703125,391.8338317871094,2093000.0
2023-09-29,417.5,424.20001220703125,416.0,422.8999938964844,399.3409423828125,1403169.0
2023-10-03,423.0,431.0,421.0,425.1499938964844,401.4656066894531,1892210.0
2023-10-04,425.1499938964844,426.1000061035156,419.79998779296875,421.45001220703125,397.9717102050781,1855444.0
2023-10-05,425.25,425.6000061035156,420.04998779296875,421.1000061035156,397.6412048339844,918165.0
2023-10-06,422.0,425.54998779296875,421.1000061035156,424.70001220703125,401.0406799316406,1146356.0
2023-10-09,423.8999938964844,425.1499938964844,416.75,422.8500061035156,399.2937316894531,767140.0
2023-10-10,425.0,425.75,420.0,422.95001220703125,399.3881530761719,699842.0
2023-10-11,424.95001220703125,427.0,421.3500061035156,421.75,398.2549743652344,1235669.0
2023-10-12,422.6000061035156,429.0,422.3999938964844,426.1499938964844,402.40985107421875,2291466.0
2023-10-13,425.70001220703125,428.6000061035156,424.04998779296875,426.79998779296875,403.023681640625,1199758.0
2023-10-16,424.3500061035156,427.6000061035156,423.6000061035156,425.1499938964844,401.4656066894531,759264.0
2023-10-17,426.1000061035156,429.0,425.0,427.1499938964844,403.3541564941406,1470462.0
2023-10-18,427.95001220703125,427.95001220703125,417.70001220703125,419.8500061035156,396.4608459472656,2255046.0
2023-10-19,418.1000061035156,420.8999938964844,414.6000061035156,419.8500061035156,396.4608459472656,997283.0
2023-10-20,418.0,418.79998779296875,410.3999938964844,413.20001220703125,390.1813049316406,2249782.0
2023-10-23,413.20001220703125,415.6499938964844,405.0,406.79998779296875,384.1378173828125,1079758.0
2023-10-25,407.0,408.75,400.54998779296875,406.45001220703125,383.8073425292969,1449997.0
2023-10-26,403.70001220703125,404.6000061035156,397.04998779296875,403.8500061035156,381.3521728515625,1569194.0
2023-10-27,406.6000061035156,407.8999938964844,403.70001220703125,406.75,384.0906066894531,656655.0
2023-10-30,410.95001220703125,414.79998779296875,408.04998779296875,411.1499938964844,388.2455139160156,1295921.0
2023-10-31,413.29998779296875,413.29998779296875,404.1000061035156,409.04998779296875,386.262451171875,869665.0
2023-11-01,409.0,409.04998779296875,402.25,404.8999938964844,382.3436584472656,760851.0
2023-11-02,404.8999938964844,410.8999938964844,404.8999938964844,408.29998779296875,385.55426025390625,304295.0
2023-11-03,414.0,423.3999938964844,413.0,419.45001220703125,396.0831604003906,1981468.0
2023-11-06,422.8500061035156,422.8999938964844,414.5,417.1499938964844,393.9112548828125,736363.0
2023-11-07,417.1499938964844,419.8999938964844,416.1000061035156,417.54998779296875,394.2889709472656,283074.0
2023-11-08,418.0,419.0,416.04998779296875,416.79998779296875,393.5807189941406,252981.0
2023-11-09,418.8500061035156,418.8500061035156,412.29998779296875,413.6000061035156,390.55902099609375,459834.0
2023-11-10,413.6499938964844,420.0,412.0,417.54998779296875,394.2889709472656,232630.0
2023-11-13,417.79998779296875,420.0,414.25,418.3500061035156,395.0444030761719,342673.0
2023-11-15,421.0,423.5,417.6499938964844,421.8500061035156,398.34942626953125,671902.0
2023-11-16,421.25,426.0,419.6000061035156,422.1499938964844,398.6326904296875,427881.0
2023-11-17,422.1499938964844,427.45001220703125,421.45001220703125,425.04998779296875,401.37115478515625,480967.0
2023-11-20,425.04998779296875,426.0,423.0,424.25,400.6157531738281,270402.0
2023-11-21,425.0,429.5,424.20001220703125,427.1499938964844,403.3541564941406,791185.0
2023-11-22,427.1499938964844,428.3500061035156,425.1499938964844,425.95001220703125,402.2210388183594,504816.0
2023-11-23,426.0,430.5,425.70001220703125,428.3500061035156,404.4873352050781,589678.0
2023-11-24,429.25,430.79998779296875,425.0,425.54998779296875,401.8432922363281,379765.0
2023-11-28,426.0,428.79998779296875,424.1000061035156,427.95001220703125,404.109619140625,429173.0
2023-11-29,427.95001220703125,435.0,427.95001220703125,433.54998779296875,409.3976135253906,1310151.0
2023-11-30,435.8999938964844,436.0,430.79998779296875,433.1499938964844,409.0198974609375,790451.0
2023-12-01,434.8999938964844,439.0,432.29998779296875,434.04998779296875,409.8697509765625,719517.0
2023-12-04,438.0,444.70001220703125,435.75,441.8500061035156,417.2352600097656,1354602.0
2023-12-05,444.1000061035156,444.54998779296875,439.0,444.1000061035156,419.3598937988281,967727.0
2023-12-06,444.1000061035156,446.20001220703125,441.0,441.45001220703125,416.8575439453125,737293.0
2023-12-07,441.45001220703125,446.79998779296875,439.3999938964844,443.0,418.3211975097656,1335589.0
2023-12-08,444.20001220703125,446.25,439.45001220703125,440.29998779296875,415.7716064453125,2098749.0
2023-12-11,441.0,446.5,439.6000061035156,441.1000061035156,416.52703857421875,1623652.0
2023-12-12,443.8999938964844,446.5,436.6000061035156,439.1000061035156,414.63848876953125,1165630.0
2023-12-13,439.29998779296875,440.95001220703125,434.0,436.5,412.1833190917969,846424.0
2023-12-14,439.8999938964844,442.54998779296875,435.5,441.8500061035156,417.2352600097656,887089.0
2023-12-15,445.0,453.6499938964844,443.1499938964844,448.3999938964844,423.4203796386719,1855930.0
2023-12-18,452.20001220703125,455.6499938964844,448.3999938964844,451.1000061035156,425.969970703125,1159333.0
2023-12-19,451.0,452.79998779296875,446.79998779296875,447.20001220703125,422.2872009277344,479461.0
2023-12-20,450.0,455.5,434.75,438.3999938964844,413.9774475097656,1904958.0
2023-12-21,437.79998779296875,447.0,431.25,443.54998779296875,418.84051513671875,1489447.0
2023-12-22,447.3999938964844,449.5,443.6499938964844,447.3500061035156,422.4288635253906,1201809.0
2023-12-26,449.79998779296875,456.95001220703125,447.04998779296875,451.3500061035156,426.2060241699219,1438097.0
2023-12-27,451.3500061035156,454.3500061035156,446.6499938964844,449.8999938964844,424.8368225097656,4416912.0
2023-12-28,449.95001220703125,453.6000061035156,448.5,452.1499938964844,426.9614562988281,2630939.0
2023-12-29,453.54998779296875,463.0,448.54998779296875,461.5,435.79058837890625,2798265.0
2024-01-01,464.79998779296875,495.3999938964844,461.70001220703125,484.0,457.0371398925781,5898898.0
2024-01-02,485.0,503.45001220703125,480.6499938964844,498.3500061035156,470.5877380371094,5085625.0
2024-01-03,497.95001220703125,501.5,491.6000061035156,498.75,470.9654541015625,1583945.0
2024-01-04,500.1000061035156,507.70001220703125,496.8999938964844,506.20001220703125,478.00042724609375,1822819.0
2024-01-05,508.8999938964844,511.20001220703125,501.1000061035156,506.75,478.519775390625,1315727.0
2024-01-08,510.3500061035156,513.9000244140625,505.5,508.3999938964844,480.0778503417969,1358948.0
2024-01-09,512.9500122070312,515.7999877929688,506.70001220703125,514.0499877929688,485.4131164550781,973618.0
2024-01-10,516.3499755859375,516.3499755859375,505.3500061035156,515.2000122070312,486.4990539550781,1426433.0
2024-01-11,516.0,547.8499755859375,512.25,541.0999755859375,510.9562072753906,3966121.0
2024-01-12,548.0,548.0,531.25,534.5999755859375,504.8182373046875,3820123.0
2024-01-15,540.0,547.0,534.5,541.5999755859375,511.4283142089844,2182927.0
2024-01-16,544.9000244140625,558.4000244140625,540.5499877929688,556.0499877929688,525.0733642578125,2839045.0
2024-01-17,555.7000122070312,566.5,549.75,555.1500244140625,524.2235107421875,2688070.0
2024-01-18,553.0,561.9500122070312,534.2999877929688,557.7000122070312,526.6314697265625,2703718.0
2024-01-19,562.4500122070312,562.4500122070312,547.25,553.5999755859375,522.7598266601562,1174999.0
2024-01-23,563.9500122070312,564.75,549.5,553.4500122070312,522.6182250976562,1749559.0
2024-01-24,550.0,570.75,548.0499877929688,569.2000122070312,537.4908447265625,1134846.0
2024-01-25,571.9000244140625,571.9000244140625,549.5,552.4500122070312,521.6739501953125,937310.0
2024-01-29,558.5,561.5,552.0,553.4000244140625,522.571044921875,527332.0
2024-01-30,555.0999755859375,562.5,553.1500244140625,554.6500244140625,523.7514038085938,568635.0
2024-01-31,555.6500244140625,582.75,555.6500244140625,581.2999877929688,548.916748046875,2183189.0
2024-02-01,587.4000244140625,593.0,575.4500122070312,579.8499755859375,547.5474853515625,1400836.0
2024-02-02,585.0,599.7999877929688,584.0499877929688,590.8499755859375,557.9346923828125,1262826.0
2024-02-05,596.7999877929688,607.0,591.0,596.75,563.5060424804688,823613.0
2024-02-06,599.7000122070312,617.75,592.6500244140625,615.9000244140625,581.5891723632812,1201435.0
2024-02-07,620.0,620.0,600.2999877929688,602.7999877929688,569.218994140625,729023.0
2024-02-08,605.0,612.1500244140625,598.2999877929688,600.5499877929688,567.0942993164062,707704.0
2024-02-09,596.0999755859375,596.0999755859375,566.0499877929688,582.9000244140625,550.4276123046875,1240706.0
2024-02-12,580.2999877929688,585.7000122070312,558.75,560.4500122070312,529.2282104492188,848484.0
2024-02-13,555.1500244140625,566.8499755859375,555.1500244140625,561.7000122070312,530.4086303710938,449537.0
2024-02-14,529.0,562.5999755859375,512.0,559.75,528.5672607421875,4501093.0
2024-02-15,559.0,585.4000244140625,556.1500244140625,580.8499755859375,548.4917602539062,2077553.0
2024-02-16,567.5,567.5,541.8499755859375,545.0499877929688,514.6862182617188,6418568.0
2024-02-19,545.0,565.4500122070312,540.0,551.2999877929688,520.5880126953125,1942616.0
2024-02-20,551.0,561.0,544.0,555.0,524.0818481445312,1340714.0
2024-02-21,558.9500122070312,569.75,554.0,565.5499877929688,534.0440673828125,1532012.0
2024-02-22,565.5499877929688,575.7000122070312,561.9000244140625,564.5499877929688,533.0997924804688,1459852.0
2024-02-23,567.9500122070312,580.5,563.9000244140625,577.2999877929688,545.1395874023438,1311882.0
2024-02-26,580.0,583.5999755859375,565.6500244140625,567.0999755859375,535.5077514648438,1399946.0
2024-02-27,567.0999755859375,572.8499755859375,557.0,558.2999877929688,527.197998046875,590652.0
2024-02-28,558.3499755859375,568.25,545.0,548.2999877929688,517.755126953125,1109298.0
2024-02-29,552.75,568.7000122070312,544.75,565.3499755859375,533.855224609375,2127506.0
2024-03-01,568.0,582.3499755859375,567.0499877929688,578.3499755859375,546.1310424804688,1093148.0
2024-03-04,576.7999877929688,595.75,576.0499877929688,590.0,557.1320190429688,1952711.0
2024-03-05,594.7999877929688,594.8499755859375,586.4000244140625,593.4500122070312,560.389892578125,677112.0
2024-03-06,594.0,594.75,555.1500244140625,566.8499755859375,535.2716674804688,2080869.0
2024-03-07,568.0,573.9000244140625,559.7000122070312,570.75,538.9544677734375,548388.0
2024-03-11,576.9500122070312,576.9500122070312,556.0,565.5,533.9968872070312,800541.0
2024-03-12,561.0,576.9000244140625,553.0,556.1500244140625,525.1677856445312,481623.0
2024-03-13,556.1500244140625,556.1500244140625,523.2000122070312,528.4000244140625,498.96368408203125,1266699.0
2024-03-14,528.0,542.6500244140625,522.0499877929688,537.2999877929688,507.3678894042969,1136681.0
2024-03-15,537.2999877929688,546.9500122070312,528.5499877929688,543.1500244140625,512.8920288085938,902983.0
2024-03-18,543.1500244140625,545.9000244140625,535.0,542.75,512.5142822265625,843660.0
2024-03-19,543.0,543.0,516.25,520.8499755859375,491.8342590332031,564288.0
2024-03-20,518.4500122070312,518.6500244140625,498.3500061035156,516.5999755859375,487.821044921875,2368871.0
2024-03-21,515.2999877929688,530.7999877929688,515.2999877929688,529.0499877929688,499.57745361328125,777617.0
2024-03-22,528.5,532.2000122070312,524.1500244140625,528.8499755859375,499.38861083984375,317477.0
2024-03-26,529.0,553.0499877929688,525.0499877929688,549.2999877929688,518.6994018554688,1034389.0
2024-03-27,549.3499755859375,556.4500122070312,539.9000244140625,541.75,511.5699768066406,975813.0
2024-03-28,545.0,547.0,538.2999877929688,544.25,513.9307861328125,698329.0
2024-04-01,544.9500122070312,555.7999877929688,544.25,547.7000122070312,517.1885375976562,339016.0
2024-04-02,547.9500122070312,553.2000122070312,534.0999755859375,540.9000244140625,510.7674255371094,1321869.0
2024-04-03,543.7000122070312,554.0,540.0,544.3499755859375,514.025146484375,953436.0
2024-04-04,546.0499877929688,554.5,544.5,546.9500122070312,516.4803466796875,611256.0
2024-04-05,546.9500122070312,560.0,538.4000244140625,548.3499755859375,517.8023071289062,4223466.0
2024-04-08,552.9500122070312,567.4000244140625,552.0499877929688,565.4000244140625,533.9024658203125,2292137.0
2024-04-09,568.2000122070312,570.0,555.0,557.3499755859375,526.3009033203125,1125528.0
2024-04-10,560.0,571.9000244140625,557.9000244140625,565.5999755859375,534.0912475585938,1202978.0
2024-04-12,566.0,567.5999755859375,558.0499877929688,560.5499877929688,529.3226928710938,626146.0
2024-04-15,550.5499877929688,577.5999755859375,540.2000122070312,572.9500122070312,541.0319213867188,2890101.0
2024-04-16,584.0,584.0,551.9000244140625,553.5,522.6654663085938,4855479.0
2024-04-18,557.8499755859375,570.0,550.6500244140625,553.3499755859375,522.5238037109375,1518746.0
2024-04-19,552.0,552.0,535.2000122070312,546.25,515.8193359375,1087066.0
2024-04-22,550.0,556.0499877929688,536.25,542.9500122070312,512.7031860351562,1719258.0
2024-04-23,543.1500244140625,549.7000122070312,540.0499877929688,542.0999755859375,511.9004821777344,579037.0
2024-04-24,543.2000122070312,548.75,540.6500244140625,544.0499877929688,513.7418823242188,580018.0
2024-04-25,544.9000244140625,547.2000122070312,540.0,543.2000122070312,512.9392700195312,561634.0
2024-04-26,544.9500122070312,557.0999755859375,543.75,551.4000244140625,520.6824340820312,750566.0
2024-04-29,554.7999877929688,558.0,548.4000244140625,551.5499877929688,520.8240356445312,338758.0
2024-04-30,551.5499877929688,556.5,545.2000122070312,546.5999755859375,516.1497802734375,1230913.0
2024-05-02,548.75,550.2999877929688,534.7000122070312,537.0999755859375,507.1790466308594,1435634.0
2024-05-03,539.7999877929688,542.0,530.7999877929688,535.9000244140625,506.0458984375,963669.0
2024-05-06,536.2000122070312,561.7999877929688,532.6500244140625,548.2000122070312,517.6607055664062,3671453.0
2024-05-07,563.0,567.0,534.2000122070312,538.4000244140625,508.4066467285156,6162778.0
2024-05-08,538.9500122070312,556.0,536.1500244140625,546.25,515.8193359375,1303842.0
2024-05-09,549.0,551.2999877929688,530.0,531.9500122070312,502.31597900390625,1180977.0
2024-05-10,533.4000244140625,538.0,523.25,530.0499877929688,500.52178955078125,662436.0
2024-05-13,531.0,539.25,519.3499755859375,536.75,506.84857177734375,624241.0
2024-05-14,539.5499877929688,553.9000244140625,535.0499877929688,551.4000244140625,520.6824340820312,1339612.0
2024-05-15,551.3499755859375,551.3499755859375,541.4500122070312,542.5499877929688,512.325439453125,437814.0
2024-05-16,544.9000244140625,553.7000122070312,539.2999877929688,550.9000244140625,520.2102661132812,810601.0
2024-05-17,551.2000122070312,556.7000122070312,543.4000244140625,551.7000122070312,520.9656982421875,776025.0
2024-05-21,554.0,563.0,550.3499755859375,560.7999877929688,529.5587158203125,940943.0
2024-05-22,563.0,568.4500122070312,556.0499877929688,558.0,526.9147338867188,1052694.0
2024-05-23,563.0,563.5499877929688,550.0999755859375,560.75,529.5115356445312,729152.0
2024-05-24,560.0,567.0,555.2000122070312,556.5,525.498291015625,762932.0
2024-05-27,560.9500122070312,562.7999877929688,551.1500244140625,554.4000244140625,523.5153198242188,577203.0
2024-05-28,554.0,559.9500122070312,540.0,547.3499755859375,516.8580322265625,462513.0
2024-05-29,548.2000122070312,557.5499877929688,544.5499877929688,555.0499877929688,524.1290283203125,744069.0
2024-05-30,555.0499877929688,555.0499877929688,535.6500244140625,540.0,509.9175109863281,765462.0
2024-05-31,538.0999755859375,558.0,538.0999755859375,551.3499755859375,520.6351928710938,1810821.0
2024-06-03,560.0,577.0,555.3499755859375,569.4500122070312,537.7268676757812,2601074.0
2024-06-04,570.0,571.7000122070312,490.0,533.2999877929688,503.5906982421875,2834737.0
2024-06-05,537.25,553.7000122070312,514.25,550.2000122070312,519.54931640625,819413.0
2024-06-06,554.3499755859375,576.0,551.4000244140625,571.0999755859375,539.2849731445312,1837974.0
2024-06-07,577.0,590.0,567.0499877929688,588.7000122070312,555.9044799804688,2508425.0
2024-06-10,594.7999877929688,598.0,577.4000244140625,590.0,557.1320190429688,1444154.0
2024-06-11,593.7999877929688,618.0,577.0,607.75,573.8931884765625,2351156.0
2024-06-12,613.75,616.0,603.0,610.5,576.4900512695312,1472966.0
2024-06-13,615.5,644.0999755859375,610.9000244140625,636.2000122070312,600.7583618164062,2568931.0
2024-06-14,646.2000122070312,648.9500122070312,626.8499755859375,632.0499877929688,596.8395385742188,1745156.0
2024-06-18,632.0499877929688,638.5,622.5,635.25,599.8612670898438,1223208.0
2024-06-19,635.25,635.25,610.2000122070312,612.0499877929688,577.9536743164062,1108093.0
2024-06-20,612.0499877929688,623.2999877929688,605.9500122070312,608.2999877929688,574.41259765625,1123522.0
2024-06-21,608.0999755859375,613.4500122070312,595.3499755859375,599.75,566.3389282226562,1561042.0
2024-06-24,595.0,613.5999755859375,580.4500122070312,607.7999877929688,573.9404296875,2165380.0
2024-06-25,607.7999877929688,618.9000244140625,607.7999877929688,612.9000244140625,578.75634765625,1137951.0
2024-06-26,612.9000244140625,623.2000122070312,608.0999755859375,620.9500122070312,586.35791015625,1319234.0
2024-06-27,623.9500122070312,638.7000122070312,610.4500122070312,627.0499877929688,592.1180419921875,1329806.0
2024-06-28,627.9000244140625,642.0999755859375,623.0499877929688,628.4500122070312,593.4400634765625,1627201.0
2024-07-01,628.4500122070312,650.0,627.4500122070312,646.9500122070312,610.9094848632812,1772279.0
2024-07-02,653.0,663.4000244140625,647.5499877929688,650.8499755859375,614.5921630859375,3318692.0
2024-07-03,651.9500122070312,654.4000244140625,634.75,637.8499755859375,602.31640625,1332320.0
2024-07-04,637.0,637.8499755859375,628.2000122070312,632.8499755859375,597.594970703125,816689.0
2024-07-05,632.9000244140625,649.7000122070312,630.0499877929688,644.4000244140625,608.5015869140625,890553.0
2024-07-08,649.0,655.5499877929688,639.0,653.3499755859375,616.9529418945312,712832.0
2024-07-09,658.0,661.0,642.25,650.0,613.78955078125,965198.0
2024-07-10,658.0,662.7999877929688,635.7000122070312,652.4500122070312,616.1030883789062,1062133.0
2024-07-11,652.4500122070312,654.0499877929688,642.1500244140625,645.0999755859375,609.1625366210938,360811.0
2024-07-12,645.1500244140625,650.5,633.5999755859375,634.7000122070312,599.3418579101562,944893.0
2024-07-15,634.7000122070312,649.3499755859375,631.2999877929688,642.5,606.7073364257812,839002.0
2024-07-16,642.5,651.5499877929688,636.2999877929688,637.7999877929688,602.2691650390625,1356224.0
2024-07-18,637.7999877929688,646.4500122070312,628.5,634.4000244140625,599.05859375,1645852.0
2024-07-19,634.4000244140625,637.7000122070312,612.4000244140625,619.2000122070312,584.7053833007812,1167358.0
2024-07-22,612.0,645.9000244140625,612.0,643.5,607.6516723632812,2017538.0
2024-07-23,647.9000244140625,650.0,617.0999755859375,634.4500122070312,599.1058349609375,972910.0
2024-07-24,634.5,656.9000244140625,631.0,648.75,612.6091918945312,841237.0
2024-07-25,647.9500122070312,654.0,641.0499877929688,649.4500122070312,613.270263671875,1105573.0
2024-07-26,649.4500122070312,653.6500244140625,644.0,648.4500122070312,612.325927734375,379947.0
2024-07-29,649.2000122070312,670.0,649.2000122070312,668.5,631.2589721679688,2023074.0
2024-07-30,674.0,687.2999877929688,671.2000122070312,677.25,639.5215454101562,2285496.0
2024-07-31,680.7000122070312,686.9000244140625,674.0999755859375,678.9000244140625,641.07958984375,1328040.0
2024-08-01,678.4000244140625,682.75,655.0499877929688,657.2000122070312,620.5884399414062,1158495.0
2024-08-02,654.7999877929688,666.0,646.5499877929688,656.9000244140625,620.30517578125,563647.0
2024-08-05,648.5,654.0499877929688,628.75,642.0,606.2352294921875,861263.0
2024-08-06,642.0,665.0,635.1500244140625,644.5,608.5960083007812,659101.0
2024-08-07,649.0,654.2999877929688,631.4500122070312,636.9500122070312,601.466552734375,1818505.0
2024-08-08,639.0,639.9000244140625,620.0999755859375,621.6500244140625,587.0189208984375,488110.0
2024-08-09,605.0,619.9000244140625,598.0999755859375,610.7000122070312,576.6788940429688,2360222.0
2024-08-12,605.0,620.5999755859375,603.9000244140625,618.9000244140625,584.422119140625,892503.0
2024-08-13,620.0,624.9500122070312,593.6500244140625,595.75,562.561767578125,660439.0
2024-08-14,601.0,602.0,584.3499755859375,592.5,559.4927978515625,985314.0
2024-08-16,594.2999877929688,606.5499877929688,592.5,601.2000122070312,567.7081298828125,653374.0
2024-08-19,602.0,605.8499755859375,589.0,590.75,557.8402709960938,783832.0
2024-08-20,593.0,596.8499755859375,584.0,588.0,555.2434692382812,816689.0
2024-08-21,589.9000244140625,602.0,584.4000244140625,596.9000244140625,563.647705078125,1395492.0
2024-08-22,602.9000244140625,602.9000244140625,589.25,595.4000244140625,562.2312622070312,1236574.0
2024-08-23,598.4000244140625,598.4000244140625,590.1500244140625,594.0,560.9092407226562,2008643.0
2024-08-26,597.7000122070312,601.4500122070312,588.5999755859375,599.4500122070312,566.0556030273438,950176.0
2024-08-27,602.0,607.1500244140625,597.25,599.7999877929688,566.3861694335938,992885.0
2024-08-28,601.0,604.9000244140625,595.5999755859375,600.75,567.2832641601562,1037391.0
2024-08-29,600.9500122070312,614.0,599.9000244140625,603.2999877929688,569.691162109375,2864832.0
2024-08-30,605.0,615.9000244140625,604.0,606.9500122070312,573.1378173828125,1605771.0
2024-09-02,637.1500244140625,689.9500122070312,630.75,680.0,642.1182861328125,45356355.0
2024-09-03,676.0,682.5,665.0,676.1500244140625,638.4828491210938,6860218.0
2024-09-04,662.0,680.0,659.1500244140625,660.5499877929688,623.7518310546875,3339043.0
2024-09-05,661.0,682.7999877929688,661.0,677.9500122070312,640.1824951171875,4290472.0
2024-09-06,672.5,685.0,664.5499877929688,667.0,629.842529296875,2073678.0
2024-09-09,664.7999877929688,665.4500122070312,641.9500122070312,653.75,622.614013671875,1718079.0
2024-09-10,660.5499877929688,662.3499755859375,644.7000122070312,654.1500244140625,622.9949951171875,1463072.0
2024-09-11,654.5,658.2000122070312,637.8499755859375,644.5999755859375,613.8997192382812,959370.0
2024-09-12,647.0499877929688,650.5,636.8499755859375,639.3499755859375,608.8997802734375,1050945.0
2024-09-13,643.9000244140625,644.4500122070312,632.0,633.0,602.852294921875,557827.0
2024-09-16,632.9500122070312,634.7000122070312,623.3499755859375,630.2999877929688,600.2808227539062,642313.0
2024-09-17,634.75,641.4500122070312,621.5,623.9500122070312,594.2333374023438,1296821.0
2024-09-18,623.7999877929688,625.75,614.9000244140625,616.5,587.1381225585938,833927.0
2024-09-19,620.0,623.4000244140625,608.9000244140625,619.5,589.9952392578125,791115.0
2024-09-20,619.5,622.6500244140625,611.0,614.2000122070312,584.9476318359375,721181.0
2024-09-23,614.9500122070312,623.7000122070312,611.4000244140625,617.0499877929688,587.661865234375,743135.0
2024-09-24,622.25,622.25,610.75,611.8499755859375,582.7095336914062,708943.0
2024-09-25,613.0,615.75,604.0499877929688,605.2999877929688,576.4714965820312,1207605.0
2024-09-26,610.8499755859375,611.0,597.0,605.4500122070312,576.6143188476562,1483506.0
2024-09-27,603.5,616.5,601.0,610.7999877929688,581.7095336914062,1377222.0
2024-09-30,616.0,621.5,608.0,618.4000244140625,588.9476318359375,1572438.0
2024-10-01,622.0,624.3499755859375,613.6500244140625,615.2999877929688,585.9952392578125,1154310.0
2024-10-03,607.7999877929688,618.9000244140625,605.0,609.5499877929688,580.5191040039062,1111120.0
2024-10-04,609.5499877929688,627.0,606.0,616.4500122070312,587.0904541015625,1752323.0
2024-10-07,620.0,620.0,592.7999877929688,596.1500244140625,567.75732421875,1191569.0
2024-10-08,592.1500244140625,606.4500122070312,585.0,602.9500122070312,574.2333984375,599355.0
2024-10-09,604.25,607.5499877929688,595.5,597.5499877929688,569.090576171875,648560.0
2024-10-10,600.9500122070312,605.3499755859375,590.0499877929688,602.9000244140625,574.1858520507812,401916.0
2024-10-11,603.2999877929688,605.25,597.5499877929688,600.0999755859375,571.5191650390625,323483.0
2024-10-14,602.5499877929688,602.9000244140625,585.0499877929688,589.2999877929688,561.2335205078125,640388.0
2024-10-15,591.5499877929688,594.9500122070312,584.2999877929688,585.9000244140625,557.9954833984375,1851820.0
2024-10-16,583.7000122070312,591.3499755859375,579.0,586.2999877929688,558.3764038085938,1384191.0
2024-10-17,587.0,589.6500244140625,566.7000122070312,570.25,543.0908203125,1077288.0
2024-10-18,559.9500122070312,566.5499877929688,543.3499755859375,563.0,536.1860961914062,3149777.0
2024-10-21,558.7999877929688,571.0,545.0,546.9000244140625,520.8529663085938,585272.0
2024-10-22,546.8499755859375,549.9500122070312,534.1500244140625,535.7000122070312,510.18634033203125,871767.0
2024-10-23,535.9500122070312,546.9000244140625,532.4500122070312,542.2000122070312,516.3767700195312,730477.0
2024-10-24,543.9000244140625,544.2000122070312,532.5,536.0,510.4720153808594,654515.0
2024-10-25,536.4500122070312,536.5,520.8499755859375,526.2999877929688,501.2339782714844,736182.0
2024-10-28,526.2999877929688,532.8499755859375,519.0499877929688,527.6500244140625,502.51971435546875,667235.0
2024-10-29,527.9000244140625,531.7000122070312,520.5499877929688,529.9000244140625,504.6625671386719,439507.0
2024-10-30,530.0499877929688,533.5499877929688,525.8499755859375,527.25,502.1387939453125,441730.0
2024-10-31,530.0499877929688,531.9500122070312,517.0,519.1500244140625,494.4245910644531,631770.0
2024-11-01,523.0,525.4000244140625,521.0999755859375,523.3499755859375,498.4244689941406,52406.0
2024-11-04,523.75,524.7000122070312,508.70001220703125,514.0499877929688,489.56744384765625,432598.0
2024-11-05,508.1000061035156,515.3499755859375,503.5,512.5499877929688,488.1388854980469,685517.0
2024-11-06,516.0999755859375,530.0,515.2999877929688,527.8499755859375,502.7101745605469,811267.0
2024-11-07,533.75,553.0,530.2999877929688,540.7999877929688,515.04345703125,3955010.0
2024-11-08,537.0499877929688,537.0499877929688,518.3499755859375,523.5499877929688,498.6149597167969,1602443.0
2024-11-11,521.0999755859375,526.1500244140625,516.5499877929688,517.6500244140625,492.99603271484375,742031.0
2024-11-12,519.0,523.0499877929688,501.5,503.04998779296875,479.0913391113281,558217.0
2024-11-13,501.1499938964844,506.5,489.6499938964844,491.70001220703125,468.28192138671875,470223.0
2024-11-14,493.0,497.0,484.70001220703125,486.0,462.8533630371094,311664.0
2024-11-18,476.04998779296875,481.75,442.5,452.5,430.9488830566406,4498545.0
2024-11-19,452.0,459.0,448.20001220703125,451.25,429.7584228515625,1357441.0
2024-11-21,446.0,460.0,443.3999938964844,453.6000061035156,431.9964904785156,1054383.0
2024-11-22,454.5,464.8500061035156,453.6499938964844,461.8500061035156,439.85357666015625,1097310.0
2024-11-25,467.54998779296875,470.04998779296875,462.5,466.20001220703125,443.9964294433594,484623.0
2024-11-26,467.6000061035156,476.45001220703125,464.8999938964844,475.3500061035156,452.71063232421875,485622.0
2024-11-27,476.0,476.6000061035156,469.3500061035156,472.1499938964844,449.6629943847656,317709.0
2024-11-28,474.8999938964844,476.0,470.3999938964844,472.0,449.5201416015625,332150.0
2024-11-29,474.6000061035156,481.0,472.04998779296875,479.75,456.90106201171875,570738.0
2024-12-02,482.3999938964844,482.3999938964844,475.1000061035156,480.5,457.6153564453125,377887.0
2024-12-03,487.79998779296875,499.79998779296875,482.79998779296875,497.79998779296875,474.09136962890625,1356378.0
2024-12-04,499.79998779296875,504.75,493.8500061035156,496.54998779296875,472.9009094238281,698232.0
2024-12-05,499.5,503.3500061035156,493.29998779296875,502.1499938964844,478.2342224121094,466123.0
2024-12-06,505.95001220703125,516.0,500.20001220703125,512.7000122070312,488.2817687988281,779898.0
2024-12-09,512.7000122070312,520.2999877929688,504.1000061035156,508.1499938964844,483.9484558105469,1094458.0
2024-12-10,508.1499938964844,516.8499755859375,504.6499938964844,511.95001220703125,487.5675048828125,1338824.0
2024-12-11,514.0,524.25,506.1000061035156,518.4000244140625,493.7102966308594,865743.0
2024-12-12,518.4000244140625,519.0,508.0,509.0,484.7579650878906,338486.0
2024-12-13,508.0,509.0,498.5,508.29998779296875,484.0912780761719,298884.0
2024-12-16,511.95001220703125,521.9000244140625,507.8500061035156,519.6500244140625,494.9007568359375,1110416.0
2024-12-17,519.5999755859375,522.9500122070312,503.25,507.54998779296875,483.3770446777344,1290327.0
2024-12-18,504.79998779296875,507.45001220703125,498.0,503.1000061035156,479.13897705078125,257276.0
2024-12-19,493.25,508.8500061035156,493.0,505.8500061035156,481.75799560546875,608704.0
2024-12-20,506.8500061035156,510.3500061035156,498.45001220703125,499.79998779296875,475.9961242675781,474368.0
2024-12-23,501.70001220703125,505.75,491.0,498.70001220703125,474.94854736328125,491772.0
2024-12-24,498.70001220703125,511.95001220703125,498.0,505.8500061035156,481.75799560546875,413870.0
2024-12-26,506.0,511.3999938964844,501.20001220703125,509.0,484.7579650878906,353774.0
2024-12-27,509.0,511.1000061035156,501.79998779296875,502.79998779296875,478.8532409667969,265885.0
2024-12-30,496.29998779296875,507.0,494.75,498.1000061035156,474.3771057128906,1243588.0
2024-12-31,487.0,500.0,479.1499938964844,498.70001220703125,474.94854736328125,951612.0
2025-01-01,502.25,505.0,494.1000061035156,503.95001220703125,479.9485168457031,298004.0
2025-01-02,505.1000061035156,512.4500122070312,501.25,508.25,484.043701171875,469710.0
2025-01-03,503.04998779296875,517.9000244140625,503.04998779296875,514.1500244140625,489.6627197265625,436461.0
2025-01-06,514.1500244140625,515.8499755859375,503.29998779296875,509.0,484.7579650878906,631681.0
2025-01-07,509.0,515.4500122070312,505.5,507.8999938964844,483.7103576660156,364105.0
2025-01-08,506.04998779296875,510.20001220703125,498.5,500.8500061035156,476.9961242675781,515984.0
2025-01-09,502.0,506.8500061035156,494.8500061035156,498.79998779296875,475.04376220703125,589257.0
2025-01-10,498.79998779296875,499.79998779296875,484.8500061035156,486.04998779296875,462.9010009765625,436665.0
2025-01-13,486.0,487.3500061035156,466.04998779296875,471.04998779296875,448.6153869628906,1406997.0
2025-01-14,470.0,489.8500061035156,469.8999938964844,487.04998779296875,463.8533630371094,462700.0
2025-01-15,487.04998779296875,492.0,484.0,490.8999938964844,467.52001953125,521721.0
2025-01-16,491.1499938964844,495.0,486.0,489.20001220703125,465.9010009765625,757423.0
2025-01-17,489.20001220703125,505.5,486.20001220703125,500.0,476.1866149902344,1516376.0
2025-01-20,500.0,501.75,492.75,499.8999938964844,476.09136962890625,180637.0
2025-01-21,500.04998779296875,504.29998779296875,493.8999938964844,499.25,475.4723205566406,475893.0
2025-01-22,497.25,501.29998779296875,488.6000061035156,495.04998779296875,471.47235107421875,273850.0
2025-01-23,494.8999938964844,504.5,490.70001220703125,503.25,479.28179931640625,647763.0
2025-01-24,503.0,506.0,493.0,494.75,471.1866455078125,507778.0
2025-01-27,494.0,495.0,482.0,483.95001220703125,460.9010314941406,775963.0
2025-01-28,485.0,487.79998779296875,465.25,466.6000061035156,444.3773498535156,1242033.0
2025-01-29,467.6000061035156,479.5,464.3999938964844,469.70001220703125,447.3297119140625,533680.0
2025-01-30,474.1499938964844,485.45001220703125,468.25,478.79998779296875,455.99627685546875,595599.0
2025-01-31,476.54998779296875,486.8500061035156,475.1000061035156,486.0,462.8533630371094,244754.0
2025-02-01,487.0,489.0,454.54998779296875,459.5,437.615478515625,757824.0
2025-02-03,451.29998779296875,464.75,446.29998779296875,461.3999938964844,439.42498779296875,829890.0
2025-02-04,464.8500061035156,468.79998779296875,457.29998779296875,467.54998779296875,445.2821044921875,774445.0
2025-02-05,470.95001220703125,482.75,467.6000061035156,478.20001220703125,455.4248962402344,467615.0
2025-02-06,469.95001220703125,477.8500061035156,462.3500061035156,470.29998779296875,447.901123046875,1347287.0
2025-02-07,470.5,476.3999938964844,456.29998779296875,460.79998779296875,438.85357666015625,771038.0
2025-02-10,456.29998779296875,461.25,440.95001220703125,443.6499938964844,422.5203857421875,436568.0
2025-02-11,439.6499938964844,441.8500061035156,420.0,421.25,401.1872253417969,527302.0
2025-02-12,424.95001220703125,424.95001220703125,404.45001220703125,405.25,385.9492492675781,4187348.0
2025-02-13,405.20001220703125,416.8999938964844,400.1499938964844,402.8500061035156,383.66357421875,1182590.0
2025-02-14,407.5,407.95001220703125,388.79998779296875,393.5,374.7588806152344,810303.0
2025-02-17,391.54998779296875,395.5,385.1000061035156,391.45001220703125,372.8065185546875,373420.0
2025-02-18,390.0,393.75,386.54998779296875,392.75,374.0445861816406,350821.0
2025-02-19,391.0,397.6000061035156,389.04998779296875,395.1499938964844,376.33026123046875,388787.0
2025-02-20,395.0,401.20001220703125,391.70001220703125,400.54998779296875,381.47308349609375,416975.0
2025-02-21,400.54998779296875,411.95001220703125,400.54998779296875,405.29998779296875,385.996826171875,647575.0
2025-02-24,404.04998779296875,410.79998779296875,396.04998779296875,406.6499938964844,387.2825622558594,498664.0
2025-02-25,405.04998779296875,407.45001220703125,385.25,394.3999938964844,375.6159973144531,2351215.0
2025-02-27,389.0,401.8999938964844,374.0,379.8500061035156,361.75897216796875,1862562.0
2025-02-28,384.0,384.0,367.0,370.3500061035156,352.71142578125,1043321.0
2025-03-03,370.3500061035156,375.0,360.25,372.0,354.2828369140625,556798.0
2025-03-04,369.6000061035156,372.95001220703125,364.5,370.20001220703125,352.5685729980469,1656208.0
2025-03-05,371.95001220703125,389.0,370.0,385.75,367.3779602050781,727097.0
2025-03-06,390.0,396.8999938964844,389.0,393.6000061035156,374.8541259765625,686047.0
2025-03-07,392.75,395.6000061035156,387.1000061035156,389.0,370.4731750488281,1189250.0
2025-03-10,390.0,393.04998779296875,380.0,383.79998779296875,365.5208435058594,538434.0
2025-03-11,380.0,384.95001220703125,377.29998779296875,382.0,363.80657958984375,218624.0
2025-03-12,384.0,399.8999938964844,382.5,385.54998779296875,367.1874694824219,1600419.0
2025-03-13,390.0,394.6499938964844,385.1000061035156,387.54998779296875,369.09222412109375,598565.0
2025-03-17,389.0,391.20001220703125,376.0,377.95001220703125,359.949462890625,473738.0
2025-03-18,377.95001220703125,377.95001220703125,377.95001220703125,377.95001220703125,359.949462890625,0.0
2025-03-19,382.8500061035156,398.0,382.8500061035156,393.29998779296875,374.5683898925781,520176.0
2025-03-20,393.0,405.8999938964844,391.3500061035156,402.45001220703125,383.2826232910156,716882.0
2025-03-21,402.5,415.5,400.3999938964844,413.25,393.5682373046875,687219.0
2025-03-24,415.0,421.79998779296875,412.5,416.0,396.187255859375,421384.0
2025-03-25,418.0,420.0,406.20001220703125,410.6499938964844,391.0920715332031,331397.0
2025-03-26,410.6499938964844,410.8999938964844,403.0,404.70001220703125,385.4254455566406,312039.0
2025-03-27,401.0,414.0,399.3999938964844,410.3999938964844,390.8539733886719,575196.0
2025-03-28,415.3999938964844,421.29998779296875,407.04998779296875,412.3500061035156,392.7110900878906,573340.0
2025-04-01,412.0,417.8500061035156,408.0,409.79998779296875,390.28253173828125,198126.0
2025-04-02,408.0,411.3500061035156,402.5,407.6499938964844,388.23492431640625,173180.0
2025-04-03,405.8999938964844,415.20001220703125,405.0,412.95001220703125,393.28253173828125,300198.0
2025-04-04,410.0,411.95001220703125,391.0,396.79998779296875,377.90167236328125,408211.0
2025-04-07,383.95001220703125,393.0,371.95001220703125,389.70001220703125,371.1398620605469,380211.0
2025-04-08,392.45001220703125,401.0,389.1499938964844,399.5,380.4731140136719,282135.0
2025-04-09,401.0,407.6000061035156,393.70001220703125,404.29998779296875,385.04449462890625,247821.0
2025-04-11,408.3999938964844,434.29998779296875,406.5,428.29998779296875,407.90142822265625,848290.0
2025-04-15,435.54998779296875,436.0,427.0,432.3999938964844,411.8061828613281,428857.0
2025-04-16,429.95001220703125,432.25,425.25,429.25,408.80621337890625,243173.0
2025-04-17,425.0,446.8500061035156,425.0,445.29998779296875,424.0917663574219,814179.0
2025-04-21,445.79998779296875,451.25,439.25,450.04998779296875,428.61553955078125,285224.0
2025-04-22,450.0,461.70001220703125,444.1499938964844,454.1499938964844,432.5202941894531,504544.0
2025-04-23,454.5,457.8500061035156,441.1499938964844,451.3500061035156,429.8536682128906,254906.0
2025-04-24,448.0,460.0,447.95001220703125,458.8999938964844,437.0440673828125,476814.0
2025-04-25,457.0,459.1499938964844,447.45001220703125,451.20001220703125,429.7108154296875,331626.0
2025-04-28,450.0,456.79998779296875,444.79998779296875,454.79998779296875,433.13934326171875,204187.0
2025-04-29,454.79998779296875,473.0,453.25,468.45001220703125,446.1392517089844,476982.0
2025-04-30,468.45001220703125,469.70001220703125,445.25,453.5,431.9012451171875,653302.0
2025-05-02,452.0,455.54998779296875,446.1499938964844,452.54998779296875,430.9964904785156,157317.0
2025-05-05,452.20001220703125,472.8999938964844,449.79998779296875,469.45001220703125,447.0916442871094,798514.0
2025-05-06,471.95001220703125,472.3999938964844,451.95001220703125,455.45001220703125,433.7583923339844,183820.0
2025-05-07,448.3999938964844,461.0,445.6000061035156,458.20001220703125,436.37744140625,197411.0
2025-05-08,459.95001220703125,463.1000061035156,441.45001220703125,448.1499938964844,426.8060607910156,206595.0
2025-05-09,432.0,459.0,432.0,452.25,430.7107849121094,700907.0
2025-05-12,463.70001220703125,465.5,458.0,463.95001220703125,441.85357666015625,189575.0
2025-05-13,463.0,469.95001220703125,457.0,463.8500061035156,441.7583312988281,270281.0
2025-05-14,463.79998779296875,478.0,459.6499938964844,476.29998779296875,453.6153564453125,1136653.0
2025-05-15,474.0,475.95001220703125,466.20001220703125,473.6499938964844,451.0915832519531,608823.0
2025-05-16,475.0,476.3500061035156,467.04998779296875,469.45001220703125,447.0916442871094,311238.0
2025-05-19,469.45001220703125,475.0,465.25,467.1499938964844,444.9011535644531,248240.0
2025-05-20,485.0,495.0,454.3500061035156,458.70001220703125,436.8536071777344,3687975.0
2025-05-21,460.04998779296875,467.70001220703125,458.70001220703125,464.0,441.9011535644531,416571.0
2025-05-22,464.0,467.70001220703125,461.0,462.95001220703125,440.90118408203125,738514.0
2025-05-23,462.04998779296875,465.95001220703125,458.75,462.04998779296875,440.0440368652344,356629.0
2025-05-26,463.0,468.0,459.20001220703125,461.45001220703125,439.47265625,212349.0
2025-05-27,457.1000061035156,462.45001220703125,455.0,459.8999938964844,437.9964294433594,286539.0
2025-05-28,463.0,464.6000061035156,458.04998779296875,460.54998779296875,438.615478515625,119867.0
2025-05-29,461.0,464.6499938964844,456.29998779296875,462.29998779296875,440.2821350097656,190999.0
2025-05-30,463.0,464.0,459.1000061035156,460.04998779296875,438.1392822265625,98252.0
2025-06-02,460.04998779296875,467.79998779296875,459.0,462.3500061035156,440.32977294921875,269312.0
2025-06-03,462.3500061035156,467.1499938964844,458.8999938964844,466.29998779296875,444.0916442871094,261254.0
2025-06-04,468.0,475.25,460.54998779296875,473.8500061035156,451.2820739746094,516094.0
2025-06-05,473.8500061035156,477.5,471.25,476.1499938964844,453.4725036621094,288541.0
2025-06-06,476.0,482.0,472.6000061035156,480.0,457.1391296386719,243500.0
2025-06-09,480.0,484.1000061035156,477.0,481.6499938964844,458.7105712890625,339692.0
2025-06-10,483.1499938964844,486.5,478.20001220703125,480.70001220703125,457.8058166503906,200010.0
2025-06-11,482.6000061035156,489.20001220703125,480.8999938964844,484.45001220703125,461.3772277832031,403867.0
2025-06-12,486.5,487.8500061035156,474.45001220703125,477.20001220703125,454.4725036621094,249565.0
2025-06-13,469.0,471.75,465.0,469.6499938964844,447.2820739746094,167660.0
2025-06-16,469.6499938964844,481.6000061035156,468.1499938964844,478.29998779296875,455.5201110839844,337392.0
2025-06-17,475.0,483.1000061035156,472.04998779296875,477.0,454.28204345703125,186652.0
2025-06-18,477.0,481.5,460.3999938964844,463.8999938964844,441.805908203125,708457.0
2025-06-19,463.79998779296875,472.25,446.04998779296875,453.8500061035156,432.2345886230469,485620.0
2025-06-20,450.0,462.0,446.1000061035156,449.25,427.8536682128906,1076698.0
2025-06-23,445.04998779296875,454.75,445.04998779296875,451.45001220703125,429.94891357421875,197359.0
2025-06-24,456.0,457.75,446.3999938964844,449.6499938964844,428.234619140625,387787.0
2025-06-25,450.95001220703125,461.0,450.95001220703125,456.95001220703125,435.18695068359375,379854.0
2025-06-26,461.0,462.0,453.5,461.25,439.28216552734375,195627.0
2025-06-27,461.25,488.3999938964844,461.1000061035156,470.70001220703125,448.2821044921875,2222653.0
2025-06-30,470.70001220703125,478.0,467.70001220703125,474.79998779296875,452.1867980957031,423583.0
2025-07-01,474.79998779296875,482.0,471.75,480.20001220703125,457.3296203613281,539560.0
2025-07-02,481.0,502.0,478.3500061035156,499.3999938964844,475.61517333984375,1155108.0
2025-07-03,501.1000061035156,508.70001220703125,492.0,495.1499938964844,471.5675964355469,1184543.0
2025-07-04,495.1499938964844,499.3999938964844,487.79998779296875,489.25,465.9485778808594,289091.0
2025-07-07,489.5,495.5,482.75,484.8999938964844,461.8057861328125,205905.0
2025-07-08,485.70001220703125,490.20001220703125,473.0,474.29998779296875,451.71063232421875,574756.0
2025-07-09,475.0,482.70001220703125,472.70001220703125,478.20001220703125,455.4248962402344,537536.0
2025-07-10,478.20001220703125,482.0,470.20001220703125,473.29998779296875,450.75823974609375,143658.0
2025-07-11,470.0,475.8999938964844,465.0,467.29998779296875,445.0439758300781,119697.0
2025-07-14,465.29998779296875,470.95001220703125,462.1499938964844,463.1499938964844,441.0916748046875,135996.0
2025-07-15,463.79998779296875,469.95001220703125,461.6000061035156,464.70001220703125,442.5678405761719,175772.0
2025-07-16,464.70001220703125,476.04998779296875,463.6000061035156,474.6499938964844,452.0439453125,216617.0
2025-07-17,475.5,479.0,473.20001220703125,477.0,454.28204345703125,220101.0
2025-07-18,478.1000061035156,478.1000061035156,470.0,471.1499938964844,448.7106628417969,185182.0
2025-07-21,471.1499938964844,472.6499938964844,464.3500061035156,467.0,444.75830078125,150946.0
2025-07-22,467.45001220703125,478.29998779296875,467.04998779296875,471.79998779296875,449.32965087890625,192963.0
2025-07-23,471.79998779296875,484.79998779296875,471.79998779296875,476.3500061035156,453.6629943847656,537766.0
2025-07-24,478.29998779296875,478.3999938964844,473.04998779296875,474.54998779296875,451.9486999511719,147572.0
2025-07-25,474.04998779296875,474.29998779296875,454.29998779296875,460.29998779296875,438.37738037109375,535524.0
2025-07-28,461.25,465.1000061035156,449.0,452.95001220703125,431.3774719238281,124581.0
2025-07-29,452.29998779296875,457.3999938964844,450.04998779296875,451.8500061035156,430.329833984375,110526.0
2025-07-30,451.95001220703125,455.29998779296875,447.6499938964844,448.5,427.139404296875,184867.0
2025-07-31,447.0,452.0,438.29998779296875,440.5,419.5204162597656,296352.0
2025-08-01,445.0,452.3500061035156,425.20001220703125,427.54998779296875,407.1871643066406,398711.0
2025-08-04,431.8999938964844,431.8999938964844,419.0,421.04998779296875,400.9967346191406,243725.0
2025-08-05,423.0,427.95001220703125,420.0,423.8500061035156,403.66339111328125,167147.0
2025-08-06,427.79998779296875,432.0,423.0,428.95001220703125,408.5205078125,366629.0
2025-08-07,421.5,426.6000061035156,417.0,424.6499938964844,404.42529296875,165382.0
2025-08-08,422.25,433.0,422.25,430.04998779296875,409.5680847167969,203123.0
2025-08-11,430.04998779296875,444.70001220703125,427.54998779296875,429.20001220703125,408.7585754394531,391663.0
2025-08-12,432.0,433.1499938964844,424.0,425.29998779296875,405.0443115234375,497973.0
2025-08-13,422.6000061035156,430.5,422.6000061035156,424.25,404.0443420410156,126445.0
2025-08-14,428.0,428.0,418.5,422.25,402.13958740234375,145962.0
2025-08-18,426.20001220703125,428.6000061035156,422.6499938964844,427.20001220703125,406.8538513183594,103038.0
2025-08-19,428.5,439.20001220703125,425.25,434.79998779296875,414.09185791015625,219498.0
2025-08-20,434.75,436.79998779296875,429.04998779296875,432.20001220703125,411.61572265625,110813.0
2025-08-21,432.20001220703125,437.29998779296875,432.0,435.1499938964844,414.4252014160156,123638.0
2025-08-22,435.1000061035156,437.70001220703125,430.5,432.04998779296875,411.47283935546875,93675.0
2025-08-25,433.29998779296875,435.8999938964844,429.04998779296875,431.79998779296875,411.2347717285156,406834.0
2025-08-26,433.6000061035156,434.0,423.1000061035156,425.3500061035156,405.0919494628906,596531.0
2025-08-28,429.6000061035156,429.6000061035156,418.25,419.1000061035156,399.1396179199219,153031.0
2025-08-29,419.1000061035156,423.6000061035156,416.25,419.45001220703125,399.47296142578125,181463.0
2025-09-01,422.0,446.45001220703125,419.04998779296875,441.8500061035156,420.8061218261719,471611.0
2025-09-02,446.0,449.1000061035156,435.1000061035156,437.04998779296875,416.2347106933594,506270.0
2025-09-03,440.54998779296875,447.6499938964844,437.79998779296875,442.3500061035156,421.28228759765625,261248.0
2025-09-04,441.3999938964844,450.3500061035156,440.04998779296875,442.54998779296875,427.0920104980469,201261.0
2025-09-05,446.0,446.0,433.25,433.95001220703125,418.79241943359375,133259.0
2025-09-08,433.0,437.95001220703125,429.75,430.3500061035156,415.31817626953125,164389.0
2025-09-09,431.04998779296875,434.1000061035156,427.54998779296875,429.1499938964844,414.1600646972656,474252.0
2025-09-10,431.3500061035156,435.95001220703125,430.04998779296875,434.5,419.3232116699219,159153.0
2025-09-11,433.29998779296875,452.0,432.0,437.8500061035156,422.5561828613281,736762.0
2025-09-12,438.0,440.0,430.1000061035156,431.04998779296875,415.99371337890625,283835.0
2025-09-15,432.04998779296875,436.0,429.5,433.8999938964844,418.744140625,165707.0
2025-09-16,438.0,447.1000061035156,434.04998779296875,442.8500061035156,427.3815612792969,388926.0
2025-09-17,447.45001220703125,447.45001220703125,439.54998779296875,441.45001220703125,426.03045654296875,193703.0
2025-09-18,443.3999938964844,443.3999938964844,437.0,438.45001220703125,423.13525390625,119994.0
2025-09-19,440.3999938964844,441.8500061035156,432.1000061035156,434.95001220703125,419.75750732421875,301331.0
2025-09-22,435.0,438.5,428.75,429.1499938964844,414.1600646972656,325796.0
2025-09-23,429.1499938964844,440.95001220703125,429.1499938964844,432.95001220703125,417.8273620605469,435135.0
2025-09-24,432.95001220703125,435.54998779296875,429.04998779296875,434.20001220703125,419.03369140625,242421.0
2025-09-25,434.20001220703125,435.0,428.75,431.95001220703125,416.8622741699219,151406.0
2025-09-26,431.95001220703125,433.1000061035156,423.20001220703125,424.04998779296875,409.2381896972656,209047.0
2025-09-29,424.1000061035156,430.70001220703125,419.6499938964844,425.29998779296875,410.4445495605469,568434.0
2025-09-30,425.29998779296875,433.29998779296875,424.29998779296875,429.54998779296875,414.54608154296875,221676.0
2025-10-01,426.3999938964844,437.3999938964844,426.3999938964844,435.1000061035156,419.9022521972656,248848.0
2025-10-03,435.1000061035156,437.79998779296875,430.70001220703125,436.6499938964844,421.3981018066406,220753.0
2025-10-06,439.5,439.5,428.25,431.8500061035156,416.7657775878906,162783.0
2025-10-07,434.70001220703125,435.8999938964844,429.45001220703125,430.6000061035156,415.5594482421875,599122.0
2025-10-08,431.0,437.0,428.5,429.79998779296875,414.787353515625,201582.0
2025-10-09,429.79998779296875,435.0,426.0,428.04998779296875,413.0984802246094,193219.0
2025-10-10,431.0,431.54998779296875,426.95001220703125,429.6499938964844,414.6426086425781,196323.0
2025-10-13,428.0,431.04998779296875,424.54998779296875,426.8500061035156,411.9404296875,414381.0
2025-10-14,426.8500061035156,436.79998779296875,425.0,426.3500061035156,411.4578857421875,223419.0
2025-10-15,427.1499938964844,432.0,420.3500061035156,426.04998779296875,411.1683349609375,530789.0
2025-10-16,425.8999938964844,429.1499938964844,419.1499938964844,419.8999938964844,405.233154296875,331961.0
2025-10-17,419.8999938964844,421.75,418.04998779296875,420.29998779296875,405.61920166015625,191148.0
2025-10-20,421.95001220703125,423.79998779296875,412.04998779296875,412.79998779296875,398.38116455078125,257408.0
2025-10-21,417.20001220703125,419.0,415.04998779296875,417.3500061035156,402.7722473144531,23907.0
2025-10-23,418.0,419.29998779296875,413.04998779296875,413.95001220703125,399.49102783203125,254834.0
2025-10-24,413.95001220703125,417.0,412.5,415.8500061035156,401.32464599609375,463196.0
2025-10-27,415.8500061035156,417.0,411.70001220703125,412.6000061035156,398.18817138671875,140378.0
2025-10-28,412.6000061035156,414.8999938964844,405.25,405.79998779296875,391.62567138671875,251315.0
2025-10-29,406.70001220703125,415.45001220703125,404.1499938964844,410.79998779296875,396.4510192871094,1126907.0
2025-10-30,413.0,413.6499938964844,406.5,411.6499938964844,397.2713317871094,260116.0
2025-10-31,411.8500061035156,412.6000061035156,405.04998779296875,407.3999938964844,393.1697692871094,303065.0
2025-11-03,410.0,412.0,407.29998779296875,410.5,396.1614990234375,119660.0
2025-11-04,410.5,413.75,405.0,407.20001220703125,392.9767761230469,196980.0
2025-11-06,407.1000061035156,407.1000061035156,398.1499938964844,400.95001220703125,386.9450988769531,1117357.0
2025-11-07,400.95001220703125,402.95001220703125,396.6000061035156,399.25,385.3044738769531,238770.0
2025-11-10,400.95001220703125,404.8999938964844,398.1499938964844,403.45001220703125,389.3577575683594,969917.0
2025-11-11,401.45001220703125,405.3999938964844,397.1000061035156,404.20001220703125,390.0815734863281,449287.0
2025-11-12,405.54998779296875,409.0,402.0,408.04998779296875,393.79705810546875,240383.0
2025-11-13,410.0,410.6000061035156,405.1499938964844,410.0,395.6789855957031,354745.0
2025-11-14,409.8999938964844,409.8999938964844,402.0,403.3999938964844,389.30950927734375,131314.0
2025-11-17,405.29998779296875,411.8500061035156,404.5,409.79998779296875,395.4859619140625,293110.0
2025-11-18,407.20001220703125,411.0,404.45001220703125,405.29998779296875,391.14312744140625,242251.0
2025-11-19,405.29998779296875,407.0,401.0,402.5,388.4409484863281,180831.0
2025-11-20,404.25,404.3500061035156,400.1000061035156,402.04998779296875,388.00665283203125,91242.0
2025-11-21,401.0,402.6000061035156,398.20001220703125,398.75,384.8219299316406,69390.0
2025-11-24,398.75,402.5,397.6499938964844,401.54998779296875,387.52410888671875,188624.0
2025-11-25,400.0,400.8500061035156,395.1000061035156,398.8500061035156,384.9184265136719,194362.0
2025-11-26,398.8500061035156,402.0,395.6499938964844,400.75,386.7520751953125,127342.0
2025-11-27,403.1499938964844,405.20001220703125,398.95001220703125,402.0,387.9584045410156,151649.0
2025-11-28,402.8999938964844,406.1000061035156,395.0,396.1499938964844,382.312744140625,302203.0
2025-12-01,396.1499938964844,400.20001220703125,395.8500061035156,396.6000061035156,382.7470397949219,106558.0
2025-12-02,395.0,416.0,395.0,403.25,389.16473388671875,1939043.0
2025-12-03,404.3999938964844,415.0,404.3999938964844,412.8999938964844,398.4776611328125,859581.0
2025-12-04,415.0,416.3999938964844,406.79998779296875,409.29998779296875,395.00341796875,330809.0
2025-12-05,411.5,412.70001220703125,404.3500061035156,406.54998779296875,392.3494567871094,404380.0
2025-12-08,406.79998779296875,411.6000061035156,397.0,400.3999938964844,386.4142761230469,257033.0
2025-12-09,400.8999938964844,403.5,395.6000061035156,398.3999938964844,384.4841613769531,230162.0
2025-12-10,400.0,400.0,393.25,394.54998779296875,380.76861572265625,184195.0
2025-12-11,394.45001220703125,396.04998779296875,391.0,391.6499938964844,377.96990966796875,108652.0
2025-12-12,392.25,396.8500061035156,391.75,395.6499938964844,381.8302001953125,126856.0
2025-12-15,395.1000061035156,396.25,389.20001220703125,392.54998779296875,378.8384704589844,550447.0
2025-12-16,392.0,393.0,385.54998779296875,386.45001220703125,372.9515686035156,118798.0
2025-12-17,388.0,392.79998779296875,384.0,385.6000061035156,372.1312561035156,415271.0
2025-12-18,385.25,386.95001220703125,379.20001220703125,383.1499938964844,369.7668151855469,461179.0
2025-12-19,383.6000061035156,396.29998779296875,381.5,395.1499938964844,381.34765625,488401.0
2025-12-22,395.0,398.8500061035156,390.95001220703125,397.25,383.37432861328125,266399.0
2025-12-23,396.0,400.25,393.6000061035156,396.6499938964844,382.7952880859375,263698.0
2025-12-24,397.95001220703125,397.95001220703125,390.5,391.70001220703125,378.0181884765625,305672.0
2025-12-26,392.45001220703125,399.25,389.20001220703125,394.0,380.23785400390625,237569.0
2025-12-29,392.5,395.25,389.04998779296875,389.70001220703125,376.0880432128906,147276.0
2025-12-30,389.70001220703125,393.54998779296875,386.1499938964844,391.45001220703125,377.77691650390625,322657.0
2025-12-31,394.5,421.75,391.8999938964844,412.20001220703125,397.8021545410156,2597593.0
2026-01-01,415.0,421.6000061035156,412.8999938964844,420.75,406.0534973144531,580364.0
2026-01-02,420.0,438.0,417.29998779296875,436.29998779296875,421.0603332519531,1187655.0
2026-01-05,435.79998779296875,443.20001220703125,431.0,441.0,425.5961608886719,509826.0
2026-01-06,441.1499938964844,443.75,432.1499938964844,437.75,422.4596862792969,383535.0
2026-01-07,437.75,437.75,427.0,433.1499938964844,418.0203552246094,248088.0
2026-01-08,433.0,437.1499938964844,426.6000061035156,428.0,413.05023193359375,181950.0
2026-01-09,425.1000061035156,429.0,422.1499938964844,424.8500061035156,410.0102844238281,434055.0
2026-01-12,424.0,425.04998779296875,409.20001220703125,416.8500061035156,402.2897033691406,323162.0
2026-01-13,418.8500061035156,431.95001220703125,404.0,408.6499938964844,394.3761291503906,593320.0
2026-01-14,408.0,415.75,405.79998779296875,414.5,400.02178955078125,515804.0
2026-01-16,414.95001220703125,417.8500061035156,409.1000061035156,410.20001220703125,395.87200927734375,138433.0
2026-01-19,410.1499938964844,410.20001220703125,403.3999938964844,406.54998779296875,392.3494567871094,121450.0
2026-01-20,406.54998779296875,410.45001220703125,391.5,394.54998779296875,380.76861572265625,813020.0
2026-01-21,389.70001220703125,405.6499938964844,389.0,399.29998779296875,385.3526916503906,425242.0
2026-01-22,403.6000061035156,408.75,401.8999938964844,406.75,392.54248046875,206788.0
2026-01-23,410.0,410.04998779296875,398.5,404.95001220703125,390.8053894042969,288929.0
2026-01-27,404.95001220703125,405.70001220703125,392.0,402.79998779296875,388.7304382324219,273159.0
2026-01-28,402.79998779296875,412.8999938964844,401.1000061035156,410.54998779296875,396.2097473144531,251083.0
2026-01-29,412.6499938964844,425.0,411.0,420.29998779296875,405.61920166015625,561456.0
2026-01-30,420.3999938964844,427.0,415.3999938964844,425.3500061035156,410.4928283691406,533979.0
2026-02-02,410.8999938964844,418.70001220703125,406.04998779296875,415.54998779296875,401.03509521484375,173801.0
2026-02-03,423.25,424.0,406.75,419.5,404.8471374511719,790414.0
2026-02-04,419.5,419.5,411.1000061035156,415.3999938964844,400.8903503417969,221892.0
2026-02-05,415.8500061035156,422.29998779296875,412.75,421.3500061035156,406.6325378417969,184307.0
2026-02-06,420.1000061035156,435.29998779296875,419.6000061035156,425.45001220703125,410.5893249511719,620073.0
2026-02-09,426.0,433.79998779296875,422.45001220703125,424.54998779296875,409.7207336425781,316068.0
2026-02-10,426.54998779296875,430.0,422.1000061035156,426.20001220703125,411.3131408691406,229696.0
2026-02-11,426.54998779296875,431.6000061035156,423.6499938964844,430.1499938964844,415.1251525878906,185235.0
2026-02-12,430.1000061035156,430.1000061035156,421.20001220703125,425.3500061035156,410.4928283691406,167617.0
2026-02-13,425.0,426.04998779296875,416.20001220703125,424.3999938964844,409.57598876953125,195691.0
2026-02-16,424.3999938964844,429.79998779296875,412.8500061035156,417.70001220703125,403.1100158691406,132549.0
2026-02-17,417.70001220703125,420.8999938964844,413.25,414.79998779296875,400.3113098144531,95198.0
2026-02-18,415.45001220703125,417.04998779296875,406.0,411.6000061035156,397.22308349609375,515768.0
2026-02-19,411.6000061035156,416.79998779296875,407.0,407.95001220703125,393.7005920410156,102493.0
2026-02-20,407.0,408.0,401.20001220703125,405.1499938964844,390.9983825683594,296815.0
2026-02-23,405.1499938964844,413.5,401.3999938964844,408.8999938964844,394.6174011230469,456733.0
2026-02-24,408.8999938964844,418.70001220703125,402.1499938964844,405.3999938964844,391.2396545410156,617266.0
2026-02-25,404.75,407.95001220703125,402.54998779296875,405.95001220703125,391.77044677734375,329651.0
2026-02-26,408.5,414.0,406.0,410.45001220703125,396.11328125,453543.0
2026-02-27,408.8999938964844,409.1000061035156,404.5,407.3999938964844,393.1697692871094,259865.0
2026-03-02,398.1499938964844,400.5,390.54998779296875,398.04998779296875,384.1463623046875,156650.0
2026-03-04,386.6499938964844,431.1000061035156,377.0,417.6000061035156,403.0135192871094,2980261.0
2026-03-05,404.0,406.1000061035156,388.54998779296875,397.1499938964844,383.2778015136719,2724490.0
2026-03-06,393.0,400.8999938964844,390.6499938964844,395.6499938964844,381.8302001953125,558679.0
2026-03-09,395.0,395.04998779296875,370.04998779296875,372.04998779296875,359.0545349121094,590804.0
2026-03-10,376.5,378.0,369.6000061035156,375.1499938964844,362.0462646484375,381427.0
2026-03-11,375.0,420.0,374.0,391.0,377.3426208496094,8156646.0
2026-03-12,396.6000061035156,432.0,383.20001220703125,388.3999938964844,374.83343505859375,20313788.0
2026-03-13,390.29998779296875,397.75,371.3999938964844,374.29998779296875,361.2259521484375,2709183.0
2026-03-16,377.0,379.70001220703125,356.3500061035156,365.25,352.4920654296875,1509142.0
2026-03-17,366.0,367.0,357.45001220703125,361.95001220703125,349.3073425292969,557908.0
2026-03-18,361.95001220703125,362.75,357.79998779296875,359.0,346.4603576660156,529382.0
2026-03-19,355.0,387.20001220703125,346.75,354.29998779296875,341.9245300292969,9904221.0
2026-03-20,353.5,358.3500061035156,348.29998779296875,354.6000061035156,342.21405029296875,1323027.0
2026-03-23,352.3999938964844,352.3999938964844,329.54998779296875,335.29998779296875,323.58819580078125,1026140.0
2026-03-24,342.1000061035156,346.45001220703125,327.04998779296875,328.6499938964844,317.17047119140625,2429151.0
2026-03-25,331.0,340.3999938964844,329.0,331.20001220703125,319.63140869140625,2726953.0
2026-03-27,332.8500061035156,333.0,315.29998779296875,317.6499938964844,306.5546875,3953063.0
2026-03-30,316.0,320.0,303.95001220703125,307.25,296.5179748535156,2390508.0
2026-04-01,317.0,319.6499938964844,309.29998779296875,311.20001220703125,300.33001708984375,1225830.0
2026-04-02,310.79998779296875,311.3999938964844,301.5,308.1000061035156,297.3382873535156,1287172.0
2026-04-06,311.95001220703125,318.0,306.5,317.3500061035156,306.2651672363281,1010668.0
2026-04-07,317.0,317.29998779296875,307.79998779296875,312.8999938964844,301.9706115722656,1259575.0
2026-04-08,328.3500061035156,331.04998779296875,319.70001220703125,321.20001220703125,309.980712890625,1548537.0
2026-04-09,322.95001220703125,324.95001220703125,316.8500061035156,319.70001220703125,308.5331115722656,781264.0
2026-04-10,324.3999938964844,330.0,321.1499938964844,323.6499938964844,312.3451232910156,1200830.0
2026-04-13,319.6000061035156,319.6000061035156,313.1499938964844,314.29998779296875,303.3216857910156,1359023.0
2026-04-15,322.0,326.95001220703125,318.1499938964844,325.6499938964844,314.2752685546875,968749.0
2026-04-16,328.0,339.0,323.25,335.5,323.7812194824219,1433104.0
2026-04-17,339.5,365.95001220703125,339.04998779296875,362.79998779296875,350.12762451171875,6733624.0
2026-04-20,366.1499938964844,368.5,360.6000061035156,367.5,354.6634826660156,1415785.0
2026-04-21,370.0,380.95001220703125,368.1000061035156,374.25,361.1777038574219,1517181.0
2026-04-22,374.0,384.3500061035156,372.3500061035156,382.8500061035156,369.477294921875,1009429.0
2026-04-23,382.79998779296875,387.8999938964844,378.75,386.0,372.51727294921875,931776.0
2026-04-24,389.0,391.5,374.8500061035156,383.8500061035156,370.4423828125,1552222.0
2026-04-27,385.6499938964844,385.6499938964844,379.0,383.0,369.6220703125,915657.0
2026-04-28,384.29998779296875,393.0,383.54998779296875,389.45001220703125,375.8467712402344,658565.0
2026-04-29,389.45001220703125,392.29998779296875,387.04998779296875,391.0,377.3426208496094,426837.0
2026-04-30,389.6499938964844,389.6499938964844,375.5,380.04998779296875,366.77508544921875,503932.0
2026-05-01,380.04998779296875,380.04998779296875,380.04998779296875,380.04998779296875,366.77508544921875,0.0
2026-05-04,384.0,391.5,382.95001220703125,390.25,376.61883544921875,481024.0
2026-05-05,389.1499938964844,390.25,382.29998779296875,388.25,374.6886901855469,251545.0
2026-05-06,391.3999938964844,399.0,387.20001220703125,397.54998779296875,383.663818359375,633716.0
2026-05-07,400.0,410.0,397.45001220703125,408.95001220703125,394.6656494140625,1215010.0
2026-05-08,408.8999938964844,408.8999938964844,393.5,396.45001220703125,382.6022644042969,385335.0
2026-05-11,396.0,400.3999938964844,376.75,380.95001220703125,367.6436767578125,3898432.0
2026-05-12,382.8999938964844,383.20001220703125,367.0,368.25,355.38726806640625,322653.0
2026-05-13,368.75,369.3500061035156,359.5,360.8500061035156,348.2457580566406,377542.0
2026-05-14,362.6499938964844,367.8500061035156,361.45001220703125,362.1000061035156,349.45208740234375,231010.0
2026-05-15,364.04998779296875,372.0,362.25,369.8999938964844,356.9796447753906,365927.0
2026-05-18,371.8999938964844,372.3999938964844,361.1000061035156,364.75,352.009521484375,358565.0
2026-05-19,367.29998779296875,379.6000061035156,367.25,376.54998779296875,363.3973388671875,333029.0
2026-05-20,374.0,376.8999938964844,369.8500061035156,372.6000061035156,359.5853271484375,248817.0
2026-05-21,373.04998779296875,381.75,366.0,374.0,360.9364318847656,373242.0
2026-05-22,380.75,380.75,370.25,373.0,359.9713439941406,279572.0
2026-05-25,379.3999938964844,384.75,375.04998779296875,377.5,364.3141784667969,314139.0
2026-05-26,379.0,383.79998779296875,369.6499938964844,371.5,358.52374267578125,496022.0
2026-05-27,376.0,377.1499938964844,368.20001220703125,369.79998779296875,356.88311767578125,321304.0
2026-05-28,369.79998779296875,369.79998779296875,369.79998779296875,369.79998779296875,356.88311767578125,0.0
2026-05-29,370.0,410.0,370.0,401.1499938964844,387.1380920410156,2598864.0
2026-06-01,400.0,401.0,388.0,396.79998779296875,382.9400329589844,808534.0
2026-06-02,399.0,423.8999938964844,393.5,396.95001220703125,383.0848083496094,2738367.0
2026-06-03,399.8999938964844,403.79998779296875,391.70001220703125,397.75,383.8568420410156,716318.0
2026-06-04,393.70001220703125,407.3999938964844,377.0,402.79998779296875,388.7304382324219,461461.0
2026-06-05,406.0,408.95001220703125,398.1499938964844,400.5,386.51080322265625,386970.0
2026-06-08,399.5,404.0,393.54998779296875,400.0,386.02825927734375,390773.0
2026-06-09,400.0,400.0,390.1000061035156,392.1499938964844,378.45245361328125,379144.0
2026-06-10,393.79998779296875,395.0,379.0,381.29998779296875,367.9814453125,263057.0
2026-06-11,380.0,386.5,375.29998779296875,376.79998779296875,363.63861083984375,363755.0
2026-06-12,382.0,391.54998779296875,376.20001220703125,388.0,374.4474182128906,480224.0
2026-06-15,400.0,405.79998779296875,393.0,399.70001220703125,385.73876953125,1599048.0
2026-06-16,399.70001220703125,399.8999938964844,388.70001220703125,394.20001220703125,380.4308776855469,591264.0
2026-06-17,396.95001220703125,404.29998779296875,395.3999938964844,397.29998779296875,383.4225769042969,557065.0
2026-06-18,395.0,403.25,394.1000061035156,399.70001220703125,385.73876953125,574659.0
2026-06-19,397.1000061035156,397.1000061035156,385.04998779296875,388.45001220703125,374.8817138671875,1127745.0
2026-06-22,388.45001220703125,388.8999938964844,372.0,372.79998779296875,359.7783203125,1338488.0
2026-06-23,375.0,376.04998779296875,368.1000061035156,369.29998779296875,356.40057373046875,864361.0
2026-06-24,369.29998779296875,369.54998779296875,351.3500061035156,352.8500061035156,340.5251770019531,1927884.0
2026-06-25,355.54998779296875,355.79998779296875,343.0,344.0,331.98431396484375,1401942.0
2026-06-26,344.0,344.0,344.0,344.0,331.98431396484375,0.0
2026-06-29,343.79998779296875,344.8500061035156,333.0,335.29998779296875,323.58819580078125,1519737.0
2026-06-30,336.0,336.25,325.29998779296875,327.04998779296875,315.6263427734375,1750950.0
2026-07-01,327.04998779296875,327.04998779296875,327.04998779296875,327.04998779296875,315.6263427734375,0.0
2026-07-02,290.0,304.5,289.0,300.04998779296875,289.5694274902344,715025.0
2026-07-03,298.0,314.8999938964844,297.0,298.1000061035156,287.68756103515625,537278.0
2026-07-06,300.0,300.79998779296875,294.0,295.8500061035156,285.51617431640625,270151.0
2026-07-07,295.8500061035156,296.0,284.3999938964844,286.1499938964844,276.15496826171875,465939.0
2026-07-08,286.5,291.95001220703125,284.0,286.8500061035156,276.8305358886719,1069844.0
2026-07-09,290.3999938964844,290.3999938964844,285.0,286.45001220703125,276.4444885253906,731679.0
2026-07-10,288.5,290.70001220703125,273.0,289.70001220703125,279.58099365234375,1042048.0
2026-07-13,287.70001220703125,289.70001220703125,286.0,286.95001220703125,276.9270324707031,186178.0
2026-07-14,286.8999938964844,289.0,279.0,284.95001220703125,274.99688720703125,1855760.0
2026-07-15,284.79998779296875,287.1499938964844,284.20001220703125,285.6499938964844,275.67242431640625,253505.0
2026-07-16,292.20001220703125,295.20001220703125,286.20001220703125,288.75,278.6641540527344,1191883.0
2026-07-17,290.1499938964844,290.29998779296875,278.0,280.3500061035156,270.55755615234375,998386.0
2026-07-20,281.8999938964844,282.20001220703125,269.1499938964844,271.6499938964844,262.16143798828125,826466.0
2026-07-21,272.0,274.29998779296875,264.6000061035156,267.0,257.6738586425781,1419565.0
2026-07-22,267.0,272.6000061035156,264.1000061035156,264.8999938964844,255.647216796875,636594.0
2026-07-23,265.0,268.5,261.70001220703125,263.1499938964844,253.95834350585938,548458.0
2026-07-24,262.95001220703125,267.45001220703125,261.25,265.45001220703125,256.1780090332031,535428.0
2026-07-27,266.45001220703125,267.75,262.5,265.54998779296875,256.2745056152344,626631.0
2026-07-28,266.0,273.70001220703125,265.54998779296875,268.29998779296875,258.9284362792969,1229853.0
2026-07-29,269.29998779296875,276.0,269.04998779296875,273.04998779296875,263.5125427246094,787583.0
2026-07-30,272.8999938964844,279.0,270.8999938964844,275.25,265.6357116699219,916556.0
2026-07-31,276.0,277.45001220703125,270.45001220703125,274.5,264.9118957519531,912223.0
2026-08-03,277.29998779296875,281.8999938964844,274.79998779296875,277.54998779296875,267.8553466796875,670676.0
2026-08-04,277.75,280.54998779296875,276.3500061035156,278.8500061035156,269.1099548339844,427627.0
2026-08-05,278.8500061035156,278.8999938964844,270.20001220703125,272.54998779296875,263.0299987792969,650243.0
2026-08-06,272.54998779296875,278.70001220703125,272.54998779296875,275.6000061035156,265.9734802246094,695173.0
2026-08-07,274.79998779296875,276.54998779296875,263.8999938964844,265.29998779296875,256.0332336425781,972767.0
2026-08-10,266.3999938964844,267.79998779296875,262.0,265.45001220703125,256.1780090332031,571147.0
2026-08-11,266.0,279.0,266.0,274.3999938964844,264.8153991699219,1459559.0
2026-08-12,299.45001220703125,299.45001220703125,272.3999938964844,274.3500061035156,264.76715087890625,6836300.0
2026-08-13,278.0,293.5,275.5,284.3999938964844,274.4660949707031,9580453.0
2026-08-14,285.0,294.3500061035156,279.79998779296875,282.95001220703125,273.0667419433594,3458345.0
2026-08-17,286.5,286.5,272.95001220703125,276.5,266.842041015625,1422029.0
2026-08-18,276.0,278.0,267.29998779296875,269.3999938964844,259.9900207519531,2873077.0
2026-08-19,275.0,277.6499938964844,265.1499938964844,266.1000061035156,256.8052978515625,2269169.0
2026-08-20,268.25,272.8999938964844,266.3999938964844,267.20001220703125,257.86688232421875,1202030.0
2026-08-21,267.95001220703125,268.6000061035156,263.0,263.3500061035156,254.1513671875,1580966.0
2026-08-24,263.3500061035156,266.6000061035156,258.25,259.0,249.95330810546875,1234622.0
2026-08-25,259.8999938964844,263.3999938964844,255.1999969482422,256.5,247.54061889648438,1302116.0
2026-08-26,257.8500061035156,259.25,252.0,253.9499969482422,245.07969665527344,1336298.0
2026-08-27,254.0,257.29998779296875,249.0500030517578,250.35000610351562,241.60545349121094,1870939.0
2026-08-28,251.89999389648438,255.64999389648438,250.0,254.8000030517578,245.90000915527344,848622.0
2026-08-31,256.0,256.29998779296875,246.14999389648438,247.6999969482422,239.04800415039062,2189326.0
2026-09-01,248.89999389648438,257.9800109863281,248.89999389648438,254.3000030517578,245.41748046875,1912693.0
2026-09-02,255.0,262.79998779296875,253.64999389648438,262.2900085449219,253.12838745117188,2260654.0
2026-09-03,264.3999938964844,266.5,263.1000061035156,264.1000061035156,254.8751678466797,1183237.0
2026-09-04,264.1099853515625,268.3599853515625,262.1400146484375,263.5899963378906,254.3829803466797,3952971.0
2026-09-07,265.0,267.0,261.5,261.92999267578125,252.78094482421875,1483233.0
2026-09-08,261.92999267578125,262.8999938964844,258.9100036621094,260.17999267578125,251.09207153320312,1104625.0
2026-09-09,258.5899963378906,262.17999267578125,258.17999267578125,258.9700012207031,249.92434692382812,1102322.0
2026-09-10,258.9700012207031,264.29998779296875,253.80999755859375,254.8000030517578,245.90000915527344,2198796.0
2026-09-11,247.94000244140625,249.2100067138672,240.36000061035156,241.58999633789062,241.58999633789062,1808646.0
2026-09-15,241.97999572753906,246.8000030517578,241.97999572753906,243.55999755859375,243.55999755859375,1348891.0
