date,open,high,low,close,adjclose,volume
2021-09-15,198.0,206.89999389648438,197.35000610351562,203.75,203.75,1712607.0
2021-09-16,206.0,209.6999969482422,202.10000610351562,206.5,206.5,1159931.0
2021-09-17,207.0,210.75,191.0,201.6999969482422,201.6999969482422,1600005.0
2021-09-20,195.0,205.8000030517578,190.0,193.75,193.75,863498.0
2021-09-21,194.0,209.5,186.1999969482422,206.8000030517578,206.8000030517578,1858427.0
2021-09-22,207.89999389648438,211.39999389648438,200.6999969482422,202.5,202.5,1024112.0
2021-09-23,204.0,207.64999389648438,198.4499969482422,201.39999389648438,201.39999389648438,587896.0
2021-09-24,203.75,206.6999969482422,196.25,198.6999969482422,198.6999969482422,706111.0
2021-09-27,201.5,205.0,198.5500030517578,202.10000610351562,202.10000610351562,956589.0
2021-09-28,205.5,222.0,205.0500030517578,219.5,219.5,4181182.0
2021-09-29,216.0,218.60000610351562,210.75,212.35000610351562,212.35000610351562,1718565.0
2021-09-30,212.39999389648438,218.0,210.5500030517578,211.39999389648438,211.39999389648438,727284.0
2021-10-01,214.10000610351562,217.6999969482422,211.0,211.75,211.75,750610.0
2021-10-04,212.9499969482422,213.8000030517578,201.6999969482422,203.3000030517578,203.3000030517578,771192.0
2021-10-05,207.0,213.5,207.0,210.8000030517578,210.8000030517578,987401.0
2021-10-06,213.4499969482422,214.89999389648438,203.60000610351562,205.75,205.75,664666.0
2021-10-07,207.35000610351562,209.0,200.60000610351562,204.6999969482422,204.6999969482422,622867.0
2021-10-08,207.10000610351562,209.0,201.1999969482422,202.1999969482422,202.1999969482422,453846.0
2021-10-11,204.0,208.6999969482422,200.89999389648438,207.5500030517578,207.5500030517578,581293.0
2021-10-12,207.10000610351562,208.6999969482422,202.5,206.1999969482422,206.1999969482422,564997.0
2021-10-13,207.4499969482422,208.0,202.0,203.0,203.0,311575.0
2021-10-14,204.10000610351562,205.5,194.6999969482422,196.5500030517578,196.5500030517578,578957.0
2021-10-18,198.89999389648438,202.6999969482422,188.5500030517578,190.60000610351562,190.60000610351562,807602.0
2021-10-19,191.5,194.9499969482422,176.5500030517578,179.35000610351562,179.35000610351562,982821.0
2021-10-20,182.1999969482422,184.9499969482422,167.5,169.60000610351562,169.60000610351562,1048407.0
2021-10-21,175.0,183.5,170.35000610351562,178.4499969482422,178.4499969482422,1039836.0
2021-10-22,178.0,182.6999969482422,175.0,177.6999969482422,177.6999969482422,326180.0
2021-10-25,179.5,181.60000610351562,170.0,171.0,171.0,559221.0
2021-10-26,171.8000030517578,185.0,171.25,181.25,181.25,458907.0
2021-10-27,182.1999969482422,182.60000610351562,176.39999389648438,177.0,177.0,209604.0
2021-10-28,175.0500030517578,177.5500030517578,170.0,171.75,171.75,318653.0
2021-10-29,172.6999969482422,172.75,166.5,168.60000610351562,168.60000610351562,374365.0
2021-11-01,168.0,180.0,164.60000610351562,178.35000610351562,178.35000610351562,366204.0
2021-11-02,179.6999969482422,194.8000030517578,177.10000610351562,192.0500030517578,192.0500030517578,1382840.0
2021-11-03,192.0500030517578,198.0,187.3000030517578,194.10000610351562,194.10000610351562,778539.0
2021-11-04,195.10000610351562,200.0,194.1999969482422,198.85000610351562,198.85000610351562,500627.0
2021-11-08,199.39999389648438,206.9499969482422,195.35000610351562,202.4499969482422,202.4499969482422,834394.0
2021-11-09,202.39999389648438,204.9499969482422,200.0,202.39999389648438,202.39999389648438,406372.0
2021-11-10,202.1999969482422,207.85000610351562,197.0500030517578,198.8000030517578,198.8000030517578,383431.0
2021-11-11,197.8000030517578,198.9499969482422,191.60000610351562,192.89999389648438,192.89999389648438,375303.0
2021-11-12,193.0,196.25,184.6999969482422,187.0500030517578,187.0500030517578,408576.0
2021-11-15,185.5,191.6999969482422,180.0,182.25,182.25,239760.0
2021-11-16,182.14999389648438,190.75,181.5,184.75,184.75,420298.0
2021-11-17,184.75,189.5,181.64999389648438,183.85000610351562,183.85000610351562,224040.0
2021-11-18,183.3000030517578,184.1999969482422,171.60000610351562,174.10000610351562,174.10000610351562,432387.0
2021-11-22,174.0,174.0,159.3000030517578,165.1999969482422,165.1999969482422,604719.0
2021-11-23,165.8000030517578,172.39999389648438,162.60000610351562,170.39999389648438,170.39999389648438,359353.0
2021-11-24,173.0,177.35000610351562,169.0,170.10000610351562,170.10000610351562,571612.0
2021-11-25,172.0,172.5,166.0500030517578,167.10000610351562,167.10000610351562,285678.0
2021-11-26,166.85000610351562,167.8000030517578,157.5500030517578,158.6999969482422,158.6999969482422,561123.0
2021-11-29,159.0,163.89999389648438,150.14999389648438,158.89999389648438,158.89999389648438,515589.0
2021-11-30,159.89999389648438,166.0,155.0,156.5500030517578,156.5500030517578,403300.0
2021-12-01,157.89999389648438,161.89999389648438,155.5,160.0500030517578,160.0500030517578,237501.0
2021-12-02,159.0500030517578,163.0500030517578,154.39999389648438,160.8000030517578,160.8000030517578,680594.0
2021-12-03,161.89999389648438,166.0,161.0,164.75,164.75,291105.0
2021-12-06,165.85000610351562,166.0500030517578,154.60000610351562,156.85000610351562,156.85000610351562,241598.0
2021-12-07,158.6999969482422,165.39999389648438,157.8000030517578,164.0,164.0,278408.0
2021-12-08,167.10000610351562,172.85000610351562,167.0,169.89999389648438,169.89999389648438,405632.0
2021-12-09,174.0,175.9499969482422,168.60000610351562,174.1999969482422,174.1999969482422,311374.0
2021-12-10,173.39999389648438,181.60000610351562,172.1999969482422,180.60000610351562,180.60000610351562,410404.0
2021-12-13,181.14999389648438,187.64999389648438,181.14999389648438,183.64999389648438,183.64999389648438,399724.0
2021-12-14,182.0,186.64999389648438,178.35000610351562,184.14999389648438,184.14999389648438,201947.0
2021-12-15,183.5,186.5,179.14999389648438,179.6999969482422,179.6999969482422,202166.0
2021-12-16,180.9499969482422,183.35000610351562,177.0,178.1999969482422,178.1999969482422,190390.0
2021-12-17,178.25,179.4499969482422,170.5500030517578,171.64999389648438,171.64999389648438,186716.0
2021-12-20,168.5,170.25,165.4499969482422,166.8000030517578,166.8000030517578,208189.0
2021-12-21,167.0,174.6999969482422,167.0,169.5,169.5,223238.0
2021-12-22,171.1999969482422,180.0500030517578,171.10000610351562,178.8000030517578,178.8000030517578,199643.0
2021-12-23,180.75,184.4499969482422,176.4499969482422,180.3000030517578,180.3000030517578,255165.0
2021-12-24,181.75,183.8000030517578,178.0,179.0,179.0,167930.0
2021-12-27,177.5,182.0,177.25,181.0500030517578,181.0500030517578,110555.0
2021-12-28,183.0,189.1999969482422,182.9499969482422,184.4499969482422,184.4499969482422,342841.0
2021-12-29,185.39999389648438,187.35000610351562,180.0,181.35000610351562,181.35000610351562,189982.0
2021-12-30,181.9499969482422,186.6999969482422,181.5,183.75,183.75,253482.0
2021-12-31,183.75,185.0,181.0,182.4499969482422,182.4499969482422,115490.0
2022-01-03,185.39999389648438,191.39999389648438,183.5500030517578,187.85000610351562,187.85000610351562,357543.0
2022-01-04,189.6999969482422,191.0,186.0,188.6999969482422,188.6999969482422,199770.0
2022-01-05,188.5,194.6999969482422,186.60000610351562,187.35000610351562,187.35000610351562,338153.0
2022-01-06,185.9499969482422,197.60000610351562,184.0500030517578,193.60000610351562,193.60000610351562,565936.0
2022-01-07,195.3000030517578,212.9499969482422,195.10000610351562,210.9499969482422,210.9499969482422,2435361.0
2022-01-10,213.1999969482422,232.0,207.0500030517578,232.0,232.0,3235815.0
2022-01-11,235.8000030517578,236.0,218.6999969482422,220.25,220.25,998894.0
2022-01-12,224.0,229.8000030517578,218.5500030517578,220.39999389648438,220.39999389648438,799772.0
2022-01-13,223.85000610351562,234.0,221.64999389648438,226.85000610351562,226.85000610351562,1307156.0
2022-01-14,224.0500030517578,232.0,224.0500030517578,226.60000610351562,226.60000610351562,490458.0
2022-01-17,230.0,232.0,224.0,225.8000030517578,225.8000030517578,733909.0
2022-01-18,228.5,245.6999969482422,222.0500030517578,233.5,233.5,3284883.0
2022-01-19,237.0,241.39999389648438,227.6999969482422,229.8000030517578,229.8000030517578,1163580.0
2022-01-20,230.0,231.14999389648438,224.1999969482422,227.0,227.0,399357.0
2022-01-21,223.89999389648438,224.35000610351562,206.1999969482422,208.9499969482422,208.9499969482422,836638.0
2022-01-24,207.8000030517578,207.8000030517578,188.5,193.1999969482422,193.1999969482422,1013405.0
2022-01-25,188.60000610351562,198.14999389648438,188.60000610351562,193.89999389648438,193.89999389648438,1093338.0
2022-01-27,193.0,212.39999389648438,191.3000030517578,210.0,210.0,1100523.0
2022-01-28,211.8000030517578,216.60000610351562,205.0,206.0,206.0,859793.0
2022-01-31,211.0,222.85000610351562,211.0,218.5500030517578,218.5500030517578,1688434.0
2022-02-01,220.25,221.9499969482422,215.0500030517578,219.5,219.5,461854.0
2022-02-02,220.0,225.0500030517578,216.6999969482422,218.64999389648438,218.64999389648438,544773.0
2022-02-03,218.64999389648438,224.8000030517578,216.1999969482422,222.3000030517578,222.3000030517578,538783.0
2022-02-04,226.3000030517578,232.1999969482422,220.0,220.6999969482422,220.6999969482422,753650.0
2022-02-07,222.89999389648438,227.5,219.0500030517578,221.5500030517578,221.5500030517578,509834.0
2022-02-08,222.0,222.35000610351562,207.89999389648438,214.9499969482422,214.9499969482422,490550.0
2022-02-09,215.89999389648438,215.89999389648438,209.25,210.85000610351562,210.85000610351562,315328.0
2022-02-10,211.39999389648438,213.14999389648438,207.0,211.6999969482422,211.6999969482422,273929.0
2022-02-11,210.9499969482422,210.9499969482422,206.1999969482422,207.25,207.25,243646.0
2022-02-14,211.0,212.0,195.3000030517578,197.75,197.75,940873.0
2022-02-15,199.39999389648438,204.60000610351562,193.0500030517578,195.39999389648438,195.39999389648438,979515.0
2022-02-16,195.39999389648438,197.85000610351562,187.0,189.39999389648438,189.39999389648438,644789.0
2022-02-17,190.0,200.0,187.5500030517578,196.1999969482422,196.1999969482422,800950.0
2022-02-18,195.6999969482422,196.6999969482422,190.0,190.60000610351562,190.60000610351562,315962.0
2022-02-21,190.60000610351562,195.10000610351562,181.25,190.85000610351562,190.85000610351562,689576.0
2022-02-22,192.0,193.60000610351562,182.1999969482422,187.3000030517578,187.3000030517578,752114.0
2022-02-23,191.25,193.60000610351562,185.39999389648438,186.75,186.75,338799.0
2022-02-24,180.0,183.60000610351562,175.5,177.85000610351562,177.85000610351562,856329.0
2022-02-25,188.89999389648438,192.39999389648438,182.25,188.6999969482422,188.6999969482422,381141.0
2022-02-28,191.9499969482422,195.35000610351562,188.10000610351562,193.4499969482422,193.4499969482422,464018.0
2022-03-02,197.5,208.0,197.5,201.9499969482422,201.9499969482422,1487204.0
2022-03-03,210.5,212.0,200.0,202.4499969482422,202.4499969482422,1189013.0
2022-03-04,201.0,203.1999969482422,195.8000030517578,197.3000030517578,197.3000030517578,455190.0
2022-03-07,204.5,204.5,194.60000610351562,198.5,198.5,1942577.0
2022-03-08,200.0,226.39999389648438,200.0,206.60000610351562,206.60000610351562,3857508.0
2022-03-09,212.39999389648438,214.39999389648438,203.64999389648438,205.4499969482422,205.4499969482422,1059007.0
2022-03-10,211.0,232.89999389648438,210.3000030517578,222.14999389648438,222.14999389648438,6266264.0
2022-03-11,228.25,231.89999389648438,218.0,224.10000610351562,224.10000610351562,1929021.0
2022-03-14,224.10000610351562,233.1999969482422,221.10000610351562,224.35000610351562,224.35000610351562,1522850.0
2022-03-15,223.39999389648438,225.0,213.3000030517578,216.6999969482422,216.6999969482422,907418.0
2022-03-16,217.0,219.8000030517578,212.8000030517578,215.35000610351562,215.35000610351562,332776.0
2022-03-17,216.9499969482422,219.35000610351562,212.0,213.85000610351562,213.85000610351562,570084.0
2022-03-21,216.14999389648438,223.60000610351562,215.0,216.10000610351562,216.10000610351562,875471.0
2022-03-22,223.0,228.8000030517578,218.89999389648438,223.10000610351562,223.10000610351562,1741238.0
2022-03-23,224.8000030517578,227.0,220.3000030517578,223.75,223.75,941310.0
2022-03-24,226.0,236.8000030517578,217.10000610351562,220.10000610351562,220.10000610351562,2862163.0
2022-03-25,221.89999389648438,222.85000610351562,215.8000030517578,218.8000030517578,218.8000030517578,621798.0
2022-03-28,218.8000030517578,219.0,211.6999969482422,214.89999389648438,214.89999389648438,788478.0
2022-03-29,214.10000610351562,215.4499969482422,205.0500030517578,206.64999389648438,206.64999389648438,724591.0
2022-03-30,206.9499969482422,227.8000030517578,205.10000610351562,225.35000610351562,225.35000610351562,1741742.0
2022-03-31,224.39999389648438,225.0,217.9499969482422,219.89999389648438,219.89999389648438,894557.0
2022-04-01,190.0,202.0,183.35000610351562,196.75,196.75,6468442.0
2022-04-04,195.0,204.0,195.0,196.25,196.25,1185415.0
2022-04-05,198.0,204.0,197.39999389648438,201.14999389648438,201.14999389648438,1061707.0
2022-04-06,201.85000610351562,204.5,198.10000610351562,199.14999389648438,199.14999389648438,806165.0
2022-04-07,199.0,201.75,195.1999969482422,196.14999389648438,196.14999389648438,516005.0
2022-04-08,197.0,198.89999389648438,195.60000610351562,196.0,196.0,311818.0
2022-04-11,196.4499969482422,201.6999969482422,194.85000610351562,196.6999969482422,196.6999969482422,492882.0
2022-04-12,197.0,199.3000030517578,194.4499969482422,196.89999389648438,196.89999389648438,451622.0
2022-04-13,198.4499969482422,200.0,197.25,197.9499969482422,197.9499969482422,342782.0
2022-04-18,199.75,201.6999969482422,195.39999389648438,196.10000610351562,196.10000610351562,561889.0
2022-04-19,197.4499969482422,204.75,196.25,197.4499969482422,197.4499969482422,738156.0
2022-04-20,197.4499969482422,200.6999969482422,186.5500030517578,188.89999389648438,188.89999389648438,606952.0
2022-04-21,190.4499969482422,194.9499969482422,186.85000610351562,188.3000030517578,188.3000030517578,1010959.0
2022-04-22,186.85000610351562,189.9499969482422,180.89999389648438,183.35000610351562,183.35000610351562,566570.0
2022-04-25,180.3000030517578,181.9499969482422,170.5,172.60000610351562,172.60000610351562,844673.0
2022-04-26,174.75,184.8000030517578,174.75,182.25,182.25,826908.0
2022-04-27,181.8000030517578,196.0,181.5,194.0,194.0,1706323.0
2022-04-28,195.0,208.0,192.25,202.25,202.25,2435879.0
2022-04-29,207.60000610351562,209.89999389648438,200.64999389648438,202.64999389648438,202.64999389648438,1017687.0
2022-05-02,201.0,202.14999389648438,193.4499969482422,197.75,197.75,353966.0
2022-05-04,198.64999389648438,199.8000030517578,182.25,186.39999389648438,186.39999389648438,615978.0
2022-05-05,194.0,194.0,181.25,185.10000610351562,185.10000610351562,629701.0
2022-05-06,177.0,184.8000030517578,176.5500030517578,183.8000030517578,183.8000030517578,504389.0
2022-05-09,181.64999389648438,182.14999389648438,177.10000610351562,180.3000030517578,180.3000030517578,383758.0
2022-05-10,179.75,183.60000610351562,172.0,172.9499969482422,172.9499969482422,456140.0
2022-05-11,174.25,175.4499969482422,155.4499969482422,161.9499969482422,161.9499969482422,983132.0
2022-05-12,161.9499969482422,165.25,158.39999389648438,159.6999969482422,159.6999969482422,529476.0
2022-05-13,163.5,174.0,161.5,171.5,171.5,1173559.0
2022-05-16,171.5,174.25,164.35000610351562,166.0500030517578,166.0500030517578,479365.0
2022-05-17,169.6999969482422,174.0,169.6999969482422,173.25,173.25,510834.0
2022-05-18,174.5,181.25,172.60000610351562,174.9499969482422,174.9499969482422,454936.0
2022-05-19,171.0,174.5,167.60000610351562,170.1999969482422,170.1999969482422,308060.0
2022-05-20,172.0,178.0,172.0,174.60000610351562,174.60000610351562,319802.0
2022-05-23,175.0,176.25,167.25,169.35000610351562,169.35000610351562,306179.0
2022-05-24,169.35000610351562,171.5500030517578,157.75,160.4499969482422,160.4499969482422,261672.0
2022-05-25,161.4499969482422,163.0500030517578,156.0,157.8000030517578,157.8000030517578,325462.0
2022-05-26,159.3000030517578,161.9499969482422,147.89999389648438,152.85000610351562,152.85000610351562,591747.0
2022-05-27,155.1999969482422,157.75,146.25,148.0,148.0,526692.0
2022-05-30,151.0,156.0,149.35000610351562,153.10000610351562,153.10000610351562,608414.0
2022-05-31,150.0,182.0,148.10000610351562,177.85000610351562,177.85000610351562,3440839.0
2022-06-01,178.0,181.0,172.25,176.10000610351562,176.10000610351562,1115830.0
2022-06-02,186.3000030517578,196.0,168.0,174.10000610351562,174.10000610351562,4557086.0
2022-06-03,178.39999389648438,190.39999389648438,175.39999389648438,187.10000610351562,187.10000610351562,2577852.0
2022-06-06,186.60000610351562,197.6999969482422,186.60000610351562,194.60000610351562,194.60000610351562,2407467.0
2022-06-07,194.0,204.4499969482422,193.14999389648438,195.39999389648438,195.39999389648438,3005478.0
2022-06-08,217.0,226.60000610351562,207.25,209.89999389648438,209.89999389648438,13125034.0
2022-06-09,212.0500030517578,217.5,210.0500030517578,213.60000610351562,213.60000610351562,2987466.0
2022-06-10,211.60000610351562,213.6999969482422,207.10000610351562,209.60000610351562,209.60000610351562,1489301.0
2022-06-13,203.4499969482422,205.0,192.1999969482422,194.1999969482422,194.1999969482422,1624604.0
2022-06-14,191.89999389648438,200.89999389648438,191.89999389648438,193.0,193.0,1263389.0
2022-06-15,194.85000610351562,195.60000610351562,185.14999389648438,188.25,188.25,887319.0
2022-06-16,190.0,192.35000610351562,175.0,178.1999969482422,178.1999969482422,1113532.0
2022-06-17,175.0,185.0,175.0,182.60000610351562,182.60000610351562,920736.0
2022-06-20,179.5500030517578,180.4499969482422,166.25,170.25,170.25,1157591.0
2022-06-21,176.0,184.75,175.4499969482422,183.4499969482422,183.4499969482422,1126004.0
2022-06-22,180.0,183.3000030517578,175.8000030517578,176.85000610351562,176.85000610351562,877161.0
2022-06-23,177.0,178.35000610351562,174.0,177.8000030517578,177.8000030517578,1154680.0
2022-06-24,177.0500030517578,182.0,177.0500030517578,179.60000610351562,179.60000610351562,520766.0
2022-06-27,181.75,183.89999389648438,177.0500030517578,178.1999969482422,178.1999969482422,384828.0
2022-06-28,181.1999969482422,196.89999389648438,180.5500030517578,194.14999389648438,194.14999389648438,3123878.0
2022-06-29,193.1999969482422,199.85000610351562,191.0500030517578,193.4499969482422,193.4499969482422,2443183.0
2022-06-30,193.10000610351562,195.39999389648438,185.25,186.89999389648438,186.89999389648438,695789.0
2022-07-01,185.3000030517578,185.35000610351562,173.0,181.0,181.0,1624158.0
2022-07-04,182.0,183.9499969482422,174.14999389648438,174.75,174.75,795001.0
2022-07-05,176.4499969482422,179.89999389648438,174.0500030517578,178.1999969482422,178.1999969482422,602719.0
2022-07-06,170.10000610351562,173.0,167.39999389648438,168.5500030517578,168.5500030517578,880596.0
2022-07-07,169.8000030517578,171.89999389648438,167.1999969482422,170.3000030517578,170.3000030517578,494045.0
2022-07-08,175.0,175.10000610351562,171.75,172.75,172.75,461684.0
2022-07-11,171.39999389648438,173.75,168.5500030517578,169.64999389648438,169.64999389648438,337253.0
2022-07-12,169.5,171.4499969482422,167.5,168.6999969482422,168.6999969482422,249261.0
2022-07-13,166.0,166.6999969482422,162.6999969482422,163.14999389648438,163.14999389648438,601970.0
2022-07-14,165.6999969482422,167.3000030517578,161.89999389648438,163.1999969482422,163.1999969482422,504364.0
2022-07-15,164.8000030517578,167.39999389648438,164.3000030517578,165.89999389648438,165.89999389648438,412688.0
2022-07-18,166.0,168.8000030517578,166.0,167.85000610351562,167.85000610351562,222827.0
2022-07-19,171.0,173.6999969482422,168.9499969482422,170.5,170.5,646133.0
2022-07-20,176.0,178.6999969482422,172.5,173.89999389648438,173.89999389648438,788238.0
2022-07-21,173.8000030517578,173.89999389648438,170.0,170.8000030517578,170.8000030517578,221718.0
2022-07-22,170.5,172.25,165.85000610351562,166.85000610351562,166.85000610351562,304469.0
2022-07-25,165.5500030517578,166.9499969482422,163.0500030517578,165.39999389648438,165.39999389648438,201030.0
2022-07-26,168.5,169.9499969482422,167.3000030517578,168.14999389648438,168.14999389648438,372963.0
2022-07-27,167.5,167.9499969482422,162.5500030517578,164.4499969482422,164.4499969482422,217836.0
2022-07-28,166.0500030517578,169.14999389648438,165.10000610351562,167.35000610351562,167.35000610351562,252700.0
2022-07-29,168.0,175.60000610351562,167.5500030517578,174.5,174.5,784879.0
2022-08-01,173.8000030517578,175.0,171.1999969482422,173.75,173.75,225248.0
2022-08-02,170.6999969482422,172.5500030517578,169.0500030517578,170.39999389648438,170.39999389648438,256552.0
2022-08-03,170.39999389648438,171.64999389648438,164.75,165.39999389648438,165.39999389648438,345142.0
2022-08-04,166.0,168.1999969482422,162.75,164.89999389648438,164.89999389648438,270644.0
2022-08-05,164.0,165.89999389648438,162.8000030517578,164.60000610351562,164.60000610351562,201280.0
2022-08-08,165.6999969482422,166.85000610351562,164.5,164.9499969482422,164.9499969482422,98324.0
2022-08-10,165.0,172.35000610351562,165.0,169.0,169.0,638957.0
2022-08-11,169.0,170.89999389648438,167.5500030517578,169.14999389648438,169.14999389648438,191331.0
2022-08-12,170.5,175.0500030517578,167.64999389648438,170.39999389648438,170.39999389648438,693912.0
2022-08-16,167.9499969482422,168.5,160.64999389648438,163.0,163.0,1052072.0
2022-08-17,161.0,164.89999389648438,161.0,161.64999389648438,161.64999389648438,505142.0
2022-08-18,162.14999389648438,163.25,160.0,161.6999969482422,161.6999969482422,451315.0
2022-08-19,164.0,164.8000030517578,161.5,162.39999389648438,162.39999389648438,422064.0
2022-08-22,161.8000030517578,162.25,159.8000030517578,160.3000030517578,160.3000030517578,274125.0
2022-08-23,160.85000610351562,166.5500030517578,160.39999389648438,164.0,164.0,930935.0
2022-08-24,166.0,168.85000610351562,164.1999969482422,165.0,165.0,717399.0
2022-08-25,167.25,169.4499969482422,164.5,165.1999969482422,165.1999969482422,476874.0
2022-08-26,166.9499969482422,167.6999969482422,161.0,161.64999389648438,161.64999389648438,671901.0
2022-08-29,155.10000610351562,162.64999389648438,155.10000610351562,161.39999389648438,161.39999389648438,376607.0
2022-08-30,164.1999969482422,165.5,162.89999389648438,163.60000610351562,163.60000610351562,446326.0
2022-09-01,162.0,165.5,162.0,163.0500030517578,163.0500030517578,463674.0
2022-09-02,163.5,164.8000030517578,160.9499969482422,161.8000030517578,161.8000030517578,336551.0
2022-09-05,162.8000030517578,168.0,161.75,165.5500030517578,165.5500030517578,727918.0
2022-09-06,166.3000030517578,166.39999389648438,162.25,162.9499969482422,162.9499969482422,338747.0
2022-09-07,161.6999969482422,164.0,161.60000610351562,163.0,163.0,353381.0
2022-09-08,163.0,164.39999389648438,157.75,159.0,159.0,1257289.0
2022-09-09,160.0,160.3000030517578,158.0,158.60000610351562,158.60000610351562,296545.0
2022-09-12,159.35000610351562,162.75,158.3000030517578,160.60000610351562,160.60000610351562,720371.0
2022-09-13,161.5,162.89999389648438,158.1999969482422,160.64999389648438,160.64999389648438,644868.0
2022-09-14,158.60000610351562,161.85000610351562,158.3000030517578,159.25,159.25,339565.0
2022-09-15,160.25,161.5,156.0,156.89999389648438,156.89999389648438,404216.0
2022-09-16,155.10000610351562,156.60000610351562,152.0,153.0,153.0,466382.0
2022-09-19,154.9499969482422,155.1999969482422,149.39999389648438,149.64999389648438,149.64999389648438,497779.0
2022-09-20,151.0,151.75,148.14999389648438,149.25,149.25,414506.0
2022-09-21,149.4499969482422,159.0,146.8000030517578,147.60000610351562,147.60000610351562,361039.0
2022-09-22,148.1999969482422,148.89999389648438,137.8000030517578,139.25,139.25,1152389.0
2022-09-23,139.4499969482422,141.3000030517578,137.0,139.14999389648438,139.14999389648438,602690.0
2022-09-26,138.0500030517578,138.14999389648438,128.5,129.8000030517578,129.8000030517578,626578.0
2022-09-27,130.9499969482422,135.0,130.39999389648438,131.60000610351562,131.60000610351562,514000.0
2022-09-28,131.5,132.0,126.05000305175781,127.1500015258789,127.1500015258789,360756.0
2022-09-29,128.64999389648438,134.6999969482422,128.5500030517578,132.75,132.75,632433.0
2022-09-30,131.64999389648438,134.0,130.0500030517578,133.0500030517578,133.0500030517578,317266.0
2022-10-03,136.0,139.75,135.0500030517578,137.25,137.25,609937.0
2022-10-04,140.0,140.35000610351562,135.5,136.14999389648438,136.14999389648438,249877.0
2022-10-06,138.10000610351562,142.10000610351562,138.0,141.39999389648438,141.39999389648438,451941.0
2022-10-07,141.0,143.3000030517578,140.75,141.5500030517578,141.5500030517578,211783.0
2022-10-10,141.0,145.14999389648438,140.10000610351562,142.25,142.25,348367.0
2022-10-11,141.89999389648438,143.64999389648438,138.75,139.39999389648438,139.39999389648438,265893.0
2022-10-12,139.14999389648438,140.0500030517578,136.0,137.60000610351562,137.60000610351562,154005.0
2022-10-13,137.3000030517578,137.5,133.60000610351562,134.39999389648438,134.39999389648438,146076.0
2022-10-14,136.10000610351562,155.0,135.39999389648438,152.5500030517578,152.5500030517578,5241378.0
2022-10-17,147.89999389648438,148.8000030517578,144.0,145.0,145.0,859260.0
2022-10-18,146.5,146.8000030517578,141.60000610351562,143.1999969482422,143.1999969482422,366196.0
2022-10-19,143.0500030517578,147.35000610351562,136.5,137.3000030517578,137.3000030517578,713765.0
2022-10-20,136.85000610351562,138.60000610351562,135.0,135.89999389648438,135.89999389648438,420711.0
2022-10-21,136.60000610351562,138.5,135.5500030517578,136.39999389648438,136.39999389648438,247063.0
2022-10-24,137.5,140.0,137.0,139.3000030517578,139.3000030517578,96751.0
2022-10-25,139.1999969482422,139.9499969482422,137.60000610351562,139.10000610351562,139.10000610351562,194818.0
2022-10-27,140.0,140.75,136.5,137.5500030517578,137.5500030517578,208755.0
2022-10-28,138.6999969482422,139.60000610351562,136.35000610351562,138.6999969482422,138.6999969482422,174690.0
2022-10-31,139.25,139.5500030517578,136.8000030517578,138.35000610351562,138.35000610351562,195504.0
2022-11-01,138.25,139.35000610351562,137.3000030517578,138.0500030517578,138.0500030517578,102283.0
2022-11-02,138.85000610351562,153.89999389648438,138.5,151.0,151.0,4067059.0
2022-11-03,149.5,153.3000030517578,149.0,152.10000610351562,152.10000610351562,839817.0
2022-11-04,158.0,162.5,150.5500030517578,152.4499969482422,152.4499969482422,1485732.0
2022-11-07,153.39999389648438,154.39999389648438,149.0500030517578,150.1999969482422,150.1999969482422,360122.0
2022-11-09,151.0,153.0,144.0,146.10000610351562,146.10000610351562,784525.0
2022-11-10,145.0,147.1999969482422,143.5,144.8000030517578,144.8000030517578,262730.0
2022-11-11,149.0,149.0,142.10000610351562,142.8000030517578,142.8000030517578,207321.0
2022-11-14,145.0,145.4499969482422,139.60000610351562,141.8000030517578,141.8000030517578,336588.0
2022-11-15,139.64999389648438,146.10000610351562,139.64999389648438,144.0,144.0,340067.0
2022-11-16,143.0,147.6999969482422,143.0,144.5500030517578,144.5500030517578,302327.0
2022-11-17,144.0,146.10000610351562,142.1999969482422,144.6999969482422,144.6999969482422,199751.0
2022-11-18,143.5500030517578,145.3000030517578,141.0,141.64999389648438,141.64999389648438,169658.0
2022-11-21,141.0,141.64999389648438,137.5,138.39999389648438,138.39999389648438,198356.0
2022-11-22,138.0500030517578,139.39999389648438,136.75,137.9499969482422,137.9499969482422,187790.0
2022-11-23,138.14999389648438,141.4499969482422,138.14999389648438,139.3000030517578,139.3000030517578,201289.0
2022-11-24,138.5,142.35000610351562,138.5,140.10000610351562,140.10000610351562,262029.0
2022-11-25,140.5,141.5500030517578,139.60000610351562,140.10000610351562,140.10000610351562,142180.0
2022-11-28,140.8000030517578,142.3000030517578,139.10000610351562,139.9499969482422,139.9499969482422,230346.0
2022-11-29,140.8000030517578,146.6999969482422,140.5,143.14999389648438,143.14999389648438,634650.0
2022-11-30,143.0,145.5,142.5500030517578,143.5,143.5,180149.0
2022-12-01,144.5,145.14999389648438,140.8000030517578,142.0500030517578,142.0500030517578,297401.0
2022-12-02,144.85000610351562,146.6999969482422,143.0,143.6999969482422,143.6999969482422,391106.0
2022-12-05,144.64999389648438,145.6999969482422,142.89999389648438,143.64999389648438,143.64999389648438,202217.0
2022-12-06,142.89999389648438,144.25,142.5,142.9499969482422,142.9499969482422,94884.0
2022-12-07,143.1999969482422,143.64999389648438,139.6999969482422,140.5,140.5,230203.0
2022-12-08,140.75,142.64999389648438,140.0,140.8000030517578,140.8000030517578,307402.0
2022-12-09,141.85000610351562,142.3000030517578,137.1999969482422,139.25,139.25,284332.0
2022-12-12,143.5,146.0,143.0,143.75,143.75,909055.0
2022-12-13,144.5,145.0,141.89999389648438,142.5500030517578,142.5500030517578,352414.0
2022-12-14,143.5500030517578,143.60000610351562,139.0500030517578,139.35000610351562,139.35000610351562,567220.0
2022-12-15,141.0,143.5,140.0,140.89999389648438,140.89999389648438,303279.0
2022-12-16,141.9499969482422,142.4499969482422,140.0,140.9499969482422,140.9499969482422,192040.0
2022-12-19,140.10000610351562,140.9499969482422,139.1999969482422,140.75,140.75,148697.0
2022-12-20,140.75,141.75,139.85000610351562,140.9499969482422,140.9499969482422,196868.0
2022-12-21,141.10000610351562,141.64999389648438,138.0,138.60000610351562,138.60000610351562,252505.0
2022-12-22,139.85000610351562,139.85000610351562,132.5500030517578,134.3000030517578,134.3000030517578,255025.0
2022-12-23,134.3000030517578,134.5500030517578,127.0,127.69999694824219,127.69999694824219,325953.0
2022-12-26,130.1999969482422,132.0500030517578,127.6500015258789,130.89999389648438,130.89999389648438,227041.0
2022-12-27,133.0,139.39999389648438,132.0500030517578,137.85000610351562,137.85000610351562,467330.0
2022-12-28,138.9499969482422,138.9499969482422,135.75,136.85000610351562,136.85000610351562,118383.0
2022-12-29,136.89999389648438,137.5,134.60000610351562,135.6999969482422,135.6999969482422,244584.0
2022-12-30,136.89999389648438,139.5500030517578,136.5,137.35000610351562,137.35000610351562,165502.0
2023-01-02,138.89999389648438,143.3000030517578,137.64999389648438,141.0500030517578,141.0500030517578,314725.0
2023-01-03,141.9499969482422,142.3000030517578,139.0500030517578,139.64999389648438,139.64999389648438,168158.0
2023-01-04,139.9499969482422,142.5,137.75,140.0500030517578,140.0500030517578,223049.0
2023-01-05,140.10000610351562,140.3000030517578,136.5500030517578,137.8000030517578,137.8000030517578,191601.0
2023-01-06,138.9499969482422,139.0500030517578,135.8000030517578,136.35000610351562,136.35000610351562,126452.0
2023-01-09,136.9499969482422,138.25,135.5500030517578,136.0,136.0,114038.0
2023-01-10,136.10000610351562,136.89999389648438,134.25,135.64999389648438,135.64999389648438,184294.0
2023-01-11,136.10000610351562,138.5,135.0,136.85000610351562,136.85000610351562,159846.0
2023-01-12,137.9499969482422,142.10000610351562,136.5500030517578,137.14999389648438,137.14999389648438,513343.0
2023-01-13,137.9499969482422,138.5,135.0500030517578,135.9499969482422,135.9499969482422,156399.0
2023-01-16,136.0,136.75,133.1999969482422,133.6999969482422,133.6999969482422,172925.0
2023-01-17,134.6999969482422,135.9499969482422,133.0,133.75,133.75,184251.0
2023-01-18,134.39999389648438,135.60000610351562,133.9499969482422,135.25,135.25,84290.0
2023-01-19,134.0,136.0500030517578,134.0,134.85000610351562,134.85000610351562,127584.0
2023-01-20,135.0,136.0,134.0500030517578,134.64999389648438,134.64999389648438,150437.0
2023-01-23,134.5,135.4499969482422,133.0,133.1999969482422,133.1999969482422,113954.0
2023-01-24,133.9499969482422,140.8000030517578,133.5500030517578,139.0,139.0,864165.0
2023-01-25,137.85000610351562,139.39999389648438,135.3000030517578,136.39999389648438,136.39999389648438,217515.0
2023-01-27,136.8000030517578,136.8000030517578,131.10000610351562,132.10000610351562,132.10000610351562,188835.0
2023-01-30,131.0500030517578,133.25,129.0,130.89999389648438,130.89999389648438,188224.0
2023-01-31,131.39999389648438,132.14999389648438,129.3000030517578,130.10000610351562,130.10000610351562,140431.0
2023-02-01,130.4499969482422,134.39999389648438,127.8499984741211,129.1999969482422,129.1999969482422,198480.0
2023-02-02,129.85000610351562,130.64999389648438,128.0,129.4499969482422,129.4499969482422,130696.0
2023-02-03,129.9499969482422,130.0,128.0,128.8000030517578,128.8000030517578,139852.0
2023-02-06,129.4499969482422,130.35000610351562,128.0,128.5500030517578,128.5500030517578,142257.0
2023-02-07,129.35000610351562,129.89999389648438,128.1999969482422,129.0,129.0,124014.0
2023-02-08,129.4499969482422,135.5,129.10000610351562,130.9499969482422,130.9499969482422,425090.0
2023-02-09,131.5,131.5,129.0,129.60000610351562,129.60000610351562,196778.0
2023-02-10,129.5500030517578,132.25,129.5,131.39999389648438,131.39999389648438,252405.0
2023-02-13,131.9499969482422,141.25,131.5,136.64999389648438,136.64999389648438,705290.0
2023-02-14,138.35000610351562,140.6999969482422,136.3000030517578,139.35000610351562,139.35000610351562,828115.0
2023-02-15,141.0,144.39999389648438,136.6999969482422,137.39999389648438,137.39999389648438,809704.0
2023-02-16,139.0,140.3000030517578,138.1999969482422,138.9499969482422,138.9499969482422,300629.0
2023-02-17,138.3000030517578,149.89999389648438,138.0500030517578,148.14999389648438,148.14999389648438,2054455.0
2023-02-20,148.1999969482422,158.35000610351562,143.35000610351562,144.0500030517578,144.0500030517578,3471370.0
2023-02-21,144.5,144.85000610351562,140.25,141.25,141.25,447123.0
2023-02-22,140.39999389648438,140.6999969482422,137.0,137.5500030517578,137.5500030517578,333399.0
2023-02-23,138.35000610351562,138.60000610351562,136.10000610351562,137.3000030517578,137.3000030517578,264536.0
2023-02-24,137.5,142.9499969482422,137.5,141.25,141.25,431622.0
2023-02-27,141.25,146.89999389648438,138.14999389648438,140.1999969482422,140.1999969482422,751878.0
2023-02-28,140.1999969482422,140.5500030517578,138.0,138.3000030517578,138.3000030517578,166730.0
2023-03-01,139.5,140.89999389648438,137.35000610351562,137.85000610351562,137.85000610351562,309635.0
2023-03-02,138.4499969482422,139.25,134.89999389648438,136.3000030517578,136.3000030517578,214250.0
2023-03-03,136.9499969482422,139.14999389648438,133.9499969482422,136.10000610351562,136.10000610351562,454739.0
2023-03-06,136.9499969482422,139.39999389648438,136.6999969482422,137.10000610351562,137.10000610351562,353141.0
2023-03-08,137.1999969482422,138.0,134.5500030517578,136.3000030517578,136.3000030517578,432066.0
2023-03-09,136.9499969482422,138.60000610351562,136.3000030517578,136.6999969482422,136.6999969482422,262531.0
2023-03-10,136.0,141.3000030517578,136.0,137.89999389648438,137.89999389648438,514937.0
2023-03-13,138.85000610351562,138.85000610351562,131.0,131.8000030517578,131.8000030517578,331584.0
2023-03-14,133.10000610351562,133.10000610351562,129.10000610351562,130.8000030517578,130.8000030517578,234969.0
2023-03-15,131.5,132.75,128.39999389648438,128.85000610351562,128.85000610351562,240267.0
2023-03-16,128.39999389648438,128.8000030517578,125.5999984741211,126.19999694824219,126.19999694824219,303801.0
2023-03-17,127.4000015258789,131.89999389648438,127.4000015258789,129.64999389648438,129.64999389648438,336427.0
2023-03-20,126.9000015258789,129.14999389648438,124.55000305175781,125.25,125.25,884968.0
2023-03-21,127.0,129.4499969482422,124.44999694824219,125.6500015258789,125.6500015258789,349753.0
2023-03-22,127.55000305175781,127.8499984741211,125.4000015258789,127.1500015258789,127.1500015258789,237051.0
2023-03-23,127.0,127.55000305175781,125.5,125.75,125.75,136885.0
2023-03-24,127.0,127.55000305175781,120.25,121.69999694824219,121.69999694824219,255846.0
2023-03-27,122.4000015258789,122.94999694824219,117.4000015258789,118.6500015258789,118.6500015258789,413571.0
2023-03-28,118.94999694824219,121.3499984741211,115.75,119.75,119.75,587857.0
2023-03-29,119.5,122.5,118.5999984741211,120.1500015258789,120.1500015258789,405910.0
2023-03-31,121.05000305175781,124.5,119.6500015258789,120.19999694824219,120.19999694824219,395461.0
2023-04-03,124.9000015258789,132.5500030517578,124.1500015258789,128.5500030517578,128.5500030517578,1680671.0
2023-04-05,131.75,136.5,130.25,134.25,134.25,1305187.0
2023-04-06,133.0500030517578,136.39999389648438,131.1999969482422,134.64999389648438,134.64999389648438,364383.0
2023-04-10,133.89999389648438,133.89999389648438,131.5,133.0,133.0,246652.0
2023-04-11,132.85000610351562,134.89999389648438,132.85000610351562,134.0500030517578,134.0500030517578,173866.0
2023-04-12,134.10000610351562,134.10000610351562,131.60000610351562,132.39999389648438,132.39999389648438,163524.0
2023-04-13,132.60000610351562,138.0,132.60000610351562,136.3000030517578,136.3000030517578,517781.0
2023-04-17,135.60000610351562,137.8000030517578,134.0500030517578,134.9499969482422,134.9499969482422,285659.0
2023-04-18,134.75,136.1999969482422,134.25,135.75,135.75,199085.0
2023-04-19,134.39999389648438,135.9499969482422,131.60000610351562,134.3000030517578,134.3000030517578,394544.0
2023-04-20,135.0,144.3000030517578,134.85000610351562,137.0,137.0,1626096.0
2023-04-21,134.5,136.85000610351562,134.0500030517578,134.9499969482422,134.9499969482422,191694.0
2023-04-24,135.0,142.5,133.0,140.6999969482422,140.6999969482422,936309.0
2023-04-25,141.75,148.8000030517578,141.10000610351562,147.75,147.75,1447074.0
2023-04-26,148.89999389648438,154.1999969482422,148.89999389648438,149.75,149.75,1084038.0
2023-04-27,150.89999389648438,152.89999389648438,147.0500030517578,151.25,151.25,567911.0
2023-04-28,153.5,167.5,152.5500030517578,164.5,164.5,4718965.0
2023-05-02,164.5,168.25,159.64999389648438,161.89999389648438,161.89999389648438,1068769.0
2023-05-03,163.0,166.89999389648438,160.5,165.60000610351562,165.60000610351562,843878.0
2023-05-04,165.0,171.35000610351562,163.35000610351562,167.9499969482422,167.9499969482422,1009491.0
2023-05-05,168.89999389648438,168.89999389648438,162.10000610351562,163.39999389648438,163.39999389648438,424501.0
2023-05-08,166.9499969482422,167.89999389648438,163.3000030517578,164.64999389648438,164.64999389648438,484639.0
2023-05-09,166.0,167.0,162.6999969482422,163.4499969482422,163.4499969482422,457368.0
2023-05-10,164.0,165.64999389648438,160.35000610351562,164.25,164.25,448653.0
2023-05-11,164.25,170.6999969482422,164.25,167.25,167.25,944972.0
2023-05-12,167.0,175.8000030517578,167.0,172.35000610351562,172.35000610351562,1265541.0
2023-05-15,173.0500030517578,173.5,167.60000610351562,168.6999969482422,168.6999969482422,514111.0
2023-05-16,171.0,172.9499969482422,165.35000610351562,165.9499969482422,165.9499969482422,475392.0
2023-05-17,166.9499969482422,169.3000030517578,163.5,163.9499969482422,163.9499969482422,467281.0
2023-05-18,165.25,169.9499969482422,165.0,168.0,168.0,563214.0
2023-05-19,170.89999389648438,178.1999969482422,164.5,177.1999969482422,177.1999969482422,1573948.0
2023-05-22,177.0,177.89999389648438,172.39999389648438,173.6999969482422,173.6999969482422,540228.0
2023-05-23,174.9499969482422,174.9499969482422,168.64999389648438,171.4499969482422,171.4499969482422,580922.0
2023-05-24,172.85000610351562,179.89999389648438,170.6999969482422,176.14999389648438,176.14999389648438,1186825.0
2023-05-25,176.89999389648438,181.0,173.0,177.64999389648438,177.64999389648438,848701.0
2023-05-26,192.0,195.0,180.5500030517578,183.9499969482422,183.9499969482422,4437062.0
2023-05-29,186.0,187.89999389648438,181.75,183.8000030517578,183.8000030517578,944194.0
2023-05-30,182.9499969482422,183.39999389648438,177.64999389648438,178.75,178.75,564103.0
2023-05-31,179.0,183.89999389648438,176.75,181.5500030517578,181.5500030517578,769075.0
2023-06-01,182.0500030517578,187.0,181.5500030517578,183.5,183.5,755185.0
2023-06-02,184.5,187.6999969482422,183.4499969482422,186.3000030517578,186.3000030517578,637252.0
2023-06-05,187.39999389648438,197.85000610351562,186.0,196.1999969482422,196.1999969482422,2333758.0
2023-06-06,196.75,199.1999969482422,192.5500030517578,197.8000030517578,197.8000030517578,1569353.0
2023-06-07,198.0,200.9499969482422,194.3000030517578,196.3000030517578,196.3000030517578,1089893.0
2023-06-08,196.89999389648438,197.35000610351562,187.10000610351562,189.0,189.0,903124.0
2023-06-09,188.10000610351562,196.6999969482422,188.0,193.1999969482422,193.1999969482422,1147785.0
2023-06-12,194.4499969482422,207.39999389648438,190.6999969482422,204.85000610351562,204.85000610351562,2435163.0
2023-06-13,207.60000610351562,207.64999389648438,202.35000610351562,203.8000030517578,203.8000030517578,1388635.0
2023-06-14,203.0,211.39999389648438,200.10000610351562,206.5,206.5,1930713.0
2023-06-15,206.3000030517578,209.14999389648438,204.0,204.39999389648438,204.39999389648438,852763.0
2023-06-16,205.0,209.1999969482422,203.4499969482422,205.60000610351562,205.60000610351562,951530.0
2023-06-19,205.6999969482422,212.39999389648438,205.6999969482422,208.0500030517578,208.0500030517578,1493297.0
2023-06-20,211.0,218.75,208.5500030517578,215.4499969482422,215.4499969482422,2241184.0
2023-06-21,217.0,218.10000610351562,211.6999969482422,215.35000610351562,215.35000610351562,1097381.0
2023-06-22,216.39999389648438,219.39999389648438,211.5500030517578,213.39999389648438,213.39999389648438,788790.0
2023-06-23,214.5500030517578,214.5500030517578,205.0,205.64999389648438,205.64999389648438,759976.0
2023-06-26,207.0,208.25,203.35000610351562,206.6999969482422,206.6999969482422,298162.0
2023-06-27,207.39999389648438,208.64999389648438,202.6999969482422,204.0,204.0,288707.0
2023-06-28,204.0500030517578,210.8000030517578,203.60000610351562,205.9499969482422,205.9499969482422,517819.0
2023-06-30,206.0,209.8000030517578,205.0500030517578,206.10000610351562,206.10000610351562,387755.0
2023-07-03,206.10000610351562,213.9499969482422,206.10000610351562,207.75,207.75,690079.0
2023-07-04,209.35000610351562,210.3000030517578,205.0,205.8000030517578,205.8000030517578,366759.0
2023-07-05,206.9499969482422,218.0,206.10000610351562,215.10000610351562,215.10000610351562,2000353.0
2023-07-06,215.0,223.0,215.0,218.14999389648438,218.14999389648438,1188881.0
2023-07-07,217.9499969482422,222.3000030517578,215.25,217.1999969482422,217.1999969482422,602404.0
2023-07-10,218.39999389648438,218.9499969482422,210.10000610351562,211.1999969482422,211.1999969482422,441079.0
2023-07-11,212.3000030517578,216.6999969482422,210.6999969482422,212.0,212.0,375075.0
2023-07-12,216.0500030517578,220.85000610351562,210.0,211.60000610351562,211.60000610351562,1028040.0
2023-07-13,213.75,217.3000030517578,209.5,211.25,211.25,438059.0
2023-07-14,211.5,219.5,211.5,218.39999389648438,218.39999389648438,862421.0
2023-07-17,216.0,218.25,214.0,215.1999969482422,215.1999969482422,438340.0
2023-07-18,216.60000610351562,217.85000610351562,211.39999389648438,212.85000610351562,212.85000610351562,535767.0
2023-07-19,213.9499969482422,222.1999969482422,213.75,215.25,215.25,1018478.0
2023-07-20,213.39999389648438,216.39999389648438,212.35000610351562,214.25,214.25,416057.0
2023-07-21,214.25,218.0,211.0500030517578,215.64999389648438,215.64999389648438,366184.0
2023-07-24,216.1999969482422,220.5,213.6999969482422,214.60000610351562,214.60000610351562,347911.0
2023-07-25,217.0,232.39999389648438,217.0,230.0500030517578,230.0500030517578,3596918.0
2023-07-26,232.39999389648438,233.6999969482422,225.10000610351562,226.3000030517578,226.3000030517578,1028366.0
2023-07-27,228.0500030517578,228.85000610351562,224.60000610351562,225.5,225.5,421395.0
2023-07-28,222.3000030517578,227.5,222.3000030517578,224.85000610351562,224.85000610351562,478290.0
2023-07-31,225.0,230.9499969482422,225.0,228.4499969482422,228.4499969482422,510099.0
2023-08-01,228.4499969482422,232.0,225.1999969482422,226.5,226.5,561362.0
2023-08-02,226.6999969482422,234.25,218.0,222.9499969482422,222.9499969482422,905709.0
2023-08-03,223.9499969482422,227.25,221.39999389648438,225.8000030517578,225.8000030517578,412923.0
2023-08-04,227.89999389648438,233.39999389648438,226.0,226.89999389648438,226.89999389648438,702847.0
2023-08-07,229.35000610351562,239.64999389648438,227.89999389648438,231.5500030517578,231.5500030517578,1656493.0
2023-08-08,231.60000610351562,237.25,230.0,230.35000610351562,230.35000610351562,669658.0
2023-08-09,231.89999389648438,253.6999969482422,231.10000610351562,251.60000610351562,251.60000610351562,3444977.0
2023-08-10,252.0,253.9499969482422,242.4499969482422,246.9499969482422,246.9499969482422,823174.0
2023-08-11,247.6999969482422,257.95001220703125,243.9499969482422,253.14999389648438,253.14999389648438,1449188.0
2023-08-14,254.0,254.14999389648438,236.10000610351562,237.8000030517578,237.8000030517578,1536132.0
2023-08-16,207.0,210.85000610351562,191.25,200.1999969482422,200.1999969482422,9937338.0
2023-08-17,202.85000610351562,208.6999969482422,195.4499969482422,200.0,200.0,3417721.0
2023-08-18,200.9499969482422,204.39999389648438,169.0500030517578,170.8000030517578,170.8000030517578,10599432.0
2023-08-21,170.0,174.75,163.0,166.9499969482422,166.9499969482422,5554403.0
2023-08-22,168.0,173.35000610351562,166.6999969482422,168.0500030517578,168.0500030517578,1558384.0
2023-08-23,169.60000610351562,171.39999389648438,163.0500030517578,164.35000610351562,164.35000610351562,1264780.0
2023-08-24,166.4499969482422,166.4499969482422,155.5500030517578,156.5500030517578,156.5500030517578,1790349.0
2023-08-25,156.0500030517578,164.1999969482422,155.75,156.75,156.75,1744493.0
2023-08-28,157.75,162.6999969482422,157.60000610351562,161.3000030517578,161.3000030517578,878779.0
2023-08-29,162.5,171.1999969482422,162.0,169.64999389648438,169.64999389648438,2264632.0
2023-08-30,171.6999969482422,172.5500030517578,164.9499969482422,166.75,166.75,1119087.0
2023-08-31,167.75,169.39999389648438,164.3000030517578,164.8000030517578,164.8000030517578,695423.0
2023-09-01,166.14999389648438,169.8000030517578,164.8000030517578,166.0,166.0,991456.0
2023-09-04,168.5,169.75,164.8000030517578,165.39999389648438,165.39999389648438,1245583.0
2023-09-05,166.9499969482422,169.3000030517578,165.10000610351562,166.0500030517578,166.0500030517578,1142663.0
2023-09-06,169.0,172.89999389648438,167.5,168.3000030517578,168.3000030517578,1790055.0
2023-09-07,169.3000030517578,172.89999389648438,167.60000610351562,170.0,170.0,1483524.0
2023-09-08,170.8000030517578,171.89999389648438,168.10000610351562,168.85000610351562,168.85000610351562,833058.0
2023-09-11,169.6999969482422,170.0,166.5,167.4499969482422,167.4499969482422,657710.0
2023-09-12,169.1999969482422,169.1999969482422,159.3000030517578,160.39999389648438,160.39999389648438,1114444.0
2023-09-13,161.6999969482422,164.5,160.3000030517578,161.64999389648438,161.64999389648438,629206.0
2023-09-14,163.0,163.8000030517578,159.39999389648438,160.0500030517578,160.0500030517578,955714.0
2023-09-15,161.60000610351562,173.5,161.60000610351562,171.35000610351562,171.35000610351562,3762772.0
2023-09-18,169.9499969482422,174.8000030517578,167.64999389648438,169.10000610351562,169.10000610351562,1887158.0
2023-09-20,168.0,169.6999969482422,164.35000610351562,164.89999389648438,164.89999389648438,801374.0
2023-09-21,165.5,166.3000030517578,160.25,160.8000030517578,160.8000030517578,1141524.0
2023-09-22,160.64999389648438,161.89999389648438,158.39999389648438,158.89999389648438,158.89999389648438,1274583.0
2023-09-25,162.0,162.0,156.1999969482422,156.75,156.75,857197.0
2023-09-26,157.8000030517578,160.9499969482422,157.0500030517578,157.6999969482422,157.6999969482422,1562672.0
2023-09-27,159.0,159.4499969482422,154.6999969482422,155.1999969482422,155.1999969482422,1028974.0
2023-09-28,157.5,170.6999969482422,155.0,170.6999969482422,170.6999969482422,13867479.0
2023-09-29,173.0,175.3000030517578,165.5500030517578,172.6999969482422,172.6999969482422,4350214.0
2023-10-03,170.0,170.0,166.1999969482422,167.75,167.75,1214129.0
2023-10-04,167.75,168.0,158.4499969482422,160.6999969482422,160.6999969482422,2028738.0
2023-10-05,162.0,164.60000610351562,160.0,163.35000610351562,163.35000610351562,1074135.0
2023-10-06,163.89999389648438,166.64999389648438,161.6999969482422,162.14999389648438,162.14999389648438,856586.0
2023-10-09,163.9499969482422,168.6999969482422,162.1999969482422,163.5,163.5,2234123.0
2023-10-10,164.25,167.3000030517578,163.5500030517578,164.1999969482422,164.1999969482422,790789.0
2023-10-11,165.4499969482422,172.75,165.14999389648438,170.75,170.75,2958082.0
2023-10-12,171.0,173.10000610351562,167.64999389648438,169.60000610351562,169.60000610351562,1114696.0
2023-10-13,168.89999389648438,175.0,167.10000610351562,171.3000030517578,171.3000030517578,2535375.0
2023-10-16,173.0500030517578,176.5500030517578,171.5,172.5500030517578,172.5500030517578,1863943.0
2023-10-17,173.5,184.25,172.9499969482422,178.4499969482422,178.4499969482422,4905442.0
2023-10-18,179.85000610351562,183.60000610351562,175.9499969482422,180.4499969482422,180.4499969482422,2303595.0
2023-10-19,180.0500030517578,184.0,178.85000610351562,179.8000030517578,179.8000030517578,1972759.0
2023-10-20,179.3000030517578,183.64999389648438,175.0,177.3000030517578,177.3000030517578,1443986.0
2023-10-23,177.0,178.0,161.10000610351562,162.35000610351562,162.35000610351562,1709338.0
2023-10-25,164.0,166.39999389648438,156.10000610351562,159.0,159.0,1014776.0
2023-10-26,158.0,167.14999389648438,155.39999389648438,162.6999969482422,162.6999969482422,1180470.0
2023-10-27,163.8000030517578,167.0500030517578,159.9499969482422,162.25,162.25,991854.0
2023-10-30,163.35000610351562,166.5,161.35000610351562,162.8000030517578,162.8000030517578,525719.0
2023-10-31,163.4499969482422,166.1999969482422,162.3000030517578,164.25,164.25,575127.0
2023-11-01,165.5,169.5,163.89999389648438,164.64999389648438,164.64999389648438,855085.0
2023-11-02,166.0,167.1999969482422,164.85000610351562,165.25,165.25,513512.0
2023-11-03,166.10000610351562,169.0500030517578,165.5,166.89999389648438,166.89999389648438,732342.0
2023-11-06,168.1999969482422,168.60000610351562,164.5500030517578,165.14999389648438,165.14999389648438,554196.0
2023-11-07,165.9499969482422,173.60000610351562,165.0,172.25,172.25,2143982.0
2023-11-08,172.25,174.0500030517578,170.60000610351562,172.39999389648438,172.39999389648438,1019778.0
2023-11-09,171.5500030517578,174.39999389648438,169.10000610351562,169.75,169.75,733387.0
2023-11-10,169.6999969482422,174.0,166.0,168.89999389648438,168.89999389648438,607646.0
2023-11-13,168.0,170.0,163.85000610351562,168.0500030517578,168.0500030517578,1582374.0
2023-11-15,169.3000030517578,175.89999389648438,168.3000030517578,173.4499969482422,173.4499969482422,1491491.0
2023-11-16,174.39999389648438,175.5,167.10000610351562,170.64999389648438,170.64999389648438,778889.0
2023-11-17,170.5500030517578,172.35000610351562,165.25,165.9499969482422,165.9499969482422,930752.0
2023-11-20,168.0,168.9499969482422,166.25,166.8000030517578,166.8000030517578,438277.0
2023-11-21,168.0,168.0,163.10000610351562,164.35000610351562,164.35000610351562,1078392.0
2023-11-22,164.0500030517578,166.10000610351562,161.14999389648438,162.0500030517578,162.0500030517578,818367.0
2023-11-23,163.10000610351562,164.1999969482422,160.0,161.5,161.5,1224929.0
2023-11-24,162.35000610351562,163.6999969482422,161.5,162.5500030517578,162.5500030517578,488818.0
2023-11-28,162.9499969482422,165.8000030517578,157.64999389648438,158.6999969482422,158.6999969482422,1800440.0
2023-11-29,160.25,162.25,159.64999389648438,161.75,161.75,662098.0
2023-11-30,162.64999389648438,163.0,159.8000030517578,160.64999389648438,160.64999389648438,585470.0
2023-12-01,161.85000610351562,162.8000030517578,160.5,162.3000030517578,162.3000030517578,575186.0
2023-12-04,163.39999389648438,164.3000030517578,161.60000610351562,163.10000610351562,163.10000610351562,949636.0
2023-12-05,164.0,164.39999389648438,160.1999969482422,161.25,161.25,749068.0
2023-12-06,162.39999389648438,167.5,161.25,166.10000610351562,166.10000610351562,1596189.0
2023-12-07,167.39999389648438,167.39999389648438,162.9499969482422,163.89999389648438,163.89999389648438,771223.0
2023-12-08,164.89999389648438,165.9499969482422,161.10000610351562,162.60000610351562,162.60000610351562,667282.0
2023-12-11,163.0,163.0,159.25,159.8000030517578,159.8000030517578,1098852.0
2023-12-12,161.0,161.1999969482422,158.1999969482422,160.35000610351562,160.35000610351562,802305.0
2023-12-13,160.4499969482422,161.4499969482422,159.89999389648438,160.14999389648438,160.14999389648438,355670.0
2023-12-14,161.4499969482422,163.5,160.5,161.25,161.25,702475.0
2023-12-15,162.9499969482422,170.8000030517578,161.0,169.4499969482422,169.4499969482422,5085968.0
2023-12-18,174.0,174.0,167.3000030517578,169.39999389648438,169.39999389648438,1445027.0
2023-12-19,171.0500030517578,172.9499969482422,167.8000030517578,168.5,168.5,979889.0
2023-12-20,169.6999969482422,187.89999389648438,168.8000030517578,174.60000610351562,174.60000610351562,15664422.0
2023-12-21,176.1999969482422,181.6999969482422,176.0,179.39999389648438,179.39999389648438,3621490.0
2023-12-22,180.10000610351562,187.0,179.3000030517578,181.25,181.25,4074669.0
2023-12-26,182.35000610351562,186.5,180.8000030517578,183.3000030517578,183.3000030517578,1914128.0
2023-12-27,184.0,185.0,178.6999969482422,180.89999389648438,180.89999389648438,1632134.0
2023-12-28,182.5,186.0,181.0,183.3000030517578,183.3000030517578,2635410.0
2023-12-29,184.0,186.39999389648438,180.64999389648438,182.14999389648438,182.14999389648438,1389169.0
2024-01-01,182.5,185.85000610351562,181.10000610351562,181.8000030517578,181.8000030517578,1031941.0
2024-01-02,182.0,184.75,177.85000610351562,178.64999389648438,178.64999389648438,1344809.0
2024-01-03,178.9499969482422,180.75,174.5,175.60000610351562,175.60000610351562,961190.0
2024-01-04,176.5,183.5500030517578,176.0,179.6999969482422,179.6999969482422,1809798.0
2024-01-05,180.0,183.10000610351562,178.39999389648438,179.9499969482422,179.9499969482422,1083773.0
2024-01-08,180.8000030517578,180.8000030517578,175.14999389648438,176.3000030517578,176.3000030517578,603681.0
2024-01-09,176.9499969482422,178.0,171.5,172.3000030517578,172.3000030517578,849970.0
2024-01-10,173.0,174.64999389648438,167.9499969482422,169.64999389648438,169.64999389648438,1113084.0
2024-01-11,170.64999389648438,173.0,169.14999389648438,170.5500030517578,170.5500030517578,1376408.0
2024-01-12,172.75,185.25,171.5,180.5500030517578,180.5500030517578,4934345.0
2024-01-15,182.10000610351562,183.25,177.10000610351562,177.89999389648438,177.89999389648438,1583318.0
2024-01-16,178.9499969482422,180.8000030517578,174.35000610351562,174.9499969482422,174.9499969482422,1164448.0
2024-01-17,173.3000030517578,175.9499969482422,170.60000610351562,172.3000030517578,172.3000030517578,919840.0
2024-01-18,172.25,174.6999969482422,168.1999969482422,173.25,173.25,1014475.0
2024-01-19,174.39999389648438,185.0,173.60000610351562,177.4499969482422,177.4499969482422,2888171.0
2024-01-23,188.8000030517578,194.14999389648438,175.89999389648438,177.14999389648438,177.14999389648438,4611690.0
2024-01-24,177.75,181.75,176.5500030517578,179.39999389648438,179.39999389648438,1399877.0
2024-01-25,180.60000610351562,191.25,179.8000030517578,184.9499969482422,184.9499969482422,2912718.0
2024-01-29,187.1999969482422,193.5500030517578,185.9499969482422,187.3000030517578,187.3000030517578,2307623.0
2024-01-30,188.64999389648438,196.85000610351562,187.64999389648438,189.0500030517578,189.0500030517578,3836974.0
2024-01-31,188.5500030517578,191.3000030517578,186.3000030517578,187.1999969482422,187.1999969482422,1324212.0
2024-02-01,188.5,188.75,181.3000030517578,183.64999389648438,183.64999389648438,1130440.0
2024-02-02,184.9499969482422,189.14999389648438,182.1999969482422,183.10000610351562,183.10000610351562,1913836.0
2024-02-05,183.10000610351562,187.60000610351562,178.9499969482422,180.25,180.25,1585012.0
2024-02-06,181.3000030517578,196.64999389648438,178.3000030517578,194.25,194.25,6236410.0
2024-02-07,196.0,198.25,188.9499969482422,189.85000610351562,189.85000610351562,2194289.0
2024-02-08,190.0,190.85000610351562,185.85000610351562,186.9499969482422,186.9499969482422,1205204.0
2024-02-09,187.85000610351562,189.0,176.1999969482422,182.85000610351562,182.85000610351562,1777961.0
2024-02-12,183.25,184.5,172.39999389648438,173.89999389648438,173.89999389648438,1669825.0
2024-02-13,174.4499969482422,175.6999969482422,166.0,170.85000610351562,170.85000610351562,1233038.0
2024-02-14,170.89999389648438,191.0,168.60000610351562,184.5,184.5,4000905.0
2024-02-15,185.4499969482422,211.64999389648438,184.4499969482422,205.6999969482422,205.6999969482422,15455574.0
2024-02-16,207.0,211.89999389648438,202.5,204.60000610351562,204.60000610351562,5033831.0
2024-02-19,206.1999969482422,213.5500030517578,203.5,204.39999389648438,204.39999389648438,2889456.0
2024-02-20,205.60000610351562,213.14999389648438,200.25,208.60000610351562,208.60000610351562,4409756.0
2024-02-21,208.8000030517578,209.6999969482422,196.25,198.14999389648438,198.14999389648438,2455327.0
2024-02-22,199.3000030517578,200.9499969482422,193.3000030517578,198.10000610351562,198.10000610351562,1585662.0
2024-02-23,199.0,205.8000030517578,197.0,201.5,201.5,2444168.0
2024-02-26,202.4499969482422,202.4499969482422,196.3000030517578,198.0500030517578,198.0500030517578,1005874.0
2024-02-27,198.75,205.3000030517578,198.0,201.8000030517578,201.8000030517578,1836349.0
2024-02-28,203.0,204.64999389648438,190.10000610351562,191.5500030517578,191.5500030517578,1732101.0
2024-02-29,191.89999389648438,192.10000610351562,186.5500030517578,190.75,190.75,865636.0
2024-03-01,192.5,199.6999969482422,192.14999389648438,194.3000030517578,194.3000030517578,1307786.0
2024-03-04,196.9499969482422,197.9499969482422,192.25,193.6999969482422,193.6999969482422,750835.0
2024-03-05,193.5,197.6999969482422,190.0500030517578,191.6999969482422,191.6999969482422,838864.0
2024-03-06,191.5,192.6999969482422,182.10000610351562,184.89999389648438,184.89999389648438,998596.0
2024-03-07,185.3000030517578,188.3000030517578,184.5,185.14999389648438,185.14999389648438,519039.0
2024-03-11,185.39999389648438,187.0,177.10000610351562,180.1999969482422,180.1999969482422,960202.0
2024-03-12,180.0500030517578,181.6999969482422,171.10000610351562,172.35000610351562,172.35000610351562,1057047.0
2024-03-13,174.0,174.64999389648438,156.89999389648438,159.14999389648438,159.14999389648438,1658798.0
2024-03-14,159.4499969482422,167.14999389648438,156.75,165.6999969482422,165.6999969482422,1219630.0
2024-03-15,164.8000030517578,168.6999969482422,161.10000610351562,164.1999969482422,164.1999969482422,1031465.0
2024-03-18,164.0,168.5500030517578,163.64999389648438,165.89999389648438,165.89999389648438,777064.0
2024-03-19,167.0,169.6999969482422,162.0500030517578,163.0500030517578,163.0500030517578,900175.0
2024-03-20,163.8000030517578,166.39999389648438,162.64999389648438,163.64999389648438,163.64999389648438,735224.0
2024-03-21,164.9499969482422,167.8000030517578,164.4499969482422,165.39999389648438,165.39999389648438,738831.0
2024-03-22,165.6999969482422,169.3000030517578,165.5,167.8000030517578,167.8000030517578,622706.0
2024-03-26,168.0,176.0500030517578,166.9499969482422,172.8000030517578,172.8000030517578,1875082.0
2024-03-27,172.8000030517578,178.35000610351562,171.3000030517578,173.8000030517578,173.8000030517578,1459942.0
2024-03-28,175.60000610351562,183.9499969482422,175.60000610351562,177.6999969482422,177.6999969482422,1366284.0
2024-04-01,179.10000610351562,187.0,179.10000610351562,181.5500030517578,181.5500030517578,943196.0
2024-04-02,183.39999389648438,185.89999389648438,182.10000610351562,185.60000610351562,185.60000610351562,581749.0
2024-04-03,186.0,195.39999389648438,186.0,190.35000610351562,190.35000610351562,1855232.0
2024-04-04,191.8000030517578,196.35000610351562,185.6999969482422,186.39999389648438,186.39999389648438,1098041.0
2024-04-05,186.9499969482422,191.9499969482422,185.85000610351562,189.5500030517578,189.5500030517578,872981.0
2024-04-08,188.10000610351562,190.5,183.10000610351562,184.64999389648438,184.64999389648438,637967.0
2024-04-09,185.75,186.9499969482422,179.5,182.0,182.0,621890.0
2024-04-10,182.5,196.39999389648438,180.6999969482422,195.0,195.0,3497868.0
2024-04-12,194.64999389648438,197.5,189.6999969482422,191.8000030517578,191.8000030517578,2087990.0
2024-04-15,191.5,202.14999389648438,181.6999969482422,193.35000610351562,193.35000610351562,4328594.0
2024-04-16,191.6999969482422,207.3000030517578,191.6999969482422,199.0500030517578,199.0500030517578,5129962.0
2024-04-18,199.85000610351562,205.0,195.0500030517578,197.25,197.25,2628228.0
2024-04-19,195.9499969482422,208.5,195.10000610351562,202.4499969482422,202.4499969482422,5685644.0
2024-04-22,203.5,205.3000030517578,197.8000030517578,199.0,199.0,1342845.0
2024-04-23,199.85000610351562,204.89999389648438,196.25,203.5500030517578,203.5500030517578,1367623.0
2024-04-24,203.64999389648438,204.75,200.4499969482422,202.3000030517578,202.3000030517578,1114538.0
2024-04-25,200.0500030517578,203.35000610351562,197.1999969482422,198.64999389648438,198.64999389648438,723192.0
2024-04-26,199.64999389648438,208.5,198.64999389648438,206.64999389648438,206.64999389648438,2464261.0
2024-04-29,208.3000030517578,219.8000030517578,207.25,209.8000030517578,209.8000030517578,5584549.0
2024-04-30,210.0500030517578,221.6999969482422,210.0,216.35000610351562,216.35000610351562,4570476.0
2024-05-02,216.0,216.0,210.10000610351562,211.6999969482422,211.6999969482422,1193393.0
2024-05-03,213.6999969482422,213.6999969482422,202.0,204.35000610351562,204.35000610351562,1573267.0
2024-05-06,205.0500030517578,206.25,196.0500030517578,199.39999389648438,199.39999389648438,1054182.0
2024-05-07,199.5,209.3000030517578,194.35000610351562,197.14999389648438,197.14999389648438,2602604.0
2024-05-08,197.35000610351562,200.9499969482422,195.39999389648438,196.85000610351562,196.85000610351562,846473.0
2024-05-09,197.64999389648438,198.0500030517578,187.0,187.89999389648438,187.89999389648438,919918.0
2024-05-10,188.10000610351562,192.64999389648438,182.4499969482422,190.14999389648438,190.14999389648438,713748.0
2024-05-13,190.0500030517578,190.89999389648438,183.10000610351562,185.9499969482422,185.9499969482422,542032.0
2024-05-14,185.75,194.8000030517578,185.75,192.3000030517578,192.3000030517578,1011742.0
2024-05-15,193.0,196.14999389648438,191.0500030517578,192.89999389648438,192.89999389648438,631370.0
2024-05-16,193.85000610351562,203.35000610351562,193.8000030517578,196.10000610351562,196.10000610351562,1588749.0
2024-05-17,197.25,203.6999969482422,194.6999969482422,201.75,201.75,1531653.0
2024-05-21,200.0,201.64999389648438,196.1999969482422,196.60000610351562,196.60000610351562,697518.0
2024-05-22,197.60000610351562,197.60000610351562,191.9499969482422,194.89999389648438,194.89999389648438,609225.0
2024-05-23,194.89999389648438,196.0,192.60000610351562,193.60000610351562,193.60000610351562,483649.0
2024-05-24,192.60000610351562,193.64999389648438,189.60000610351562,190.9499969482422,190.9499969482422,648169.0
2024-05-27,191.25,193.5,187.6999969482422,188.5500030517578,188.5500030517578,582439.0
2024-05-28,189.1999969482422,198.39999389648438,188.4499969482422,197.3000030517578,197.3000030517578,2795344.0
2024-05-29,199.6999969482422,203.89999389648438,195.5,196.4499969482422,196.4499969482422,1903210.0
2024-05-30,193.0,193.5,184.5500030517578,189.9499969482422,189.9499969482422,2918432.0
2024-05-31,191.6999969482422,196.3000030517578,189.85000610351562,191.64999389648438,191.64999389648438,1559414.0
2024-06-03,197.0,198.14999389648438,189.8000030517578,192.60000610351562,192.60000610351562,1235861.0
2024-06-04,192.0,192.35000610351562,166.0,172.75,172.75,1969378.0
2024-06-05,173.25,182.35000610351562,166.89999389648438,181.75,181.75,1219176.0
2024-06-06,182.64999389648438,188.0,180.14999389648438,181.39999389648438,181.39999389648438,958126.0
2024-06-07,182.39999389648438,184.6999969482422,181.9499969482422,183.3000030517578,183.3000030517578,561956.0
2024-06-10,184.99000549316406,185.89999389648438,182.10000610351562,183.22999572753906,183.22999572753906,571630.0
2024-06-11,184.64999389648438,186.47000122070312,180.0,181.77000427246094,181.77000427246094,1272688.0
2024-06-12,182.39999389648438,185.97999572753906,181.0500030517578,181.72000122070312,181.72000122070312,1061019.0
2024-06-13,182.6199951171875,192.0,182.60000610351562,188.1999969482422,188.1999969482422,2956830.0
2024-06-14,190.0,193.8800048828125,190.0,190.94000244140625,190.94000244140625,3103061.0
2024-06-18,200.0,203.75,195.16000366210938,195.83999633789062,195.83999633789062,4532838.0
2024-06-19,197.00999450683594,202.2899932861328,193.0,197.41000366210938,197.41000366210938,2266099.0
2024-06-20,198.0,200.91000366210938,194.7100067138672,196.1999969482422,196.1999969482422,1641657.0
2024-06-21,197.64999389648438,198.97999572753906,190.5,191.69000244140625,191.69000244140625,1093032.0
2024-06-24,191.69000244140625,208.0,190.89999389648438,201.50999450683594,201.50999450683594,6785583.0
2024-06-25,203.1199951171875,211.6999969482422,199.8000030517578,200.75999450683594,200.75999450683594,5064886.0
2024-06-26,201.02000427246094,207.85000610351562,199.8000030517578,206.17999267578125,206.17999267578125,1851059.0
2024-06-27,206.0500030517578,207.7899932861328,195.6999969482422,198.13999938964844,198.13999938964844,1532346.0
2024-06-28,199.75,201.05999755859375,194.52999877929688,195.97000122070312,195.97000122070312,1196253.0
2024-07-01,196.11000061035156,199.05999755859375,195.32000732421875,197.47999572753906,197.47999572753906,751593.0
2024-07-02,198.19000244140625,208.1999969482422,198.0,203.3300018310547,203.3300018310547,3324011.0
2024-07-03,204.0,217.8000030517578,202.61000061035156,212.5,212.5,7694653.0
2024-07-04,213.0,215.1999969482422,207.02999877929688,208.88999938964844,208.88999938964844,3049056.0
2024-07-05,208.8000030517578,218.5,206.24000549316406,216.35000610351562,216.35000610351562,4754589.0
2024-07-08,216.3699951171875,217.7899932861328,211.35000610351562,213.7899932861328,213.7899932861328,2462590.0
2024-07-09,214.0,221.64999389648438,213.92999267578125,216.8000030517578,216.8000030517578,7013433.0
2024-07-10,217.3699951171875,217.89999389648438,203.80999755859375,211.07000732421875,211.07000732421875,3425868.0
2024-07-11,212.0,227.8000030517578,210.0,224.55999755859375,224.55999755859375,9213337.0
2024-07-12,225.6999969482422,237.5,224.63999938964844,232.1699981689453,232.1699981689453,10463071.0
2024-07-15,234.5500030517578,240.0,229.22000122070312,231.14999389648438,231.14999389648438,5412043.0
2024-07-16,231.4499969482422,241.99000549316406,231.0,236.6300048828125,236.6300048828125,5425916.0
2024-07-18,243.00999450683594,251.6999969482422,231.58999633789062,247.77000427246094,247.77000427246094,9062413.0
2024-07-19,251.0,251.3000030517578,234.7100067138672,242.3000030517578,242.3000030517578,7039380.0
2024-07-22,239.97000122070312,246.86000061035156,235.9499969482422,236.7899932861328,236.7899932861328,2570691.0
2024-07-23,238.99000549316406,244.1999969482422,220.44000244140625,241.67999267578125,241.67999267578125,4076453.0
2024-07-24,240.3000030517578,254.5,240.14999389648438,253.80999755859375,253.80999755859375,7172551.0
2024-07-25,251.91000366210938,267.95001220703125,250.3000030517578,262.739990234375,262.739990234375,8553181.0
2024-07-26,267.0,270.0,260.5,267.45001220703125,267.45001220703125,3859401.0
2024-07-29,270.0,276.3999938964844,262.8500061035156,266.7799987792969,266.7799987792969,5019488.0
2024-07-30,267.2099914550781,272.0,265.5,266.989990234375,266.989990234375,2099786.0
2024-07-31,268.29998779296875,274.5,263.20001220703125,271.55999755859375,271.55999755859375,3402961.0
2024-08-01,274.0,286.70001220703125,272.79998779296875,284.70001220703125,284.70001220703125,6305373.0
2024-08-02,281.0,293.54998779296875,278.29998779296875,285.79998779296875,285.79998779296875,5190490.0
2024-08-05,277.5,278.79998779296875,260.0,265.6000061035156,265.6000061035156,6295744.0
2024-08-06,273.3999938964844,274.29998779296875,255.85000610351562,257.5,257.5,2999979.0
2024-08-07,260.5,267.70001220703125,252.60000610351562,263.0,263.0,4665655.0
2024-08-08,262.70001220703125,273.29998779296875,258.70001220703125,266.95001220703125,266.95001220703125,2821843.0
2024-08-09,270.0,285.29998779296875,268.0,279.54998779296875,279.54998779296875,4819615.0
2024-08-12,281.0,289.5,276.04998779296875,281.29998779296875,281.29998779296875,3278372.0
2024-08-13,260.0,269.5,240.5500030517578,243.1999969482422,243.1999969482422,8633551.0
2024-08-14,245.10000610351562,253.64999389648438,241.3000030517578,251.75,251.75,3695322.0
2024-08-16,254.1999969482422,254.8000030517578,247.9499969482422,251.39999389648438,251.39999389648438,1569506.0
2024-08-19,250.9499969482422,257.79998779296875,249.0,253.25,253.25,1516767.0
2024-08-20,253.5,258.3500061035156,252.0500030517578,253.1999969482422,253.1999969482422,1103435.0
2024-08-21,255.0,272.29998779296875,248.39999389648438,266.54998779296875,266.54998779296875,3816254.0
2024-08-22,268.0,270.79998779296875,262.6000061035156,265.3999938964844,265.3999938964844,1523901.0
2024-08-23,266.1499938964844,271.70001220703125,265.70001220703125,269.70001220703125,269.70001220703125,1645742.0
2024-08-26,269.5,274.0,265.8999938964844,266.6499938964844,266.6499938964844,2240458.0
2024-08-27,267.0,269.3999938964844,264.6000061035156,265.45001220703125,265.45001220703125,714032.0
2024-08-28,265.95001220703125,268.45001220703125,259.70001220703125,261.1499938964844,261.1499938964844,773404.0
2024-08-29,261.0,262.8999938964844,252.0500030517578,254.10000610351562,254.10000610351562,1281107.0
2024-08-30,259.95001220703125,270.0,259.95001220703125,262.1499938964844,262.1499938964844,2860101.0
2024-09-02,263.6499938964844,264.79998779296875,255.1999969482422,257.79998779296875,257.79998779296875,1083525.0
2024-09-03,258.5,262.8999938964844,256.25,260.45001220703125,260.45001220703125,897729.0
2024-09-04,256.45001220703125,264.04998779296875,253.0,255.39999389648438,255.39999389648438,1582740.0
2024-09-05,256.3999938964844,258.75,250.0,251.1999969482422,251.1999969482422,1182415.0
2024-09-06,251.6999969482422,254.0,244.35000610351562,245.5500030517578,245.5500030517578,982320.0
2024-09-09,245.4499969482422,245.4499969482422,238.35000610351562,240.10000610351562,240.10000610351562,1066275.0
2024-09-10,241.6999969482422,247.89999389648438,241.60000610351562,246.6999969482422,246.6999969482422,719918.0
2024-09-11,245.75,245.8000030517578,235.5,238.9499969482422,238.9499969482422,1448949.0
2024-09-12,239.4499969482422,242.39999389648438,236.6999969482422,241.39999389648438,241.39999389648438,653990.0
2024-09-13,243.0,249.35000610351562,242.0,242.60000610351562,242.60000610351562,696771.0
2024-09-16,243.1999969482422,245.4499969482422,240.6999969482422,241.85000610351562,241.85000610351562,573602.0
2024-09-17,241.85000610351562,245.5,234.3000030517578,235.1999969482422,235.1999969482422,753512.0
2024-09-18,236.0500030517578,245.5,236.0500030517578,241.60000610351562,241.60000610351562,1096327.0
2024-09-19,242.9499969482422,244.0,231.64999389648438,239.4499969482422,239.4499969482422,1226875.0
2024-09-20,240.89999389648438,241.9499969482422,236.5,237.8000030517578,237.8000030517578,490237.0
2024-09-23,238.9499969482422,245.3000030517578,238.85000610351562,240.5,240.5,677661.0
2024-09-24,240.5,244.1999969482422,238.0500030517578,239.4499969482422,239.4499969482422,498933.0
2024-09-25,239.0,241.85000610351562,237.5,239.9499969482422,239.9499969482422,564729.0
2024-09-26,240.4499969482422,240.8000030517578,236.3000030517578,239.64999389648438,239.64999389648438,499993.0
2024-09-27,239.0,241.35000610351562,234.0,236.25,236.25,634168.0
2024-09-30,235.10000610351562,236.0,229.8000030517578,231.10000610351562,231.10000610351562,1614182.0
2024-10-01,235.0,235.0,228.60000610351562,231.25,231.25,929585.0
2024-10-03,232.08999633789062,237.99000549316406,231.0500030517578,235.14999389648438,235.14999389648438,1304644.0
2024-10-04,238.0,246.5,236.0,237.3699951171875,237.3699951171875,3451723.0
2024-10-07,239.0,239.0,218.5500030517578,220.0399932861328,220.0399932861328,1677672.0
2024-10-08,222.0,228.89999389648438,219.0,228.0500030517578,228.0500030517578,916432.0
2024-10-09,228.0500030517578,228.99000549316406,222.88999938964844,223.66000366210938,223.66000366210938,539480.0
2024-10-10,224.7899932861328,227.10000610351562,219.0,221.3300018310547,221.3300018310547,665724.0
2024-10-11,222.99000549316406,225.6699981689453,217.13999938964844,217.77999877929688,217.77999877929688,639841.0
2024-10-14,219.3000030517578,226.22999572753906,217.6999969482422,219.82000732421875,219.82000732421875,858175.0
2024-10-15,220.6199951171875,226.0,219.8000030517578,224.47999572753906,224.47999572753906,853697.0
2024-10-16,224.89999389648438,227.74000549316406,217.9499969482422,219.74000549316406,219.74000549316406,636781.0
2024-10-17,219.69000244140625,221.77999877929688,215.0,216.8000030517578,216.8000030517578,743082.0
2024-10-18,215.88999938964844,219.0,210.5,216.72999572753906,216.72999572753906,695628.0
2024-10-21,216.9499969482422,216.9499969482422,210.0,210.5500030517578,210.5500030517578,442930.0
2024-10-22,209.5,211.13999938964844,196.11000061035156,197.7899932861328,197.7899932861328,1921378.0
2024-10-23,198.57000732421875,209.22000122070312,197.0500030517578,204.91000366210938,204.91000366210938,1114649.0
2024-10-24,204.91000366210938,207.75999450683594,191.35000610351562,193.57000732421875,193.57000732421875,1223067.0
2024-10-25,196.0,197.27999877929688,188.0,193.36000061035156,193.36000061035156,878702.0
2024-10-28,193.75,202.0,189.0500030517578,199.30999755859375,199.30999755859375,656709.0
2024-10-29,197.0,205.75,197.0,204.1699981689453,204.1699981689453,484199.0
2024-10-30,204.99000549316406,208.9600067138672,202.7100067138672,207.9600067138672,207.9600067138672,549456.0
2024-10-31,206.0,208.89999389648438,204.91000366210938,205.85000610351562,205.85000610351562,330329.0
2024-11-01,205.99000549316406,210.9499969482422,205.99000549316406,210.24000549316406,210.24000549316406,124658.0
2024-11-04,209.89999389648438,209.89999389648438,200.24000549316406,202.83999633789062,202.83999633789062,499936.0
2024-11-05,203.4499969482422,210.2899932861328,202.0,209.5,209.5,414715.0
2024-11-06,211.0,214.3800048828125,209.02999877929688,213.22999572753906,213.22999572753906,413526.0
2024-11-07,211.0,214.99000549316406,205.0500030517578,207.33999633789062,207.33999633789062,514682.0
2024-11-08,207.75,214.60000610351562,204.38999938964844,209.49000549316406,209.49000549316406,778795.0
2024-11-11,209.00999450683594,209.00999450683594,201.97999572753906,202.8800048828125,202.8800048828125,666832.0
2024-11-12,202.99000549316406,205.35000610351562,195.10000610351562,195.85000610351562,195.85000610351562,387158.0
2024-11-13,195.77000427246094,199.5500030517578,185.16000366210938,186.61000061035156,186.61000061035156,711949.0
2024-11-14,191.99000549316406,192.58999633789062,187.4199981689453,188.77000427246094,188.77000427246094,404709.0
2024-11-18,185.1999969482422,186.6999969482422,172.52999877929688,183.6199951171875,183.6199951171875,1210448.0
2024-11-19,183.60000610351562,188.00999450683594,180.10000610351562,181.99000549316406,181.99000549316406,344560.0
2024-11-21,180.50999450683594,187.1999969482422,176.89999389648438,185.30999755859375,185.30999755859375,642481.0
2024-11-22,185.5,188.72000122070312,185.5,187.32000732421875,187.32000732421875,347101.0
2024-11-25,190.39999389648438,192.88999938964844,185.72000122070312,186.72999572753906,186.72999572753906,498116.0
2024-11-26,187.89999389648438,195.5800018310547,185.9499969482422,187.9600067138672,187.9600067138672,732007.0
2024-11-27,190.8000030517578,192.7899932861328,188.0,191.07000732421875,191.07000732421875,427911.0
2024-11-28,192.1199951171875,195.9499969482422,189.5,193.24000549316406,193.24000549316406,456451.0
2024-11-29,194.0,194.75,190.25,191.33999633789062,191.33999633789062,286257.0
2024-12-02,191.1999969482422,197.99000549316406,189.7100067138672,193.32000732421875,193.32000732421875,639303.0
2024-12-03,194.0,197.99000549316406,193.7899932861328,196.47999572753906,196.47999572753906,303372.0
2024-12-04,197.9499969482422,202.8000030517578,197.3300018310547,198.4600067138672,198.4600067138672,579049.0
2024-12-05,198.10000610351562,199.13999938964844,195.5,196.69000244140625,196.69000244140625,299258.0
2024-12-06,196.27999877929688,200.89999389648438,195.50999450683594,196.32000732421875,196.32000732421875,493642.0
2024-12-09,196.88999938964844,198.77999877929688,195.39999389648438,196.02000427246094,196.02000427246094,282809.0
2024-12-10,196.0500030517578,208.0,193.49000549316406,205.77999877929688,205.77999877929688,1171028.0
2024-12-11,208.42999267578125,208.8300018310547,201.10000610351562,201.86000061035156,201.86000061035156,1358635.0
2024-12-12,202.74000549316406,203.0800018310547,195.5,196.5500030517578,196.5500030517578,520095.0
2024-12-13,196.5500030517578,196.5500030517578,190.5500030517578,195.1199951171875,195.1199951171875,702754.0
2024-12-16,193.10000610351562,199.3300018310547,192.83999633789062,193.50999450683594,193.50999450683594,378548.0
2024-12-17,193.0,197.75,190.57000732421875,194.66000366210938,194.66000366210938,827654.0
2024-12-18,198.3300018310547,198.74000549316406,193.8000030517578,194.07000732421875,194.07000732421875,679988.0
2024-12-19,190.0,202.6999969482422,190.0,196.72000122070312,196.72000122070312,819420.0
2024-12-20,198.5,201.89999389648438,191.10000610351562,192.66000366210938,192.66000366210938,616645.0
2024-12-23,193.0,196.0,190.08999633789062,192.17999267578125,192.17999267578125,428941.0
2024-12-24,191.35000610351562,194.8000030517578,191.19000244140625,191.8699951171875,191.8699951171875,287837.0
2024-12-26,192.8000030517578,194.39999389648438,185.35000610351562,186.25,186.25,549108.0
2024-12-27,186.25999450683594,188.9600067138672,183.0,183.5,183.5,406795.0
2024-12-30,183.3699951171875,184.2899932861328,179.10000610351562,180.72000122070312,180.72000122070312,492206.0
2024-12-31,180.39999389648438,183.8800048828125,179.89999389648438,183.16000366210938,183.16000366210938,253013.0
2025-01-01,183.0500030517578,185.89999389648438,182.77000427246094,184.80999755859375,184.80999755859375,230530.0
2025-01-02,185.60000610351562,194.1999969482422,185.60000610351562,193.61000061035156,193.61000061035156,932936.0
2025-01-03,192.5,202.94000244140625,192.5,198.66000366210938,198.66000366210938,1194365.0
2025-01-06,200.0,200.0399932861328,186.35000610351562,187.66000366210938,187.66000366210938,691728.0
2025-01-07,188.75,194.47999572753906,187.6999969482422,192.13999938964844,192.13999938964844,318946.0
2025-01-08,192.5,198.0,187.8000030517578,188.88999938964844,188.88999938964844,982207.0
2025-01-09,189.49000549316406,189.55999755859375,185.00999450683594,186.14999389648438,186.14999389648438,398105.0
2025-01-10,185.88999938964844,191.5,180.5,189.74000549316406,189.74000549316406,648494.0
2025-01-13,188.5,189.91000366210938,177.0,180.97999572753906,180.97999572753906,953502.0
2025-01-14,180.6999969482422,183.05999755859375,179.64999389648438,181.30999755859375,181.30999755859375,350572.0
2025-01-15,184.1999969482422,185.6699981689453,181.25,183.52999877929688,183.52999877929688,331308.0
2025-01-16,183.5,191.22999572753906,183.5,186.8300018310547,186.8300018310547,361105.0
2025-01-17,186.1999969482422,188.89999389648438,183.60000610351562,186.6300048828125,186.6300048828125,385433.0
2025-01-20,188.60000610351562,204.49000549316406,187.00999450683594,203.14999389648438,203.14999389648438,1583065.0
2025-01-21,199.14999389648438,208.0,199.10000610351562,202.0800018310547,202.0800018310547,1463774.0
2025-01-22,200.0,204.72000122070312,191.3000030517578,194.7899932861328,194.7899932861328,743758.0
2025-01-23,195.5,201.44000244140625,193.1999969482422,196.60000610351562,196.60000610351562,301964.0
2025-01-24,197.88999938964844,197.88999938964844,192.52000427246094,194.32000732421875,194.32000732421875,335668.0
2025-01-27,192.6999969482422,192.6999969482422,180.75,182.4199981689453,182.4199981689453,591602.0
2025-01-28,183.16000366210938,193.69000244140625,175.5,188.35000610351562,188.35000610351562,932110.0
2025-01-29,187.9499969482422,198.9499969482422,186.02000427246094,197.74000549316406,197.74000549316406,614057.0
2025-01-30,195.0399932861328,201.99000549316406,193.5,196.25,196.25,652629.0
2025-01-31,194.60000610351562,199.97999572753906,194.60000610351562,198.1699981689453,198.1699981689453,513514.0
2025-02-01,197.10000610351562,200.25,190.82000732421875,196.22999572753906,196.22999572753906,308381.0
2025-02-03,193.99000549316406,196.0,190.0,191.6199951171875,191.6199951171875,402923.0
2025-02-04,192.99000549316406,197.85000610351562,191.9600067138672,195.16000366210938,195.16000366210938,476561.0
2025-02-05,198.5,209.0,197.0,200.97000122070312,200.97000122070312,2049555.0
2025-02-06,204.99000549316406,215.69000244140625,202.85000610351562,214.5800018310547,214.5800018310547,2431230.0
2025-02-07,214.58999633789062,218.8000030517578,209.00999450683594,214.11000061035156,214.11000061035156,963559.0
2025-02-10,214.0800018310547,214.0800018310547,205.5,207.47000122070312,207.47000122070312,464486.0
2025-02-11,208.22999572753906,211.30999755859375,201.30999755859375,203.85000610351562,203.85000610351562,1094365.0
2025-02-12,206.38999938964844,210.27000427246094,196.85000610351562,203.3000030517578,203.3000030517578,1139370.0
2025-02-13,204.0,209.89999389648438,199.63999938964844,201.36000061035156,201.36000061035156,1113027.0
2025-02-14,201.99000549316406,203.25,190.5,193.97000122070312,193.97000122070312,830884.0
2025-02-17,194.00999450683594,204.8000030517578,188.41000366210938,202.33999633789062,202.33999633789062,868651.0
2025-02-18,204.39999389648438,204.39999389648438,191.33999633789062,198.77999877929688,198.77999877929688,750910.0
2025-02-19,198.77000427246094,207.85000610351562,194.39999389648438,201.9199981689453,201.9199981689453,739085.0
2025-02-20,200.10000610351562,208.66000366210938,199.32000732421875,205.77000427246094,205.77000427246094,432422.0
2025-02-21,205.75999450683594,213.77999877929688,200.25,202.0800018310547,202.0800018310547,853202.0
2025-02-24,200.1999969482422,201.99000549316406,191.3000030517578,191.80999755859375,191.80999755859375,850722.0
2025-02-25,192.1999969482422,197.99000549316406,191.50999450683594,192.72999572753906,192.72999572753906,435722.0
2025-02-27,193.5,193.5,184.0,184.8000030517578,184.8000030517578,717342.0
2025-02-28,183.0,183.69000244140625,175.5,180.30999755859375,180.30999755859375,718672.0
2025-03-03,179.5500030517578,186.50999450683594,172.4499969482422,182.60000610351562,182.60000610351562,1098285.0
2025-03-04,179.8300018310547,188.7899932861328,178.6999969482422,182.7899932861328,182.7899932861328,731940.0
2025-03-05,182.6999969482422,185.5,181.10000610351562,181.85000610351562,181.85000610351562,755546.0
2025-03-06,184.9600067138672,187.11000061035156,177.5,178.42999267578125,178.42999267578125,831973.0
2025-03-07,179.99000549316406,181.61000061035156,177.72999572753906,178.44000244140625,178.44000244140625,811018.0
2025-03-10,178.39999389648438,179.39999389648438,169.14999389648438,170.88999938964844,170.88999938964844,674520.0
2025-03-11,169.0,174.89999389648438,168.39999389648438,169.92999267578125,169.92999267578125,907073.0
2025-03-12,171.1999969482422,176.47999572753906,165.0,166.86000061035156,166.86000061035156,948359.0
2025-03-13,166.7899932861328,172.49000549316406,164.07000732421875,170.3300018310547,170.3300018310547,1234515.0
2025-03-17,170.3300018310547,172.4499969482422,165.10000610351562,165.6300048828125,165.6300048828125,734080.0
2025-03-18,165.6300048828125,165.6300048828125,165.6300048828125,165.6300048828125,165.6300048828125,0.0
2025-03-19,170.6999969482422,173.72000122070312,170.39999389648438,172.13999938964844,172.13999938964844,856338.0
2025-03-20,174.82000732421875,177.10000610351562,171.99000549316406,173.3800048828125,173.3800048828125,872739.0
2025-03-21,173.60000610351562,178.30999755859375,173.2100067138672,177.0,177.0,1044377.0
2025-03-24,177.97000122070312,185.97999572753906,177.8000030517578,181.3300018310547,181.3300018310547,1527419.0
2025-03-25,183.0,185.0,175.0,175.13999938964844,175.13999938964844,1221097.0
2025-03-26,175.13999938964844,179.50999450683594,169.4199981689453,170.30999755859375,170.30999755859375,1145603.0
2025-03-27,170.0,176.77999877929688,169.2100067138672,174.50999450683594,174.50999450683594,2007792.0
2025-03-28,175.0,177.5,170.1999969482422,171.05999755859375,171.05999755859375,590424.0
2025-04-01,170.0,176.25,169.57000732421875,175.52000427246094,175.52000427246094,489258.0
2025-04-02,175.52000427246094,175.99000549316406,171.85000610351562,172.5800018310547,172.5800018310547,445187.0
2025-04-03,172.1999969482422,177.30999755859375,171.2100067138672,173.86000061035156,173.86000061035156,603811.0
2025-04-04,175.0,175.75999450683594,163.5,166.6699981689453,166.6699981689453,1056702.0
2025-04-07,159.19000244140625,170.00999450683594,147.83999633789062,162.3800048828125,162.3800048828125,2220786.0
2025-04-08,164.0500030517578,167.99000549316406,160.0,161.82000732421875,161.82000732421875,1212889.0
2025-04-09,160.0,161.8800048828125,155.92999267578125,160.67999267578125,160.67999267578125,623526.0
2025-04-11,165.0,165.6699981689453,162.1999969482422,163.3699951171875,163.3699951171875,407806.0
2025-04-15,165.0,171.89999389648438,164.89999389648438,170.83999633789062,170.83999633789062,522795.0
2025-04-16,173.89999389648438,178.66000366210938,173.1999969482422,175.7100067138672,175.7100067138672,864119.0
2025-04-17,175.7100067138672,179.11000061035156,175.10000610351562,177.55999755859375,177.55999755859375,466118.0
2025-04-21,179.5,189.33999633789062,178.27999877929688,188.16000366210938,188.16000366210938,1108495.0
2025-04-22,189.39999389648438,197.3000030517578,185.85000610351562,194.7100067138672,194.7100067138672,1219719.0
2025-04-23,196.0500030517578,198.99000549316406,190.5,191.4499969482422,191.4499969482422,550332.0
2025-04-24,190.5,194.1199951171875,189.0,191.63999938964844,191.63999938964844,423405.0
2025-04-25,191.97999572753906,194.5,184.02000427246094,187.60000610351562,187.60000610351562,571987.0
2025-04-28,187.1999969482422,195.60000610351562,186.0800018310547,190.9199981689453,190.9199981689453,560842.0
2025-04-29,188.64999389648438,192.67999267578125,188.5,189.0500030517578,189.0500030517578,596579.0
2025-04-30,186.1999969482422,191.75,180.2100067138672,183.1999969482422,183.1999969482422,868042.0
2025-05-02,184.61000061035156,186.64999389648438,179.91000366210938,180.58999633789062,180.58999633789062,325217.0
2025-05-05,181.99000549316406,182.82000732421875,180.47999572753906,180.92999267578125,180.92999267578125,197819.0
2025-05-06,181.8000030517578,182.74000549316406,174.00999450683594,175.3699951171875,175.3699951171875,270248.0
2025-05-07,174.44000244140625,177.7100067138672,171.19000244140625,176.74000549316406,176.74000549316406,344152.0
2025-05-08,179.0,182.1999969482422,172.0,173.64999389648438,173.64999389648438,617068.0
2025-05-09,169.0,173.7899932861328,169.0,172.75999450683594,172.75999450683594,288232.0
2025-05-12,177.1999969482422,186.75,177.1999969482422,182.00999450683594,182.00999450683594,722351.0
2025-05-13,183.1999969482422,186.75,182.0,184.3699951171875,184.3699951171875,433226.0
2025-05-14,185.72000122070312,189.9600067138672,185.1300048828125,186.22999572753906,186.22999572753906,325060.0
2025-05-15,192.0,194.0,187.5500030517578,189.3800048828125,189.3800048828125,538987.0
2025-05-16,191.0399932861328,191.35000610351562,187.72000122070312,189.19000244140625,189.19000244140625,238293.0
2025-05-19,189.99000549316406,193.5,189.02999877929688,191.39999389648438,191.39999389648438,440060.0
2025-05-20,192.39999389648438,194.35000610351562,188.05999755859375,188.42999267578125,188.42999267578125,368847.0
2025-05-21,189.0,190.30999755859375,186.0500030517578,188.75,188.75,249611.0
2025-05-22,189.9499969482422,190.8000030517578,179.27000427246094,180.86000061035156,180.86000061035156,671000.0
2025-05-23,180.99000549316406,182.61000061035156,179.74000549316406,181.08999633789062,181.08999633789062,376115.0
2025-05-26,182.14999389648438,184.58999633789062,178.41000366210938,178.7899932861328,178.7899932861328,384562.0
2025-05-27,180.3699951171875,182.89999389648438,176.60000610351562,182.38999938964844,182.38999938964844,417529.0
2025-05-28,185.0,186.33999633789062,179.00999450683594,179.9199981689453,179.9199981689453,702939.0
2025-05-29,170.11000061035156,178.25,169.8000030517578,171.61000061035156,171.61000061035156,1861911.0
2025-05-30,172.94000244140625,175.5,171.61000061035156,173.5,173.5,812220.0
2025-06-02,173.99000549316406,175.2899932861328,169.10000610351562,169.69000244140625,169.69000244140625,691473.0
2025-06-03,170.8800048828125,172.39999389648438,168.97999572753906,169.64999389648438,169.64999389648438,412590.0
2025-06-04,170.91000366210938,172.3300018310547,168.5,169.10000610351562,169.10000610351562,508558.0
2025-06-05,170.10000610351562,174.7100067138672,169.6199951171875,171.0399932861328,171.0399932861328,1052464.0
2025-06-06,172.8000030517578,172.8000030517578,168.89999389648438,170.08999633789062,170.08999633789062,609940.0
2025-06-09,170.9499969482422,176.3800048828125,170.63999938964844,172.47999572753906,172.47999572753906,1202377.0
2025-06-10,173.0,176.0,172.67999267578125,173.2100067138672,173.2100067138672,873538.0
2025-06-11,173.89999389648438,179.24000549316406,173.25999450683594,174.9199981689453,174.9199981689453,1342688.0
2025-06-12,178.0,182.0,173.64999389648438,174.35000610351562,174.35000610351562,1754128.0
2025-06-13,178.0399932861328,186.89999389648438,174.94000244140625,175.75,175.75,5900816.0
2025-06-16,179.1999969482422,180.5,175.10000610351562,175.85000610351562,175.85000610351562,1261787.0
2025-06-17,176.75,177.25999450683594,169.4499969482422,170.49000549316406,170.49000549316406,1196648.0
2025-06-18,170.52000427246094,174.6999969482422,169.6300048828125,173.72000122070312,173.72000122070312,1027773.0
2025-06-19,173.36000061035156,173.7899932861328,165.36000061035156,167.61000061035156,167.61000061035156,667965.0
2025-06-20,167.61000061035156,172.89999389648438,165.0,171.38999938964844,171.38999938964844,806092.0
2025-06-23,172.00999450683594,174.8800048828125,170.0,171.38999938964844,171.38999938964844,874767.0
2025-06-24,171.4499969482422,173.22000122070312,169.3000030517578,170.61000061035156,170.61000061035156,700729.0
2025-06-25,170.4499969482422,174.25,170.1300048828125,171.4199981689453,171.4199981689453,503215.0
2025-06-26,171.89999389648438,173.08999633789062,169.82000732421875,171.00999450683594,171.00999450683594,375025.0
2025-06-27,172.0,172.0,169.60000610351562,169.88999938964844,169.88999938964844,585547.0
2025-06-30,171.0,171.0,168.5,169.5399932861328,169.5399932861328,597475.0
2025-07-01,170.38999938964844,170.69000244140625,166.5,167.10000610351562,167.10000610351562,664521.0
2025-07-02,167.7899932861328,168.38999938964844,165.1999969482422,165.49000549316406,165.49000549316406,506217.0
2025-07-03,166.5,170.67999267578125,166.00999450683594,169.19000244140625,169.19000244140625,792955.0
2025-07-04,169.4499969482422,171.5,168.35000610351562,169.24000549316406,169.24000549316406,405643.0
2025-07-07,169.00999450683594,171.0500030517578,167.52000427246094,169.05999755859375,169.05999755859375,361801.0
2025-07-08,169.60000610351562,170.5,167.30999755859375,169.5500030517578,169.5500030517578,305044.0
2025-07-09,168.77999877929688,171.25,167.97000122070312,168.57000732421875,168.57000732421875,308819.0
2025-07-10,168.75,173.10000610351562,168.52000427246094,171.05999755859375,171.05999755859375,531189.0
2025-07-11,170.05999755859375,171.72000122070312,169.0,169.27999877929688,169.27999877929688,244250.0
2025-07-14,169.27999877929688,169.97999572753906,167.0500030517578,167.7100067138672,167.7100067138672,294936.0
2025-07-15,167.0,172.6999969482422,167.0,172.24000549316406,172.24000549316406,596379.0
2025-07-16,171.99000549316406,173.13999938964844,171.0,172.11000061035156,172.11000061035156,281927.0
2025-07-17,172.85000610351562,176.0,172.0800018310547,172.77000427246094,172.77000427246094,561550.0
2025-07-18,172.77000427246094,173.33999633789062,170.14999389648438,170.75999450683594,170.75999450683594,245766.0
2025-07-21,171.0399932861328,171.89999389648438,167.10000610351562,168.24000549316406,168.24000549316406,714867.0
2025-07-22,168.24000549316406,169.64999389648438,167.38999938964844,167.72000122070312,167.72000122070312,246093.0
2025-07-23,168.8000030517578,169.25,167.08999633789062,168.61000061035156,168.61000061035156,184652.0
2025-07-24,169.14999389648438,169.14999389648438,165.72000122070312,166.17999267578125,166.17999267578125,265452.0
2025-07-25,166.1999969482422,167.16000366210938,161.52000427246094,161.9199981689453,161.9199981689453,404653.0
2025-07-28,171.0,171.0,161.5,162.17999267578125,162.17999267578125,540905.0
2025-07-29,162.02000427246094,166.49000549316406,161.47000122070312,166.0,166.0,235706.0
2025-07-30,166.0,167.5,164.7100067138672,165.3000030517578,165.3000030517578,214129.0
2025-07-31,163.5800018310547,167.99000549316406,161.8800048828125,166.30999755859375,166.30999755859375,296376.0
2025-08-01,166.0,167.27999877929688,162.1999969482422,163.13999938964844,163.13999938964844,168536.0
2025-08-04,163.10000610351562,165.0,161.89999389648438,162.88999938964844,162.88999938964844,240295.0
2025-08-05,163.97999572753906,164.52000427246094,161.00999450683594,161.50999450683594,161.50999450683594,179842.0
2025-08-06,161.0500030517578,164.0,157.39999389648438,159.14999389648438,159.14999389648438,472367.0
2025-08-07,158.27999877929688,159.89999389648438,157.0,159.0,159.0,224197.0
2025-08-08,159.0,160.38999938964844,158.0,158.2100067138672,158.2100067138672,134611.0
2025-08-11,158.5,160.0,157.10000610351562,159.25,159.25,121798.0
2025-08-12,158.6999969482422,161.9600067138672,158.6999969482422,161.33999633789062,161.33999633789062,126048.0
2025-08-13,161.33999633789062,161.94000244140625,158.02999877929688,159.32000732421875,159.32000732421875,224522.0
2025-08-14,159.8699951171875,163.10000610351562,158.16000366210938,162.22999572753906,162.22999572753906,343292.0
2025-08-18,164.89999389648438,165.88999938964844,160.77999877929688,161.91000366210938,161.91000366210938,453265.0
2025-08-19,162.0,167.02999877929688,161.13999938964844,166.2899932861328,166.2899932861328,337302.0
2025-08-20,165.14999389648438,170.6999969482422,165.14999389648438,169.8699951171875,169.8699951171875,686885.0
2025-08-21,170.27000427246094,172.82000732421875,169.0,170.88999938964844,170.88999938964844,409105.0
2025-08-22,170.0,171.0,168.19000244140625,168.92999267578125,168.92999267578125,151296.0
2025-08-25,168.99000549316406,171.89999389648438,166.0,167.0,167.0,122960.0
2025-08-26,167.0,167.0,163.22000122070312,164.07000732421875,164.07000732421875,129077.0
2025-08-28,163.1300048828125,164.0,161.25,161.47000122070312,161.47000122070312,119534.0
2025-08-29,161.02000427246094,170.69000244140625,160.39999389648438,166.72999572753906,166.72999572753906,603761.0
2025-09-01,166.72999572753906,171.25,166.02000427246094,170.82000732421875,170.82000732421875,378165.0
2025-09-02,171.25,174.75,170.4499969482422,173.8000030517578,173.8000030517578,808599.0
2025-09-03,175.0,177.39999389648438,172.00999450683594,174.8300018310547,174.8300018310547,540927.0
2025-09-04,175.10000610351562,177.5,173.0399932861328,175.1300048828125,175.1300048828125,444870.0
2025-09-05,175.6999969482422,177.8000030517578,173.50999450683594,174.92999267578125,174.92999267578125,560627.0
2025-09-08,175.08999633789062,176.13999938964844,172.69000244140625,173.5399932861328,173.5399932861328,324635.0
2025-09-09,173.0,174.42999267578125,171.5,172.17999267578125,172.17999267578125,135283.0
2025-09-10,172.6699981689453,173.63999938964844,168.97000122070312,170.00999450683594,170.00999450683594,260637.0
2025-09-11,170.88999938964844,171.5,167.89999389648438,168.39999389648438,168.39999389648438,306879.0
2025-09-12,169.13999938964844,169.60000610351562,167.3000030517578,168.6199951171875,168.6199951171875,161640.0
2025-09-15,168.99000549316406,175.39999389648438,168.99000549316406,170.27999877929688,170.27999877929688,555452.0
2025-09-16,170.58999633789062,173.25,169.61000061035156,172.75,172.75,370880.0
2025-09-17,174.0,184.0,173.25,178.67999267578125,178.67999267578125,1933158.0
2025-09-18,179.49000549316406,181.49000549316406,176.5399932861328,180.77999877929688,180.77999877929688,763108.0
2025-09-19,180.8000030517578,181.9499969482422,179.00999450683594,180.1699981689453,180.1699981689453,528588.0
2025-09-22,179.8000030517578,180.75,177.0,177.6699981689453,177.6699981689453,304570.0
2025-09-23,177.5,178.89999389648438,174.1999969482422,174.58999633789062,174.58999633789062,287528.0
2025-09-24,174.5,177.0500030517578,173.1300048828125,175.5800018310547,175.5800018310547,238261.0
2025-09-25,177.0,182.0,175.1699981689453,176.0399932861328,176.0399932861328,616065.0
2025-09-26,175.89999389648438,176.2899932861328,172.0500030517578,172.82000732421875,172.82000732421875,327262.0
2025-09-29,173.99000549316406,174.8000030517578,170.41000366210938,171.60000610351562,171.60000610351562,306960.0
2025-09-30,171.0500030517578,172.88999938964844,169.25,170.3000030517578,170.3000030517578,212516.0
2025-10-01,170.5,173.83999633789062,170.1300048828125,173.16000366210938,173.16000366210938,181715.0
2025-10-03,173.16000366210938,174.49000549316406,171.0,172.63999938964844,172.63999938964844,273624.0
2025-10-06,172.63999938964844,173.5,170.1999969482422,170.92999267578125,170.92999267578125,196614.0
2025-10-07,170.5,172.17999267578125,168.44000244140625,168.72999572753906,168.72999572753906,194658.0
2025-10-08,168.72999572753906,169.69000244140625,164.0500030517578,165.24000549316406,165.24000549316406,325226.0
2025-10-09,165.25,165.8000030517578,163.1999969482422,164.1199951171875,164.1199951171875,498282.0
2025-10-10,164.1199951171875,167.7899932861328,164.1199951171875,165.89999389648438,165.89999389648438,175482.0
2025-10-13,164.00999450683594,164.7899932861328,159.9199981689453,164.25999450683594,164.25999450683594,614332.0
2025-10-14,164.6999969482422,164.6999969482422,159.5,159.94000244140625,159.94000244140625,417582.0
2025-10-15,160.57000732421875,162.39999389648438,159.6999969482422,161.4199981689453,161.4199981689453,264165.0
2025-10-16,162.9499969482422,164.0399932861328,160.3000030517578,161.69000244140625,161.69000244140625,291743.0
2025-10-17,161.42999267578125,161.9499969482422,159.50999450683594,160.67999267578125,160.67999267578125,208412.0
2025-10-20,160.75,161.10000610351562,159.5,159.86000061035156,159.86000061035156,138244.0
2025-10-21,160.99000549316406,162.0,160.82000732421875,161.41000366210938,161.41000366210938,35504.0
2025-10-23,162.94000244140625,164.99000549316406,162.2100067138672,163.5399932861328,163.5399932861328,330728.0
2025-10-24,165.0,166.0,162.85000610351562,163.39999389648438,163.39999389648438,336787.0
2025-10-27,163.89999389648438,164.52999877929688,161.1999969482422,162.07000732421875,162.07000732421875,182594.0
2025-10-28,155.0,155.6999969482422,149.16000366210938,152.6999969482422,152.6999969482422,1692849.0
2025-10-29,154.99000549316406,156.0,153.0,155.1699981689453,155.1699981689453,528368.0
2025-10-30,156.0,157.27999877929688,154.0,155.61000061035156,155.61000061035156,438361.0
2025-10-31,156.3000030517578,156.64999389648438,152.6999969482422,153.0399932861328,153.0399932861328,341439.0
2025-11-03,153.0399932861328,153.97999572753906,151.36000061035156,151.5500030517578,151.5500030517578,271402.0
2025-11-04,151.5500030517578,154.0,151.25999450683594,152.5,152.5,232412.0
2025-11-06,152.0,153.25,149.8000030517578,151.22000122070312,151.22000122070312,216245.0
2025-11-07,151.0,151.22000122070312,148.11000061035156,149.00999450683594,149.00999450683594,287340.0
2025-11-10,150.9499969482422,150.97999572753906,148.3800048828125,150.60000610351562,150.60000610351562,320243.0
2025-11-11,150.0,152.19000244140625,148.77000427246094,151.60000610351562,151.60000610351562,281564.0
2025-11-12,153.0,153.0,149.77000427246094,150.0800018310547,150.0800018310547,252791.0
2025-11-13,150.0,153.0,146.1999969482422,146.94000244140625,146.94000244140625,396849.0
2025-11-14,149.3000030517578,149.3000030517578,143.13999938964844,143.8000030517578,143.8000030517578,530236.0
2025-11-17,143.7899932861328,145.3000030517578,139.14999389648438,139.52999877929688,139.52999877929688,943292.0
2025-11-18,141.5,141.5,139.0500030517578,139.94000244140625,139.94000244140625,297609.0
2025-11-19,140.0,140.0,136.9199981689453,137.0399932861328,137.0399932861328,385247.0
2025-11-20,137.07000732421875,139.24000549316406,135.6999969482422,138.64999389648438,138.64999389648438,498009.0
2025-11-21,138.0,146.0500030517578,136.60000610351562,144.1699981689453,144.1699981689453,1091285.0
2025-11-24,147.6999969482422,147.7100067138672,137.5,138.33999633789062,138.33999633789062,576846.0
2025-11-25,139.0,143.60000610351562,139.0,140.89999389648438,140.89999389648438,334312.0
2025-11-26,141.3000030517578,143.1699981689453,139.9199981689453,142.07000732421875,142.07000732421875,410681.0
2025-11-27,142.07000732421875,144.30999755859375,141.72999572753906,143.8699951171875,143.8699951171875,251093.0
2025-11-28,143.5,145.6999969482422,142.52000427246094,144.57000732421875,144.57000732421875,226204.0
2025-12-01,144.99000549316406,153.75,144.57000732421875,152.6999969482422,152.6999969482422,834550.0
2025-12-02,152.3000030517578,152.7899932861328,148.10000610351562,151.11000061035156,151.11000061035156,398519.0
2025-12-03,153.0,154.9600067138672,149.39999389648438,153.66000366210938,153.66000366210938,306678.0
2025-12-04,152.00999450683594,155.5,151.00999450683594,154.0,154.0,234109.0
2025-12-05,154.0,154.5,151.97000122070312,154.07000732421875,154.07000732421875,421166.0
2025-12-08,155.0,157.89999389648438,152.47000122070312,156.6199951171875,156.6199951171875,464769.0
2025-12-09,156.6999969482422,158.5,151.64999389648438,153.66000366210938,153.66000366210938,941859.0
2025-12-10,152.75999450683594,154.38999938964844,151.02000427246094,153.39999389648438,153.39999389648438,203672.0
2025-12-11,154.0,155.0,152.24000549316406,153.1699981689453,153.1699981689453,222209.0
2025-12-12,153.99000549316406,154.72999572753906,151.99000549316406,152.3000030517578,152.3000030517578,230294.0
2025-12-15,153.05999755859375,155.00999450683594,151.72000122070312,153.8699951171875,153.8699951171875,192631.0
2025-12-16,153.00999450683594,157.69000244140625,152.33999633789062,156.5500030517578,156.5500030517578,303058.0
2025-12-17,156.97000122070312,156.97000122070312,153.5,155.02999877929688,155.02999877929688,167623.0
2025-12-18,154.8000030517578,155.5,152.60000610351562,153.9600067138672,153.9600067138672,162641.0
2025-12-19,153.10000610351562,155.49000549316406,151.5800018310547,153.64999389648438,153.64999389648438,164113.0
2025-12-22,154.19000244140625,158.24000549316406,154.00999450683594,155.99000549316406,155.99000549316406,272173.0
2025-12-23,157.8699951171875,158.0,154.89999389648438,155.50999450683594,155.50999450683594,157527.0
2025-12-24,155.9600067138672,157.61000061035156,153.64999389648438,154.24000549316406,154.24000549316406,152981.0
2025-12-26,154.0,156.0,153.9199981689453,154.8300018310547,154.8300018310547,149671.0
2025-12-29,155.0,156.5,152.22000122070312,153.2100067138672,153.2100067138672,204494.0
2025-12-30,153.0,154.4199981689453,152.35000610351562,154.0,154.0,188795.0
2025-12-31,154.75,157.0,154.17999267578125,156.0399932861328,156.0399932861328,203100.0
2026-01-01,157.25,163.38999938964844,154.5500030517578,156.25,156.25,1221710.0
2026-01-02,156.25,160.1999969482422,155.10000610351562,156.38999938964844,156.38999938964844,425516.0
2026-01-05,156.49000549316406,157.99000549316406,153.0,154.14999389648438,154.14999389648438,244230.0
2026-01-06,154.6999969482422,156.4600067138672,152.22999572753906,155.86000061035156,155.86000061035156,170525.0
2026-01-07,155.8000030517578,157.0500030517578,154.55999755859375,155.36000061035156,155.36000061035156,151476.0
2026-01-08,151.39999389648438,158.1999969482422,151.39999389648438,152.4600067138672,152.4600067138672,646547.0
2026-01-09,153.33999633789062,155.25,149.8000030517578,150.67999267578125,150.67999267578125,327563.0
2026-01-12,152.8000030517578,152.99000549316406,148.10000610351562,150.16000366210938,150.16000366210938,169367.0
2026-01-13,151.3000030517578,153.19000244140625,148.2100067138672,149.0,149.0,193709.0
2026-01-14,148.6999969482422,157.5,148.6999969482422,152.82000732421875,152.82000732421875,556671.0
2026-01-15,152.82000732421875,152.82000732421875,152.82000732421875,152.82000732421875,152.82000732421875,0.0
2026-01-16,151.0,153.60000610351562,146.2100067138672,149.52000427246094,149.52000427246094,298456.0
2026-01-19,148.30999755859375,150.9499969482422,147.8000030517578,150.22000122070312,150.22000122070312,193082.0
2026-01-20,150.5,150.5,140.86000061035156,141.74000549316406,141.74000549316406,327945.0
2026-01-21,141.47000122070312,146.14999389648438,139.5,141.19000244140625,141.19000244140625,524916.0
2026-01-22,141.0500030517578,149.0,141.0500030517578,148.1300048828125,148.1300048828125,360265.0
2026-01-23,147.9499969482422,147.9499969482422,144.0,147.07000732421875,147.07000732421875,243938.0
2026-01-27,149.2100067138672,149.8000030517578,142.10000610351562,144.11000061035156,144.11000061035156,472273.0
2026-01-28,145.4499969482422,154.94000244140625,145.4499969482422,152.91000366210938,152.91000366210938,1083037.0
2026-01-29,153.66000366210938,157.0,151.49000549316406,156.1300048828125,156.1300048828125,786841.0
2026-01-30,156.5,157.0800018310547,154.10000610351562,155.86000061035156,155.86000061035156,347916.0
2026-02-02,155.5,155.5,146.75,152.1999969482422,152.1999969482422,360058.0
2026-02-03,156.49000549316406,156.89999389648438,149.35000610351562,154.14999389648438,154.14999389648438,416389.0
2026-02-04,154.14999389648438,159.85000610351562,152.5,155.8000030517578,155.8000030517578,423741.0
2026-02-05,157.5,157.5,153.16000366210938,155.0500030517578,155.0500030517578,164824.0
2026-02-06,154.6999969482422,156.35000610351562,151.77000427246094,155.57000732421875,155.57000732421875,147007.0
2026-02-09,155.99000549316406,158.69000244140625,153.91000366210938,154.5399932861328,154.5399932861328,314072.0
2026-02-10,155.1300048828125,157.85000610351562,155.0,155.9499969482422,155.9499969482422,388183.0
2026-02-11,157.0,157.0,153.5,155.85000610351562,155.85000610351562,245560.0
2026-02-12,158.9499969482422,158.9499969482422,151.39999389648438,152.1999969482422,152.1999969482422,373788.0
2026-02-13,151.00999450683594,155.97999572753906,140.0,141.8699951171875,141.8699951171875,1267659.0
2026-02-16,142.7100067138672,143.22999572753906,129.36000061035156,130.11000061035156,130.11000061035156,1558449.0
2026-02-17,130.1199951171875,133.97999572753906,130.11000061035156,133.2899932861328,133.2899932861328,1076309.0
2026-02-18,133.6999969482422,135.0,131.39999389648438,132.2100067138672,132.2100067138672,584152.0
2026-02-19,136.75,137.89999389648438,133.39999389648438,135.02999877929688,135.02999877929688,838389.0
2026-02-20,135.0399932861328,136.9499969482422,131.85000610351562,132.3000030517578,132.3000030517578,478539.0
2026-02-23,132.7899932861328,134.89999389648438,131.0500030517578,131.6199951171875,131.6199951171875,413777.0
2026-02-24,130.8000030517578,135.0,129.74000549316406,132.6999969482422,132.6999969482422,524565.0
2026-02-25,132.69000244140625,134.25,131.99000549316406,132.57000732421875,132.57000732421875,330191.0
2026-02-26,132.57000732421875,132.9499969482422,131.2100067138672,131.63999938964844,131.63999938964844,285265.0
2026-02-27,131.60000610351562,132.1999969482422,130.30999755859375,130.8800048828125,130.8800048828125,251065.0
2026-03-02,133.0,140.72999572753906,132.25999450683594,136.63999938964844,136.63999938964844,2667854.0
2026-03-04,139.30999755859375,151.9600067138672,138.1300048828125,148.86000061035156,148.86000061035156,3616550.0
2026-03-05,153.0,160.1999969482422,150.25,152.49000549316406,152.49000549316406,3574855.0
2026-03-06,153.50999450683594,158.0,151.9600067138672,156.47000122070312,156.47000122070312,1254550.0
2026-03-09,169.0,173.5,160.47000122070312,165.33999633789062,165.33999633789062,10080236.0
2026-03-10,162.86000061035156,164.0,144.10000610351562,146.85000610351562,146.85000610351562,3047760.0
2026-03-11,147.55999755859375,149.0,142.61000061035156,147.32000732421875,147.32000732421875,1649040.0
2026-03-12,151.0,156.5399932861328,146.49000549316406,147.44000244140625,147.44000244140625,2001410.0
2026-03-13,149.88999938964844,149.88999938964844,142.0,144.9600067138672,144.9600067138672,1007246.0
2026-03-16,145.0399932861328,145.33999633789062,117.6500015258789,126.94999694824219,126.94999694824219,3839196.0
2026-03-17,126.5,131.0,122.25,122.76000213623047,122.76000213623047,1493885.0
2026-03-18,123.0,132.64999389648438,123.0,131.17999267578125,131.17999267578125,1400030.0
2026-03-19,132.35000610351562,137.9499969482422,130.5,132.99000549316406,132.99000549316406,2133807.0
2026-03-20,133.0,133.5,126.3499984741211,128.42999267578125,128.42999267578125,823572.0
2026-03-23,128.42999267578125,128.42999267578125,120.0999984741211,122.26000213623047,122.26000213623047,1544702.0
2026-03-24,122.61000061035156,127.19999694824219,121.13999938964844,125.94000244140625,125.94000244140625,1262790.0
2026-03-25,128.0,130.0,120.08000183105469,121.4800033569336,121.4800033569336,2644360.0
2026-03-27,122.0,125.9000015258789,118.86000061035156,121.02999877929688,121.02999877929688,1967269.0
2026-03-30,121.0,125.4000015258789,117.5,118.33000183105469,118.33000183105469,1835039.0
2026-04-01,120.0,123.88999938964844,120.0,122.52999877929688,122.52999877929688,717642.0
2026-04-02,122.52999877929688,126.9000015258789,119.38999938964844,123.94000244140625,123.94000244140625,867799.0
2026-04-06,123.94000244140625,127.08999633789062,121.94000244140625,125.81999969482422,125.81999969482422,715816.0
2026-04-07,126.0,149.39999389648438,124.75,143.97999572753906,143.97999572753906,14025664.0
2026-04-08,139.0,143.7899932861328,132.61000061035156,133.72000122070312,133.72000122070312,3393983.0
2026-04-09,134.99000549316406,143.33999633789062,132.99000549316406,141.6300048828125,141.6300048828125,2997294.0
2026-04-10,141.6300048828125,159.9499969482422,140.74000549316406,154.86000061035156,154.86000061035156,6896057.0
2026-04-13,150.9600067138672,159.89999389648438,150.0,158.19000244140625,158.19000244140625,2854952.0
2026-04-15,157.9499969482422,158.1999969482422,149.6999969482422,156.47999572753906,156.47999572753906,2066992.0
2026-04-16,156.9499969482422,159.60000610351562,154.5,158.2899932861328,158.2899932861328,1042653.0
2026-04-17,158.19000244140625,165.8699951171875,156.9499969482422,158.3300018310547,158.3300018310547,1837960.0
2026-04-20,157.89999389648438,157.89999389648438,150.8000030517578,152.25999450683594,152.25999450683594,809724.0
2026-04-21,151.9499969482422,154.0,151.5,151.77999877929688,151.77999877929688,382669.0
2026-04-22,152.99000549316406,154.91000366210938,152.11000061035156,153.94000244140625,153.94000244140625,448451.0
2026-04-23,153.0500030517578,158.10000610351562,153.0500030517578,154.6199951171875,154.6199951171875,644571.0
2026-04-24,156.39999389648438,156.44000244140625,147.50999450683594,149.47000122070312,149.47000122070312,933160.0
2026-04-27,151.0,154.0,148.61000061035156,153.3000030517578,153.3000030517578,614544.0
2026-04-28,155.0,163.89999389648438,154.4499969482422,161.97000122070312,161.97000122070312,2426282.0
2026-04-29,163.60000610351562,163.60000610351562,156.3800048828125,157.08999633789062,157.08999633789062,902087.0
2026-04-30,161.0,162.8699951171875,156.6199951171875,158.60000610351562,158.60000610351562,1123956.0
2026-05-01,158.60000610351562,158.60000610351562,158.60000610351562,158.60000610351562,158.60000610351562,0.0
2026-05-04,158.0,162.83999633789062,153.80999755859375,161.8300018310547,161.8300018310547,763481.0
2026-05-05,161.99000549316406,164.0,158.61000061035156,161.30999755859375,161.30999755859375,660801.0
2026-05-06,160.5,161.10000610351562,153.10000610351562,153.77999877929688,153.77999877929688,936348.0
2026-05-07,154.2899932861328,165.47000122070312,154.10000610351562,164.2100067138672,164.2100067138672,1815254.0
2026-05-08,165.0,168.74000549316406,162.1999969482422,164.19000244140625,164.19000244140625,868289.0
2026-05-11,164.41000366210938,170.49000549316406,163.35000610351562,165.11000061035156,165.11000061035156,1128801.0
2026-05-12,165.1999969482422,171.25,165.1999969482422,166.11000061035156,166.11000061035156,1966216.0
2026-05-13,165.8000030517578,176.8000030517578,165.25,167.61000061035156,167.61000061035156,3206137.0
2026-05-14,167.5,170.61000061035156,162.0500030517578,162.83999633789062,162.83999633789062,717503.0
2026-05-15,163.64999389648438,170.0,161.33999633789062,169.19000244140625,169.19000244140625,994491.0
2026-05-18,172.0,175.8699951171875,170.2100067138672,172.47999572753906,172.47999572753906,2539713.0
2026-05-19,172.30999755859375,172.30999755859375,166.66000366210938,167.25,167.25,446312.0
2026-05-20,167.5500030517578,168.47999572753906,164.60000610351562,165.57000732421875,165.57000732421875,362014.0
2026-05-21,165.0,174.39999389648438,163.49000549316406,170.8699951171875,170.8699951171875,875350.0
2026-05-22,170.99000549316406,170.99000549316406,166.1999969482422,167.49000549316406,167.49000549316406,419096.0
2026-05-25,165.5800018310547,168.5,163.25,163.8699951171875,163.8699951171875,667408.0
2026-05-26,162.5,166.32000732421875,161.00999450683594,161.88999938964844,161.88999938964844,441082.0
2026-05-27,161.07000732421875,169.99000549316406,161.0500030517578,169.4600067138672,169.4600067138672,1285264.0
2026-05-28,169.4600067138672,169.4600067138672,169.4600067138672,169.4600067138672,169.4600067138672,0.0
2026-05-29,169.4600067138672,169.4600067138672,160.00999450683594,160.91000366210938,160.91000366210938,887716.0
2026-06-01,161.5,165.7100067138672,158.5,165.00999450683594,165.00999450683594,573062.0
2026-06-02,163.00999450683594,172.89999389648438,163.00999450683594,171.7899932861328,171.7899932861328,1012446.0
2026-06-03,173.0,174.0,168.72999572753906,169.7100067138672,169.7100067138672,508820.0
2026-06-04,169.7100067138672,170.7899932861328,166.8000030517578,167.44000244140625,167.44000244140625,340272.0
2026-06-05,167.36000061035156,177.69000244140625,165.60000610351562,174.66000366210938,174.66000366210938,1131670.0
2026-06-08,177.27999877929688,181.60000610351562,174.64999389648438,177.02999877929688,177.02999877929688,2376984.0
2026-06-09,180.0,188.64999389648438,177.0,183.02999877929688,183.02999877929688,2301752.0
2026-06-10,183.00999450683594,184.49000549316406,174.13999938964844,178.4499969482422,178.4499969482422,1395290.0
2026-06-11,180.49000549316406,180.49000549316406,163.10000610351562,167.6999969482422,167.6999969482422,2206473.0
2026-06-12,160.5,178.0,157.0,165.52999877929688,165.52999877929688,4687993.0
2026-06-15,165.47999572753906,170.9499969482422,160.10000610351562,161.16000366210938,161.16000366210938,1241672.0
2026-06-16,162.92999267578125,162.92999267578125,150.77999877929688,159.9199981689453,159.9199981689453,2405736.0
2026-06-17,161.47000122070312,166.10000610351562,157.10000610351562,158.22000122070312,158.22000122070312,1261273.0
2026-06-18,159.0,161.0,158.22000122070312,159.6199951171875,159.6199951171875,382593.0
2026-06-19,159.5,164.8000030517578,158.61000061035156,162.67999267578125,162.67999267578125,722760.0
2026-06-22,163.9499969482422,166.5,163.02999877929688,165.02000427246094,165.02000427246094,696115.0
2026-06-23,165.99000549316406,166.2899932861328,157.5,158.27999877929688,158.27999877929688,744823.0
2026-06-24,159.6300048828125,161.88999938964844,154.60000610351562,160.52000427246094,160.52000427246094,790278.0
2026-06-25,161.99000549316406,161.99000549316406,157.72000122070312,160.0800018310547,160.0800018310547,428540.0
2026-06-26,160.0800018310547,160.0800018310547,160.0800018310547,160.0800018310547,160.0800018310547,0.0
2026-06-29,160.8000030517578,161.1999969482422,157.85000610351562,159.6999969482422,159.6999969482422,289517.0
2026-06-30,160.0,162.97999572753906,158.52000427246094,160.8699951171875,160.8699951171875,382693.0
2026-07-01,161.0,162.19000244140625,158.0,158.32000732421875,158.32000732421875,307425.0
2026-07-02,158.32000732421875,160.2899932861328,156.27000427246094,159.30999755859375,159.30999755859375,374840.0
2026-07-03,159.6999969482422,160.60000610351562,157.3000030517578,160.2100067138672,160.2100067138672,328011.0
2026-07-06,160.0,160.17999267578125,156.5,156.77999877929688,156.77999877929688,230851.0
2026-07-07,157.99000549316406,158.3000030517578,152.91000366210938,155.4199981689453,155.4199981689453,498205.0
2026-07-08,157.0,160.7899932861328,154.30999755859375,156.52999877929688,156.52999877929688,719634.0
2026-07-09,158.13999938964844,159.39999389648438,153.10000610351562,153.80999755859375,153.80999755859375,334994.0
2026-07-10,153.9499969482422,155.80999755859375,152.38999938964844,153.69000244140625,153.69000244140625,429100.0
2026-07-13,154.10000610351562,157.3000030517578,152.66000366210938,154.33999633789062,154.33999633789062,502470.0
2026-07-14,156.0,161.1999969482422,152.14999389648438,156.0399932861328,156.0399932861328,1465384.0
2026-07-15,156.99000549316406,160.5,154.41000366210938,159.63999938964844,159.63999938964844,728272.0
2026-07-16,160.1999969482422,163.33999633789062,157.00999450683594,157.33999633789062,157.33999633789062,680140.0
2026-07-17,157.89999389648438,157.9199981689453,154.1999969482422,155.52999877929688,155.52999877929688,362205.0
2026-07-20,156.60000610351562,162.8800048828125,156.0,161.94000244140625,161.94000244140625,912080.0
2026-07-21,162.75,167.77999877929688,162.0,162.4499969482422,162.4499969482422,680802.0
2026-07-22,164.00999450683594,165.97999572753906,160.2100067138672,164.05999755859375,164.05999755859375,460667.0
2026-07-23,165.0,169.5,164.9499969482422,167.5,167.5,1076335.0
2026-07-24,168.8000030517578,168.8000030517578,160.5,162.0399932861328,162.0399932861328,719854.0
2026-07-27,160.0,161.80999755859375,157.61000061035156,157.97999572753906,157.97999572753906,257350.0
2026-07-28,158.0,158.8000030517578,156.0,157.0800018310547,157.0800018310547,235380.0
2026-07-29,157.39999389648438,159.0,156.14999389648438,157.00999450683594,157.00999450683594,205647.0
2026-07-30,158.8000030517578,162.5,157.1199951171875,159.25999450683594,159.25999450683594,434269.0
2026-07-31,158.11000061035156,163.97999572753906,157.0399932861328,161.2899932861328,161.2899932861328,794106.0
2026-08-03,161.0,162.0,158.0,161.1300048828125,161.1300048828125,341878.0
2026-08-04,160.6699981689453,162.5,158.39999389648438,161.49000549316406,161.49000549316406,269806.0
2026-08-05,161.1999969482422,161.97999572753906,157.8000030517578,158.41000366210938,158.41000366210938,230446.0
2026-08-06,158.8000030517578,159.0800018310547,156.0,157.41000366210938,157.41000366210938,297314.0
2026-08-07,158.0,159.00999450683594,155.1999969482422,155.74000549316406,155.74000549316406,230643.0
2026-08-10,155.72999572753906,164.89999389648438,155.6699981689453,163.83999633789062,163.83999633789062,1138196.0
2026-08-11,165.5,168.8000030517578,163.83999633789062,164.85000610351562,164.85000610351562,563383.0
2026-08-12,166.82000732421875,166.99000549316406,161.61000061035156,162.36000061035156,162.36000061035156,396114.0
2026-08-13,158.0,161.99000549316406,157.0,157.99000549316406,157.99000549316406,728214.0
2026-08-14,157.7899932861328,157.7899932861328,149.9199981689453,152.10000610351562,152.10000610351562,849784.0
2026-08-17,152.2899932861328,155.8000030517578,151.14999389648438,154.88999938964844,154.88999938964844,444336.0
2026-08-18,155.99000549316406,159.5,154.83999633789062,156.49000549316406,156.49000549316406,613233.0
2026-08-19,156.99000549316406,157.72999572753906,153.50999450683594,153.7100067138672,153.7100067138672,428461.0
2026-08-20,154.5,160.1999969482422,154.0500030517578,158.1999969482422,158.1999969482422,959115.0
2026-08-21,159.85000610351562,160.6999969482422,155.5500030517578,156.1999969482422,156.1999969482422,457939.0
2026-08-24,156.39999389648438,158.77999877929688,155.42999267578125,157.5800018310547,157.5800018310547,288215.0
2026-08-25,157.89999389648438,159.32000732421875,157.10000610351562,158.57000732421875,158.57000732421875,268206.0
2026-08-26,158.5,159.49000549316406,157.1699981689453,158.11000061035156,158.11000061035156,434477.0
2026-08-27,159.58999633789062,164.8000030517578,158.42999267578125,163.42999267578125,163.42999267578125,821491.0
2026-08-28,164.0500030517578,164.0500030517578,160.52999877929688,162.66000366210938,162.66000366210938,262249.0
2026-08-31,163.0,165.89999389648438,161.5,162.05999755859375,162.05999755859375,202887.0
2026-09-01,162.4499969482422,174.99000549316406,162.0,169.0,169.0,2830998.0
2026-09-02,170.0,171.99000549316406,165.10000610351562,166.17999267578125,166.17999267578125,551626.0
2026-09-03,167.5,191.0,166.8000030517578,184.3800048828125,184.3800048828125,35250701.0
2026-09-04,183.0,188.0,180.14999389648438,185.0,185.0,1959249.0
2026-09-07,185.0,193.99000549316406,184.4600067138672,188.85000610351562,188.85000610351562,2651804.0
2026-09-08,188.47999572753906,194.99000549316406,187.00999450683594,193.66000366210938,193.66000366210938,1852355.0
2026-09-09,194.6199951171875,201.44000244140625,193.89999389648438,195.8300018310547,195.8300018310547,3991694.0
2026-09-10,192.0,195.97999572753906,187.0,187.66000366210938,187.66000366210938,1268291.0
2026-09-11,189.44000244140625,192.39999389648438,184.5,185.22000122070312,185.22000122070312,1154009.0
2026-09-15,185.5,186.3000030517578,174.00999450683594,175.72000122070312,175.72000122070312,844327.0
