date,open,high,low,close,adjclose,volume
2021-09-15,133.5,135.5,130.25,133.35000610351562,129.39369201660156,21716.0
2021-09-16,132.5500030517578,134.89999389648438,130.10000610351562,130.75,126.87081909179688,14408.0
2021-09-17,132.75,132.75,127.0,129.75,125.90049743652344,16497.0
2021-09-20,131.60000610351562,133.0,125.0,126.5,122.74691009521484,31242.0
2021-09-21,124.30000305175781,128.6999969482422,124.19999694824219,127.19999694824219,123.42613983154297,8461.0
2021-09-22,129.85000610351562,129.85000610351562,125.3499984741211,126.19999694824219,122.455810546875,8973.0
2021-09-23,129.6999969482422,131.0,126.0,127.30000305175781,123.52318572998047,12622.0
2021-09-24,126.5999984741211,130.0,122.55000305175781,126.9000015258789,123.13504028320312,40216.0
2021-09-27,127.0,129.0,125.4000015258789,126.69999694824219,122.94098663330078,14616.0
2021-09-28,128.5500030517578,132.5,124.0,125.3499984741211,121.63102722167969,43335.0
2021-09-29,125.0,131.4499969482422,125.0,129.4499969482422,125.60939025878906,40903.0
2021-09-30,131.89999389648438,132.5,129.0,131.60000610351562,127.69560241699219,73972.0
2021-10-01,133.25,133.3000030517578,129.6999969482422,131.75,127.84115600585938,15012.0
2021-10-04,132.10000610351562,138.5,126.3499984741211,135.10000610351562,131.09178161621094,45244.0
2021-10-05,136.0,136.0500030517578,132.5,135.14999389648438,131.14027404785156,19199.0
2021-10-06,136.0,136.0,129.1999969482422,130.39999389648438,126.53119659423828,23672.0
2021-10-07,133.64999389648438,133.64999389648438,131.0,131.10000610351562,127.21045684814453,2222.0
2021-10-08,132.85000610351562,132.89999389648438,130.0,130.4499969482422,126.57971954345703,7626.0
2021-10-11,130.0500030517578,132.1999969482422,130.0500030517578,130.1999969482422,126.33714294433594,11527.0
2021-10-12,129.5,131.0,129.0,129.5500030517578,125.7064208984375,9555.0
2021-10-13,130.10000610351562,132.5,129.4499969482422,130.14999389648438,126.28862762451172,12152.0
2021-10-14,131.9499969482422,131.9499969482422,128.4499969482422,129.6999969482422,125.85197448730469,8842.0
2021-10-18,132.60000610351562,134.1999969482422,130.0,130.8000030517578,126.91934967041016,22010.0
2021-10-19,131.9499969482422,132.89999389648438,124.4000015258789,126.0999984741211,122.35877227783203,15747.0
2021-10-20,126.5999984741211,127.5,122.5999984741211,123.8499984741211,120.175537109375,15592.0
2021-10-21,126.55000305175781,126.9000015258789,123.0,125.44999694824219,121.72806549072266,6324.0
2021-10-22,127.0,127.0999984741211,120.94999694824219,123.6500015258789,119.9814682006836,30432.0
2021-10-25,123.6500015258789,126.4000015258789,115.9000015258789,123.30000305175781,119.64185333251953,28248.0
2021-10-26,123.4000015258789,134.39999389648438,123.4000015258789,128.39999389648438,124.59053039550781,48267.0
2021-10-27,128.0,128.3000030517578,124.0,124.1500015258789,120.46662902832031,18905.0
2021-10-28,124.1500015258789,126.69999694824219,123.0,123.69999694824219,120.02997589111328,5785.0
2021-10-29,126.0,126.5,123.5999984741211,124.05000305175781,120.36959838867188,8400.0
2021-11-01,125.1500015258789,126.5,124.94999694824219,125.0,121.29141235351562,1965.0
2021-11-02,124.9000015258789,126.80000305175781,124.5999984741211,124.9000015258789,121.19437408447266,6567.0
2021-11-03,125.25,126.6500015258789,124.30000305175781,125.6500015258789,121.92213439941406,8864.0
2021-11-04,128.0,128.0,124.9000015258789,125.6500015258789,121.92213439941406,2333.0
2021-11-08,129.0,129.0,123.1500015258789,123.6500015258789,119.9814682006836,7806.0
2021-11-09,125.0999984741211,125.0999984741211,122.1500015258789,123.0999984741211,119.44778442382812,3870.0
2021-11-10,124.55000305175781,124.55000305175781,121.30000305175781,123.0,119.35075378417969,8533.0
2021-11-11,123.6500015258789,127.0,123.0,123.69999694824219,120.02997589111328,5782.0
2021-11-12,125.4000015258789,131.8000030517578,122.5,129.9499969482422,126.09455108642578,72941.0
2021-11-15,133.0,133.0,125.94999694824219,126.6500015258789,122.89246368408203,11327.0
2021-11-16,127.80000305175781,127.80000305175781,124.25,126.0999984741211,122.35877227783203,8211.0
2021-11-17,125.5,129.0,123.0,124.25,120.56366729736328,77274.0
2021-11-18,126.0,127.75,122.05000305175781,124.30000305175781,120.61219024658203,7611.0
2021-11-22,126.5999984741211,126.5999984741211,123.0,125.8499984741211,122.11619567871094,13357.0
2021-11-23,126.0,126.0,123.0999984741211,123.94999694824219,120.27256774902344,5926.0
2021-11-24,126.30000305175781,134.0,123.5999984741211,128.9499969482422,125.12421417236328,58788.0
2021-11-25,129.0,132.0,126.3499984741211,128.6999969482422,124.88162994384766,21805.0
2021-11-26,128.39999389648438,129.6999969482422,123.30000305175781,125.0,121.29141235351562,14969.0
2021-11-29,127.94999694824219,127.94999694824219,121.55000305175781,123.8499984741211,120.175537109375,11142.0
2021-11-30,126.0,126.0,122.0999984741211,122.8499984741211,119.2052001953125,5503.0
2021-12-01,124.5,124.55000305175781,120.5999984741211,120.69999694824219,117.11898803710938,7896.0
2021-12-02,122.44999694824219,122.44999694824219,119.0,120.80000305175781,117.21602630615234,8571.0
2021-12-03,122.3499984741211,122.44999694824219,120.0,120.4000015258789,116.82788848876953,4642.0
2021-12-06,120.0,122.0,117.0,117.69999694824219,114.20800018310547,9496.0
2021-12-07,120.30000305175781,120.44999694824219,118.25,119.19999694824219,115.66349029541016,1489.0
2021-12-08,121.19999694824219,124.0,120.0999984741211,121.30000305175781,117.7011947631836,8848.0
2021-12-09,123.80000305175781,123.80000305175781,120.4000015258789,123.30000305175781,119.64185333251953,8010.0
2021-12-10,122.5,123.0,121.3499984741211,122.69999694824219,119.05965423583984,1821.0
2021-12-13,122.3499984741211,123.6500015258789,122.25,122.44999694824219,118.81707763671875,2084.0
2021-12-14,122.0,122.94999694824219,121.0,121.30000305175781,117.7011947631836,1797.0
2021-12-15,120.5,123.6500015258789,120.0,120.19999694824219,116.63381958007812,1938.0
2021-12-16,123.75,123.75,120.0,121.0,117.41008758544922,3295.0
2021-12-17,122.55000305175781,122.55000305175781,118.0,118.4000015258789,114.8872299194336,3981.0
2021-12-20,117.05000305175781,117.55000305175781,110.3499984741211,111.1500015258789,107.85233306884766,9720.0
2021-12-21,114.94999694824219,115.0,111.30000305175781,114.55000305175781,111.15145874023438,2023.0
2021-12-22,118.0,119.0,113.30000305175781,118.19999694824219,114.69316101074219,5876.0
2021-12-23,117.8499984741211,120.5999984741211,116.0999984741211,117.94999694824219,114.45057678222656,1539.0
2021-12-24,117.6500015258789,118.0,114.1500015258789,117.9000015258789,114.40206146240234,6916.0
2021-12-27,121.5,121.5,115.6500015258789,116.94999694824219,113.4802474975586,1464.0
2021-12-28,117.3499984741211,122.0,116.0,120.0,116.43975830078125,7332.0
2021-12-29,119.3499984741211,122.4000015258789,118.0999984741211,119.69999694824219,116.14865112304688,10179.0
2021-12-30,118.25,122.3499984741211,118.25,121.19999694824219,117.6041488647461,5034.0
2021-12-31,120.5,121.94999694824219,119.69999694824219,120.69999694824219,117.11898803710938,1997.0
2022-01-03,120.69999694824219,122.0,120.1500015258789,121.6500015258789,118.04080963134766,2948.0
2022-01-04,123.80000305175781,123.80000305175781,120.19999694824219,121.25,117.65267944335938,3107.0
2022-01-05,120.44999694824219,122.80000305175781,120.0,120.30000305175781,116.73086547851562,2224.0
2022-01-06,119.0,137.1999969482422,117.0999984741211,127.69999694824219,123.91130828857422,209712.0
2022-01-07,128.85000610351562,134.0,126.0,127.44999694824219,123.6687240600586,28943.0
2022-01-10,128.85000610351562,129.9499969482422,125.0,126.05000305175781,122.31026458740234,24680.0
2022-01-11,128.0,128.0500030517578,124.9000015258789,126.44999694824219,122.69839477539062,7185.0
2022-01-12,125.05000305175781,126.3499984741211,122.4000015258789,122.8499984741211,119.2052001953125,7845.0
2022-01-13,124.69999694824219,131.39999389648438,124.25,127.44999694824219,123.6687240600586,34565.0
2022-01-14,128.85000610351562,128.85000610351562,124.0,126.05000305175781,122.31026458740234,4024.0
2022-01-17,129.9499969482422,129.9499969482422,122.5,124.0,120.32109069824219,25114.0
2022-01-18,127.55000305175781,128.5500030517578,121.9000015258789,122.6500015258789,119.01113891601562,32326.0
2022-01-19,126.75,126.75,122.0,124.30000305175781,120.61219024658203,8748.0
2022-01-20,124.4000015258789,125.94999694824219,122.0,123.25,119.59333038330078,4962.0
2022-01-21,124.9000015258789,126.0,122.0,123.55000305175781,119.88444519042969,8406.0
2022-01-24,122.1500015258789,123.69999694824219,110.80000305175781,113.8499984741211,110.47222137451172,18135.0
2022-01-25,120.05000305175781,120.05000305175781,110.25,117.1500015258789,113.67430877685547,11435.0
2022-01-27,117.0,118.0,113.1500015258789,114.94999694824219,111.53958892822266,18913.0
2022-01-28,115.44999694824219,118.75,115.0,116.19999694824219,112.75250244140625,2582.0
2022-01-31,116.19999694824219,118.44999694824219,116.19999694824219,116.80000305175781,113.33470153808594,2097.0
2022-02-01,116.25,118.44999694824219,115.25,116.69999694824219,113.23766326904297,7361.0
2022-02-02,117.4000015258789,119.44999694824219,116.5999984741211,117.1500015258789,113.67430877685547,3606.0
2022-02-03,119.94999694824219,119.94999694824219,115.80000305175781,116.5,113.0436019897461,6182.0
2022-02-04,116.44999694824219,118.80000305175781,116.0,116.30000305175781,112.84954071044922,3388.0
2022-02-07,118.30000305175781,118.30000305175781,115.05000305175781,116.5,113.0436019897461,2005.0
2022-02-08,116.69999694824219,118.4000015258789,113.5,114.0,110.61778259277344,8319.0
2022-02-09,116.6500015258789,116.69999694824219,114.80000305175781,115.8499984741211,112.41288757324219,2732.0
2022-02-10,115.0999984741211,117.9000015258789,115.0999984741211,116.69999694824219,113.23766326904297,2522.0
2022-02-11,116.6500015258789,117.44999694824219,115.19999694824219,115.80000305175781,112.3643798828125,3827.0
2022-02-14,111.55000305175781,116.0999984741211,108.0,111.94999694824219,108.62859344482422,11553.0
2022-02-15,110.0,113.0,108.1500015258789,109.75,106.49386596679688,10386.0
2022-02-16,114.69999694824219,114.69999694824219,109.30000305175781,111.05000305175781,107.75529479980469,5350.0
2022-02-17,110.5,113.3499984741211,109.94999694824219,111.44999694824219,108.14341735839844,1361.0
2022-02-18,110.9000015258789,110.94999694824219,108.6500015258789,110.25,106.97901916503906,2678.0
2022-02-21,111.94999694824219,111.94999694824219,107.0,107.5,104.31061553955078,8888.0
2022-02-22,107.5999984741211,107.5999984741211,103.0,106.0,102.85511779785156,4028.0
2022-02-23,107.5,111.0,103.4000015258789,104.8499984741211,101.7392349243164,7536.0
2022-02-24,100.0,107.0,91.19999694824219,94.6500015258789,91.84186553955078,22208.0
2022-02-25,97.0,101.9000015258789,95.44999694824219,99.80000305175781,96.83907318115234,12029.0
2022-02-28,100.30000305175781,103.0999984741211,95.69999694824219,102.1500015258789,99.11934661865234,3038.0
2022-03-02,103.19999694824219,106.8499984741211,100.5999984741211,102.1500015258789,99.11934661865234,8377.0
2022-03-03,104.9000015258789,122.55000305175781,104.0,122.55000305175781,118.91410064697266,119183.0
2022-03-04,129.89999389648438,144.0,128.0,130.0,126.14306640625,1038188.0
2022-03-07,130.0,134.0,124.5,126.05000305175781,122.31026458740234,131745.0
2022-03-08,127.0,130.0,119.19999694824219,121.69999694824219,118.08932495117188,56894.0
2022-03-09,124.0,124.0,117.75,119.19999694824219,115.66349029541016,21485.0
2022-03-10,123.0,123.0,115.69999694824219,119.4000015258789,115.8575668334961,23365.0
2022-03-11,119.25,121.75,116.8499984741211,118.0,114.49909973144531,14257.0
2022-03-14,121.69999694824219,122.0,112.6500015258789,114.6500015258789,111.24848937988281,28761.0
2022-03-15,115.05000305175781,117.69999694824219,104.30000305175781,110.6500015258789,107.36715698242188,45798.0
2022-03-16,113.0,132.75,110.0,132.75,128.8114776611328,279228.0
2022-03-17,143.0,144.0,128.0500030517578,129.35000610351562,125.51235961914062,330617.0
2022-03-21,129.6999969482422,131.10000610351562,123.0,124.69999694824219,121.00031280517578,40293.0
2022-03-22,127.4000015258789,146.8000030517578,126.44999694824219,138.39999389648438,134.2938690185547,522324.0
2022-03-23,139.0,139.89999389648438,131.64999389648438,133.0500030517578,129.1025848388672,66377.0
2022-03-24,134.9499969482422,141.10000610351562,131.10000610351562,132.9499969482422,129.00555419921875,102202.0
2022-03-25,134.89999389648438,136.0,130.0,131.10000610351562,127.21045684814453,34001.0
2022-03-28,131.10000610351562,135.8000030517578,126.6500015258789,127.5999984741211,123.81427764892578,29092.0
2022-03-29,130.6999969482422,131.8000030517578,124.19999694824219,125.69999694824219,121.97064208984375,50792.0
2022-03-30,129.60000610351562,129.60000610351562,122.69999694824219,124.5999984741211,120.90328216552734,29140.0
2022-03-31,127.0,127.0,121.5,122.44999694824219,118.81707763671875,58921.0
2022-04-01,125.80000305175781,131.0,121.0,130.14999389648438,126.28862762451172,58930.0
2022-04-04,133.64999389648438,133.64999389648438,127.0,129.14999389648438,125.31829071044922,28850.0
2022-04-05,130.0,132.85000610351562,128.1999969482422,130.39999389648438,126.53119659423828,53446.0
2022-04-06,131.3000030517578,133.89999389648438,129.64999389648438,130.64999389648438,126.77378845214844,51060.0
2022-04-07,130.14999389648438,132.9499969482422,129.64999389648438,130.5,126.62824249267578,13315.0
2022-04-08,126.0,133.64999389648438,126.0,131.6999969482422,127.7926254272461,29553.0
2022-04-11,132.0,136.9499969482422,132.0,133.35000610351562,129.39369201660156,27253.0
2022-04-12,133.35000610351562,133.5500030517578,129.0500030517578,130.39999389648438,126.53119659423828,23337.0
2022-04-13,129.0500030517578,135.8000030517578,129.0500030517578,131.60000610351562,127.69560241699219,25306.0
2022-04-18,134.0,134.0,129.9499969482422,131.10000610351562,127.21045684814453,11975.0
2022-04-19,130.6999969482422,135.6999969482422,128.60000610351562,130.64999389648438,126.77378845214844,29627.0
2022-04-20,132.5,134.0,130.0500030517578,132.1999969482422,128.27780151367188,19497.0
2022-04-21,132.1999969482422,135.5500030517578,129.0500030517578,131.4499969482422,127.55005645751953,27327.0
2022-04-22,132.60000610351562,133.8000030517578,130.1999969482422,132.8000030517578,128.86001586914062,12872.0
2022-04-25,132.75,132.75,128.85000610351562,129.64999389648438,125.80345916748047,13135.0
2022-04-26,130.0,131.89999389648438,128.60000610351562,129.64999389648438,125.80345916748047,10009.0
2022-04-27,129.4499969482422,133.6999969482422,127.55000305175781,131.14999389648438,127.25894927978516,13850.0
2022-04-28,131.14999389648438,131.14999389648438,128.60000610351562,129.1999969482422,125.36680603027344,6129.0
2022-04-29,129.1999969482422,134.5,127.5999984741211,128.8000030517578,124.97868347167969,35250.0
2022-05-02,129.0,141.8000030517578,128.1999969482422,136.4499969482422,132.40170288085938,178798.0
2022-05-04,139.0,148.0,137.0500030517578,138.0,133.9057159423828,214676.0
2022-05-05,139.39999389648438,139.39999389648438,131.5,133.3000030517578,129.34515380859375,33402.0
2022-05-06,135.25,135.25,128.64999389648438,129.6999969482422,125.85197448730469,12678.0
2022-05-09,131.0,131.0,126.0,127.30000305175781,123.52318572998047,10919.0
2022-05-10,128.9499969482422,128.9499969482422,111.6500015258789,118.0,114.49909973144531,33645.0
2022-05-11,119.75,123.55000305175781,110.75,112.9000015258789,109.55040740966797,20493.0
2022-05-12,111.0999984741211,111.1500015258789,105.0,106.05000305175781,102.90364837646484,21921.0
2022-05-13,107.55000305175781,114.0,107.55000305175781,111.69999694824219,108.3860092163086,11452.0
2022-05-16,111.69999694824219,114.0,108.0,109.8499984741211,106.59088897705078,11302.0
2022-05-17,111.44999694824219,117.5,111.44999694824219,116.1500015258789,112.7039794921875,15182.0
2022-05-18,117.75,121.80000305175781,116.25,118.94999694824219,115.42091369628906,17110.0
2022-05-19,117.0999984741211,118.05000305175781,114.25,116.1500015258789,112.7039794921875,7567.0
2022-05-20,117.8499984741211,121.9000015258789,117.0,117.30000305175781,113.81986999511719,13043.0
2022-05-23,119.5,119.5,115.1500015258789,115.75,112.31585693359375,5912.0
2022-05-24,115.75,117.3499984741211,111.80000305175781,113.19999694824219,109.84150695800781,6813.0
2022-05-25,113.94999694824219,113.94999694824219,108.0,109.5,106.25128173828125,7187.0
2022-05-26,110.0999984741211,110.25,105.75,106.3499984741211,103.19473266601562,10791.0
2022-05-27,107.8499984741211,111.75,106.3499984741211,107.30000305175781,104.1165542602539,6449.0
2022-05-30,110.5999984741211,128.75,110.5999984741211,128.1999969482422,124.39647674560547,200933.0
2022-05-31,125.5999984741211,128.4499969482422,118.0,122.0,118.38042449951172,98073.0
2022-06-01,122.5,134.60000610351562,122.5,126.75,122.98948669433594,76471.0
2022-06-02,128.75,134.6999969482422,121.5,129.0,125.17274475097656,69792.0
2022-06-03,128.0,131.89999389648438,124.30000305175781,126.0999984741211,122.35877227783203,10611.0
2022-06-06,125.0999984741211,125.0999984741211,122.19999694824219,123.4000015258789,119.7388916015625,5303.0
2022-06-07,123.9000015258789,125.80000305175781,120.0999984741211,121.44999694824219,117.84673309326172,12658.0
2022-06-08,122.0,124.19999694824219,119.05000305175781,121.0,117.41008758544922,10045.0
2022-06-09,120.19999694824219,120.19999694824219,116.1500015258789,119.0,115.46942901611328,7802.0
2022-06-10,119.0,119.5,117.3499984741211,118.0,114.49909973144531,3648.0
2022-06-13,116.19999694824219,117.8499984741211,112.0,112.75,109.40486145019531,10135.0
2022-06-14,112.69999694824219,116.69999694824219,110.5,113.44999694824219,110.0840835571289,14800.0
2022-06-15,115.0,115.0999984741211,113.0,113.8499984741211,110.47222137451172,2931.0
2022-06-16,116.69999694824219,117.1500015258789,94.8499984741211,98.19999694824219,95.28653717041016,102597.0
2022-06-17,99.80000305175781,112.4000015258789,97.4000015258789,104.4000015258789,101.30259704589844,116049.0
2022-06-20,104.4000015258789,110.0,95.94999694824219,98.3499984741211,95.43208312988281,33859.0
2022-06-21,100.0,109.69999694824219,98.55000305175781,104.94999694824219,101.83627319335938,35807.0
2022-06-22,105.0,105.0,100.0,100.5999984741211,97.61532592773438,7291.0
2022-06-23,104.75,120.5,101.44999694824219,113.75,110.37519073486328,151322.0
2022-06-24,115.0,116.0999984741211,110.8499984741211,114.5999984741211,111.1999740600586,24741.0
2022-06-27,116.05000305175781,126.30000305175781,114.94999694824219,119.1500015258789,115.61497497558594,45173.0
2022-06-28,119.75,123.8499984741211,118.94999694824219,122.3499984741211,118.72003936767578,41665.0
2022-06-29,122.94999694824219,123.0,115.0,116.44999694824219,112.99507904052734,18613.0
2022-06-30,115.0,117.80000305175781,111.0,112.19999694824219,108.87117004394531,13517.0
2022-07-01,113.8499984741211,118.69999694824219,112.9000015258789,114.80000305175781,111.39403533935547,9126.0
2022-07-04,116.44999694824219,117.8499984741211,113.0,113.80000305175781,110.4237060546875,6148.0
2022-07-05,113.80000305175781,123.6500015258789,113.80000305175781,115.44999694824219,112.02474975585938,23329.0
2022-07-06,115.9000015258789,119.4000015258789,115.1500015258789,115.80000305175781,112.3643798828125,3796.0
2022-07-07,115.80000305175781,124.05000305175781,115.80000305175781,122.80000305175781,119.15669250488281,24309.0
2022-07-08,124.5,124.5,116.19999694824219,118.0,114.49909973144531,10442.0
2022-07-11,119.05000305175781,119.19999694824219,113.80000305175781,116.25,112.80101776123047,9188.0
2022-07-12,115.0,117.94999694824219,114.6500015258789,116.3499984741211,112.8980484008789,2062.0
2022-07-13,115.5,121.94999694824219,115.19999694824219,119.6500015258789,116.10014343261719,13102.0
2022-07-14,121.0,126.0,117.6500015258789,120.94999694824219,117.36157989501953,21994.0
2022-07-15,122.75,123.30000305175781,116.5,118.69999694824219,115.17832946777344,6235.0
2022-07-18,120.4000015258789,120.4000015258789,116.0,117.0,113.52877044677734,5973.0
2022-07-19,119.25,119.25,116.3499984741211,117.55000305175781,114.06244659423828,4033.0
2022-07-20,119.25,119.9000015258789,117.8499984741211,119.0,115.46942901611328,2916.0
2022-07-21,118.69999694824219,120.69999694824219,117.0,118.94999694824219,115.42091369628906,5198.0
2022-07-22,120.4000015258789,120.4000015258789,116.19999694824219,117.5999984741211,114.11095428466797,8922.0
2022-07-25,115.05000305175781,118.94999694824219,115.05000305175781,116.69999694824219,113.23766326904297,5676.0
2022-07-26,117.0,118.6500015258789,114.5999984741211,116.19999694824219,112.75250244140625,6995.0
2022-07-27,118.80000305175781,119.0,115.0,118.3499984741211,114.83870697021484,10235.0
2022-07-28,118.3499984741211,119.0,115.05000305175781,117.4000015258789,113.91690826416016,14006.0
2022-07-29,118.6500015258789,119.3499984741211,116.5,118.0999984741211,114.59613037109375,9333.0
2022-08-01,116.19999694824219,122.0,116.19999694824219,121.3499984741211,117.74970245361328,13063.0
2022-08-02,121.55000305175781,124.5,119.0,123.80000305175781,120.12701416015625,10669.0
2022-08-03,121.0999984741211,125.5,121.05000305175781,123.8499984741211,120.175537109375,15291.0
2022-08-04,123.75,125.19999694824219,120.6500015258789,122.5,118.86558532714844,6182.0
2022-08-05,122.0,122.9000015258789,116.80000305175781,119.1500015258789,115.61497497558594,4686.0
2022-08-08,116.5,126.69999694824219,116.5,122.0,118.38042449951172,11006.0
2022-08-10,123.75,127.0,120.0,121.25,117.65267944335938,6847.0
2022-08-11,122.6500015258789,122.6500015258789,116.25,118.55000305175781,115.03278350830078,12221.0
2022-08-12,120.25,125.80000305175781,119.0999984741211,122.6500015258789,119.01113891601562,17177.0
2022-08-16,125.9000015258789,125.9000015258789,116.94999694824219,121.55000305175781,117.94378662109375,35041.0
2022-08-17,122.75,125.9000015258789,122.05000305175781,123.55000305175781,119.88444519042969,16452.0
2022-08-18,125.0999984741211,125.5,122.8499984741211,124.9000015258789,121.19437408447266,12444.0
2022-08-19,125.8499984741211,136.0,122.9000015258789,131.5,127.59857177734375,77284.0
2022-08-22,129.0,130.9499969482422,127.0,127.94999694824219,124.15388488769531,18229.0
2022-08-23,125.0999984741211,139.0,124.80000305175781,133.89999389648438,129.92735290527344,161772.0
2022-08-24,134.8000030517578,136.0,131.10000610351562,133.6999969482422,129.73329162597656,28760.0
2022-08-25,132.0,150.5,132.0,137.0500030517578,132.98390197753906,358659.0
2022-08-26,140.14999389648438,144.75,134.0,135.0,130.99473571777344,46978.0
2022-08-29,131.0,134.35000610351562,126.5999984741211,131.0500030517578,127.16192626953125,35699.0
2022-08-30,128.5,136.8000030517578,128.25,130.75,126.87081909179688,21454.0
2022-09-01,130.75,133.89999389648438,125.94999694824219,129.6999969482422,125.85197448730469,65786.0
2022-09-02,127.94999694824219,134.64999389648438,127.94999694824219,133.89999389648438,129.92735290527344,29772.0
2022-09-05,135.0,138.5500030517578,132.60000610351562,136.75,132.6928253173828,21713.0
2022-09-06,137.5,142.0,137.5,139.5,135.3612060546875,42362.0
2022-09-07,139.5,149.0,139.5,146.3000030517578,141.95947265625,88275.0
2022-09-08,147.0,147.5500030517578,139.10000610351562,140.35000610351562,136.18600463867188,31070.0
2022-09-09,140.60000610351562,142.89999389648438,135.3000030517578,140.89999389648438,137.70079040527344,20709.0
2022-09-12,142.0,143.0,137.1999969482422,137.60000610351562,134.4757537841797,12340.0
2022-09-13,136.60000610351562,139.6999969482422,136.0500030517578,136.8000030517578,133.69390869140625,6521.0
2022-09-14,134.9499969482422,139.0,132.14999389648438,135.60000610351562,132.52113342285156,13903.0
2022-09-15,134.0500030517578,137.89999389648438,134.0,134.5,131.4461212158203,6200.0
2022-09-16,135.64999389648438,152.1999969482422,133.85000610351562,136.35000610351562,133.2541046142578,124538.0
2022-09-19,137.8000030517578,141.39999389648438,135.5,140.3000030517578,137.11441040039062,15318.0
2022-09-20,140.35000610351562,141.5500030517578,137.1999969482422,139.9499969482422,136.7723846435547,16703.0
2022-09-21,140.6999969482422,140.6999969482422,133.1999969482422,135.0,131.9347686767578,8026.0
2022-09-22,133.0,135.9499969482422,130.1999969482422,134.9499969482422,131.88589477539062,3621.0
2022-09-23,136.9499969482422,136.9499969482422,130.8000030517578,131.25,128.26991271972656,5150.0
2022-09-26,132.9499969482422,132.9499969482422,120.4000015258789,126.0999984741211,123.2368392944336,18905.0
2022-09-27,127.44999694824219,128.89999389648438,122.0,125.5,122.65047454833984,6775.0
2022-09-28,121.69999694824219,129.1999969482422,121.4000015258789,123.3499984741211,120.54927825927734,14534.0
2022-09-29,127.0,130.0,123.0,124.25,121.42884826660156,7391.0
2022-09-30,124.80000305175781,128.4499969482422,123.1500015258789,128.39999389648438,125.48461151123047,2905.0
2022-10-03,127.0999984741211,129.5500030517578,125.05000305175781,127.3499984741211,124.45845794677734,5243.0
2022-10-04,129.25,134.4499969482422,127.4000015258789,132.0,129.0028839111328,19683.0
2022-10-06,133.89999389648438,133.9499969482422,128.39999389648438,129.9499969482422,126.99942779541016,10680.0
2022-10-07,128.6999969482422,133.4499969482422,128.6999969482422,130.9499969482422,127.97673034667969,3938.0
2022-10-10,132.75,132.75,128.0,129.60000610351562,126.65738677978516,7443.0
2022-10-11,130.0,130.0,126.05000305175781,126.5,123.62776184082031,7766.0
2022-10-12,128.35000610351562,129.75,125.0,128.0,125.09370422363281,16736.0
2022-10-13,129.3000030517578,129.3000030517578,127.0,127.19999694824219,124.3118667602539,1749.0
2022-10-14,129.0,130.0,125.0,125.75,122.89479064941406,4151.0
2022-10-17,125.19999694824219,128.25,122.80000305175781,125.94999694824219,123.09025573730469,3573.0
2022-10-18,126.69999694824219,128.3000030517578,117.19999694824219,120.19999694824219,117.4708023071289,37673.0
2022-10-19,120.30000305175781,125.8499984741211,120.30000305175781,123.55000305175781,120.7447509765625,10872.0
2022-10-20,125.0,127.80000305175781,121.25,124.05000305175781,121.23339080810547,13251.0
2022-10-21,125.80000305175781,125.80000305175781,122.5999984741211,123.30000305175781,120.50041961669922,2478.0
2022-10-24,125.05000305175781,127.75,124.0,125.0,122.16181945800781,1185.0
2022-10-25,126.0,126.0,124.4000015258789,124.6500015258789,121.81977081298828,2695.0
2022-10-27,126.44999694824219,129.9499969482422,125.55000305175781,128.8000030517578,125.87554931640625,20092.0
2022-10-28,128.8000030517578,134.0,127.0,131.39999389648438,128.41650390625,18471.0
2022-10-31,133.1999969482422,133.60000610351562,131.0,131.85000610351562,128.85629272460938,8706.0
2022-11-01,133.0,133.85000610351562,130.0500030517578,130.64999389648438,127.68353271484375,6229.0
2022-11-02,130.60000610351562,132.85000610351562,128.5500030517578,129.64999389648438,126.70624542236328,4831.0
2022-11-03,127.69999694824219,131.6999969482422,126.19999694824219,127.05000305175781,124.16527557373047,14589.0
2022-11-04,127.05000305175781,129.8000030517578,125.19999694824219,129.10000610351562,126.1687240600586,9457.0
2022-11-07,130.8000030517578,131.1999969482422,127.0,127.5,124.60505676269531,8216.0
2022-11-09,129.25,135.0,129.25,134.25,131.20179748535156,29878.0
2022-11-10,134.39999389648438,134.5,129.0,131.0,128.0255889892578,26934.0
2022-11-11,132.10000610351562,135.4499969482422,130.0,131.0,128.0255889892578,26703.0
2022-11-14,128.14999389648438,130.9499969482422,125.05000305175781,128.85000610351562,125.9244155883789,19573.0
2022-11-15,127.94999694824219,130.6999969482422,127.25,128.75,125.82667541503906,4427.0
2022-11-16,130.64999389648438,131.5,126.19999694824219,127.0999984741211,124.21414184570312,9871.0
2022-11-17,127.55000305175781,129.75,127.5,127.6500015258789,124.75165557861328,5054.0
2022-11-18,129.0,129.4499969482422,126.30000305175781,127.4000015258789,124.50733184814453,5276.0
2022-11-21,129.1999969482422,132.0,128.5500030517578,130.64999389648438,127.68353271484375,7453.0
2022-11-22,132.3000030517578,132.3000030517578,126.5,127.4000015258789,124.50733184814453,17338.0
2022-11-23,127.6500015258789,129.1999969482422,127.1500015258789,127.75,124.84938049316406,2258.0
2022-11-24,129.64999389648438,130.5,127.75,128.5,125.58235931396484,4689.0
2022-11-25,128.1999969482422,137.89999389648438,128.0,132.75,129.73585510253906,99585.0
2022-11-28,133.25,133.9499969482422,130.5500030517578,133.0,129.9801788330078,17264.0
2022-11-29,134.8000030517578,134.8000030517578,133.0500030517578,134.1999969482422,131.15292358398438,8659.0
2022-11-30,135.39999389648438,138.8000030517578,134.0,134.64999389648438,131.59271240234375,23618.0
2022-12-01,136.64999389648438,137.9499969482422,134.1999969482422,136.6999969482422,133.59617614746094,16305.0
2022-12-02,135.0500030517578,137.0,134.5,135.0,131.9347686767578,17918.0
2022-12-05,136.9499969482422,138.0,134.0500030517578,135.85000610351562,132.76547241210938,44947.0
2022-12-06,134.3000030517578,138.0,132.0500030517578,136.1999969482422,133.10751342773438,20699.0
2022-12-07,137.89999389648438,137.89999389648438,134.25,134.9499969482422,131.88589477539062,6636.0
2022-12-08,136.1999969482422,137.0,134.3000030517578,136.5,133.4007110595703,18245.0
2022-12-09,137.0,137.0,130.75,133.35000610351562,130.32223510742188,14169.0
2022-12-12,135.3000030517578,138.64999389648438,132.0,138.0500030517578,134.91552734375,29052.0
2022-12-13,139.9499969482422,144.0,137.0500030517578,141.0500030517578,137.84738159179688,56335.0
2022-12-14,140.25,143.0,139.5,142.1999969482422,138.97128295898438,33817.0
2022-12-15,141.0,142.9499969482422,136.25,138.8000030517578,135.6484832763672,13102.0
2022-12-16,140.85000610351562,140.85000610351562,135.0500030517578,137.5500030517578,134.4268798828125,23667.0
2022-12-19,138.89999389648438,143.6999969482422,135.25,142.5500030517578,139.31333923339844,29367.0
2022-12-20,144.89999389648438,148.0500030517578,137.14999389648438,139.60000610351562,136.43032836914062,57084.0
2022-12-21,144.0,144.0,134.3000030517578,136.5,133.4007110595703,23580.0
2022-12-22,136.10000610351562,140.6999969482422,130.5,133.25,130.22450256347656,25484.0
2022-12-23,130.4499969482422,130.4499969482422,121.94999694824219,123.25,120.45155334472656,17783.0
2022-12-26,123.0,131.9499969482422,123.0,128.75,125.82667541503906,15352.0
2022-12-27,130.64999389648438,135.60000610351562,127.05000305175781,133.64999389648438,130.6154022216797,16531.0
2022-12-28,132.75,137.60000610351562,131.9499969482422,133.39999389648438,130.37109375,10987.0
2022-12-29,135.1999969482422,135.35000610351562,131.0,132.8000030517578,129.78472900390625,21140.0
2022-12-30,134.6999969482422,139.0,128.85000610351562,131.1999969482422,128.22103881835938,9539.0
2023-01-02,133.75,152.9499969482422,132.9499969482422,144.0,140.7304229736328,323096.0
2023-01-03,148.8000030517578,151.0,141.0,144.4499969482422,141.17019653320312,112110.0
2023-01-04,144.0,145.64999389648438,138.85000610351562,140.25,137.0655517578125,52257.0
2023-01-05,139.1999969482422,148.0,139.1999969482422,141.89999389648438,138.67808532714844,16432.0
2023-01-06,142.5,148.5,141.8000030517578,144.64999389648438,141.36566162109375,42837.0
2023-01-09,151.5,151.85000610351562,143.10000610351562,144.14999389648438,140.87701416015625,36147.0
2023-01-10,145.1999969482422,147.75,140.0,143.1999969482422,139.94857788085938,36709.0
2023-01-11,144.0500030517578,149.8000030517578,143.0,143.5500030517578,140.29063415527344,51095.0
2023-01-12,144.0,144.9499969482422,139.89999389648438,142.85000610351562,139.60653686523438,18032.0
2023-01-13,144.8000030517578,144.89999389648438,140.60000610351562,143.60000610351562,140.33949279785156,9818.0
2023-01-16,145.5500030517578,145.5500030517578,142.25,143.0500030517578,139.802001953125,10618.0
2023-01-17,144.6999969482422,144.6999969482422,140.1999969482422,142.64999389648438,139.4110565185547,10167.0
2023-01-18,143.0,145.5500030517578,141.0,145.39999389648438,142.0986328125,27605.0
2023-01-19,144.0500030517578,171.0,143.35000610351562,160.39999389648438,156.75804138183594,635503.0
2023-01-20,162.0,192.4499969482422,162.0,186.5,182.26544189453125,1643621.0
2023-01-23,185.0,188.5500030517578,172.0500030517578,173.64999389648438,169.7071990966797,331666.0
2023-01-24,175.89999389648438,181.8000030517578,173.9499969482422,178.25,174.20277404785156,160058.0
2023-01-25,178.25,178.4499969482422,165.10000610351562,167.10000610351562,163.30593872070312,84462.0
2023-01-27,170.3000030517578,170.3000030517578,155.3000030517578,159.64999389648438,156.0250701904297,110557.0
2023-01-30,157.0,161.9499969482422,155.1999969482422,158.0,154.4125518798828,65191.0
2023-01-31,158.1999969482422,160.35000610351562,152.0,156.5,152.9466094970703,70445.0
2023-02-01,158.3000030517578,165.9499969482422,151.10000610351562,154.8000030517578,151.2852020263672,74193.0
2023-02-02,156.85000610351562,159.3000030517578,152.60000610351562,153.5500030517578,150.06358337402344,24583.0
2023-02-03,152.1999969482422,157.75,145.0,149.60000610351562,146.20327758789062,57737.0
2023-02-06,151.5500030517578,156.89999389648438,145.64999389648438,153.5500030517578,150.06358337402344,31777.0
2023-02-07,153.5,157.8000030517578,150.0,151.35000610351562,147.91355895996094,46033.0
2023-02-08,151.60000610351562,177.0,151.60000610351562,171.85000610351562,167.9480743408203,215493.0
2023-02-09,179.9499969482422,188.5,175.39999389648438,178.64999389648438,174.59365844726562,331865.0
2023-02-10,180.0,183.64999389648438,167.10000610351562,169.14999389648438,165.3093719482422,131527.0
2023-02-13,168.85000610351562,169.10000610351562,158.39999389648438,159.6999969482422,156.07394409179688,92949.0
2023-02-14,160.6999969482422,162.10000610351562,151.0,152.10000610351562,148.64649963378906,40698.0
2023-02-15,156.3000030517578,156.3000030517578,150.14999389648438,152.0500030517578,148.59764099121094,28817.0
2023-02-16,153.0,156.89999389648438,150.1999969482422,151.0,147.57147216796875,47029.0
2023-02-17,150.8000030517578,153.39999389648438,148.5,150.75,147.32717895507812,28979.0
2023-02-20,152.89999389648438,156.75,144.1999969482422,146.39999389648438,143.075927734375,86658.0
2023-02-21,142.3000030517578,147.8000030517578,141.0500030517578,142.0,138.7758331298828,49751.0
2023-02-22,143.0,144.85000610351562,136.25,136.4499969482422,133.35183715820312,33788.0
2023-02-23,136.8000030517578,148.60000610351562,135.75,143.85000610351562,140.58383178710938,125749.0
2023-02-24,144.3000030517578,147.9499969482422,139.64999389648438,141.35000610351562,138.14059448242188,38467.0
2023-02-27,140.10000610351562,140.60000610351562,133.0,134.3000030517578,131.25067138671875,39790.0
2023-02-28,135.0,137.85000610351562,131.25,132.1999969482422,129.19834899902344,39202.0
2023-03-01,133.9499969482422,140.64999389648438,133.89999389648438,137.35000610351562,134.23141479492188,44891.0
2023-03-02,139.0500030517578,143.3000030517578,136.5500030517578,141.9499969482422,138.72695922851562,39451.0
2023-03-03,143.35000610351562,148.9499969482422,141.60000610351562,145.8000030517578,142.48956298828125,79027.0
2023-03-06,145.75,149.5,142.60000610351562,146.0500030517578,142.73387145996094,29763.0
2023-03-08,145.75,148.89999389648438,144.1999969482422,145.5500030517578,142.24522399902344,19714.0
2023-03-09,147.0,153.0500030517578,143.0,143.75,140.48609924316406,40667.0
2023-03-10,142.0,145.39999389648438,139.5500030517578,142.0500030517578,138.82469177246094,20187.0
2023-03-13,141.0,145.85000610351562,131.5500030517578,133.35000610351562,130.32223510742188,62025.0
2023-03-14,134.0500030517578,137.9499969482422,133.75,134.8000030517578,131.7393035888672,35172.0
2023-03-15,135.8000030517578,143.8000030517578,134.60000610351562,139.6999969482422,136.52804565429688,50467.0
2023-03-16,137.89999389648438,137.89999389648438,134.85000610351562,136.3000030517578,133.2052459716797,18943.0
2023-03-17,138.25,139.0,134.10000610351562,135.9499969482422,132.8632049560547,14003.0
2023-03-20,147.9499969482422,148.0,130.1999969482422,131.60000610351562,128.61196899414062,34752.0
2023-03-21,133.5500030517578,136.5,132.0500030517578,134.6999969482422,131.6415557861328,22632.0
2023-03-22,136.60000610351562,136.60000610351562,131.0,131.5500030517578,128.5631103515625,7721.0
2023-03-23,133.39999389648438,135.85000610351562,130.0,130.3000030517578,127.34148406982422,26408.0
2023-03-24,131.85000610351562,134.64999389648438,123.0,126.94999694824219,124.06754302978516,25432.0
2023-03-27,128.8000030517578,129.3000030517578,120.4000015258789,121.0999984741211,118.35037231445312,48298.0
2023-03-28,121.80000305175781,123.1500015258789,118.0,120.4000015258789,117.666259765625,18342.0
2023-03-29,116.5,124.6500015258789,116.5,122.80000305175781,120.01177978515625,22710.0
2023-03-31,124.55000305175781,129.6999969482422,124.0,125.5999984741211,122.7481918334961,26848.0
2023-04-03,127.44999694824219,129.14999389648438,124.44999694824219,127.6500015258789,124.75165557861328,12312.0
2023-04-05,125.30000305175781,136.39999389648438,124.30000305175781,130.0500030517578,127.09717559814453,37513.0
2023-04-06,129.5,132.85000610351562,128.5,131.0,128.0255889892578,10149.0
2023-04-10,132.9499969482422,134.5,130.10000610351562,131.85000610351562,128.85629272460938,10420.0
2023-04-11,133.0,134.89999389648438,132.5,132.89999389648438,129.88243103027344,14764.0
2023-04-12,133.0500030517578,134.6999969482422,132.10000610351562,134.0500030517578,131.00633239746094,12455.0
2023-04-13,133.89999389648438,136.5,129.14999389648438,131.9499969482422,128.9540252685547,16569.0
2023-04-17,132.1999969482422,140.0,131.5,136.0,132.91207885742188,18323.0
2023-04-18,135.0,137.6999969482422,134.9499969482422,136.39999389648438,133.302978515625,5922.0
2023-04-19,135.14999389648438,144.39999389648438,135.14999389648438,139.1999969482422,136.03941345214844,45845.0
2023-04-20,139.6999969482422,141.60000610351562,132.10000610351562,134.39999389648438,131.348388671875,28594.0
2023-04-21,135.0,139.10000610351562,134.25,134.64999389648438,131.59271240234375,14713.0
2023-04-24,134.5,139.85000610351562,132.5500030517578,138.89999389648438,135.74620056152344,27464.0
2023-04-25,138.89999389648438,140.85000610351562,136.0,138.64999389648438,135.5018768310547,16453.0
2023-04-26,138.4499969482422,140.0,136.0,136.9499969482422,133.84048461914062,5395.0
2023-04-27,138.64999389648438,143.14999389648438,137.10000610351562,141.10000610351562,137.89627075195312,18256.0
2023-04-28,143.14999389648438,144.8000030517578,138.0,142.6999969482422,139.4599151611328,16428.0
2023-05-02,142.6999969482422,144.5,138.5,140.75,137.55421447753906,20241.0
2023-05-03,140.39999389648438,143.39999389648438,137.0,138.60000610351562,135.45301818847656,18540.0
2023-05-04,139.5500030517578,144.4499969482422,139.5,142.85000610351562,139.60653686523438,12399.0
2023-05-05,141.60000610351562,144.10000610351562,139.0,139.85000610351562,136.67465209960938,7454.0
2023-05-08,140.5,143.85000610351562,139.10000610351562,140.1999969482422,137.01669311523438,9973.0
2023-05-09,139.39999389648438,143.89999389648438,139.35000610351562,140.8000030517578,137.60308837890625,15285.0
2023-05-10,140.6999969482422,142.4499969482422,139.0,140.60000610351562,137.40762329101562,3990.0
2023-05-11,139.0,143.5,139.0,141.85000610351562,138.62924194335938,10286.0
2023-05-12,140.25,143.75,140.0500030517578,141.8000030517578,138.5803680419922,2809.0
2023-05-15,144.3000030517578,144.3000030517578,138.10000610351562,139.60000610351562,136.43032836914062,20801.0
2023-05-16,139.10000610351562,142.9499969482422,138.0500030517578,139.3000030517578,136.13714599609375,6720.0
2023-05-17,139.0500030517578,141.89999389648438,137.10000610351562,138.25,135.11097717285156,15756.0
2023-05-18,138.5500030517578,144.39999389648438,138.3000030517578,139.60000610351562,136.43032836914062,20859.0
2023-05-19,140.5,142.3000030517578,137.35000610351562,138.85000610351562,135.69735717773438,8516.0
2023-05-22,140.0,142.6999969482422,136.3000030517578,142.0500030517578,138.82469177246094,18160.0
2023-05-23,140.10000610351562,162.8000030517578,139.3000030517578,153.1999969482422,149.72152709960938,244872.0
2023-05-24,153.25,158.6999969482422,153.0,154.60000610351562,151.08975219726562,48583.0
2023-05-25,155.5500030517578,159.85000610351562,153.1999969482422,155.6999969482422,152.16476440429688,38326.0
2023-05-26,153.9499969482422,170.75,153.9499969482422,163.8000030517578,160.08087158203125,150489.0
2023-05-29,159.75,159.75,142.60000610351562,143.9499969482422,140.68154907226562,150132.0
2023-05-30,143.9499969482422,147.0,138.0,139.0,135.8439483642578,52017.0
2023-05-31,141.0500030517578,142.1999969482422,137.35000610351562,139.8000030517578,136.62579345703125,26368.0
2023-06-01,141.8000030517578,143.8000030517578,139.1999969482422,140.6999969482422,137.50535583496094,16930.0
2023-06-02,142.0,142.6999969482422,137.25,138.6999969482422,135.55075073242188,24094.0
2023-06-05,138.0,141.6999969482422,135.1999969482422,136.8000030517578,133.69390869140625,44281.0
2023-06-06,136.9499969482422,138.8000030517578,136.0500030517578,137.10000610351562,133.98707580566406,21268.0
2023-06-07,137.3000030517578,150.89999389648438,137.3000030517578,144.4499969482422,141.17019653320312,125939.0
2023-06-08,148.25,149.0,143.3000030517578,144.9499969482422,141.65884399414062,56085.0
2023-06-09,146.5,146.5,142.10000610351562,143.9499969482422,140.68154907226562,11290.0
2023-06-12,145.5,145.5,142.10000610351562,143.35000610351562,140.09519958496094,20631.0
2023-06-13,144.9499969482422,148.8000030517578,144.0500030517578,144.89999389648438,141.6099853515625,42057.0
2023-06-14,144.9499969482422,148.0,142.5,143.0,139.7531280517578,33286.0
2023-06-15,144.9499969482422,144.9499969482422,141.85000610351562,143.89999389648438,140.6326904296875,14257.0
2023-06-16,144.14999389648438,145.4499969482422,142.10000610351562,142.75,139.50880432128906,6747.0
2023-06-19,143.5,144.75,142.0500030517578,142.64999389648438,139.4110565185547,12864.0
2023-06-20,144.14999389648438,144.4499969482422,141.0500030517578,143.60000610351562,140.33949279785156,6480.0
2023-06-21,143.75,144.0,142.14999389648438,142.1999969482422,138.97128295898438,4588.0
2023-06-22,143.3000030517578,146.8000030517578,141.0,141.8000030517578,138.5803680419922,15648.0
2023-06-23,141.25,142.1999969482422,136.85000610351562,138.10000610351562,134.96438598632812,17074.0
2023-06-26,138.14999389648438,140.0,137.10000610351562,137.85000610351562,134.7200469970703,3828.0
2023-06-27,138.8000030517578,141.4499969482422,137.5500030517578,138.60000610351562,135.45301818847656,5854.0
2023-06-28,139.10000610351562,141.5,137.3000030517578,137.8000030517578,134.6711883544922,11053.0
2023-06-30,139.0,139.1999969482422,136.3000030517578,137.1999969482422,134.08480834960938,6648.0
2023-07-03,139.25,139.25,134.14999389648438,135.0,131.9347686767578,21993.0
2023-07-04,134.60000610351562,138.0,134.60000610351562,135.4499969482422,132.37452697753906,12290.0
2023-07-05,137.4499969482422,147.0,137.4499969482422,143.4499969482422,140.19290161132812,91586.0
2023-07-06,144.89999389648438,146.9499969482422,142.60000610351562,145.5500030517578,142.24522399902344,45769.0
2023-07-07,145.89999389648438,147.60000610351562,143.10000610351562,144.0,140.7304229736328,34921.0
2023-07-10,145.0,162.9499969482422,142.0,153.0500030517578,149.574951171875,246221.0
2023-07-11,155.5,167.5,153.89999389648438,162.3000030517578,158.6149139404297,244401.0
2023-07-12,162.9499969482422,170.0,162.5,164.5,160.7649688720703,99925.0
2023-07-13,165.60000610351562,168.0,158.0,161.39999389648438,157.7353515625,74596.0
2023-07-14,163.6999969482422,164.9499969482422,160.0500030517578,161.85000610351562,158.1751251220703,16828.0
2023-07-17,164.5,164.5,159.5500030517578,160.0500030517578,156.41600036621094,45776.0
2023-07-18,161.5500030517578,162.14999389648438,151.25,153.0500030517578,149.574951171875,51577.0
2023-07-19,152.4499969482422,158.8000030517578,151.1999969482422,156.14999389648438,152.6045379638672,24918.0
2023-07-20,154.1999969482422,158.4499969482422,152.60000610351562,153.6999969482422,150.21017456054688,36408.0
2023-07-21,154.85000610351562,157.1999969482422,153.0500030517578,153.39999389648438,149.91697692871094,15755.0
2023-07-24,152.0500030517578,155.35000610351562,151.5,151.89999389648438,148.45103454589844,12362.0
2023-07-25,153.0,162.9499969482422,152.6999969482422,156.60000610351562,153.04432678222656,130818.0
2023-07-26,157.89999389648438,159.85000610351562,155.3000030517578,157.0500030517578,153.48410034179688,30635.0
2023-07-27,159.1999969482422,159.1999969482422,153.10000610351562,154.0,150.50335693359375,46155.0
2023-07-28,154.10000610351562,155.5500030517578,151.0,152.0500030517578,148.59764099121094,29931.0
2023-07-31,157.0,157.0,152.35000610351562,154.6999969482422,151.18748474121094,35204.0
2023-08-01,154.25,156.8000030517578,152.6999969482422,153.35000610351562,149.8681182861328,45109.0
2023-08-02,151.4499969482422,155.0,146.0500030517578,148.1999969482422,144.83506774902344,31078.0
2023-08-03,153.0,153.0,147.5,148.64999389648438,145.2748260498047,30528.0
2023-08-04,152.35000610351562,152.9499969482422,146.5,147.60000610351562,144.24868774414062,42807.0
2023-08-07,150.89999389648438,177.10000610351562,145.64999389648438,177.10000610351562,173.078857421875,593523.0
2023-08-08,209.9499969482422,212.5,183.1999969482422,212.5,207.6750946044922,858075.0
2023-08-09,223.0,251.89999389648438,221.39999389648438,224.1999969482422,219.1094512939453,1125003.0
2023-08-10,221.0,221.0,203.1999969482422,208.25,203.52159118652344,112252.0
2023-08-11,201.8000030517578,207.6999969482422,197.85000610351562,197.85000610351562,193.3577423095703,26623.0
2023-08-14,188.14999389648438,188.14999389648438,187.9499969482422,187.9499969482422,183.68251037597656,7724.0
2023-08-16,178.5500030517578,193.0,178.5500030517578,183.0500030517578,178.89376831054688,31717.0
2023-08-17,180.0,183.9499969482422,173.89999389648438,176.0,172.0038604736328,39363.0
2023-08-18,176.0,176.0,167.1999969482422,167.39999389648438,163.59910583496094,33372.0
2023-08-21,168.5500030517578,174.89999389648438,168.0,168.89999389648438,165.06504821777344,28152.0
2023-08-22,170.0,173.3000030517578,168.0,171.75,167.850341796875,10702.0
2023-08-23,171.75,178.89999389648438,171.75,177.75,173.71412658691406,15950.0
2023-08-24,178.0,186.60000610351562,174.0,186.60000610351562,182.36317443847656,22824.0
2023-08-25,189.9499969482422,195.89999389648438,189.0,194.3000030517578,189.88833618164062,41200.0
2023-08-28,194.3000030517578,204.0,187.10000610351562,201.3000030517578,196.72940063476562,28983.0
2023-08-29,197.3000030517578,198.0,197.3000030517578,197.3000030517578,192.8202362060547,5608.0
2023-08-30,193.35000610351562,193.35000610351562,193.35000610351562,193.35000610351562,188.95989990234375,1582.0
2023-08-31,189.5,189.5,189.5,189.5,185.1973114013672,1802.0
2023-09-01,185.75,185.75,185.75,185.75,181.532470703125,3460.0
2023-09-04,182.3000030517578,185.39999389648438,182.0500030517578,182.3000030517578,178.16079711914062,1641.0
2023-09-05,178.64999389648438,180.0,178.64999389648438,178.64999389648438,174.59365844726562,1899.0
2023-09-06,175.10000610351562,175.5,175.10000610351562,175.10000610351562,171.12429809570312,1839.0
2023-09-07,178.5,178.60000610351562,178.39999389648438,178.5,174.44708251953125,9096.0
2023-09-08,174.9499969482422,177.89999389648438,174.9499969482422,174.9499969482422,170.97769165039062,1900.0
2023-09-11,171.0,171.5,170.5,171.0,168.07809448242188,7250.0
2023-09-12,167.60000610351562,169.89999389648438,167.60000610351562,167.60000610351562,164.73619079589844,1615.0
2023-09-13,166.0,166.0,164.25,166.0,163.16351318359375,8061.0
2023-09-14,167.85000610351562,167.85000610351562,167.0,167.85000610351562,164.98191833496094,6544.0
2023-09-15,169.0,169.85000610351562,167.85000610351562,169.0,166.1122589111328,3636.0
2023-09-18,167.0,168.89999389648438,167.0,167.0,164.1464385986328,2339.0
2023-09-20,168.0,168.0,165.0,168.0,165.12936401367188,4242.0
2023-09-21,166.10000610351562,169.75,166.10000610351562,166.10000610351562,163.26182556152344,321.0
2023-09-22,163.0,164.0,162.8000030517578,163.0,160.2147979736328,5228.0
2023-09-25,164.0500030517578,165.4499969482422,164.0,164.0500030517578,161.24685668945312,1276.0
2023-09-26,161.64999389648438,162.9499969482422,161.64999389648438,161.64999389648438,158.88784790039062,2051.0
2023-09-27,161.64999389648438,161.64999389648438,159.5,161.64999389648438,158.88784790039062,2050.0
2023-09-28,160.14999389648438,162.9499969482422,160.14999389648438,160.14999389648438,157.41348266601562,4345.0
2023-09-29,162.89999389648438,163.0,161.5,162.89999389648438,160.11648559570312,1990.0
2023-10-03,163.0,169.0,161.25,167.6999969482422,164.83448791503906,6003.0
2023-10-04,167.6999969482422,171.0,165.6999969482422,170.25,167.34091186523438,5385.0
2023-10-05,170.0,178.75,170.0,177.64999389648438,174.6144561767578,9103.0
2023-10-06,178.3000030517578,184.89999389648438,178.3000030517578,180.6999969482422,177.61233520507812,7619.0
2023-10-09,172.5500030517578,178.0,171.6999969482422,172.64999389648438,169.69989013671875,6723.0
2023-10-10,173.89999389648438,175.10000610351562,168.10000610351562,171.10000610351562,168.1763916015625,2786.0
2023-10-11,170.0,176.9499969482422,168.10000610351562,175.0500030517578,172.0588836669922,4798.0
2023-10-12,174.9499969482422,176.8000030517578,173.0,173.35000610351562,170.387939453125,1988.0
2023-10-13,170.0500030517578,175.75,167.0500030517578,174.4499969482422,171.46913146972656,2342.0
2023-10-16,174.9499969482422,182.6999969482422,170.5,179.9499969482422,176.8751678466797,10983.0
2023-10-17,180.0,184.60000610351562,175.25,176.14999389648438,173.1400909423828,4818.0
2023-10-18,176.5,182.0,175.0,175.0,172.00975036621094,2098.0
2023-10-19,175.0,178.0,174.9499969482422,175.0,172.00975036621094,3876.0
2023-10-20,175.0,177.89999389648438,168.89999389648438,169.85000610351562,166.94775390625,5026.0
2023-10-23,165.14999389648438,170.39999389648438,161.5500030517578,161.85000610351562,159.08444213867188,3995.0
2023-10-25,156.1999969482422,167.3000030517578,156.1999969482422,162.10000610351562,159.33018493652344,3350.0
2023-10-26,162.10000610351562,169.0,154.0,166.0,163.16351318359375,5823.0
2023-10-27,169.0,171.5,161.25,170.1999969482422,167.29176330566406,4293.0
2023-10-30,170.1999969482422,174.89999389648438,170.0,172.0,169.06100463867188,776.0
2023-10-31,171.9499969482422,177.0,171.9499969482422,173.5,170.53536987304688,2510.0
2023-11-01,171.1999969482422,179.0,171.1999969482422,173.5,170.53536987304688,2099.0
2023-11-02,178.0,178.0,173.0,176.25,173.23838806152344,3312.0
2023-11-03,177.0,180.0,173.5,175.3000030517578,172.30462646484375,4689.0
2023-11-06,176.0,180.0,173.25,175.89999389648438,172.8943634033203,1774.0
2023-11-07,172.39999389648438,178.39999389648438,172.39999389648438,174.0500030517578,171.07598876953125,2254.0
2023-11-08,174.0500030517578,180.25,173.0,175.9499969482422,172.94351196289062,6023.0
2023-11-09,175.9499969482422,178.5,174.5,177.14999389648438,174.1230010986328,3808.0
2023-11-10,173.39999389648438,177.0,170.25,175.89999389648438,172.8943634033203,2984.0
2023-11-13,179.5,197.4499969482422,179.5,197.4499969482422,194.07614135742188,80613.0
2023-11-15,209.0,217.14999389648438,188.39999389648438,212.6999969482422,209.0655517578125,212975.0
2023-11-16,224.0,224.0,212.39999389648438,220.0,216.24081420898438,137282.0
2023-11-17,217.6999969482422,234.39999389648438,215.10000610351562,225.39999389648438,221.54855346679688,111622.0
2023-11-20,224.8000030517578,224.8000030517578,214.14999389648438,215.75,212.06344604492188,30603.0
2023-11-21,218.9499969482422,218.9499969482422,205.0,205.0,201.49713134765625,28556.0
2023-11-22,201.3000030517578,204.85000610351562,194.75,195.5,192.15945434570312,23471.0
2023-11-23,200.0,202.4499969482422,196.0,197.35000610351562,193.97784423828125,11285.0
2023-11-24,200.14999389648438,200.3000030517578,195.0,196.10000610351562,192.74920654296875,5399.0
2023-11-28,196.0,196.0,190.3000030517578,191.6999969482422,188.42437744140625,7741.0
2023-11-29,191.6999969482422,201.25,182.14999389648438,199.3000030517578,195.89453125,85642.0
2023-11-30,203.0,206.39999389648438,195.6999969482422,197.14999389648438,193.78126525878906,22163.0
2023-12-01,204.14999389648438,207.0,197.89999389648438,203.0500030517578,199.5804443359375,56411.0
2023-12-04,207.0,207.0,198.0,200.10000610351562,196.6808624267578,15074.0
2023-12-05,201.35000610351562,204.9499969482422,198.5,200.5500030517578,197.1231689453125,11692.0
2023-12-06,205.0,205.0,196.0,196.9499969482422,193.5846710205078,12051.0
2023-12-07,198.0,216.60000610351562,197.0,204.85000610351562,201.34971618652344,70533.0
2023-12-08,213.85000610351562,213.85000610351562,200.0,201.10000610351562,197.6637725830078,9467.0
2023-12-11,202.1999969482422,205.89999389648438,196.10000610351562,198.5,195.1082000732422,16264.0
2023-12-12,210.0,210.8000030517578,199.10000610351562,200.10000610351562,196.6808624267578,17022.0
2023-12-13,200.10000610351562,208.89999389648438,196.9499969482422,204.35000610351562,200.8582305908203,75930.0
2023-12-14,204.64999389648438,214.8000030517578,202.5500030517578,210.1999969482422,206.6082763671875,56196.0
2023-12-15,214.25,214.25,206.89999389648438,207.35000610351562,203.80697631835938,12920.0
2023-12-18,207.35000610351562,211.60000610351562,202.0,204.89999389648438,201.39881896972656,11229.0
2023-12-19,202.0,207.85000610351562,202.0,203.4499969482422,199.97360229492188,5566.0
2023-12-20,211.6999969482422,211.6999969482422,190.25,192.1999969482422,188.9158477783203,19866.0
2023-12-21,190.0,197.4499969482422,186.35000610351562,195.1999969482422,191.8645782470703,5822.0
2023-12-22,198.14999389648438,201.89999389648438,195.89999389648438,200.39999389648438,196.97572326660156,6963.0
2023-12-26,205.0,205.0,197.0,199.60000610351562,196.1894073486328,7147.0
2023-12-27,199.60000610351562,205.4499969482422,196.64999389648438,197.64999389648438,194.272705078125,4952.0
2023-12-28,195.39999389648438,214.64999389648438,195.39999389648438,204.6999969482422,201.20225524902344,43594.0
2023-12-29,206.10000610351562,207.0,203.0500030517578,203.9499969482422,200.46507263183594,5462.0
2024-01-01,204.14999389648438,210.0,198.39999389648438,199.89999389648438,196.48426818847656,28070.0
2024-01-02,202.0,202.0,196.0,197.5,194.1252899169922,13475.0
2024-01-03,203.8000030517578,203.8000030517578,197.5500030517578,200.0,196.58255004882812,8110.0
2024-01-04,202.0,205.0,198.10000610351562,199.0,195.5996551513672,14898.0
2024-01-05,203.0,203.8000030517578,196.0,196.60000610351562,193.24066162109375,11745.0
2024-01-08,204.9499969482422,204.9499969482422,188.5500030517578,190.64999389648438,187.392333984375,17055.0
2024-01-09,190.64999389648438,198.4499969482422,190.64999389648438,196.5500030517578,193.1915283203125,5529.0
2024-01-10,196.60000610351562,196.8000030517578,188.9499969482422,192.35000610351562,189.0632781982422,11359.0
2024-01-11,194.0,196.0,193.0500030517578,194.85000610351562,191.5205535888672,3673.0
2024-01-12,196.85000610351562,199.4499969482422,194.5,197.0,193.6338348388672,5090.0
2024-01-15,199.0,203.85000610351562,191.35000610351562,196.0500030517578,192.70005798339844,7275.0
2024-01-16,202.5,202.5,194.0,194.25,190.93080139160156,4820.0
2024-01-17,196.0,196.0,189.10000610351562,189.5,186.26197814941406,7418.0
2024-01-18,189.5500030517578,194.75,186.0500030517578,188.64999389648438,185.42648315429688,5457.0
2024-01-19,188.6999969482422,195.0,188.6999969482422,193.3000030517578,189.99703979492188,5397.0
2024-01-23,205.0,205.0,191.3000030517578,191.60000610351562,188.32611083984375,8562.0
2024-01-24,197.85000610351562,197.85000610351562,192.25,193.60000610351562,190.2919158935547,1477.0
2024-01-25,196.39999389648438,196.9499969482422,192.60000610351562,193.3000030517578,189.99703979492188,2705.0
2024-01-29,198.89999389648438,210.89999389648438,193.1999969482422,202.9499969482422,199.48216247558594,38073.0
2024-01-30,204.5500030517578,205.0,198.3000030517578,200.75,197.3197479248047,36828.0
2024-01-31,204.6999969482422,204.9499969482422,200.25,203.4499969482422,199.97360229492188,21132.0
2024-02-01,206.0,206.0,201.14999389648438,202.1999969482422,198.74496459960938,9170.0
2024-02-02,202.25,218.6999969482422,199.0,207.0,203.4629669189453,134272.0
2024-02-05,210.0,215.0,200.0,202.5500030517578,199.0889892578125,32421.0
2024-02-06,206.0,207.0,201.0,204.4499969482422,200.95652770996094,21842.0
2024-02-07,210.0,215.0,207.10000610351562,209.8000030517578,206.21510314941406,56134.0
2024-02-08,217.0,217.0,202.10000610351562,203.0500030517578,199.5804443359375,23758.0
2024-02-09,210.89999389648438,210.89999389648438,197.3000030517578,198.1999969482422,194.81332397460938,15002.0
2024-02-12,192.0,193.8000030517578,181.1999969482422,183.6999969482422,180.56109619140625,37514.0
2024-02-13,184.85000610351562,184.85000610351562,175.35000610351562,178.10000610351562,175.05679321289062,11497.0
2024-02-14,183.0,183.0,177.0,181.39999389648438,178.3003692626953,11517.0
2024-02-15,182.0,184.9499969482422,181.9499969482422,184.14999389648438,181.00338745117188,11337.0
2024-02-16,184.35000610351562,193.6999969482422,184.35000610351562,188.39999389648438,185.18077087402344,13656.0
2024-02-19,192.9499969482422,198.4499969482422,188.39999389648438,197.89999389648438,194.51844787597656,34036.0
2024-02-20,200.0,210.0500030517578,199.0500030517578,206.3000030517578,202.77491760253906,79433.0
2024-02-21,204.0,213.8000030517578,202.0500030517578,203.25,199.77703857421875,29016.0
2024-02-22,204.9499969482422,213.0,199.5500030517578,209.5500030517578,205.96939086914062,40450.0
2024-02-23,211.0,214.39999389648438,207.0500030517578,208.60000610351562,205.03561401367188,19229.0
2024-02-26,209.9499969482422,211.0,204.5500030517578,205.10000610351562,201.59542846679688,5782.0
2024-02-27,208.0,208.0,199.0500030517578,204.14999389648438,200.66165161132812,11656.0
2024-02-28,200.10000610351562,203.8000030517578,189.10000610351562,191.8000030517578,188.52267456054688,24345.0
2024-02-29,191.89999389648438,197.75,190.39999389648438,194.5500030517578,191.22567749023438,7283.0
2024-03-01,196.60000610351562,216.89999389648438,196.60000610351562,206.89999389648438,203.36465454101562,85965.0
2024-03-04,217.0,222.5,211.10000610351562,213.5500030517578,209.90103149414062,41759.0
2024-03-05,213.5500030517578,214.5,207.10000610351562,207.39999389648438,203.85609436035156,17957.0
2024-03-06,205.1999969482422,209.64999389648438,198.0,199.75,196.3368377685547,18193.0
2024-03-07,199.0,205.6999969482422,199.0,203.6999969482422,200.21932983398438,9735.0
2024-03-11,207.0,207.0,193.25,194.8000030517578,191.47142028808594,6475.0
2024-03-12,200.3000030517578,200.3000030517578,184.0500030517578,187.35000610351562,184.1487274169922,19082.0
2024-03-13,189.6999969482422,191.60000610351562,159.9499969482422,162.5500030517578,159.77247619628906,28766.0
2024-03-14,159.0,174.8000030517578,159.0,173.39999389648438,170.43707275390625,26581.0
2024-03-15,175.89999389648438,176.4499969482422,169.0500030517578,171.1999969482422,168.27467346191406,6256.0
2024-03-18,171.1999969482422,177.39999389648438,171.1999969482422,174.25,171.27255249023438,4784.0
2024-03-19,178.8000030517578,180.0,162.8000030517578,164.8000030517578,161.98403930664062,11879.0
2024-03-20,164.8000030517578,170.25,164.8000030517578,165.6999969482422,162.86863708496094,7824.0
2024-03-21,169.64999389648438,175.0,168.60000610351562,173.5,170.53536987304688,20933.0
2024-03-22,173.5,176.60000610351562,170.85000610351562,172.35000610351562,169.40501403808594,15095.0
2024-03-26,173.10000610351562,179.60000610351562,172.0,173.14999389648438,170.1913604736328,18330.0
2024-03-27,175.8000030517578,176.3000030517578,171.85000610351562,174.25,171.27255249023438,15202.0
2024-03-28,178.0,181.0,172.1999969482422,173.75,170.78111267089844,25616.0
2024-04-01,176.0,186.75,175.0500030517578,184.6999969482422,181.5439910888672,16402.0
2024-04-02,184.0,195.9499969482422,180.0,193.14999389648438,189.849609375,39656.0
2024-04-03,196.8000030517578,196.8000030517578,189.0500030517578,193.8000030517578,190.48851013183594,7863.0
2024-04-04,193.85000610351562,196.9499969482422,192.0,192.5500030517578,189.25987243652344,9853.0
2024-04-05,196.0,196.9499969482422,191.5500030517578,195.35000610351562,192.0120391845703,8241.0
2024-04-08,201.6999969482422,201.6999969482422,192.10000610351562,192.85000610351562,189.55474853515625,7566.0
2024-04-09,193.0500030517578,196.35000610351562,187.0500030517578,188.5,185.27906799316406,11734.0
2024-04-10,195.3000030517578,195.3000030517578,189.0,190.3000030517578,187.04830932617188,18073.0
2024-04-12,191.10000610351562,194.1999969482422,188.0,188.6999969482422,185.47564697265625,3595.0
2024-04-15,182.0,192.0,181.0,182.3000030517578,179.18499755859375,9849.0
2024-04-16,184.39999389648438,189.1999969482422,181.5500030517578,184.64999389648438,181.49484252929688,3370.0
2024-04-18,184.85000610351562,188.25,183.1999969482422,183.75,180.6102294921875,3218.0
2024-04-19,182.0500030517578,184.5500030517578,175.60000610351562,181.89999389648438,178.79183959960938,5434.0
2024-04-22,181.89999389648438,188.0,181.0500030517578,186.64999389648438,183.46067810058594,7460.0
2024-04-23,189.0500030517578,193.3000030517578,183.85000610351562,185.8000030517578,182.6251983642578,11209.0
2024-04-24,188.9499969482422,191.9499969482422,185.85000610351562,187.75,184.5418701171875,4400.0
2024-04-25,187.75,189.4499969482422,184.60000610351562,186.0,182.82179260253906,4311.0
2024-04-26,183.0500030517578,188.4499969482422,183.0500030517578,183.75,180.6102294921875,7494.0
2024-04-29,189.0,189.0,184.0,185.0,181.8388671875,5833.0
2024-04-30,187.9499969482422,222.0,185.9499969482422,222.0,218.20664978027344,349859.0
2024-05-02,234.0,234.0,215.0,224.3000030517578,220.46734619140625,271845.0
2024-05-03,229.89999389648438,229.89999389648438,215.5,217.64999389648438,213.93096923828125,41970.0
2024-05-06,214.3000030517578,220.5,207.39999389648438,209.14999389648438,205.5762176513672,29261.0
2024-05-07,214.0500030517578,214.89999389648438,202.39999389648438,207.0,203.4629669189453,14602.0
2024-05-08,207.1999969482422,211.4499969482422,200.0500030517578,208.10000610351562,204.54415893554688,24884.0
2024-05-09,206.0500030517578,208.0,191.0,194.60000610351562,191.27484130859375,22292.0
2024-05-10,193.0,198.1999969482422,186.5500030517578,193.10000610351562,189.80047607421875,13977.0
2024-05-13,190.10000610351562,199.9499969482422,187.0500030517578,197.1999969482422,193.83041381835938,29597.0
2024-05-14,201.14999389648438,208.0,195.3000030517578,206.89999389648438,203.36465454101562,20759.0
2024-05-15,210.0,210.0,204.75,207.0500030517578,203.51210021972656,15149.0
2024-05-16,206.0,210.35000610351562,202.5,206.10000610351562,202.57835388183594,14680.0
2024-05-17,202.1999969482422,211.10000610351562,202.1999969482422,209.0500030517578,205.47792053222656,13227.0
2024-05-21,205.10000610351562,209.39999389648438,198.0,199.0500030517578,195.6488037109375,27878.0
2024-05-22,201.8000030517578,204.9499969482422,199.3000030517578,200.14999389648438,196.72999572753906,17591.0
2024-05-23,201.25,204.8000030517578,199.1999969482422,201.8000030517578,198.351806640625,7648.0
2024-05-24,200.4499969482422,206.0,200.25,201.10000610351562,197.6637725830078,10129.0
2024-05-27,197.9499969482422,203.8000030517578,186.3000030517578,191.4499969482422,188.17864990234375,22263.0
2024-05-28,194.0,202.9499969482422,191.60000610351562,195.1999969482422,191.8645782470703,14665.0
2024-05-29,196.14999389648438,203.64999389648438,194.4499969482422,199.5500030517578,196.14024353027344,15984.0
2024-05-30,197.0500030517578,200.0,190.0,195.0500030517578,191.7171630859375,32541.0
2024-05-31,189.0,192.9499969482422,184.5500030517578,189.60000610351562,186.3602752685547,29573.0
2024-06-03,202.89999389648438,202.89999389648438,188.75,190.4499969482422,187.19573974609375,20591.0
2024-06-04,194.8000030517578,194.8000030517578,170.25,177.75,174.71275329589844,30340.0
2024-06-05,178.39999389648438,187.0,178.39999389648438,183.14999389648438,180.02047729492188,9463.0
2024-06-06,187.0,189.89999389648438,182.3000030517578,188.0,184.78761291503906,9245.0
2024-06-07,189.5500030517578,192.0,186.1999969482422,188.64999389648438,185.42648315429688,6566.0
2024-06-10,192.6999969482422,192.6999969482422,185.60000610351562,189.19000244140625,185.957275390625,8293.0
2024-06-11,189.38999938964844,193.0,188.47999572753906,190.24000549316406,186.9893341064453,7182.0
2024-06-12,193.6999969482422,193.6999969482422,188.33999633789062,189.58999633789062,186.35044860839844,4878.0
2024-06-13,192.30999755859375,195.8000030517578,190.80999755859375,194.16000366210938,190.84234619140625,8025.0
2024-06-14,195.5,196.89999389648438,190.72999572753906,195.6300048828125,192.2872314453125,9491.0
2024-06-18,196.66000366210938,200.5,195.10000610351562,199.2100067138672,195.8060760498047,15284.0
2024-06-19,200.88999938964844,202.0,196.1999969482422,197.94000244140625,194.55776977539062,8402.0
2024-06-20,198.05999755859375,204.0,197.13999938964844,201.85000610351562,198.4009552001953,8320.0
2024-06-21,201.7100067138672,202.49000549316406,192.8000030517578,196.3699951171875,193.01458740234375,12030.0
2024-06-24,196.8000030517578,196.8000030517578,190.10000610351562,191.9600067138672,188.67994689941406,10412.0
2024-06-25,193.60000610351562,226.00999450683594,193.02000427246094,204.13999938964844,200.6518096923828,256873.0
2024-06-26,204.0,205.5800018310547,201.0,201.64999389648438,198.20436096191406,20364.0
2024-06-27,201.66000366210938,202.89999389648438,191.10000610351562,193.9199981689453,190.6064453125,17211.0
2024-06-28,194.88999938964844,196.99000549316406,191.30999755859375,195.2100067138672,191.87442016601562,23338.0
2024-07-01,192.3000030517578,198.7899932861328,192.3000030517578,195.92999267578125,192.58209228515625,10096.0
2024-07-02,195.85000610351562,197.89999389648438,194.7899932861328,195.8699951171875,192.5231170654297,8922.0
2024-07-03,196.50999450683594,197.0,194.5,195.99000549316406,192.64108276367188,6896.0
2024-07-04,197.99000549316406,206.5,192.5,200.74000549316406,197.30992126464844,35877.0
2024-07-05,204.0,204.0,197.6999969482422,198.50999450683594,195.11801147460938,6257.0
2024-07-08,197.5500030517578,205.50999450683594,195.02000427246094,205.0,201.49713134765625,17882.0
2024-07-09,208.0,209.7899932861328,201.10000610351562,202.61000061035156,199.14796447753906,19949.0
2024-07-10,200.1999969482422,216.64999389648438,199.5500030517578,211.02999877929688,207.42408752441406,68294.0
2024-07-11,211.8800048828125,214.75,205.0,211.89999389648438,208.2792205810547,23714.0
2024-07-12,214.0,214.0,206.10000610351562,206.3000030517578,202.77491760253906,7790.0
2024-07-15,208.41000366210938,209.75,205.0,207.9600067138672,204.40655517578125,9162.0
2024-07-16,206.5399932861328,208.7899932861328,204.9199981689453,205.22999572753906,201.7231903076172,9410.0
2024-07-18,206.0,208.19000244140625,201.32000732421875,204.0,200.5142059326172,9159.0
2024-07-19,204.0,204.0,195.0,196.42999267578125,193.0735626220703,5044.0
2024-07-22,193.10000610351562,197.75,191.0,192.2899932861328,189.00430297851562,9644.0
2024-07-23,194.97000122070312,197.02000427246094,189.75,196.05999755859375,192.7098846435547,6828.0
2024-07-24,198.0,203.16000366210938,193.2100067138672,199.69000244140625,196.27786254882812,5976.0
2024-07-25,198.0,201.39999389648438,197.00999450683594,200.82000732421875,197.38856506347656,1431.0
2024-07-26,202.05999755859375,202.52000427246094,200.00999450683594,200.74000549316406,197.30992126464844,3255.0
2024-07-29,199.32000732421875,204.39999389648438,199.2100067138672,200.52000427246094,197.09368896484375,5351.0
2024-07-30,200.52000427246094,205.80999755859375,199.2100067138672,200.88999938964844,197.45736694335938,7281.0
2024-07-31,202.0,203.33999633789062,199.0,199.6699981689453,196.25819396972656,6471.0
2024-08-01,200.91000366210938,210.99000549316406,200.6999969482422,201.36000061035156,197.91932678222656,13098.0
2024-08-02,201.0,202.91000366210938,199.10000610351562,200.0800018310547,196.6612091064453,3550.0
2024-08-05,199.6999969482422,199.6999969482422,188.0,189.6699981689453,186.42906188964844,13012.0
2024-08-06,191.60000610351562,195.0,188.10000610351562,189.74000549316406,186.4978790283203,6650.0
2024-08-07,193.6999969482422,193.6999969482422,188.35000610351562,189.32000732421875,186.08505249023438,6908.0
2024-08-08,185.5500030517578,201.19000244140625,185.5500030517578,197.42999267578125,194.0564727783203,9229.0
2024-08-09,202.0,202.0,191.5,192.6999969482422,189.40728759765625,8352.0
2024-08-12,194.89999389648438,196.0,189.0,191.4199981689453,188.14918518066406,4360.0
2024-08-13,192.39999389648438,194.05999755859375,187.0,188.55999755859375,185.33802795410156,6329.0
2024-08-14,190.97000122070312,190.97000122070312,185.42999267578125,186.8699951171875,183.67691040039062,4898.0
2024-08-16,181.8000030517578,193.39999389648438,181.8000030517578,182.8300018310547,179.70594787597656,13859.0
2024-08-19,187.97000122070312,187.97000122070312,180.05999755859375,182.85000610351562,179.72561645507812,11017.0
2024-08-20,184.47000122070312,187.5,182.0399932861328,186.6699981689453,183.48033142089844,5357.0
2024-08-21,189.99000549316406,189.99000549316406,184.41000366210938,187.17999267578125,183.9816131591797,5495.0
2024-08-22,187.17999267578125,191.88999938964844,185.82000732421875,187.7899932861328,184.58119201660156,4927.0
2024-08-23,191.5,191.5,186.0,186.8699951171875,183.67691040039062,2756.0
2024-08-26,189.47000122070312,190.99000549316406,185.55999755859375,187.3699951171875,184.16836547851562,5355.0
2024-08-27,189.4199981689453,189.44000244140625,185.86000061035156,186.35000610351562,183.16580200195312,3969.0
2024-08-28,191.60000610351562,191.60000610351562,187.0,187.1199951171875,183.92263793945312,1058.0
2024-08-29,188.05999755859375,197.0,184.14999389648438,186.3800048828125,183.19529724121094,37246.0
2024-08-30,189.8800048828125,193.0,187.50999450683594,190.36000061035156,187.10726928710938,4293.0
2024-09-02,191.0,201.9499969482422,188.35000610351562,195.22000122070312,191.8842315673828,46751.0
2024-09-03,198.0,199.89999389648438,195.0,197.39999389648438,194.0269775390625,10452.0
2024-09-04,192.10000610351562,195.49000549316406,190.10000610351562,191.50999450683594,188.23764038085938,5379.0
2024-09-05,194.5,197.60000610351562,186.35000610351562,189.64999389648438,186.40940856933594,11578.0
2024-09-06,190.9499969482422,191.97999572753906,186.10000610351562,188.6999969482422,185.47564697265625,7266.0
2024-09-09,185.14999389648438,196.6999969482422,185.14999389648438,194.8300018310547,192.52114868164062,6195.0
2024-09-10,195.89999389648438,197.89999389648438,190.05999755859375,192.0800018310547,189.80374145507812,7904.0
2024-09-11,191.00999450683594,198.89999389648438,187.80999755859375,190.75,188.489501953125,7603.0
2024-09-12,190.75,196.85000610351562,190.75,192.1699981689453,189.89266967773438,3878.0
2024-09-13,190.0,197.94000244140625,187.60000610351562,192.08999633789062,189.81361389160156,6542.0
2024-09-16,191.0,197.0,191.0,193.58999633789062,191.29583740234375,6087.0
2024-09-17,193.58999633789062,194.64999389648438,190.10000610351562,192.2899932861328,190.01124572753906,4958.0
2024-09-18,190.25,194.60000610351562,190.16000366210938,193.27000427246094,190.97964477539062,6856.0
2024-09-19,194.0,199.97999572753906,187.1999969482422,189.74000549316406,187.49147033691406,21740.0
2024-09-20,186.36000061035156,193.88999938964844,186.36000061035156,189.5399932861328,187.29383850097656,8826.0
2024-09-23,188.0500030517578,194.4499969482422,187.0500030517578,189.39999389648438,187.15548706054688,7828.0
2024-09-24,189.0,216.89999389648438,189.0,209.0800018310547,206.60227966308594,322496.0
2024-09-25,207.61000061035156,208.89999389648438,198.0,199.1699981689453,196.80970764160156,57504.0
2024-09-26,199.14999389648438,199.5,195.5,197.52000427246094,195.1792755126953,20609.0
2024-09-27,199.99000549316406,201.8000030517578,197.0,198.19000244140625,195.84133911132812,15262.0
2024-09-30,201.0,202.52000427246094,195.5,196.52000427246094,194.19113159179688,13935.0
2024-10-01,194.60000610351562,200.88999938964844,194.60000610351562,196.66000366210938,194.3294677734375,13273.0
2024-10-03,196.6999969482422,201.0,193.0,194.2899932861328,191.98753356933594,34920.0
2024-10-04,192.8000030517578,200.9600067138672,190.36000061035156,192.6699981689453,190.38673400878906,30890.0
2024-10-07,192.6699981689453,198.6999969482422,186.0,187.22000122070312,185.00132751464844,58856.0
2024-10-08,187.8000030517578,195.72000122070312,185.14999389648438,191.92999267578125,189.655517578125,76364.0
2024-10-09,191.0,197.0,188.02999877929688,194.8300018310547,192.52114868164062,15907.0
2024-10-10,194.1199951171875,202.0,193.10000610351562,198.22999572753906,195.880859375,26486.0
2024-10-11,197.9600067138672,205.89999389648438,195.36000061035156,201.77000427246094,199.37890625,29684.0
2024-10-14,198.5,205.99000549316406,194.10000610351562,194.69000244140625,192.3828125,18485.0
2024-10-15,197.33999633789062,198.69000244140625,191.1999969482422,192.99000549316406,190.7029571533203,11943.0
2024-10-16,192.10000610351562,196.17999267578125,190.49000549316406,191.4600067138672,189.19110107421875,9430.0
2024-10-17,191.52999877929688,196.13999938964844,189.11000061035156,190.91000366210938,188.64761352539062,14680.0
2024-10-18,188.36000061035156,191.99000549316406,187.2100067138672,189.9499969482422,187.698974609375,5066.0
2024-10-21,194.64999389648438,196.8000030517578,187.25,188.36000061035156,186.12782287597656,24956.0
2024-10-22,188.69000244140625,194.44000244140625,180.10000610351562,181.86000061035156,179.70484924316406,34015.0
2024-10-23,180.36000061035156,188.89999389648438,180.10000610351562,182.11000061035156,179.95188903808594,7986.0
2024-10-24,182.5,186.60000610351562,181.10000610351562,182.5399932861328,180.3767852783203,10069.0
2024-10-25,183.6999969482422,183.6999969482422,173.11000061035156,175.22000122070312,173.14353942871094,15581.0
2024-10-28,180.39999389648438,182.3699951171875,175.14999389648438,180.13999938964844,178.00523376464844,7776.0
2024-10-29,184.1999969482422,185.4499969482422,173.41000366210938,176.5399932861328,174.44789123535156,11649.0
2024-10-30,174.39999389648438,182.97000122070312,174.39999389648438,180.9199981689453,178.77598571777344,3905.0
2024-10-31,185.0,185.0,178.72999572753906,182.9499969482422,180.7819366455078,5773.0
2024-11-01,182.9600067138672,183.6999969482422,182.0,183.5,181.32540893554688,2772.0
2024-11-04,186.25999450683594,190.35000610351562,176.60000610351562,180.0500030517578,177.91629028320312,6391.0
2024-11-05,181.6999969482422,183.0,178.39999389648438,180.8300018310547,178.6870574951172,10102.0
2024-11-06,181.75999450683594,189.8800048828125,178.4199981689453,185.63999938964844,183.4400634765625,11431.0
2024-11-07,186.00999450683594,194.0,185.60000610351562,192.05999755859375,189.78396606445312,15980.0
2024-11-08,189.0,189.9600067138672,182.72000122070312,183.3300018310547,181.15744018554688,6257.0
2024-11-11,182.67999267578125,184.0,177.5,178.49000549316406,176.37478637695312,10616.0
2024-11-12,180.55999755859375,184.6999969482422,167.0,170.47999572753906,168.45970153808594,10162.0
2024-11-13,168.3800048828125,172.97999572753906,167.10000610351562,170.05999755859375,168.04469299316406,3341.0
2024-11-14,171.5,172.77000427246094,166.10000610351562,167.19000244140625,165.20870971679688,1914.0
2024-11-18,169.0,170.32000732421875,167.1999969482422,167.72999572753906,165.74229431152344,1529.0
2024-11-19,171.0,173.99000549316406,162.0,164.1300048828125,162.18496704101562,9434.0
2024-11-21,167.89999389648438,167.89999389648438,161.0,161.91000366210938,159.99127197265625,8625.0
2024-11-22,162.3800048828125,166.57000732421875,160.0500030517578,162.0399932861328,160.11972045898438,9860.0
2024-11-25,166.07000732421875,168.75999450683594,162.5,163.61000061035156,161.67112731933594,4060.0
2024-11-26,165.1999969482422,169.4499969482422,162.91000366210938,166.83999633789062,164.8628387451172,23794.0
2024-11-27,167.0800018310547,169.7899932861328,161.7100067138672,166.9199981689453,164.94189453125,38183.0
2024-11-28,169.0,170.99000549316406,167.11000061035156,167.82000732421875,165.83123779296875,21334.0
2024-11-29,169.0,174.1999969482422,167.3300018310547,172.4600067138672,170.416259765625,19710.0
2024-12-02,172.38999938964844,174.75,167.47999572753906,169.38999938964844,167.38262939453125,20355.0
2024-12-03,171.0,176.8000030517578,169.0,175.02999877929688,172.95579528808594,22045.0
2024-12-04,179.0,183.27000427246094,175.4499969482422,181.27999877929688,179.1317138671875,29054.0
2024-12-05,181.24000549316406,183.9499969482422,175.50999450683594,177.89999389648438,175.79176330566406,9781.0
2024-12-06,177.89999389648438,186.8000030517578,177.89999389648438,186.5500030517578,184.33926391601562,17757.0
2024-12-09,189.91000366210938,192.97999572753906,186.50999450683594,188.77000427246094,186.532958984375,11257.0
2024-12-10,188.49000549316406,205.0,188.49000549316406,200.92999267578125,198.54884338378906,47954.0
2024-12-11,204.8000030517578,204.8000030517578,196.0,197.0500030517578,194.71484375,22086.0
2024-12-12,197.5,199.72999572753906,190.39999389648438,193.02000427246094,190.7325897216797,14243.0
2024-12-13,195.89999389648438,195.89999389648438,189.25,191.33999633789062,189.072509765625,7301.0
2024-12-16,191.3000030517578,198.39999389648438,185.14999389648438,193.8699951171875,191.57252502441406,18014.0
2024-12-17,193.11000061035156,198.58999633789062,193.0,194.47000122070312,192.16542053222656,10569.0
2024-12-18,193.39999389648438,196.52000427246094,193.1999969482422,193.72000122070312,191.42430114746094,10091.0
2024-12-19,192.0,197.88999938964844,190.6300048828125,196.36000061035156,194.03302001953125,12604.0
2024-12-20,200.9499969482422,235.6300048828125,187.8000030517578,217.94000244140625,215.35728454589844,107588.0
2024-12-23,243.88999938964844,246.64999389648438,206.75,209.94000244140625,207.45208740234375,366292.0
2024-12-24,215.0,222.0,209.0,219.52999877929688,216.92843627929688,88841.0
2024-12-26,219.89999389648438,223.49000549316406,216.0,217.05999755859375,214.48770141601562,24101.0
2024-12-27,217.00999450683594,222.8800048828125,213.14999389648438,220.8699951171875,218.2525634765625,19868.0
2024-12-30,222.0,226.0,214.0,214.44000244140625,211.8987579345703,22205.0
2024-12-31,214.44000244140625,216.1699981689453,207.6300048828125,212.22000122070312,209.70506286621094,16490.0
2025-01-01,213.89999389648438,218.0,213.38999938964844,215.38999938964844,212.83750915527344,12655.0
2025-01-02,215.9499969482422,221.99000549316406,214.5500030517578,218.72999572753906,216.13790893554688,22694.0
2025-01-03,219.57000732421875,223.35000610351562,215.72000122070312,220.00999450683594,217.40274047851562,19215.0
2025-01-06,220.02000427246094,224.6699981689453,210.00999450683594,213.50999450683594,210.97976684570312,15930.0
2025-01-07,217.52000427246094,217.64999389648438,213.6999969482422,215.07000732421875,212.52130126953125,12084.0
2025-01-08,223.89999389648438,223.89999389648438,210.0,210.5,208.0054473876953,17652.0
2025-01-09,213.72999572753906,213.88999938964844,207.0,208.0500030517578,205.58448791503906,14094.0
2025-01-10,211.30999755859375,211.30999755859375,203.39999389648438,204.88999938964844,202.46192932128906,17931.0
2025-01-13,204.94000244140625,206.99000549316406,192.02000427246094,197.22000122070312,194.88282775878906,35685.0
2025-01-14,197.69000244140625,210.00999450683594,196.44000244140625,207.9199981689453,205.45602416992188,30910.0
2025-01-15,209.5,209.5,204.91000366210938,207.36000061035156,204.9026641845703,3868.0
2025-01-16,208.9499969482422,214.89999389648438,208.9499969482422,213.32000732421875,210.7920379638672,8270.0
2025-01-17,213.4499969482422,214.0,210.02000427246094,212.83999633789062,210.31771850585938,8325.0
2025-01-20,214.99000549316406,217.49000549316406,213.0,213.58999633789062,211.058837890625,7197.0
2025-01-21,215.3000030517578,216.3800048828125,208.0,208.88999938964844,206.41453552246094,1960.0
2025-01-22,212.0,212.0,201.0,204.13999938964844,201.72080993652344,7082.0
2025-01-23,207.0,209.3800048828125,201.50999450683594,207.17999267578125,204.72479248046875,3869.0
2025-01-24,205.1999969482422,208.94000244140625,203.72000122070312,205.88999938964844,203.45008850097656,3669.0
2025-01-27,205.88999938964844,208.41000366210938,197.10000610351562,198.74000549316406,196.3848114013672,12641.0
2025-01-28,202.4199981689453,202.4199981689453,183.67999267578125,189.75999450683594,187.51121520996094,33051.0
2025-01-29,195.14999389648438,203.67999267578125,192.07000732421875,200.67999267578125,198.30181884765625,5311.0
2025-01-30,203.99000549316406,232.8800048828125,197.5,201.25999450683594,198.87493896484375,42044.0
2025-01-31,201.00999450683594,207.3300018310547,201.00999450683594,202.49000549316406,200.0903778076172,7448.0
2025-02-01,204.69000244140625,215.0,201.5,211.72999572753906,209.2208709716797,5865.0
2025-02-03,206.0,215.0,200.10000610351562,202.44000244140625,200.0409698486328,9759.0
2025-02-04,206.44000244140625,210.9499969482422,204.14999389648438,207.7100067138672,205.24851989746094,6728.0
2025-02-05,211.58999633789062,212.99000549316406,208.0,209.5500030517578,207.06671142578125,2829.0
2025-02-06,210.6199951171875,211.97999572753906,209.0,210.6300048828125,208.13392639160156,2494.0
2025-02-07,209.25999450683594,209.99000549316406,204.0,204.6999969482422,202.27418518066406,6564.0
2025-02-10,204.8300018310547,212.89999389648438,190.0,191.8300018310547,189.55670166015625,27551.0
2025-02-11,194.5,201.49000549316406,184.00999450683594,189.47999572753906,187.2345428466797,18231.0
2025-02-12,198.5,202.60000610351562,183.0,190.7100067138672,188.44998168945312,16819.0
2025-02-13,193.97000122070312,199.0,190.5,194.22000122070312,191.91836547851562,6382.0
2025-02-14,194.66000366210938,201.58999633789062,186.38999938964844,190.7899932861328,188.52902221679688,6968.0
2025-02-17,187.0,196.0,185.1999969482422,187.5500030517578,185.32742309570312,4626.0
2025-02-18,187.5500030517578,193.97999572753906,184.25999450683594,189.4600067138672,187.21478271484375,4838.0
2025-02-19,189.92999267578125,193.16000366210938,186.36000061035156,188.0800018310547,185.85113525390625,1618.0
2025-02-20,190.77000427246094,193.92999267578125,186.00999450683594,186.6300048828125,184.4183349609375,5962.0
2025-02-21,186.9499969482422,193.6999969482422,186.9499969482422,187.02999877929688,184.81356811523438,4006.0
2025-02-24,184.10000610351562,191.99000549316406,181.0,187.14999389648438,184.93214416503906,3584.0
2025-02-25,188.99000549316406,192.02000427246094,175.10000610351562,177.4199981689453,175.3174591064453,18440.0
2025-02-27,177.4199981689453,177.4199981689453,169.11000061035156,170.30999755859375,168.29173278808594,8920.0
2025-02-28,168.89999389648438,173.55999755859375,164.11000061035156,169.32000732421875,167.3134765625,7402.0
2025-03-03,182.0,182.0,164.41000366210938,166.0500030517578,164.08221435546875,4618.0
2025-03-04,171.97999572753906,173.0,170.0800018310547,170.52999877929688,168.5091094970703,4799.0
2025-03-05,173.80999755859375,179.27999877929688,173.80999755859375,178.3000030517578,176.18704223632812,5628.0
2025-03-06,180.9499969482422,187.69000244140625,178.8000030517578,182.61000061035156,180.4459686279297,7209.0
2025-03-07,182.61000061035156,198.9499969482422,182.5500030517578,194.07000732421875,191.77015686035156,14528.0
2025-03-10,203.0,203.0,193.0,198.1999969482422,195.85121154785156,7452.0
2025-03-11,195.0,199.52999877929688,190.3699951171875,191.92999267578125,189.655517578125,15110.0
2025-03-12,191.85000610351562,195.0,190.0,192.25999450683594,189.98159790039062,5752.0
2025-03-13,190.0,195.0,187.3699951171875,192.19000244140625,189.9124298095703,6436.0
2025-03-17,194.99000549316406,202.3800048828125,188.64999389648438,190.8699951171875,188.60806274414062,8639.0
2025-03-18,190.8699951171875,190.8699951171875,190.8699951171875,190.8699951171875,188.60806274414062,0.0
2025-03-19,191.91000366210938,217.60000610351562,187.00999450683594,210.75,208.2524871826172,37855.0
2025-03-20,220.0,220.0,208.08999633789062,209.75999450683594,207.2742156982422,9209.0
2025-03-21,208.42999267578125,209.99000549316406,204.00999450683594,205.7100067138672,203.272216796875,2752.0
2025-03-24,212.83999633789062,214.00999450683594,201.3000030517578,205.52000427246094,203.08447265625,8831.0
2025-03-25,204.0800018310547,206.49000549316406,199.0,200.0800018310547,197.7089385986328,9659.0
2025-03-26,199.63999938964844,211.60000610351562,199.0,199.11000061035156,196.75042724609375,5256.0
2025-03-27,200.6199951171875,207.38999938964844,197.99000549316406,201.9199981689453,199.52711486816406,6843.0
2025-03-28,200.1300048828125,215.99000549316406,200.1300048828125,206.6699981689453,204.22084045410156,13672.0
2025-04-01,208.16000366210938,211.38999938964844,204.3000030517578,207.1699981689453,204.71490478515625,3802.0
2025-04-02,206.80999755859375,221.9199981689453,202.30999755859375,213.72999572753906,211.19715881347656,11350.0
2025-04-03,211.00999450683594,215.14999389648438,207.00999450683594,213.47000122070312,210.9402618408203,5883.0
2025-04-04,217.0,217.0,201.0,204.55999755859375,202.13583374023438,6867.0
2025-04-07,194.99000549316406,197.0,186.52000427246094,194.97000122070312,192.65948486328125,4081.0
2025-04-08,197.91000366210938,205.0,196.3800048828125,200.19000244140625,197.817626953125,3658.0
2025-04-09,199.07000732421875,203.89999389648438,196.27000427246094,198.19000244140625,195.84133911132812,2379.0
2025-04-11,202.19000244140625,207.0,194.3000030517578,197.6199951171875,195.278076171875,9979.0
2025-04-15,199.10000610351562,203.99000549316406,194.10000610351562,202.13999938964844,199.74452209472656,7044.0
2025-04-16,200.0,207.9199981689453,199.0,200.4499969482422,198.0745391845703,8536.0
2025-04-17,201.89999389648438,204.63999938964844,199.74000549316406,201.75999450683594,199.3690185546875,3181.0
2025-04-21,202.08999633789062,202.08999633789062,194.99000549316406,198.25999450683594,195.91050720214844,14779.0
2025-04-22,201.0,211.58999633789062,201.0,206.6999969482422,204.25048828125,17555.0
2025-04-23,209.0,212.0,202.10000610351562,202.7899932861328,200.38681030273438,8754.0
2025-04-24,201.1300048828125,205.47999572753906,197.25,199.0399932861328,196.68124389648438,4062.0
2025-04-25,199.4600067138672,203.08999633789062,190.8000030517578,194.1199951171875,191.81956481933594,8277.0
2025-04-28,196.10000610351562,204.99000549316406,196.10000610351562,203.86000061035156,201.4441375732422,9006.0
2025-04-29,201.0,208.72000122070312,190.00999450683594,194.63999938964844,192.33338928222656,15112.0
2025-04-30,191.1199951171875,195.88999938964844,191.1199951171875,192.24000549316406,189.9618377685547,3519.0
2025-05-02,195.0500030517578,198.99000549316406,192.5399932861328,194.39999389648438,192.0962371826172,2960.0
2025-05-05,196.6300048828125,198.8800048828125,192.0,194.74000549316406,192.43222045898438,3838.0
2025-05-06,193.6699981689453,198.0399932861328,184.41000366210938,186.75999450683594,184.54676818847656,8276.0
2025-05-07,189.9199981689453,192.75,186.1999969482422,187.17999267578125,184.9617919921875,4264.0
2025-05-08,190.4199981689453,191.0500030517578,182.39999389648438,185.02000427246094,182.82740783691406,8451.0
2025-05-09,186.36000061035156,186.36000061035156,180.3699951171875,183.77999877929688,181.6020965576172,3516.0
2025-05-12,194.6999969482422,197.19000244140625,190.0,194.5800018310547,192.27410888671875,9133.0
2025-05-13,198.0,199.57000732421875,195.1199951171875,197.60000610351562,195.25833129882812,4015.0
2025-05-14,196.7100067138672,201.8000030517578,196.2100067138672,201.1300048828125,198.7465057373047,3295.0
2025-05-15,201.75,208.6999969482422,198.10000610351562,199.88999938964844,197.52117919921875,21929.0
2025-05-16,201.91000366210938,204.64999389648438,199.0,202.24000549316406,199.84335327148438,2643.0
2025-05-19,199.1999969482422,206.5800018310547,199.1999969482422,204.41000366210938,201.9876251220703,10585.0
2025-05-20,203.0,204.52999877929688,196.10000610351562,197.72999572753906,195.38677978515625,4024.0
2025-05-21,201.69000244140625,202.17999267578125,198.5,199.77000427246094,197.40260314941406,2278.0
2025-05-22,197.5,202.1699981689453,197.5,200.94000244140625,198.55874633789062,596.0
2025-05-23,200.94000244140625,205.0,198.52999877929688,199.14999389648438,196.78994750976562,3389.0
2025-05-26,196.5,208.77999877929688,196.5,204.75,202.32359313964844,11416.0
2025-05-27,203.07000732421875,206.0,199.8699951171875,200.82000732421875,198.44017028808594,5076.0
2025-05-28,200.8000030517578,205.89999389648438,195.5500030517578,198.02999877929688,195.6832275390625,14224.0
2025-05-29,197.11000061035156,203.39999389648438,192.25,194.02999877929688,191.7306365966797,8825.0
2025-05-30,194.02000427246094,198.0,192.67999267578125,196.16000366210938,193.8354034423828,4725.0
2025-06-02,199.10000610351562,199.10000610351562,194.0,197.85000610351562,195.50535583496094,3669.0
2025-06-03,198.02000427246094,201.30999755859375,190.00999450683594,191.67999267578125,189.40846252441406,7964.0
2025-06-04,193.14999389648438,198.49000549316406,190.0,192.1199951171875,189.84324645996094,6094.0
2025-06-05,193.60000610351562,196.5,190.1699981689453,192.64999389648438,190.36697387695312,5062.0
2025-06-06,195.5,198.89999389648438,189.0500030517578,195.47000122070312,193.153564453125,5973.0
2025-06-09,196.25,199.89999389648438,194.5,198.00999450683594,195.6634521484375,3743.0
2025-06-10,198.0800018310547,202.49000549316406,196.52000427246094,200.52000427246094,198.1437225341797,3273.0
2025-06-11,201.4199981689453,201.4199981689453,193.61000061035156,194.9199981689453,192.61007690429688,8646.0
2025-06-12,195.1199951171875,201.89999389648438,192.0,193.64999389648438,191.35511779785156,6081.0
2025-06-13,192.02999877929688,199.72999572753906,187.8000030517578,192.75,190.46578979492188,18390.0
2025-06-16,194.5500030517578,195.0,191.3300018310547,193.52999877929688,191.23654174804688,2134.0
2025-06-17,196.2899932861328,196.35000610351562,194.05999755859375,194.8000030517578,192.4915008544922,1567.0
2025-06-18,195.5,199.0,194.00999450683594,195.44000244140625,193.12393188476562,2669.0
2025-06-19,196.41000366210938,196.6300048828125,191.50999450683594,192.52000427246094,190.238525390625,2092.0
2025-06-20,193.0,205.0,192.0,197.75999450683594,195.41641235351562,4104.0
2025-06-23,198.74000549316406,199.61000061035156,191.57000732421875,198.3800048828125,196.02908325195312,4638.0
2025-06-24,204.99000549316406,204.99000549316406,194.30999755859375,196.36000061035156,194.03302001953125,7889.0
2025-06-25,198.0,201.99000549316406,193.0,194.49000549316406,192.1851806640625,7234.0
2025-06-26,195.60000610351562,205.0,193.00999450683594,196.7899932861328,194.45791625976562,8400.0
2025-06-27,199.75,202.0,195.0,199.38999938964844,197.02711486816406,3207.0
2025-06-30,204.89999389648438,204.89999389648438,193.10000610351562,195.33999633789062,193.0251007080078,2873.0
2025-07-01,197.5399932861328,199.7100067138672,196.02000427246094,199.0500030517578,196.69114685058594,1962.0
2025-07-02,199.0500030517578,202.49000549316406,197.0,198.94000244140625,196.5824432373047,2675.0
2025-07-03,198.82000732421875,200.0,195.02000427246094,197.1300048828125,194.7938995361328,2554.0
2025-07-04,196.0,199.0800018310547,194.41000366210938,195.57000732421875,193.25238037109375,7462.0
2025-07-07,196.64999389648438,204.0,196.64999389648438,199.8000030517578,197.4322509765625,11019.0
2025-07-08,201.0,201.0,193.0,195.24000549316406,192.92628479003906,5904.0
2025-07-09,195.4499969482422,196.7899932861328,194.9199981689453,196.33999633789062,194.0132598876953,1035.0
2025-07-10,197.2899932861328,198.38999938964844,193.50999450683594,195.07000732421875,192.75831604003906,3997.0
2025-07-11,196.74000549316406,196.74000549316406,194.14999389648438,196.1300048828125,193.80575561523438,509.0
2025-07-14,196.1300048828125,197.0,193.1699981689453,194.22000122070312,191.91836547851562,1245.0
2025-07-15,196.2899932861328,198.60000610351562,192.25,193.10000610351562,190.81166076660156,9442.0
2025-07-16,194.58999633789062,196.0,193.0,194.3000030517578,191.9974365234375,5600.0
2025-07-17,195.89999389648438,201.0,193.0500030517578,197.13999938964844,194.80377197265625,5047.0
2025-07-18,199.0,199.0,194.1999969482422,194.72999572753906,192.4223175048828,2535.0
2025-07-21,196.08999633789062,196.39999389648438,194.39999389648438,195.86000061035156,193.5389404296875,878.0
2025-07-22,196.80999755859375,197.8000030517578,194.8800048828125,196.1999969482422,193.87490844726562,1897.0
2025-07-23,196.5500030517578,216.1699981689453,195.61000061035156,208.5,206.02915954589844,113301.0
2025-07-24,211.0,224.10000610351562,205.2100067138672,207.35000610351562,204.8927764892578,54957.0
2025-07-25,204.0,212.50999450683594,198.0,199.9600067138672,197.59036254882812,11739.0
2025-07-28,202.0,209.94000244140625,202.0,205.24000549316406,202.80780029296875,9071.0
2025-07-29,206.0500030517578,211.9600067138672,206.0,206.1999969482422,203.7563934326172,14931.0
2025-07-30,206.0,209.08999633789062,203.39999389648438,204.94000244140625,202.5113525390625,17599.0
2025-07-31,204.94000244140625,212.4499969482422,204.94000244140625,206.9499969482422,204.4975128173828,23027.0
2025-08-01,209.50999450683594,219.35000610351562,207.11000061035156,213.5399932861328,211.00941467285156,108264.0
2025-08-04,216.58999633789062,216.58999633789062,210.0399932861328,212.4600067138672,209.9422149658203,15378.0
2025-08-05,210.25,211.9499969482422,203.10000610351562,204.3300018310547,201.9085693359375,5222.0
2025-08-06,201.3000030517578,209.77999877929688,201.1999969482422,207.32000732421875,204.86314392089844,8715.0
2025-08-07,210.8800048828125,213.89999389648438,202.0,203.61000061035156,201.1970977783203,17690.0
2025-08-08,202.1999969482422,215.0,202.0,202.9600067138672,200.5548095703125,5621.0
2025-08-11,203.0,204.75,192.3800048828125,193.88999938964844,191.59228515625,22360.0
2025-08-12,193.0,197.8800048828125,187.00999450683594,189.2899932861328,187.0467987060547,16030.0
2025-08-13,190.7100067138672,193.0,185.10000610351562,186.0500030517578,183.84519958496094,10423.0
2025-08-14,190.97999572753906,190.97999572753906,181.0,184.11000061035156,181.92819213867188,7372.0
2025-08-18,191.6999969482422,191.6999969482422,180.25,181.58999633789062,179.43804931640625,17853.0
2025-08-19,183.9199981689453,185.85000610351562,181.0500030517578,184.61000061035156,182.42225646972656,7793.0
2025-08-20,185.08999633789062,191.6999969482422,183.13999938964844,189.27000427246094,187.0270538330078,4783.0
2025-08-21,186.1999969482422,193.0,186.1999969482422,190.8300018310547,188.5685577392578,3736.0
2025-08-22,189.7899932861328,191.8000030517578,187.5,190.44000244140625,188.1831817626953,1294.0
2025-08-25,193.0,193.0,186.5,186.8000030517578,184.5863037109375,11787.0
2025-08-26,187.4199981689453,189.97999572753906,186.39999389648438,187.1999969482422,184.9815673828125,2655.0
2025-08-28,187.25,187.25,184.5,185.27000427246094,183.07444763183594,2722.0
2025-08-29,188.10000610351562,188.1999969482422,186.16000366210938,187.75999450683594,185.53492736816406,1312.0
2025-09-01,190.0,191.6699981689453,187.2100067138672,187.6999969482422,185.4756317138672,1135.0
2025-09-02,185.8000030517578,195.8000030517578,185.8000030517578,187.0500030517578,184.83335876464844,2331.0
2025-09-03,188.44000244140625,195.99000549316406,186.10000610351562,192.60000610351562,190.3175811767578,6057.0
2025-09-04,195.36000061035156,195.36000061035156,189.22999572753906,190.52000427246094,188.26222229003906,4771.0
2025-09-05,194.7899932861328,194.7899932861328,188.39999389648438,189.66000366210938,187.4124298095703,1895.0
2025-09-08,194.77999877929688,194.77999877929688,191.25999450683594,192.02000427246094,190.7501983642578,991.0
2025-09-09,192.02999877929688,194.97000122070312,186.25,187.5399932861328,186.2998046875,5644.0
2025-09-10,188.64999389648438,191.97999572753906,186.0800018310547,187.9499969482422,186.7071075439453,8001.0
2025-09-11,190.89999389648438,190.89999389648438,185.0,185.4499969482422,184.2236328125,6452.0
2025-09-12,187.1999969482422,190.72000122070312,185.50999450683594,187.11000061035156,185.87266540527344,6821.0
2025-09-15,185.0,187.60000610351562,185.0,185.25999450683594,184.03489685058594,2153.0
2025-09-16,185.25999450683594,191.47999572753906,185.25999450683594,186.60000610351562,185.3660430908203,10028.0
2025-09-17,189.0,189.0,186.0,186.32000732421875,185.087890625,2012.0
2025-09-18,189.0,189.77999877929688,185.5500030517578,187.8000030517578,186.55810546875,2502.0
2025-09-19,188.0,189.0,185.89999389648438,186.0,184.77000427246094,1315.0
2025-09-22,186.0,188.89999389648438,181.57000732421875,183.25999450683594,182.04811096191406,4539.0
2025-09-23,186.00999450683594,186.60000610351562,183.0,183.64999389648438,182.43553161621094,1048.0
2025-09-24,186.0,187.64999389648438,182.3699951171875,183.42999267578125,182.2169952392578,1771.0
2025-09-25,186.89999389648438,186.89999389648438,183.99000549316406,184.74000549316406,183.51834106445312,113.0
2025-09-26,184.75,187.97000122070312,180.49000549316406,181.27999877929688,180.08120727539062,1781.0
2025-09-29,187.0,187.0,183.0,183.0,181.7898406982422,873.0
2025-09-30,183.0,188.22999572753906,180.3699951171875,186.14999389648438,184.91900634765625,8146.0
2025-10-01,187.00999450683594,187.00999450683594,181.60000610351562,182.10000610351562,180.8957977294922,4263.0
2025-10-03,186.74000549316406,186.74000549316406,183.4499969482422,183.94000244140625,182.7236328125,1256.0
2025-10-06,186.9600067138672,187.0,182.10000610351562,185.55999755859375,184.33290100097656,3759.0
2025-10-07,183.41000366210938,188.44000244140625,183.41000366210938,184.5399932861328,183.3196563720703,1465.0
2025-10-08,187.00999450683594,187.00999450683594,181.2100067138672,181.52000427246094,180.3196258544922,3093.0
2025-10-09,185.00999450683594,185.00999450683594,181.61000061035156,183.17999267578125,181.96864318847656,1324.0
2025-10-10,183.36000061035156,186.0,181.5,184.75999450683594,183.53819274902344,1641.0
2025-10-13,181.39999389648438,186.97000122070312,181.39999389648438,182.1699981689453,180.96533203125,1374.0
2025-10-14,182.6999969482422,182.6999969482422,178.0,179.60000610351562,178.41232299804688,3932.0
2025-10-15,180.60000610351562,184.3699951171875,175.10000610351562,176.7899932861328,175.6208953857422,11336.0
2025-10-16,178.55999755859375,184.6999969482422,175.3800048828125,177.47000122070312,176.29641723632812,4351.0
2025-10-17,178.80999755859375,181.38999938964844,176.50999450683594,177.08999633789062,175.91891479492188,1801.0
2025-10-20,177.08999633789062,181.89999389648438,174.0,175.02000427246094,173.86260986328125,4219.0
2025-10-21,181.99000549316406,181.99000549316406,171.5,174.69000244140625,173.5347900390625,2042.0
2025-10-23,174.69000244140625,178.97000122070312,171.57000732421875,174.47999572753906,173.326171875,3859.0
2025-10-24,175.50999450683594,183.67999267578125,175.05999755859375,182.52000427246094,181.31301879882812,8677.0
2025-10-27,192.39999389648438,192.39999389648438,181.0,184.08999633789062,182.8726348876953,3686.0
2025-10-28,184.0,187.9499969482422,181.10000610351562,182.0,180.79644775390625,980.0
2025-10-29,181.00999450683594,188.6999969482422,181.00999450683594,184.47000122070312,183.2501220703125,1876.0
2025-10-30,183.00999450683594,188.0,181.57000732421875,185.07000732421875,183.84616088867188,1287.0
2025-10-31,187.0,187.0,181.3699951171875,186.6199951171875,185.38589477539062,1454.0
2025-11-03,185.0,188.08999633789062,183.02000427246094,186.66000366210938,185.42564392089844,928.0
2025-11-04,188.0,188.0,183.02999877929688,184.17999267578125,182.9620361328125,424.0
2025-11-06,184.19000244140625,184.89999389648438,181.17999267578125,181.2899932861328,180.0911407470703,1371.0
2025-11-07,182.7899932861328,186.88999938964844,180.0,181.19000244140625,179.99180603027344,2989.0
2025-11-10,182.00999450683594,182.00999450683594,177.3699951171875,181.75,180.54811096191406,1761.0
2025-11-11,181.75,183.8000030517578,176.0,176.6999969482422,175.531494140625,5854.0
2025-11-12,179.10000610351562,188.3800048828125,176.99000549316406,183.4199981689453,182.20706176757812,7871.0
2025-11-13,183.0500030517578,187.5399932861328,178.0,179.33999633789062,178.15403747558594,2310.0
2025-11-14,178.1999969482422,180.0,176.10000610351562,178.47000122070312,177.289794921875,757.0
2025-11-17,178.60000610351562,184.77999877929688,177.25,184.39999389648438,183.18057250976562,4351.0
2025-11-18,183.0,183.0,173.80999755859375,176.89999389648438,175.7301788330078,3937.0
2025-11-19,181.39999389648438,184.5,177.8300018310547,178.05999755859375,176.88250732421875,1098.0
2025-11-20,178.05999755859375,183.49000549316406,178.05999755859375,179.1699981689453,177.98516845703125,1067.0
2025-11-21,180.0,180.0,176.39999389648438,177.3800048828125,176.20701599121094,463.0
2025-11-24,178.0,178.0,171.10000610351562,172.2899932861328,171.15065002441406,4357.0
2025-11-25,173.00999450683594,177.5,171.35000610351562,171.57000732421875,170.43544006347656,4052.0
2025-11-26,177.0,179.39999389648438,172.9199981689453,177.1300048828125,175.9586639404297,1061.0
2025-11-27,177.1300048828125,177.13999938964844,172.0,173.80999755859375,172.66061401367188,1407.0
2025-11-28,172.60000610351562,176.8000030517578,172.60000610351562,173.67999267578125,172.53146362304688,1879.0
2025-12-01,174.0,175.7899932861328,172.0,173.39999389648438,172.25331115722656,646.0
2025-12-02,174.44000244140625,179.39999389648438,173.00999450683594,177.9499969482422,176.7732391357422,5216.0
2025-12-03,177.9499969482422,177.9600067138672,174.14999389648438,176.86000061035156,175.69044494628906,489.0
2025-12-04,177.88999938964844,177.89999389648438,172.3699951171875,173.99000549316406,172.8394317626953,583.0
2025-12-05,175.8000030517578,178.0,172.5,174.47000122070312,173.31625366210938,608.0
2025-12-08,174.47999572753906,174.99000549316406,168.10000610351562,168.4600067138672,167.3459930419922,2867.0
2025-12-09,168.47000122070312,173.4499969482422,168.47000122070312,168.99000549316406,167.87249755859375,1150.0
2025-12-10,172.97999572753906,172.97999572753906,163.0,167.38999938964844,166.28306579589844,2193.0
2025-12-11,167.38999938964844,169.1999969482422,155.0,158.4600067138672,157.41212463378906,25610.0
2025-12-12,159.0,161.89999389648438,155.0,158.5399932861328,157.4915771484375,9121.0
2025-12-15,163.64999389648438,163.64999389648438,158.5,161.02000427246094,159.9552001953125,1011.0
2025-12-16,162.0,165.0,159.0,164.02000427246094,162.93536376953125,2253.0
2025-12-17,163.02000427246094,163.88999938964844,157.6999969482422,159.13999938964844,158.08761596679688,1693.0
2025-12-18,164.99000549316406,164.99000549316406,155.5,156.30999755859375,155.27633666992188,3800.0
2025-12-19,161.5,161.5,155.66000366210938,156.52999877929688,155.49488830566406,4492.0
2025-12-22,166.0,166.0,157.0,157.1999969482422,156.1604461669922,6822.0
2025-12-23,161.0,167.0,157.25,164.97999572753906,163.88900756835938,9337.0
2025-12-24,168.0,168.0,159.0,160.94000244140625,159.87571716308594,2807.0
2025-12-26,162.0,164.88999938964844,158.0,160.30999755859375,159.2498779296875,1027.0
2025-12-29,161.00999450683594,164.6999969482422,158.0,159.6699981689453,158.61412048339844,2205.0
2025-12-30,159.6699981689453,163.22000122070312,158.35000610351562,162.9499969482422,161.87242126464844,2622.0
2025-12-31,162.9600067138672,165.89999389648438,161.10000610351562,161.57000732421875,160.50155639648438,3477.0
2026-01-01,164.99000549316406,164.99000549316406,161.55999755859375,163.91000366210938,162.82608032226562,628.0
2026-01-02,163.91000366210938,164.89999389648438,159.0,163.25999450683594,162.1803741455078,2989.0
2026-01-05,166.5,174.99000549316406,165.30999755859375,168.77000427246094,167.65394592285156,2746.0
2026-01-06,169.0,173.8000030517578,163.22000122070312,168.27000427246094,167.15725708007812,3209.0
2026-01-07,168.3000030517578,175.0,166.55999755859375,167.83999633789062,166.73008728027344,4668.0
2026-01-08,167.13999938964844,170.22999572753906,162.3699951171875,162.60000610351562,161.52474975585938,925.0
2026-01-09,164.00999450683594,165.49000549316406,156.60000610351562,157.6199951171875,156.57766723632812,2638.0
2026-01-12,160.24000549316406,163.7899932861328,148.5,155.14999389648438,154.12400817871094,11598.0
2026-01-13,157.99000549316406,158.99000549316406,152.75,153.64999389648438,152.63392639160156,1639.0
2026-01-14,153.4600067138672,164.88999938964844,152.55999755859375,161.08999633789062,160.02471923828125,6643.0
2026-01-16,163.6999969482422,165.0,160.00999450683594,163.07000732421875,161.99163818359375,3263.0
2026-01-19,163.0,163.0,158.0,158.39999389648438,157.35250854492188,413.0
2026-01-20,158.00999450683594,162.6999969482422,153.10000610351562,158.3000030517578,157.253173828125,1880.0
2026-01-21,158.30999755859375,161.5,154.1999969482422,155.22000122070312,154.19354248046875,7197.0
2026-01-22,161.1999969482422,161.1999969482422,152.02999877929688,154.1199951171875,153.10081481933594,2228.0
2026-01-23,160.0,160.0,155.0,156.9600067138672,155.9220428466797,1083.0
2026-01-27,155.00999450683594,159.49000549316406,155.0,157.30999755859375,156.2697296142578,1354.0
2026-01-28,159.0,164.1999969482422,155.55999755859375,158.39999389648438,157.35250854492188,3650.0
2026-01-29,157.00999450683594,161.75,154.1199951171875,154.5500030517578,153.52798461914062,3780.0
2026-01-30,154.5500030517578,161.0,154.5500030517578,159.38999938964844,158.33596801757812,1769.0
2026-02-02,161.44000244140625,161.44000244140625,158.5500030517578,158.64999389648438,157.60086059570312,248.0
2026-02-03,160.00999450683594,165.89999389648438,159.0,161.60000610351562,160.53135681152344,836.0
2026-02-04,163.89999389648438,163.97999572753906,159.14999389648438,163.47999572753906,162.39892578125,1383.0
2026-02-05,163.47999572753906,163.49000549316406,159.22999572753906,160.19000244140625,159.13067626953125,400.0
2026-02-06,165.0,165.0,158.0,158.13999938964844,157.09423828125,1342.0
2026-02-09,163.99000549316406,176.0,159.17999267578125,165.27999877929688,164.18701171875,17261.0
2026-02-10,165.74000549316406,174.89999389648438,165.74000549316406,172.47999572753906,171.3394012451172,7741.0
2026-02-11,179.89999389648438,179.89999389648438,173.0,177.0500030517578,175.8791961669922,2972.0
2026-02-12,172.5,176.97999572753906,171.99000549316406,173.6699981689453,172.5215301513672,1086.0
2026-02-13,172.00999450683594,174.9499969482422,167.0,170.10000610351562,168.97515869140625,1636.0
2026-02-16,176.99000549316406,176.99000549316406,168.10000610351562,168.11000061035156,166.99830627441406,2688.0
2026-02-17,168.16000366210938,173.0,168.16000366210938,169.0,167.88241577148438,635.0
2026-02-18,172.99000549316406,175.0,168.49000549316406,173.94000244140625,172.7897491455078,3377.0
2026-02-19,173.0,173.0,170.00999450683594,172.86000061035156,171.71688842773438,212.0
2026-02-20,175.99000549316406,176.0,168.0,169.64999389648438,168.5281219482422,644.0
2026-02-23,169.64999389648438,172.0,166.30999755859375,167.91000366210938,166.7996368408203,1416.0
2026-02-24,170.9199981689453,170.9199981689453,166.0,169.27999877929688,168.1605682373047,1004.0
2026-02-25,167.0,172.00999450683594,167.0,168.3000030517578,167.1870574951172,2040.0
2026-02-26,172.17999267578125,176.39999389648438,169.02000427246094,169.8699951171875,168.7466583251953,852.0
2026-02-27,168.6300048828125,169.8699951171875,166.0,168.8699951171875,167.75328063964844,966.0
2026-03-02,168.8699951171875,169.10000610351562,161.0,161.00999450683594,159.94525146484375,3600.0
2026-03-04,161.0,163.99000549316406,154.1300048828125,155.83999633789062,154.8094482421875,4113.0
2026-03-05,157.00999450683594,160.0,154.5,156.44000244140625,155.40548706054688,765.0
2026-03-06,156.60000610351562,159.0,153.35000610351562,155.44000244140625,154.41209411621094,544.0
2026-03-09,155.44000244140625,157.99000549316406,151.02999877929688,157.9600067138672,156.91543579101562,2817.0
2026-03-10,157.0,159.5,152.4499969482422,154.8800048828125,153.85580444335938,1855.0
2026-03-11,158.99000549316406,162.49000549316406,157.0,159.33999633789062,158.2863006591797,1843.0
2026-03-12,159.5,159.50999450683594,153.5500030517578,154.55999755859375,153.53790283203125,9905.0
2026-03-13,155.58999633789062,158.99000549316406,153.5500030517578,153.63999938964844,152.62399291992188,2421.0
2026-03-16,152.5500030517578,152.5500030517578,145.3699951171875,146.57000732421875,145.6007537841797,9813.0
2026-03-17,148.9499969482422,149.5,142.0,142.49000549316406,141.5477294921875,55725.0
2026-03-18,142.14999389648438,146.97000122070312,140.1699981689453,144.17999267578125,143.22654724121094,4753.0
2026-03-19,143.0,147.8000030517578,141.5500030517578,142.80999755859375,141.86561584472656,6662.0
2026-03-20,147.0,147.0,138.0,139.16000366210938,138.23974609375,56250.0
2026-03-23,139.16000366210938,139.94000244140625,133.2100067138672,138.0,137.08741760253906,1402.0
2026-03-24,146.0,146.0,138.0,139.5500030517578,138.62716674804688,3572.0
2026-03-25,143.89999389648438,144.5,140.0,141.91000366210938,140.97157287597656,1442.0
2026-03-27,141.91000366210938,141.91000366210938,130.10000610351562,131.0,130.1337127685547,5703.0
2026-03-30,129.0,135.99000549316406,124.98999786376953,125.22000122070312,124.39193725585938,4670.0
2026-04-01,133.99000549316406,142.0,127.02999877929688,141.67999267578125,140.74307250976562,5007.0
2026-04-02,142.5,142.99000549316406,137.11000061035156,138.8300018310547,137.91192626953125,4714.0
2026-04-06,141.8000030517578,144.88999938964844,139.0,141.66000366210938,140.7232208251953,3267.0
2026-04-07,145.89999389648438,149.39999389648438,141.89999389648438,143.3300018310547,142.38217163085938,11572.0
2026-04-08,162.0,162.0,143.50999450683594,147.9499969482422,146.97161865234375,23092.0
2026-04-09,147.00999450683594,151.49000549316406,145.25,148.0,147.0212860107422,3205.0
2026-04-10,145.25999450683594,151.10000610351562,145.25999450683594,149.97000122070312,148.978271484375,997.0
2026-04-13,148.97999572753906,148.97999572753906,144.0,145.66000366210938,144.69676208496094,717.0
2026-04-15,149.99000549316406,154.8699951171875,146.5,152.99000549316406,151.97830200195312,4058.0
2026-04-16,150.0,156.88999938964844,148.14999389648438,155.69000244140625,154.6604461669922,3345.0
2026-04-17,155.97999572753906,158.49000549316406,154.11000061035156,157.5800018310547,156.53794860839844,2342.0
2026-04-20,157.57000732421875,160.94000244140625,152.35000610351562,153.5500030517578,152.5345916748047,1880.0
2026-04-21,153.50999450683594,157.39999389648438,152.6999969482422,154.32000732421875,153.29949951171875,1551.0
2026-04-22,157.49000549316406,157.5,153.08999633789062,155.99000549316406,154.95846557617188,69.0
2026-04-23,155.97999572753906,156.99000549316406,150.0,155.8800048828125,154.84918212890625,3057.0
2026-04-24,156.8000030517578,156.8000030517578,151.0,151.5500030517578,150.54782104492188,967.0
2026-04-27,151.57000732421875,159.0,151.5500030517578,158.0,156.95516967773438,1280.0
2026-04-28,161.11000061035156,161.11000061035156,155.25,158.85000610351562,157.79954528808594,4016.0
2026-04-29,160.00999450683594,160.02000427246094,155.0,157.94000244140625,156.89556884765625,1909.0
2026-04-30,159.3000030517578,159.3000030517578,150.0,153.0500030517578,152.03790283203125,5455.0
2026-05-04,154.00999450683594,157.7899932861328,154.0,154.16000366210938,153.14056396484375,130.0
2026-05-05,156.0,156.0,151.10000610351562,154.0399932861328,153.02134704589844,656.0
2026-05-06,154.0399932861328,156.99000549316406,151.25,153.32000732421875,152.30612182617188,1941.0
2026-05-07,155.89999389648438,162.99000549316406,153.27000427246094,158.64999389648438,157.60086059570312,3927.0
2026-05-08,158.64999389648438,159.5500030517578,151.39999389648438,155.5500030517578,154.5213623046875,2279.0
2026-05-11,154.77999877929688,157.0,152.25,153.63999938964844,152.62399291992188,3625.0
2026-05-12,155.0,155.0,149.10000610351562,149.8800048828125,148.8888702392578,1823.0
2026-05-13,153.99000549316406,154.99000549316406,150.64999389648438,154.58999633789062,153.5677032470703,737.0
2026-05-14,153.02000427246094,156.0,150.0,152.5,151.4915313720703,1918.0
2026-05-15,154.99000549316406,154.99000549316406,151.0,153.88999938964844,152.87234497070312,247.0
2026-05-18,151.0,159.0,147.11000061035156,147.47999572753906,146.50473022460938,3584.0
2026-05-19,148.0500030517578,152.85000610351562,148.0,148.0800018310547,147.10076904296875,2197.0
2026-05-20,147.35000610351562,150.99000549316406,147.35000610351562,147.39999389648438,146.4252471923828,539.0
2026-05-21,148.0,153.0,148.0,150.92999267578125,149.93191528320312,1644.0
2026-05-22,154.60000610351562,156.4499969482422,151.8800048828125,152.42999267578125,151.42198181152344,451.0
2026-05-25,152.10000610351562,154.89999389648438,150.0,150.7100067138672,149.71337890625,2761.0
2026-05-26,151.52000427246094,151.6999969482422,147.94000244140625,148.1300048828125,147.1504364013672,2193.0
2026-05-27,151.4499969482422,151.4499969482422,151.4499969482422,151.4499969482422,150.44847106933594,4.0
2026-05-28,151.4499969482422,151.4499969482422,151.4499969482422,151.4499969482422,150.44847106933594,0.0
2026-05-29,151.4499969482422,151.5,146.0,147.60000610351562,146.6239471435547,694.0
2026-06-01,148.3300018310547,148.3300018310547,142.3000030517578,144.17999267578125,143.22654724121094,2226.0
2026-06-02,144.99000549316406,147.89999389648438,141.10000610351562,143.13999938964844,142.1934356689453,791.0
2026-06-03,143.13999938964844,143.72000122070312,140.8000030517578,143.6999969482422,142.74972534179688,561.0
2026-06-04,143.6999969482422,151.0,143.6999969482422,145.6300048828125,144.66696166992188,485.0
2026-06-05,150.69000244140625,150.69000244140625,147.5,149.85000610351562,148.85906982421875,782.0
2026-06-08,148.0,149.0,144.0,148.25,147.26963806152344,355.0
2026-06-09,149.0,151.0,144.25,149.05999755859375,148.07427978515625,988.0
2026-06-10,148.0,149.0,146.0,146.0,145.03451538085938,748.0
2026-06-11,146.0,156.0,144.0,152.91000366210938,151.89881896972656,13614.0
2026-06-12,158.0,160.0,154.1199951171875,154.4600067138672,153.43858337402344,5890.0
2026-06-15,151.50999450683594,160.6999969482422,151.50999450683594,159.83999633789062,158.78298950195312,6377.0
2026-06-16,159.0,159.99000549316406,154.10000610351562,156.6199951171875,155.58428955078125,1057.0
2026-06-17,156.6199951171875,159.89999389648438,153.35000610351562,158.94000244140625,157.88894653320312,1336.0
2026-06-18,164.5,164.5,155.11000061035156,159.1699981689453,158.11741638183594,2327.0
2026-06-19,162.99000549316406,162.99000549316406,156.10000610351562,156.69000244140625,155.65382385253906,176.0
2026-06-22,160.10000610351562,160.10000610351562,154.35000610351562,158.6699981689453,157.6207275390625,258.0
2026-06-23,158.0,159.89999389648438,155.0,155.60000610351562,154.571044921875,219.0
2026-06-24,159.0,159.7899932861328,155.5,158.13999938964844,157.09423828125,1358.0
2026-06-25,157.0,160.0,154.35000610351562,155.66000366210938,154.63064575195312,965.0
2026-06-26,155.66000366210938,155.66000366210938,155.66000366210938,155.66000366210938,154.63064575195312,0.0
2026-06-29,157.0,157.0,153.0,153.02999877929688,152.0180206298828,560.0
2026-06-30,152.97999572753906,155.0,151.1999969482422,154.00999450683594,152.99154663085938,1122.0
2026-07-01,155.0,156.72999572753906,153.0,153.0500030517578,152.03790283203125,86.0
2026-07-02,153.1999969482422,157.5,153.1999969482422,155.10000610351562,154.0743408203125,1109.0
2026-07-03,154.0,157.99000549316406,153.1999969482422,154.1699981689453,153.15048217773438,3278.0
2026-07-06,154.94000244140625,157.0,152.25,154.1999969482422,153.18028259277344,298.0
2026-07-07,152.52999877929688,161.8000030517578,152.52000427246094,154.9600067138672,153.93527221679688,7203.0
2026-07-08,156.89999389648438,158.5,153.0,153.27999877929688,152.26637268066406,911.0
2026-07-09,156.5,156.5,151.5,153.27000427246094,152.25643920898438,367.0
2026-07-10,156.0,156.5,151.5500030517578,152.7899932861328,151.77960205078125,1816.0
2026-07-13,152.60000610351562,158.0,152.60000610351562,157.02999877929688,155.9915771484375,2332.0
2026-07-14,156.0,157.0,153.0500030517578,154.1999969482422,153.18028259277344,776.0
2026-07-15,154.22999572753906,155.10000610351562,154.1999969482422,154.1999969482422,153.18028259277344,444.0
2026-07-16,154.30999755859375,154.39999389648438,153.0,153.02000427246094,152.0081024169922,723.0
2026-07-17,152.0,155.3000030517578,150.25,154.41000366210938,153.38890075683594,1802.0
2026-07-20,153.6999969482422,155.89999389648438,152.0,152.47000122070312,151.46173095703125,1048.0
2026-07-21,154.89999389648438,154.89999389648438,152.0,152.0500030517578,151.0445098876953,198.0
2026-07-22,150.25999450683594,153.3000030517578,150.25999450683594,153.00999450683594,151.99815368652344,240.0
2026-07-23,152.0,152.0,147.55999755859375,148.72000122070312,147.7365264892578,771.0
2026-07-24,148.00999450683594,152.97999572753906,147.0,147.49000549316406,146.51466369628906,1317.0
2026-07-27,147.49000549316406,151.0,145.5,146.1199951171875,145.15371704101562,319.0
2026-07-28,150.0,151.0,145.75,149.4199981689453,148.43190002441406,450.0
2026-07-29,148.75,151.89999389648438,147.5,148.3800048828125,147.39878845214844,191.0
2026-07-30,147.0,151.0,146.0,147.3800048828125,146.4053955078125,2094.0
2026-07-31,146.10000610351562,148.8800048828125,145.25,147.2899932861328,146.31597900390625,778.0
2026-08-03,146.0,151.0,144.0,146.47000122070312,145.50140380859375,3008.0
2026-08-04,148.5,151.0,146.0,148.75,147.76632690429688,3054.0
2026-08-05,148.75,153.6300048828125,145.55999755859375,147.3800048828125,146.4053955078125,4284.0
2026-08-06,148.0,150.88999938964844,148.0,148.25,147.26963806152344,1058.0
2026-08-07,152.16000366210938,154.5,151.99000549316406,152.02000427246094,151.01470947265625,4513.0
2026-08-10,164.89999389648438,166.89999389648438,154.11000061035156,161.6199951171875,160.5512237548828,10125.0
2026-08-11,160.0,165.25,154.39999389648438,155.3800048828125,154.3524932861328,1744.0
2026-08-12,157.9499969482422,157.9499969482422,147.10000610351562,149.39999389648438,148.4120330810547,9665.0
2026-08-13,152.8800048828125,152.8800048828125,145.0,149.94000244140625,148.94847106933594,3375.0
2026-08-14,152.0,153.86000061035156,149.35000610351562,151.22000122070312,150.22000122070312,1967.0
2026-08-17,155.0,155.0,148.00999450683594,152.44000244140625,152.44000244140625,1811.0
2026-08-18,154.89999389648438,156.0,148.0,153.39999389648438,153.39999389648438,1846.0
2026-08-19,152.11000061035156,153.8699951171875,150.6199951171875,152.0500030517578,152.0500030517578,1617.0
2026-08-20,151.0,154.88999938964844,148.1199951171875,149.66000366210938,149.66000366210938,2843.0
2026-08-21,150.02000427246094,152.47999572753906,149.0,149.16000366210938,149.16000366210938,465.0
2026-08-24,149.2100067138672,153.89999389648438,149.0,149.3300018310547,149.3300018310547,358.0
2026-08-25,149.3000030517578,153.97999572753906,149.3000030517578,149.99000549316406,149.99000549316406,447.0
2026-08-26,151.0,153.25,151.0,151.82000732421875,151.82000732421875,559.0
2026-08-27,151.02000427246094,151.8000030517578,148.35000610351562,149.22999572753906,149.22999572753906,201.0
2026-08-28,148.0,159.89999389648438,148.0,155.9600067138672,155.9600067138672,4146.0
2026-08-31,156.25,160.99000549316406,156.25,157.33999633789062,157.33999633789062,4308.0
2026-09-01,154.5500030517578,166.0,151.55999755859375,159.5399932861328,159.5399932861328,2885.0
2026-09-02,161.13999938964844,165.8000030517578,155.22999572753906,159.8000030517578,159.8000030517578,2599.0
2026-09-03,161.1999969482422,164.75,159.02000427246094,162.80999755859375,162.80999755859375,4035.0
2026-09-04,163.88999938964844,166.00999450683594,161.60000610351562,162.19000244140625,162.19000244140625,964.0
2026-09-08,165.1999969482422,165.25999450683594,160.24000549316406,160.25999450683594,160.25999450683594,2922.0
2026-09-09,160.00999450683594,160.00999450683594,150.8000030517578,153.91000366210938,153.91000366210938,2386.0
2026-09-10,160.85000610351562,160.85000610351562,155.0,155.27999877929688,155.27999877929688,338.0
2026-09-11,161.97999572753906,161.97999572753906,157.0,157.1999969482422,157.1999969482422,808.0
2026-09-15,157.1999969482422,158.89999389648438,153.22000122070312,155.52999877929688,155.52999877929688,327.0
