date,open,high,low,close,adjclose,volume
2021-09-15,68.5,69.55000305175781,66.9000015258789,67.94999694824219,67.94999694824219,136956.0
2021-09-16,68.44999694824219,69.69999694824219,67.0,68.0999984741211,68.0999984741211,119522.0
2021-09-17,68.0999984741211,69.5,66.1500015258789,67.25,67.25,63540.0
2021-09-20,67.0,67.75,65.69999694824219,66.05000305175781,66.05000305175781,69733.0
2021-09-21,65.5,67.05000305175781,63.599998474121094,64.0,64.0,141224.0
2021-09-22,64.0,65.5999984741211,63.70000076293945,64.0999984741211,64.0999984741211,100197.0
2021-09-23,64.94999694824219,67.0,63.70000076293945,64.0999984741211,64.0999984741211,104718.0
2021-09-24,63.0,64.8499984741211,63.0,63.849998474121094,63.849998474121094,57455.0
2021-09-27,64.0,65.0,62.75,63.0,63.0,83759.0
2021-09-28,62.79999923706055,65.44999694824219,62.25,63.20000076293945,63.20000076293945,84913.0
2021-09-29,62.5,65.80000305175781,62.5,64.6500015258789,64.6500015258789,131243.0
2021-09-30,65.8499984741211,65.8499984741211,64.05000305175781,64.30000305175781,64.30000305175781,75663.0
2021-10-01,64.94999694824219,65.0,63.20000076293945,63.900001525878906,63.900001525878906,61526.0
2021-10-04,64.94999694824219,65.80000305175781,62.95000076293945,63.099998474121094,63.099998474121094,151874.0
2021-10-05,63.599998474121094,64.4000015258789,62.5,63.20000076293945,63.20000076293945,136060.0
2021-10-06,63.900001525878906,66.3499984741211,63.0,66.25,66.25,238825.0
2021-10-07,68.5,69.0,63.5,64.6500015258789,64.6500015258789,197513.0
2021-10-08,65.0,65.8499984741211,63.25,63.79999923706055,63.79999923706055,166976.0
2021-10-11,63.79999923706055,64.80000305175781,63.099998474121094,63.45000076293945,63.45000076293945,95475.0
2021-10-12,63.400001525878906,65.0,63.04999923706055,63.79999923706055,63.79999923706055,146818.0
2021-10-13,64.69999694824219,64.69999694824219,60.150001525878906,62.900001525878906,62.900001525878906,190382.0
2021-10-14,63.0,64.69999694824219,62.599998474121094,63.099998474121094,63.099998474121094,64621.0
2021-10-18,64.0,64.30000305175781,62.400001525878906,62.70000076293945,62.70000076293945,96534.0
2021-10-19,62.79999923706055,63.400001525878906,61.099998474121094,61.5,61.5,117619.0
2021-10-20,61.04999923706055,62.45000076293945,60.25,60.650001525878906,60.650001525878906,63578.0
2021-10-21,60.79999923706055,61.04999923706055,59.150001525878906,59.54999923706055,59.54999923706055,99689.0
2021-10-22,59.599998474121094,61.95000076293945,58.95000076293945,59.150001525878906,59.150001525878906,83784.0
2021-10-25,60.0,60.5,57.0,57.900001525878906,57.900001525878906,71390.0
2021-10-26,58.0,60.5,55.150001525878906,59.20000076293945,59.20000076293945,111090.0
2021-10-27,59.95000076293945,63.70000076293945,59.099998474121094,62.349998474121094,62.349998474121094,181280.0
2021-10-28,63.0,63.0,59.29999923706055,59.900001525878906,59.900001525878906,75257.0
2021-10-29,60.0,60.150001525878906,57.599998474121094,58.95000076293945,58.95000076293945,65544.0
2021-11-01,60.45000076293945,62.45000076293945,60.0,61.04999923706055,61.04999923706055,46083.0
2021-11-02,67.1500015258789,67.1500015258789,67.1500015258789,67.1500015258789,67.1500015258789,228866.0
2021-11-03,71.5,73.8499984741211,69.0,73.8499984741211,73.8499984741211,797919.0
2021-11-04,76.80000305175781,78.94999694824219,75.0,77.05000305175781,77.05000305175781,461671.0
2021-11-08,78.0,78.69999694824219,73.19999694824219,73.3499984741211,73.3499984741211,450054.0
2021-11-09,74.19999694824219,74.44999694824219,70.05000305175781,73.3499984741211,73.3499984741211,223930.0
2021-11-10,73.9000015258789,75.80000305175781,72.30000305175781,73.8499984741211,73.8499984741211,206257.0
2021-11-11,74.25,75.80000305175781,73.94999694824219,74.5999984741211,74.5999984741211,126235.0
2021-11-12,75.80000305175781,75.80000305175781,73.6500015258789,74.3499984741211,74.3499984741211,119622.0
2021-11-15,75.80000305175781,76.5,73.0999984741211,73.5,73.5,157222.0
2021-11-16,74.4000015258789,74.94999694824219,71.5,72.0999984741211,72.0999984741211,98669.0
2021-11-17,72.5999984741211,75.69999694824219,70.80000305175781,75.69999694824219,75.69999694824219,250795.0
2021-11-18,77.0,77.94999694824219,71.94999694824219,73.8499984741211,73.8499984741211,394525.0
2021-11-22,74.0,75.25,70.19999694824219,70.3499984741211,70.3499984741211,171460.0
2021-11-23,68.25,73.05000305175781,68.0,71.3499984741211,71.3499984741211,128026.0
2021-11-24,71.0,74.5,70.4000015258789,72.19999694824219,72.19999694824219,174386.0
2021-11-25,71.80000305175781,75.80000305175781,71.55000305175781,75.80000305175781,75.80000305175781,198288.0
2021-11-26,75.5,79.55000305175781,74.80000305175781,79.55000305175781,79.55000305175781,478399.0
2021-11-29,81.3499984741211,82.5,75.5999984741211,76.5999984741211,76.5999984741211,391989.0
2021-11-30,74.25,78.4000015258789,74.25,74.75,74.75,186541.0
2021-12-01,74.9000015258789,77.0999984741211,73.30000305175781,74.75,74.75,123955.0
2021-12-02,76.9000015258789,76.9000015258789,73.44999694824219,74.44999694824219,74.44999694824219,85817.0
2021-12-03,74.44999694824219,75.5,72.5999984741211,72.94999694824219,72.94999694824219,135030.0
2021-12-06,73.94999694824219,74.4000015258789,72.0,72.25,72.25,69282.0
2021-12-07,73.25,75.0,72.4000015258789,73.0999984741211,73.0999984741211,113279.0
2021-12-08,73.94999694824219,73.94999694824219,71.1500015258789,72.5999984741211,72.5999984741211,74860.0
2021-12-09,72.6500015258789,73.3499984741211,72.4000015258789,72.5999984741211,72.5999984741211,39538.0
2021-12-10,73.4000015258789,74.80000305175781,72.5,72.94999694824219,72.94999694824219,68810.0
2021-12-13,72.5999984741211,75.9000015258789,71.5,72.25,72.25,160641.0
2021-12-14,73.4000015258789,74.4000015258789,72.19999694824219,73.4000015258789,73.4000015258789,106854.0
2021-12-15,73.4000015258789,73.9000015258789,71.5999984741211,72.25,72.25,106683.0
2021-12-16,72.94999694824219,73.5,71.19999694824219,71.55000305175781,71.55000305175781,84325.0
2021-12-17,72.0,72.0,69.69999694824219,70.4000015258789,70.4000015258789,73022.0
2021-12-20,69.5,71.0,65.0,65.94999694824219,65.94999694824219,113862.0
2021-12-21,66.0,68.5,66.0,67.30000305175781,67.30000305175781,40632.0
2021-12-22,67.9000015258789,69.55000305175781,64.19999694824219,65.80000305175781,65.80000305175781,82614.0
2021-12-23,66.44999694824219,69.5,66.30000305175781,68.19999694824219,68.19999694824219,79017.0
2021-12-24,69.0,69.0,66.5999984741211,67.4000015258789,67.4000015258789,70694.0
2021-12-27,67.4000015258789,69.3499984741211,66.44999694824219,67.25,67.25,95368.0
2021-12-28,67.94999694824219,70.6500015258789,66.5999984741211,67.69999694824219,67.69999694824219,129555.0
2021-12-29,69.1500015258789,69.3499984741211,67.5999984741211,68.1500015258789,68.1500015258789,30274.0
2021-12-30,69.0,69.1500015258789,67.5,67.94999694824219,67.94999694824219,40572.0
2021-12-31,68.44999694824219,69.0999984741211,65.69999694824219,67.94999694824219,67.94999694824219,60781.0
2022-01-03,68.0999984741211,74.69999694824219,68.0,74.69999694824219,74.69999694824219,330523.0
2022-01-04,75.9000015258789,82.1500015258789,73.0,82.1500015258789,82.1500015258789,1372813.0
2022-01-05,85.5,85.8499984741211,80.0,80.69999694824219,80.69999694824219,736933.0
2022-01-06,80.69999694824219,82.5,78.5,81.55000305175781,81.55000305175781,238912.0
2022-01-07,82.69999694824219,83.0,78.0,79.1500015258789,79.1500015258789,206424.0
2022-01-10,80.8499984741211,83.0,79.5,80.8499984741211,80.8499984741211,195983.0
2022-01-11,80.9000015258789,81.69999694824219,79.05000305175781,79.30000305175781,79.30000305175781,91464.0
2022-01-12,81.5999984741211,81.5999984741211,76.69999694824219,77.55000305175781,77.55000305175781,146819.0
2022-01-13,78.30000305175781,78.9000015258789,76.05000305175781,76.55000305175781,76.55000305175781,122111.0
2022-01-14,76.55000305175781,83.94999694824219,76.5,80.0999984741211,80.0999984741211,387929.0
2022-01-17,80.75,88.0999984741211,80.69999694824219,83.0,83.0,593861.0
2022-01-18,84.9000015258789,85.5999984741211,80.6500015258789,81.0,81.0,163760.0
2022-01-19,81.69999694824219,87.69999694824219,78.5,83.75,83.75,538266.0
2022-01-20,84.19999694824219,85.4000015258789,82.0,82.9000015258789,82.9000015258789,142267.0
2022-01-21,82.3499984741211,84.1500015258789,80.0,80.69999694824219,80.69999694824219,165615.0
2022-01-24,79.5,81.69999694824219,73.0,76.94999694824219,76.94999694824219,188825.0
2022-01-25,77.0,78.5999984741211,74.25,76.94999694824219,76.94999694824219,79980.0
2022-01-27,76.0,77.0999984741211,72.0,74.9000015258789,74.9000015258789,109507.0
2022-01-28,76.9000015258789,78.5,75.25,77.0999984741211,77.0999984741211,82266.0
2022-01-31,77.5,78.75,75.44999694824219,76.0,76.0,62060.0
2022-02-01,77.3499984741211,80.5,75.9000015258789,80.0999984741211,80.0999984741211,302488.0
2022-02-02,80.0999984741211,83.1500015258789,79.5999984741211,81.55000305175781,81.55000305175781,172520.0
2022-02-03,81.5999984741211,85.25,80.55000305175781,83.4000015258789,83.4000015258789,223551.0
2022-02-04,84.0,85.3499984741211,83.4000015258789,84.5,84.5,184319.0
2022-02-07,84.94999694824219,89.9000015258789,84.55000305175781,88.0,88.0,589694.0
2022-02-08,88.80000305175781,89.4000015258789,83.75,86.9000015258789,86.9000015258789,225742.0
2022-02-09,86.19999694824219,87.5999984741211,78.75,79.69999694824219,79.69999694824219,399303.0
2022-02-10,80.80000305175781,80.9000015258789,75.30000305175781,75.9000015258789,75.9000015258789,236157.0
2022-02-11,75.94999694824219,78.4000015258789,74.0999984741211,76.69999694824219,76.69999694824219,98344.0
2022-02-14,76.69999694824219,77.4000015258789,71.55000305175781,72.69999694824219,72.69999694824219,108715.0
2022-02-15,73.25,75.4000015258789,69.5,72.69999694824219,72.69999694824219,94615.0
2022-02-16,73.9000015258789,75.0999984741211,71.55000305175781,73.05000305175781,73.05000305175781,73502.0
2022-02-17,73.8499984741211,74.0999984741211,71.55000305175781,71.80000305175781,71.80000305175781,43860.0
2022-02-18,72.4000015258789,73.5999984741211,70.5,72.05000305175781,72.05000305175781,67266.0
2022-02-21,71.80000305175781,72.9000015258789,69.69999694824219,70.19999694824219,70.19999694824219,70111.0
2022-02-22,69.9000015258789,71.19999694824219,68.05000305175781,69.69999694824219,69.69999694824219,92176.0
2022-02-23,69.69999694824219,72.80000305175781,68.19999694824219,69.25,69.25,82295.0
2022-02-24,65.30000305175781,68.30000305175781,61.79999923706055,63.04999923706055,63.04999923706055,173166.0
2022-02-25,64.05000305175781,70.4000015258789,64.05000305175781,67.6500015258789,67.6500015258789,158131.0
2022-02-28,66.5,73.5,58.900001525878906,68.9000015258789,68.9000015258789,194654.0
2022-03-02,68.0,71.9000015258789,67.5999984741211,68.4000015258789,68.4000015258789,68613.0
2022-03-03,68.05000305175781,70.0,65.19999694824219,66.94999694824219,66.94999694824219,108138.0
2022-03-04,66.0999984741211,71.0999984741211,65.0999984741211,67.19999694824219,67.19999694824219,96399.0
2022-03-07,66.94999694824219,69.1500015258789,63.5,65.3499984741211,65.3499984741211,103282.0
2022-03-08,65.0,67.6500015258789,64.5999984741211,65.0999984741211,65.0999984741211,63206.0
2022-03-09,66.4000015258789,69.0,66.0,68.4000015258789,68.4000015258789,46258.0
2022-03-10,69.0,71.5,68.19999694824219,68.5,68.5,77697.0
2022-03-11,68.69999694824219,71.0,68.5,70.1500015258789,70.1500015258789,43270.0
2022-03-14,69.30000305175781,70.75,67.5,68.30000305175781,68.30000305175781,56884.0
2022-03-15,68.80000305175781,69.0999984741211,67.25,67.5,67.5,33730.0
2022-03-16,68.25,69.0999984741211,65.9000015258789,66.94999694824219,66.94999694824219,107321.0
2022-03-17,67.9000015258789,70.5,66.94999694824219,68.55000305175781,68.55000305175781,66067.0
2022-03-21,69.0,69.9000015258789,67.5,67.75,67.75,48843.0
2022-03-22,67.75,69.0,66.80000305175781,67.30000305175781,67.30000305175781,119002.0
2022-03-23,67.94999694824219,68.6500015258789,66.5,67.0,67.0,94387.0
2022-03-24,67.94999694824219,68.30000305175781,66.0,66.4000015258789,66.4000015258789,59254.0
2022-03-25,66.75,67.5,65.05000305175781,65.69999694824219,65.69999694824219,83521.0
2022-03-28,65.69999694824219,65.9000015258789,63.29999923706055,63.95000076293945,63.95000076293945,81782.0
2022-03-29,64.94999694824219,64.94999694824219,61.95000076293945,62.45000076293945,62.45000076293945,116364.0
2022-03-30,63.0,64.0,60.20000076293945,61.150001525878906,61.150001525878906,143650.0
2022-03-31,61.150001525878906,71.80000305175781,61.150001525878906,66.6500015258789,66.6500015258789,515857.0
2022-04-01,66.6500015258789,68.80000305175781,66.05000305175781,68.0999984741211,68.0999984741211,95479.0
2022-04-04,68.5999984741211,71.75,67.75,69.94999694824219,69.94999694824219,176064.0
2022-04-05,70.9000015258789,78.6500015258789,69.5,74.5,74.5,272195.0
2022-04-06,74.1500015258789,76.0,73.0,74.30000305175781,74.30000305175781,133715.0
2022-04-07,74.44999694824219,75.44999694824219,70.80000305175781,71.6500015258789,71.6500015258789,119411.0
2022-04-08,72.19999694824219,75.94999694824219,71.80000305175781,73.1500015258789,73.1500015258789,184554.0
2022-04-11,73.5999984741211,74.6500015258789,72.0,72.94999694824219,72.94999694824219,60746.0
2022-04-12,72.3499984741211,73.1500015258789,69.4000015258789,71.44999694824219,71.44999694824219,53847.0
2022-04-13,72.19999694824219,72.80000305175781,70.94999694824219,71.6500015258789,71.6500015258789,38751.0
2022-04-18,71.5,71.5,69.4000015258789,69.8499984741211,69.8499984741211,64515.0
2022-04-19,70.80000305175781,71.5999984741211,68.4000015258789,69.4000015258789,69.4000015258789,66200.0
2022-04-20,69.80000305175781,70.94999694824219,68.69999694824219,69.30000305175781,69.30000305175781,35999.0
2022-04-21,69.9000015258789,76.0,69.69999694824219,71.75,71.75,301039.0
2022-04-22,71.19999694824219,71.44999694824219,70.0,70.3499984741211,70.3499984741211,55402.0
2022-04-25,70.19999694824219,70.19999694824219,67.75,68.0999984741211,68.0999984741211,42203.0
2022-04-26,69.0,69.75,68.30000305175781,68.5999984741211,68.5999984741211,32503.0
2022-04-27,68.4000015258789,70.75,68.3499984741211,69.5999984741211,69.5999984741211,56998.0
2022-04-28,71.0,71.3499984741211,65.4000015258789,66.25,66.25,144061.0
2022-04-29,67.44999694824219,67.6500015258789,65.0999984741211,65.69999694824219,65.69999694824219,38456.0
2022-05-02,65.94999694824219,66.3499984741211,64.55000305175781,65.5999984741211,65.5999984741211,39868.0
2022-05-04,66.44999694824219,66.9000015258789,63.400001525878906,64.05000305175781,64.05000305175781,41345.0
2022-05-05,65.4000015258789,67.44999694824219,63.5,64.80000305175781,64.80000305175781,47170.0
2022-05-06,63.25,64.44999694824219,62.0,62.75,62.75,34110.0
2022-05-09,62.70000076293945,65.6500015258789,60.349998474121094,62.79999923706055,62.79999923706055,60687.0
2022-05-10,63.45000076293945,64.0,58.900001525878906,59.75,59.75,72875.0
2022-05-11,61.5,61.75,56.29999923706055,58.20000076293945,58.20000076293945,57110.0
2022-05-12,58.75,58.95000076293945,55.04999923706055,55.75,55.75,48334.0
2022-05-13,56.95000076293945,61.900001525878906,56.900001525878906,59.0,59.0,82565.0
2022-05-16,59.0,62.25,58.70000076293945,61.400001525878906,61.400001525878906,60190.0
2022-05-17,61.0,62.45000076293945,60.45000076293945,61.70000076293945,61.70000076293945,36587.0
2022-05-18,61.70000076293945,62.79999923706055,60.849998474121094,61.25,61.25,19411.0
2022-05-19,57.95000076293945,60.900001525878906,57.900001525878906,59.849998474121094,59.849998474121094,45323.0
2022-05-20,61.0,61.900001525878906,60.599998474121094,61.349998474121094,61.349998474121094,13223.0
2022-05-23,61.349998474121094,62.29999923706055,60.099998474121094,60.54999923706055,60.54999923706055,37215.0
2022-05-24,60.20000076293945,62.849998474121094,59.20000076293945,61.20000076293945,61.20000076293945,59378.0
2022-05-25,62.099998474121094,62.099998474121094,56.599998474121094,57.349998474121094,57.349998474121094,76760.0
2022-05-26,57.29999923706055,58.849998474121094,55.54999923706055,57.20000076293945,57.20000076293945,30964.0
2022-05-27,58.400001525878906,59.25,58.04999923706055,58.29999923706055,58.29999923706055,15835.0
2022-05-30,55.0,55.849998474121094,53.0,55.349998474121094,55.349998474121094,141431.0
2022-05-31,54.29999923706055,57.20000076293945,54.29999923706055,56.54999923706055,56.54999923706055,56007.0
2022-06-01,57.20000076293945,65.5999984741211,56.150001525878906,61.650001525878906,61.650001525878906,395175.0
2022-06-02,61.849998474121094,65.4000015258789,61.04999923706055,64.5,64.5,163410.0
2022-06-03,64.30000305175781,64.30000305175781,60.95000076293945,61.400001525878906,61.400001525878906,38794.0
2022-06-06,62.54999923706055,62.54999923706055,59.400001525878906,59.70000076293945,59.70000076293945,34225.0
2022-06-07,59.04999923706055,60.70000076293945,59.0,59.650001525878906,59.650001525878906,19145.0
2022-06-08,60.29999923706055,60.400001525878906,59.099998474121094,59.349998474121094,59.349998474121094,24654.0
2022-06-09,59.0,60.29999923706055,57.650001525878906,58.400001525878906,58.400001525878906,26914.0
2022-06-10,59.349998474121094,59.79999923706055,58.0,58.54999923706055,58.54999923706055,16218.0
2022-06-13,58.0,60.0,55.95000076293945,59.099998474121094,59.099998474121094,50700.0
2022-06-14,59.650001525878906,59.79999923706055,57.0,58.349998474121094,58.349998474121094,52025.0
2022-06-15,60.95000076293945,63.54999923706055,59.0,60.599998474121094,60.599998474121094,98496.0
2022-06-16,60.599998474121094,62.29999923706055,58.20000076293945,58.95000076293945,58.95000076293945,54868.0
2022-06-17,58.150001525878906,64.0,57.25,60.150001525878906,60.150001525878906,116535.0
2022-06-20,60.95000076293945,61.25,57.599998474121094,58.150001525878906,58.150001525878906,52415.0
2022-06-21,58.5,59.95000076293945,57.349998474121094,59.400001525878906,59.400001525878906,32168.0
2022-06-22,60.45000076293945,60.45000076293945,58.75,58.849998474121094,58.849998474121094,18764.0
2022-06-23,58.849998474121094,59.70000076293945,58.25,58.650001525878906,58.650001525878906,15080.0
2022-06-24,60.45000076293945,60.54999923706055,58.599998474121094,59.04999923706055,59.04999923706055,19942.0
2022-06-27,59.900001525878906,61.650001525878906,59.400001525878906,59.599998474121094,59.599998474121094,22137.0
2022-06-28,59.54999923706055,59.54999923706055,58.400001525878906,59.20000076293945,59.20000076293945,5823.0
2022-06-29,59.150001525878906,59.5,58.0,58.400001525878906,58.400001525878906,6843.0
2022-06-30,58.650001525878906,60.900001525878906,58.29999923706055,58.95000076293945,58.95000076293945,28825.0
2022-07-01,59.0,62.349998474121094,58.5,60.650001525878906,60.650001525878906,61060.0
2022-07-04,60.650001525878906,62.25,60.0,61.20000076293945,61.20000076293945,35778.0
2022-07-05,61.900001525878906,61.900001525878906,60.650001525878906,61.0,61.0,9166.0
2022-07-06,61.599998474121094,61.900001525878906,60.150001525878906,60.599998474121094,60.599998474121094,15330.0
2022-07-07,61.0,63.54999923706055,60.29999923706055,60.70000076293945,60.70000076293945,64154.0
2022-07-08,61.650001525878906,61.849998474121094,59.45000076293945,60.04999923706055,60.04999923706055,24509.0
2022-07-11,61.45000076293945,61.45000076293945,60.0,60.5,60.5,8362.0
2022-07-12,61.29999923706055,61.29999923706055,60.0,60.099998474121094,60.099998474121094,13898.0
2022-07-13,60.45000076293945,61.25,59.54999923706055,59.900001525878906,59.900001525878906,13069.0
2022-07-14,59.79999923706055,63.0,59.25,60.0,60.0,45556.0
2022-07-15,60.0,60.95000076293945,59.150001525878906,59.900001525878906,59.900001525878906,24581.0
2022-07-18,60.900001525878906,60.900001525878906,59.900001525878906,60.150001525878906,60.150001525878906,16363.0
2022-07-19,60.45000076293945,60.75,59.54999923706055,59.79999923706055,59.79999923706055,24487.0
2022-07-20,60.099998474121094,61.150001525878906,59.5,59.849998474121094,59.849998474121094,25753.0
2022-07-21,60.04999923706055,60.79999923706055,59.45000076293945,60.099998474121094,60.099998474121094,26715.0
2022-07-22,60.5,60.900001525878906,59.349998474121094,59.650001525878906,59.650001525878906,22367.0
2022-07-25,59.650001525878906,60.04999923706055,58.0,58.849998474121094,58.849998474121094,20102.0
2022-07-26,59.5,59.5,58.20000076293945,58.5,58.5,12917.0
2022-07-27,58.900001525878906,59.25,58.150001525878906,58.70000076293945,58.70000076293945,11759.0
2022-07-28,58.70000076293945,60.0,57.900001525878906,58.54999923706055,58.54999923706055,21020.0
2022-07-29,58.650001525878906,60.5,58.5,59.25,59.25,36460.0
2022-08-01,59.95000076293945,60.29999923706055,59.099998474121094,59.349998474121094,59.349998474121094,29723.0
2022-08-02,60.45000076293945,60.45000076293945,59.099998474121094,59.599998474121094,59.599998474121094,23385.0
2022-08-03,59.900001525878906,60.54999923706055,58.5,59.150001525878906,59.150001525878906,15808.0
2022-08-04,59.5,62.0,59.0,61.349998474121094,61.349998474121094,73991.0
2022-08-05,61.900001525878906,61.900001525878906,60.0,61.04999923706055,61.04999923706055,26291.0
2022-08-08,61.29999923706055,61.900001525878906,60.0,60.349998474121094,60.349998474121094,24522.0
2022-08-10,60.900001525878906,60.95000076293945,58.54999923706055,59.25,59.25,31348.0
2022-08-11,60.79999923706055,61.0,59.099998474121094,59.54999923706055,59.54999923706055,22746.0
2022-08-12,59.79999923706055,61.45000076293945,59.20000076293945,59.70000076293945,59.70000076293945,44039.0
2022-08-16,60.45000076293945,61.150001525878906,60.0,60.400001525878906,60.400001525878906,16591.0
2022-08-17,61.599998474121094,61.599998474121094,60.75,61.04999923706055,61.04999923706055,26736.0
2022-08-18,61.45000076293945,63.400001525878906,60.900001525878906,61.79999923706055,61.79999923706055,69880.0
2022-08-19,62.0,64.0,61.400001525878906,62.5,62.5,74380.0
2022-08-22,63.75,63.75,59.5,60.04999923706055,60.04999923706055,67219.0
2022-08-23,59.900001525878906,61.0,59.5,60.45000076293945,60.45000076293945,14434.0
2022-08-24,60.599998474121094,60.79999923706055,59.79999923706055,60.0,60.0,18587.0
2022-08-25,60.95000076293945,61.0,59.5,59.70000076293945,59.70000076293945,48120.0
2022-08-26,60.79999923706055,60.79999923706055,59.25,59.599998474121094,59.599998474121094,24026.0
2022-08-29,59.599998474121094,61.45000076293945,58.79999923706055,60.04999923706055,60.04999923706055,56157.0
2022-08-30,60.70000076293945,61.0,59.5,59.75,59.75,51075.0
2022-09-01,60.75,60.75,59.599998474121094,59.75,59.75,14350.0
2022-09-02,59.95000076293945,60.400001525878906,59.5,59.70000076293945,59.70000076293945,21433.0
2022-09-05,59.599998474121094,60.150001525878906,59.29999923706055,59.400001525878906,59.400001525878906,27678.0
2022-09-06,59.79999923706055,60.25,58.45000076293945,59.349998474121094,59.349998474121094,33127.0
2022-09-07,60.099998474121094,60.20000076293945,59.0,59.25,59.25,19359.0
2022-09-08,60.0,61.0,59.54999923706055,60.29999923706055,60.29999923706055,54064.0
2022-09-09,59.75,61.0,59.75,59.95000076293945,59.95000076293945,14295.0
2022-09-12,60.95000076293945,60.95000076293945,59.0,59.70000076293945,59.70000076293945,26882.0
2022-09-13,60.0,60.70000076293945,59.099998474121094,59.54999923706055,59.54999923706055,34679.0
2022-09-14,59.0,60.54999923706055,59.0,59.79999923706055,59.79999923706055,27890.0
2022-09-15,60.0,60.5,59.400001525878906,60.04999923706055,60.04999923706055,27831.0
2022-09-16,60.45000076293945,60.75,59.0,59.25,59.25,56323.0
2022-09-19,59.099998474121094,59.75,58.900001525878906,59.150001525878906,59.150001525878906,14454.0
2022-09-20,59.599998474121094,61.04999923706055,58.599998474121094,59.54999923706055,59.54999923706055,120952.0
2022-09-21,59.849998474121094,60.45000076293945,59.349998474121094,59.45000076293945,59.45000076293945,33242.0
2022-09-22,59.099998474121094,59.599998474121094,58.70000076293945,59.150001525878906,59.150001525878906,27574.0
2022-09-23,59.099998474121094,59.54999923706055,58.20000076293945,58.45000076293945,58.45000076293945,22286.0
2022-09-26,58.95000076293945,58.95000076293945,57.0,57.04999923706055,57.04999923706055,23895.0
2022-09-27,57.099998474121094,57.45000076293945,55.54999923706055,56.599998474121094,56.599998474121094,19971.0
2022-09-28,56.599998474121094,56.599998474121094,55.70000076293945,55.75,55.75,12666.0
2022-09-29,56.650001525878906,56.900001525878906,54.54999923706055,55.349998474121094,55.349998474121094,22403.0
2022-09-30,56.45000076293945,56.45000076293945,55.20000076293945,55.650001525878906,55.650001525878906,13608.0
2022-10-03,55.04999923706055,56.5,54.70000076293945,54.900001525878906,54.900001525878906,26242.0
2022-10-04,55.599998474121094,58.70000076293945,55.25,56.400001525878906,56.400001525878906,57377.0
2022-10-06,57.0,57.5,56.599998474121094,57.0,57.0,13779.0
2022-10-07,57.0,57.20000076293945,56.04999923706055,56.75,56.75,13939.0
2022-10-10,56.75,57.29999923706055,56.599998474121094,56.79999923706055,56.79999923706055,7906.0
2022-10-11,57.0,57.0,55.25,55.54999923706055,55.54999923706055,24003.0
2022-10-12,56.650001525878906,56.650001525878906,54.79999923706055,55.599998474121094,55.599998474121094,16247.0
2022-10-13,54.79999923706055,55.45000076293945,54.5,55.04999923706055,55.04999923706055,10970.0
2022-10-14,56.150001525878906,56.45000076293945,55.099998474121094,55.25,55.25,10791.0
2022-10-17,54.5,55.75,54.5,55.0,55.0,7510.0
2022-10-18,55.150001525878906,55.900001525878906,54.599998474121094,54.95000076293945,54.95000076293945,8944.0
2022-10-19,54.849998474121094,55.95000076293945,54.150001525878906,54.900001525878906,54.900001525878906,18346.0
2022-10-20,54.150001525878906,54.75,53.54999923706055,54.20000076293945,54.20000076293945,17976.0
2022-10-21,54.599998474121094,54.95000076293945,53.849998474121094,54.0,54.0,7758.0
2022-10-24,54.45000076293945,54.5,54.0,54.349998474121094,54.349998474121094,3844.0
2022-10-25,54.400001525878906,54.599998474121094,53.150001525878906,54.150001525878906,54.150001525878906,18717.0
2022-10-27,54.75,54.849998474121094,52.650001525878906,53.70000076293945,53.70000076293945,19441.0
2022-10-28,54.70000076293945,54.75,53.5,53.79999923706055,53.79999923706055,11740.0
2022-10-31,54.45000076293945,54.45000076293945,53.29999923706055,53.650001525878906,53.650001525878906,18655.0
2022-11-01,54.150001525878906,54.150001525878906,53.099998474121094,53.400001525878906,53.400001525878906,17505.0
2022-11-02,53.70000076293945,54.45000076293945,53.25,53.650001525878906,53.650001525878906,21233.0
2022-11-03,53.75,53.75,53.29999923706055,53.70000076293945,53.70000076293945,22262.0
2022-11-04,54.150001525878906,54.5,53.599998474121094,53.75,53.75,23359.0
2022-11-07,54.400001525878906,55.900001525878906,53.5,54.099998474121094,54.099998474121094,60044.0
2022-11-09,56.0,64.9000015258789,56.0,64.9000015258789,64.9000015258789,565972.0
2022-11-10,67.0,67.3499984741211,61.04999923706055,61.95000076293945,61.95000076293945,388318.0
2022-11-11,63.20000076293945,63.29999923706055,58.0,59.25,59.25,133325.0
2022-11-14,59.95000076293945,64.5,59.54999923706055,63.349998474121094,63.349998474121094,210738.0
2022-11-15,63.400001525878906,67.0999984741211,63.400001525878906,66.80000305175781,66.80000305175781,381126.0
2022-11-16,67.0,67.3499984741211,64.6500015258789,65.05000305175781,65.05000305175781,118139.0
2022-11-17,65.0999984741211,65.1500015258789,63.45000076293945,63.650001525878906,63.650001525878906,54848.0
2022-11-18,63.0,66.5999984741211,63.0,64.75,64.75,92666.0
2022-11-21,64.75,64.75,63.349998474121094,63.849998474121094,63.849998474121094,22938.0
2022-11-22,64.0999984741211,65.9000015258789,63.349998474121094,64.8499984741211,64.8499984741211,53953.0
2022-11-23,64.75,67.5,63.5,64.6500015258789,64.6500015258789,68382.0
2022-11-24,65.0999984741211,65.4000015258789,64.1500015258789,64.19999694824219,64.19999694824219,46521.0
2022-11-25,63.599998474121094,64.9000015258789,63.599998474121094,64.05000305175781,64.05000305175781,20381.0
2022-11-28,64.1500015258789,66.5,63.79999923706055,65.0,65.0,165439.0
2022-11-29,65.0,65.05000305175781,64.0,64.5999984741211,64.5999984741211,64068.0
2022-11-30,65.0,65.0,64.05000305175781,64.6500015258789,64.6500015258789,41532.0
2022-12-01,65.0,65.75,64.05000305175781,64.6500015258789,64.6500015258789,35072.0
2022-12-02,65.75,65.75,63.70000076293945,64.5,64.5,38651.0
2022-12-05,64.5,64.8499984741211,63.75,64.25,64.25,23402.0
2022-12-06,64.25,64.30000305175781,63.599998474121094,63.849998474121094,63.849998474121094,43241.0
2022-12-07,63.849998474121094,68.19999694824219,63.849998474121094,65.5999984741211,65.5999984741211,236737.0
2022-12-08,66.3499984741211,73.44999694824219,66.19999694824219,71.80000305175781,71.80000305175781,756168.0
2022-12-09,72.30000305175781,73.5,67.44999694824219,69.0,69.0,206680.0
2022-12-12,69.0,69.0,67.0999984741211,67.4000015258789,67.4000015258789,95802.0
2022-12-13,67.4000015258789,69.44999694824219,67.0,68.0999984741211,68.0999984741211,58279.0
2022-12-14,68.5999984741211,68.5999984741211,66.19999694824219,66.5,66.5,59376.0
2022-12-15,67.44999694824219,68.6500015258789,65.94999694824219,66.5999984741211,66.5999984741211,37488.0
2022-12-16,67.55000305175781,67.55000305175781,63.650001525878906,64.5999984741211,64.5999984741211,100928.0
2022-12-19,63.54999923706055,68.0,63.54999923706055,65.6500015258789,65.6500015258789,46323.0
2022-12-20,65.0,65.44999694824219,64.6500015258789,64.8499984741211,64.8499984741211,36264.0
2022-12-21,64.5,70.0999984741211,62.79999923706055,64.1500015258789,64.1500015258789,316284.0
2022-12-22,64.30000305175781,66.0,62.5,63.25,63.25,90624.0
2022-12-23,64.0,65.69999694824219,63.0,63.29999923706055,63.29999923706055,263383.0
2022-12-26,64.5,66.0,62.95000076293945,64.6500015258789,64.6500015258789,133043.0
2022-12-27,65.05000305175781,66.80000305175781,64.5,66.19999694824219,66.19999694824219,126119.0
2022-12-28,66.55000305175781,74.3499984741211,66.19999694824219,71.1500015258789,71.1500015258789,658129.0
2022-12-29,71.19999694824219,73.5,70.5,71.25,71.25,127525.0
2022-12-30,71.80000305175781,71.80000305175781,69.25,69.44999694824219,69.44999694824219,90357.0
2023-01-02,69.5,69.75,66.55000305175781,67.5999984741211,67.5999984741211,97864.0
2023-01-03,68.44999694824219,69.3499984741211,66.4000015258789,68.44999694824219,68.44999694824219,68791.0
2023-01-04,68.44999694824219,68.44999694824219,66.25,66.80000305175781,66.80000305175781,43201.0
2023-01-05,66.9000015258789,68.25,65.4000015258789,66.0,66.0,56443.0
2023-01-06,65.94999694824219,68.30000305175781,65.75,66.44999694824219,66.44999694824219,54190.0
2023-01-09,68.30000305175781,68.30000305175781,66.0,66.30000305175781,66.30000305175781,32961.0
2023-01-10,66.30000305175781,67.30000305175781,66.30000305175781,66.5999984741211,66.5999984741211,33531.0
2023-01-11,66.1500015258789,68.8499984741211,65.94999694824219,67.6500015258789,67.6500015258789,58170.0
2023-01-12,68.25,68.25,66.3499984741211,66.5999984741211,66.5999984741211,29798.0
2023-01-13,66.44999694824219,66.9000015258789,66.05000305175781,66.44999694824219,66.44999694824219,19657.0
2023-01-16,66.9000015258789,66.9000015258789,65.75,65.80000305175781,65.80000305175781,25201.0
2023-01-17,65.94999694824219,65.94999694824219,63.0,64.9000015258789,64.9000015258789,24284.0
2023-01-18,64.19999694824219,67.94999694824219,64.19999694824219,66.6500015258789,66.6500015258789,59548.0
2023-01-19,67.44999694824219,67.94999694824219,66.6500015258789,67.0999984741211,67.0999984741211,50572.0
2023-01-20,67.25,67.25,65.9000015258789,66.44999694824219,66.44999694824219,21927.0
2023-01-23,65.6500015258789,67.19999694824219,65.0,65.44999694824219,65.44999694824219,24438.0
2023-01-24,65.55000305175781,70.55000305175781,65.0,68.3499984741211,68.3499984741211,151874.0
2023-01-25,68.3499984741211,68.69999694824219,66.0,66.5,66.5,34432.0
2023-01-27,66.0999984741211,67.9000015258789,64.4000015258789,64.6500015258789,64.6500015258789,66263.0
2023-01-30,64.69999694824219,65.6500015258789,64.1500015258789,65.0,65.0,23117.0
2023-01-31,65.0,65.05000305175781,63.79999923706055,64.19999694824219,64.19999694824219,47928.0
2023-02-01,64.75,66.9000015258789,64.19999694824219,64.5999984741211,64.5999984741211,47161.0
2023-02-02,64.05000305175781,66.69999694824219,64.05000305175781,65.75,65.75,43279.0
2023-02-03,65.8499984741211,65.9000015258789,63.79999923706055,64.9000015258789,64.9000015258789,47506.0
2023-02-06,64.9000015258789,65.5999984741211,64.0999984741211,65.0999984741211,65.0999984741211,18982.0
2023-02-07,65.1500015258789,65.1500015258789,63.20000076293945,63.70000076293945,63.70000076293945,29526.0
2023-02-08,63.150001525878906,65.30000305175781,63.0,63.45000076293945,63.45000076293945,49548.0
2023-02-09,63.849998474121094,65.0,62.70000076293945,62.900001525878906,62.900001525878906,44810.0
2023-02-10,63.25,63.25,61.25,62.54999923706055,62.54999923706055,75114.0
2023-02-13,62.599998474121094,63.400001525878906,61.650001525878906,62.349998474121094,62.349998474121094,13749.0
2023-02-14,62.75,64.9000015258789,61.5,63.75,63.75,45997.0
2023-02-15,68.4000015258789,69.5,65.55000305175781,66.05000305175781,66.05000305175781,171329.0
2023-02-16,67.30000305175781,68.30000305175781,64.3499984741211,66.55000305175781,66.55000305175781,81963.0
2023-02-17,65.6500015258789,67.3499984741211,65.5999984741211,66.30000305175781,66.30000305175781,40623.0
2023-02-20,66.69999694824219,66.69999694824219,65.4000015258789,65.75,65.75,31730.0
2023-02-21,65.25,67.3499984741211,64.5999984741211,65.4000015258789,65.4000015258789,23344.0
2023-02-22,65.44999694824219,67.0999984741211,64.80000305175781,65.0,65.0,41899.0
2023-02-23,64.4000015258789,65.94999694824219,64.4000015258789,64.5999984741211,64.5999984741211,32080.0
2023-02-24,65.9000015258789,65.9000015258789,64.30000305175781,64.3499984741211,64.3499984741211,11004.0
2023-02-27,64.4000015258789,64.4000015258789,62.75,62.79999923706055,62.79999923706055,26089.0
2023-02-28,62.849998474121094,63.400001525878906,61.599998474121094,61.79999923706055,61.79999923706055,28947.0
2023-03-01,61.900001525878906,64.19999694824219,61.900001525878906,62.95000076293945,62.95000076293945,12309.0
2023-03-02,62.849998474121094,63.45000076293945,61.5,62.25,62.25,19989.0
2023-03-03,61.95000076293945,63.900001525878906,61.95000076293945,63.0,63.0,19861.0
2023-03-06,63.29999923706055,63.75,63.0,63.400001525878906,63.400001525878906,12610.0
2023-03-08,62.5,63.20000076293945,62.099998474121094,62.79999923706055,62.79999923706055,26686.0
2023-03-09,63.400001525878906,64.6500015258789,62.79999923706055,63.04999923706055,63.04999923706055,17333.0
2023-03-10,63.79999923706055,63.79999923706055,62.20000076293945,63.150001525878906,63.150001525878906,11503.0
2023-03-13,63.099998474121094,63.5,61.5,61.650001525878906,61.650001525878906,24676.0
2023-03-14,60.75,61.29999923706055,59.04999923706055,60.099998474121094,60.099998474121094,25731.0
2023-03-15,61.25,61.599998474121094,59.5,59.650001525878906,59.650001525878906,49399.0
2023-03-16,59.95000076293945,60.54999923706055,58.849998474121094,59.650001525878906,59.650001525878906,20926.0
2023-03-17,61.25,61.29999923706055,59.150001525878906,60.20000076293945,60.20000076293945,11504.0
2023-03-20,60.0,60.0,58.25,58.54999923706055,58.54999923706055,14090.0
2023-03-21,59.400001525878906,59.900001525878906,58.75,58.79999923706055,58.79999923706055,25919.0
2023-03-22,59.400001525878906,59.54999923706055,57.95000076293945,58.349998474121094,58.349998474121094,32836.0
2023-03-23,58.95000076293945,59.900001525878906,58.0,58.20000076293945,58.20000076293945,28110.0
2023-03-24,58.650001525878906,58.75,58.04999923706055,58.04999923706055,58.04999923706055,20466.0
2023-03-27,58.04999923706055,59.0,56.75,57.20000076293945,57.20000076293945,148939.0
2023-03-28,57.70000076293945,58.400001525878906,54.0,54.25,54.25,67121.0
2023-03-29,54.45000076293945,55.70000076293945,53.95000076293945,55.25,55.25,39147.0
2023-03-31,57.0,57.0,55.099998474121094,55.20000076293945,55.20000076293945,47946.0
2023-04-03,56.20000076293945,58.400001525878906,55.79999923706055,57.70000076293945,57.70000076293945,19617.0
2023-04-05,57.75,59.75,57.0,58.79999923706055,58.79999923706055,20313.0
2023-04-06,58.79999923706055,62.5,57.79999923706055,61.45000076293945,61.45000076293945,35989.0
2023-04-10,62.900001525878906,63.849998474121094,61.45000076293945,62.900001525878906,62.900001525878906,38843.0
2023-04-11,62.0,64.55000305175781,62.0,63.45000076293945,63.45000076293945,30455.0
2023-04-12,63.95000076293945,64.0,62.349998474121094,63.0,63.0,24139.0
2023-04-13,63.599998474121094,65.1500015258789,62.20000076293945,64.8499984741211,64.8499984741211,41416.0
2023-04-17,64.8499984741211,66.19999694824219,62.650001525878906,65.69999694824219,65.69999694824219,34603.0
2023-04-18,65.94999694824219,67.0,63.349998474121094,65.19999694824219,65.19999694824219,83140.0
2023-04-19,65.0,67.0,64.9000015258789,66.0,66.0,24109.0
2023-04-20,65.0,66.4000015258789,65.0,65.94999694824219,65.94999694824219,20944.0
2023-04-21,66.8499984741211,66.94999694824219,65.1500015258789,65.69999694824219,65.69999694824219,25445.0
2023-04-24,66.9000015258789,66.9000015258789,65.44999694824219,66.0,66.0,16424.0
2023-04-25,66.0,66.0,64.0999984741211,65.0,65.0,29625.0
2023-04-26,65.94999694824219,65.94999694824219,63.0,64.8499984741211,64.8499984741211,33626.0
2023-04-27,65.94999694824219,67.94999694824219,64.0,67.4000015258789,67.4000015258789,186062.0
2023-04-28,67.5,72.5,66.9000015258789,70.3499984741211,70.3499984741211,255815.0
2023-05-02,70.9000015258789,71.9000015258789,67.9000015258789,68.25,68.25,72683.0
2023-05-03,68.8499984741211,69.4000015258789,66.05000305175781,67.05000305175781,67.05000305175781,59370.0
2023-05-04,68.0,68.0,66.5,66.8499984741211,66.8499984741211,33368.0
2023-05-05,66.8499984741211,66.94999694824219,65.5,66.05000305175781,66.05000305175781,34343.0
2023-05-08,65.0999984741211,66.1500015258789,63.95000076293945,64.1500015258789,64.1500015258789,74062.0
2023-05-09,63.95000076293945,65.9000015258789,63.95000076293945,65.3499984741211,65.3499984741211,24454.0
2023-05-10,66.0,67.4000015258789,65.55000305175781,66.0,66.0,26532.0
2023-05-11,66.5,67.9000015258789,65.44999694824219,66.5,66.5,46289.0
2023-05-12,66.55000305175781,66.55000305175781,64.94999694824219,65.75,65.75,22280.0
2023-05-15,66.5,70.44999694824219,65.55000305175781,68.69999694824219,68.69999694824219,42656.0
2023-05-16,69.44999694824219,69.44999694824219,66.0999984741211,66.9000015258789,66.9000015258789,32264.0
2023-05-17,67.1500015258789,67.3499984741211,65.19999694824219,65.94999694824219,65.94999694824219,20884.0
2023-05-18,66.0999984741211,66.9000015258789,65.44999694824219,65.5999984741211,65.5999984741211,23421.0
2023-05-19,65.9000015258789,71.0,64.8499984741211,69.69999694824219,69.69999694824219,172856.0
2023-05-22,69.69999694824219,70.44999694824219,68.19999694824219,68.69999694824219,68.69999694824219,75569.0
2023-05-23,68.75,70.55000305175781,68.19999694824219,69.19999694824219,69.19999694824219,68857.0
2023-05-24,69.4000015258789,69.9000015258789,68.0,69.19999694824219,69.19999694824219,65388.0
2023-05-25,69.5,73.0999984741211,69.1500015258789,70.5999984741211,70.5999984741211,181370.0
2023-05-26,71.0999984741211,77.6500015258789,70.80000305175781,76.3499984741211,76.3499984741211,936972.0
2023-05-29,77.9000015258789,80.0,76.94999694824219,77.5,77.5,565557.0
2023-05-30,71.5999984741211,72.5999984741211,67.05000305175781,71.05000305175781,71.05000305175781,606500.0
2023-05-31,71.75,72.0,68.75,70.44999694824219,70.44999694824219,147591.0
2023-06-01,71.5,72.30000305175781,68.05000305175781,71.05000305175781,71.05000305175781,103145.0
2023-06-02,71.75,72.0,70.4000015258789,70.5999984741211,70.5999984741211,66365.0
2023-06-05,71.5,74.4000015258789,71.0999984741211,72.75,72.75,149737.0
2023-06-06,73.0,73.0,71.6500015258789,71.9000015258789,71.9000015258789,66455.0
2023-06-07,72.0999984741211,72.5999984741211,70.9000015258789,71.0,71.0,55946.0
2023-06-08,71.0,72.6500015258789,70.0,70.1500015258789,70.1500015258789,54233.0
2023-06-09,70.8499984741211,71.5999984741211,69.55000305175781,69.6500015258789,69.6500015258789,44987.0
2023-06-12,70.05000305175781,70.69999694824219,68.5,69.75,69.75,34629.0
2023-06-13,69.75,71.0,68.80000305175781,69.19999694824219,69.19999694824219,84042.0
2023-06-14,69.3499984741211,73.0,69.3499984741211,71.9000015258789,71.9000015258789,122924.0
2023-06-15,72.5,73.5999984741211,71.30000305175781,73.05000305175781,73.05000305175781,128153.0
2023-06-16,74.0,75.80000305175781,72.19999694824219,73.69999694824219,73.69999694824219,219266.0
2023-06-19,73.25,79.5,73.25,77.69999694824219,77.69999694824219,446339.0
2023-06-20,80.0,83.5999984741211,79.0999984741211,79.94999694824219,79.94999694824219,660991.0
2023-06-21,80.05000305175781,80.8499984741211,78.5,79.8499984741211,79.8499984741211,183136.0
2023-06-22,79.94999694824219,83.4000015258789,78.0,78.5,78.5,289140.0
2023-06-23,78.25,82.30000305175781,76.30000305175781,81.9000015258789,81.9000015258789,306123.0
2023-06-26,82.4000015258789,85.69999694824219,82.3499984741211,83.4000015258789,83.4000015258789,456279.0
2023-06-27,84.8499984741211,87.1500015258789,84.30000305175781,85.1500015258789,85.1500015258789,553843.0
2023-06-28,85.80000305175781,86.6500015258789,84.0,85.19999694824219,85.19999694824219,172830.0
2023-06-30,85.0,88.5999984741211,85.0,86.0999984741211,86.0999984741211,344531.0
2023-07-03,88.19999694824219,91.4000015258789,88.0999984741211,89.0,89.0,467263.0
2023-07-04,89.94999694824219,91.69999694824219,87.1500015258789,89.69999694824219,89.69999694824219,472287.0
2023-07-05,90.44999694824219,94.0999984741211,90.44999694824219,93.1500015258789,93.1500015258789,523993.0
2023-07-06,93.44999694824219,95.0999984741211,90.3499984741211,91.3499984741211,91.3499984741211,337107.0
2023-07-07,91.55000305175781,91.55000305175781,88.69999694824219,89.05000305175781,89.05000305175781,221692.0
2023-07-10,89.69999694824219,89.69999694824219,82.0,83.8499984741211,83.8499984741211,432258.0
2023-07-11,84.69999694824219,86.5,83.0,83.19999694824219,83.19999694824219,140217.0
2023-07-12,83.19999694824219,85.9000015258789,82.94999694824219,85.1500015258789,85.1500015258789,198364.0
2023-07-13,85.80000305175781,87.5,82.6500015258789,83.4000015258789,83.4000015258789,227382.0
2023-07-14,84.0999984741211,85.0,83.25,83.5,83.5,66307.0
2023-07-17,84.5,86.6500015258789,83.25,83.55000305175781,83.55000305175781,151271.0
2023-07-18,84.0999984741211,85.8499984741211,83.5999984741211,85.4000015258789,85.4000015258789,139348.0
2023-07-19,86.0,93.6500015258789,86.0,90.94999694824219,90.94999694824219,679446.0
2023-07-20,91.80000305175781,94.5,90.30000305175781,91.25,91.25,367170.0
2023-07-21,92.0,93.75,91.3499984741211,91.94999694824219,91.94999694824219,300371.0
2023-07-24,92.69999694824219,92.69999694824219,87.5,88.0,88.0,223021.0
2023-07-25,88.8499984741211,92.0,85.44999694824219,87.55000305175781,87.55000305175781,371558.0
2023-07-26,87.55000305175781,89.19999694824219,87.0,87.75,87.75,115867.0
2023-07-27,88.0,92.44999694824219,87.94999694824219,91.1500015258789,91.1500015258789,347411.0
2023-07-28,91.75,92.3499984741211,88.55000305175781,89.0999984741211,89.0999984741211,176939.0
2023-07-31,89.5,97.75,88.94999694824219,97.05000305175781,97.05000305175781,1254048.0
2023-08-01,98.0,101.19999694824219,95.69999694824219,99.25,99.25,1041411.0
2023-08-02,99.25,99.4000015258789,93.5999984741211,94.19999694824219,94.19999694824219,348356.0
2023-08-03,95.0,99.5,94.5999984741211,96.69999694824219,96.69999694824219,427369.0
2023-08-04,97.05000305175781,98.5999984741211,95.5,96.9000015258789,96.9000015258789,156743.0
2023-08-07,97.3499984741211,97.4000015258789,92.5,93.25,93.25,187862.0
2023-08-08,93.8499984741211,103.0,93.8499984741211,98.9000015258789,98.9000015258789,1084720.0
2023-08-09,100.0,102.4000015258789,96.80000305175781,98.05000305175781,98.05000305175781,256103.0
2023-08-10,99.1500015258789,100.30000305175781,95.6500015258789,96.1500015258789,96.1500015258789,233916.0
2023-08-11,96.94999694824219,96.94999694824219,92.19999694824219,93.19999694824219,93.19999694824219,244150.0
2023-08-14,94.25,94.25,89.1500015258789,90.0999984741211,90.0999984741211,186320.0
2023-08-16,90.0999984741211,91.6500015258789,89.55000305175781,90.3499984741211,90.3499984741211,132926.0
2023-08-17,90.94999694824219,92.44999694824219,87.6500015258789,88.5999984741211,88.5999984741211,112162.0
2023-08-18,88.1500015258789,92.5999984741211,88.1500015258789,90.25,90.25,191247.0
2023-08-21,92.0,92.25,88.5,89.05000305175781,89.05000305175781,107335.0
2023-08-22,89.75,90.94999694824219,89.19999694824219,89.5,89.5,96104.0
2023-08-23,90.1500015258789,90.8499984741211,88.5,88.94999694824219,88.94999694824219,85916.0
2023-08-24,89.69999694824219,91.94999694824219,88.44999694824219,89.8499984741211,89.8499984741211,181055.0
2023-08-25,91.0,107.80000305175781,90.8499984741211,107.80000305175781,107.80000305175781,3730044.0
2023-08-28,111.5,112.5999984741211,103.75,109.44999694824219,109.44999694824219,2584099.0
2023-08-29,111.44999694824219,111.44999694824219,104.19999694824219,105.05000305175781,105.05000305175781,517675.0
2023-08-30,106.44999694824219,108.05000305175781,102.05000305175781,103.0,103.0,286520.0
2023-08-31,104.5,106.80000305175781,102.5,105.05000305175781,105.05000305175781,358631.0
2023-09-01,106.0,106.0999984741211,103.0,103.6500015258789,103.6500015258789,206203.0
2023-09-04,104.55000305175781,107.5,102.05000305175781,103.4000015258789,103.4000015258789,424190.0
2023-09-05,104.75,106.30000305175781,102.5,102.8499984741211,102.8499984741211,313802.0
2023-09-06,103.44999694824219,123.4000015258789,98.25,123.4000015258789,123.4000015258789,2560108.0
2023-09-07,119.0,119.0,98.75,99.19999694824219,99.19999694824219,7071260.0
2023-09-08,100.9000015258789,103.0,92.0,92.6500015258789,92.6500015258789,1959141.0
2023-09-11,94.19999694824219,97.19999694824219,90.8499984741211,93.44999694824219,93.44999694824219,1229482.0
2023-09-12,94.30000305175781,94.6500015258789,86.0,87.0999984741211,87.0999984741211,782560.0
2023-09-13,87.5,91.80000305175781,87.25,91.0,91.0,514362.0
2023-09-14,90.5,93.4000015258789,90.5,91.5,91.5,204512.0
2023-09-15,91.69999694824219,93.6500015258789,91.0,91.1500015258789,91.1500015258789,172244.0
2023-09-18,91.5,92.4000015258789,88.55000305175781,88.9000015258789,88.9000015258789,155461.0
2023-09-20,88.9000015258789,90.5999984741211,87.80000305175781,88.30000305175781,88.30000305175781,121651.0
2023-09-21,89.5999984741211,89.5999984741211,85.69999694824219,86.6500015258789,86.6500015258789,124861.0
2023-09-22,86.6500015258789,88.19999694824219,85.19999694824219,85.6500015258789,85.6500015258789,127188.0
2023-09-25,86.0,87.0,84.69999694824219,85.8499984741211,85.8499984741211,131772.0
2023-09-26,87.9000015258789,91.9000015258789,87.5,88.94999694824219,88.94999694824219,356215.0
2023-09-27,89.0,90.55000305175781,88.30000305175781,89.1500015258789,89.1500015258789,128892.0
2023-09-28,89.94999694824219,90.3499984741211,87.05000305175781,87.4000015258789,87.4000015258789,146356.0
2023-09-29,87.80000305175781,91.25,87.69999694824219,90.3499984741211,90.3499984741211,278424.0
2023-10-03,91.0,92.5,89.5,91.5999984741211,91.5999984741211,199045.0
2023-10-04,90.69999694824219,91.3499984741211,89.5,89.9000015258789,89.9000015258789,142724.0
2023-10-05,89.9000015258789,91.0,89.05000305175781,89.69999694824219,89.69999694824219,86184.0
2023-10-06,90.19999694824219,96.5999984741211,89.44999694824219,93.8499984741211,93.8499984741211,633661.0
2023-10-09,92.0999984741211,92.8499984741211,89.80000305175781,90.1500015258789,90.1500015258789,146042.0
2023-10-10,90.69999694824219,91.69999694824219,89.5,90.05000305175781,90.05000305175781,128610.0
2023-10-11,90.8499984741211,91.80000305175781,90.30000305175781,90.80000305175781,90.80000305175781,76520.0
2023-10-12,91.5999984741211,92.55000305175781,90.19999694824219,91.55000305175781,91.55000305175781,109346.0
2023-10-13,91.8499984741211,94.94999694824219,90.8499984741211,93.0,93.0,207896.0
2023-10-16,92.94999694824219,95.0,91.5,91.75,91.75,169221.0
2023-10-17,92.5,93.30000305175781,91.0,91.4000015258789,91.4000015258789,122762.0
2023-10-18,91.4000015258789,92.30000305175781,91.1500015258789,91.44999694824219,91.44999694824219,87410.0
2023-10-19,91.44999694824219,91.55000305175781,90.19999694824219,90.9000015258789,90.9000015258789,81089.0
2023-10-20,90.9000015258789,91.9000015258789,89.69999694824219,89.80000305175781,89.80000305175781,77037.0
2023-10-23,89.80000305175781,90.44999694824219,85.19999694824219,85.6500015258789,85.6500015258789,146600.0
2023-10-25,85.44999694824219,86.80000305175781,83.4000015258789,84.80000305175781,84.80000305175781,128431.0
2023-10-26,84.6500015258789,86.5,81.8499984741211,86.0,86.0,162575.0
2023-10-27,87.6500015258789,88.19999694824219,84.4000015258789,85.3499984741211,85.3499984741211,87163.0
2023-10-30,85.0,86.9000015258789,84.94999694824219,86.5999984741211,86.5999984741211,60689.0
2023-10-31,86.5999984741211,87.4000015258789,85.5999984741211,86.0999984741211,86.0999984741211,38529.0
2023-11-01,86.44999694824219,87.0,84.69999694824219,85.1500015258789,85.1500015258789,50308.0
2023-11-02,85.5,89.5999984741211,85.25,87.5999984741211,87.5999984741211,130769.0
2023-11-03,88.5,90.0,87.30000305175781,88.5,88.5,66180.0
2023-11-06,89.44999694824219,92.5,89.05000305175781,90.4000015258789,90.4000015258789,105649.0
2023-11-07,91.9000015258789,100.75,91.1500015258789,96.25,96.25,954567.0
2023-11-08,99.0,99.05000305175781,93.30000305175781,95.30000305175781,95.30000305175781,429895.0
2023-11-09,96.0,97.8499984741211,94.3499984741211,94.6500015258789,94.6500015258789,185444.0
2023-11-10,94.0999984741211,96.0,93.69999694824219,94.05000305175781,94.05000305175781,113959.0
2023-11-13,94.5,98.05000305175781,94.4000015258789,95.19999694824219,95.19999694824219,159300.0
2023-11-15,96.0,97.9000015258789,95.25,95.5,95.5,261317.0
2023-11-16,96.0,97.25,93.5999984741211,94.94999694824219,94.94999694824219,155856.0
2023-11-17,94.94999694824219,96.80000305175781,93.25,94.0999984741211,94.0999984741211,103002.0
2023-11-20,94.5,96.75,92.75,93.75,93.75,237212.0
2023-11-21,94.25,95.5999984741211,92.0999984741211,92.5,92.5,122998.0
2023-11-22,92.94999694824219,95.5,92.0,92.5999984741211,92.5999984741211,141959.0
2023-11-23,92.75,95.5999984741211,92.3499984741211,93.4000015258789,93.4000015258789,128493.0
2023-11-24,93.5999984741211,96.5,92.44999694824219,92.80000305175781,92.80000305175781,175745.0
2023-11-28,93.75,95.05000305175781,92.1500015258789,92.6500015258789,92.6500015258789,129152.0
2023-11-29,93.5,94.80000305175781,92.0,92.4000015258789,92.4000015258789,100526.0
2023-11-30,92.5,93.4000015258789,91.5,91.6500015258789,91.6500015258789,98285.0
2023-12-01,91.75,93.69999694824219,91.75,92.25,92.25,79075.0
2023-12-04,92.44999694824219,93.4000015258789,92.0,92.4000015258789,92.4000015258789,71623.0
2023-12-05,92.44999694824219,93.44999694824219,91.5,91.6500015258789,91.6500015258789,86978.0
2023-12-06,91.8499984741211,92.0999984741211,90.5999984741211,90.75,90.75,77489.0
2023-12-07,91.6500015258789,91.6500015258789,89.5999984741211,90.3499984741211,90.3499984741211,94888.0
2023-12-08,91.0,92.5,89.5,91.5,91.5,198379.0
2023-12-11,92.94999694824219,95.30000305175781,92.3499984741211,93.19999694824219,93.19999694824219,262222.0
2023-12-12,93.80000305175781,94.0,91.94999694824219,92.1500015258789,92.1500015258789,101568.0
2023-12-13,92.5999984741211,92.94999694824219,91.3499984741211,92.0999984741211,92.0999984741211,92178.0
2023-12-14,92.0999984741211,98.0999984741211,92.0999984741211,94.5999984741211,94.5999984741211,691055.0
2023-12-15,95.4000015258789,96.0,93.4000015258789,95.19999694824219,95.19999694824219,224278.0
2023-12-18,95.19999694824219,96.0,94.05000305175781,94.19999694824219,94.19999694824219,118717.0
2023-12-19,94.94999694824219,97.0999984741211,94.0999984741211,94.69999694824219,94.69999694824219,149969.0
2023-12-20,95.19999694824219,98.19999694824219,90.0,90.5999984741211,90.5999984741211,419681.0
2023-12-21,91.0,93.5,90.3499984741211,92.0,92.0,455582.0
2023-12-22,92.9000015258789,99.30000305175781,92.5999984741211,97.0,97.0,998433.0
2023-12-26,97.5,99.9000015258789,97.0,97.94999694824219,97.94999694824219,863600.0
2023-12-27,98.0,105.75,98.0,100.8499984741211,100.8499984741211,1516287.0
2023-12-28,102.0,104.75,99.9000015258789,101.9000015258789,101.9000015258789,676159.0
2023-12-29,102.25,105.0999984741211,100.25,103.55000305175781,103.55000305175781,471973.0
2024-01-01,104.0,108.0,103.5,106.75,106.75,519168.0
2024-01-02,106.0,110.4000015258789,103.69999694824219,107.30000305175781,107.30000305175781,938398.0
2024-01-03,107.30000305175781,113.44999694824219,107.25,110.80000305175781,110.80000305175781,1190161.0
2024-01-04,111.80000305175781,113.0,110.0,110.5999984741211,110.5999984741211,356560.0
2024-01-05,110.69999694824219,111.80000305175781,106.0999984741211,108.0999984741211,108.0999984741211,404436.0
2024-01-08,108.94999694824219,110.1500015258789,106.5,108.05000305175781,108.05000305175781,307800.0
2024-01-09,108.0999984741211,109.4000015258789,104.9000015258789,106.75,106.75,213797.0
2024-01-10,109.0,109.05000305175781,105.55000305175781,107.19999694824219,107.19999694824219,186626.0
2024-01-11,108.0,112.3499984741211,107.0999984741211,108.80000305175781,108.80000305175781,359623.0
2024-01-12,108.8499984741211,109.5,105.55000305175781,106.55000305175781,106.55000305175781,182942.0
2024-01-15,107.30000305175781,107.55000305175781,104.05000305175781,104.6500015258789,104.6500015258789,172989.0
2024-01-16,105.0,106.30000305175781,102.0,104.8499984741211,104.8499984741211,199458.0
2024-01-17,104.0999984741211,106.19999694824219,103.05000305175781,104.3499984741211,104.3499984741211,161709.0
2024-01-18,104.55000305175781,107.9000015258789,101.19999694824219,106.75,106.75,300597.0
2024-01-19,108.5,109.25,106.0,106.75,106.75,116204.0
2024-01-23,106.5999984741211,108.44999694824219,102.0999984741211,102.6500015258789,102.6500015258789,144569.0
2024-01-24,102.94999694824219,106.6500015258789,102.1500015258789,104.94999694824219,104.94999694824219,107524.0
2024-01-25,105.0,106.80000305175781,104.0,104.30000305175781,104.30000305175781,87513.0
2024-01-29,105.5999984741211,107.9000015258789,103.9000015258789,104.1500015258789,104.1500015258789,136195.0
2024-01-30,104.94999694824219,109.69999694824219,104.94999694824219,107.94999694824219,107.94999694824219,291459.0
2024-01-31,108.75,111.4000015258789,107.4000015258789,109.94999694824219,109.94999694824219,245042.0
2024-02-01,110.55000305175781,111.0,105.5999984741211,107.0,107.0,176598.0
2024-02-02,108.30000305175781,112.75,107.05000305175781,107.94999694824219,107.94999694824219,291458.0
2024-02-05,108.8499984741211,111.9000015258789,106.3499984741211,107.19999694824219,107.19999694824219,250076.0
2024-02-06,108.0,110.5999984741211,106.8499984741211,108.9000015258789,108.9000015258789,169279.0
2024-02-07,112.0,122.9000015258789,111.6500015258789,115.25,115.25,1939924.0
2024-02-08,120.0,120.44999694824219,114.44999694824219,116.5,116.5,411433.0
2024-02-09,118.0,118.30000305175781,108.30000305175781,110.8499984741211,110.8499984741211,332609.0
2024-02-12,111.44999694824219,112.69999694824219,102.1500015258789,102.8499984741211,102.8499984741211,368055.0
2024-02-13,100.0,102.6500015258789,97.55000305175781,98.80000305175781,98.80000305175781,426094.0
2024-02-14,96.69999694824219,102.5999984741211,95.0,101.8499984741211,101.8499984741211,361406.0
2024-02-15,102.5999984741211,106.19999694824219,101.5,103.19999694824219,103.19999694824219,200579.0
2024-02-16,103.25,107.69999694824219,103.19999694824219,106.30000305175781,106.30000305175781,253861.0
2024-02-19,107.0,109.6500015258789,105.30000305175781,106.94999694824219,106.94999694824219,269460.0
2024-02-20,106.5,112.6500015258789,106.5,111.05000305175781,111.05000305175781,293730.0
2024-02-21,111.9000015258789,112.0,106.8499984741211,108.94999694824219,108.94999694824219,179540.0
2024-02-22,110.4000015258789,117.5,110.3499984741211,113.0999984741211,113.0999984741211,677686.0
2024-02-23,113.55000305175781,115.0,108.80000305175781,112.25,112.25,229240.0
2024-02-26,111.8499984741211,120.0999984741211,111.55000305175781,112.1500015258789,112.1500015258789,390351.0
2024-02-27,112.25,112.75,109.1500015258789,110.75,110.75,138326.0
2024-02-28,110.80000305175781,112.5,105.80000305175781,106.5,106.5,306709.0
2024-02-29,106.0,110.5,102.80000305175781,108.0999984741211,108.0999984741211,200794.0
2024-03-01,109.0,111.9000015258789,108.3499984741211,111.05000305175781,111.05000305175781,178256.0
2024-03-04,110.30000305175781,115.30000305175781,107.75,108.25,108.25,229828.0
2024-03-05,109.05000305175781,110.3499984741211,107.69999694824219,109.1500015258789,109.1500015258789,130354.0
2024-03-06,110.25,111.75,105.5999984741211,109.5,109.5,165146.0
2024-03-07,108.30000305175781,110.80000305175781,105.0999984741211,106.3499984741211,106.3499984741211,217776.0
2024-03-11,106.44999694824219,109.0,102.80000305175781,103.8499984741211,103.8499984741211,183615.0
2024-03-12,103.8499984741211,108.9000015258789,102.69999694824219,106.75,106.75,256491.0
2024-03-13,107.4000015258789,107.5,98.3499984741211,103.0,103.0,365981.0
2024-03-14,93.0,106.44999694824219,93.0,103.0,103.0,2073522.0
2024-03-15,103.0,105.69999694824219,101.0999984741211,104.05000305175781,104.05000305175781,209725.0
2024-03-18,102.5999984741211,108.0,102.5999984741211,106.94999694824219,106.94999694824219,165476.0
2024-03-19,107.44999694824219,110.8499984741211,103.75,104.9000015258789,104.9000015258789,298132.0
2024-03-20,106.44999694824219,106.9000015258789,101.5,104.69999694824219,104.69999694824219,200526.0
2024-03-21,104.44999694824219,106.5,102.69999694824219,103.4000015258789,103.4000015258789,134015.0
2024-03-22,104.3499984741211,105.0,99.0,100.8499984741211,100.8499984741211,7824042.0
2024-03-26,100.9000015258789,101.4000015258789,94.0,95.0999984741211,95.0999984741211,619269.0
2024-03-27,95.5,100.25,94.0,96.05000305175781,96.05000305175781,1220480.0
2024-03-28,97.4000015258789,102.0,95.19999694824219,100.1500015258789,100.1500015258789,2562793.0
2024-04-01,101.6500015258789,106.5,99.80000305175781,100.5999984741211,100.5999984741211,3003875.0
2024-04-02,101.3499984741211,104.25,100.44999694824219,101.19999694824219,101.19999694824219,2135479.0
2024-04-03,101.0,113.69999694824219,101.0,110.9000015258789,110.9000015258789,4480190.0
2024-04-04,111.3499984741211,116.19999694824219,109.55000305175781,112.05000305175781,112.05000305175781,2449766.0
2024-04-05,112.5,130.5,110.44999694824219,128.25,128.25,5043437.0
2024-04-08,130.0,138.4499969482422,126.6500015258789,132.4499969482422,132.4499969482422,6479388.0
2024-04-09,132.60000610351562,133.9499969482422,128.1999969482422,131.39999389648438,131.39999389648438,1669216.0
2024-04-10,132.39999389648438,132.39999389648438,125.19999694824219,126.05000305175781,126.05000305175781,1158156.0
2024-04-12,127.4000015258789,132.0,124.69999694824219,129.9499969482422,129.9499969482422,900082.0
2024-04-15,124.80000305175781,126.9000015258789,120.05000305175781,121.69999694824219,121.69999694824219,578261.0
2024-04-16,120.75,124.0,119.1500015258789,120.8499984741211,120.8499984741211,680502.0
2024-04-18,122.5,124.0,115.0999984741211,116.55000305175781,116.55000305175781,547465.0
2024-04-19,115.0,121.6500015258789,114.3499984741211,118.5999984741211,118.5999984741211,797633.0
2024-04-22,119.0999984741211,120.5,116.4000015258789,118.25,118.25,371558.0
2024-04-23,119.0,125.0,118.8499984741211,123.75,123.75,1329560.0
2024-04-24,124.5,125.3499984741211,122.19999694824219,123.0999984741211,123.0999984741211,432712.0
2024-04-25,122.5,126.6500015258789,122.5,124.3499984741211,124.3499984741211,454643.0
2024-04-26,124.3499984741211,128.0,123.5,124.94999694824219,124.94999694824219,761747.0
2024-04-29,124.5,125.69999694824219,121.0999984741211,121.94999694824219,121.94999694824219,523157.0
2024-04-30,121.19999694824219,122.3499984741211,118.9000015258789,119.6500015258789,119.6500015258789,376914.0
2024-05-02,120.19999694824219,125.69999694824219,120.19999694824219,123.3499984741211,123.3499984741211,463788.0
2024-05-03,124.0,124.0999984741211,115.30000305175781,116.0,116.0,616866.0
2024-05-06,117.55000305175781,118.69999694824219,109.30000305175781,112.25,112.25,937427.0
2024-05-07,112.0,113.05000305175781,107.55000305175781,110.19999694824219,110.19999694824219,323180.0
2024-05-08,109.94999694824219,112.55000305175781,107.6500015258789,109.5,109.5,251156.0
2024-05-09,110.9000015258789,110.9000015258789,103.69999694824219,105.5,105.5,465080.0
2024-05-10,105.5,108.8499984741211,103.55000305175781,108.0999984741211,108.0999984741211,317554.0
2024-05-13,109.30000305175781,111.5999984741211,102.80000305175781,105.19999694824219,105.19999694824219,315044.0
2024-05-14,115.3499984741211,123.9000015258789,109.0,109.75,109.75,3178065.0
2024-05-15,111.05000305175781,116.5,111.05000305175781,112.9000015258789,112.9000015258789,1215060.0
2024-05-16,113.80000305175781,116.80000305175781,110.0,111.75,111.75,1991116.0
2024-05-17,112.44999694824219,114.25,109.55000305175781,110.30000305175781,110.30000305175781,494466.0
2024-05-21,109.19999694824219,110.19999694824219,107.3499984741211,108.25,108.25,361181.0
2024-05-22,109.0999984741211,109.0999984741211,105.55000305175781,107.25,107.25,277902.0
2024-05-23,108.0999984741211,109.30000305175781,107.25,107.80000305175781,107.80000305175781,220558.0
2024-05-24,108.30000305175781,109.55000305175781,105.3499984741211,105.8499984741211,105.8499984741211,336780.0
2024-05-27,106.4000015258789,106.9000015258789,103.80000305175781,105.75,105.75,201046.0
2024-05-28,106.8499984741211,107.0,104.5999984741211,105.0999984741211,105.0999984741211,239132.0
2024-05-29,105.0999984741211,106.30000305175781,103.9000015258789,105.5,105.5,133229.0
2024-05-30,106.0,107.19999694824219,104.55000305175781,105.1500015258789,105.1500015258789,209440.0
2024-05-31,105.4000015258789,106.5999984741211,103.3499984741211,104.55000305175781,104.55000305175781,151161.0
2024-06-03,107.9000015258789,108.0,103.55000305175781,104.80000305175781,104.80000305175781,295345.0
2024-06-04,106.30000305175781,106.5,91.0,100.30000305175781,100.30000305175781,511220.0
2024-06-05,100.5,103.0,97.55000305175781,100.05000305175781,100.05000305175781,547242.0
2024-06-06,100.75,113.0999984741211,100.75,110.8499984741211,110.8499984741211,573991.0
2024-06-07,111.1500015258789,116.3499984741211,109.30000305175781,114.5999984741211,114.5999984741211,597992.0
2024-06-10,116.9000015258789,118.9000015258789,114.0999984741211,114.69000244140625,114.69000244140625,468873.0
2024-06-11,115.5,123.4000015258789,115.5,118.69999694824219,118.69999694824219,750554.0
2024-06-12,119.25,122.13999938964844,118.5999984741211,119.11000061035156,119.11000061035156,284970.0
2024-06-13,119.11000061035156,121.56999969482422,118.0,119.1500015258789,119.1500015258789,202405.0
2024-06-14,120.0,120.36000061035156,117.0199966430664,118.2300033569336,118.2300033569336,196442.0
2024-06-18,118.3499984741211,120.4000015258789,115.0,115.48999786376953,115.48999786376953,165142.0
2024-06-19,116.5,117.0,110.01000213623047,112.05000305175781,112.05000305175781,537966.0
2024-06-20,112.30000305175781,118.19999694824219,112.19999694824219,117.26000213623047,117.26000213623047,294595.0
2024-06-21,117.30000305175781,119.69999694824219,115.61000061035156,116.48999786376953,116.48999786376953,183331.0
2024-06-24,116.48999786376953,120.0,116.48999786376953,118.41000366210938,118.41000366210938,260564.0
2024-06-25,120.80000305175781,125.0999984741211,118.0,119.12000274658203,119.12000274658203,677235.0
2024-06-26,119.5999984741211,124.69999694824219,117.30000305175781,122.63999938964844,122.63999938964844,480442.0
2024-06-27,123.01000213623047,133.89999389648438,122.9800033569336,127.27999877929688,127.27999877929688,2644354.0
2024-06-28,127.9000015258789,136.0,127.5,129.9199981689453,129.9199981689453,1320456.0
2024-07-01,130.91000366210938,139.0,129.39999389648438,134.75,134.75,1896453.0
2024-07-02,135.0,138.38999938964844,130.0,131.10000610351562,131.10000610351562,558572.0
2024-07-03,132.55999755859375,134.5,130.8000030517578,133.41000366210938,133.41000366210938,389527.0
2024-07-04,135.5,135.5,126.44999694824219,127.1500015258789,127.1500015258789,822194.0
2024-07-05,127.5,134.99000549316406,127.37000274658203,133.3300018310547,133.3300018310547,969740.0
2024-07-08,133.6999969482422,134.6999969482422,130.10000610351562,130.7899932861328,130.7899932861328,208697.0
2024-07-09,131.9600067138672,139.0,127.5999984741211,134.6199951171875,134.6199951171875,1060309.0
2024-07-10,136.64999389648438,136.89999389648438,128.5500030517578,132.89999389648438,132.89999389648438,399824.0
2024-07-11,133.0500030517578,138.39999389648438,133.0500030517578,134.5800018310547,134.5800018310547,307195.0
2024-07-12,134.72999572753906,135.89999389648438,133.0,134.52000427246094,134.52000427246094,233908.0
2024-07-15,134.85000610351562,147.1999969482422,133.61000061035156,140.8000030517578,140.8000030517578,2301873.0
2024-07-16,141.85000610351562,145.8800048828125,141.2100067138672,141.89999389648438,141.89999389648438,579037.0
2024-07-18,142.5,142.82000732421875,132.35000610351562,134.9600067138672,134.9600067138672,567252.0
2024-07-19,134.9600067138672,135.8800048828125,130.0,130.35000610351562,130.35000610351562,298431.0
2024-07-22,128.9499969482422,132.88999938964844,128.1300048828125,128.82000732421875,128.82000732421875,230428.0
2024-07-23,129.10000610351562,133.0800018310547,124.30000305175781,130.52999877929688,130.52999877929688,338075.0
2024-07-24,130.00999450683594,135.9600067138672,130.00999450683594,134.16000366210938,134.16000366210938,229727.0
2024-07-25,135.0,140.99000549316406,132.6999969482422,137.33999633789062,137.33999633789062,794929.0
2024-07-26,137.33999633789062,145.55999755859375,137.33999633789062,141.97999572753906,141.97999572753906,657566.0
2024-07-29,142.4499969482422,148.38999938964844,140.50999450683594,144.47000122070312,144.47000122070312,4558677.0
2024-07-30,146.00999450683594,154.8000030517578,137.5,138.3800048828125,138.3800048828125,3229152.0
2024-07-31,139.6999969482422,166.0500030517578,139.0,166.0500030517578,166.0500030517578,9729589.0
2024-08-01,169.14999389648438,174.0,161.39999389648438,165.72000122070312,165.72000122070312,3438193.0
2024-08-02,162.0,186.0,160.39999389648438,176.61000061035156,176.61000061035156,5610888.0
2024-08-05,175.0,176.6999969482422,169.0,170.5399932861328,170.5399932861328,1713801.0
2024-08-06,176.0,178.0,164.19000244140625,167.60000610351562,167.60000610351562,1081340.0
2024-08-07,172.0,181.57000732421875,169.1999969482422,176.72000122070312,176.72000122070312,1316423.0
2024-08-08,175.89999389648438,179.89999389648438,171.83999633789062,173.99000549316406,173.99000549316406,605030.0
2024-08-09,172.00999450683594,176.2100067138672,170.86000061035156,172.75,172.75,499759.0
2024-08-12,172.5500030517578,177.94000244140625,170.22000122070312,174.22999572753906,174.22999572753906,780941.0
2024-08-13,159.0,164.2899932861328,152.39999389648438,155.72999572753906,155.72999572753906,2195530.0
2024-08-14,154.0,156.00999450683594,140.1699981689453,148.55999755859375,148.55999755859375,2061134.0
2024-08-16,148.0,148.7899932861328,127.55000305175781,136.97999572753906,136.97999572753906,1277281.0
2024-08-19,136.97999572753906,136.97999572753906,130.1300048828125,130.1300048828125,130.1300048828125,358625.0
2024-08-20,123.7699966430664,136.6300048828125,123.62000274658203,136.6300048828125,136.6300048828125,898209.0
2024-08-21,137.0,137.0,131.0,132.0,132.0,251015.0
2024-08-22,134.5,134.5,129.0,130.9600067138672,130.9600067138672,207999.0
2024-08-23,132.8000030517578,137.39999389648438,130.05999755859375,136.19000244140625,136.19000244140625,242664.0
2024-08-26,139.0,141.89999389648438,136.25999450683594,140.86000061035156,140.86000061035156,264911.0
2024-08-27,143.5,147.69000244140625,141.60000610351562,146.5399932861328,146.5399932861328,285957.0
2024-08-28,149.0,149.4499969482422,141.75999450683594,144.30999755859375,144.30999755859375,340707.0
2024-08-29,144.0,149.0,141.0,146.77000427246094,146.77000427246094,145122.0
2024-08-30,148.60000610351562,150.0,145.0,148.6999969482422,148.6999969482422,137725.0
2024-09-02,149.99000549316406,155.5,149.0,154.82000732421875,154.82000732421875,230720.0
2024-09-03,156.0,158.55999755859375,153.02000427246094,157.7899932861328,157.7899932861328,188369.0
2024-09-04,158.0500030517578,158.10000610351562,151.8000030517578,154.22000122070312,154.22000122070312,180434.0
2024-09-05,156.8000030517578,158.4499969482422,150.49000549316406,150.75999450683594,150.75999450683594,97803.0
2024-09-06,155.0,155.0,144.0,145.42999267578125,145.42999267578125,99135.0
2024-09-09,145.9499969482422,151.36000061035156,140.0500030517578,141.75,141.75,107548.0
2024-09-10,145.75,147.0,143.10000610351562,145.57000732421875,145.57000732421875,38743.0
2024-09-11,149.0,149.0,145.0500030517578,146.02999877929688,146.02999877929688,49277.0
2024-09-12,146.02999877929688,148.35000610351562,142.0500030517578,144.39999389648438,144.39999389648438,69178.0
2024-09-13,145.0,147.0,141.0,143.97999572753906,143.97999572753906,56571.0
2024-09-16,148.89999389648438,148.89999389648438,139.0,141.24000549316406,141.24000549316406,85742.0
2024-09-17,141.24000549316406,143.9499969482422,136.5,140.33999633789062,140.33999633789062,50532.0
2024-09-18,139.1999969482422,144.44000244140625,135.0,137.7899932861328,137.7899932861328,70604.0
2024-09-19,141.94000244140625,142.0,134.0,134.6300048828125,134.6300048828125,67153.0
2024-09-20,135.5,139.9499969482422,135.10000610351562,136.85000610351562,136.85000610351562,28364.0
2024-09-23,137.0,140.64999389648438,133.0,135.27999877929688,135.27999877929688,71946.0
2024-09-24,137.8000030517578,137.8000030517578,130.0,131.44000244140625,131.44000244140625,121414.0
2024-09-25,131.4499969482422,134.27999877929688,130.0,131.72999572753906,131.72999572753906,33172.0
2024-09-26,131.72999572753906,133.75,130.2100067138672,130.77000427246094,130.77000427246094,36565.0
2024-09-27,131.25,133.0,130.0500030517578,131.36000061035156,131.36000061035156,47776.0
2024-09-30,132.9499969482422,132.9499969482422,127.26000213623047,129.22000122070312,129.22000122070312,37377.0
2024-10-01,131.39999389648438,131.5,124.5,128.60000610351562,128.60000610351562,52510.0
2024-10-03,126.05000305175781,129.69000244140625,124.5,127.37000274658203,127.37000274658203,57939.0
2024-10-04,125.0,130.0,125.0,126.98999786376953,126.98999786376953,48388.0
2024-10-07,126.0,126.0,120.63999938964844,120.63999938964844,120.63999938964844,83663.0
2024-10-08,120.3499984741211,120.58999633789062,114.62000274658203,115.2300033569336,115.2300033569336,168092.0
2024-10-09,115.69999694824219,119.9000015258789,114.9000015258789,115.63999938964844,115.63999938964844,121724.0
2024-10-10,116.98999786376953,116.98999786376953,113.52999877929688,115.12999725341797,115.12999725341797,57633.0
2024-10-11,117.5999984741211,117.5999984741211,112.69999694824219,113.27999877929688,113.27999877929688,57159.0
2024-10-14,113.27999877929688,115.44999694824219,109.69999694824219,112.63999938964844,112.63999938964844,80324.0
2024-10-15,111.0,115.9000015258789,111.0,115.08999633789062,115.08999633789062,61090.0
2024-10-16,117.88999938964844,120.83999633789062,115.11000061035156,120.83999633789062,120.83999633789062,73945.0
2024-10-17,126.87999725341797,126.87999725341797,123.0,126.87999725341797,126.87999725341797,73231.0
2024-10-18,129.0,133.22000122070312,128.6999969482422,131.75,131.75,162337.0
2024-10-21,134.39999389648438,134.39999389648438,125.16000366210938,125.16000366210938,125.16000366210938,71247.0
2024-10-22,122.6500015258789,122.6500015258789,122.6500015258789,122.6500015258789,122.6500015258789,6535.0
2024-10-23,120.19000244140625,120.19000244140625,120.19000244140625,120.19000244140625,120.19000244140625,29321.0
2024-10-24,117.77999877929688,117.77999877929688,117.77999877929688,117.77999877929688,117.77999877929688,14632.0
2024-10-25,115.41999816894531,115.41999816894531,115.41999816894531,115.41999816894531,115.41999816894531,7855.0
2024-10-28,113.11000061035156,113.11000061035156,113.11000061035156,113.11000061035156,113.11000061035156,5467.0
2024-10-29,113.0,113.0,113.0,113.0,113.0,31632.0
2024-10-30,115.26000213623047,115.26000213623047,114.0,115.26000213623047,115.26000213623047,8454.0
2024-10-31,117.55999755859375,117.55999755859375,117.55999755859375,117.55999755859375,117.55999755859375,5057.0
2024-11-01,119.91000366210938,119.91000366210938,119.91000366210938,119.91000366210938,119.91000366210938,2018.0
2024-11-04,117.51000213623047,119.9000015258789,117.51000213623047,117.51000213623047,117.51000213623047,27907.0
2024-11-05,115.19999694824219,115.19999694824219,115.1500015258789,115.19999694824219,115.19999694824219,11128.0
2024-11-06,114.0,114.0,114.0,114.0,114.0,41615.0
2024-11-07,113.80000305175781,114.0,113.0999984741211,113.80000305175781,113.80000305175781,9824.0
2024-11-08,112.5,113.0,112.5,112.5,112.5,33569.0
2024-11-11,111.0,112.5,111.0,111.0,111.0,19635.0
2024-11-12,110.0,110.5,108.77999877929688,110.0,110.0,36610.0
2024-11-13,107.80000305175781,107.80000305175781,107.80000305175781,107.80000305175781,107.80000305175781,27120.0
2024-11-14,106.05000305175781,106.05000305175781,105.9000015258789,106.05000305175781,106.05000305175781,18839.0
2024-11-18,104.01000213623047,104.51000213623047,103.91999816894531,104.01000213623047,104.01000213623047,32949.0
2024-11-19,104.0,105.0,104.0,104.0,104.0,11626.0
2024-11-21,102.70999908447266,104.0,102.0,102.70999908447266,102.70999908447266,14988.0
2024-11-22,100.6500015258789,101.55000305175781,100.6500015258789,100.6500015258789,100.6500015258789,26967.0
2024-11-25,98.62999725341797,98.62999725341797,98.62999725341797,98.62999725341797,98.62999725341797,37501.0
2024-11-26,96.6500015258789,96.6500015258789,96.6500015258789,96.6500015258789,96.6500015258789,23328.0
2024-11-27,94.70999908447266,94.70999908447266,94.70999908447266,94.70999908447266,94.70999908447266,24155.0
2024-11-28,92.80999755859375,92.80999755859375,92.80999755859375,92.80999755859375,92.80999755859375,70745.0
2024-11-29,94.66000366210938,94.66000366210938,90.94999694824219,94.66000366210938,94.66000366210938,281390.0
2024-12-02,95.25,96.4000015258789,89.91999816894531,89.93000030517578,89.93000030517578,377626.0
2024-12-03,89.5,94.41999816894531,86.19999694824219,94.41999816894531,94.41999816894531,387717.0
2024-12-04,94.0,99.13999938964844,92.5999984741211,99.13999938964844,99.13999938964844,95078.0
2024-12-05,101.0,104.08999633789062,100.0,104.08999633789062,104.08999633789062,50406.0
2024-12-06,104.9000015258789,109.29000091552734,104.9000015258789,109.29000091552734,109.29000091552734,46178.0
2024-12-09,114.75,114.75,110.5999984741211,114.75,114.75,63152.0
2024-12-10,120.4800033569336,120.4800033569336,119.0,120.4800033569336,120.4800033569336,84611.0
2024-12-11,118.06999969482422,119.0,118.06999969482422,118.06999969482422,118.06999969482422,49705.0
2024-12-12,115.69999694824219,116.0199966430664,115.69999694824219,115.69999694824219,115.69999694824219,39491.0
2024-12-13,113.37999725341797,113.37999725341797,113.37999725341797,113.37999725341797,113.37999725341797,21425.0
2024-12-16,111.11000061035156,111.11000061035156,111.11000061035156,111.11000061035156,111.11000061035156,13999.0
2024-12-17,108.87999725341797,109.30000305175781,108.87999725341797,108.87999725341797,108.87999725341797,81633.0
2024-12-18,106.69999694824219,108.87999725341797,106.69999694824219,106.69999694824219,106.69999694824219,31753.0
2024-12-19,105.01000213623047,105.01000213623047,105.0,105.01000213623047,105.01000213623047,26450.0
2024-12-20,107.11000061035156,107.11000061035156,105.0,107.11000061035156,107.11000061035156,32057.0
2024-12-23,108.30000305175781,108.30000305175781,108.0,108.30000305175781,108.30000305175781,20534.0
2024-12-24,107.0,108.30000305175781,106.80000305175781,107.0,107.0,10082.0
2024-12-26,106.5,107.25,106.3499984741211,106.5,106.5,13642.0
2024-12-27,104.37000274658203,105.5,104.37000274658203,104.37000274658203,104.37000274658203,34952.0
2024-12-30,106.44999694824219,106.44999694824219,104.37000274658203,106.44999694824219,106.44999694824219,18544.0
2024-12-31,108.56999969482422,108.56999969482422,106.44999694824219,108.56999969482422,108.56999969482422,13131.0
2025-01-01,110.0,110.73999786376953,110.0,110.0,110.0,13333.0
2025-01-02,111.05000305175781,111.98999786376953,108.01000213623047,111.05000305175781,111.05000305175781,9309.0
2025-01-03,112.0,112.0,111.05000305175781,112.0,112.0,21211.0
2025-01-06,110.0999984741211,111.98999786376953,110.05000305175781,110.0999984741211,110.0999984741211,50679.0
2025-01-07,109.0,110.12000274658203,107.88999938964844,109.0,109.0,23086.0
2025-01-08,106.83000183105469,107.19999694824219,106.83000183105469,106.83000183105469,106.83000183105469,31714.0
2025-01-09,105.0,108.95999908447266,105.0,105.0,105.0,49776.0
2025-01-10,102.9000015258789,103.0,102.9000015258789,102.9000015258789,102.9000015258789,54507.0
2025-01-13,100.83999633789062,102.0,100.83999633789062,100.83999633789062,100.83999633789062,18773.0
2025-01-14,100.5,100.5,99.5,100.5,100.5,44855.0
2025-01-15,102.51000213623047,102.51000213623047,102.51000213623047,102.51000213623047,102.51000213623047,6891.0
2025-01-16,104.55999755859375,104.55999755859375,104.55999755859375,104.55999755859375,104.55999755859375,2886.0
2025-01-17,106.6500015258789,106.6500015258789,106.6500015258789,106.6500015258789,106.6500015258789,2137.0
2025-01-20,106.05000305175781,111.9800033569336,106.05000305175781,111.9800033569336,111.9800033569336,33856.0
2025-01-21,113.98999786376953,117.56999969482422,111.25,114.43000030517578,114.43000030517578,77109.0
2025-01-22,115.0,120.0,109.0,110.88999938964844,110.88999938964844,50038.0
2025-01-23,111.0,116.43000030517578,111.0,115.19999694824219,115.19999694824219,67921.0
2025-01-24,117.94999694824219,117.94999694824219,110.0,110.16999816894531,110.16999816894531,39256.0
2025-01-27,105.0,115.0,104.66000366210938,106.36000061035156,106.36000061035156,77973.0
2025-01-28,106.0,107.98999786376953,101.04000091552734,104.6500015258789,104.6500015258789,38570.0
2025-01-29,101.9000015258789,109.4000015258789,101.9000015258789,106.13999938964844,106.13999938964844,44192.0
2025-01-30,106.13999938964844,111.44000244140625,106.13999938964844,109.22000122070312,109.22000122070312,24585.0
2025-01-31,109.79000091552734,114.0,108.0999984741211,112.25,112.25,129923.0
2025-02-01,116.1500015258789,118.87000274658203,108.0,109.38999938964844,109.38999938964844,121372.0
2025-02-03,111.9000015258789,111.9000015258789,102.20999908447266,103.33000183105469,103.33000183105469,61047.0
2025-02-04,104.0999984741211,107.98999786376953,103.0,103.30999755859375,103.30999755859375,85727.0
2025-02-05,104.20999908447266,106.47000122070312,102.87999725341797,103.75,103.75,76856.0
2025-02-06,103.69999694824219,106.83999633789062,103.69999694824219,105.04000091552734,105.04000091552734,26810.0
2025-02-07,105.5199966430664,106.16999816894531,101.66999816894531,103.0999984741211,103.0999984741211,34278.0
2025-02-10,102.69999694824219,102.91000366210938,96.62999725341797,98.13999938964844,98.13999938964844,51579.0
2025-02-11,100.05000305175781,100.05000305175781,93.0,95.55000305175781,95.55000305175781,83043.0
2025-02-12,92.62000274658203,96.9000015258789,85.08999633789062,91.0,91.0,137027.0
2025-02-13,92.73999786376953,99.79000091552734,91.0,91.79000091552734,91.79000091552734,67669.0
2025-02-14,93.63999938964844,97.05999755859375,86.0,91.91999816894531,91.91999816894531,118812.0
2025-02-17,91.0,100.37999725341797,90.0,95.44000244140625,95.44000244140625,175486.0
2025-02-18,94.5,95.58999633789062,89.0,90.76000213623047,90.76000213623047,46693.0
2025-02-19,91.22000122070312,94.73999786376953,88.41000366210938,88.72000122070312,88.72000122070312,131906.0
2025-02-20,89.0,93.5,88.41000366210938,88.91999816894531,88.91999816894531,123720.0
2025-02-21,89.0,94.69999694824219,88.19999694824219,93.58000183105469,93.58000183105469,159814.0
2025-02-24,92.19000244140625,93.68000030517578,90.20999908447266,91.19999694824219,91.19999694824219,48744.0
2025-02-25,91.0,93.62999725341797,90.0,91.93000030517578,91.93000030517578,61570.0
2025-02-27,92.83999633789062,92.83999633789062,86.48999786376953,87.25,87.25,103090.0
2025-02-28,87.75,88.88999938964844,84.19000244140625,85.69000244140625,85.69000244140625,96894.0
2025-03-03,86.0,87.88999938964844,82.0,85.44999694824219,85.44999694824219,153526.0
2025-03-04,87.0,89.0,81.47000122070312,86.30999755859375,86.30999755859375,118049.0
2025-03-05,84.0,99.27999877929688,84.0,97.75,97.75,191897.0
2025-03-06,101.0,104.0,97.52999877929688,103.16000366210938,103.16000366210938,154261.0
2025-03-07,102.0,105.5,100.70999908447266,101.9800033569336,101.9800033569336,68853.0
2025-03-10,99.95999908447266,102.80999755859375,95.0,95.55000305175781,95.55000305175781,56022.0
2025-03-11,96.0,96.0,88.91999816894531,90.58000183105469,90.58000183105469,141084.0
2025-03-12,89.05999755859375,95.25,87.0,88.4000015258789,88.4000015258789,156392.0
2025-03-13,89.75,91.37999725341797,87.0999984741211,87.62000274658203,87.62000274658203,192530.0
2025-03-17,85.83000183105469,92.0,85.83000183105469,89.5,89.5,158800.0
2025-03-18,89.5,89.5,89.5,89.5,89.5,0.0
2025-03-19,89.81999969482422,95.0,89.81999969482422,93.44000244140625,93.44000244140625,155044.0
2025-03-20,93.0,95.76000213623047,92.88999938964844,93.2300033569336,93.2300033569336,96807.0
2025-03-21,93.0,95.80000305175781,92.62999725341797,93.11000061035156,93.11000061035156,382445.0
2025-03-24,93.55000305175781,96.9800033569336,90.31999969482422,92.66000366210938,92.66000366210938,172991.0
2025-03-25,93.98999786376953,94.44999694824219,87.19999694824219,88.5,88.5,278526.0
2025-03-26,89.4000015258789,91.19999694824219,85.0,85.61000061035156,85.61000061035156,174042.0
2025-03-27,85.30000305175781,88.2300033569336,84.8499984741211,85.68000030517578,85.68000030517578,139965.0
2025-03-28,86.16000366210938,88.26000213623047,83.55000305175781,83.95999908447266,83.95999908447266,582337.0
2025-04-01,84.19999694824219,95.37999725341797,84.19999694824219,90.80000305175781,90.80000305175781,267863.0
2025-04-02,92.1500015258789,92.1500015258789,88.22000122070312,89.43000030517578,89.43000030517578,53325.0
2025-04-03,89.0,93.5,89.0,91.73999786376953,91.73999786376953,60577.0
2025-04-04,92.0999984741211,92.0999984741211,85.0,85.94000244140625,85.94000244140625,147019.0
2025-04-07,81.0999984741211,84.38999938964844,80.41000366210938,83.12000274658203,83.12000274658203,145555.0
2025-04-08,84.4000015258789,85.58999633789062,81.55000305175781,83.36000061035156,83.36000061035156,246046.0
2025-04-09,83.80000305175781,83.80000305175781,82.0,82.70999908447266,82.70999908447266,46827.0
2025-04-11,84.9000015258789,84.9800033569336,82.75,83.83000183105469,83.83000183105469,133155.0
2025-04-15,83.8499984741211,87.0,83.8499984741211,86.41999816894531,86.41999816894531,65316.0
2025-04-16,86.61000061035156,87.83999633789062,85.16000366210938,86.25,86.25,42383.0
2025-04-17,86.55000305175781,87.80000305175781,85.47000122070312,87.11000061035156,87.11000061035156,39880.0
2025-04-21,88.4000015258789,93.0,84.36000061035156,85.58000183105469,85.58000183105469,353874.0
2025-04-22,85.61000061035156,88.36000061035156,84.69999694824219,84.97000122070312,84.97000122070312,158049.0
2025-04-23,85.16000366210938,88.0,84.0,84.69000244140625,84.69000244140625,211722.0
2025-04-24,85.98999786376953,88.48999786376953,84.79000091552734,85.80000305175781,85.80000305175781,100457.0
2025-04-25,86.9000015258789,87.48999786376953,80.0,80.51000213623047,80.51000213623047,476903.0
2025-04-28,80.0,82.0999984741211,74.69999694824219,75.30000305175781,75.30000305175781,253729.0
2025-04-29,77.69000244140625,79.16999816894531,74.69999694824219,76.19999694824219,76.19999694824219,201361.0
2025-04-30,76.0,76.0,70.56999969482422,71.62000274658203,71.62000274658203,889796.0
2025-05-02,72.5,75.9000015258789,71.33000183105469,72.33999633789062,72.33999633789062,232857.0
2025-05-05,72.0999984741211,78.08999633789062,71.80999755859375,76.2300033569336,76.2300033569336,290745.0
2025-05-06,76.38999938964844,87.5,73.25,75.70999908447266,75.70999908447266,2164083.0
2025-05-07,72.69999694824219,74.93000030517578,69.55000305175781,71.66999816894531,71.66999816894531,1257732.0
2025-05-08,72.23999786376953,73.33000183105469,69.5,70.12999725341797,70.12999725341797,848787.0
2025-05-09,68.72000122070312,71.2699966430664,68.72000122070312,70.29000091552734,70.29000091552734,334136.0
2025-05-12,72.06999969482422,74.20999908447266,71.87000274658203,72.23999786376953,72.23999786376953,145511.0
2025-05-13,72.5999984741211,77.0,72.5999984741211,74.9000015258789,74.9000015258789,379635.0
2025-05-14,75.80000305175781,78.4000015258789,74.91999816894531,77.91000366210938,77.91000366210938,310517.0
2025-05-15,78.0,79.48999786376953,74.37999725341797,74.5999984741211,74.5999984741211,963070.0
2025-05-16,74.97000122070312,75.4000015258789,70.70999908447266,71.2300033569336,71.2300033569336,792838.0
2025-05-19,71.30000305175781,74.0,71.30000305175781,72.0199966430664,72.0199966430664,296778.0
2025-05-20,72.83999633789062,73.12000274658203,71.69999694824219,71.91000366210938,71.91000366210938,165689.0
2025-05-21,71.72000122070312,73.45999908447266,71.5999984741211,71.94000244140625,71.94000244140625,302350.0
2025-05-22,71.9000015258789,77.25,71.70999908447266,73.77999877929688,73.77999877929688,1305658.0
2025-05-23,73.95999908447266,74.1500015258789,71.94999694824219,72.19999694824219,72.19999694824219,467913.0
2025-05-26,72.19999694824219,76.69999694824219,72.16000366210938,75.83999633789062,75.83999633789062,491882.0
2025-05-27,75.83000183105469,77.20999908447266,75.01000213623047,76.45999908447266,76.45999908447266,251753.0
2025-05-28,77.0999984741211,84.5,77.0,83.55999755859375,83.55999755859375,793867.0
2025-05-29,83.95999908447266,85.80000305175781,78.9000015258789,79.45999908447266,79.45999908447266,570698.0
2025-05-30,79.48999786376953,82.9000015258789,77.55000305175781,81.18000030517578,81.18000030517578,302047.0
2025-06-02,81.18000030517578,84.08999633789062,79.80000305175781,82.0999984741211,82.0999984741211,454063.0
2025-06-03,82.3499984741211,92.1500015258789,81.9000015258789,88.19000244140625,88.19000244140625,664603.0
2025-06-04,90.01000213623047,97.19999694824219,85.25,94.20999908447266,94.20999908447266,2293993.0
2025-06-05,94.66000366210938,100.0,94.30000305175781,97.08000183105469,97.08000183105469,1070978.0
2025-06-06,97.0999984741211,97.5999984741211,91.3499984741211,92.66999816894531,92.66999816894531,538949.0
2025-06-09,93.41000366210938,98.41999816894531,90.25,94.29000091552734,94.29000091552734,653303.0
2025-06-10,95.0,97.0199966430664,93.8499984741211,95.94000244140625,95.94000244140625,247953.0
2025-06-11,96.4000015258789,114.37999725341797,96.37000274658203,110.2699966430664,110.2699966430664,2873292.0
2025-06-12,109.88999938964844,113.0999984741211,106.5199966430664,110.26000213623047,110.26000213623047,750232.0
2025-06-13,107.0999984741211,109.83999633789062,105.80999755859375,108.56999969482422,108.56999969482422,336331.0
2025-06-16,107.94000244140625,107.94000244140625,103.2300033569336,105.30000305175781,105.30000305175781,279117.0
2025-06-17,105.30999755859375,107.4000015258789,101.05999755859375,102.4000015258789,102.4000015258789,201891.0
2025-06-18,102.4000015258789,107.69999694824219,100.98999786376953,103.3499984741211,103.3499984741211,221336.0
2025-06-19,102.30000305175781,104.87000274658203,100.31999969482422,101.48999786376953,101.48999786376953,202355.0
2025-06-20,101.4000015258789,107.63999938964844,100.1500015258789,106.5,106.5,322687.0
2025-06-23,104.0,106.6500015258789,103.98999786376953,105.12999725341797,105.12999725341797,127248.0
2025-06-24,105.19999694824219,115.0,105.19999694824219,109.25,109.25,424035.0
2025-06-25,110.37999725341797,114.4000015258789,108.25,109.9800033569336,109.9800033569336,307794.0
2025-06-26,111.19000244140625,114.6500015258789,110.19999694824219,111.73999786376953,111.73999786376953,369367.0
2025-06-27,112.0999984741211,112.12999725341797,108.0,109.70999908447266,109.70999908447266,295746.0
2025-06-30,111.0,113.44000244140625,110.08000183105469,111.75,111.75,328932.0
2025-07-01,112.9000015258789,114.79000091552734,109.5199966430664,112.19000244140625,112.19000244140625,252584.0
2025-07-02,112.87999725341797,113.30000305175781,110.5199966430664,111.9800033569336,111.9800033569336,65375.0
2025-07-03,112.98999786376953,117.5,111.1500015258789,114.58999633789062,114.58999633789062,445534.0
2025-07-04,115.26000213623047,116.5,110.16000366210938,114.04000091552734,114.04000091552734,187860.0
2025-07-07,115.94999694824219,121.12000274658203,114.25,120.1500015258789,120.1500015258789,576963.0
2025-07-08,122.0,124.0,116.37999725341797,118.18000030517578,118.18000030517578,514007.0
2025-07-09,119.29000091552734,120.80000305175781,116.0999984741211,116.7300033569336,116.7300033569336,219915.0
2025-07-10,116.7300033569336,119.37000274658203,105.0,105.63999938964844,105.63999938964844,834581.0
2025-07-11,106.0,107.69999694824219,103.25,104.63999938964844,104.63999938964844,66137.0
2025-07-14,104.47000122070312,107.0,101.0,106.27999877929688,106.27999877929688,72978.0
2025-07-15,107.5999984741211,110.0,106.0,106.63999938964844,106.63999938964844,111594.0
2025-07-16,107.16999816894531,109.0,103.01000213623047,105.4800033569336,105.4800033569336,40994.0
2025-07-17,108.9000015258789,108.9000015258789,105.0,107.16000366210938,107.16000366210938,42943.0
2025-07-18,107.0,108.88999938964844,106.0,106.9000015258789,106.9000015258789,63717.0
2025-07-21,109.0,109.5999984741211,105.0,106.01000213623047,106.01000213623047,52376.0
2025-07-22,108.19999694824219,108.19999694824219,105.4000015258789,107.0999984741211,107.0999984741211,80991.0
2025-07-23,109.0,109.0,105.5,107.5,107.5,79819.0
2025-07-24,108.5,108.5,103.5,104.0,104.0,119505.0
2025-07-25,104.0,106.0,103.0,104.6500015258789,104.6500015258789,78654.0
2025-07-28,105.0,105.98999786376953,102.58999633789062,104.69000244140625,104.69000244140625,79698.0
2025-07-29,105.0,107.25,102.8499984741211,105.73999786376953,105.73999786376953,70573.0
2025-07-30,104.01000213623047,107.0,103.4000015258789,105.16999816894531,105.16999816894531,59698.0
2025-07-31,104.5,107.0,102.0,105.0,105.0,46039.0
2025-08-01,106.0,110.25,105.80000305175781,106.66999816894531,106.66999816894531,163227.0
2025-08-04,106.66999816894531,110.0,102.5,103.58000183105469,103.58000183105469,171539.0
2025-08-05,104.98999786376953,106.0,101.51000213623047,102.08999633789062,102.08999633789062,71352.0
2025-08-06,103.0,104.80000305175781,98.01000213623047,100.19999694824219,100.19999694824219,50082.0
2025-08-07,98.0199966430664,103.0,98.0199966430664,100.37000274658203,100.37000274658203,43255.0
2025-08-08,102.8499984741211,103.0,98.0999984741211,99.1500015258789,99.1500015258789,62940.0
2025-08-11,102.0,104.0999984741211,99.69999694824219,103.70999908447266,103.70999908447266,69472.0
2025-08-12,106.0,107.0,103.0,104.18000030517578,104.18000030517578,23338.0
2025-08-13,106.0,107.0,103.05999755859375,105.58999633789062,105.58999633789062,39056.0
2025-08-14,108.69999694824219,108.80000305175781,101.0199966430664,101.44000244140625,101.44000244140625,36620.0
2025-08-18,104.4000015258789,105.0,100.30000305175781,100.48999786376953,100.48999786376953,41887.0
2025-08-19,102.44999694824219,102.44999694824219,99.0,100.0999984741211,100.0999984741211,39320.0
2025-08-20,100.0999984741211,103.4000015258789,99.36000061035156,100.05999755859375,100.05999755859375,32378.0
2025-08-21,101.94999694824219,101.94999694824219,97.0999984741211,99.62000274658203,99.62000274658203,24017.0
2025-08-22,100.0,100.5999984741211,96.3499984741211,97.9800033569336,97.9800033569336,37828.0
2025-08-25,97.0,99.0,96.0999984741211,97.0199966430664,97.0199966430664,36357.0
2025-08-26,97.0,99.0,95.0,95.69000244140625,95.69000244140625,34659.0
2025-08-28,97.0,97.0,92.69999694824219,93.4800033569336,93.4800033569336,38418.0
2025-08-29,94.94999694824219,97.80000305175781,94.0,96.05999755859375,96.05999755859375,34318.0
2025-09-01,97.0,98.0,96.45999908447266,97.9000015258789,97.9000015258789,31531.0
2025-09-02,98.79000091552734,102.30000305175781,97.9000015258789,99.05000305175781,99.05000305175781,66918.0
2025-09-03,100.44999694824219,103.9000015258789,98.1500015258789,102.56999969482422,102.56999969482422,38284.0
2025-09-04,103.0,104.0,102.0,102.13999938964844,102.13999938964844,40802.0
2025-09-05,104.0,104.0,100.0,102.05000305175781,102.05000305175781,29507.0
2025-09-08,103.05000305175781,106.98999786376953,101.5,106.41000366210938,106.41000366210938,108916.0
2025-09-09,108.8499984741211,109.5,105.11000061035156,108.44000244140625,108.44000244140625,79981.0
2025-09-10,109.0,112.69999694824219,109.0,110.16999816894531,110.16999816894531,85453.0
2025-09-11,111.9000015258789,111.9000015258789,107.0999984741211,108.31999969482422,108.31999969482422,45902.0
2025-09-12,108.0,108.0,104.5,105.66999816894531,105.66999816894531,40353.0
2025-09-15,108.0,108.0,105.01000213623047,105.66000366210938,105.66000366210938,19533.0
2025-09-16,107.44000244140625,107.44000244140625,104.75,105.05999755859375,105.05999755859375,28092.0
2025-09-17,106.0,107.4800033569336,104.5,105.37000274658203,105.37000274658203,34080.0
2025-09-18,106.93000030517578,107.0,104.0,105.80999755859375,105.80999755859375,42737.0
2025-09-19,104.05999755859375,105.48999786376953,103.5,104.0999984741211,104.0999984741211,39165.0
2025-09-22,105.87999725341797,105.87999725341797,103.19999694824219,104.33999633789062,104.33999633789062,58955.0
2025-09-23,105.77999877929688,105.77999877929688,101.30000305175781,103.9000015258789,103.9000015258789,20175.0
2025-09-24,103.88999938964844,105.37999725341797,103.12999725341797,103.63999938964844,103.63999938964844,22610.0
2025-09-25,104.94000244140625,104.94000244140625,103.0,103.2300033569336,103.2300033569336,19036.0
2025-09-26,102.0,104.4000015258789,98.1500015258789,99.93000030517578,99.93000030517578,39601.0
2025-09-29,100.0,102.0,95.0999984741211,96.08000183105469,96.08000183105469,52591.0
2025-09-30,96.0999984741211,97.87999725341797,94.70999908447266,95.2300033569336,95.2300033569336,26051.0
2025-10-01,97.19999694824219,98.01000213623047,94.0,97.37000274658203,97.37000274658203,28734.0
2025-10-03,96.0999984741211,99.9000015258789,95.0,97.23999786376953,97.23999786376953,23117.0
2025-10-06,97.0,102.0,95.7300033569336,101.70999908447266,101.70999908447266,49208.0
2025-10-07,104.80000305175781,104.80000305175781,100.5,101.12000274658203,101.12000274658203,50240.0
2025-10-08,101.12000274658203,102.94999694824219,101.12000274658203,101.45999908447266,101.45999908447266,23419.0
2025-10-09,101.0,104.47000122070312,101.0,102.5199966430664,102.5199966430664,36447.0
2025-10-10,102.5199966430664,107.0,102.5199966430664,104.7300033569336,104.7300033569336,73918.0
2025-10-13,106.5999984741211,112.5,105.0999984741211,107.69000244140625,107.69000244140625,218715.0
2025-10-14,106.0,106.88999938964844,101.0,102.91999816894531,102.91999816894531,168024.0
2025-10-15,104.9000015258789,107.0,102.56999969482422,104.12000274658203,104.12000274658203,103796.0
2025-10-16,106.95999908447266,107.0,104.12000274658203,104.61000061035156,104.61000061035156,57494.0
2025-10-17,105.0,105.0,100.5,101.3499984741211,101.3499984741211,60311.0
2025-10-20,104.75,106.97000122070312,101.5999984741211,104.81999969482422,104.81999969482422,127158.0
2025-10-21,106.55000305175781,106.55000305175781,104.54000091552734,104.87999725341797,104.87999725341797,22748.0
2025-10-23,105.30000305175781,105.30000305175781,102.19999694824219,102.58000183105469,102.58000183105469,50874.0
2025-10-24,102.19999694824219,104.80000305175781,101.5,101.94000244140625,101.94000244140625,55202.0
2025-10-27,101.94000244140625,105.5,101.91999816894531,103.75,103.75,138083.0
2025-10-28,103.75,105.3499984741211,102.5,103.25,103.25,91223.0
2025-10-29,103.66000366210938,106.4000015258789,101.94999694824219,103.02999877929688,103.02999877929688,164105.0
2025-10-30,102.19999694824219,105.94999694824219,102.19999694824219,104.25,104.25,102382.0
2025-10-31,104.45999908447266,104.88999938964844,102.30000305175781,102.70999908447266,102.70999908447266,48798.0
2025-11-03,102.70999908447266,103.37000274658203,102.0,102.22000122070312,102.22000122070312,41661.0
2025-11-04,101.19999694824219,103.19999694824219,101.19999694824219,101.61000061035156,101.61000061035156,45082.0
2025-11-06,101.97000122070312,102.08000183105469,99.62999725341797,101.08000183105469,101.08000183105469,48772.0
2025-11-07,100.0,102.0,99.5,100.5999984741211,100.5999984741211,30804.0
2025-11-10,100.98999786376953,105.0,100.5999984741211,104.20999908447266,104.20999908447266,76547.0
2025-11-11,104.0,105.94999694824219,101.62000274658203,103.36000061035156,103.36000061035156,83156.0
2025-11-12,103.0,104.37999725341797,102.4000015258789,102.56999969482422,102.56999969482422,54470.0
2025-11-13,103.98999786376953,103.98999786376953,102.5,103.43000030517578,103.43000030517578,41287.0
2025-11-14,103.5,104.0999984741211,103.0,103.75,103.75,45077.0
2025-11-17,106.0,106.5,99.31999969482422,99.56999969482422,99.56999969482422,195322.0
2025-11-18,101.0,102.0,95.55000305175781,96.5999984741211,96.5999984741211,137376.0
2025-11-19,96.5999984741211,97.0,94.5999984741211,95.44000244140625,95.44000244140625,78919.0
2025-11-20,98.0,98.0,94.80999755859375,95.29000091552734,95.29000091552734,59831.0
2025-11-21,95.30000305175781,105.62000274658203,95.30000305175781,100.55999755859375,100.55999755859375,299536.0
2025-11-24,101.0,101.61000061035156,95.11000061035156,95.72000122070312,95.72000122070312,119065.0
2025-11-25,96.0,97.52999877929688,93.0,94.04000091552734,94.04000091552734,88771.0
2025-11-26,94.45999908447266,98.29000091552734,94.44999694824219,96.2300033569336,96.2300033569336,111775.0
2025-11-27,95.4000015258789,97.5,94.80000305175781,96.58000183105469,96.58000183105469,81808.0
2025-11-28,96.4800033569336,99.37000274658203,96.29000091552734,97.4800033569336,97.4800033569336,63838.0
2025-12-01,97.0,97.36000061035156,95.61000061035156,96.41999816894531,96.41999816894531,35229.0
2025-12-02,96.41999816894531,97.4000015258789,94.94999694824219,95.55999755859375,95.55999755859375,38631.0
2025-12-03,95.55000305175781,96.69000244140625,93.06999969482422,94.75,94.75,63651.0
2025-12-04,94.30000305175781,94.36000061035156,92.95999908447266,93.18000030517578,93.18000030517578,37155.0
2025-12-05,92.5,96.69000244140625,91.30999755859375,95.9000015258789,95.9000015258789,124578.0
2025-12-08,95.30000305175781,96.76000213623047,90.9000015258789,91.3499984741211,91.3499984741211,120291.0
2025-12-09,91.5,92.4800033569336,88.23999786376953,90.52999877929688,90.52999877929688,66554.0
2025-12-10,89.5999984741211,94.4000015258789,89.5999984741211,93.63999938964844,93.63999938964844,82848.0
2025-12-11,92.30999755859375,96.8499984741211,92.30999755859375,95.75,95.75,134377.0
2025-12-12,96.9000015258789,99.5,94.80999755859375,97.91000366210938,97.91000366210938,169002.0
2025-12-15,99.5,99.5,95.98999786376953,97.62000274658203,97.62000274658203,101882.0
2025-12-16,97.62000274658203,99.37999725341797,95.0999984741211,95.41999816894531,95.41999816894531,38662.0
2025-12-17,95.41999816894531,96.5999984741211,93.30000305175781,93.58999633789062,93.58999633789062,45899.0
2025-12-18,93.58999633789062,97.0,92.5,94.05000305175781,94.05000305175781,166266.0
2025-12-19,95.44999694824219,95.44999694824219,93.0,93.41000366210938,93.41000366210938,48671.0
2025-12-22,93.19999694824219,95.45999908447266,93.19999694824219,94.25,94.25,74868.0
2025-12-23,93.5,96.25,92.58000183105469,92.87999725341797,92.87999725341797,91577.0
2025-12-24,93.0,93.66999816894531,91.5999984741211,91.9000015258789,91.9000015258789,57527.0
2025-12-26,92.0,93.19999694824219,91.25,91.51000213623047,91.51000213623047,88584.0
2025-12-29,91.0,91.48999786376953,89.0999984741211,89.62999725341797,89.62999725341797,77631.0
2025-12-30,89.0,90.1500015258789,89.0,89.47000122070312,89.47000122070312,26944.0
2025-12-31,89.11000061035156,91.30999755859375,87.1500015258789,88.1500015258789,88.1500015258789,135591.0
2026-01-01,89.23999786376953,91.0,88.37000274658203,90.48999786376953,90.48999786376953,51638.0
2026-01-02,90.0,92.80000305175781,89.41000366210938,91.55000305175781,91.55000305175781,74016.0
2026-01-05,90.11000061035156,91.91000366210938,89.5199966430664,90.33999633789062,90.33999633789062,27323.0
2026-01-06,89.55000305175781,90.55999755859375,89.19999694824219,89.61000061035156,89.61000061035156,43297.0
2026-01-07,87.25,95.5999984741211,87.25,94.4800033569336,94.4800033569336,188527.0
2026-01-08,94.94999694824219,97.83999633789062,90.11000061035156,91.25,91.25,165172.0
2026-01-09,90.2300033569336,93.0,89.0,90.37000274658203,90.37000274658203,214128.0
2026-01-12,89.75,92.94999694824219,89.20999908447266,90.79000091552734,90.79000091552734,111031.0
2026-01-13,91.9800033569336,104.19999694824219,90.94999694824219,101.13999938964844,101.13999938964844,1686274.0
2026-01-14,102.98999786376953,106.0,99.1500015258789,100.72000122070312,100.72000122070312,734641.0
2026-01-16,100.19999694824219,113.05000305175781,98.68000030517578,110.94999694824219,110.94999694824219,1480863.0
2026-01-19,111.0,112.75,108.05999755859375,111.44000244140625,111.44000244140625,324311.0
2026-01-20,110.55000305175781,113.66000366210938,106.5,107.41999816894531,107.41999816894531,243265.0
2026-01-21,106.0,109.0,102.05000305175781,106.27999877929688,106.27999877929688,239274.0
2026-01-22,107.66000366210938,109.68000030517578,105.19999694824219,106.8499984741211,106.8499984741211,134618.0
2026-01-23,106.95999908447266,116.0,106.94999694824219,109.62999725341797,109.62999725341797,290783.0
2026-01-27,109.08000183105469,109.08000183105469,106.0999984741211,107.0199966430664,107.0199966430664,63951.0
2026-01-28,107.19999694824219,111.12000274658203,105.83999633789062,108.69999694824219,108.69999694824219,158652.0
2026-01-29,108.16000366210938,110.73999786376953,105.3499984741211,107.30999755859375,107.30999755859375,198265.0
2026-01-30,107.36000061035156,117.80000305175781,107.08999633789062,113.41000366210938,113.41000366210938,753731.0
2026-02-02,112.9000015258789,114.95999908447266,106.2300033569336,108.6500015258789,108.6500015258789,187213.0
2026-02-03,112.69999694824219,114.0,108.0,113.37000274658203,113.37000274658203,235423.0
2026-02-04,113.98999786376953,124.5,113.1500015258789,120.58999633789062,120.58999633789062,848947.0
2026-02-05,119.97000122070312,124.80000305175781,118.20999908447266,122.13999938964844,122.13999938964844,924868.0
2026-02-06,123.5,137.4499969482422,122.5,132.1999969482422,132.1999969482422,8771845.0
2026-02-09,132.49000549316406,139.89999389648438,132.49000549316406,138.7899932861328,138.7899932861328,1575312.0
2026-02-10,141.0,143.0,134.1999969482422,137.14999389648438,137.14999389648438,741317.0
2026-02-11,134.14999389648438,136.4199981689453,131.3000030517578,133.07000732421875,133.07000732421875,406512.0
2026-02-12,132.94000244140625,139.47999572753906,131.1999969482422,135.61000061035156,135.61000061035156,460717.0
2026-02-13,134.91000366210938,140.88999938964844,131.10000610351562,136.05999755859375,136.05999755859375,463291.0
2026-02-16,135.5800018310547,144.75,133.0,143.74000549316406,143.74000549316406,1123723.0
2026-02-17,144.0,149.89999389648438,142.14999389648438,143.6300048828125,143.6300048828125,1090820.0
2026-02-18,143.41000366210938,145.8000030517578,141.0,141.8800048828125,141.8800048828125,1289080.0
2026-02-19,143.02999877929688,143.5399932861328,135.30999755859375,137.52999877929688,137.52999877929688,556598.0
2026-02-20,138.32000732421875,146.69000244140625,137.36000061035156,141.88999938964844,141.88999938964844,777539.0
2026-02-23,142.44000244140625,148.0,140.0,147.4499969482422,147.4499969482422,762269.0
2026-02-24,148.0,148.5,141.61000061035156,142.25999450683594,142.25999450683594,360737.0
2026-02-25,142.5,148.0,142.5,147.22000122070312,147.22000122070312,517782.0
2026-02-26,148.5,150.10000610351562,145.60000610351562,149.35000610351562,149.35000610351562,760761.0
2026-02-27,149.33999633789062,151.97999572753906,141.75,145.3300018310547,145.3300018310547,938217.0
2026-03-02,138.0,144.5500030517578,134.0,137.22999572753906,137.22999572753906,867786.0
2026-03-04,133.7899932861328,134.6999969482422,126.0,126.22000122070312,126.22000122070312,749728.0
2026-03-05,128.10000610351562,142.39999389648438,128.10000610351562,137.25999450683594,137.25999450683594,2918684.0
2026-03-06,136.00999450683594,140.97999572753906,134.39999389648438,136.83999633789062,136.83999633789062,427033.0
2026-03-09,132.0,141.9499969482422,128.10000610351562,139.8000030517578,139.8000030517578,579401.0
2026-03-10,142.4600067138672,145.6999969482422,140.58999633789062,142.6300048828125,142.6300048828125,401398.0
2026-03-11,142.6300048828125,149.5,142.0,142.82000732421875,142.82000732421875,555682.0
2026-03-12,142.0,146.0,139.6199951171875,143.47000122070312,143.47000122070312,304779.0
2026-03-13,142.1999969482422,142.89999389648438,136.8000030517578,137.33999633789062,137.33999633789062,225392.0
2026-03-16,138.64999389648438,139.74000549316406,135.11000061035156,137.13999938964844,137.13999938964844,239182.0
2026-03-17,137.4199981689453,148.89999389648438,136.99000549316406,145.8699951171875,145.8699951171875,606365.0
2026-03-18,145.8699951171875,148.05999755859375,144.5,145.39999389648438,145.39999389648438,225193.0
2026-03-19,143.22000122070312,145.99000549316406,141.0399932861328,142.08999633789062,142.08999633789062,253930.0
2026-03-20,142.10000610351562,145.72000122070312,140.1999969482422,141.50999450683594,141.50999450683594,141814.0
2026-03-23,137.57000732421875,147.0,133.0,134.02999877929688,134.02999877929688,470474.0
2026-03-24,137.5,145.08999633789062,136.52000427246094,142.38999938964844,142.38999938964844,368623.0
2026-03-25,142.85000610351562,151.50999450683594,135.0,136.8800048828125,136.8800048828125,1315830.0
2026-03-27,136.5,142.2100067138672,130.8699951171875,138.2100067138672,138.2100067138672,1017741.0
2026-03-30,135.0,137.55999755859375,130.5,131.42999267578125,131.42999267578125,235580.0
2026-04-01,135.0,140.49000549316406,135.0,138.1699981689453,138.1699981689453,409230.0
2026-04-02,136.0,139.47999572753906,133.25,138.85000610351562,138.85000610351562,144731.0
2026-04-06,138.5,142.2899932861328,136.11000061035156,140.47999572753906,140.47999572753906,201706.0
2026-04-07,140.2100067138672,141.75999450683594,137.0,138.3699951171875,138.3699951171875,267025.0
2026-04-08,142.0,154.64999389648438,138.0,150.27999877929688,150.27999877929688,4033907.0
2026-04-09,151.4600067138672,156.8000030517578,142.0,143.22999572753906,143.22999572753906,2452351.0
2026-04-10,144.0,148.0,139.1999969482422,140.57000732421875,140.57000732421875,2286693.0
2026-04-13,138.0,143.1999969482422,135.60000610351562,139.14999389648438,139.14999389648438,1097938.0
2026-04-15,141.5,151.44000244140625,140.9600067138672,144.0500030517578,144.0500030517578,1460746.0
2026-04-16,145.1999969482422,148.30999755859375,140.50999450683594,145.41000366210938,145.41000366210938,1705373.0
2026-04-17,136.0,143.3000030517578,127.30000305175781,131.86000061035156,131.86000061035156,13498290.0
2026-04-20,132.91000366210938,141.83999633789062,131.39999389648438,138.89999389648438,138.89999389648438,3513819.0
2026-04-21,140.27000427246094,145.8000030517578,140.0,143.94000244140625,143.94000244140625,1649439.0
2026-04-22,144.0,146.49000549316406,141.9600067138672,142.3800048828125,142.3800048828125,622096.0
2026-04-23,142.39999389648438,143.91000366210938,137.5,137.97000122070312,137.97000122070312,1101813.0
2026-04-24,139.0,142.8000030517578,134.41000366210938,137.39999389648438,137.39999389648438,744815.0
2026-04-27,137.49000549316406,139.0,133.72000122070312,134.3000030517578,134.3000030517578,517134.0
2026-04-28,135.0,140.72000122070312,134.1300048828125,139.1699981689453,139.1699981689453,501536.0
2026-04-29,139.99000549316406,141.3000030517578,135.4199981689453,136.08999633789062,136.08999633789062,312826.0
2026-04-30,136.88999938964844,139.0,134.0,137.5399932861328,137.5399932861328,532139.0
2026-05-01,137.5399932861328,137.5399932861328,137.5399932861328,137.5399932861328,137.5399932861328,0.0
2026-05-04,138.11000061035156,140.36000061035156,135.47000122070312,135.99000549316406,135.99000549316406,344425.0
2026-05-05,136.60000610351562,147.0,135.9499969482422,143.33999633789062,143.33999633789062,1954490.0
2026-05-06,145.64999389648438,146.49000549316406,142.25,144.1999969482422,144.1999969482422,779418.0
2026-05-07,143.1999969482422,148.0,138.02000427246094,139.75,139.75,614305.0
2026-05-08,139.10000610351562,140.83999633789062,136.86000061035156,138.16000366210938,138.16000366210938,450173.0
2026-05-11,138.63999938964844,141.47999572753906,136.30999755859375,138.5399932861328,138.5399932861328,394472.0
2026-05-12,138.0,142.0,136.5500030517578,137.75999450683594,137.75999450683594,591169.0
2026-05-13,137.1999969482422,140.0399932861328,137.1999969482422,138.11000061035156,138.11000061035156,246820.0
2026-05-14,139.0,139.36000061035156,132.22000122070312,134.61000061035156,134.61000061035156,472616.0
2026-05-15,134.61000061035156,136.39999389648438,132.89999389648438,133.88999938964844,133.88999938964844,307208.0
2026-05-18,133.6999969482422,134.1300048828125,129.30999755859375,132.1999969482422,132.1999969482422,412622.0
2026-05-19,133.99000549316406,136.24000549316406,130.7899932861328,134.72999572753906,134.72999572753906,339776.0
2026-05-20,134.10000610351562,139.13999938964844,132.4600067138672,135.8800048828125,135.8800048828125,338727.0
2026-05-21,137.4499969482422,138.0,134.99000549316406,135.35000610351562,135.35000610351562,151809.0
2026-05-22,135.4499969482422,136.0399932861328,131.0,131.7899932861328,131.7899932861328,622796.0
2026-05-25,132.8000030517578,135.89999389648438,129.5,132.17999267578125,132.17999267578125,626665.0
2026-05-26,132.0,137.2100067138672,130.0,136.1699981689453,136.1699981689453,690019.0
2026-05-27,136.5,138.27999877929688,133.3000030517578,134.8300018310547,134.8300018310547,742846.0
2026-05-28,134.8300018310547,134.8300018310547,134.8300018310547,134.8300018310547,134.8300018310547,0.0
2026-05-29,138.0,161.0,138.0,152.11000061035156,152.11000061035156,7365010.0
2026-06-01,154.0,173.25,153.1300048828125,164.19000244140625,164.19000244140625,6279556.0
2026-06-02,165.0,167.74000549316406,160.8000030517578,162.10000610351562,162.10000610351562,1573479.0
2026-06-03,163.39999389648438,163.39999389648438,155.0,157.11000061035156,157.11000061035156,862853.0
2026-06-04,155.47999572753906,159.74000549316406,152.8000030517578,156.69000244140625,156.69000244140625,1021074.0
2026-06-05,158.89999389648438,163.5,156.1999969482422,158.0,158.0,1275663.0
2026-06-08,155.11000061035156,162.36000061035156,154.1999969482422,156.74000549316406,156.74000549316406,848615.0
2026-06-09,157.02999877929688,165.89999389648438,156.7100067138672,161.8699951171875,161.8699951171875,1700677.0
2026-06-10,163.39999389648438,169.89999389648438,162.5,162.86000061035156,162.86000061035156,1351221.0
2026-06-11,162.27999877929688,164.8000030517578,158.0,158.6300048828125,158.6300048828125,566933.0
2026-06-12,161.8000030517578,164.0,159.2100067138672,163.02999877929688,163.02999877929688,372371.0
2026-06-15,166.0,166.60000610351562,158.99000549316406,161.83999633789062,161.83999633789062,569802.0
2026-06-16,163.75,168.0,158.00999450683594,162.63999938964844,162.63999938964844,994821.0
2026-06-17,163.6999969482422,165.0,160.55999755859375,162.47999572753906,162.47999572753906,472194.0
2026-06-18,162.10000610351562,170.9499969482422,162.0,168.67999267578125,168.67999267578125,1521339.0
2026-06-19,172.0,190.5,169.5,187.3800048828125,187.3800048828125,4532691.0
2026-06-22,189.25,196.74000549316406,187.8699951171875,188.8800048828125,188.8800048828125,2421801.0
2026-06-23,189.8000030517578,201.5,189.30999755859375,193.33999633789062,193.33999633789062,2798316.0
2026-06-24,192.92999267578125,200.5,192.77999877929688,193.8300018310547,193.8300018310547,1328781.0
2026-06-25,195.92999267578125,204.89999389648438,195.10000610351562,200.89999389648438,200.89999389648438,2149139.0
2026-06-26,200.89999389648438,200.89999389648438,200.89999389648438,200.89999389648438,200.89999389648438,0.0
2026-06-29,201.0,211.0,201.0,205.27000427246094,205.27000427246094,1889912.0
2026-06-30,206.0,208.25,201.2100067138672,203.52999877929688,203.52999877929688,684200.0
2026-07-01,203.9499969482422,204.3000030517578,197.10000610351562,200.72999572753906,200.72999572753906,701538.0
2026-07-02,201.97000122070312,207.5,198.05999755859375,206.22000122070312,206.22000122070312,526610.0
2026-07-03,206.91000366210938,216.8300018310547,206.86000061035156,214.16000366210938,214.16000366210938,1601632.0
2026-07-06,215.10000610351562,225.99000549316406,215.10000610351562,221.74000549316406,221.74000549316406,1399221.0
2026-07-07,222.6999969482422,224.89999389648438,212.85000610351562,215.14999389648438,215.14999389648438,802407.0
2026-07-08,216.88999938964844,238.0,215.2100067138672,225.47000122070312,225.47000122070312,4930370.0
2026-07-09,225.42999267578125,237.5,222.5399932861328,235.5800018310547,235.5800018310547,1376033.0
2026-07-10,237.89999389648438,248.0,230.41000366210938,246.44000244140625,246.44000244140625,1899514.0
2026-07-13,245.0,248.4499969482422,233.35000610351562,237.6999969482422,237.6999969482422,933065.0
2026-07-14,235.39999389648438,235.47000122070312,227.0,229.86000061035156,229.86000061035156,780003.0
2026-07-15,230.0,233.7899932861328,220.02000427246094,226.82000732421875,226.82000732421875,619285.0
2026-07-16,225.8300018310547,236.0,224.0,233.88999938964844,233.88999938964844,562319.0
2026-07-17,231.39999389648438,233.9499969482422,227.00999450683594,231.47000122070312,231.47000122070312,288534.0
2026-07-20,227.02000427246094,238.3000030517578,227.02000427246094,233.99000549316406,233.99000549316406,438766.0
2026-07-21,235.72000122070312,240.0,230.6300048828125,237.60000610351562,237.60000610351562,271232.0
2026-07-22,239.8000030517578,240.38999938964844,231.0,233.07000732421875,233.07000732421875,447639.0
2026-07-23,232.97999572753906,236.9499969482422,225.0,225.99000549316406,225.99000549316406,397859.0
2026-07-24,225.02000427246094,229.99000549316406,217.77000427246094,227.49000549316406,227.49000549316406,447383.0
2026-07-27,228.0,240.6999969482422,228.0,239.91000366210938,239.91000366210938,478681.0
2026-07-28,242.0,242.0,235.0,236.30999755859375,236.30999755859375,392048.0
2026-07-29,238.0,238.0,220.0,223.5800018310547,223.5800018310547,745058.0
2026-07-30,226.0,228.0,216.6999969482422,219.82000732421875,219.82000732421875,369587.0
2026-07-31,220.7899932861328,227.3000030517578,215.0,224.27000427246094,224.27000427246094,446815.0
2026-08-03,224.27000427246094,231.1999969482422,222.1999969482422,228.6300048828125,228.6300048828125,195400.0
2026-08-04,227.6999969482422,237.6999969482422,227.6999969482422,230.2100067138672,230.2100067138672,339157.0
2026-08-05,231.89999389648438,235.1699981689453,227.9499969482422,230.4199981689453,230.4199981689453,236244.0
2026-08-06,230.4499969482422,234.5,225.0,226.47999572753906,226.47999572753906,324739.0
2026-08-07,225.6999969482422,233.1999969482422,225.0,228.41000366210938,228.41000366210938,277067.0
2026-08-10,230.89999389648438,240.75,228.3000030517578,237.24000549316406,237.24000549316406,1031876.0
2026-08-11,266.0,284.67999267578125,255.63999938964844,284.67999267578125,284.67999267578125,9123251.0
2026-08-12,302.8999938964844,320.5,293.0,300.0,300.0,8635452.0
2026-08-13,307.0,307.0,284.8399963378906,296.6300048828125,296.6300048828125,1787633.0
2026-08-14,296.6300048828125,305.8999938964844,293.54998779296875,304.17999267578125,304.17999267578125,618959.0
2026-08-17,312.0,317.45001220703125,296.3500061035156,313.0199890136719,313.0199890136719,2553952.0
2026-08-18,317.95001220703125,351.29998779296875,316.8999938964844,346.8699951171875,346.8699951171875,5070310.0
2026-08-19,347.4700012207031,348.0,320.04998779296875,322.05999755859375,322.05999755859375,1535652.0
2026-08-20,326.0,339.0,323.239990234375,333.510009765625,333.510009765625,784970.0
2026-08-21,335.1700134277344,337.6000061035156,325.2099914550781,329.5899963378906,329.5899963378906,366668.0
2026-08-24,329.5899963378906,332.30999755859375,316.6099853515625,327.2699890136719,327.2699890136719,433051.0
2026-08-25,326.1000061035156,328.989990234375,320.05999755859375,324.3800048828125,324.3800048828125,269737.0
2026-08-26,326.0,373.7200012207031,325.9800109863281,367.4800109863281,367.4800109863281,7368383.0
2026-08-27,359.8999938964844,366.3999938964844,352.510009765625,358.0400085449219,358.0400085449219,694257.0
2026-08-28,360.0,366.0,355.6499938964844,362.9200134277344,362.9200134277344,527926.0
2026-08-31,363.4599914550781,372.4599914550781,355.54998779296875,364.8699951171875,364.8699951171875,667877.0
2026-09-01,368.45001220703125,389.5,361.8999938964844,368.1499938964844,368.1499938964844,1383073.0
2026-09-02,364.1000061035156,378.8999938964844,363.1000061035156,366.8500061035156,366.8500061035156,473769.0
2026-09-03,366.8500061035156,376.0,363.0,372.70001220703125,372.70001220703125,536113.0
2026-09-04,373.1000061035156,373.1000061035156,350.0,355.95001220703125,355.95001220703125,695062.0
2026-09-08,368.70001220703125,401.45001220703125,368.70001220703125,388.29998779296875,388.29998779296875,2095086.0
2026-09-09,389.70001220703125,404.0,381.3500061035156,388.54998779296875,388.54998779296875,704593.0
2026-09-10,387.45001220703125,387.45001220703125,375.25,377.5,377.5,372420.0
2026-09-11,375.0,391.3999938964844,372.29998779296875,385.3500061035156,385.3500061035156,565658.0
2026-09-15,394.45001220703125,394.6000061035156,376.0,378.75,378.75,366124.0
