date,open,high,low,close,adjclose,volume
2021-09-15,247.0,255.8000030517578,238.25,244.5500030517578,222.8175811767578,10657795.0
2021-09-16,256.0,279.54998779296875,251.89999389648438,269.3500061035156,245.41368103027344,42807739.0
2021-09-17,269.0,275.0,262.8500061035156,268.75,244.8669891357422,13749530.0
2021-09-20,267.8999938964844,274.1499938964844,261.5,263.04998779296875,239.6735382080078,5364134.0
2021-09-21,268.0,274.54998779296875,263.75,270.8500061035156,246.78038024902344,9607647.0
2021-09-22,271.45001220703125,275.6499938964844,269.54998779296875,273.3500061035156,249.05821228027344,5998444.0
2021-09-23,275.1499938964844,288.29998779296875,272.25,279.04998779296875,254.2516632080078,10740265.0
2021-09-24,280.70001220703125,324.0,278.5,317.6499938964844,289.42138671875,58100771.0
2021-09-27,317.6499938964844,326.8999938964844,310.3500061035156,314.04998779296875,286.14129638671875,16451516.0
2021-09-28,315.0,332.79998779296875,312.6000061035156,320.1499938964844,291.69921875,21835879.0
2021-09-29,317.0,327.6000061035156,312.45001220703125,318.0,289.74029541015625,9690718.0
2021-09-30,317.95001220703125,324.54998779296875,304.45001220703125,308.70001220703125,281.2667541503906,14794626.0
2021-10-01,311.0,317.5,302.6499938964844,315.6000061035156,287.5535888671875,11203743.0
2021-10-04,315.0,315.8999938964844,302.1499938964844,304.6499938964844,277.57666015625,15842060.0
2021-10-05,304.6499938964844,312.04998779296875,303.20001220703125,310.6000061035156,282.9979248046875,8130892.0
2021-10-06,308.0,316.1000061035156,308.0,313.0,285.18463134765625,7204136.0
2021-10-07,318.0,326.3999938964844,300.0,306.25,279.03448486328125,8843692.0
2021-10-08,307.79998779296875,311.79998779296875,300.20001220703125,305.0,277.89556884765625,5746316.0
2021-10-11,305.0,307.79998779296875,292.95001220703125,303.70001220703125,276.71112060546875,3595497.0
2021-10-12,305.0,305.0,293.04998779296875,299.0,272.42877197265625,4012453.0
2021-10-13,298.95001220703125,303.79998779296875,296.6000061035156,298.3999938964844,271.882080078125,1888828.0
2021-10-14,298.3999938964844,311.0,298.04998779296875,306.0,278.80670166015625,4256928.0
2021-10-18,300.20001220703125,307.54998779296875,299.0,301.1499938964844,274.3876953125,3192293.0
2021-10-19,303.70001220703125,305.6000061035156,293.45001220703125,294.95001220703125,268.73870849609375,3104071.0
2021-10-20,295.29998779296875,313.3500061035156,290.5,303.0,276.07330322265625,18376360.0
2021-10-21,305.45001220703125,305.45001220703125,294.0,295.79998779296875,269.5131530761719,7048354.0
2021-10-22,290.0,305.79998779296875,290.0,302.0,275.16217041015625,5330583.0
2021-10-25,298.8999938964844,302.6499938964844,286.1000061035156,288.54998779296875,262.90740966796875,4370271.0
2021-10-26,292.0,304.0,278.0,281.45001220703125,256.4383850097656,11610386.0
2021-10-27,284.3999938964844,284.5,270.3999938964844,274.95001220703125,250.51602172851562,8287553.0
2021-10-28,275.0,275.79998779296875,262.8500061035156,272.54998779296875,248.3292999267578,5966890.0
2021-10-29,274.54998779296875,280.5,266.6499938964844,271.5,247.37261962890625,2933333.0
2021-11-01,274.0,286.70001220703125,272.54998779296875,285.04998779296875,259.71844482421875,5892031.0
2021-11-02,285.3999938964844,287.79998779296875,282.29998779296875,285.3500061035156,259.9917907714844,2589924.0
2021-11-03,287.95001220703125,292.0,283.3500061035156,287.54998779296875,261.9963073730469,3996110.0
2021-11-04,287.54998779296875,290.20001220703125,285.3500061035156,287.1499938964844,261.6318359375,221561.0
2021-11-08,295.0,296.0,288.3999938964844,290.54998779296875,264.72967529296875,4540426.0
2021-11-09,292.0,295.6000061035156,286.29998779296875,290.75,264.9118957519531,2779461.0
2021-11-10,290.0,298.8500061035156,289.1499938964844,293.54998779296875,267.46307373046875,3318285.0
2021-11-11,295.1000061035156,296.54998779296875,288.0,291.1499938964844,265.2763671875,1700027.0
2021-11-12,292.70001220703125,296.8999938964844,290.54998779296875,293.1000061035156,267.0531005859375,3211857.0
2021-11-15,295.0,295.3500061035156,288.3500061035156,290.6499938964844,264.82080078125,1154601.0
2021-11-16,291.70001220703125,298.25,290.0,296.1000061035156,269.7864990234375,2624301.0
2021-11-17,295.0,296.95001220703125,284.1000061035156,288.3999938964844,262.770751953125,4149011.0
2021-11-18,289.20001220703125,291.1000061035156,281.79998779296875,284.45001220703125,259.1717834472656,1892371.0
2021-11-22,294.70001220703125,307.0,280.0,291.95001220703125,266.0052795410156,11173039.0
2021-11-23,292.45001220703125,296.8999938964844,285.3999938964844,294.25,268.10089111328125,5884383.0
2021-11-24,297.0,301.5,286.5,288.79998779296875,263.13519287109375,7543988.0
2021-11-25,287.8999938964844,297.95001220703125,280.8999938964844,296.79998779296875,270.42425537109375,5414623.0
2021-11-26,292.79998779296875,292.79998779296875,276.8500061035156,278.70001220703125,253.9327850341797,3331104.0
2021-11-29,286.0,288.0,268.95001220703125,281.5,256.48394775390625,6828312.0
2021-11-30,280.1000061035156,286.20001220703125,278.6000061035156,284.45001220703125,259.1717834472656,6236260.0
2021-12-01,282.8999938964844,287.6000061035156,274.20001220703125,284.3999938964844,259.126220703125,5675397.0
2021-12-02,284.1000061035156,289.0,277.25,278.79998779296875,254.0238800048828,6385949.0
2021-12-03,278.79998779296875,284.5,275.54998779296875,280.70001220703125,255.7550506591797,5821900.0
2021-12-06,280.70001220703125,283.0,266.20001220703125,268.5,244.6392059326172,3947420.0
2021-12-07,271.5,272.54998779296875,265.0,269.29998779296875,245.36810302734375,2929191.0
2021-12-08,271.79998779296875,276.79998779296875,271.6000061035156,273.1000061035156,248.83042907714844,2382012.0
2021-12-09,268.6000061035156,281.5,268.0,275.1000061035156,250.65269470214844,7232434.0
2021-12-10,276.0,276.95001220703125,272.04998779296875,273.3500061035156,249.05821228027344,1948104.0
2021-12-13,275.0,275.29998779296875,268.0,269.79998779296875,245.82366943359375,2860633.0
2021-12-14,271.0,271.0,265.3999938964844,266.1499938964844,242.498046875,2911351.0
2021-12-15,266.5,269.8999938964844,264.0,265.20001220703125,241.63247680664062,2699092.0
2021-12-16,269.0,269.3500061035156,263.5,264.95001220703125,241.40469360351562,2940111.0
2021-12-17,264.79998779296875,264.79998779296875,251.0,252.3000030517578,229.8788604736328,4416343.0
2021-12-20,248.60000610351562,249.64999389648438,237.0500030517578,237.8000030517578,216.6674346923828,3353356.0
2021-12-21,240.0,254.1999969482422,239.1999969482422,252.5500030517578,230.10662841796875,6881399.0
2021-12-22,250.39999389648438,257.04998779296875,248.8000030517578,253.75,231.1999969482422,2870940.0
2021-12-23,254.5,257.5,250.14999389648438,253.5500030517578,231.0177764892578,2933645.0
2021-12-24,255.0,255.0,248.1999969482422,249.8000030517578,227.6010284423828,1020469.0
2021-12-27,248.0,249.64999389648438,245.64999389648438,247.9499969482422,225.91542053222656,1274828.0
2021-12-28,249.3000030517578,249.3000030517578,246.25,247.64999389648438,225.64208984375,1702999.0
2021-12-29,247.9499969482422,248.39999389648438,243.60000610351562,244.9499969482422,223.18202209472656,1396097.0
2021-12-30,245.0,245.1999969482422,239.25,240.4499969482422,219.08193969726562,2175695.0
2021-12-31,242.14999389648438,249.8000030517578,241.10000610351562,248.3000030517578,226.2343292236328,2926408.0
2022-01-03,248.0,249.8000030517578,246.5,248.85000610351562,226.73544311523438,2088281.0
2022-01-04,250.0,257.3500061035156,244.5500030517578,255.14999389648438,232.47557067871094,6167759.0
2022-01-05,255.6999969482422,259.0,251.60000610351562,256.3999938964844,233.61448669433594,3049705.0
2022-01-06,256.0,263.0,253.60000610351562,261.8999938964844,238.625732421875,3362343.0
2022-01-07,264.0,264.1499938964844,258.1000061035156,261.20001220703125,237.9879608154297,1903747.0
2022-01-10,261.0,263.79998779296875,260.0,261.20001220703125,237.9879608154297,1077333.0
2022-01-11,263.0,269.45001220703125,253.75,267.54998779296875,243.77362060546875,7664067.0
2022-01-12,269.8500061035156,277.8999938964844,268.04998779296875,275.79998779296875,251.29046630859375,3819111.0
2022-01-13,278.0,278.1000061035156,274.0,275.95001220703125,251.4271697998047,2052380.0
2022-01-14,275.0,276.54998779296875,271.20001220703125,272.1000061035156,247.9193115234375,1940406.0
2022-01-17,272.1000061035156,274.0,270.3999938964844,271.54998779296875,247.41815185546875,1471859.0
2022-01-18,273.0,275.0,260.3999938964844,261.6499938964844,238.39793395996094,2560562.0
2022-01-19,263.25,271.8500061035156,262.0,270.70001220703125,246.64370727539062,3683574.0
2022-01-20,270.5,271.6000061035156,265.70001220703125,266.3999938964844,242.725830078125,1008831.0
2022-01-21,265.95001220703125,270.6000061035156,257.5,258.70001220703125,235.71011352539062,3259006.0
2022-01-24,257.70001220703125,259.25,246.4499969482422,248.5500030517578,226.4621124267578,2191607.0
2022-01-25,246.10000610351562,256.3999938964844,243.3000030517578,253.5500030517578,231.0177764892578,2649933.0
2022-01-27,253.89999389648438,254.64999389648438,245.0,249.60000610351562,227.41879272460938,3594666.0
2022-01-28,254.5,262.3999938964844,251.0,253.10000610351562,230.60777282714844,7406660.0
2022-01-31,257.45001220703125,260.0,251.5500030517578,252.5500030517578,230.10662841796875,2977647.0
2022-02-01,255.9499969482422,258.54998779296875,252.6999969482422,256.79998779296875,233.97894287109375,1335683.0
2022-02-02,258.8500061035156,261.45001220703125,257.20001220703125,259.75,236.6667938232422,1107005.0
2022-02-03,261.1000061035156,261.1000061035156,255.35000610351562,257.3500061035156,234.48008728027344,1090467.0
2022-02-04,261.3500061035156,263.25,254.14999389648438,255.1999969482422,232.52114868164062,3110266.0
2022-02-07,257.0,258.3500061035156,250.5500030517578,253.0,230.5166473388672,2823052.0
2022-02-08,253.0,255.5500030517578,250.5,252.85000610351562,230.37997436523438,1437733.0
2022-02-09,255.5500030517578,256.0,250.39999389648438,251.9499969482422,229.55996704101562,1765080.0
2022-02-10,252.0,253.8000030517578,250.6999969482422,252.89999389648438,230.425537109375,1777969.0
2022-02-11,251.8000030517578,254.89999389648438,249.4499969482422,252.60000610351562,230.15220642089844,1992805.0
2022-02-14,247.75,254.4499969482422,245.0500030517578,247.1999969482422,225.23207092285156,3481353.0
2022-02-15,248.5500030517578,258.5,246.89999389648438,256.8500061035156,234.02452087402344,2942207.0
2022-02-16,258.3500061035156,269.0,254.60000610351562,259.20001220703125,236.1656951904297,7995091.0
2022-02-17,260.3500061035156,263.0,254.60000610351562,256.1000061035156,233.34115600585938,1967005.0
2022-02-18,256.1000061035156,256.70001220703125,251.5500030517578,252.89999389648438,230.425537109375,2377390.0
2022-02-21,253.0,254.35000610351562,249.10000610351562,251.6999969482422,229.33216857910156,1236492.0
2022-02-22,244.5,254.0500030517578,243.8000030517578,252.0500030517578,229.6510772705078,2659242.0
2022-02-23,252.60000610351562,254.4499969482422,247.5,251.64999389648438,229.28662109375,2374844.0
2022-02-24,231.0,239.0,203.10000610351562,206.0,187.6934051513672,105283747.0
2022-02-25,213.0,223.14999389648438,211.89999389648438,214.60000610351562,195.52914428710938,20941909.0
2022-02-28,214.60000610351562,218.25,209.10000610351562,215.10000610351562,195.98471069335938,13023885.0
2022-03-02,214.9499969482422,216.0,206.3000030517578,207.14999389648438,188.74119567871094,10782608.0
2022-03-03,209.0,212.85000610351562,207.5,211.8000030517578,192.97796630859375,6385651.0
2022-03-04,207.60000610351562,214.6999969482422,207.0,208.0,189.5156707763672,7836766.0
2022-03-07,203.0,206.25,196.85000610351562,198.85000610351562,181.17880249023438,4251367.0
2022-03-08,200.0,205.25,197.5500030517578,204.0,185.8711395263672,3382497.0
2022-03-09,206.89999389648438,214.39999389648438,202.0500030517578,212.25,193.3879852294922,4515406.0
2022-03-10,217.85000610351562,217.85000610351562,211.10000610351562,212.35000610351562,193.47909545898438,3374016.0
2022-03-11,212.10000610351562,214.89999389648438,211.60000610351562,214.1999969482422,195.16468811035156,1749413.0
2022-03-14,214.14999389648438,216.4499969482422,211.10000610351562,214.25,195.2102508544922,2881455.0
2022-03-15,214.5,215.0,208.5,209.60000610351562,190.97349548339844,2185096.0
2022-03-16,213.8000030517578,216.3000030517578,211.5,214.4499969482422,195.3924560546875,3464634.0
2022-03-17,217.4499969482422,218.39999389648438,213.4499969482422,214.6999969482422,195.62025451660156,5038190.0
2022-03-21,215.5,222.5,209.10000610351562,209.9499969482422,191.29237365722656,6255048.0
2022-03-22,210.1999969482422,213.0500030517578,208.75,211.85000610351562,193.02352905273438,2166509.0
2022-03-23,213.0,215.75,212.3000030517578,213.89999389648438,194.89134216308594,2445320.0
2022-03-24,212.89999389648438,215.89999389648438,212.0,213.8000030517578,194.80023193359375,3006407.0
2022-03-25,215.0,215.14999389648438,196.39999389648438,203.10000610351562,185.05111694335938,8789839.0
2022-03-28,201.0,213.0,199.14999389648438,209.8000030517578,191.15570068359375,13745719.0
2022-03-29,209.75,216.75,199.5,215.10000610351562,195.98471069335938,17296192.0
2022-03-30,217.8000030517578,222.64999389648438,212.89999389648438,221.0500030517578,201.4059600830078,8205081.0
2022-03-31,222.0,226.5,219.3000030517578,222.0500030517578,202.3170928955078,4936282.0
2022-04-01,223.0,223.89999389648438,218.5500030517578,221.35000610351562,201.67929077148438,3883657.0
2022-04-04,220.0,223.75,219.0500030517578,220.75,201.1326141357422,3999118.0
2022-04-05,222.0,223.4499969482422,219.64999389648438,220.39999389648438,200.813720703125,1889153.0
2022-04-06,220.89999389648438,222.35000610351562,216.6999969482422,217.0500030517578,197.76141357421875,4489578.0
2022-04-07,217.0500030517578,220.3000030517578,215.6999969482422,218.5,199.0825653076172,5650354.0
2022-04-08,220.35000610351562,223.39999389648438,218.75,219.75,200.2214813232422,6689098.0
2022-04-11,220.0,221.3000030517578,217.9499969482422,218.5,199.0825653076172,5080486.0
2022-04-12,218.5,220.0,215.25,217.0,197.71585083007812,2072519.0
2022-04-13,218.0,219.4499969482422,216.25,216.6999969482422,197.44252014160156,2373371.0
2022-04-18,216.3000030517578,218.0,212.60000610351562,216.85000610351562,197.57920837402344,2288590.0
2022-04-19,218.0,220.25,210.60000610351562,213.64999389648438,194.66355895996094,1888734.0
2022-04-20,215.0,217.5,212.75,216.9499969482422,197.67030334472656,1847199.0
2022-04-21,218.85000610351562,218.85000610351562,215.6999969482422,216.4499969482422,197.21473693847656,1190758.0
2022-04-22,216.4499969482422,218.25,214.5,215.0,195.8936004638672,1780462.0
2022-04-25,215.0,215.8000030517578,210.3000030517578,211.10000610351562,192.34017944335938,2306741.0
2022-04-26,212.5,214.0,210.60000610351562,213.10000610351562,194.16244506835938,2076942.0
2022-04-27,210.0,214.0,205.89999389648438,207.4499969482422,189.01454162597656,3061918.0
2022-04-28,211.0,211.0,206.10000610351562,210.39999389648438,191.70237731933594,3232253.0
2022-04-29,212.0,215.1999969482422,208.4499969482422,209.0,190.4268035888672,3958232.0
2022-05-02,208.10000610351562,208.85000610351562,203.75,204.1999969482422,186.05335998535156,2142059.0
2022-05-04,204.89999389648438,207.25,199.64999389648438,200.4499969482422,182.63661193847656,3071098.0
2022-05-05,202.1999969482422,205.5,200.5,202.10000610351562,184.13998413085938,4206504.0
2022-05-06,197.9499969482422,204.0,193.3000030517578,198.89999389648438,181.22434997558594,8689544.0
2022-05-09,196.39999389648438,207.3000030517578,193.4499969482422,205.89999389648438,187.60227966308594,11959126.0
2022-05-10,205.9499969482422,209.10000610351562,204.0,208.0,189.5156707763672,5789382.0
2022-05-11,208.5,211.39999389648438,206.5,208.25,189.7434539794922,5737133.0
2022-05-12,206.89999389648438,208.4499969482422,199.5,201.5500030517578,183.63885498046875,4943694.0
2022-05-13,197.64999389648438,198.8000030517578,181.75,182.85000610351562,176.2181396484375,8559896.0
2022-05-16,185.0,191.1999969482422,181.1999969482422,190.4499969482422,183.54248046875,3171525.0
2022-05-17,190.5,198.3000030517578,189.25,197.85000610351562,190.67410278320312,4557012.0
2022-05-18,198.89999389648438,203.60000610351562,197.9499969482422,200.89999389648438,193.61346435546875,4272128.0
2022-05-19,197.1999969482422,201.0,192.3000030517578,193.8000030517578,186.77098083496094,2407410.0
2022-05-20,196.89999389648438,202.60000610351562,196.25,201.85000610351562,194.52902221679688,2279582.0
2022-05-23,202.8000030517578,203.6999969482422,198.89999389648438,199.1999969482422,191.97512817382812,2298540.0
2022-05-24,200.14999389648438,201.89999389648438,198.5,199.10000610351562,191.87876892089844,2081868.0
2022-05-25,201.0500030517578,201.0500030517578,198.5,199.85000610351562,192.6015625,2695681.0
2022-05-26,199.9499969482422,204.5,197.75,203.25,195.87823486328125,3159956.0
2022-05-27,205.0,207.9499969482422,199.3000030517578,200.4499969482422,193.17979431152344,4116593.0
2022-05-30,202.0,203.64999389648438,200.1999969482422,200.4499969482422,193.17979431152344,1148579.0
2022-05-31,202.0,203.14999389648438,199.85000610351562,201.8000030517578,194.4808349609375,3687446.0
2022-06-01,203.0,205.8000030517578,200.0,201.1999969482422,193.902587890625,1804341.0
2022-06-02,200.5500030517578,202.60000610351562,199.25,202.0,194.67356872558594,1828375.0
2022-06-03,204.0,204.0,199.75,201.5500030517578,194.23989868164062,2585087.0
2022-06-06,201.6999969482422,202.4499969482422,195.10000610351562,201.25,193.95077514648438,2096834.0
2022-06-07,201.60000610351562,206.60000610351562,198.5,206.0500030517578,198.57669067382812,3749456.0
2022-06-08,205.64999389648438,207.39999389648438,202.5,205.3000030517578,197.85389709472656,2907689.0
2022-06-09,204.3000030517578,207.89999389648438,202.10000610351562,207.5,199.97409057617188,1507766.0
2022-06-10,206.85000610351562,207.6999969482422,202.25,206.8000030517578,199.2994842529297,2714102.0
2022-06-13,203.5500030517578,204.89999389648438,200.0,202.60000610351562,195.25181579589844,2119805.0
2022-06-14,201.39999389648438,206.5,200.89999389648438,201.39999389648438,194.0953369140625,5043160.0
2022-06-15,203.39999389648438,207.14999389648438,197.6999969482422,206.14999389648438,198.6730499267578,4482071.0
2022-06-16,207.9499969482422,207.9499969482422,204.0500030517578,206.5,199.01036071777344,5132759.0
2022-06-17,206.5,211.25,203.75,208.0,200.45596313476562,26820362.0
2022-06-20,209.14999389648438,212.5,206.14999389648438,209.39999389648438,201.80517578125,2850840.0
2022-06-21,212.0,212.0,207.75,208.1999969482422,200.64869689941406,2238910.0
2022-06-22,208.8000030517578,210.64999389648438,206.0,209.0,201.41969299316406,2399571.0
2022-06-23,209.0,212.85000610351562,207.10000610351562,211.25,203.5880889892578,2475717.0
2022-06-24,213.75,220.5500030517578,210.0,216.10000610351562,208.26217651367188,6328885.0
2022-06-27,220.0,220.0,211.0,211.85000610351562,204.16632080078125,4451700.0
2022-06-28,209.75,212.6999969482422,206.4499969482422,207.85000610351562,200.3114013671875,5494910.0
2022-06-29,206.1999969482422,209.25,201.6999969482422,202.89999389648438,195.54092407226562,5758687.0
2022-06-30,205.60000610351562,210.89999389648438,205.60000610351562,209.10000610351562,201.5160675048828,10644341.0
2022-07-01,210.0,210.89999389648438,204.5,208.0,200.45596313476562,2187045.0
2022-07-04,207.0,210.89999389648438,206.25,210.0,202.3834228515625,1240559.0
2022-07-05,210.0,212.3000030517578,207.0,208.1999969482422,200.64869689941406,1390002.0
2022-07-06,208.5,213.1999969482422,207.85000610351562,212.8000030517578,205.0818634033203,1103993.0
2022-07-07,213.0,214.6999969482422,210.0,211.0,203.34715270996094,762205.0
2022-07-08,211.9499969482422,212.9499969482422,207.8000030517578,209.39999389648438,201.80517578125,779786.0
2022-07-11,210.6999969482422,218.0,210.6999969482422,213.3000030517578,205.56373596191406,3597124.0
2022-07-12,213.5500030517578,224.5,212.89999389648438,221.64999389648438,213.61087036132812,9375795.0
2022-07-13,223.0,225.5,220.10000610351562,222.64999389648438,214.57460021972656,3724986.0
2022-07-14,225.9499969482422,226.39999389648438,221.64999389648438,225.5500030517578,217.3694305419922,3790069.0
2022-07-15,225.5500030517578,230.39999389648438,225.14999389648438,229.14999389648438,220.83885192871094,3237091.0
2022-07-18,230.39999389648438,230.89999389648438,223.89999389648438,226.10000610351562,217.8994903564453,3930974.0
2022-07-19,223.0,223.64999389648438,217.5,221.4499969482422,213.4181365966797,6367320.0
2022-07-20,224.25,225.35000610351562,220.1999969482422,222.0500030517578,213.9963836669922,2666253.0
2022-07-21,223.0,226.14999389648438,222.14999389648438,224.4499969482422,216.309326171875,1958624.0
2022-07-22,225.0,225.14999389648438,221.60000610351562,223.3000030517578,215.20103454589844,1378949.0
2022-07-25,223.5,228.0,220.9499969482422,222.64999389648438,214.57460021972656,2240801.0
2022-07-26,222.64999389648438,223.25,219.14999389648438,222.14999389648438,214.09274291992188,1814033.0
2022-07-27,222.0,225.0,221.5,222.9499969482422,214.8637237548828,1886769.0
2022-07-28,224.4499969482422,224.4499969482422,221.5,223.0500030517578,214.96011352539062,2210215.0
2022-07-29,223.0500030517578,224.25,220.3000030517578,222.5500030517578,214.47824096679688,1354206.0
2022-08-01,223.75,229.75,223.39999389648438,227.6999969482422,219.4414520263672,1887580.0
2022-08-02,228.3000030517578,229.6999969482422,218.3000030517578,219.35000610351562,211.39430236816406,3604956.0
2022-08-03,212.0,213.9499969482422,201.1999969482422,206.4499969482422,198.96217346191406,15598784.0
2022-08-04,208.0,208.0,202.0500030517578,203.3000030517578,195.92642211914062,4340512.0
2022-08-05,204.60000610351562,204.6999969482422,199.75,200.1999969482422,192.93885803222656,4564145.0
2022-08-08,201.0,201.5,198.1999969482422,199.75,192.50518798828125,2352124.0
2022-08-10,199.75,199.85000610351562,192.6999969482422,193.85000610351562,186.81918334960938,7599621.0
2022-08-11,195.60000610351562,197.0,192.35000610351562,195.10000610351562,188.02383422851562,3398538.0
2022-08-12,197.1999969482422,199.6999969482422,195.39999389648438,196.4499969482422,189.3248748779297,3636187.0
2022-08-16,198.0,198.39999389648438,194.8000030517578,195.8000030517578,188.69845581054688,3157543.0
2022-08-17,197.0,200.8000030517578,195.0,199.5,192.26425170898438,5247502.0
2022-08-18,200.25,200.5500030517578,197.0,199.14999389648438,191.92694091796875,2049264.0
2022-08-19,200.75,202.75,196.0,196.6999969482422,189.5657958984375,4539922.0
2022-08-22,196.6999969482422,198.0,194.0500030517578,195.9499969482422,188.84300231933594,2479481.0
2022-08-23,195.10000610351562,200.5,195.0500030517578,199.10000610351562,191.87876892089844,3266732.0
2022-08-24,200.0,200.6999969482422,197.0,197.8000030517578,190.62591552734375,3270877.0
2022-08-25,198.5,200.0,197.4499969482422,198.60000610351562,191.3968963623047,2204153.0
2022-08-26,200.3000030517578,202.0,199.3000030517578,200.8000030517578,193.51710510253906,3338104.0
2022-08-29,197.8000030517578,199.6999969482422,197.0,197.9499969482422,190.7704620361328,1546480.0
2022-08-30,199.35000610351562,201.0,198.1999969482422,199.8000030517578,192.55337524414062,1996870.0
2022-09-01,195.0,201.64999389648438,195.0,199.60000610351562,192.36062622070312,2895248.0
2022-09-02,199.1999969482422,200.39999389648438,198.1999969482422,199.3000030517578,192.07150268554688,1253847.0
2022-09-05,200.0,200.5,198.3000030517578,199.60000610351562,192.36062622070312,959640.0
2022-09-06,200.8000030517578,201.35000610351562,199.14999389648438,200.85000610351562,193.56529235839844,1970619.0
2022-09-07,200.0,204.5,199.5,202.85000610351562,195.4927520751953,3048536.0
2022-09-08,203.89999389648438,204.0500030517578,201.60000610351562,203.0500030517578,195.6855010986328,1696512.0
2022-09-09,204.10000610351562,206.3000030517578,203.0,203.6999969482422,196.31192016601562,1598984.0
2022-09-12,204.0,206.8000030517578,203.9499969482422,204.8000030517578,197.3720245361328,1471033.0
2022-09-13,205.0,206.10000610351562,200.89999389648438,203.5500030517578,196.1673583984375,3375961.0
2022-09-14,201.0,205.25,200.0,203.5500030517578,196.1673583984375,1659276.0
2022-09-15,205.0,208.0,203.3000030517578,203.8000030517578,196.40829467773438,3302644.0
2022-09-16,204.8000030517578,207.39999389648438,201.39999389648438,204.25,196.8419647216797,7515213.0
2022-09-19,204.8000030517578,204.8000030517578,197.10000610351562,198.0,190.8186492919922,2084247.0
2022-09-20,199.0,203.0,198.9499969482422,199.89999389648438,192.6497344970703,1547932.0
2022-09-21,200.0,201.4499969482422,197.0,197.4499969482422,190.28860473632812,1292687.0
2022-09-22,197.0,197.85000610351562,194.3000030517578,195.35000610351562,188.2647705078125,1247015.0
2022-09-23,195.6999969482422,196.4499969482422,192.8000030517578,193.10000610351562,186.09637451171875,1135789.0
2022-09-26,191.0500030517578,192.0,185.39999389648438,186.0,179.25389099121094,1478026.0
2022-09-27,187.75,192.89999389648438,187.39999389648438,189.0500030517578,182.19326782226562,2734383.0
2022-09-28,188.4499969482422,188.9499969482422,182.5,183.25,176.60362243652344,1851842.0
2022-09-29,184.35000610351562,188.8000030517578,184.0,185.89999389648438,179.15750122070312,3170990.0
2022-09-30,185.35000610351562,199.35000610351562,185.35000610351562,197.4499969482422,190.28860473632812,5599728.0
2022-10-03,198.9499969482422,202.39999389648438,195.9499969482422,197.1999969482422,190.04766845703125,4524716.0
2022-10-04,199.85000610351562,203.1999969482422,199.0500030517578,201.39999389648438,194.0953369140625,2126306.0
2022-10-06,202.4499969482422,203.60000610351562,200.10000610351562,200.9499969482422,193.66165161132812,1311742.0
2022-10-07,201.5,202.4499969482422,198.0,200.25,192.98704528808594,858038.0
2022-10-10,198.0,200.10000610351562,196.0,197.10000610351562,189.95130920410156,1055793.0
2022-10-11,198.0,198.10000610351562,189.5500030517578,190.39999389648438,183.49429321289062,1827138.0
2022-10-12,191.1999969482422,192.39999389648438,189.3000030517578,191.64999389648438,184.69895935058594,1054240.0
2022-10-13,192.60000610351562,192.60000610351562,187.60000610351562,188.5,181.6632080078125,1454103.0
2022-10-14,192.4499969482422,193.89999389648438,188.60000610351562,189.10000610351562,182.241455078125,1465282.0
2022-10-17,189.6999969482422,190.5,187.8000030517578,188.5500030517578,181.71139526367188,1077270.0
2022-10-18,189.5,191.0,187.9499969482422,189.75,182.8678741455078,1434279.0
2022-10-19,190.6999969482422,195.0500030517578,189.3000030517578,191.10000610351562,184.16891479492188,3255288.0
2022-10-20,190.6999969482422,195.14999389648438,190.0,193.85000610351562,186.81918334960938,3344703.0
2022-10-21,193.8000030517578,195.9499969482422,192.8000030517578,194.4499969482422,187.39739990234375,1466279.0
2022-10-24,196.0,196.60000610351562,193.0,194.14999389648438,187.10829162597656,166042.0
2022-10-25,194.14999389648438,194.9499969482422,186.5,187.0500030517578,180.26580810546875,5253149.0
2022-10-27,188.60000610351562,191.75,187.25,190.9499969482422,184.02435302734375,2720112.0
2022-10-28,189.0,189.60000610351562,185.3000030517578,187.4499969482422,180.6512908935547,2581675.0
2022-10-31,187.85000610351562,189.14999389648438,184.75,185.5,178.7720184326172,2412942.0
2022-11-01,186.4499969482422,188.60000610351562,185.4499969482422,186.5,179.73574829101562,1988001.0
2022-11-02,186.5,186.5,184.14999389648438,185.0,178.2901611328125,2333037.0
2022-11-03,184.0,189.5500030517578,184.0,187.8000030517578,180.9886016845703,2325566.0
2022-11-04,187.89999389648438,190.5,187.5500030517578,188.89999389648438,182.0487060546875,1401932.0
2022-11-07,189.85000610351562,191.9499969482422,189.4499969482422,191.60000610351562,184.65078735351562,1595778.0
2022-11-09,192.0,193.64999389648438,191.1999969482422,192.85000610351562,185.85545349121094,1420478.0
2022-11-10,192.39999389648438,195.4499969482422,185.75,186.4499969482422,179.68756103515625,1889365.0
2022-11-11,188.0,192.0500030517578,187.3000030517578,191.5500030517578,184.60260009765625,1543772.0
2022-11-14,192.3000030517578,194.4499969482422,191.4499969482422,194.10000610351562,187.0601043701172,1196031.0
2022-11-15,194.6999969482422,195.6999969482422,193.3000030517578,194.89999389648438,187.83108520507812,1374790.0
2022-11-16,195.0,195.1999969482422,191.5500030517578,193.0500030517578,186.04818725585938,1273768.0
2022-11-17,193.4499969482422,197.3000030517578,192.5,196.5500030517578,189.42124938964844,2417586.0
2022-11-18,197.39999389648438,199.25,195.14999389648438,196.85000610351562,189.7103729248047,1788867.0
2022-11-21,196.89999389648438,202.60000610351562,196.89999389648438,201.64999389648438,194.3362579345703,4035561.0
2022-11-22,202.5,204.39999389648438,199.25,201.35000610351562,194.04714965820312,1845541.0
2022-11-23,202.39999389648438,202.64999389648438,199.4499969482422,200.75,193.4689178466797,1203661.0
2022-11-24,201.5500030517578,202.39999389648438,200.5,201.5,194.19171142578125,1078996.0
2022-11-25,202.1999969482422,203.6999969482422,198.8000030517578,203.10000610351562,195.7336883544922,1237082.0
2022-11-28,203.9499969482422,205.6999969482422,202.4499969482422,203.3000030517578,195.92642211914062,1095793.0
2022-11-29,203.3000030517578,203.9499969482422,199.0500030517578,199.4499969482422,192.216064453125,1280928.0
2022-11-30,199.4499969482422,203.4499969482422,197.5500030517578,200.39999389648438,193.13160705566406,4961973.0
2022-12-01,201.5,202.64999389648438,199.14999389648438,201.64999389648438,194.3362579345703,1576447.0
2022-12-02,201.64999389648438,204.39999389648438,201.3000030517578,202.75,195.39637756347656,1119346.0
2022-12-05,202.8000030517578,203.3000030517578,200.5,201.5500030517578,194.23989868164062,987246.0
2022-12-06,201.5500030517578,202.4499969482422,198.0,198.5,191.30052185058594,1497697.0
2022-12-07,199.5,199.5,194.9499969482422,195.6999969482422,188.60206604003906,1325777.0
2022-12-08,195.8000030517578,196.85000610351562,194.0,194.5,187.4456024169922,1032619.0
2022-12-09,195.39999389648438,198.0,193.60000610351562,194.60000610351562,187.54197692871094,878758.0
2022-12-12,195.0,195.39999389648438,192.5500030517578,194.5,187.4456024169922,1033752.0
2022-12-13,195.3000030517578,195.5,193.10000610351562,194.4499969482422,187.39739990234375,946161.0
2022-12-14,195.0,200.5,193.85000610351562,199.6999969482422,192.4569854736328,2944060.0
2022-12-15,199.10000610351562,201.60000610351562,198.60000610351562,200.5,193.2279815673828,1864659.0
2022-12-16,200.0,202.39999389648438,195.3000030517578,196.25,189.1321258544922,1902311.0
2022-12-19,196.89999389648438,198.85000610351562,195.25,196.5,189.37306213378906,1000864.0
2022-12-20,196.4499969482422,196.85000610351562,189.4499969482422,191.89999389648438,184.9398956298828,2732197.0
2022-12-21,192.5,193.60000610351562,189.89999389648438,190.64999389648438,183.7352294921875,1434722.0
2022-12-22,191.0,192.8000030517578,188.10000610351562,192.10000610351562,185.1326446533203,1599230.0
2022-12-23,190.75,192.60000610351562,188.60000610351562,189.5,182.62693786621094,1308319.0
2022-12-26,190.9499969482422,193.85000610351562,188.1999969482422,191.39999389648438,184.45802307128906,1185046.0
2022-12-27,192.0,195.0,191.6999969482422,194.0,186.96372985839844,966816.0
2022-12-28,195.0,195.0,187.25,191.60000610351562,184.65078735351562,2212578.0
2022-12-29,191.60000610351562,191.9499969482422,189.0,189.8000030517578,182.9160614013672,1872528.0
2022-12-30,190.9499969482422,191.9499969482422,189.75,190.4499969482422,183.54248046875,781893.0
2023-01-02,191.5,191.5,188.4499969482422,189.9499969482422,183.0606231689453,1100291.0
2023-01-03,190.14999389648438,190.75,189.14999389648438,189.6999969482422,182.81968688964844,878669.0
2023-01-04,189.85000610351562,190.5,185.0500030517578,185.35000610351562,178.62747192382812,2557515.0
2023-01-05,185.9499969482422,187.8000030517578,185.8000030517578,186.4499969482422,179.68756103515625,1220510.0
2023-01-06,186.85000610351562,188.8000030517578,185.75,187.35000610351562,180.554931640625,1116983.0
2023-01-09,188.3000030517578,188.64999389648438,184.60000610351562,185.85000610351562,179.1093292236328,1789339.0
2023-01-10,185.89999389648438,186.8000030517578,182.35000610351562,183.1999969482422,176.55543518066406,1464758.0
2023-01-11,183.1999969482422,184.3000030517578,182.0,183.64999389648438,176.98912048339844,1202429.0
2023-01-12,184.3000030517578,184.9499969482422,183.14999389648438,184.5,177.80828857421875,1224523.0
2023-01-13,185.0,185.64999389648438,182.89999389648438,184.60000610351562,177.9046630859375,2114272.0
2023-01-16,185.35000610351562,185.39999389648438,181.5,182.0,175.3989715576172,2039566.0
2023-01-17,182.0,182.0,175.6999969482422,175.9499969482422,169.56838989257812,5199324.0
2023-01-18,176.14999389648438,177.60000610351562,175.0500030517578,177.0500030517578,170.6284942626953,2040813.0
2023-01-19,177.10000610351562,178.5,175.14999389648438,176.3000030517578,169.90570068359375,1576750.0
2023-01-20,176.8000030517578,176.8000030517578,170.5500030517578,171.4499969482422,165.23159790039062,3122484.0
2023-01-23,172.3000030517578,178.3000030517578,171.5500030517578,172.89999389648438,166.62901306152344,5058097.0
2023-01-24,173.25,174.6999969482422,169.0,170.4499969482422,164.2678680419922,2794092.0
2023-01-25,164.1999969482422,171.39999389648438,155.5,157.89999389648438,152.1730499267578,15235690.0
2023-01-27,157.0,158.5,135.14999389648438,137.0,132.0310821533203,19274989.0
2023-01-30,137.60000610351562,150.6999969482422,137.60000610351562,146.9499969482422,141.62020874023438,15908857.0
2023-01-31,147.1999969482422,158.39999389648438,145.64999389648438,153.3000030517578,147.73989868164062,19170500.0
2023-02-01,154.60000610351562,155.25,140.85000610351562,144.35000610351562,139.11451721191406,11882959.0
2023-02-02,144.0500030517578,146.9499969482422,140.5,142.64999389648438,137.47616577148438,5407198.0
2023-02-03,143.39999389648438,145.3000030517578,138.4499969482422,143.64999389648438,138.4398956298828,4699945.0
2023-02-06,154.9499969482422,164.89999389648438,154.0,162.0500030517578,156.17254638671875,28895691.0
2023-02-07,163.64999389648438,163.6999969482422,156.5,160.35000610351562,154.53421020507812,12277097.0
2023-02-08,160.0,166.25,158.3000030517578,161.0,155.16062927246094,8956394.0
2023-02-09,161.9499969482422,164.5,158.0,159.39999389648438,153.61865234375,6966090.0
2023-02-10,159.64999389648438,168.85000610351562,159.39999389648438,168.0,161.90673828125,14806012.0
2023-02-13,167.85000610351562,168.64999389648438,162.5500030517578,164.64999389648438,158.67823791503906,6321928.0
2023-02-14,164.6999969482422,168.60000610351562,164.39999389648438,167.5,161.42486572265625,5689451.0
2023-02-15,167.5,170.60000610351562,165.0,169.6999969482422,163.54507446289062,3998752.0
2023-02-16,168.64999389648438,171.0,167.0,169.8000030517578,163.64144897460938,3704371.0
2023-02-17,168.9499969482422,170.0,165.25,166.9499969482422,160.8948211669922,2513091.0
2023-02-20,167.8000030517578,168.6999969482422,163.0,164.0500030517578,158.10000610351562,2953104.0
2023-02-21,165.0,168.39999389648438,163.35000610351562,164.10000610351562,158.148193359375,5883164.0
2023-02-22,164.0,166.60000610351562,162.35000610351562,165.39999389648438,159.40103149414062,4555272.0
2023-02-23,165.39999389648438,175.75,162.75,173.0,166.7253875732422,11586271.0
2023-02-24,173.4499969482422,173.4499969482422,167.85000610351562,171.1999969482422,164.9906768798828,4644814.0
2023-02-27,168.5,169.4499969482422,164.89999389648438,167.0,160.94300842285156,3755716.0
2023-02-28,168.5,175.0,165.5500030517578,170.89999389648438,164.70155334472656,5775867.0
2023-03-01,170.60000610351562,172.39999389648438,166.3000030517578,171.4499969482422,165.23159790039062,3970118.0
2023-03-02,169.8000030517578,172.1999969482422,168.75,170.25,164.07513427734375,2529310.0
2023-03-03,171.39999389648438,172.35000610351562,165.5,167.0,160.94300842285156,3673562.0
2023-03-06,167.0500030517578,168.89999389648438,164.75,166.3000030517578,160.26840209960938,3589350.0
2023-03-08,166.0,167.10000610351562,160.0500030517578,160.60000610351562,154.77513122558594,4027560.0
2023-03-09,160.39999389648438,161.10000610351562,156.14999389648438,156.75,151.0647735595703,4425082.0
2023-03-10,156.25,157.14999389648438,154.3000030517578,155.3000030517578,149.6673583984375,2465157.0
2023-03-13,155.39999389648438,157.5,152.35000610351562,153.0500030517578,147.49896240234375,2713236.0
2023-03-14,153.14999389648438,154.85000610351562,150.60000610351562,151.89999389648438,146.3906707763672,3071413.0
2023-03-15,152.6999969482422,153.0,147.85000610351562,149.39999389648438,143.98133850097656,4333180.0
2023-03-16,149.89999389648438,154.6999969482422,147.10000610351562,153.1999969482422,147.64352416992188,4269554.0
2023-03-17,154.0,154.60000610351562,149.8000030517578,150.6999969482422,145.23419189453125,5347968.0
2023-03-20,150.3000030517578,153.5500030517578,148.10000610351562,152.3000030517578,146.7761688232422,3030546.0
2023-03-21,152.89999389648438,154.1999969482422,151.25,151.85000610351562,146.34249877929688,2708793.0
2023-03-22,151.85000610351562,153.14999389648438,150.0500030517578,150.89999389648438,145.42694091796875,2840370.0
2023-03-23,150.89999389648438,152.0,150.0,151.0,145.5233154296875,1870491.0
2023-03-24,151.1999969482422,153.64999389648438,147.64999389648438,148.0500030517578,142.68031311035156,2141268.0
2023-03-27,148.5500030517578,151.6999969482422,147.0,148.39999389648438,143.01760864257812,3273362.0
2023-03-28,148.8000030517578,150.4499969482422,143.5,143.9499969482422,138.72901916503906,3241712.0
2023-03-29,144.0,146.10000610351562,141.0500030517578,142.25,137.09066772460938,4106922.0
2023-03-31,143.0500030517578,144.9499969482422,142.25,143.0,137.8134765625,2991622.0
2023-04-03,143.64999389648438,144.85000610351562,142.5500030517578,143.60000610351562,138.3917236328125,1510884.0
2023-04-05,143.75,144.89999389648438,141.39999389648438,143.1999969482422,138.00621032714844,3037257.0
2023-04-06,143.25,143.60000610351562,141.39999389648438,141.64999389648438,136.51243591308594,2309983.0
2023-04-10,142.89999389648438,143.5,141.1999969482422,142.0500030517578,136.89793395996094,1848841.0
2023-04-11,142.5,142.9499969482422,138.5500030517578,139.14999389648438,134.1031036376953,4647795.0
2023-04-12,139.75,140.0,137.64999389648438,139.5500030517578,134.4886016845703,3392103.0
2023-04-13,139.89999389648438,140.14999389648438,136.5,137.39999389648438,132.4165802001953,3179142.0
2023-04-17,138.25,139.1999969482422,136.75,137.10000610351562,132.12747192382812,3167197.0
2023-04-18,137.10000610351562,138.9499969482422,136.5,136.89999389648438,131.93470764160156,2823576.0
2023-04-19,137.25,137.89999389648438,136.3000030517578,136.75,131.7901611328125,3413882.0
2023-04-20,136.89999389648438,138.64999389648438,135.8000030517578,137.6999969482422,132.70570373535156,2710999.0
2023-04-21,138.25,144.6999969482422,137.85000610351562,139.10000610351562,134.054931640625,17513812.0
2023-04-24,140.0500030517578,140.10000610351562,137.5,138.85000610351562,133.81399536132812,3961080.0
2023-04-25,139.3000030517578,139.5,136.8000030517578,138.0,132.99481201171875,5455345.0
2023-04-26,138.0,143.5,138.0,143.0,137.8134765625,12326822.0
2023-04-27,145.25,148.75,142.8000030517578,144.85000610351562,139.59637451171875,19412303.0
2023-04-28,144.85000610351562,160.39999389648438,144.85000610351562,155.0,149.37823486328125,46124871.0
2023-05-02,158.0,160.85000610351562,155.6999969482422,156.4499969482422,150.77565002441406,10897706.0
2023-05-03,154.89999389648438,155.75,151.0,151.39999389648438,145.90879821777344,7998933.0
2023-05-04,151.9499969482422,154.64999389648438,151.10000610351562,152.8000030517578,147.25804138183594,4419649.0
2023-05-05,153.0,154.1999969482422,150.60000610351562,152.0500030517578,146.5352325439453,3204340.0
2023-05-08,152.0,152.0500030517578,147.8000030517578,150.6999969482422,145.23419189453125,3708001.0
2023-05-09,151.75,155.1999969482422,151.0500030517578,152.14999389648438,146.63160705566406,6192341.0
2023-05-10,152.64999389648438,153.89999389648438,151.60000610351562,153.0,147.45077514648438,2386697.0
2023-05-11,152.5500030517578,153.4499969482422,150.60000610351562,151.4499969482422,145.9569854736328,1956855.0
2023-05-12,150.39999389648438,150.85000610351562,147.85000610351562,148.14999389648438,142.77667236328125,3963941.0
2023-05-15,148.64999389648438,151.5500030517578,148.25,150.39999389648438,144.945068359375,2401247.0
2023-05-16,151.0500030517578,156.14999389648438,150.4499969482422,154.60000610351562,148.9927520751953,7345718.0
2023-05-17,155.5,156.0,150.39999389648438,151.4499969482422,145.9569854736328,4689694.0
2023-05-18,151.8000030517578,152.5500030517578,147.0,147.5,142.15025329589844,5723714.0
2023-05-19,148.14999389648438,148.4499969482422,144.5500030517578,144.89999389648438,139.64456176757812,2768878.0
2023-05-22,145.0500030517578,145.1999969482422,141.89999389648438,143.10000610351562,137.90985107421875,2575811.0
2023-05-23,143.10000610351562,146.6999969482422,141.60000610351562,145.25,139.98187255859375,5136071.0
2023-05-24,145.39999389648438,145.4499969482422,142.14999389648438,142.75,137.57254028320312,6228920.0
2023-05-25,142.75,149.6999969482422,142.14999389648438,147.64999389648438,142.29481506347656,15730072.0
2023-05-26,147.9499969482422,157.64999389648438,147.0500030517578,156.64999389648438,150.9683837890625,20174493.0
2023-05-29,157.89999389648438,158.64999389648438,154.8000030517578,155.6999969482422,150.05284118652344,9249811.0
2023-05-30,155.0,157.25,153.3000030517578,156.75,151.0647735595703,6076133.0
2023-05-31,153.25,158.3000030517578,152.35000610351562,153.85000610351562,148.26995849609375,91351515.0
2023-06-01,156.0,160.6999969482422,155.85000610351562,158.5500030517578,152.7994842529297,14342857.0
2023-06-02,159.0,160.5,157.39999389648438,160.0500030517578,154.24508666992188,11760689.0
2023-06-05,160.0500030517578,162.1999969482422,157.10000610351562,157.64999389648438,151.93211364746094,9485886.0
2023-06-06,157.64999389648438,158.4499969482422,155.5500030517578,157.25,151.546630859375,8295147.0
2023-06-07,156.64999389648438,164.8000030517578,154.64999389648438,161.5500030517578,155.690673828125,17338074.0
2023-06-08,161.5,162.89999389648438,156.5500030517578,157.25,151.546630859375,9181217.0
2023-06-09,157.25,161.1999969482422,155.64999389648438,157.25,151.546630859375,8783170.0
2023-06-12,158.89999389648438,163.89999389648438,158.0,163.35000610351562,157.42539978027344,9901664.0
2023-06-13,164.64999389648438,167.10000610351562,162.5500030517578,166.3000030517578,160.26840209960938,10249011.0
2023-06-14,172.1999969482422,172.9499969482422,166.25,166.75,160.7020721435547,23432403.0
2023-06-15,166.8000030517578,168.75,163.10000610351562,163.5,157.5699462890625,11834286.0
2023-06-16,164.10000610351562,165.64999389648438,163.35000610351562,163.6999969482422,157.7626953125,4336673.0
2023-06-19,164.0,164.60000610351562,160.3000030517578,160.8000030517578,154.96788024902344,3976280.0
2023-06-20,160.8000030517578,162.4499969482422,159.5,161.5500030517578,155.690673828125,3802675.0
2023-06-21,161.8000030517578,171.75,160.5500030517578,167.0,160.94300842285156,31946660.0
2023-06-22,167.25,169.6999969482422,164.6999969482422,165.3000030517578,159.30467224121094,5231435.0
2023-06-23,164.0,164.89999389648438,160.64999389648438,161.89999389648438,156.02796936035156,5940041.0
2023-06-26,162.0,165.89999389648438,159.6999969482422,165.35000610351562,159.3528594970703,7492375.0
2023-06-27,165.14999389648438,167.35000610351562,161.64999389648438,162.64999389648438,156.7507781982422,9571105.0
2023-06-28,162.64999389648438,167.60000610351562,162.35000610351562,164.35000610351562,158.38912963867188,17952480.0
2023-06-30,165.0,165.9499969482422,158.35000610351562,164.25,158.29273986816406,20441559.0
2023-07-03,164.25,167.14999389648438,163.0500030517578,165.4499969482422,159.44921875,10161546.0
2023-07-04,165.5500030517578,166.39999389648438,161.75,162.35000610351562,156.461669921875,5210276.0
2023-07-05,163.0,164.10000610351562,162.25,162.89999389648438,156.99169921875,3864967.0
2023-07-06,163.0500030517578,166.9499969482422,162.39999389648438,165.89999389648438,159.8828887939453,7517412.0
2023-07-07,165.89999389648438,166.39999389648438,161.5,163.39999389648438,157.47357177734375,7801020.0
2023-07-10,163.39999389648438,164.14999389648438,160.5500030517578,162.5,156.60621643066406,3561645.0
2023-07-11,162.5500030517578,167.75,162.5500030517578,164.89999389648438,158.91915893554688,6869098.0
2023-07-12,165.0,166.4499969482422,163.3000030517578,164.10000610351562,158.148193359375,5823583.0
2023-07-13,164.4499969482422,166.5,160.8000030517578,162.60000610351562,156.7025909423828,6420420.0
2023-07-14,162.6999969482422,164.5500030517578,160.8000030517578,163.8000030517578,157.85906982421875,7851865.0
2023-07-17,164.5500030517578,172.39999389648438,163.5,171.5500030517578,165.32798767089844,21682161.0
2023-07-18,172.5,175.0,168.6999969482422,169.39999389648438,163.25595092773438,14435781.0
2023-07-19,170.5,171.1999969482422,167.64999389648438,168.39999389648438,162.29222106933594,7234252.0
2023-07-20,169.10000610351562,172.0,166.35000610351562,168.14999389648438,162.05128479003906,4894739.0
2023-07-21,166.60000610351562,170.5500030517578,163.60000610351562,169.10000610351562,162.9668426513672,7130889.0
2023-07-24,169.85000610351562,171.89999389648438,168.64999389648438,169.4499969482422,163.30413818359375,4472837.0
2023-07-25,171.0,174.25,169.9499969482422,171.8000030517578,165.56890869140625,6162426.0
2023-07-26,174.0,183.0,172.10000610351562,180.6999969482422,174.1461181640625,19735250.0
2023-07-27,182.5,182.5,175.14999389648438,176.0,169.6165771484375,8395409.0
2023-07-28,179.5,179.5,172.0,174.0,167.68911743164062,12035009.0
2023-07-31,175.0,175.85000610351562,171.64999389648438,172.0,165.76165771484375,6537141.0
2023-08-01,173.1999969482422,175.75,171.1999969482422,173.6999969482422,167.39999389648438,6701530.0
2023-08-02,173.64999389648438,173.64999389648438,167.85000610351562,169.85000610351562,163.68963623046875,6734719.0
2023-08-03,170.0,172.14999389648438,168.60000610351562,171.10000610351562,164.89430236816406,5364885.0
2023-08-04,171.8000030517578,175.14999389648438,170.60000610351562,173.0,166.7253875732422,4483074.0
2023-08-07,174.4499969482422,175.75,172.89999389648438,173.6999969482422,167.39999389648438,4161910.0
2023-08-08,173.64999389648438,174.39999389648438,169.5,172.0500030517578,165.80984497070312,5004956.0
2023-08-09,171.89999389648438,172.10000610351562,169.60000610351562,171.39999389648438,165.18341064453125,2828155.0
2023-08-10,172.0,173.0,168.35000610351562,169.1999969482422,163.06321716308594,3648146.0
2023-08-11,170.0,172.89999389648438,168.60000610351562,171.5500030517578,165.32798767089844,4513129.0
2023-08-14,171.85000610351562,171.85000610351562,167.60000610351562,170.39999389648438,164.2196807861328,3098756.0
2023-08-16,169.5,169.89999389648438,160.0,160.5,154.6787567138672,10184159.0
2023-08-17,161.9499969482422,163.1999969482422,160.5500030517578,161.9499969482422,156.07615661621094,5557084.0
2023-08-18,161.89999389648438,162.0,157.35000610351562,158.9499969482422,153.18496704101562,5571194.0
2023-08-21,158.75,160.0,157.8000030517578,158.9499969482422,153.18496704101562,1918408.0
2023-08-22,159.25,163.0,157.5500030517578,161.64999389648438,155.78704833984375,6886124.0
2023-08-23,164.0,164.75,162.0,162.75,156.84715270996094,7256015.0
2023-08-24,163.75,167.4499969482422,163.10000610351562,163.5500030517578,157.61813354492188,7352581.0
2023-08-25,164.3000030517578,170.6999969482422,164.3000030517578,168.35000610351562,162.24404907226562,19375280.0
2023-08-28,169.0,175.0,166.35000610351562,172.60000610351562,166.33990478515625,16338055.0
2023-08-29,174.0500030517578,177.8000030517578,173.25,174.9499969482422,168.6046600341797,11556508.0
2023-08-30,175.9499969482422,180.5,175.10000610351562,179.39999389648438,172.8932647705078,11802434.0
2023-08-31,179.89999389648438,179.89999389648438,174.25,175.1999969482422,168.84559631347656,4893907.0
2023-09-01,176.0,183.85000610351562,174.6999969482422,181.6999969482422,175.10984802246094,13256940.0
2023-09-04,182.85000610351562,183.3000030517578,176.9499969482422,179.10000610351562,172.60415649414062,8293911.0
2023-09-05,180.25,181.4499969482422,177.0,177.39999389648438,170.96580505371094,3864788.0
2023-09-06,177.60000610351562,187.39999389648438,175.5,184.85000610351562,178.14559936523438,10894830.0
2023-09-07,184.85000610351562,185.85000610351562,181.5,184.14999389648438,177.47097778320312,7427796.0
2023-09-08,185.0,191.5,184.8000030517578,188.0,181.1813507080078,14985676.0
2023-09-11,188.9499969482422,194.9499969482422,186.10000610351562,192.5,185.5181427001953,11877352.0
2023-09-12,194.0,194.64999389648438,181.25,181.9499969482422,175.35076904296875,8731630.0
2023-09-13,181.9499969482422,185.0,179.4499969482422,183.60000610351562,176.94093322753906,16711511.0
2023-09-14,184.10000610351562,185.60000610351562,182.0,183.85000610351562,177.18186950683594,13541956.0
2023-09-15,184.9499969482422,192.39999389648438,183.60000610351562,188.25,181.4222869873047,29291456.0
2023-09-18,193.10000610351562,195.1999969482422,183.75,185.10000610351562,178.38653564453125,15620575.0
2023-09-20,183.9499969482422,187.5,179.9499969482422,181.6999969482422,175.10984802246094,7585974.0
2023-09-21,181.6999969482422,183.14999389648438,176.35000610351562,178.5,172.02590942382812,6586823.0
2023-09-22,178.5,186.89999389648438,176.8000030517578,183.39999389648438,176.74818420410156,16997539.0
2023-09-25,183.64999389648438,187.4499969482422,182.1999969482422,186.10000610351562,179.3502655029297,8287146.0
2023-09-26,186.89999389648438,190.1999969482422,186.10000610351562,189.64999389648438,182.77149963378906,8966087.0
2023-09-27,190.14999389648438,193.35000610351562,188.5,191.14999389648438,184.2170867919922,10950417.0
2023-09-28,191.0,193.5,188.10000610351562,189.60000610351562,182.72332763671875,19276798.0
2023-09-29,191.0,197.14999389648438,191.0,191.6999969482422,184.7471466064453,11088675.0
2023-10-03,192.89999389648438,193.1999969482422,189.0,190.75,183.83160400390625,5978259.0
2023-10-04,190.0,192.0,183.5,186.8000030517578,180.02487182617188,5663584.0
2023-10-05,186.89999389648438,188.64999389648438,182.39999389648438,183.35000610351562,176.70001220703125,5325801.0
2023-10-06,183.5,184.75,180.39999389648438,180.8000030517578,174.24249267578125,3999034.0
2023-10-09,180.10000610351562,182.8000030517578,177.0,179.25,172.7487030029297,6436174.0
2023-10-10,181.0,189.1999969482422,178.9499969482422,187.4499969482422,180.6512908935547,16429730.0
2023-10-11,188.25,193.5,186.64999389648438,192.8000030517578,185.8072509765625,12615088.0
2023-10-12,193.6999969482422,198.14999389648438,191.6999969482422,195.25,188.16839599609375,11961294.0
2023-10-13,194.0,197.14999389648438,190.39999389648438,191.3000030517578,184.36166381835938,6685992.0
2023-10-16,191.35000610351562,193.10000610351562,187.6999969482422,188.85000610351562,182.00051879882812,5815234.0
2023-10-17,189.0500030517578,194.3000030517578,188.39999389648438,192.10000610351562,185.1326446533203,7432089.0
2023-10-18,193.1999969482422,193.1999969482422,187.3000030517578,187.89999389648438,181.08497619628906,7434947.0
2023-10-19,187.5,191.5,186.4499969482422,189.5500030517578,182.67514038085938,5163481.0
2023-10-20,189.89999389648438,189.89999389648438,183.0500030517578,184.14999389648438,177.47097778320312,4177757.0
2023-10-23,185.0,185.0,176.6999969482422,177.8000030517578,171.35130310058594,5870095.0
2023-10-25,181.0,181.10000610351562,171.6999969482422,174.25,167.9300537109375,6886337.0
2023-10-26,173.9499969482422,177.10000610351562,168.8000030517578,170.1999969482422,164.02694702148438,9398072.0
2023-10-27,172.0,173.1999969482422,166.6999969482422,168.60000610351562,162.4849853515625,7811228.0
2023-10-30,169.0500030517578,173.8000030517578,167.0,169.85000610351562,163.68963623046875,8786437.0
2023-10-31,171.0,175.4499969482422,170.1999969482422,172.39999389648438,166.1471405029297,6005792.0
2023-11-01,173.3000030517578,183.6999969482422,172.4499969482422,180.60000610351562,174.04974365234375,20934573.0
2023-11-02,179.9499969482422,190.89999389648438,179.89999389648438,190.14999389648438,183.25335693359375,19311498.0
2023-11-03,191.0,193.0,186.6999969482422,188.35000610351562,181.51866149902344,11884262.0
2023-11-06,189.10000610351562,190.0,184.3000030517578,184.6999969482422,178.00103759765625,3475802.0
2023-11-07,185.6999969482422,187.35000610351562,183.39999389648438,185.85000610351562,179.1093292236328,4045821.0
2023-11-08,185.9499969482422,187.39999389648438,183.8000030517578,184.1999969482422,177.5191650390625,3079994.0
2023-11-09,184.1999969482422,186.8000030517578,183.5,183.85000610351562,177.18186950683594,3696788.0
2023-11-10,183.8000030517578,185.64999389648438,182.14999389648438,183.39999389648438,176.74818420410156,3223741.0
2023-11-13,185.1999969482422,188.5500030517578,184.0500030517578,187.35000610351562,180.554931640625,3759779.0
2023-11-15,188.35000610351562,190.0500030517578,186.39999389648438,187.75,180.94041442871094,4321261.0
2023-11-16,188.0,192.9499969482422,185.39999389648438,187.0,180.21762084960938,5290191.0
2023-11-17,187.0,189.35000610351562,185.75,186.60000610351562,179.83213806152344,4054258.0
2023-11-20,186.64999389648438,192.85000610351562,186.64999389648438,192.1999969482422,185.22901916503906,7496361.0
2023-11-21,193.85000610351562,193.9499969482422,186.6999969482422,187.35000610351562,180.554931640625,6823735.0
2023-11-22,188.3000030517578,189.0,185.1999969482422,186.85000610351562,180.07305908203125,4644015.0
2023-11-23,186.4499969482422,188.1999969482422,184.25,185.85000610351562,179.1093292236328,2933078.0
2023-11-24,187.35000610351562,187.35000610351562,184.3000030517578,185.60000610351562,178.86839294433594,2422201.0
2023-11-28,185.0,185.9499969482422,184.1999969482422,184.85000610351562,178.14559936523438,2961178.0
2023-11-29,185.3000030517578,186.8000030517578,184.60000610351562,185.10000610351562,178.38653564453125,3899275.0
2023-11-30,185.8000030517578,185.8000030517578,183.0,184.39999389648438,177.7119140625,4331123.0
2023-12-01,185.0,189.25,184.39999389648438,187.64999389648438,180.8440399169922,7768619.0
2023-12-04,189.10000610351562,189.6999969482422,186.5500030517578,187.0,180.21762084960938,3001516.0
2023-12-05,187.0500030517578,188.39999389648438,184.3000030517578,185.9499969482422,179.20570373535156,3217974.0
2023-12-06,186.35000610351562,188.25,184.8000030517578,185.6999969482422,178.9647674560547,2801836.0
2023-12-07,186.39999389648438,196.35000610351562,184.5,193.8000030517578,186.77098083496094,16212936.0
2023-12-08,195.0,195.35000610351562,187.5,190.4499969482422,183.54248046875,5555744.0
2023-12-11,191.5,193.9499969482422,190.3000030517578,191.9499969482422,184.9880828857422,3948121.0
2023-12-12,192.39999389648438,192.89999389648438,188.1999969482422,188.9499969482422,182.09689331054688,4082803.0
2023-12-13,190.25,191.6999969482422,187.0500030517578,187.89999389648438,181.08497619628906,4040437.0
2023-12-14,189.8000030517578,202.75,187.89999389648438,201.0500030517578,193.75804138183594,23451294.0
2023-12-15,202.5500030517578,203.0,196.0500030517578,197.64999389648438,190.48133850097656,10310677.0
2023-12-18,200.0,200.75,195.60000610351562,198.85000610351562,191.63783264160156,10260980.0
2023-12-19,199.0500030517578,201.8000030517578,196.0,196.6999969482422,189.5657958984375,10391005.0
2023-12-20,197.75,197.75,177.0500030517578,180.64999389648438,174.09791564941406,26983204.0
2023-12-21,178.25,186.89999389648438,176.5500030517578,185.35000610351562,178.62747192382812,11722941.0
2023-12-22,187.3000030517578,189.1999969482422,182.35000610351562,185.8000030517578,179.06114196777344,10447967.0
2023-12-26,185.8000030517578,187.0,183.6999969482422,185.39999389648438,178.67564392089844,5776694.0
2023-12-27,185.75,187.5,182.5,186.4499969482422,179.68756103515625,5968253.0
2023-12-28,187.8000030517578,189.8000030517578,184.3000030517578,186.10000610351562,179.3502655029297,8115113.0
2023-12-29,186.5500030517578,201.64999389648438,184.8000030517578,199.0500030517578,191.83056640625,48624005.0
2024-01-01,198.10000610351562,206.35000610351562,195.5,202.75,195.39637756347656,25210453.0
2024-01-02,201.8000030517578,209.0,197.25,202.14999389648438,194.81813049316406,20581788.0
2024-01-03,202.9499969482422,209.35000610351562,200.3000030517578,207.6999969482422,200.16683959960938,16523995.0
2024-01-04,208.0,219.8000030517578,208.0,216.4499969482422,208.5994873046875,20981115.0
2024-01-05,218.0,229.9499969482422,217.10000610351562,222.14999389648438,214.09274291992188,40926196.0
2024-01-08,222.5500030517578,223.1999969482422,212.0,213.10000610351562,205.37098693847656,12927707.0
2024-01-09,217.0,217.60000610351562,209.8000030517578,211.9499969482422,204.2626953125,15497766.0
2024-01-10,221.0,221.0,211.8000030517578,214.25,206.47927856445312,21104217.0
2024-01-11,214.9499969482422,219.25,213.0,214.64999389648438,206.86476135253906,11208037.0
2024-01-12,215.89999389648438,218.1999969482422,214.0500030517578,216.39999389648438,208.55128479003906,10601045.0
2024-01-15,216.39999389648438,216.39999389648438,216.39999389648438,216.39999389648438,208.55128479003906,0.0
2024-01-16,222.1999969482422,222.25,213.3000030517578,219.5,211.5388641357422,13370944.0
2024-01-17,215.89999389648438,218.6999969482422,209.3000030517578,211.25,203.5880889892578,12467379.0
2024-01-18,212.10000610351562,219.0,206.0,215.9499969482422,208.11761474609375,20306069.0
2024-01-19,217.89999389648438,221.89999389648438,215.85000610351562,220.35000610351562,212.3580322265625,14521093.0
2024-01-23,216.1999969482422,225.39999389648438,215.8000030517578,217.10000610351562,209.2259063720703,15110861.0
2024-01-24,224.89999389648438,236.0,219.0,229.9499969482422,221.60984802246094,45883653.0
2024-01-25,232.25,233.4499969482422,221.1999969482422,225.4499969482422,217.27305603027344,16159229.0
2024-01-29,227.0,233.9499969482422,226.10000610351562,232.25,223.82643127441406,11621907.0
2024-01-30,234.0500030517578,234.85000610351562,228.64999389648438,229.9499969482422,221.60984802246094,13591981.0
2024-01-31,230.10000610351562,230.75,220.6999969482422,221.9499969482422,213.89999389648438,13074866.0
2024-02-01,215.0,223.4499969482422,210.8000030517578,219.0,211.05699157714844,179433641.0
2024-02-02,221.35000610351562,222.39999389648438,215.5,216.14999389648438,208.31036376953125,20610570.0
2024-02-05,216.5,218.1999969482422,213.14999389648438,214.5,206.72021484375,12688736.0
2024-02-06,215.0500030517578,222.8000030517578,213.14999389648438,221.0,212.9844512939453,21232928.0
2024-02-07,224.0,226.5500030517578,215.0,225.64999389648438,217.46580505371094,31399900.0
2024-02-08,226.8000030517578,230.39999389648438,225.0,227.60000610351562,219.34507751464844,22948763.0
2024-02-09,228.89999389648438,229.0500030517578,217.9499969482422,226.14999389648438,217.94766235351562,19574909.0
2024-02-12,226.39999389648438,226.39999389648438,210.35000610351562,213.5500030517578,205.80467224121094,12889298.0
2024-02-13,213.5,214.5,206.35000610351562,209.39999389648438,201.80517578125,16041187.0
2024-02-14,207.64999389648438,218.6999969482422,207.0,215.9499969482422,208.11761474609375,12948046.0
2024-02-15,217.9499969482422,223.64999389648438,216.5500030517578,221.25,213.2253875732422,17812731.0
2024-02-16,221.85000610351562,224.8000030517578,218.9499969482422,220.5500030517578,212.55078125,7867687.0
2024-02-19,222.0500030517578,228.0,220.60000610351562,223.1999969482422,215.1046600341797,14359432.0
2024-02-20,223.25,225.0,219.39999389648438,221.39999389648438,213.3699493408203,10004050.0
2024-02-21,223.0,225.85000610351562,216.89999389648438,218.85000610351562,210.91244506835938,11554309.0
2024-02-22,220.5,226.10000610351562,217.5,225.14999389648438,216.9839324951172,11796419.0
2024-02-23,231.64999389648438,245.5,231.10000610351562,241.14999389648438,232.40362548828125,77810544.0
2024-02-26,245.0,252.89999389648438,243.3000030517578,246.35000610351562,237.4150390625,47416676.0
2024-02-27,247.0,250.39999389648438,239.10000610351562,240.25,231.53627014160156,19963258.0
2024-02-28,240.5,250.39999389648438,234.5,244.64999389648438,235.77667236328125,54016111.0
2024-02-29,244.0,255.1999969482422,240.39999389648438,252.8000030517578,243.63108825683594,32290220.0
2024-03-01,252.8000030517578,264.1499938964844,246.4499969482422,263.1000061035156,253.55752563476562,37746325.0
2024-03-04,265.54998779296875,269.79998779296875,263.3999938964844,268.1000061035156,258.37615966796875,12237066.0
2024-03-05,267.45001220703125,271.3500061035156,260.3999938964844,261.45001220703125,251.96737670898438,16010730.0
2024-03-06,261.0,261.0,246.0,252.9499969482422,243.77565002441406,24899815.0
2024-03-07,254.1999969482422,258.3500061035156,252.5500030517578,255.39999389648438,246.13677978515625,9619303.0
2024-03-11,254.0,255.1999969482422,246.39999389648438,247.4499969482422,238.47512817382812,8073625.0
2024-03-12,249.0500030517578,250.5500030517578,241.6999969482422,247.1999969482422,238.23419189453125,10111209.0
2024-03-13,248.0,249.5500030517578,231.3000030517578,236.39999389648438,227.82589721679688,16039868.0
2024-03-14,234.85000610351562,247.85000610351562,227.25,245.6999969482422,236.78860473632812,15267590.0
2024-03-15,244.1999969482422,252.39999389648438,241.1999969482422,248.35000610351562,239.34249877929688,14024872.0
2024-03-18,249.8000030517578,251.0,245.85000610351562,248.5,239.48704528808594,5938154.0
2024-03-19,249.0,251.60000610351562,234.0,238.25,229.6088104248047,30394055.0
2024-03-20,242.0,252.1999969482422,241.5500030517578,250.6999969482422,241.6072540283203,30243183.0
2024-03-21,253.0,254.8000030517578,249.35000610351562,250.1999969482422,241.12538146972656,9360207.0
2024-03-22,250.5,275.20001220703125,250.1999969482422,271.29998779296875,261.4600830078125,33142623.0
2024-03-26,279.0,286.0,274.3999938964844,283.6499938964844,273.3621826171875,51320717.0
2024-03-27,283.6499938964844,286.75,279.3500061035156,283.6000061035156,273.3139953613281,15903523.0
2024-03-28,283.6000061035156,292.75,283.25,291.1499938964844,280.59014892578125,20460251.0
2024-04-01,294.8999938964844,319.5,292.1499938964844,315.20001220703125,303.76788330078125,40267500.0
2024-04-02,314.5,314.5,303.6499938964844,304.75,293.6968994140625,18843574.0
2024-04-03,304.79998779296875,307.3999938964844,298.3999938964844,300.54998779296875,289.6492004394531,21197899.0
2024-04-04,304.04998779296875,310.0,301.54998779296875,306.6000061035156,295.47979736328125,13875200.0
2024-04-05,305.95001220703125,321.54998779296875,302.1000061035156,314.0,302.61138916015625,21960872.0
2024-04-08,316.5,331.5,315.95001220703125,327.79998779296875,315.9108581542969,28736885.0
2024-04-09,328.5,331.0,324.20001220703125,328.0,316.1036376953125,13705541.0
2024-04-10,325.0,330.0,317.1499938964844,326.70001220703125,314.8507995605469,17295594.0
2024-04-12,331.8999938964844,336.0,323.70001220703125,328.04998779296875,316.15179443359375,20855397.0
2024-04-15,322.3500061035156,337.75,322.25,334.54998779296875,322.4160461425781,15430900.0
2024-04-16,336.79998779296875,339.1499938964844,326.45001220703125,332.5,320.4404296875,14995680.0
2024-04-18,335.5,353.8500061035156,335.0,344.3999938964844,331.9088134765625,40001173.0
2024-04-19,342.04998779296875,359.5,336.8500061035156,351.3999938964844,338.6549072265625,40376246.0
2024-04-22,352.0,355.25,341.6499938964844,349.79998779296875,337.1129455566406,18832015.0
2024-04-23,359.8500061035156,366.54998779296875,356.8500061035156,359.5,346.4611511230469,27662734.0
2024-04-24,363.20001220703125,364.0,346.8500061035156,348.3500061035156,335.7155456542969,20859429.0
2024-04-25,349.0,356.79998779296875,345.20001220703125,351.6499938964844,338.8958435058594,15367285.0
2024-04-26,352.0,355.45001220703125,348.6000061035156,353.29998779296875,340.4859924316406,11226725.0
2024-04-29,352.0,354.8999938964844,343.8500061035156,352.0,339.233154296875,14121040.0
2024-04-30,353.0,360.5,352.54998779296875,354.79998779296875,341.9316101074219,15377757.0
2024-05-02,359.0,363.6000061035156,348.45001220703125,352.95001220703125,340.1487121582031,19136966.0
2024-05-03,353.5,358.3500061035156,347.6499938964844,350.95001220703125,338.22125244140625,14060465.0
2024-05-06,353.79998779296875,356.0,345.45001220703125,351.1499938964844,338.4139709472656,7702154.0
2024-05-07,347.0,348.79998779296875,335.5,338.20001220703125,325.9336853027344,12770435.0
2024-05-08,336.0,342.1499938964844,333.75,337.29998779296875,325.0663146972656,9756671.0
2024-05-09,338.29998779296875,341.3500061035156,325.8500061035156,327.8500061035156,315.9590759277344,6656525.0
2024-05-10,324.8500061035156,332.75,322.6499938964844,330.54998779296875,318.5611267089844,6438304.0
2024-05-13,329.0,332.25,321.25,328.29998779296875,316.3927307128906,6016682.0
2024-05-14,330.25,342.0,328.04998779296875,339.5,327.1865234375,8910910.0
2024-05-15,342.45001220703125,347.8999938964844,340.0,341.79998779296875,329.4031066894531,9691825.0
2024-05-16,342.70001220703125,343.79998779296875,337.54998779296875,341.0,328.6321105957031,6688038.0
2024-05-17,343.3999938964844,349.0,342.5,344.45001220703125,331.9570007324219,8269010.0
2024-05-21,347.0,347.54998779296875,338.1499938964844,339.04998779296875,326.7528381347656,7533289.0
2024-05-22,342.5,345.25,336.75,339.5,327.1865234375,8139260.0
2024-05-23,341.6499938964844,347.6499938964844,340.1499938964844,343.79998779296875,331.33056640625,6693276.0
2024-05-24,346.1499938964844,356.45001220703125,343.04998779296875,346.70001220703125,334.1253967285156,22371674.0
2024-05-27,347.0,352.0,340.79998779296875,342.75,330.31866455078125,7873067.0
2024-05-28,346.0,350.95001220703125,340.04998779296875,341.3999938964844,329.0176086425781,10680935.0
2024-05-29,343.0,345.29998779296875,340.25,340.95001220703125,328.5839538574219,6954616.0
2024-05-30,340.79998779296875,346.3999938964844,338.70001220703125,343.75,331.2823791503906,10307057.0
2024-05-31,347.20001220703125,350.70001220703125,342.0,348.1499938964844,335.5227966308594,110651268.0
2024-06-03,360.5,369.8999938964844,341.70001220703125,364.0,350.7979431152344,29686486.0
2024-06-04,363.0,363.0,292.0,307.95001220703125,296.7808532714844,28901481.0
2024-06-05,319.29998779296875,335.79998779296875,309.25,332.70001220703125,320.6331787109375,14300262.0
2024-06-06,335.0,344.95001220703125,334.5,339.3500061035156,327.0419616699219,8216145.0
2024-06-07,338.04998779296875,351.3999938964844,337.1000061035156,347.1499938964844,334.5590515136719,10966598.0
2024-06-10,347.1499938964844,352.5,344.45001220703125,348.1499938964844,335.5227966308594,5450324.0
2024-06-11,350.1000061035156,353.3500061035156,342.0,347.95001220703125,335.330078125,6964630.0
2024-06-12,349.3999938964844,349.3999938964844,340.95001220703125,342.1499938964844,329.74041748046875,9458583.0
2024-06-13,344.1000061035156,346.6000061035156,337.0,339.5,327.1865234375,7980545.0
2024-06-14,340.0,346.79998779296875,338.5,340.75,328.3912048339844,12332822.0
2024-06-18,335.29998779296875,347.54998779296875,331.6499938964844,344.54998779296875,332.0533447265625,17706369.0
2024-06-19,329.1000061035156,341.95001220703125,311.3999938964844,334.0,321.8860168457031,832154977.0
2024-06-20,335.75,340.0,334.0,336.29998779296875,324.1025695800781,26757768.0
2024-06-21,337.75,339.45001220703125,330.1000061035156,336.45001220703125,324.2471618652344,38940980.0
2024-06-24,338.95001220703125,341.6000061035156,331.25,339.8500061035156,327.5238342285156,27730484.0
2024-06-25,342.95001220703125,344.95001220703125,341.0,344.20001220703125,331.716064453125,20205939.0
2024-06-26,346.0,358.0,340.8500061035156,356.1000061035156,343.1844482421875,41378980.0
2024-06-27,363.0,369.20001220703125,351.29998779296875,365.1499938964844,351.9062194824219,70241770.0
2024-06-28,374.0,384.79998779296875,370.0,375.29998779296875,361.6880798339844,75125583.0
2024-07-01,377.0,391.0,372.75,389.6499938964844,375.5176086425781,32581017.0
2024-07-02,391.6000061035156,396.5,379.79998779296875,383.79998779296875,369.8797912597656,27609215.0
2024-07-03,389.0,397.45001220703125,385.0,396.5,382.1191711425781,20902391.0
2024-07-04,398.3999938964844,408.3999938964844,389.6499938964844,404.04998779296875,389.39532470703125,27983391.0
2024-07-05,401.0,403.45001220703125,392.29998779296875,395.6499938964844,381.29998779296875,13752975.0
2024-07-08,396.0,398.8500061035156,384.20001220703125,385.75,371.7590637207031,17394416.0
2024-07-09,385.0,387.45001220703125,376.3500061035156,385.0,371.0362854003906,12570385.0
2024-07-10,386.70001220703125,388.45001220703125,373.54998779296875,382.8999938964844,369.0124206542969,16109267.0
2024-07-11,383.0,395.6000061035156,383.0,394.25,379.9507751464844,13286371.0
2024-07-12,396.5,398.54998779296875,389.1000061035156,392.0,377.7823791503906,10718103.0
2024-07-15,392.04998779296875,398.04998779296875,388.0,396.54998779296875,382.1673583984375,7398000.0
2024-07-16,401.8999938964844,407.8999938964844,398.1000061035156,406.8500061035156,392.0937805175781,17411078.0
2024-07-18,407.5,423.20001220703125,407.5,418.95001220703125,403.75494384765625,41312223.0
2024-07-19,421.1499938964844,424.70001220703125,404.79998779296875,409.5,394.6476745605469,18446103.0
2024-07-22,409.6000061035156,422.8999938964844,403.6499938964844,421.75,406.453369140625,12653379.0
2024-07-23,424.0,439.3999938964844,403.79998779296875,434.54998779296875,418.78912353515625,34818877.0
2024-07-24,439.1499938964844,439.70001220703125,418.75,426.1499938964844,410.69378662109375,71801651.0
2024-07-25,417.5,429.70001220703125,415.54998779296875,424.8500061035156,409.4409484863281,13231597.0
2024-07-26,439.8999938964844,447.3500061035156,435.0,444.8500061035156,428.7155456542969,20829504.0
2024-07-29,448.8999938964844,449.0,441.1000061035156,443.3999938964844,427.318115234375,10917593.0
2024-07-30,444.5,453.29998779296875,443.6000061035156,446.79998779296875,430.5948181152344,10182321.0
2024-07-31,448.0,449.70001220703125,430.3500061035156,433.1499938964844,417.43988037109375,23215256.0
2024-08-01,435.8999938964844,436.6000061035156,424.29998779296875,428.75,413.1994934082031,10696575.0
2024-08-02,422.5,427.5,420.1000061035156,421.1000061035156,405.82696533203125,7685638.0
2024-08-05,417.8999938964844,425.3999938964844,407.0,413.6499938964844,398.64715576171875,14601326.0
2024-08-06,418.04998779296875,427.29998779296875,413.20001220703125,414.54998779296875,399.5144958496094,13583635.0
2024-08-07,420.04998779296875,422.5,414.5,421.29998779296875,406.0196838378906,12573368.0
2024-08-08,424.0,426.04998779296875,416.3500061035156,417.0,401.8756408691406,14007899.0
2024-08-09,416.0,422.3500061035156,414.3999938964844,414.95001220703125,399.9000244140625,6011495.0
2024-08-12,415.0,421.0,413.70001220703125,415.8999938964844,400.8155517578125,4743010.0
2024-08-13,418.0,418.0,403.20001220703125,405.29998779296875,390.5999755859375,7084701.0
2024-08-14,408.0,408.8999938964844,400.6499938964844,403.04998779296875,388.4316101074219,6900595.0
2024-08-16,406.45001220703125,413.20001220703125,405.45001220703125,411.79998779296875,396.8642272949219,4001648.0
2024-08-19,413.70001220703125,422.0,412.1000061035156,418.6499938964844,403.4657897949219,6217589.0
2024-08-20,421.0,430.3500061035156,419.6000061035156,428.29998779296875,412.76580810546875,9343091.0
2024-08-21,429.5,431.45001220703125,423.5,424.8999938964844,409.4891052246094,6930168.0
2024-08-22,426.5,439.20001220703125,426.0,434.8999938964844,419.1264343261719,10947918.0
2024-08-23,436.45001220703125,438.5,432.45001220703125,434.3500061035156,418.59637451171875,5262529.0
2024-08-26,435.45001220703125,439.29998779296875,428.54998779296875,433.25,417.5362854003906,6148376.0
2024-08-27,434.70001220703125,439.79998779296875,431.20001220703125,437.95001220703125,422.0658264160156,6392653.0
2024-08-28,442.0,448.6000061035156,440.75,444.45001220703125,428.330078125,15433839.0
2024-08-29,442.1000061035156,450.3500061035156,438.8500061035156,446.54998779296875,430.3538818359375,15663444.0
2024-08-30,447.95001220703125,460.3500061035156,445.25,458.5,441.8704528808594,17888531.0
2024-09-02,460.0,460.0,433.54998779296875,438.95001220703125,423.029541015625,15612684.0
2024-09-03,439.75,444.29998779296875,438.8500061035156,441.3999938964844,425.3906555175781,5978801.0
2024-09-04,434.95001220703125,441.29998779296875,431.3500061035156,434.3999938964844,418.6445617675781,6147494.0
2024-09-05,440.45001220703125,444.54998779296875,436.20001220703125,443.1000061035156,427.0290222167969,7834138.0
2024-09-06,443.20001220703125,443.20001220703125,414.0,423.1000061035156,407.7544250488281,21421372.0
2024-09-09,420.95001220703125,426.0,416.79998779296875,421.5,406.2124328613281,7073948.0
2024-09-10,423.75,429.8999938964844,422.3999938964844,425.3999938964844,409.9709777832031,5089383.0
2024-09-11,433.8500061035156,436.20001220703125,423.95001220703125,428.0,412.4766845703125,13300174.0
2024-09-12,430.8999938964844,437.1000061035156,429.0,433.45001220703125,417.7290344238281,5905816.0
2024-09-13,435.6000061035156,438.6499938964844,427.25,428.45001220703125,412.9103698730469,6918635.0
2024-09-16,428.45001220703125,431.1499938964844,420.1000061035156,428.70001220703125,413.15130615234375,5356337.0
2024-09-17,427.20001220703125,433.6000061035156,426.5,430.45001220703125,414.83782958984375,2422065.0
2024-09-18,428.0,430.70001220703125,421.54998779296875,428.25,412.7176208496094,3228858.0
2024-09-19,423.0,430.8999938964844,366.3500061035156,389.79998779296875,375.66217041015625,83881230.0
2024-09-20,393.0,397.3999938964844,378.75,388.25,374.16839599609375,46485982.0
2024-09-23,399.8999938964844,412.6000061035156,397.1000061035156,403.70001220703125,389.05804443359375,27447906.0
2024-09-24,403.70001220703125,408.0,395.70001220703125,401.29998779296875,386.74505615234375,8767855.0
2024-09-25,401.0,401.1499938964844,385.04998779296875,391.1499938964844,376.96319580078125,12185928.0
2024-09-26,390.54998779296875,395.3500061035156,387.3999938964844,393.75,379.4689025878906,10843976.0
2024-09-27,392.54998779296875,395.6499938964844,389.25,392.3999938964844,378.1678771972656,8263851.0
2024-09-30,391.6499938964844,393.3999938964844,385.3999938964844,392.54998779296875,378.31243896484375,9678928.0
2024-10-01,389.04998779296875,395.6000061035156,382.3500061035156,384.04998779296875,370.1207275390625,7039394.0
2024-10-03,376.0,389.04998779296875,375.5,377.6000061035156,363.9046630859375,9305494.0
2024-10-04,378.6000061035156,381.75,369.45001220703125,372.20001220703125,358.7005310058594,10290272.0
2024-10-07,374.1000061035156,375.79998779296875,352.29998779296875,361.1499938964844,348.0513000488281,19905422.0
2024-10-08,360.0,371.8999938964844,358.29998779296875,370.0,356.580322265625,7021080.0
2024-10-09,371.8500061035156,377.6000061035156,368.25,373.5,359.953369140625,4667993.0
2024-10-10,376.0,383.25,376.0,378.8999938964844,365.1575012207031,6150764.0
2024-10-11,380.79998779296875,382.8500061035156,376.5,378.5,364.77203369140625,3322205.0
2024-10-14,380.3999938964844,389.0,378.25,386.8999938964844,372.8673400878906,5695193.0
2024-10-15,387.6000061035156,388.95001220703125,381.54998779296875,385.8999938964844,371.90362548828125,3460929.0
2024-10-16,384.95001220703125,390.3999938964844,380.29998779296875,388.25,374.16839599609375,3840308.0
2024-10-17,386.5,391.0,382.75,384.75,370.79534912109375,5379127.0
2024-10-18,383.6499938964844,386.3500061035156,378.20001220703125,384.54998779296875,370.6025695800781,2601893.0
2024-10-21,384.0,386.5,372.1000061035156,375.3500061035156,361.73626708984375,8530940.0
2024-10-22,375.0,378.3999938964844,364.3500061035156,366.75,353.44818115234375,5046553.0
2024-10-23,380.95001220703125,380.95001220703125,355.5,357.1000061035156,344.148193359375,12160417.0
2024-10-24,358.0,359.45001220703125,349.04998779296875,350.25,337.546630859375,6558434.0
2024-10-25,352.0,352.0,330.1000061035156,334.70001220703125,322.5606384277344,14093116.0
2024-10-28,340.95001220703125,348.6499938964844,336.5,346.25,333.69171142578125,6060360.0
2024-10-29,345.8999938964844,349.54998779296875,338.79998779296875,347.8999938964844,335.2818603515625,10432509.0
2024-10-30,347.70001220703125,349.3999938964844,341.6000061035156,342.75,330.31866455078125,4285325.0
2024-10-31,341.79998779296875,345.25,338.6499938964844,340.54998779296875,328.19842529296875,6947893.0
2024-11-01,342.3500061035156,346.0,340.75,342.8500061035156,330.4150390625,756568.0
2024-11-04,346.8500061035156,350.0,335.3500061035156,337.3999938964844,325.1626892089844,12597097.0
2024-11-05,336.8500061035156,342.8500061035156,332.3500061035156,342.1499938964844,329.74041748046875,3304753.0
2024-11-06,343.0,344.8500061035156,338.6499938964844,342.04998779296875,329.64404296875,4103190.0
2024-11-07,342.25,347.6000061035156,338.5,339.5,327.1865234375,4622999.0
2024-11-08,340.29998779296875,340.6499938964844,324.25,326.20001220703125,314.3689270019531,8234519.0
2024-11-11,318.04998779296875,328.20001220703125,315.5,325.04998779296875,313.2606201171875,6026607.0
2024-11-12,326.0,331.1000061035156,319.25,321.0,309.3575134277344,3353016.0
2024-11-13,321.8999938964844,322.70001220703125,316.6000061035156,318.1000061035156,306.5627136230469,7525374.0
2024-11-14,319.0,321.1000061035156,315.6000061035156,317.75,306.22540283203125,8628870.0
2024-11-18,320.0,326.6000061035156,317.0,323.1499938964844,311.4295349121094,6992604.0
2024-11-19,328.75,335.25,325.1499938964844,328.1499938964844,316.2481689453125,5955778.0
2024-11-21,340.0,340.0,326.1499938964844,329.1000061035156,317.1637268066406,17871198.0
2024-11-22,330.0,332.79998779296875,325.54998779296875,330.1000061035156,318.1274719238281,3576020.0
2024-11-25,333.6000061035156,339.45001220703125,330.29998779296875,337.3500061035156,325.114501953125,9817548.0
2024-11-26,351.0,355.8500061035156,339.6499938964844,340.95001220703125,328.5839538574219,23264396.0
2024-11-27,341.0,352.1499938964844,340.79998779296875,349.75,337.06475830078125,5617102.0
2024-11-28,349.0,354.5,345.6000061035156,348.25,335.6191711425781,5759041.0
2024-11-29,347.1499938964844,353.70001220703125,345.5,349.3500061035156,336.6792907714844,4666533.0
2024-12-02,350.0,350.29998779296875,345.6000061035156,346.6499938964844,334.07720947265625,3309131.0
2024-12-03,350.5,356.79998779296875,345.5,353.8999938964844,341.0642395019531,5656362.0
2024-12-04,354.8999938964844,361.0,348.3500061035156,357.20001220703125,344.24456787109375,7749633.0
2024-12-05,375.0,375.0,360.0,363.54998779296875,350.3642272949219,48848190.0
2024-12-06,368.0,373.25,363.0,364.6499938964844,351.4243469238281,16816288.0
2024-12-09,364.75,366.79998779296875,358.95001220703125,362.1499938964844,349.0150146484375,14327412.0
2024-12-10,362.45001220703125,362.75,355.0,360.04998779296875,346.9911804199219,9563283.0
2024-12-11,360.0,362.75,358.20001220703125,359.6000061035156,346.5575256347656,5852606.0
2024-12-12,358.8500061035156,359.1000061035156,342.75,343.8500061035156,331.3787536621094,14316251.0
2024-12-13,342.0,351.20001220703125,335.3500061035156,350.0,337.3056945800781,13444504.0
2024-12-16,351.0,355.8999938964844,349.54998779296875,353.0,340.1968994140625,5191999.0
2024-12-17,359.29998779296875,359.29998779296875,343.8999938964844,345.8500061035156,333.30621337890625,10729278.0
2024-12-18,344.70001220703125,346.79998779296875,339.8999938964844,340.75,328.3912048339844,3077237.0
2024-12-19,335.0,347.3500061035156,332.6000061035156,346.3999938964844,333.8362731933594,9661691.0
2024-12-20,346.5,348.75,335.20001220703125,337.1000061035156,324.87359619140625,7046688.0
2024-12-23,339.0,339.0,333.1000061035156,335.0,322.8497314453125,4070412.0
2024-12-24,336.0,337.5,327.1499938964844,333.54998779296875,321.45233154296875,5404134.0
2024-12-26,334.6499938964844,336.04998779296875,331.3999938964844,332.3500061035156,320.2958679199219,6062223.0
2024-12-27,332.5,337.20001220703125,328.6499938964844,329.54998779296875,317.597412109375,4035369.0
2024-12-30,331.8999938964844,342.54998779296875,329.6499938964844,340.04998779296875,327.7165832519531,17505371.0
2024-12-31,341.79998779296875,343.79998779296875,335.20001220703125,341.79998779296875,329.4031066894531,7230147.0
2025-01-01,340.0,345.6499938964844,338.5,343.95001220703125,331.4751281738281,2228186.0
2025-01-02,343.8500061035156,347.20001220703125,341.3500061035156,346.3999938964844,333.8362731933594,5093469.0
2025-01-03,346.0,352.5,342.54998779296875,344.0,331.5233154296875,4130940.0
2025-01-06,345.79998779296875,345.79998779296875,328.04998779296875,329.79998779296875,317.83831787109375,6233638.0
2025-01-07,331.29998779296875,335.29998779296875,327.54998779296875,328.1499938964844,316.2481689453125,4495351.0
2025-01-08,329.79998779296875,334.0,325.20001220703125,330.3500061035156,318.368408203125,5541381.0
2025-01-09,330.3500061035156,339.29998779296875,328.6000061035156,330.79998779296875,318.80206298828125,7595457.0
2025-01-10,330.0,330.6499938964844,319.45001220703125,320.3999938964844,308.7792663574219,6603060.0
2025-01-13,315.54998779296875,333.25,315.54998779296875,320.5,308.8756408691406,13453147.0
2025-01-14,324.0,341.8500061035156,323.3999938964844,340.29998779296875,327.9574890136719,12001185.0
2025-01-15,340.8999938964844,361.20001220703125,339.1499938964844,351.79998779296875,339.0404052734375,22050850.0
2025-01-16,363.0,363.0,353.3999938964844,354.54998779296875,341.690673828125,8279242.0
2025-01-17,358.1000061035156,365.0,357.1499938964844,362.70001220703125,349.54510498046875,14711286.0
2025-01-20,380.3999938964844,390.45001220703125,370.3500061035156,375.6000061035156,361.9772033691406,23507683.0
2025-01-21,373.8999938964844,374.0,360.6499938964844,361.6499938964844,348.53314208984375,5167716.0
2025-01-22,361.6000061035156,361.8999938964844,348.5,357.1000061035156,344.148193359375,9032850.0
2025-01-23,360.0,369.6499938964844,354.5,366.6000061035156,353.3036193847656,9182913.0
2025-01-24,367.20001220703125,374.20001220703125,365.25,367.95001220703125,354.60467529296875,19643296.0
2025-01-27,365.6499938964844,366.70001220703125,346.8500061035156,348.95001220703125,336.2937927246094,7693448.0
2025-01-28,352.0,356.8999938964844,342.8500061035156,353.5,340.67877197265625,7413921.0
2025-01-29,352.5,355.1000061035156,343.29998779296875,346.70001220703125,334.1253967285156,4888368.0
2025-01-30,347.0,349.5,342.04998779296875,345.6000061035156,333.0652770996094,8768186.0
2025-01-31,345.95001220703125,348.8999938964844,342.3999938964844,347.20001220703125,334.6072692871094,6499334.0
2025-02-01,346.8999938964844,366.3999938964844,334.0,352.79998779296875,340.0041198730469,7963805.0
2025-02-03,347.1000061035156,351.25,338.70001220703125,350.1000061035156,337.4020690917969,4618051.0
2025-02-04,353.6499938964844,359.1499938964844,349.70001220703125,356.8999938964844,343.9554443359375,5792352.0
2025-02-05,358.25,363.45001220703125,356.45001220703125,358.04998779296875,345.063720703125,6894532.0
2025-02-06,359.95001220703125,368.29998779296875,354.04998779296875,356.1000061035156,343.1844482421875,8285405.0
2025-02-07,358.29998779296875,369.3500061035156,357.70001220703125,363.29998779296875,350.123291015625,10231223.0
2025-02-10,363.25,364.79998779296875,348.54998779296875,352.04998779296875,339.2813415527344,4667093.0
2025-02-11,353.25,354.45001220703125,344.5,348.20001220703125,335.57098388671875,4574371.0
2025-02-12,349.0,350.75,332.1499938964844,347.3999938964844,334.79998779296875,7020361.0
2025-02-13,347.04998779296875,356.79998779296875,343.45001220703125,348.75,336.1010437011719,4427505.0
2025-02-14,350.1499938964844,350.3999938964844,329.6000061035156,335.5,323.33160400390625,3742431.0
2025-02-17,334.25,340.3999938964844,326.75,339.29998779296875,326.9937744140625,4162964.0
2025-02-18,339.29998779296875,340.1000061035156,329.04998779296875,337.04998779296875,324.82537841796875,2976715.0
2025-02-19,334.6000061035156,344.25,329.95001220703125,341.3999938964844,329.0176086425781,7010165.0
2025-02-20,337.04998779296875,344.5,336.04998779296875,341.1000061035156,328.728515625,3324577.0
2025-02-21,339.0,340.95001220703125,331.5,336.3999938964844,324.1989440917969,7741976.0
2025-02-24,332.0,333.8999938964844,325.25,330.20001220703125,318.2238464355469,5605913.0
2025-02-25,330.5,336.95001220703125,329.6000061035156,331.6000061035156,319.57305908203125,4709750.0
2025-02-27,331.6499938964844,339.8999938964844,329.5,338.25,325.98187255859375,8675643.0
2025-02-28,337.8999938964844,337.8999938964844,321.8999938964844,323.3500061035156,311.6222839355469,9209911.0
2025-03-03,325.0,328.25,312.75,326.70001220703125,314.8507995605469,6628370.0
2025-03-04,326.0,330.1499938964844,319.5,327.0,315.139892578125,3429689.0
2025-03-05,329.8999938964844,337.5,326.54998779296875,336.79998779296875,324.5844421386719,3824203.0
2025-03-06,338.0,340.8999938964844,328.6000061035156,330.45001220703125,318.46478271484375,5352132.0
2025-03-07,331.04998779296875,332.25,325.8999938964844,327.3999938964844,315.525390625,3798696.0
2025-03-10,329.04998779296875,336.54998779296875,328.1499938964844,330.20001220703125,318.2238464355469,4911269.0
2025-03-11,326.29998779296875,342.5,325.20001220703125,341.3999938964844,329.0176086425781,6330559.0
2025-03-12,345.0,345.0,314.70001220703125,324.6499938964844,312.8751220703125,16599619.0
2025-03-13,324.95001220703125,330.20001220703125,323.3500061035156,327.0,315.139892578125,6340342.0
2025-03-17,326.0,332.0,322.25,330.6000061035156,318.6093444824219,4496735.0
2025-03-18,330.6000061035156,330.6000061035156,330.6000061035156,330.6000061035156,318.6093444824219,0.0
2025-03-19,337.25,342.8500061035156,336.04998779296875,339.29998779296875,326.9937744140625,7037625.0
2025-03-20,341.0,342.1000061035156,334.1000061035156,340.6000061035156,328.24664306640625,3429892.0
2025-03-21,340.8999938964844,350.0,338.45001220703125,348.8500061035156,336.1974182128906,8201117.0
2025-03-24,355.0,358.8999938964844,348.25,349.04998779296875,336.39013671875,5023515.0
2025-03-25,350.8999938964844,350.8999938964844,337.25,339.75,327.4274597167969,4042558.0
2025-03-26,339.70001220703125,344.0,334.8999938964844,339.25,326.9455871582031,3678722.0
2025-03-27,338.1000061035156,341.6000061035156,335.0,338.3999938964844,326.1264343261719,4513735.0
2025-03-28,339.95001220703125,343.20001220703125,332.0,334.29998779296875,322.17510986328125,5874129.0
2025-04-01,349.8999938964844,360.8999938964844,346.79998779296875,352.45001220703125,339.6668395996094,21049199.0
2025-04-02,352.3999938964844,362.70001220703125,350.0,361.29998779296875,348.1958312988281,8411874.0
2025-04-03,355.3500061035156,360.0,352.8500061035156,358.0,345.0155334472656,4129080.0
2025-04-04,360.0,368.0,356.3999938964844,360.5,347.42486572265625,16145235.0
2025-04-07,340.0,358.20001220703125,336.1499938964844,356.0,343.08807373046875,10272279.0
2025-04-08,363.95001220703125,372.0,359.5,370.6499938964844,357.20672607421875,10437414.0
2025-04-09,371.20001220703125,374.3999938964844,365.20001220703125,370.6000061035156,357.1585693359375,9155700.0
2025-04-11,371.04998779296875,375.20001220703125,365.29998779296875,373.6499938964844,360.0979309082031,7244994.0
2025-04-15,380.79998779296875,382.70001220703125,374.25,380.45001220703125,366.65130615234375,7889826.0
2025-04-16,375.0,387.20001220703125,375.0,386.1000061035156,372.09637451171875,9061814.0
2025-04-17,385.8999938964844,398.8500061035156,384.5,397.8999938964844,383.4683837890625,9288018.0
2025-04-21,398.3500061035156,409.5,397.3999938964844,407.5,392.72021484375,3516980.0
2025-04-22,409.20001220703125,421.5,399.5,400.8500061035156,386.3114013671875,13842212.0
2025-04-23,400.0,405.0,393.8999938964844,400.1000061035156,385.588623046875,8895838.0
2025-04-24,400.1499938964844,407.3500061035156,397.20001220703125,406.5,391.7564697265625,6409664.0
2025-04-25,406.5,406.8999938964844,390.29998779296875,397.3500061035156,382.9383544921875,6732062.0
2025-04-28,409.0,411.5,403.6499938964844,408.1000061035156,393.2984619140625,8988016.0
2025-04-29,410.79998779296875,413.79998779296875,401.45001220703125,402.6000061035156,387.9979248046875,3721608.0
2025-04-30,403.45001220703125,409.3500061035156,397.70001220703125,408.20001220703125,393.39483642578125,6841231.0
2025-05-02,394.0,395.45001220703125,378.45001220703125,380.6000061035156,366.7958679199219,17028770.0
2025-05-05,380.3999938964844,387.3999938964844,378.04998779296875,384.1000061035156,370.1689147949219,3295612.0
2025-05-06,384.8999938964844,387.5,376.54998779296875,378.8999938964844,365.1575012207031,6415596.0
2025-05-07,379.8999938964844,385.75,376.75,383.8500061035156,369.927978515625,8336824.0
2025-05-08,383.8999938964844,395.6000061035156,380.6000061035156,384.6499938964844,370.6989440917969,11135804.0
2025-05-09,379.3999938964844,389.8500061035156,377.6000061035156,388.20001220703125,374.1202087402344,5477155.0
2025-05-12,395.3999938964844,400.0,392.25,397.3999938964844,382.98651123046875,5386177.0
2025-05-13,397.3999938964844,400.1499938964844,391.6499938964844,394.75,380.4326477050781,5876199.0
2025-05-14,396.75,398.95001220703125,392.04998779296875,396.0,381.6372985839844,6920703.0
2025-05-15,395.25,400.45001220703125,391.25,396.95001220703125,382.5528564453125,7283759.0
2025-05-16,397.70001220703125,407.3500061035156,396.1000061035156,400.45001220703125,385.9259338378906,5908953.0
2025-05-19,402.25,403.8999938964844,382.0,389.1000061035156,374.9875793457031,11516967.0
2025-05-20,389.1000061035156,392.5,384.8500061035156,386.5,372.48187255859375,5699529.0
2025-05-21,385.20001220703125,392.25,385.04998779296875,387.95001220703125,373.8793029785156,13139198.0
2025-05-22,386.0,388.8500061035156,382.25,383.95001220703125,370.02435302734375,3595416.0
2025-05-23,385.25,389.20001220703125,381.29998779296875,383.6000061035156,369.6870422363281,3469258.0
2025-05-26,383.6000061035156,385.0,375.6000061035156,380.5,366.6994934082031,8119620.0
2025-05-27,380.5,386.0,377.25,383.8500061035156,369.927978515625,7402268.0
2025-05-28,385.70001220703125,398.95001220703125,383.79998779296875,391.29998779296875,377.1077575683594,14515992.0
2025-05-29,392.5,394.75,387.79998779296875,391.25,377.0596008300781,4344927.0
2025-05-30,391.25,394.5,381.3500061035156,384.1499938964844,370.21710205078125,23501700.0
2025-06-02,382.25,387.20001220703125,380.0,382.5,368.626953125,5400006.0
2025-06-03,384.3500061035156,386.20001220703125,378.29998779296875,380.8500061035156,367.03680419921875,5884017.0
2025-06-04,381.70001220703125,385.8999938964844,379.04998779296875,383.3500061035156,369.4461364746094,6075425.0
2025-06-05,385.0,387.70001220703125,382.1000061035156,384.3999938964844,370.4580383300781,4937853.0
2025-06-06,383.0,393.75,383.0,391.1000061035156,376.9150390625,5045503.0
2025-06-09,391.0,401.3999938964844,388.5,395.70001220703125,381.34820556640625,8531345.0
2025-06-10,397.6499938964844,397.6499938964844,391.75,393.3500061035156,379.08343505859375,2823556.0
2025-06-11,395.0,396.29998779296875,386.0,387.8999938964844,373.8310852050781,4889189.0
2025-06-12,388.5,391.6000061035156,380.6000061035156,382.75,368.8678894042969,2868975.0
2025-06-13,374.25,381.45001220703125,374.25,380.3500061035156,366.554931640625,2644160.0
2025-06-16,380.3500061035156,392.20001220703125,377.3999938964844,391.04998779296875,376.8668212890625,6542254.0
2025-06-17,390.0,394.6000061035156,390.0,392.1000061035156,377.8787536621094,5942280.0
2025-06-18,390.0,394.45001220703125,388.5,391.8999938964844,377.6860046386719,2753696.0
2025-06-19,391.8999938964844,393.75,387.8999938964844,389.6499938964844,375.5176086425781,2323401.0
2025-06-20,389.6499938964844,405.75,389.5,404.29998779296875,389.6362609863281,15341490.0
2025-06-23,403.8999938964844,407.3500061035156,400.45001220703125,401.8999938964844,387.32330322265625,3059353.0
2025-06-24,408.5,416.8999938964844,405.0,415.04998779296875,399.9963684082031,9559930.0
2025-06-25,415.8999938964844,419.20001220703125,412.0,415.5,400.4300537109375,4221078.0
2025-06-26,413.0,418.6000061035156,411.5,415.3500061035156,400.2854919433594,8679054.0
2025-06-27,417.45001220703125,421.8999938964844,411.0,412.20001220703125,397.249755859375,7687289.0
2025-06-30,415.5,423.0,411.6499938964844,421.1000061035156,405.82696533203125,8228456.0
2025-07-01,424.8500061035156,426.3999938964844,417.3500061035156,420.3500061035156,405.1041564941406,9631934.0
2025-07-02,419.6000061035156,425.0,419.45001220703125,423.25,407.8989562988281,5734710.0
2025-07-03,425.3999938964844,430.0,422.6499938964844,425.75,410.30828857421875,6185945.0
2025-07-04,426.0,429.79998779296875,421.75,424.95001220703125,409.5373229980469,3900169.0
2025-07-07,422.70001220703125,422.70001220703125,407.54998779296875,408.3999938964844,393.5875549316406,7571465.0
2025-07-08,406.6000061035156,409.95001220703125,403.29998779296875,406.25,391.5155334472656,4897626.0
2025-07-09,406.29998779296875,410.0,404.0,405.1499938964844,390.4554443359375,4972819.0
2025-07-10,406.1499938964844,411.3500061035156,399.79998779296875,402.20001220703125,387.6124572753906,4146664.0
2025-07-11,402.0,405.79998779296875,394.6000061035156,404.3999938964844,389.7326354980469,4904859.0
2025-07-14,406.0,409.29998779296875,400.0,404.1000061035156,389.44354248046875,3807277.0
2025-07-15,405.04998779296875,409.79998779296875,404.1499938964844,408.0,393.20208740234375,3263712.0
2025-07-16,408.0,408.95001220703125,403.70001220703125,405.0,390.3108825683594,2886867.0
2025-07-17,406.95001220703125,407.8500061035156,402.8500061035156,406.25,391.5155334472656,3892900.0
2025-07-18,406.25,407.29998779296875,400.25,403.3999938964844,388.7689208984375,2999829.0
2025-07-21,398.6000061035156,406.1000061035156,396.25,404.1499938964844,389.49169921875,4307190.0
2025-07-22,404.1499938964844,404.1499938964844,394.5,396.29998779296875,381.9264221191406,4850966.0
2025-07-23,396.29998779296875,406.6499938964844,394.6000061035156,405.25,390.55181884765625,4580827.0
2025-07-24,404.8999938964844,407.54998779296875,397.79998779296875,401.54998779296875,386.9859924316406,3573541.0
2025-07-25,398.5,399.3999938964844,391.20001220703125,393.54998779296875,379.2761535644531,4784269.0
2025-07-28,393.54998779296875,397.70001220703125,382.6499938964844,384.6000061035156,370.6507873535156,3389242.0
2025-07-29,383.0,392.29998779296875,381.95001220703125,390.54998779296875,376.38494873046875,3790547.0
2025-07-30,390.54998779296875,392.25,382.1499938964844,383.79998779296875,369.8797912597656,2430128.0
2025-07-31,377.5,380.0,361.0,363.0,349.8341979980469,12526255.0
2025-08-01,363.04998779296875,364.20001220703125,343.8500061035156,345.1000061035156,332.58343505859375,6251009.0
2025-08-04,346.0,348.1499938964844,339.25,345.79998779296875,333.2580261230469,6962596.0
2025-08-05,348.0,348.20001220703125,341.04998779296875,342.8500061035156,330.4150390625,3459901.0
2025-08-06,342.8500061035156,346.3999938964844,339.79998779296875,340.95001220703125,328.5839538574219,8179886.0
2025-08-07,339.54998779296875,339.54998779296875,330.5,334.6499938964844,322.5124206542969,20953620.0
2025-08-08,335.5,339.45001220703125,330.70001220703125,332.54998779296875,320.48858642578125,13407199.0
2025-08-11,335.0,338.0,330.04998779296875,337.3999938964844,325.1626892089844,6020830.0
2025-08-12,337.3999938964844,343.3999938964844,337.20001220703125,339.5,327.1865234375,3637933.0
2025-08-13,341.5,343.29998779296875,336.3500061035156,337.29998779296875,325.0663146972656,3352695.0
2025-08-14,337.20001220703125,337.79998779296875,330.20001220703125,333.0,320.9222717285156,8393964.0
2025-08-18,336.0,340.95001220703125,328.0,337.6000061035156,325.3554382324219,12633896.0
2025-08-19,339.70001220703125,342.5,335.25,339.95001220703125,327.6202087402344,3615727.0
2025-08-20,341.8500061035156,355.1000061035156,341.29998779296875,349.1000061035156,336.4383544921875,7536509.0
2025-08-21,350.04998779296875,353.45001220703125,346.6000061035156,348.04998779296875,335.4264221191406,2900166.0
2025-08-22,352.5,359.79998779296875,348.79998779296875,353.54998779296875,340.7269287109375,16977389.0
2025-08-25,356.75,357.70001220703125,351.29998779296875,354.75,341.8834228515625,4414881.0
2025-08-26,345.8999938964844,350.0,339.54998779296875,342.54998779296875,330.1258850097656,11956450.0
2025-08-28,343.0,344.0,334.6499938964844,335.6000061035156,323.427978515625,7073411.0
2025-08-29,337.0,346.45001220703125,336.0,338.6000061035156,326.3191833496094,7338329.0
2025-09-01,340.0,342.29998779296875,338.3500061035156,339.3999938964844,327.09014892578125,3912531.0
2025-09-02,340.0,340.0,328.29998779296875,329.45001220703125,317.50103759765625,8558281.0
2025-09-03,324.8999938964844,326.5,312.54998779296875,324.1499938964844,312.39324951171875,50414456.0
2025-09-04,329.0,329.8500061035156,321.6000061035156,324.04998779296875,312.296875,14259927.0
2025-09-05,325.54998779296875,341.8999938964844,324.29998779296875,337.3999938964844,325.1626892089844,17007563.0
2025-09-08,339.6499938964844,345.5,334.8999938964844,344.1000061035156,331.61968994140625,11053837.0
2025-09-09,344.95001220703125,349.70001220703125,343.0,346.8999938964844,334.318115234375,8589184.0
2025-09-10,355.0,355.0,347.6000061035156,349.29998779296875,336.6310729980469,12143686.0
2025-09-11,349.29998779296875,355.79998779296875,348.3500061035156,353.25,340.4378356933594,9104627.0
2025-09-12,355.5,363.04998779296875,354.04998779296875,361.8500061035156,348.7259216308594,13224633.0
2025-09-15,362.70001220703125,369.54998779296875,358.1000061035156,359.29998779296875,346.26837158203125,7809090.0
2025-09-16,359.79998779296875,360.8999938964844,352.75,357.6000061035156,344.63006591796875,4475632.0
2025-09-17,359.5,359.5,352.29998779296875,354.25,341.40155029296875,6344314.0
2025-09-18,355.70001220703125,357.70001220703125,352.6000061035156,354.29998779296875,341.4497375488281,5598853.0
2025-09-19,354.29998779296875,361.70001220703125,350.95001220703125,356.8500061035156,343.9072570800781,7422079.0
2025-09-22,356.0,362.75,354.20001220703125,356.0,343.08807373046875,5271465.0
2025-09-23,356.1499938964844,360.0,353.3500061035156,359.1000061035156,346.0756530761719,7194465.0
2025-09-24,359.1000061035156,363.3500061035156,355.54998779296875,358.1499938964844,345.16009521484375,7448879.0
2025-09-25,358.0,361.0,355.04998779296875,356.45001220703125,343.52178955078125,6298204.0
2025-09-26,355.45001220703125,357.3999938964844,344.5,346.29998779296875,333.7398986816406,10014825.0
2025-09-29,347.95001220703125,350.8500061035156,344.8999938964844,347.20001220703125,334.6072692871094,5564080.0
2025-09-30,344.79998779296875,347.79998779296875,340.8999938964844,342.8999938964844,330.46319580078125,5785588.0
2025-10-01,342.29998779296875,353.0,342.29998779296875,352.04998779296875,339.2813415527344,4163278.0
2025-10-03,350.1000061035156,355.3999938964844,348.29998779296875,353.1000061035156,340.29327392578125,2694415.0
2025-10-06,354.1000061035156,355.95001220703125,349.20001220703125,353.6499938964844,340.82330322265625,2819005.0
2025-10-07,352.0,359.79998779296875,350.6499938964844,357.8999938964844,344.9191589355469,6631987.0
2025-10-08,358.0,360.5,353.79998779296875,354.75,341.8834228515625,2273254.0
2025-10-09,355.0,356.75,352.0,354.8500061035156,341.97979736328125,4320615.0
2025-10-10,354.8500061035156,358.8999938964844,353.0,353.70001220703125,340.87152099609375,4420019.0
2025-10-13,354.0,355.95001220703125,348.1000061035156,349.8999938964844,337.2093200683594,5017414.0
2025-10-14,350.45001220703125,351.45001220703125,337.79998779296875,338.54998779296875,326.2709655761719,9282025.0
2025-10-15,339.8999938964844,346.04998779296875,339.3999938964844,344.79998779296875,332.2942810058594,3966733.0
2025-10-16,346.54998779296875,346.54998779296875,343.3500061035156,343.95001220703125,331.4751281738281,3586844.0
2025-10-17,345.0,347.8500061035156,341.20001220703125,343.0,330.5596008300781,5754532.0
2025-10-20,345.0,356.1000061035156,344.0,354.3999938964844,341.5461120605469,4782239.0
2025-10-21,356.45001220703125,361.20001220703125,353.6000061035156,360.29998779296875,347.23211669921875,1140917.0
2025-10-23,359.0,363.45001220703125,357.54998779296875,358.75,345.73834228515625,5608282.0
2025-10-24,358.79998779296875,362.5,355.8999938964844,361.54998779296875,348.436767578125,6707932.0
2025-10-27,363.70001220703125,381.3999938964844,359.6499938964844,371.29998779296875,357.8331604003906,26826730.0
2025-10-28,377.0,386.5,375.5,385.8999938964844,371.90362548828125,20602382.0
2025-10-29,385.95001220703125,389.20001220703125,379.3500061035156,381.04998779296875,367.2295227050781,8329384.0
2025-10-30,378.0,378.0,364.29998779296875,368.25,354.893798828125,15575932.0
2025-10-31,367.75,371.3500061035156,362.79998779296875,363.6000061035156,350.4124450683594,6866183.0
2025-11-03,366.0,384.54998779296875,365.20001220703125,382.75,368.8678894042969,15961474.0
2025-11-04,392.0,397.25,389.04998779296875,392.54998779296875,378.31243896484375,24189758.0
2025-11-06,391.8999938964844,404.8500061035156,386.6000061035156,398.29998779296875,383.8538818359375,14237144.0
2025-11-07,396.5,404.79998779296875,391.0,400.79998779296875,386.2632141113281,6409878.0
2025-11-10,400.45001220703125,402.3999938964844,397.6499938964844,398.75,384.2875671386719,2465473.0
2025-11-11,402.0,404.8999938964844,395.95001220703125,400.6000061035156,386.0704650878906,4964281.0
2025-11-12,401.3500061035156,410.70001220703125,400.1000061035156,406.95001220703125,392.1901550292969,8054895.0
2025-11-13,406.0,414.0,405.54998779296875,407.8500061035156,393.0575256347656,5069406.0
2025-11-14,405.8999938964844,414.0,405.1499938964844,412.3500061035156,397.3943176269531,4523897.0
2025-11-17,413.70001220703125,413.70001220703125,408.25,410.1499938964844,395.2740783691406,2866155.0
2025-11-18,411.0,411.70001220703125,400.8500061035156,402.20001220703125,387.6124572753906,7797153.0
2025-11-19,402.0,405.8999938964844,399.8999938964844,403.25,388.6243591308594,4630031.0
2025-11-20,406.0,406.29998779296875,399.20001220703125,400.5,385.9740905761719,3782742.0
2025-11-21,399.70001220703125,402.1499938964844,395.5,397.0,382.6010437011719,3496761.0
2025-11-24,397.04998779296875,404.6499938964844,396.29998779296875,400.1000061035156,385.588623046875,6005510.0
2025-11-25,399.45001220703125,405.6499938964844,397.54998779296875,403.6000061035156,388.961669921875,2738092.0
2025-11-26,406.0,409.79998779296875,403.6499938964844,405.6000061035156,390.8891296386719,3963301.0
2025-11-27,405.0,409.04998779296875,401.25,404.25,389.58807373046875,3495842.0
2025-11-28,404.04998779296875,404.79998779296875,400.5,401.04998779296875,386.5041198730469,2277681.0
2025-12-01,404.6000061035156,405.3999938964844,395.25,396.6000061035156,382.2155456542969,2528988.0
2025-12-02,404.0,406.70001220703125,398.0,401.95001220703125,387.37152099609375,5325984.0
2025-12-03,402.45001220703125,413.29998779296875,401.45001220703125,404.6499938964844,389.97357177734375,11451550.0
2025-12-04,405.5,408.25,398.54998779296875,402.0,387.419677734375,3535840.0
2025-12-05,400.8999938964844,416.8500061035156,399.1000061035156,415.70001220703125,400.622802734375,9654037.0
2025-12-08,414.0,418.0,398.75,403.0,388.3834228515625,6435755.0
2025-12-09,400.8999938964844,404.95001220703125,396.5,403.04998779296875,388.4316101074219,5453366.0
2025-12-10,403.29998779296875,407.5,401.54998779296875,404.25,389.58807373046875,4960080.0
2025-12-11,403.3999938964844,411.45001220703125,401.20001220703125,410.3500061035156,395.46685791015625,4260259.0
2025-12-12,411.0,416.25,409.04998779296875,415.20001220703125,400.1409606933594,4899002.0
2025-12-15,418.0,421.95001220703125,406.79998779296875,409.45001220703125,394.5994873046875,9794272.0
2025-12-16,407.3999938964844,411.25,405.6499938964844,408.1499938964844,393.34661865234375,4424641.0
2025-12-17,408.1499938964844,409.20001220703125,403.54998779296875,407.20001220703125,392.43109130859375,4479594.0
2025-12-18,408.3999938964844,412.20001220703125,405.29998779296875,408.75,393.92486572265625,4672944.0
2025-12-19,411.0,415.20001220703125,408.29998779296875,414.04998779296875,399.0326232910156,10797815.0
2025-12-22,414.04998779296875,414.04998779296875,407.54998779296875,411.45001220703125,396.5269470214844,3737410.0
2025-12-23,412.3999938964844,417.20001220703125,410.3999938964844,414.3500061035156,399.32177734375,3117996.0
2025-12-24,414.3500061035156,428.5,412.0,423.8999938964844,408.525390625,8149917.0
2025-12-26,423.8999938964844,427.54998779296875,419.04998779296875,419.8500061035156,404.6222839355469,2510361.0
2025-12-29,420.0,427.1000061035156,417.29998779296875,422.25,406.93524169921875,6424028.0
2025-12-30,422.0,426.3999938964844,419.79998779296875,422.04998779296875,406.7424621582031,4570566.0
2025-12-31,422.8999938964844,434.70001220703125,410.0,418.75,403.5621643066406,17326544.0
2026-01-01,421.04998779296875,439.8500061035156,421.04998779296875,435.79998779296875,419.9937744140625,17970341.0
2026-01-02,438.0,446.0,432.75,442.04998779296875,426.01708984375,11982152.0
2026-01-05,439.29998779296875,442.6499938964844,432.0,434.20001220703125,418.4518127441406,5894990.0
2026-01-06,434.0,436.79998779296875,430.04998779296875,432.25,416.5725402832031,5754607.0
2026-01-07,433.0,433.5,427.04998779296875,429.0,413.4404296875,5018878.0
2026-01-08,430.45001220703125,436.79998779296875,424.45001220703125,430.8500061035156,415.22332763671875,10696988.0
2026-01-09,450.0,454.95001220703125,430.04998779296875,433.3999938964844,417.6808166503906,26527175.0
2026-01-12,435.0,441.5,428.45001220703125,432.6000061035156,416.90985107421875,8821785.0
2026-01-13,433.0,433.45001220703125,423.1000061035156,427.8999938964844,412.38031005859375,5850975.0
2026-01-14,432.25,443.70001220703125,432.25,438.3999938964844,422.4994812011719,9332296.0
2026-01-15,438.3999938964844,438.3999938964844,438.3999938964844,438.3999938964844,422.4994812011719,0.0
2026-01-16,438.3999938964844,438.95001220703125,429.5,433.8500061035156,418.114501953125,10418752.0
2026-01-19,432.6499938964844,434.0,425.0,428.3999938964844,412.8621826171875,5898599.0
2026-01-20,427.0,427.75,412.70001220703125,414.54998779296875,399.5144958496094,5559575.0
2026-01-21,411.04998779296875,417.6000061035156,401.45001220703125,414.0,398.9844665527344,8491961.0
2026-01-22,417.0,420.3500061035156,413.1000061035156,419.20001220703125,403.9958801269531,7164284.0
2026-01-23,419.20001220703125,422.1499938964844,410.0,413.1499938964844,398.165283203125,4665531.0
2026-01-27,416.04998779296875,425.95001220703125,411.25,422.54998779296875,407.2243347167969,7419336.0
2026-01-28,425.25,428.6000061035156,420.8500061035156,425.29998779296875,409.8746032714844,4337181.0
2026-01-29,429.0,442.70001220703125,426.04998779296875,441.54998779296875,425.53521728515625,8487120.0
2026-01-30,440.95001220703125,452.0,435.45001220703125,444.29998779296875,428.18548583984375,11897285.0
2026-02-02,424.29998779296875,433.45001220703125,419.45001220703125,431.79998779296875,416.13885498046875,9268964.0
2026-02-03,443.3999938964844,450.0,425.3999938964844,438.54998779296875,422.64404296875,10838614.0
2026-02-04,439.20001220703125,447.0,437.3999938964844,445.1000061035156,428.95648193359375,5316074.0
2026-02-05,445.1000061035156,445.8999938964844,438.95001220703125,442.3999938964844,426.3544006347656,4258051.0
2026-02-06,442.54998779296875,447.54998779296875,432.8500061035156,443.3500061035156,427.26995849609375,5313719.0
2026-02-09,446.5,457.1499938964844,443.75,456.1499938964844,439.6056823730469,6772155.0
2026-02-10,459.0,461.6000061035156,448.6499938964844,459.1499938964844,442.49688720703125,12345910.0
2026-02-11,461.0,472.0,457.20001220703125,467.04998779296875,450.1103515625,9936035.0
2026-02-12,467.04998779296875,475.0,464.0,474.0,456.80828857421875,8131246.0
2026-02-13,469.5,472.0,464.1499938964844,466.6000061035156,449.67669677734375,4313315.0
2026-02-16,466.6000061035156,475.1499938964844,463.6499938964844,473.70001220703125,456.5191955566406,5723670.0
2026-02-17,475.3999938964844,477.0,467.6000061035156,472.70001220703125,455.5554504394531,3763634.0
2026-02-18,472.79998779296875,481.04998779296875,469.5,477.75,460.4222717285156,5407805.0
2026-02-19,479.0,481.5,469.20001220703125,472.8999938964844,455.7481689453125,5281104.0
2026-02-20,470.1000061035156,477.1000061035156,467.8999938964844,474.3500061035156,457.1455993652344,4473602.0
2026-02-23,476.75,476.75,468.1000061035156,472.20001220703125,455.0735778808594,3640333.0
2026-02-24,469.8999938964844,473.0,464.04998779296875,469.8999938964844,452.85699462890625,5575559.0
2026-02-25,470.0,473.0,454.25,461.45001220703125,444.7134704589844,6005431.0
2026-02-26,462.70001220703125,463.6000061035156,455.5,461.25,444.5207214355469,4080221.0
2026-02-27,459.0,461.70001220703125,452.1499938964844,454.95001220703125,438.4492492675781,7170798.0
2026-03-02,439.1499938964844,459.29998779296875,439.1499938964844,448.54998779296875,432.2813415527344,3235580.0
2026-03-04,443.79998779296875,445.0,431.1499938964844,442.29998779296875,426.2580261230469,5453113.0
2026-03-05,444.6000061035156,456.25,444.6000061035156,451.3999938964844,435.0279846191406,3038175.0
2026-03-06,450.75,457.6499938964844,449.0,452.04998779296875,435.6543884277344,2140959.0
2026-03-09,444.5,444.95001220703125,433.54998779296875,438.5,422.5958557128906,2829820.0
2026-03-10,442.04998779296875,447.75,439.1000061035156,445.45001220703125,429.2937927246094,2238534.0
2026-03-11,442.3999938964844,450.1499938964844,436.6499938964844,438.75,422.8367919921875,2585875.0
2026-03-12,436.8999938964844,444.75,430.54998779296875,442.04998779296875,426.01708984375,5403935.0
2026-03-13,439.1499938964844,440.79998779296875,422.70001220703125,423.95001220703125,408.5735778808594,2702224.0
2026-03-16,425.0,430.6499938964844,418.45001220703125,427.1000061035156,411.6093444824219,3446835.0
2026-03-17,429.45001220703125,439.0,427.29998779296875,436.1499938964844,420.3310852050781,3131170.0
2026-03-18,437.1000061035156,443.75,434.20001220703125,440.95001220703125,424.9570007324219,3154268.0
2026-03-19,435.70001220703125,435.70001220703125,422.0,426.6499938964844,411.1756286621094,3178646.0
2026-03-20,429.6499938964844,441.75,429.6499938964844,434.54998779296875,418.78912353515625,5436700.0
2026-03-23,430.0,430.0,411.79998779296875,413.6000061035156,398.5989685058594,4793426.0
2026-03-24,422.0,432.8999938964844,415.45001220703125,429.29998779296875,413.7295227050781,4652608.0
2026-03-25,431.79998779296875,434.79998779296875,422.0,427.8500061035156,412.3321228027344,7419269.0
2026-03-27,423.6000061035156,429.5,419.25,426.29998779296875,410.83831787109375,6160559.0
2026-03-30,425.04998779296875,429.0,415.5,418.1499938964844,402.98394775390625,8737012.0
2026-04-01,436.79998779296875,436.79998779296875,420.8500061035156,423.25,407.8989562988281,4689273.0
2026-04-02,417.70001220703125,426.3500061035156,409.54998779296875,424.8500061035156,409.4409484863281,3693968.0
2026-04-06,422.0,432.54998779296875,420.79998779296875,425.5,410.0673522949219,3868647.0
2026-04-07,422.0,426.79998779296875,419.3999938964844,423.1499938964844,407.8025817871094,3134435.0
2026-04-08,433.0,442.95001220703125,430.6000061035156,440.95001220703125,424.9570007324219,3295745.0
2026-04-09,442.70001220703125,442.70001220703125,432.8500061035156,438.45001220703125,422.54766845703125,3485937.0
2026-04-10,438.0,443.20001220703125,433.8500061035156,437.8500061035156,421.9694519042969,4687274.0
2026-04-13,430.0,440.5,425.6000061035156,438.45001220703125,422.54766845703125,2764767.0
2026-04-15,434.5,436.8999938964844,419.1499938964844,420.25,405.0077819824219,10073376.0
2026-04-16,421.5,424.70001220703125,412.25,413.1499938964844,398.165283203125,9807849.0
2026-04-17,413.1499938964844,416.6000061035156,409.0,412.25,397.2979431152344,10614267.0
2026-04-20,412.5,413.8500061035156,403.6000061035156,405.79998779296875,391.08184814453125,8774694.0
2026-04-21,403.1000061035156,419.6000061035156,403.1000061035156,414.75,399.7072448730469,7884039.0
2026-04-22,414.75,418.6000061035156,406.5,408.1499938964844,393.34661865234375,5628398.0
2026-04-23,405.1499938964844,408.29998779296875,400.95001220703125,404.70001220703125,390.02178955078125,7560920.0
2026-04-24,405.8999938964844,406.6000061035156,395.6499938964844,402.20001220703125,387.6124572753906,5743207.0
2026-04-27,403.45001220703125,407.5,399.5,402.29998779296875,387.70880126953125,3382004.0
2026-04-28,411.0,419.04998779296875,409.6000061035156,413.95001220703125,398.936279296875,9680019.0
2026-04-29,419.0,421.8500061035156,411.54998779296875,413.8999938964844,398.8880920410156,10438131.0
2026-04-30,413.0,413.8999938964844,407.0,409.95001220703125,395.08135986328125,4414903.0
2026-05-01,409.95001220703125,409.95001220703125,409.95001220703125,409.95001220703125,395.08135986328125,0.0
2026-05-04,414.54998779296875,415.0,390.79998779296875,400.25,385.733154296875,12554778.0
2026-05-05,400.3999938964844,407.54998779296875,396.45001220703125,402.70001220703125,388.09429931640625,4591107.0
2026-05-06,406.1499938964844,412.8999938964844,404.45001220703125,408.29998779296875,393.4911804199219,5652180.0
2026-05-07,410.45001220703125,411.79998779296875,399.6000061035156,402.8999938964844,388.28704833984375,10362390.0
2026-05-08,403.8999938964844,406.54998779296875,397.6000061035156,404.29998779296875,389.6362609863281,11930810.0
2026-05-11,402.79998779296875,415.45001220703125,396.5,410.6499938964844,395.7559509277344,8534318.0
2026-05-12,411.79998779296875,411.8500061035156,400.0,400.79998779296875,386.2632141113281,6090311.0
2026-05-13,402.0,416.70001220703125,399.6499938964844,413.20001220703125,398.2134704589844,6032427.0
2026-05-14,415.95001220703125,425.1000061035156,415.0,422.3500061035156,407.0316162109375,9290441.0
2026-05-15,424.70001220703125,434.20001220703125,420.95001220703125,430.1499938964844,414.5487060546875,7749990.0
2026-05-18,425.0,434.54998779296875,421.8999938964844,430.8999938964844,415.271484375,12099517.0
2026-05-19,432.0,439.3999938964844,427.25,430.70001220703125,415.0787658691406,5642333.0
2026-05-20,427.5,431.0,424.25,427.8500061035156,412.3321228027344,4234164.0
2026-05-21,431.0,439.1000061035156,429.29998779296875,431.79998779296875,416.13885498046875,7212754.0
2026-05-22,433.0,434.6499938964844,430.1000061035156,432.04998779296875,416.3797912597656,3905979.0
2026-05-25,435.0,442.0,430.04998779296875,438.8500061035156,422.93316650390625,4332999.0
2026-05-26,441.3999938964844,443.04998779296875,430.54998779296875,433.25,417.5362854003906,10396696.0
2026-05-27,433.8500061035156,439.79998779296875,432.5,436.25,420.4274597167969,4909748.0
2026-05-28,436.25,436.25,436.25,436.25,420.4274597167969,0.0
2026-05-29,438.0,449.3999938964844,432.1000061035156,442.04998779296875,426.01708984375,14310382.0
2026-06-01,443.70001220703125,446.3999938964844,429.45001220703125,431.45001220703125,415.80157470703125,9802918.0
2026-06-02,429.20001220703125,431.70001220703125,424.45001220703125,429.1499938964844,413.5849609375,10580065.0
2026-06-03,429.25,433.6000061035156,424.8999938964844,429.20001220703125,413.6331787109375,3891924.0
2026-06-04,427.95001220703125,433.75,425.1000061035156,430.45001220703125,414.83782958984375,5657168.0
2026-06-05,430.0,437.0,428.8500061035156,429.6499938964844,414.06683349609375,4806525.0
2026-06-08,427.0,429.5,423.8500061035156,426.1499938964844,410.69378662109375,6629947.0
2026-06-09,430.0,432.04998779296875,417.95001220703125,419.3999938964844,404.1885986328125,10047596.0
2026-06-10,416.79998779296875,417.70001220703125,408.54998779296875,413.1499938964844,398.165283203125,4202786.0
2026-06-11,411.5,418.75,409.8999938964844,413.0,398.0207214355469,4804711.0
2026-06-12,417.0,424.6000061035156,417.0,421.20001220703125,405.92333984375,4575037.0
2026-06-15,426.1000061035156,426.5,412.20001220703125,413.25,398.26165771484375,6445467.0
2026-06-16,414.0,415.95001220703125,409.70001220703125,411.75,396.8160705566406,6134631.0
2026-06-17,411.95001220703125,418.0,409.0,413.8500061035156,398.83990478515625,8540327.0
2026-06-18,414.0,417.3999938964844,411.20001220703125,414.29998779296875,399.2735595703125,4521472.0
2026-06-19,413.8500061035156,417.79998779296875,409.5,411.20001220703125,396.2860107421875,8098769.0
2026-06-22,415.0,415.95001220703125,410.75,413.3999938964844,398.4062194824219,2321188.0
2026-06-23,413.79998779296875,413.8999938964844,398.95001220703125,400.0,385.4922180175781,6107870.0
2026-06-24,400.0,404.1499938964844,398.0,398.6000061035156,384.14300537109375,5437373.0
2026-06-25,399.79998779296875,403.45001220703125,391.95001220703125,393.54998779296875,379.2761535644531,7861840.0
2026-06-26,393.54998779296875,393.54998779296875,393.54998779296875,393.54998779296875,379.2761535644531,0.0
2026-06-29,394.8999938964844,396.6000061035156,386.3500061035156,394.6499938964844,380.3362731933594,4638379.0
2026-06-30,394.8999938964844,399.0,391.04998779296875,391.70001220703125,377.4932861328125,6895600.0
2026-07-01,391.0,397.95001220703125,380.29998779296875,388.8500061035156,374.74664306640625,7839832.0
2026-07-02,389.0,390.79998779296875,382.1000061035156,383.75,369.83160400390625,3629743.0
2026-07-03,385.25,387.95001220703125,382.1000061035156,383.29998779296875,369.3979187011719,6828283.0
2026-07-06,383.20001220703125,394.20001220703125,383.20001220703125,386.54998779296875,372.530029296875,13687467.0
2026-07-07,387.0,387.3500061035156,375.04998779296875,382.79998779296875,368.9160461425781,18946184.0
2026-07-08,381.0,396.0,378.45001220703125,388.54998779296875,374.4574890136719,15396788.0
2026-07-09,391.45001220703125,399.5,391.1000061035156,398.1499938964844,383.7093200683594,11047205.0
2026-07-10,401.1499938964844,407.8500061035156,395.04998779296875,406.1499938964844,391.4191589355469,5128549.0
2026-07-13,402.25,411.1499938964844,401.6000061035156,409.54998779296875,394.6958312988281,5182694.0
2026-07-14,406.0,409.8500061035156,403.29998779296875,405.25,390.55181884765625,3968907.0
2026-07-15,405.5,410.79998779296875,404.1499938964844,406.8999938964844,392.1419677734375,6262528.0
2026-07-16,407.5,414.8999938964844,405.1000061035156,405.6499938964844,390.9372863769531,3961814.0
2026-07-17,407.0,408.0,401.75,403.5,388.86529541015625,4788472.0
2026-07-20,401.54998779296875,407.75,401.3999938964844,402.0,387.419677734375,3065022.0
2026-07-21,402.25,407.70001220703125,396.5,404.45001220703125,389.7808532714844,2072472.0
2026-07-22,406.5,406.5,393.45001220703125,394.8500061035156,380.5290222167969,2210902.0
2026-07-23,393.20001220703125,398.54998779296875,389.25,390.25,376.0958557128906,3138765.0
2026-07-24,388.1000061035156,396.1000061035156,385.1499938964844,394.6000061035156,380.2880859375,3130489.0
2026-07-27,396.0,397.25,382.5,387.3999938964844,373.3492126464844,3923875.0
2026-07-28,386.75,391.8999938964844,380.70001220703125,381.6000061035156,367.75958251953125,4530171.0
2026-07-29,385.3500061035156,389.3999938964844,380.6000061035156,386.1499938964844,372.1445617675781,3522014.0
2026-07-30,388.1000061035156,396.79998779296875,386.20001220703125,392.8999938964844,378.6497497558594,5966629.0
2026-07-31,394.8999938964844,394.8999938964844,371.3999938964844,391.1000061035156,376.9150390625,8164388.0
2026-08-03,394.0,398.29998779296875,390.1000061035156,395.29998779296875,380.9626770019531,2253714.0
2026-08-04,396.0,396.5,387.1499938964844,390.0,375.85491943359375,3918825.0
2026-08-05,392.3999938964844,393.04998779296875,385.79998779296875,385.8500061035156,371.8554382324219,3522936.0
2026-08-06,386.95001220703125,389.6000061035156,383.29998779296875,383.29998779296875,369.3979187011719,5731783.0
2026-08-07,385.0,386.79998779296875,383.1000061035156,386.0,372.0,3442481.0
2026-08-10,374.0,377.1499938964844,363.5,368.0,368.0,9015128.0
2026-08-11,370.0,377.70001220703125,367.3999938964844,369.3500061035156,369.3500061035156,9925209.0
2026-08-12,370.0,385.20001220703125,369.75,383.3999938964844,383.3999938964844,10079537.0
2026-08-13,383.3999938964844,385.45001220703125,380.3999938964844,383.20001220703125,383.20001220703125,6069020.0
2026-08-14,383.1499938964844,388.54998779296875,379.45001220703125,384.3500061035156,384.3500061035156,5956784.0
2026-08-17,383.79998779296875,385.0,378.8500061035156,380.0,380.0,1415620.0
2026-08-18,378.79998779296875,379.79998779296875,371.5,372.3999938964844,372.3999938964844,4522943.0
2026-08-19,372.3999938964844,373.04998779296875,368.70001220703125,372.3999938964844,372.3999938964844,3330556.0
2026-08-20,373.75,373.8500061035156,367.3500061035156,368.79998779296875,368.79998779296875,3258892.0
2026-08-21,369.70001220703125,377.75,369.54998779296875,375.75,375.75,4157306.0
2026-08-24,377.45001220703125,378.04998779296875,372.8999938964844,374.25,374.25,2142749.0
2026-08-25,374.25,388.6000061035156,374.25,387.25,387.25,6995675.0
2026-08-26,389.3999938964844,389.3999938964844,377.70001220703125,377.70001220703125,377.70001220703125,4874991.0
2026-08-27,379.95001220703125,384.20001220703125,374.29998779296875,379.95001220703125,379.95001220703125,9414509.0
2026-08-28,379.95001220703125,385.70001220703125,378.75,380.0,380.0,1536497.0
2026-08-31,380.0,388.79998779296875,379.0,388.79998779296875,388.79998779296875,5410734.0
2026-09-01,386.0,386.20001220703125,373.0,375.0,375.0,5558555.0
2026-09-02,375.0,380.0,371.95001220703125,379.0,379.0,2707843.0
2026-09-03,380.5,381.29998779296875,373.3500061035156,374.95001220703125,374.95001220703125,4386555.0
2026-09-04,375.0,380.45001220703125,374.1499938964844,376.79998779296875,376.79998779296875,1578193.0
2026-09-07,379.25,383.75,376.0,376.45001220703125,376.45001220703125,4311184.0
2026-09-08,376.45001220703125,376.95001220703125,370.0,373.04998779296875,373.04998779296875,2490099.0
2026-09-09,371.75,376.45001220703125,369.75,373.70001220703125,373.70001220703125,1765333.0
2026-09-10,376.20001220703125,376.20001220703125,368.70001220703125,372.0,372.0,4491149.0
2026-09-11,372.0,390.8500061035156,372.0,388.0,388.0,16707001.0
2026-09-15,390.79998779296875,390.79998779296875,378.70001220703125,379.0,379.0,3806860.0
