date,open,high,low,close,adjclose,volume
2021-09-15,323.0,329.0,322.0,322.54998779296875,316.69573974609375,283378.0
2021-09-16,323.6000061035156,326.8500061035156,321.1499938964844,324.04998779296875,318.1685485839844,388553.0
2021-09-17,325.0,327.0,316.6000061035156,323.25,317.383056640625,381924.0
2021-09-20,320.0,321.6000061035156,312.0,314.0,308.3009338378906,232577.0
2021-09-21,317.20001220703125,317.20001220703125,306.5,309.95001220703125,304.3244323730469,418284.0
2021-09-22,311.6499938964844,315.0,310.29998779296875,312.5,306.828125,174575.0
2021-09-23,315.0,316.95001220703125,311.6499938964844,312.25,306.5826721191406,215719.0
2021-09-24,314.3999938964844,315.45001220703125,308.5,309.3999938964844,303.7843933105469,220166.0
2021-09-27,314.25,318.0,312.45001220703125,315.29998779296875,309.57733154296875,312015.0
2021-09-28,316.5,317.0,310.0,311.70001220703125,306.042724609375,188277.0
2021-09-29,310.0,313.6499938964844,309.29998779296875,309.8500061035156,304.22625732421875,280143.0
2021-09-30,312.8500061035156,313.0,309.0,309.70001220703125,304.0789794921875,173670.0
2021-10-01,309.8999938964844,310.29998779296875,306.0,308.6000061035156,302.99896240234375,175891.0
2021-10-04,311.6499938964844,311.8999938964844,308.75,310.25,304.6189880371094,213000.0
2021-10-05,310.3500061035156,311.79998779296875,308.6000061035156,309.6000061035156,303.9808044433594,190541.0
2021-10-06,310.75,315.79998779296875,309.04998779296875,310.0,304.37353515625,326027.0
2021-10-07,311.8999938964844,314.5,309.0,309.75,304.1280822753906,169000.0
2021-10-08,311.54998779296875,312.6499938964844,309.0,309.6000061035156,303.9808044433594,194898.0
2021-10-11,311.75,312.5,308.6499938964844,309.20001220703125,303.5880432128906,277301.0
2021-10-12,309.1499938964844,311.5,308.0,308.8500061035156,303.2444152832031,194860.0
2021-10-13,308.8500061035156,332.0,307.1000061035156,328.45001220703125,322.4886779785156,1554600.0
2021-10-14,331.79998779296875,344.79998779296875,331.04998779296875,343.3500061035156,337.11822509765625,1707968.0
2021-10-18,348.0,353.95001220703125,335.0,340.6000061035156,334.4181213378906,895336.0
2021-10-19,342.70001220703125,342.70001220703125,321.79998779296875,325.70001220703125,319.7886047363281,808552.0
2021-10-20,325.70001220703125,333.5,318.54998779296875,328.0,322.04681396484375,492111.0
2021-10-21,330.0,333.8999938964844,324.25,331.6499938964844,325.6305847167969,315641.0
2021-10-22,333.8500061035156,353.6499938964844,333.1000061035156,335.6000061035156,329.5089111328125,695141.0
2021-10-25,339.0,340.0,325.0,328.3500061035156,322.3904724121094,293214.0
2021-10-26,328.0,333.8999938964844,328.0,330.25,324.2559814453125,185102.0
2021-10-27,330.25,332.95001220703125,329.0,329.95001220703125,323.96142578125,111452.0
2021-10-28,330.1000061035156,331.6499938964844,318.0,321.20001220703125,315.3702697753906,178644.0
2021-10-29,324.0,348.0,317.1000061035156,335.75,329.6561584472656,954402.0
2021-11-01,319.8999938964844,331.70001220703125,315.0,326.79998779296875,320.8686218261719,441949.0
2021-11-02,329.3999938964844,344.45001220703125,325.0,335.75,329.6561584472656,1105698.0
2021-11-03,335.75,344.6000061035156,332.29998779296875,333.54998779296875,327.4960632324219,605151.0
2021-11-04,340.0,345.3999938964844,338.75,341.6499938964844,335.4490966796875,243898.0
2021-11-08,342.0,342.04998779296875,327.20001220703125,328.95001220703125,322.9796142578125,342484.0
2021-11-09,330.79998779296875,334.70001220703125,327.75,332.1000061035156,326.0724182128906,170690.0
2021-11-10,329.0,333.3999938964844,326.8999938964844,327.75,321.8013916015625,145267.0
2021-11-11,329.0,329.95001220703125,322.0,322.70001220703125,316.8430480957031,162930.0
2021-11-12,325.6000061035156,327.5,321.0,322.54998779296875,316.69573974609375,124574.0
2021-11-15,328.0,328.0,318.0,319.1000061035156,313.30841064453125,201803.0
2021-11-16,321.8999938964844,323.70001220703125,318.0,322.0,316.1557312011719,157026.0
2021-11-17,322.0,324.3500061035156,315.0,315.8999938964844,310.16644287109375,176044.0
2021-11-18,316.1499938964844,318.25,307.5,308.54998779296875,302.9498291015625,235519.0
2021-11-22,309.0,310.04998779296875,297.8999938964844,301.0,295.5368957519531,170399.0
2021-11-23,299.8999938964844,307.3500061035156,296.6000061035156,305.6000061035156,300.05340576171875,127304.0
2021-11-24,308.95001220703125,311.0,304.0,305.25,299.7097473144531,78320.0
2021-11-25,305.29998779296875,319.5,303.3500061035156,314.5,308.7918395996094,245187.0
2021-11-26,310.0,315.8999938964844,307.0,308.6499938964844,303.0480041503906,168582.0
2021-11-29,305.0,305.95001220703125,295.0,299.1499938964844,293.720458984375,401795.0
2021-11-30,298.0,304.3999938964844,289.0,295.79998779296875,290.43121337890625,183013.0
2021-12-01,300.0,303.0,293.0,300.45001220703125,294.9968566894531,495808.0
2021-12-02,300.5,304.95001220703125,300.5,302.25,296.76422119140625,107754.0
2021-12-03,303.6000061035156,306.0,299.20001220703125,300.45001220703125,294.9968566894531,459978.0
2021-12-06,306.0,306.29998779296875,297.0,298.3999938964844,292.98406982421875,217699.0
2021-12-07,299.04998779296875,306.70001220703125,299.04998779296875,303.6000061035156,298.0896911621094,878521.0
2021-12-08,305.95001220703125,317.29998779296875,305.29998779296875,312.75,307.0736389160156,787462.0
2021-12-09,315.79998779296875,318.0,309.1000061035156,310.8999938964844,305.2572021484375,219682.0
2021-12-10,313.79998779296875,316.79998779296875,310.1000061035156,313.45001220703125,307.7609558105469,162706.0
2021-12-13,316.5,318.8999938964844,312.75,317.5,311.7373962402344,195653.0
2021-12-14,315.6499938964844,323.3999938964844,312.6000061035156,321.3500061035156,315.5175476074219,336950.0
2021-12-15,321.3500061035156,324.25,318.3999938964844,321.54998779296875,315.7138977050781,244706.0
2021-12-16,321.54998779296875,323.45001220703125,315.8999938964844,319.6499938964844,313.8484191894531,283501.0
2021-12-17,321.0,321.6000061035156,310.0,314.1499938964844,308.4482116699219,292131.0
2021-12-20,310.0,312.95001220703125,301.0,302.3999938964844,296.9114990234375,247790.0
2021-12-21,300.0,308.3999938964844,300.0,301.8500061035156,296.3714294433594,70041.0
2021-12-22,302.04998779296875,306.5,302.04998779296875,303.6499938964844,298.1387939453125,86245.0
2021-12-23,305.8999938964844,323.0,304.70001220703125,322.1000061035156,316.2539367675781,484460.0
2021-12-24,321.1000061035156,327.6000061035156,317.6000061035156,320.3999938964844,314.58477783203125,335272.0
2021-12-27,319.6499938964844,319.6499938964844,310.1000061035156,315.1000061035156,309.3809814453125,99409.0
2021-12-28,316.0,321.0,314.20001220703125,314.8500061035156,309.1355285644531,96359.0
2021-12-29,314.8500061035156,321.70001220703125,314.8500061035156,318.54998779296875,312.7683410644531,332502.0
2021-12-30,317.5,320.0,314.25,317.95001220703125,312.1792297363281,96390.0
2021-12-31,315.25,319.70001220703125,313.04998779296875,314.0,308.3009338378906,73046.0
2022-01-03,314.0,326.6000061035156,314.0,325.29998779296875,319.39581298828125,378882.0
2022-01-04,325.29998779296875,330.0,320.0,323.54998779296875,317.6775817871094,177124.0
2022-01-05,321.3500061035156,326.3500061035156,318.1000061035156,318.75,312.9647216796875,117155.0
2022-01-06,318.3999938964844,324.29998779296875,315.0,320.29998779296875,314.486572265625,128432.0
2022-01-07,320.29998779296875,326.79998779296875,318.1000061035156,320.70001220703125,314.87933349609375,165699.0
2022-01-10,320.70001220703125,328.3999938964844,320.25,324.0,318.119384765625,184730.0
2022-01-11,326.29998779296875,333.29998779296875,321.0,323.3999938964844,317.53033447265625,337726.0
2022-01-12,323.6000061035156,327.75,319.5,320.54998779296875,314.7320251464844,149845.0
2022-01-13,322.6499938964844,332.45001220703125,321.0,327.54998779296875,321.60498046875,386612.0
2022-01-14,327.04998779296875,336.0,325.0,330.6000061035156,324.5996398925781,369119.0
2022-01-17,330.0,330.0,320.5,321.75,315.9102783203125,218913.0
2022-01-18,323.54998779296875,323.54998779296875,314.0,315.6000061035156,309.8719177246094,191505.0
2022-01-19,315.95001220703125,318.0,311.20001220703125,316.1499938964844,310.4118957519531,162313.0
2022-01-20,316.0,320.8999938964844,310.1000061035156,313.25,307.56451416015625,181050.0
2022-01-21,311.0,315.95001220703125,307.0,310.0,304.37353515625,167329.0
2022-01-24,307.04998779296875,308.6499938964844,296.1000061035156,298.5,293.082275390625,243672.0
2022-01-25,298.5,304.6499938964844,290.0,298.8999938964844,293.4749755859375,152702.0
2022-01-27,297.8999938964844,298.6499938964844,293.8500061035156,295.25,289.8912658691406,157792.0
2022-01-28,300.0,306.95001220703125,298.0,298.95001220703125,293.52410888671875,110509.0
2022-01-31,304.6000061035156,307.04998779296875,299.54998779296875,302.04998779296875,296.56781005859375,109204.0
2022-02-01,306.0,306.3500061035156,297.8999938964844,300.3999938964844,294.9477844238281,138265.0
2022-02-02,302.5,312.5,302.5,310.8999938964844,305.2572021484375,168274.0
2022-02-03,314.0,314.3999938964844,307.54998779296875,312.5,306.828125,144376.0
2022-02-04,312.5,336.20001220703125,305.1000061035156,323.70001220703125,317.82489013671875,1010436.0
2022-02-07,324.0,328.3500061035156,315.79998779296875,322.5,316.6466979980469,250166.0
2022-02-08,326.5,331.0,315.0,327.0,321.06494140625,351054.0
2022-02-09,327.79998779296875,327.79998779296875,322.1000061035156,325.0,319.10125732421875,347066.0
2022-02-10,325.0,330.0,321.20001220703125,325.3999938964844,319.4940185546875,214946.0
2022-02-11,324.79998779296875,329.0,321.3500061035156,324.1000061035156,318.2176208496094,255165.0
2022-02-14,311.0,317.3999938964844,299.8999938964844,302.04998779296875,296.56781005859375,197390.0
2022-02-15,302.04998779296875,317.3500061035156,297.5,314.54998779296875,308.8409423828125,207647.0
2022-02-16,313.95001220703125,320.0,311.0,314.3999938964844,308.6936950683594,199190.0
2022-02-17,314.3999938964844,317.95001220703125,308.25,310.6000061035156,304.962646484375,94812.0
2022-02-18,307.1000061035156,311.29998779296875,305.1000061035156,305.25,299.7097473144531,66995.0
2022-02-21,305.0,305.70001220703125,297.6000061035156,298.45001220703125,293.03314208984375,129551.0
2022-02-22,290.0,297.8999938964844,286.79998779296875,294.3999938964844,289.0566711425781,199329.0
2022-02-23,293.3500061035156,301.1499938964844,290.79998779296875,292.29998779296875,286.9947814941406,104982.0
2022-02-24,286.79998779296875,288.6499938964844,260.0,264.54998779296875,259.7484130859375,264927.0
2022-02-25,273.1499938964844,285.54998779296875,268.0,282.20001220703125,277.078125,296036.0
2022-02-28,278.20001220703125,285.20001220703125,275.0,282.70001220703125,277.56903076171875,267549.0
2022-03-02,285.0,290.0,284.0,285.29998779296875,280.1217956542969,296325.0
2022-03-03,291.04998779296875,291.04998779296875,281.3500061035156,282.70001220703125,277.56903076171875,69140.0
2022-03-04,279.0,283.5,277.1499938964844,280.95001220703125,275.8507995605469,124680.0
2022-03-07,278.0,279.29998779296875,269.04998779296875,270.20001220703125,265.2959289550781,109151.0
2022-03-08,270.0,275.95001220703125,267.04998779296875,271.3999938964844,266.4740905761719,137375.0
2022-03-09,275.0,275.45001220703125,270.1499938964844,272.95001220703125,267.9960021972656,168625.0
2022-03-10,280.0,281.0,273.70001220703125,274.8500061035156,269.86151123046875,132904.0
2022-03-11,274.8500061035156,278.5,272.75,275.95001220703125,270.9415283203125,230247.0
2022-03-14,276.0,278.8500061035156,272.04998779296875,273.5,268.5360107421875,165395.0
2022-03-15,274.1000061035156,280.5,270.0,272.5,267.55413818359375,168771.0
2022-03-16,276.0,279.6499938964844,271.1000061035156,277.04998779296875,272.02154541015625,791196.0
2022-03-17,280.0,287.3999938964844,279.1000061035156,284.54998779296875,279.3854064941406,158323.0
2022-03-21,292.3999938964844,292.3999938964844,281.29998779296875,282.25,277.127197265625,122613.0
2022-03-22,283.5,285.1000061035156,280.1000061035156,282.1000061035156,276.9799499511719,172138.0
2022-03-23,284.8999938964844,285.1499938964844,278.45001220703125,279.8999938964844,274.81982421875,129718.0
2022-03-24,281.70001220703125,282.6000061035156,277.3999938964844,279.1499938964844,274.0834655761719,1121326.0
2022-03-25,280.8999938964844,288.0,279.5,282.25,277.127197265625,747539.0
2022-03-28,284.5,284.5,271.0,272.25,267.3086853027344,881088.0
2022-03-29,275.0,283.3999938964844,270.0,271.75,266.8177795410156,604188.0
2022-03-30,276.0,278.20001220703125,272.0,273.5,268.5360107421875,288696.0
2022-03-31,273.5,275.95001220703125,268.0,269.20001220703125,264.3140563964844,410771.0
2022-04-01,270.20001220703125,284.95001220703125,270.20001220703125,283.20001220703125,278.0599365234375,322705.0
2022-04-04,299.0,299.8500061035156,285.54998779296875,297.8500061035156,292.444091796875,371857.0
2022-04-05,298.0,302.25,295.29998779296875,297.8500061035156,292.444091796875,196963.0
2022-04-06,298.0,306.8500061035156,296.29998779296875,302.6000061035156,297.1078186035156,239203.0
2022-04-07,303.79998779296875,306.95001220703125,294.45001220703125,296.8999938964844,291.51129150390625,204786.0
2022-04-08,300.0,306.70001220703125,297.6000061035156,301.3999938964844,295.9295959472656,193572.0
2022-04-11,300.0,306.0,300.0,303.75,298.2369384765625,116869.0
2022-04-12,300.0,307.70001220703125,298.20001220703125,301.70001220703125,296.22418212890625,176625.0
2022-04-13,304.6499938964844,311.0,301.04998779296875,308.29998779296875,302.7043762207031,141206.0
2022-04-18,310.0,316.0,300.0,301.8500061035156,296.3714294433594,317747.0
2022-04-19,307.0,308.6000061035156,285.3500061035156,297.3999938964844,292.0022277832031,139133.0
2022-04-20,303.0,307.3500061035156,299.8999938964844,302.6000061035156,297.1078186035156,226164.0
2022-04-21,303.0,306.8999938964844,299.6499938964844,301.04998779296875,295.5859680175781,151345.0
2022-04-22,300.0,303.3500061035156,294.0,295.04998779296875,289.69482421875,176713.0
2022-04-25,295.0,296.79998779296875,276.75,279.0,273.9361877441406,520631.0
2022-04-26,285.3999938964844,289.29998779296875,279.25,284.70001220703125,279.53271484375,182782.0
2022-04-27,282.5,292.70001220703125,280.29998779296875,284.75,279.5818176269531,132383.0
2022-04-28,286.1000061035156,287.45001220703125,282.0,282.79998779296875,277.6672058105469,61745.0
2022-04-29,284.04998779296875,288.29998779296875,281.29998779296875,284.6000061035156,279.43450927734375,126995.0
2022-05-02,281.0,285.3500061035156,275.75,278.5,273.44525146484375,117028.0
2022-05-04,281.25,284.95001220703125,272.25,273.70001220703125,268.73236083984375,229864.0
2022-05-05,277.29998779296875,277.75,272.8500061035156,273.3999938964844,268.43780517578125,116526.0
2022-05-06,270.29998779296875,274.79998779296875,267.25,273.3999938964844,268.43780517578125,167187.0
2022-05-09,273.3999938964844,273.3999938964844,265.6499938964844,267.79998779296875,262.939453125,74458.0
2022-05-10,268.45001220703125,270.45001220703125,263.0,264.25,259.453857421875,74754.0
2022-05-11,266.04998779296875,268.95001220703125,243.85000610351562,245.75,241.28964233398438,275522.0
2022-05-12,246.0,248.10000610351562,239.25,242.10000610351562,237.70590209960938,87487.0
2022-05-13,245.10000610351562,251.0,245.10000610351562,247.0,242.5169677734375,43180.0
2022-05-16,251.89999389648438,251.89999389648438,242.0,242.75,238.3441162109375,95576.0
2022-05-17,245.4499969482422,246.35000610351562,241.10000610351562,243.5,239.08050537109375,241523.0
2022-05-18,245.0,253.1999969482422,243.39999389648438,250.64999389648438,246.1007080078125,338120.0
2022-05-19,245.0,247.6999969482422,240.85000610351562,242.0,237.60772705078125,150417.0
2022-05-20,244.10000610351562,253.89999389648438,244.10000610351562,251.5500030517578,246.98440551757812,83123.0
2022-05-23,256.45001220703125,257.45001220703125,248.10000610351562,251.5500030517578,246.98440551757812,71034.0
2022-05-24,251.0,253.14999389648438,246.0,247.9499969482422,243.44973754882812,44755.0
2022-05-25,250.0,251.10000610351562,233.4499969482422,238.9499969482422,234.61305236816406,81138.0
2022-05-26,241.0,242.0500030517578,231.9499969482422,238.8000030517578,234.46580505371094,59396.0
2022-05-27,241.0,246.75,239.1999969482422,243.39999389648438,238.9822998046875,39659.0
2022-05-30,241.0,242.9499969482422,229.85000610351562,232.10000610351562,227.8874053955078,320126.0
2022-05-31,233.10000610351562,245.39999389648438,230.5500030517578,239.64999389648438,235.3003692626953,232132.0
2022-06-01,241.6999969482422,242.5,236.0,237.3000030517578,232.99302673339844,63492.0
2022-06-02,236.0,240.0,235.0,237.3000030517578,232.99302673339844,41619.0
2022-06-03,240.1999969482422,244.9499969482422,235.35000610351562,238.6999969482422,234.36761474609375,98876.0
2022-06-06,239.0,239.0,234.0,234.3000030517578,230.04747009277344,52029.0
2022-06-07,234.3000030517578,237.85000610351562,232.0,232.4499969482422,228.23106384277344,53299.0
2022-06-08,235.10000610351562,237.14999389648438,229.89999389648438,230.4499969482422,226.26734924316406,113877.0
2022-06-09,230.4499969482422,236.10000610351562,230.4499969482422,232.35000610351562,228.1328582763672,64241.0
2022-06-10,231.85000610351562,231.9499969482422,228.5500030517578,229.3000030517578,225.13824462890625,105815.0
2022-06-13,228.89999389648438,229.1999969482422,224.5,224.9499969482422,220.8671875,121414.0
2022-06-14,224.35000610351562,226.89999389648438,223.9499969482422,224.1999969482422,220.13076782226562,28292.0
2022-06-15,226.25,227.25,224.5,226.39999389648438,222.2908477783203,34823.0
2022-06-16,227.89999389648438,229.35000610351562,215.0500030517578,217.39999389648438,213.45419311523438,81918.0
2022-06-17,219.0,219.0,203.75,205.9499969482422,202.21202087402344,175170.0
2022-06-20,208.0,222.8000030517578,200.75,216.1999969482422,212.27597045898438,249900.0
2022-06-21,218.0,242.5500030517578,217.1999969482422,239.3000030517578,234.95672607421875,327492.0
2022-06-22,237.0,250.89999389648438,234.0,241.5500030517578,237.16590881347656,220222.0
2022-06-23,242.89999389648438,248.9499969482422,237.35000610351562,242.5,238.09864807128906,71476.0
2022-06-24,242.6999969482422,247.25,234.0500030517578,236.89999389648438,232.6002960205078,49964.0
2022-06-27,241.0,249.0,240.0,247.0,242.5169677734375,88360.0
2022-06-28,247.0,254.9499969482422,244.0,249.0,244.48068237304688,167580.0
2022-06-29,249.39999389648438,249.9499969482422,244.4499969482422,248.60000610351562,244.0879364013672,29042.0
2022-06-30,249.0,250.4499969482422,241.0500030517578,243.0500030517578,238.638671875,43523.0
2022-07-01,242.89999389648438,246.5,240.89999389648438,245.1999969482422,240.7496337890625,41702.0
2022-07-04,245.1999969482422,252.1999969482422,245.1999969482422,249.3000030517578,244.77523803710938,38989.0
2022-07-05,249.0500030517578,252.0,247.6999969482422,250.5,245.95346069335938,44054.0
2022-07-06,250.5,267.3999938964844,250.10000610351562,265.1499938964844,260.3375244140625,204834.0
2022-07-07,266.0,274.8999938964844,262.5,273.25,268.2904968261719,476806.0
2022-07-08,276.5,281.79998779296875,273.8999938964844,275.8999938964844,270.8924560546875,214572.0
2022-07-11,274.8999938964844,275.6000061035156,271.25,274.95001220703125,269.95965576171875,70182.0
2022-07-12,272.0,273.5,265.20001220703125,266.75,261.9085388183594,53972.0
2022-07-13,274.0,274.0,256.1499938964844,258.95001220703125,254.25010681152344,68041.0
2022-07-14,259.79998779296875,269.0,256.0,265.25,260.43572998046875,75074.0
2022-07-15,265.95001220703125,269.8999938964844,258.8500061035156,264.70001220703125,259.8957214355469,49958.0
2022-07-18,265.1000061035156,266.5,261.1000061035156,264.20001220703125,259.40484619140625,28117.0
2022-07-19,263.95001220703125,272.6000061035156,263.54998779296875,266.1000061035156,261.2702941894531,59421.0
2022-07-20,266.20001220703125,273.0,266.20001220703125,271.79998779296875,266.8668212890625,120215.0
2022-07-21,271.79998779296875,277.8500061035156,270.8500061035156,275.79998779296875,270.7942199707031,59770.0
2022-07-22,274.20001220703125,279.5,274.1499938964844,276.45001220703125,271.4324645996094,65175.0
2022-07-25,276.5,276.5,262.0,263.6499938964844,258.8647766113281,75650.0
2022-07-26,268.45001220703125,272.3999938964844,263.04998779296875,270.29998779296875,265.39404296875,43506.0
2022-07-27,271.45001220703125,306.8999938964844,270.3500061035156,295.1000061035156,289.74395751953125,231707.0
2022-07-28,293.0,304.1000061035156,286.0,298.25,292.8368225097656,351025.0
2022-07-29,298.25,305.95001220703125,293.04998779296875,295.95001220703125,290.5785217285156,211389.0
2022-08-01,301.0,304.95001220703125,291.79998779296875,296.70001220703125,291.31494140625,255284.0
2022-08-02,295.0,303.0,290.3500061035156,297.1000061035156,291.70770263671875,190852.0
2022-08-03,295.04998779296875,297.20001220703125,285.0,286.5,281.300048828125,106540.0
2022-08-04,290.0,294.29998779296875,281.0,283.1000061035156,277.9617614746094,111154.0
2022-08-05,284.8999938964844,285.5,278.0,278.8500061035156,273.78887939453125,61105.0
2022-08-08,280.0,286.5,280.0,285.0,279.8272399902344,321157.0
2022-08-10,283.3999938964844,285.45001220703125,279.95001220703125,281.1000061035156,275.998046875,51985.0
2022-08-11,284.29998779296875,285.95001220703125,280.0,282.1000061035156,277.72088623046875,144578.0
2022-08-12,282.1000061035156,284.0,279.0,280.3999938964844,276.0472717285156,35647.0
2022-08-16,280.5,286.8999938964844,280.5,283.1000061035156,278.7053527832031,81381.0
2022-08-17,284.25,287.0,282.0,283.3500061035156,278.95147705078125,95640.0
2022-08-18,286.0,286.0,280.79998779296875,282.25,277.8685607910156,81554.0
2022-08-19,282.29998779296875,291.1000061035156,275.8500061035156,284.95001220703125,280.52667236328125,197205.0
2022-08-22,283.95001220703125,284.0,279.3500061035156,281.25,276.88409423828125,53193.0
2022-08-23,281.25,288.79998779296875,278.3500061035156,284.1000061035156,279.6898498535156,107548.0
2022-08-24,283.54998779296875,284.5,280.0,281.8500061035156,277.47479248046875,55471.0
2022-08-25,282.0,285.3999938964844,281.25,282.0,277.6224670410156,57725.0
2022-08-26,284.75,288.0,283.79998779296875,285.25,280.8219909667969,111349.0
2022-08-29,275.0,281.5,274.1000061035156,280.3500061035156,275.998046875,269320.0
2022-08-30,283.8999938964844,286.0,281.6000061035156,283.95001220703125,279.5422058105469,69557.0
2022-09-01,277.79998779296875,292.0,276.1000061035156,289.3999938964844,284.9075622558594,113648.0
2022-09-02,291.0,293.70001220703125,277.6000061035156,279.95001220703125,275.6042785644531,107374.0
2022-09-05,283.0,283.95001220703125,278.1000061035156,279.25,274.9151611328125,87037.0
2022-09-06,280.1499938964844,282.3500061035156,274.0,274.95001220703125,270.681884765625,97697.0
2022-09-07,275.20001220703125,278.0,275.0,275.79998779296875,271.5187072753906,40928.0
2022-09-08,279.0,285.0,277.3999938964844,280.8999938964844,276.53948974609375,85794.0
2022-09-09,284.0,284.0,275.45001220703125,276.75,272.4539489746094,73538.0
2022-09-12,280.8999938964844,282.0,278.0,280.0,275.65350341796875,149105.0
2022-09-13,283.70001220703125,283.95001220703125,279.04998779296875,279.8500061035156,275.5058288574219,69259.0
2022-09-14,275.0,290.0,275.0,284.1000061035156,279.6898498535156,1485160.0
2022-09-15,289.0,314.5,286.6000061035156,308.8500061035156,304.0556640625,2769898.0
2022-09-16,312.6000061035156,321.0,301.54998779296875,306.45001220703125,301.6929016113281,1274448.0
2022-09-19,308.5,311.3999938964844,301.54998779296875,304.20001220703125,299.47784423828125,262347.0
2022-09-20,308.0,319.8999938964844,306.29998779296875,315.8999938964844,310.9961853027344,887331.0
2022-09-21,317.45001220703125,325.70001220703125,310.0,315.75,310.8485412597656,1182826.0
2022-09-22,313.1499938964844,325.0,311.1000061035156,323.75,318.7243347167969,680452.0
2022-09-23,327.45001220703125,329.79998779296875,306.04998779296875,307.0,302.2343444824219,921346.0
2022-09-26,304.79998779296875,306.70001220703125,285.0,288.95001220703125,284.4645690917969,457531.0
2022-09-27,295.0,298.0,287.54998779296875,293.1000061035156,288.5501708984375,201550.0
2022-09-28,290.6000061035156,291.25,282.25,284.45001220703125,280.0344543457031,148617.0
2022-09-29,288.3999938964844,292.1000061035156,278.0,280.45001220703125,276.0965270996094,274291.0
2022-09-30,280.3999938964844,287.6000061035156,276.0,285.3999938964844,280.96966552734375,179012.0
2022-10-03,285.0,285.3999938964844,275.04998779296875,277.04998779296875,272.749267578125,137061.0
2022-10-04,282.5,291.95001220703125,282.5,290.79998779296875,286.28582763671875,202625.0
2022-10-06,295.25,297.5,291.6499938964844,292.8999938964844,288.35321044921875,119662.0
2022-10-07,294.6499938964844,302.54998779296875,292.0,299.1000061035156,294.4570007324219,196931.0
2022-10-10,297.0,302.8500061035156,291.3999938964844,293.95001220703125,289.3869323730469,197577.0
2022-10-11,295.95001220703125,304.70001220703125,291.1000061035156,294.1000061035156,289.5346374511719,201348.0
2022-10-12,296.70001220703125,297.3999938964844,286.54998779296875,292.75,288.2055358886719,158565.0
2022-10-13,294.54998779296875,294.54998779296875,280.70001220703125,284.45001220703125,280.0344543457031,137103.0
2022-10-14,289.8999938964844,293.0,279.5,281.04998779296875,276.6871643066406,110903.0
2022-10-17,280.0,283.1000061035156,278.0,279.8500061035156,275.5058288574219,68424.0
2022-10-18,280.0,284.6000061035156,279.70001220703125,281.29998779296875,276.9333190917969,92999.0
2022-10-19,283.20001220703125,283.5,277.0,278.45001220703125,274.1275634765625,58787.0
2022-10-20,276.0,280.0,274.79998779296875,276.6499938964844,272.35546875,84920.0
2022-10-21,278.6499938964844,282.20001220703125,270.0,271.1499938964844,266.94085693359375,96744.0
2022-10-24,275.0,278.25,270.1000061035156,274.8999938964844,270.6326599121094,49023.0
2022-10-25,276.8500061035156,276.8500061035156,266.5,268.3500061035156,264.18438720703125,98996.0
2022-10-27,271.6499938964844,272.0,264.70001220703125,267.8500061035156,263.6921081542969,104090.0
2022-10-28,268.95001220703125,269.8500061035156,265.0,266.1000061035156,261.9692687988281,54385.0
2022-10-31,268.79998779296875,270.75,265.45001220703125,269.75,265.5625915527344,114788.0
2022-11-01,271.6000061035156,271.6000061035156,262.0,262.79998779296875,258.720458984375,190472.0
2022-11-02,264.8999938964844,266.45001220703125,260.54998779296875,262.95001220703125,258.8681640625,121109.0
2022-11-03,262.0,265.8500061035156,260.70001220703125,261.54998779296875,257.4898681640625,113295.0
2022-11-04,261.0,266.25,260.8999938964844,264.95001220703125,260.83709716796875,91444.0
2022-11-07,266.0,273.70001220703125,265.5,271.95001220703125,267.72845458984375,178176.0
2022-11-09,271.0,271.0,266.8999938964844,267.95001220703125,263.79052734375,131768.0
2022-11-10,267.6499938964844,272.8999938964844,266.5,268.20001220703125,264.03668212890625,67115.0
2022-11-11,270.95001220703125,273.0,266.1000061035156,271.45001220703125,267.2362060546875,114018.0
2022-11-14,265.0,267.29998779296875,261.0,263.1499938964844,259.0650634765625,155484.0
2022-11-15,263.8999938964844,268.0,258.0,265.79998779296875,261.6739196777344,66146.0
2022-11-16,266.95001220703125,268.45001220703125,263.3999938964844,264.5,260.3940734863281,95753.0
2022-11-17,263.0,265.3500061035156,258.1000061035156,260.1499938964844,256.11163330078125,76383.0
2022-11-18,261.20001220703125,262.25,254.0500030517578,255.35000610351562,251.38613891601562,77013.0
2022-11-21,257.0,257.0,241.0,242.3000030517578,238.53871154785156,216244.0
2022-11-22,242.0500030517578,245.1999969482422,241.0,242.5,238.73561096191406,65961.0
2022-11-23,244.0,253.85000610351562,243.85000610351562,250.5,246.61143493652344,122345.0
2022-11-24,252.4499969482422,255.10000610351562,246.8000030517578,249.89999389648438,246.02073669433594,81627.0
2022-11-25,249.89999389648438,253.0,248.0,250.1999969482422,246.31607055664062,63447.0
2022-11-28,250.0,258.0,248.9499969482422,256.79998779296875,252.8135986328125,109138.0
2022-11-29,258.45001220703125,259.3999938964844,252.10000610351562,253.75,249.8109893798828,117026.0
2022-11-30,255.75,255.8000030517578,251.0,252.6999969482422,248.77725219726562,65238.0
2022-12-01,254.6999969482422,257.6000061035156,253.25,254.89999389648438,250.943115234375,67352.0
2022-12-02,256.3999938964844,258.8999938964844,254.89999389648438,258.0,253.99497985839844,115428.0
2022-12-05,260.0,265.70001220703125,260.0,264.04998779296875,259.9510498046875,157095.0
2022-12-06,264.5,267.0,261.6000061035156,264.3500061035156,260.2464294433594,93606.0
2022-12-07,265.45001220703125,265.5,257.0,257.95001220703125,253.94580078125,74093.0
2022-12-08,260.0,262.1499938964844,256.29998779296875,260.29998779296875,256.25927734375,59130.0
2022-12-09,258.0,263.20001220703125,256.1000061035156,258.70001220703125,254.68414306640625,91051.0
2022-12-12,258.70001220703125,262.0,256.54998779296875,259.29998779296875,255.2747802734375,57011.0
2022-12-13,259.29998779296875,267.0,258.3999938964844,265.3500061035156,261.2309265136719,176788.0
2022-12-14,268.0,268.0,263.0,263.8500061035156,259.75421142578125,60443.0
2022-12-15,261.20001220703125,266.6499938964844,260.1499938964844,262.79998779296875,258.720458984375,90450.0
2022-12-16,260.8999938964844,264.95001220703125,253.6999969482422,256.25,252.2721710205078,86337.0
2022-12-19,258.3999938964844,258.3999938964844,255.0,256.25,252.2721710205078,36096.0
2022-12-20,255.0,256.95001220703125,253.0,255.5500030517578,251.58303833007812,32200.0
2022-12-21,259.0,259.0,245.39999389648438,247.75,243.9041290283203,56103.0
2022-12-22,247.75,249.39999389648438,235.25,241.4499969482422,237.701904296875,89733.0
2022-12-23,239.0,240.8000030517578,229.0,230.39999389648438,226.82345581054688,102768.0
2022-12-26,233.39999389648438,242.64999389648438,229.6999969482422,240.10000610351562,236.3728790283203,50871.0
2022-12-27,240.10000610351562,244.5,238.10000610351562,242.0,238.24337768554688,46624.0
2022-12-28,248.9499969482422,269.3999938964844,247.0,263.3999938964844,259.3111877441406,2068469.0
2022-12-29,263.0,263.95001220703125,252.0,253.60000610351562,249.66331481933594,272229.0
2022-12-30,257.45001220703125,257.45001220703125,251.0,251.85000610351562,247.9404754638672,89207.0
2023-01-02,252.75,253.14999389648438,245.35000610351562,248.85000610351562,244.987060546875,117273.0
2023-01-03,250.89999389648438,253.89999389648438,247.4499969482422,249.14999389648438,245.28237915039062,83218.0
2023-01-04,246.8000030517578,249.1999969482422,243.5500030517578,244.1999969482422,240.40921020507812,120910.0
2023-01-05,253.0,253.0,243.6999969482422,249.9499969482422,246.0699462890625,130939.0
2023-01-06,245.35000610351562,250.5,240.0,241.85000610351562,238.095703125,149520.0
2023-01-09,244.8000030517578,245.1999969482422,241.0,241.64999389648438,237.89878845214844,49072.0
2023-01-10,244.0,245.0,242.0,243.25,239.47396850585938,40474.0
2023-01-11,244.6999969482422,246.10000610351562,241.0,242.39999389648438,238.6371612548828,47455.0
2023-01-12,241.0500030517578,244.4499969482422,240.60000610351562,243.1999969482422,239.42474365234375,47194.0
2023-01-13,244.39999389648438,244.39999389648438,239.60000610351562,240.64999389648438,236.91432189941406,90647.0
2023-01-16,243.9499969482422,244.9499969482422,242.0,242.85000610351562,239.0802001953125,38055.0
2023-01-17,244.89999389648438,249.0,243.5500030517578,244.89999389648438,241.09835815429688,101681.0
2023-01-18,248.0,248.0,243.5,245.4499969482422,241.63983154296875,37510.0
2023-01-19,247.75,247.75,242.14999389648438,243.0,239.2278594970703,53665.0
2023-01-20,243.0,244.1999969482422,241.4499969482422,243.0,239.2278594970703,25378.0
2023-01-23,244.75,247.1999969482422,240.10000610351562,240.85000610351562,237.11123657226562,62559.0
2023-01-24,242.9499969482422,242.9499969482422,234.0,234.9499969482422,231.30279541015625,129525.0
2023-01-25,236.75,236.75,230.3000030517578,233.25,229.62921142578125,47282.0
2023-01-27,234.8000030517578,235.0,225.4499969482422,231.64999389648438,228.0540313720703,75411.0
2023-01-30,232.9499969482422,236.5500030517578,228.25,230.85000610351562,227.26644897460938,84153.0
2023-01-31,233.10000610351562,234.64999389648438,229.8000030517578,233.1999969482422,229.57997131347656,52098.0
2023-02-01,235.4499969482422,239.60000610351562,230.35000610351562,233.64999389648438,230.02297973632812,59423.0
2023-02-02,234.4499969482422,234.85000610351562,227.5,228.64999389648438,225.10060119628906,69249.0
2023-02-03,230.85000610351562,230.85000610351562,223.0,224.10000610351562,220.62124633789062,67441.0
2023-02-06,222.0,224.0,221.0,222.35000610351562,218.89840698242188,68834.0
2023-02-07,224.5,224.5,216.0,217.39999389648438,214.02523803710938,128930.0
2023-02-08,218.89999389648438,223.9499969482422,217.5500030517578,222.4499969482422,218.9968719482422,99235.0
2023-02-09,222.5,223.5,217.60000610351562,220.10000610351562,216.683349609375,109662.0
2023-02-10,221.60000610351562,223.0,219.25,221.75,218.3077392578125,30496.0
2023-02-13,223.0,227.9499969482422,221.0,222.64999389648438,219.19374084472656,85119.0
2023-02-14,223.4499969482422,223.4499969482422,216.89999389648438,218.1999969482422,214.8128204345703,37214.0
2023-02-15,219.60000610351562,220.60000610351562,217.6999969482422,219.60000610351562,216.19110107421875,61393.0
2023-02-16,221.5500030517578,222.5500030517578,220.0,220.39999389648438,216.97866821289062,39992.0
2023-02-17,221.0,222.0,218.0,218.9499969482422,215.55117797851562,50199.0
2023-02-20,218.9499969482422,220.64999389648438,211.60000610351562,215.4499969482422,212.1055145263672,122095.0
2023-02-21,214.0500030517578,217.1999969482422,214.0500030517578,215.10000610351562,211.76095581054688,30420.0
2023-02-22,215.0,215.0,207.60000610351562,209.14999389648438,205.90330505371094,104077.0
2023-02-23,210.75,212.4499969482422,208.39999389648438,210.6999969482422,207.42926025390625,70730.0
2023-02-24,210.6999969482422,213.9499969482422,207.1999969482422,210.0,206.74012756347656,65518.0
2023-02-27,212.0500030517578,212.0500030517578,206.10000610351562,208.8000030517578,205.55874633789062,41607.0
2023-02-28,209.39999389648438,211.5,208.0,210.0,206.74012756347656,46734.0
2023-03-01,210.64999389648438,220.0,210.4499969482422,219.35000610351562,215.9449920654297,103419.0
2023-03-02,220.0500030517578,220.89999389648438,215.10000610351562,215.64999389648438,212.30239868164062,63929.0
2023-03-03,216.9499969482422,218.0,215.0,216.4499969482422,213.08999633789062,53566.0
2023-03-06,217.0,221.0,217.0,217.85000610351562,214.46826171875,101468.0
2023-03-08,220.0,222.4499969482422,217.25,221.5500030517578,218.11082458496094,79957.0
2023-03-09,223.0,225.14999389648438,218.39999389648438,219.8000030517578,216.38800048828125,57575.0
2023-03-10,219.0,220.9499969482422,212.0,214.60000610351562,211.26870727539062,116241.0
2023-03-13,215.6999969482422,215.75,203.1999969482422,204.9499969482422,201.7685089111328,165703.0
2023-03-14,206.0,208.60000610351562,204.0,204.89999389648438,201.7192840576172,113631.0
2023-03-15,206.85000610351562,209.4499969482422,200.89999389648438,202.10000610351562,198.96275329589844,658158.0
2023-03-16,202.9499969482422,205.0,197.4499969482422,203.8000030517578,200.63636779785156,94553.0
2023-03-17,205.75,207.9499969482422,202.3000030517578,204.14999389648438,200.98092651367188,468261.0
2023-03-20,204.5,205.89999389648438,201.85000610351562,203.5500030517578,200.39024353027344,75886.0
2023-03-21,206.60000610351562,207.64999389648438,204.0500030517578,206.0,202.80221557617188,270017.0
2023-03-22,206.3000030517578,212.6999969482422,204.8000030517578,210.0,206.74012756347656,1459736.0
2023-03-23,211.9499969482422,218.5,208.0,215.0500030517578,211.7117156982422,833798.0
2023-03-24,215.0500030517578,217.10000610351562,205.8000030517578,207.64999389648438,204.4265899658203,156015.0
2023-03-27,207.0,208.0,200.0,202.60000610351562,199.45498657226562,174876.0
2023-03-28,203.6999969482422,204.6999969482422,197.75,200.64999389648438,197.53526306152344,166334.0
2023-03-29,202.5,211.8000030517578,201.35000610351562,207.5500030517578,204.32814025878906,296030.0
2023-03-31,207.64999389648438,213.39999389648438,206.25,207.85000610351562,204.6234893798828,161621.0
2023-04-03,208.89999389648438,216.0,208.89999389648438,214.35000610351562,211.02259826660156,73165.0
2023-04-05,216.4499969482422,217.4499969482422,214.6999969482422,216.39999389648438,213.040771484375,71665.0
2023-04-06,217.5,219.9499969482422,214.60000610351562,216.5,213.1392059326172,99817.0
2023-04-10,217.60000610351562,218.6999969482422,212.5,213.75,210.43190002441406,71881.0
2023-04-11,214.89999389648438,216.1999969482422,213.3000030517578,215.0500030517578,211.7117156982422,246630.0
2023-04-12,216.39999389648438,221.8000030517578,215.35000610351562,221.1999969482422,217.7662353515625,106157.0
2023-04-13,223.35000610351562,223.35000610351562,216.0,217.4499969482422,214.074462890625,70629.0
2023-04-17,217.64999389648438,220.3000030517578,214.5,217.85000610351562,214.46826171875,68452.0
2023-04-18,218.0,221.1999969482422,218.0,219.6999969482422,216.28953552246094,49372.0
2023-04-19,220.0,224.5,219.1999969482422,221.8000030517578,218.35694885253906,87646.0
2023-04-20,222.0,225.39999389648438,218.5500030517578,222.1999969482422,218.750732421875,116150.0
2023-04-21,224.8000030517578,224.8000030517578,214.60000610351562,218.75,215.3542938232422,110538.0
2023-04-24,217.0500030517578,220.75,216.0,218.4499969482422,215.05892944335938,37168.0
2023-04-25,218.4499969482422,219.4499969482422,216.8000030517578,217.75,214.3698272705078,50886.0
2023-04-26,219.8000030517578,223.89999389648438,216.89999389648438,219.85000610351562,216.43724060058594,59923.0
2023-04-27,220.10000610351562,222.5500030517578,215.89999389648438,217.75,214.3698272705078,68012.0
2023-04-28,219.85000610351562,222.0,217.8000030517578,221.8000030517578,218.35694885253906,89588.0
2023-05-02,222.0500030517578,226.1999969482422,222.0500030517578,224.0,220.5227813720703,102789.0
2023-05-03,225.5,225.89999389648438,222.4499969482422,222.75,219.29220581054688,30148.0
2023-05-04,225.0,225.85000610351562,223.0500030517578,225.14999389648438,221.65492248535156,35892.0
2023-05-05,226.0,232.89999389648438,224.0500030517578,227.64999389648438,224.11611938476562,186373.0
2023-05-08,227.64999389648438,229.39999389648438,219.9499969482422,221.39999389648438,217.963134765625,89289.0
2023-05-09,224.39999389648438,224.39999389648438,218.5500030517578,219.0500030517578,215.64962768554688,92472.0
2023-05-10,221.25,221.4499969482422,218.39999389648438,219.10000610351562,215.69886779785156,35144.0
2023-05-11,221.0,221.0,217.89999389648438,218.4499969482422,215.05892944335938,63129.0
2023-05-12,218.60000610351562,220.1999969482422,217.1999969482422,217.4499969482422,214.074462890625,47080.0
2023-05-15,218.5500030517578,219.35000610351562,216.35000610351562,218.5,215.10818481445312,31577.0
2023-05-16,218.0500030517578,220.0,216.10000610351562,217.5,214.1237030029297,61911.0
2023-05-17,219.5,220.25,216.60000610351562,219.8000030517578,216.38800048828125,50413.0
2023-05-18,221.0,221.5,218.0,218.75,215.3542938232422,65927.0
2023-05-19,221.89999389648438,221.89999389648438,217.8000030517578,219.0,215.6004180908203,36225.0
2023-05-22,219.4499969482422,220.5,217.8000030517578,218.6999969482422,215.3050537109375,39915.0
2023-05-23,216.75,220.5,216.75,218.64999389648438,215.25584411621094,33059.0
2023-05-24,219.75,225.0,218.10000610351562,223.1999969482422,219.73521423339844,93627.0
2023-05-25,221.10000610351562,224.8000030517578,220.9499969482422,223.6999969482422,220.22744750976562,31836.0
2023-05-26,224.8000030517578,225.10000610351562,220.0,223.0500030517578,219.58753967285156,40211.0
2023-05-29,223.60000610351562,224.35000610351562,220.6999969482422,221.5,218.0615997314453,47109.0
2023-05-30,221.89999389648438,225.0,218.0500030517578,219.60000610351562,216.19110107421875,59956.0
2023-05-31,216.5,220.89999389648438,216.5,217.9499969482422,214.5666961669922,94350.0
2023-06-01,217.9499969482422,224.35000610351562,217.0,218.1999969482422,214.8128204345703,88470.0
2023-06-02,219.0,222.5500030517578,218.64999389648438,221.5500030517578,218.11082458496094,62016.0
2023-06-05,219.39999389648438,224.0,219.39999389648438,222.6999969482422,219.2429656982422,92225.0
2023-06-06,222.9499969482422,233.5500030517578,222.9499969482422,230.6999969482422,227.1187744140625,357171.0
2023-06-07,233.89999389648438,239.5,228.85000610351562,230.64999389648438,227.06956481933594,163688.0
2023-06-08,232.14999389648438,232.14999389648438,226.5500030517578,229.5500030517578,225.98663330078125,66968.0
2023-06-09,231.0,231.60000610351562,226.35000610351562,226.9499969482422,223.42698669433594,55282.0
2023-06-12,228.14999389648438,228.6999969482422,225.60000610351562,226.10000610351562,222.59019470214844,46378.0
2023-06-13,229.4499969482422,231.89999389648438,226.0,227.10000610351562,223.57467651367188,102609.0
2023-06-14,229.35000610351562,230.89999389648438,225.64999389648438,226.6999969482422,223.18089294433594,59317.0
2023-06-15,227.0,235.4499969482422,227.0,232.3000030517578,228.69395446777344,165407.0
2023-06-16,232.5,234.1999969482422,232.0,232.75,229.136962890625,91904.0
2023-06-19,232.75,234.3000030517578,227.10000610351562,228.0500030517578,224.5099334716797,111121.0
2023-06-20,229.4499969482422,230.75,224.25,225.75,222.24562072753906,105695.0
2023-06-21,227.1999969482422,232.60000610351562,226.0,229.64999389648438,226.08509826660156,94275.0
2023-06-22,229.89999389648438,230.35000610351562,225.0500030517578,225.64999389648438,222.1471710205078,70025.0
2023-06-23,227.89999389648438,227.89999389648438,222.14999389648438,223.89999389648438,220.42434692382812,61288.0
2023-06-26,226.9499969482422,226.9499969482422,217.0,220.1999969482422,216.78176879882812,66749.0
2023-06-27,221.5,222.9499969482422,219.60000610351562,220.75,217.3232421875,75848.0
2023-06-28,222.0,224.9499969482422,220.0,220.4499969482422,217.02789306640625,57248.0
2023-06-30,220.4499969482422,222.60000610351562,217.0,218.1999969482422,214.8128204345703,74010.0
2023-07-03,218.35000610351562,221.14999389648438,218.25,219.85000610351562,216.43724060058594,73250.0
2023-07-04,220.5500030517578,222.89999389648438,219.0,219.4499969482422,216.0434112548828,47420.0
2023-07-05,221.39999389648438,223.39999389648438,220.0,221.0,217.56936645507812,77465.0
2023-07-06,224.3000030517578,229.0500030517578,221.64999389648438,223.64999389648438,220.17822265625,132563.0
2023-07-07,224.64999389648438,225.4499969482422,220.75,221.8000030517578,218.35694885253906,74885.0
2023-07-10,221.8000030517578,223.10000610351562,219.5,220.25,216.8310089111328,40543.0
2023-07-11,223.8000030517578,224.8000030517578,220.5,222.0,218.55384826660156,81870.0
2023-07-12,222.1999969482422,224.1999969482422,220.0500030517578,221.64999389648438,218.20925903320312,56766.0
2023-07-13,222.0500030517578,223.35000610351562,218.0,219.5,216.0926513671875,100324.0
2023-07-14,221.0,221.64999389648438,218.0,219.75,216.33876037597656,77977.0
2023-07-17,220.5,222.4499969482422,219.64999389648438,220.25,216.8310089111328,75736.0
2023-07-18,221.75,222.0,219.0500030517578,220.0,216.5848846435547,62468.0
2023-07-19,220.4499969482422,228.4499969482422,218.9499969482422,226.1999969482422,222.6886444091797,151828.0
2023-07-20,229.39999389648438,230.0,223.60000610351562,224.4499969482422,220.96580505371094,66872.0
2023-07-21,224.4499969482422,225.1999969482422,222.0,222.35000610351562,218.89840698242188,42875.0
2023-07-24,222.0500030517578,226.10000610351562,222.0500030517578,223.8000030517578,220.32589721679688,70349.0
2023-07-25,223.85000610351562,225.75,219.39999389648438,219.64999389648438,216.24032592773438,115304.0
2023-07-26,220.64999389648438,221.4499969482422,219.6999969482422,220.10000610351562,216.683349609375,124779.0
2023-07-27,220.10000610351562,222.14999389648438,218.64999389648438,219.0,215.6004180908203,78586.0
2023-07-28,219.5,221.25,218.4499969482422,218.89999389648438,215.501953125,55319.0
2023-07-31,219.9499969482422,224.0,219.9499969482422,221.8000030517578,218.35694885253906,104110.0
2023-08-01,212.35000610351562,217.8000030517578,211.0,215.60000610351562,212.25320434570312,376709.0
2023-08-02,215.60000610351562,219.3000030517578,212.0500030517578,214.64999389648438,211.31793212890625,123483.0
2023-08-03,216.64999389648438,216.9499969482422,210.0500030517578,211.8000030517578,208.51219177246094,151962.0
2023-08-04,213.0,215.0,210.5,211.85000610351562,208.5614013671875,104152.0
2023-08-07,211.8000030517578,213.5500030517578,210.0,211.0500030517578,207.77383422851562,112223.0
2023-08-08,211.8000030517578,212.6999969482422,210.3000030517578,211.64999389648438,208.36448669433594,69741.0
2023-08-09,211.64999389648438,212.39999389648438,209.60000610351562,210.4499969482422,207.18313598632812,155718.0
2023-08-10,210.0,212.6999969482422,209.14999389648438,210.14999389648438,206.8877716064453,87822.0
2023-08-11,211.8000030517578,222.0,210.0500030517578,217.3000030517578,213.9268035888672,389634.0
2023-08-14,217.3000030517578,218.4499969482422,213.25,217.75,214.3698272705078,82000.0
2023-08-16,218.10000610351562,222.5,217.0,218.75,215.3542938232422,120916.0
2023-08-17,219.0,221.39999389648438,214.0,215.9499969482422,213.32916259765625,73857.0
2023-08-18,215.9499969482422,216.89999389648438,210.0500030517578,211.75,209.1801300048828,118562.0
2023-08-21,212.9499969482422,217.9499969482422,212.0500030517578,217.0,214.36642456054688,81455.0
2023-08-22,217.14999389648438,220.0,215.14999389648438,217.14999389648438,214.51461791992188,79310.0
2023-08-23,217.14999389648438,218.89999389648438,215.10000610351562,215.5,212.8846435546875,50801.0
2023-08-24,216.0500030517578,218.4499969482422,215.3000030517578,215.9499969482422,213.32916259765625,93956.0
2023-08-25,216.35000610351562,217.4499969482422,211.3000030517578,212.1999969482422,209.62469482421875,93324.0
2023-08-28,212.1999969482422,217.0500030517578,212.1999969482422,214.5500030517578,211.94618225097656,109310.0
2023-08-29,214.89999389648438,257.45001220703125,214.89999389648438,255.9499969482422,252.84371948242188,7559049.0
2023-08-30,256.0,295.5,256.0,277.0,273.63824462890625,10288879.0
2023-08-31,280.0,282.0,267.8500061035156,278.20001220703125,274.82373046875,2624788.0
2023-09-01,289.0,306.8999938964844,281.1000061035156,296.54998779296875,292.95098876953125,4369971.0
2023-09-04,299.45001220703125,307.3999938964844,283.3500061035156,295.95001220703125,292.3582763671875,2401678.0
2023-09-05,298.0,298.0,282.1499938964844,288.25,284.751708984375,1003521.0
2023-09-06,285.0,288.79998779296875,278.0,282.20001220703125,278.7751770019531,1455654.0
2023-09-07,280.0,296.70001220703125,280.0,293.0,289.4440612792969,2059367.0
2023-09-08,293.0,298.25,290.20001220703125,293.3999938964844,289.8392333984375,925911.0
2023-09-11,295.6000061035156,302.6499938964844,293.5,296.54998779296875,292.95098876953125,1529166.0
2023-09-12,293.1000061035156,299.3500061035156,281.1000061035156,293.04998779296875,289.4934387207031,1295915.0
2023-09-13,289.8500061035156,297.3999938964844,284.8999938964844,290.29998779296875,286.77679443359375,977647.0
2023-09-14,292.70001220703125,311.95001220703125,292.1000061035156,295.70001220703125,292.1112976074219,4330280.0
2023-09-15,296.75,299.95001220703125,284.1000061035156,286.5,283.02294921875,851174.0
2023-09-18,288.54998779296875,297.8999938964844,286.1000061035156,290.25,286.7274475097656,3190452.0
2023-09-20,289.1000061035156,291.6000061035156,283.20001220703125,285.6000061035156,282.1338806152344,564403.0
2023-09-21,284.8999938964844,314.1499938964844,282.8999938964844,298.8500061035156,295.22308349609375,5705959.0
2023-09-22,297.0,308.5,294.6499938964844,296.3500061035156,292.7533874511719,2752853.0
2023-09-25,296.0,298.8999938964844,288.5,289.6000061035156,286.0853576660156,1123215.0
2023-09-26,289.1499938964844,299.0,286.1499938964844,290.75,287.22137451171875,1479171.0
2023-09-27,289.25,291.54998779296875,282.3500061035156,286.54998779296875,283.0723571777344,850750.0
2023-09-28,286.79998779296875,290.0,278.5,280.3500061035156,276.9476013183594,1159958.0
2023-09-29,282.95001220703125,301.5,281.0,295.1499938964844,291.5679626464844,2519332.0
2023-10-03,293.8500061035156,295.3500061035156,288.70001220703125,289.45001220703125,285.9371643066406,297221.0
2023-10-04,290.0,290.0,282.0,284.75,281.294189453125,643252.0
2023-10-05,287.0,289.70001220703125,279.3500061035156,280.95001220703125,277.5403137207031,402200.0
2023-10-06,284.0,303.0,283.5,299.25,295.61822509765625,2476392.0
2023-10-09,297.0,299.70001220703125,283.29998779296875,285.45001220703125,281.9857177734375,1547088.0
2023-10-10,288.25,308.79998779296875,288.25,302.20001220703125,298.5324401855469,3277162.0
2023-10-11,303.0,308.79998779296875,298.25,300.75,297.1000061035156,2028016.0
2023-10-12,302.0,303.5,292.04998779296875,292.75,289.1971130371094,818858.0
2023-10-13,291.6499938964844,298.3500061035156,289.04998779296875,294.70001220703125,291.1234436035156,1274006.0
2023-10-16,294.0,299.0,284.45001220703125,286.3999938964844,282.9241638183594,1899046.0
2023-10-17,288.70001220703125,296.8999938964844,285.3500061035156,294.6000061035156,291.024658203125,1677276.0
2023-10-18,293.5,309.0,289.54998779296875,303.75,300.0635986328125,4623445.0
2023-10-19,303.20001220703125,319.75,302.95001220703125,310.04998779296875,306.287109375,8764079.0
2023-10-20,308.3999938964844,310.8999938964844,293.25,296.6000061035156,293.0003662109375,1947475.0
2023-10-23,295.95001220703125,295.95001220703125,266.3500061035156,275.0,271.6625061035156,3044305.0
2023-10-25,270.8500061035156,281.6000061035156,261.5,268.29998779296875,265.0438232421875,1639038.0
2023-10-26,266.45001220703125,268.75,257.04998779296875,265.6000061035156,262.3766174316406,749053.0
2023-10-27,266.95001220703125,281.8999938964844,266.95001220703125,278.8500061035156,275.4658203125,771621.0
2023-10-30,278.0,284.1000061035156,275.0,277.70001220703125,274.32977294921875,476634.0
2023-10-31,278.5,283.54998779296875,276.1000061035156,279.3999938964844,276.0091247558594,577105.0
2023-11-01,280.45001220703125,286.0,277.3500061035156,283.79998779296875,280.355712890625,470184.0
2023-11-02,287.0,297.70001220703125,283.6499938964844,296.25,292.6546325683594,1479548.0
2023-11-03,296.25,300.6499938964844,292.29998779296875,298.0,294.38336181640625,1242192.0
2023-11-06,299.0,301.70001220703125,289.8999938964844,293.20001220703125,289.64166259765625,661584.0
2023-11-07,282.0,304.70001220703125,282.0,295.25,291.666748046875,2715310.0
2023-11-08,292.45001220703125,296.8999938964844,289.1499938964844,291.79998779296875,288.25860595703125,1389258.0
2023-11-09,292.79998779296875,295.79998779296875,283.5,284.6499938964844,281.1954040527344,913556.0
2023-11-10,284.5,287.70001220703125,282.0,282.8999938964844,279.4666748046875,422075.0
2023-11-13,285.95001220703125,287.8999938964844,280.95001220703125,282.0,278.5775451660156,271041.0
2023-11-15,284.0,287.5,276.3500061035156,278.3999938964844,275.021240234375,257218.0
2023-11-16,281.70001220703125,284.79998779296875,275.0,276.1000061035156,272.7491760253906,381000.0
2023-11-17,277.45001220703125,285.0,275.8999938964844,282.20001220703125,278.7751770019531,421654.0
2023-11-20,282.0,287.70001220703125,281.1000061035156,285.3999938964844,281.9363098144531,371695.0
2023-11-21,284.29998779296875,287.79998779296875,282.1000061035156,283.29998779296875,279.8617858886719,912892.0
2023-11-22,282.20001220703125,296.8500061035156,282.20001220703125,294.8999938964844,291.3210144042969,6182540.0
2023-11-23,295.6499938964844,298.70001220703125,285.0,286.04998779296875,282.5783996582031,2277636.0
2023-11-24,288.0,290.29998779296875,283.20001220703125,286.54998779296875,283.0723571777344,1117194.0
2023-11-28,289.3999938964844,304.3999938964844,289.3999938964844,302.29998779296875,298.6311950683594,4317677.0
2023-11-29,304.45001220703125,309.8999938964844,300.8500061035156,309.0,305.2498779296875,3269371.0
2023-11-30,309.29998779296875,320.70001220703125,309.20001220703125,318.54998779296875,314.6839599609375,5618351.0
2023-12-01,319.1000061035156,324.70001220703125,312.0,313.70001220703125,309.8928527832031,1911826.0
2023-12-04,318.0,322.5,315.0,317.1499938964844,313.30096435546875,2057880.0
2023-12-05,320.0,321.3999938964844,311.1499938964844,316.0,312.1649475097656,2457740.0
2023-12-06,316.0,344.3999938964844,312.1000061035156,341.45001220703125,337.30609130859375,7981808.0
2023-12-07,343.79998779296875,367.95001220703125,337.0,347.29998779296875,343.0850830078125,10442981.0
2023-12-08,349.0,351.8500061035156,341.1000061035156,348.3500061035156,344.122314453125,2476928.0
2023-12-11,348.29998779296875,353.25,342.5,350.95001220703125,346.6907653808594,2656834.0
2023-12-12,349.8500061035156,362.95001220703125,346.54998779296875,359.29998779296875,354.9394226074219,3995696.0
2023-12-13,359.5,363.8999938964844,351.29998779296875,355.70001220703125,351.3831481933594,2807318.0
2023-12-14,359.0,363.79998779296875,348.3500061035156,360.75,356.371826171875,3687226.0
2023-12-15,360.0,363.0,354.0,359.79998779296875,355.4333801269531,4176031.0
2023-12-18,357.1499938964844,359.8500061035156,351.95001220703125,358.20001220703125,353.852783203125,1449186.0
2023-12-19,355.1499938964844,359.0,350.04998779296875,353.45001220703125,349.1604309082031,1848066.0
2023-12-20,353.45001220703125,359.0,335.6000061035156,346.70001220703125,342.4923400878906,5051321.0
2023-12-21,342.0,355.8999938964844,338.0,353.25,348.9628601074219,3937371.0
2023-12-22,355.95001220703125,359.6000061035156,345.0,354.54998779296875,350.2470703125,3282148.0
2023-12-26,355.0,377.45001220703125,353.45001220703125,369.6000061035156,365.11444091796875,5661540.0
2023-12-27,373.5,376.8500061035156,365.0,371.8999938964844,367.3865051269531,2779410.0
2023-12-28,372.1000061035156,374.79998779296875,365.1000061035156,371.29998779296875,366.7937927246094,1731051.0
2023-12-29,369.70001220703125,370.6499938964844,359.1499938964844,364.1000061035156,359.6811828613281,1447890.0
2024-01-01,361.0,363.70001220703125,352.3500061035156,358.75,354.3960876464844,766710.0
2024-01-02,356.0,367.5,352.70001220703125,356.04998779296875,351.7288513183594,1623829.0
2024-01-03,357.6499938964844,368.95001220703125,354.04998779296875,366.3999938964844,361.9532775878906,2687628.0
2024-01-04,363.0,374.5,363.0,369.3500061035156,364.86749267578125,2684650.0
2024-01-05,367.5,377.8999938964844,365.29998779296875,376.25,371.6837463378906,3342395.0
2024-01-08,380.0,390.8999938964844,374.6499938964844,381.6000061035156,376.96881103515625,3200042.0
2024-01-09,376.8999938964844,384.8500061035156,376.1000061035156,379.0,374.400390625,1405409.0
2024-01-10,381.79998779296875,399.0,377.0,395.0,390.2061767578125,3175946.0
2024-01-11,398.79998779296875,404.1000061035156,385.8500061035156,390.20001220703125,385.4644470214844,1733287.0
2024-01-12,389.0,398.8999938964844,387.5,393.0,388.2304382324219,1018184.0
2024-01-15,393.0,393.0,393.0,393.0,388.2304382324219,0.0
2024-01-16,390.8500061035156,395.8999938964844,379.1499938964844,382.6000061035156,377.9566650390625,1960464.0
2024-01-17,377.8500061035156,388.8999938964844,371.20001220703125,379.54998779296875,374.9436950683594,1384022.0
2024-01-18,378.3999938964844,383.79998779296875,369.3500061035156,374.95001220703125,370.3995056152344,1443012.0
2024-01-19,376.1000061035156,385.70001220703125,373.20001220703125,381.5,376.8700256347656,1473547.0
2024-01-23,386.79998779296875,394.79998779296875,370.20001220703125,376.0,371.436767578125,2872354.0
2024-01-24,375.0,387.0,368.70001220703125,376.70001220703125,372.1282653808594,4291201.0
2024-01-25,376.70001220703125,381.8999938964844,372.70001220703125,377.6000061035156,373.0173645019531,3474792.0
2024-01-29,380.0,385.1499938964844,371.3500061035156,375.25,370.69586181640625,628498.0
2024-01-30,377.5,387.8999938964844,368.54998779296875,376.6499938964844,372.078857421875,1779463.0
2024-01-31,373.1499938964844,403.0,373.1499938964844,395.6499938964844,390.8482666015625,5224263.0
2024-02-01,400.0,404.45001220703125,382.54998779296875,393.3999938964844,388.6255798339844,5732277.0
2024-02-02,397.29998779296875,412.0,394.5,404.8500061035156,399.9366455078125,7394026.0
2024-02-05,398.79998779296875,403.3999938964844,387.25,394.0,389.2182922363281,3584391.0
2024-02-06,394.95001220703125,399.20001220703125,386.0,393.25,388.4773864746094,2730278.0
2024-02-07,391.0,413.3999938964844,390.25,407.3999938964844,402.4556884765625,3448259.0
2024-02-08,431.75,431.75,395.1000061035156,402.45001220703125,397.5657653808594,5046194.0
2024-02-09,404.04998779296875,408.0,385.0,398.3999938964844,393.5649108886719,2616133.0
2024-02-12,390.29998779296875,394.45001220703125,370.0,379.1499938964844,374.5484924316406,1152234.0
2024-02-13,375.20001220703125,390.3999938964844,366.6000061035156,376.3999938964844,371.8319091796875,1860086.0
2024-02-14,372.54998779296875,387.1000061035156,371.25,380.1000061035156,375.48699951171875,1899464.0
2024-02-15,383.95001220703125,421.54998779296875,383.45001220703125,404.0,399.096923828125,8744609.0
2024-02-16,410.0,420.0,393.5,397.3500061035156,392.5276184082031,3799664.0
2024-02-19,397.8999938964844,404.8999938964844,393.54998779296875,399.6000061035156,394.7503356933594,2263924.0
2024-02-20,398.5,402.79998779296875,385.1000061035156,388.04998779296875,383.34051513671875,1291063.0
2024-02-21,389.95001220703125,412.0,388.79998779296875,401.70001220703125,396.82489013671875,4685361.0
2024-02-22,401.0,406.70001220703125,393.0,397.6000061035156,392.7746276855469,2498313.0
2024-02-23,400.45001220703125,403.20001220703125,391.04998779296875,394.75,389.9591979980469,1306868.0
2024-02-26,393.0,394.45001220703125,371.29998779296875,375.04998779296875,370.4982604980469,1425002.0
2024-02-27,377.79998779296875,387.20001220703125,375.25,377.6000061035156,373.0173645019531,817717.0
2024-02-28,378.8500061035156,380.29998779296875,363.3500061035156,371.1000061035156,366.5962219238281,1039488.0
2024-02-29,371.1000061035156,377.6499938964844,365.1000061035156,374.54998779296875,370.00433349609375,1275961.0
2024-03-01,375.0,378.79998779296875,368.0,369.75,365.2626037597656,806226.0
2024-03-04,371.45001220703125,376.29998779296875,367.29998779296875,373.0,368.4731750488281,613877.0
2024-03-05,368.5,373.04998779296875,358.0,361.8500061035156,357.45849609375,1833502.0
2024-03-06,370.8999938964844,385.95001220703125,366.3500061035156,373.8999938964844,369.36224365234375,5001125.0
2024-03-07,368.8500061035156,375.45001220703125,363.25,369.54998779296875,365.0650329589844,1787031.0
2024-03-11,369.04998779296875,369.8999938964844,339.70001220703125,346.8500061035156,342.6405334472656,3712885.0
2024-03-12,344.3500061035156,359.45001220703125,302.0,317.25,313.3997802734375,11087349.0
2024-03-13,328.8999938964844,328.8999938964844,253.8000030517578,253.8000030517578,250.71981811523438,7325718.0
2024-03-14,228.4499969482422,241.6999969482422,228.4499969482422,231.25,228.44349670410156,8909772.0
2024-03-15,232.14999389648438,238.0,209.25,224.75,222.0223846435547,4051913.0
2024-03-18,225.4499969482422,231.4499969482422,214.0,218.14999389648438,215.50247192382812,1794238.0
2024-03-19,218.0,221.0,208.60000610351562,209.9499969482422,207.40199279785156,1088823.0
2024-03-20,211.5,215.4499969482422,204.25,209.4499969482422,206.90806579589844,1532368.0
2024-03-21,209.5,221.0,209.5,218.60000610351562,215.94700622558594,997107.0
2024-03-22,220.35000610351562,228.39999389648438,216.0500030517578,217.5,214.8603515625,1050801.0
2024-03-26,217.0,217.75,207.89999389648438,208.8000030517578,206.26596069335938,868820.0
2024-03-27,209.6999969482422,212.8000030517578,200.85000610351562,201.60000610351562,199.15335083007812,1703567.0
2024-03-28,202.0,211.39999389648438,199.85000610351562,203.1999969482422,200.73390197753906,1046432.0
2024-04-01,205.0,219.89999389648438,204.75,218.1999969482422,215.55184936523438,877189.0
2024-04-02,219.89999389648438,224.8000030517578,216.25,221.60000610351562,218.91061401367188,1119633.0
2024-04-03,221.89999389648438,224.5,220.0500030517578,222.6999969482422,219.9972381591797,454323.0
2024-04-04,224.6999969482422,226.0,218.9499969482422,221.35000610351562,218.66363525390625,513516.0
2024-04-05,223.0,243.4499969482422,220.1999969482422,243.4499969482422,240.49542236328125,1504618.0
2024-04-08,244.85000610351562,254.5,234.10000610351562,241.8000030517578,238.86544799804688,1866112.0
2024-04-09,243.5,246.8000030517578,236.0,240.10000610351562,237.1860809326172,493931.0
2024-04-10,241.0,243.0,235.0500030517578,237.5500030517578,234.6670379638672,474348.0
2024-04-12,237.0,245.0,233.0,239.0,236.09942626953125,952210.0
2024-04-15,234.8000030517578,236.35000610351562,227.0,229.85000610351562,227.06048583984375,575111.0
2024-04-16,230.0,233.85000610351562,227.35000610351562,231.5,228.69046020507812,303691.0
2024-04-18,233.1999969482422,241.0,222.9499969482422,231.10000610351562,228.29531860351562,1091488.0
2024-04-19,230.75,232.0,224.5,226.25,223.50418090820312,652928.0
2024-04-22,228.89999389648438,232.0,227.0,227.6999969482422,224.93655395507812,381486.0
2024-04-23,229.3000030517578,234.0,227.0,228.4499969482422,225.67745971679688,465752.0
2024-04-24,230.3000030517578,236.1999969482422,229.0,229.5500030517578,226.7641143798828,525781.0
2024-04-25,230.0,238.0,228.3000030517578,234.39999389648438,231.55526733398438,1422549.0
2024-04-26,246.75,246.75,232.60000610351562,237.35000610351562,234.46945190429688,1183023.0
2024-04-29,239.8000030517578,245.0,236.5500030517578,241.39999389648438,238.4702911376953,566803.0
2024-04-30,242.8000030517578,242.8000030517578,235.10000610351562,236.5500030517578,233.6791534423828,503959.0
2024-05-02,238.35000610351562,238.89999389648438,234.0,235.85000610351562,232.98765563964844,274770.0
2024-05-03,237.4499969482422,237.75,226.8000030517578,229.0500030517578,226.2701873779297,405221.0
2024-05-06,230.0,230.4499969482422,221.3000030517578,222.75,220.04664611816406,337414.0
2024-05-07,222.85000610351562,224.0,214.75,215.6999969482422,213.0821990966797,632854.0
2024-05-08,215.6999969482422,217.4499969482422,210.6999969482422,212.1999969482422,209.62469482421875,640882.0
2024-05-09,213.0,215.64999389648438,207.0,208.75,206.21653747558594,307363.0
2024-05-10,210.39999389648438,215.5,203.6999969482422,214.60000610351562,211.9955596923828,423702.0
2024-05-13,214.85000610351562,228.0,211.6999969482422,225.8000030517578,223.0596160888672,643461.0
2024-05-14,227.0500030517578,242.1999969482422,226.35000610351562,239.6999969482422,236.79092407226562,1601333.0
2024-05-15,241.0,250.5,240.3000030517578,245.9499969482422,242.965087890625,1836610.0
2024-05-16,247.39999389648438,250.3000030517578,241.85000610351562,247.14999389648438,244.15049743652344,604333.0
2024-05-17,249.0,250.9499969482422,242.6999969482422,247.85000610351562,244.842041015625,1576782.0
2024-05-21,249.89999389648438,252.6999969482422,239.75,244.5,241.53268432617188,485065.0
2024-05-22,240.0500030517578,244.89999389648438,236.14999389648438,242.39999389648438,239.45816040039062,467160.0
2024-05-23,241.5,250.0,238.5,247.35000610351562,244.3480987548828,1243181.0
2024-05-24,244.89999389648438,246.0,240.35000610351562,241.10000610351562,238.17396545410156,574287.0
2024-05-27,238.0,243.5,228.0,229.1999969482422,226.41836547851562,709562.0
2024-05-28,229.25,230.1999969482422,215.64999389648438,217.25,214.61338806152344,1352284.0
2024-05-29,218.89999389648438,222.1999969482422,217.60000610351562,218.9499969482422,216.29275512695312,488975.0
2024-05-30,218.0,221.9499969482422,215.39999389648438,218.85000610351562,216.19398498535156,946481.0
2024-05-31,210.1999969482422,221.75,209.10000610351562,214.85000610351562,212.24252319335938,1856097.0
2024-06-03,219.89999389648438,220.0,211.0,212.14999389648438,209.57528686523438,834458.0
2024-06-04,212.9499969482422,213.0,191.5,197.1999969482422,194.80673217773438,738283.0
2024-06-05,199.6999969482422,216.89999389648438,198.6999969482422,216.89999389648438,214.26763916015625,475778.0
2024-06-06,228.0,238.5500030517578,227.0,238.5500030517578,235.65489196777344,558753.0
2024-06-07,248.89999389648438,263.8999938964844,248.89999389648438,255.1999969482422,252.1028289794922,2721485.0
2024-06-10,255.0,257.30999755859375,232.5,239.13999938964844,236.23773193359375,1545598.0
2024-06-11,233.9499969482422,245.39999389648438,233.6999969482422,244.4600067138672,241.49317932128906,1108457.0
2024-06-12,245.5500030517578,247.42999267578125,238.60000610351562,240.1999969482422,237.2848663330078,567965.0
2024-06-13,240.5,244.8000030517578,235.0,236.57000732421875,233.6989288330078,648885.0
2024-06-14,236.57000732421875,240.39999389648438,232.5500030517578,233.74000549316406,230.90325927734375,803952.0
2024-06-18,235.0,237.99000549316406,229.11000061035156,230.41000366210938,227.61367797851562,730104.0
2024-06-19,232.60000610351562,241.58999633789062,226.75,227.72000122070312,224.95632934570312,1538002.0
2024-06-20,247.49000549316406,247.49000549316406,232.5,240.11000061035156,237.19595336914062,1640037.0
2024-06-21,241.0,242.8000030517578,233.52999877929688,234.36000061035156,231.51573181152344,427181.0
2024-06-24,232.50999450683594,234.5,230.39999389648438,231.9199981689453,229.10536193847656,310668.0
2024-06-25,233.5,234.0,229.22000122070312,229.75,226.96168518066406,232265.0
2024-06-26,230.0,236.10000610351562,228.89999389648438,233.2899932861328,230.45872497558594,320154.0
2024-06-27,233.5,236.6999969482422,229.2100067138672,231.4600067138672,228.6509552001953,347023.0
2024-06-28,231.5,235.1199951171875,230.57000732421875,232.66000366210938,229.8363800048828,343397.0
2024-07-01,233.44000244140625,235.1999969482422,229.00999450683594,230.39999389648438,227.6038055419922,439495.0
2024-07-02,230.0,233.88999938964844,225.49000549316406,227.3000030517578,224.54141235351562,498957.0
2024-07-03,230.0,231.0,225.77999877929688,227.8300018310547,225.06500244140625,371295.0
2024-07-04,228.14999389648438,229.97999572753906,225.0,225.97000122070312,223.22756958007812,309601.0
2024-07-05,227.88999938964844,227.88999938964844,220.10000610351562,221.83999633789062,219.14768981933594,446924.0
2024-07-08,220.5800018310547,225.72000122070312,213.61000061035156,215.4199981689453,212.80560302734375,1056643.0
2024-07-09,217.50999450683594,223.99000549316406,211.8000030517578,213.25,210.6619415283203,1201501.0
2024-07-10,214.6999969482422,218.0,208.67999267578125,212.1199951171875,209.54563903808594,531420.0
2024-07-11,214.39999389648438,215.1999969482422,211.0,212.5399932861328,209.96054077148438,394142.0
2024-07-12,214.14999389648438,218.5399932861328,211.9499969482422,212.5,209.92105102539062,470148.0
2024-07-15,214.0,214.10000610351562,210.30999755859375,213.36000061035156,210.77061462402344,236315.0
2024-07-16,213.49000549316406,220.47000122070312,213.49000549316406,217.10000610351562,214.4652099609375,522958.0
2024-07-18,218.0,218.2899932861328,212.0,213.3300018310547,210.740966796875,327732.0
2024-07-19,214.3000030517578,214.3000030517578,208.0,209.3300018310547,206.78952026367188,337492.0
2024-07-22,210.0,212.4600067138672,208.0,209.75999450683594,207.21429443359375,271077.0
2024-07-23,211.60000610351562,214.69000244140625,204.0,207.4499969482422,204.9323272705078,555405.0
2024-07-24,208.0,211.1199951171875,207.0,208.6699981689453,206.13751220703125,280488.0
2024-07-25,207.0,214.89999389648438,206.75999450683594,212.35000610351562,209.7728729248047,433331.0
2024-07-26,214.64999389648438,216.32000732421875,212.42999267578125,215.42999267578125,212.8154754638672,262432.0
2024-07-29,218.0,222.64999389648438,217.00999450683594,218.00999450683594,215.36416625976562,567171.0
2024-07-30,218.0,228.60000610351562,218.0,225.5399932861328,222.8027801513672,986188.0
2024-07-31,226.25,231.89999389648438,225.50999450683594,226.1999969482422,223.4547576904297,413179.0
2024-08-01,226.9499969482422,228.44000244140625,218.25,219.02000427246094,216.36190795898438,388345.0
2024-08-02,215.99000549316406,222.5500030517578,215.00999450683594,221.3800048828125,218.6932830810547,351472.0
2024-08-05,221.0,221.0,205.60000610351562,207.25999450683594,204.74462890625,1168352.0
2024-08-06,209.25,214.89999389648438,209.25,211.4499969482422,208.8837890625,362008.0
2024-08-07,214.0,215.0,207.0,210.22999572753906,207.6785888671875,380604.0
2024-08-08,210.49000549316406,214.8000030517578,210.24000549316406,211.8000030517578,209.22955322265625,197300.0
2024-08-09,213.0,214.24000549316406,209.72000122070312,210.5,207.9453125,187215.0
2024-08-12,212.0,218.5,209.75999450683594,213.9600067138672,212.1190948486328,373846.0
2024-08-13,213.97000122070312,215.99000549316406,207.5,209.02000427246094,207.22158813476562,348392.0
2024-08-14,209.02999877929688,211.35000610351562,207.55999755859375,208.1699981689453,206.37890625,197869.0
2024-08-16,209.42999267578125,211.74000549316406,208.10000610351562,208.75999450683594,206.9638214111328,182487.0
2024-08-19,209.9499969482422,211.1999969482422,208.0,208.57000732421875,206.7754669189453,483251.0
2024-08-20,209.9499969482422,210.7899932861328,208.32000732421875,208.92999267578125,207.1323699951172,273745.0
2024-08-21,209.3000030517578,215.85000610351562,209.3000030517578,212.91000366210938,211.078125,491022.0
2024-08-22,214.0,220.49000549316406,212.7100067138672,216.0500030517578,214.1911163330078,707525.0
2024-08-23,217.99000549316406,218.0,213.0399932861328,213.5500030517578,211.71261596679688,270948.0
2024-08-26,214.9499969482422,214.9499969482422,210.8000030517578,212.7100067138672,210.8798370361328,229323.0
2024-08-27,213.6999969482422,216.89999389648438,213.5,214.0,212.15875244140625,435754.0
2024-08-28,213.82000732421875,229.6999969482422,213.82000732421875,228.27999877929688,226.3158721923828,2119722.0
2024-08-29,229.0,229.69000244140625,219.47999572753906,223.11000061035156,221.19036865234375,871473.0
2024-08-30,225.0,229.4499969482422,220.5399932861328,223.47999572753906,221.5571746826172,764263.0
2024-09-02,225.0,225.00999450683594,218.5,219.17999267578125,217.29417419433594,305614.0
2024-09-03,219.0,232.0,218.27999877929688,225.22000122070312,223.28221130371094,1398459.0
2024-09-04,224.8000030517578,224.9499969482422,219.3000030517578,222.10000610351562,220.18905639648438,599412.0
2024-09-05,224.5,226.0,219.89999389648438,220.8000030517578,218.90023803710938,357929.0
2024-09-06,220.5,223.19000244140625,216.89999389648438,217.75999450683594,215.8863983154297,328574.0
2024-09-09,217.99000549316406,219.85000610351562,215.16000366210938,215.9600067138672,214.1018829345703,196022.0
2024-09-10,217.47000122070312,219.89999389648438,216.9499969482422,219.16000366210938,217.27435302734375,219137.0
2024-09-11,219.94000244140625,219.9499969482422,216.0,216.32000732421875,214.4587860107422,151970.0
2024-09-12,217.0,221.39999389648438,215.16000366210938,217.7100067138672,215.83682250976562,243582.0
2024-09-13,218.0,220.0,216.00999450683594,216.72000122070312,214.8553466796875,153502.0
2024-09-16,217.0500030517578,218.97999572753906,214.6999969482422,215.72999572753906,213.8738555908203,169592.0
2024-09-17,216.0,216.6999969482422,212.6999969482422,212.94000244140625,211.1078643798828,222631.0
2024-09-18,213.0,215.77000427246094,209.0,211.52999877929688,209.70999145507812,264483.0
2024-09-19,213.0,214.1999969482422,207.5,209.08999633789062,207.29098510742188,269207.0
2024-09-20,210.0,213.25999450683594,209.0,210.80999755859375,208.99618530273438,246594.0
2024-09-23,212.8300018310547,213.38999938964844,209.2100067138672,210.11000061035156,208.3022003173828,164979.0
2024-09-24,210.11000061035156,212.38999938964844,209.97999572753906,210.55999755859375,208.7483367919922,128767.0
2024-09-25,210.5,211.0,207.3000030517578,208.0800018310547,206.2896728515625,186369.0
2024-09-26,209.99000549316406,211.99000549316406,208.0,208.64999389648438,206.85476684570312,144246.0
2024-09-27,210.0,210.25,206.61000061035156,207.5800018310547,205.79397583007812,233662.0
2024-09-30,207.5800018310547,209.35000610351562,205.99000549316406,206.88999938964844,205.1099090576172,165916.0
2024-10-01,207.1999969482422,210.50999450683594,206.9600067138672,208.5500030517578,206.75563049316406,146365.0
2024-10-03,207.0,207.97999572753906,201.5,204.3800048828125,202.62152099609375,257437.0
2024-10-04,204.39999389648438,206.64999389648438,201.6999969482422,203.39999389648438,201.64993286132812,140599.0
2024-10-07,204.02000427246094,205.19000244140625,195.91000366210938,196.8699951171875,195.17613220214844,261066.0
2024-10-08,196.0,202.67999267578125,196.0,200.3300018310547,198.60635375976562,170243.0
2024-10-09,201.3300018310547,202.88999938964844,199.4499969482422,200.1999969482422,198.47747802734375,191614.0
2024-10-10,201.16000366210938,208.77999877929688,201.02999877929688,206.19000244140625,204.41595458984375,327461.0
2024-10-11,205.14999389648438,209.0,201.52000427246094,203.13999938964844,201.39218139648438,189894.0
2024-10-14,202.74000549316406,204.9499969482422,201.9499969482422,202.6699981689453,200.9262237548828,138990.0
2024-10-15,202.11000061035156,203.42999267578125,198.75,200.13999938964844,198.41799926757812,126583.0
2024-10-16,200.85000610351562,202.3300018310547,199.1999969482422,200.97000122070312,199.24085998535156,109698.0
2024-10-17,201.89999389648438,203.5,198.5,198.8800048828125,197.16883850097656,143478.0
2024-10-18,198.0,203.5500030517578,197.0,201.7899932861328,200.0537872314453,155558.0
2024-10-21,202.8000030517578,203.0,197.25,197.8000030517578,196.09812927246094,116821.0
2024-10-22,197.5,198.67999267578125,190.10000610351562,192.1699981689453,190.51657104492188,226666.0
2024-10-23,192.1699981689453,194.8699951171875,189.8800048828125,191.9499969482422,190.2984619140625,121885.0
2024-10-24,193.0,193.0,189.7100067138672,190.19000244140625,188.55360412597656,101847.0
2024-10-25,189.39999389648438,190.0,173.5,178.27000427246094,176.73617553710938,557954.0
2024-10-28,180.89999389648438,183.1999969482422,178.0,181.9199981689453,180.35475158691406,146873.0
2024-10-29,182.89999389648438,184.4499969482422,180.39999389648438,182.9600067138672,181.3858184814453,102389.0
2024-10-30,182.9600067138672,188.89999389648438,182.9600067138672,188.07000732421875,186.45184326171875,127801.0
2024-10-31,189.10000610351562,190.47999572753906,185.99000549316406,186.9600067138672,185.35140991210938,107446.0
2024-11-01,187.0,191.89999389648438,187.0,190.72000122070312,189.0790557861328,33391.0
2024-11-04,190.72000122070312,199.0,184.97999572753906,194.25999450683594,192.5885772705078,304000.0
2024-11-05,194.9499969482422,203.3800048828125,191.1999969482422,197.8300018310547,196.12786865234375,666556.0
2024-11-06,197.9499969482422,204.69000244140625,197.22000122070312,203.80999755859375,202.05641174316406,325416.0
2024-11-07,207.0,214.14999389648438,204.4199981689453,206.02000427246094,204.24740600585938,1170767.0
2024-11-08,207.35000610351562,213.8000030517578,198.10000610351562,199.5800018310547,197.86280822753906,347802.0
2024-11-11,197.6999969482422,198.97999572753906,192.50999450683594,193.4499969482422,191.78555297851562,199023.0
2024-11-12,193.9499969482422,195.66000366210938,189.0,190.0,188.365234375,85705.0
2024-11-13,190.0,190.0,183.0,184.35000610351562,182.76385498046875,123527.0
2024-11-14,184.0,186.6300048828125,182.0,183.2899932861328,181.7129669189453,90151.0
2024-11-18,183.30999755859375,185.2100067138672,181.6199951171875,183.27000427246094,181.6931610107422,129478.0
2024-11-19,183.8000030517578,186.0,182.10000610351562,183.52000427246094,181.9409942626953,114823.0
2024-11-21,182.41000366210938,183.11000061035156,180.0,180.52000427246094,178.96681213378906,62951.0
2024-11-22,181.00999450683594,181.5399932861328,180.0500030517578,180.58999633789062,179.0362091064453,75157.0
2024-11-25,183.0,184.97999572753906,181.0,181.63999938964844,180.07716369628906,634932.0
2024-11-26,181.75,184.44000244140625,181.0,182.9499969482422,181.37588500976562,238827.0
2024-11-27,184.0,187.49000549316406,183.30999755859375,185.97000122070312,184.3699188232422,180396.0
2024-11-28,185.97000122070312,188.89999389648438,185.2899932861328,185.5800018310547,183.9832763671875,130674.0
2024-11-29,187.0500030517578,188.2100067138672,184.10000610351562,186.75,185.14320373535156,553515.0
2024-12-02,186.75,190.5,186.5,189.6699981689453,188.03807067871094,156225.0
2024-12-03,189.89999389648438,194.64999389648438,189.6699981689453,191.0,189.3566436767578,175026.0
2024-12-04,191.75,193.7899932861328,190.6999969482422,192.36000061035156,190.70494079589844,145092.0
2024-12-05,193.0,194.6999969482422,191.0,191.7100067138672,190.06053161621094,138245.0
2024-12-06,192.0,194.0,191.02000427246094,193.38999938964844,191.72607421875,109831.0
2024-12-09,192.8000030517578,195.89999389648438,190.07000732421875,191.42999267578125,189.78292846679688,143357.0
2024-12-10,192.0,193.55999755859375,188.0,189.8699951171875,188.23634338378906,1232664.0
2024-12-11,192.0,205.89999389648438,191.97999572753906,197.99000549316406,196.28648376464844,1211466.0
2024-12-12,198.89999389648438,199.5,190.00999450683594,191.17999267578125,189.5350799560547,475945.0
2024-12-13,189.0,192.9499969482422,186.00999450683594,190.66000366210938,189.0195770263672,312076.0
2024-12-16,192.0,193.4199981689453,185.0,190.1699981689453,188.53378295898438,600828.0
2024-12-17,189.0,190.1699981689453,186.50999450683594,188.22999572753906,186.61045837402344,163181.0
2024-12-18,188.64999389648438,188.64999389648438,184.60000610351562,185.33999633789062,183.74533081054688,182088.0
2024-12-19,185.0,187.64999389648438,181.60000610351562,185.27999877929688,183.68585205078125,164226.0
2024-12-20,184.5500030517578,185.99000549316406,180.0,182.94000244140625,181.36598205566406,167624.0
2024-12-23,186.0,188.75999450683594,179.0,181.97999572753906,180.4142303466797,202312.0
2024-12-24,180.14999389648438,185.74000549316406,180.10000610351562,181.63999938964844,180.07716369628906,135113.0
2024-12-26,181.63999938964844,182.88999938964844,178.39999389648438,179.75999450683594,178.21334838867188,111652.0
2024-12-27,180.0,181.5,179.99000549316406,180.13999938964844,178.59007263183594,62827.0
2024-12-30,179.6199951171875,180.94000244140625,178.0,178.7899932861328,177.25167846679688,104092.0
2024-12-31,178.4600067138672,182.60000610351562,175.75,180.1699981689453,178.61981201171875,159060.0
2025-01-01,180.1999969482422,183.97999572753906,180.1999969482422,183.0,181.4254608154297,82881.0
2025-01-02,183.0,183.89999389648438,180.1999969482422,180.88999938964844,179.3336181640625,111116.0
2025-01-03,181.0,182.60000610351562,180.64999389648438,181.50999450683594,179.94827270507812,109965.0
2025-01-06,181.41000366210938,182.5800018310547,175.50999450683594,176.17999267578125,174.6641387939453,129631.0
2025-01-07,176.6999969482422,177.7899932861328,175.35000610351562,176.8300018310547,175.30856323242188,138086.0
2025-01-08,178.0,178.0,174.00999450683594,174.6199951171875,173.11756896972656,104701.0
2025-01-09,173.9499969482422,178.52000427246094,171.0,172.0399932861328,170.5597686767578,192409.0
2025-01-10,171.8000030517578,172.89999389648438,167.0,167.63999938964844,166.1976318359375,147338.0
2025-01-13,166.64999389648438,166.64999389648438,157.0,159.1199951171875,157.75091552734375,253480.0
2025-01-14,160.0500030517578,163.89999389648438,158.02000427246094,162.39999389648438,161.00270080566406,136836.0
2025-01-15,163.2100067138672,166.9199981689453,160.0,161.9199981689453,160.52682495117188,122331.0
2025-01-16,164.35000610351562,165.89999389648438,163.0,164.14999389648438,162.73765563964844,100843.0
2025-01-17,164.4499969482422,167.39999389648438,163.41000366210938,165.77999877929688,164.35362243652344,102167.0
2025-01-20,165.77999877929688,169.66000366210938,164.6999969482422,169.1199951171875,167.66488647460938,115723.0
2025-01-21,169.25,171.89999389648438,165.0,165.42999267578125,164.00662231445312,104548.0
2025-01-22,167.0,167.0,156.4199981689453,163.99000549316406,162.5790252685547,190049.0
2025-01-23,165.0,166.8000030517578,164.02000427246094,165.4199981689453,163.99671936035156,123657.0
2025-01-24,166.5,166.72999572753906,161.0,161.6300048828125,160.23934936523438,101362.0
2025-01-27,161.0,161.0,152.99000549316406,155.02999877929688,153.6961212158203,188569.0
2025-01-28,155.8000030517578,156.67999267578125,143.1199951171875,147.17999267578125,145.91366577148438,399733.0
2025-01-29,146.60000610351562,155.0,146.5399932861328,151.94000244140625,150.63270568847656,175621.0
2025-01-30,154.0,159.49000549316406,153.19000244140625,155.11000061035156,153.7754364013672,164812.0
2025-01-31,156.0,170.4499969482422,153.82000732421875,165.67999267578125,164.25448608398438,370545.0
2025-02-01,166.00999450683594,173.0,155.0,158.6999969482422,157.33453369140625,446250.0
2025-02-03,158.7100067138672,161.69000244140625,157.0,157.4600067138672,156.105224609375,121700.0
2025-02-04,157.99000549316406,160.44000244140625,157.99000549316406,159.41000366210938,158.03843688964844,59377.0
2025-02-05,159.00999450683594,164.42999267578125,159.00999450683594,161.30999755859375,159.9220733642578,122674.0
2025-02-06,161.89999389648438,163.5500030517578,161.0,162.08999633789062,160.69537353515625,58813.0
2025-02-07,161.60000610351562,162.38999938964844,155.22999572753906,157.8000030517578,156.44229125976562,150772.0
2025-02-10,163.0,163.0,147.27999877929688,153.16000366210938,151.8422088623047,448414.0
2025-02-11,152.0,152.0,141.38999938964844,143.8300018310547,142.59249877929688,228509.0
2025-02-12,144.4499969482422,146.99000549316406,135.52999877929688,142.8699951171875,141.6407470703125,201507.0
2025-02-13,142.8699951171875,144.63999938964844,140.24000549316406,141.5399932861328,140.32217407226562,79638.0
2025-02-14,142.25,142.97999572753906,132.0,135.19000244140625,134.02682495117188,155803.0
2025-02-17,134.8000030517578,134.89999389648438,129.52999877929688,134.02000427246094,132.8668975830078,210049.0
2025-02-18,133.8000030517578,134.64999389648438,128.39999389648438,129.19000244140625,128.07846069335938,128415.0
2025-02-19,129.19000244140625,134.9499969482422,128.0,131.75,130.61642456054688,168184.0
2025-02-20,131.75,136.6999969482422,131.5399932861328,136.0,134.82984924316406,98083.0
2025-02-21,136.5,141.41000366210938,132.7100067138672,136.5399932861328,135.36520385742188,166156.0
2025-02-24,135.14999389648438,135.97999572753906,132.0,133.3800048828125,132.23239135742188,84147.0
2025-02-25,133.0,135.94000244140625,131.77000427246094,132.97000122070312,131.825927734375,85909.0
2025-02-27,132.97000122070312,133.92999267578125,129.89999389648438,130.24000549316406,129.11941528320312,97744.0
2025-02-28,129.64999389648438,130.13999938964844,125.6500015258789,126.95999908447266,125.86763000488281,147585.0
2025-03-03,128.0,129.88999938964844,119.79000091552734,124.5999984741211,123.52793884277344,256804.0
2025-03-04,123.8499984741211,127.58999633789062,121.20999908447266,124.41000366210938,123.3395767211914,146096.0
2025-03-05,124.41000366210938,138.0,124.30999755859375,135.2899932861328,134.12594604492188,507386.0
2025-03-06,137.10000610351562,143.8000030517578,135.89999389648438,142.9499969482422,141.72006225585938,289822.0
2025-03-07,142.0,147.5,138.0,142.92999267578125,141.70022583007812,364588.0
2025-03-10,144.35000610351562,147.5,133.1999969482422,134.7899932861328,133.63026428222656,271655.0
2025-03-11,133.80999755859375,136.7899932861328,130.8000030517578,131.72000122070312,130.58668518066406,171686.0
2025-03-12,132.0500030517578,136.94000244140625,127.0999984741211,128.4499969482422,127.34480285644531,501346.0
2025-03-13,128.1999969482422,129.9499969482422,125.11000061035156,126.36000061035156,125.27279663085938,543657.0
2025-03-17,126.5,128.99000549316406,124.45999908447266,128.02000427246094,126.91851806640625,325909.0
2025-03-18,128.02000427246094,128.02000427246094,128.02000427246094,128.02000427246094,126.91851806640625,0.0
2025-03-19,129.5,134.30999755859375,129.5,133.0800018310547,131.9349822998047,833292.0
2025-03-20,134.0500030517578,139.0800018310547,133.11000061035156,136.9199981689453,135.741943359375,642528.0
2025-03-21,137.00999450683594,139.58999633789062,136.0500030517578,138.52000427246094,137.3281707763672,270644.0
2025-03-24,138.75,158.4499969482422,138.5,152.50999450683594,151.1977996826172,1315257.0
2025-03-25,155.0,155.0,142.52999877929688,143.7899932861328,142.55282592773438,621085.0
2025-03-26,144.5,144.5,137.99000549316406,139.2899932861328,138.09153747558594,354292.0
2025-03-27,138.10000610351562,145.0,136.50999450683594,141.3699951171875,140.15365600585938,971553.0
2025-03-28,142.10000610351562,143.99000549316406,132.5,133.85000610351562,132.6983642578125,424331.0
2025-04-01,133.99000549316406,141.32000732421875,133.38999938964844,140.3699951171875,139.16224670410156,249361.0
2025-04-02,141.0500030517578,142.2100067138672,136.50999450683594,138.64999389648438,137.45704650878906,219287.0
2025-04-03,138.64999389648438,144.0,138.64999389648438,143.27999877929688,142.04722595214844,508340.0
2025-04-04,143.52999877929688,143.58999633789062,132.0,134.25,133.09490966796875,321751.0
2025-04-07,126.9000015258789,130.88999938964844,123.11000061035156,128.24000549316406,127.13662719726562,237583.0
2025-04-08,131.0,132.3800048828125,128.61000061035156,131.55999755859375,130.4280548095703,91766.0
2025-04-09,131.0,132.0,127.94999694824219,129.41000366210938,128.2965545654297,117025.0
2025-04-11,133.0,133.74000549316406,130.6199951171875,131.10000610351562,129.97203063964844,181489.0
2025-04-15,133.0500030517578,139.4499969482422,133.0500030517578,138.63999938964844,137.4471435546875,174280.0
2025-04-16,139.8000030517578,141.7899932861328,137.60000610351562,141.0399932861328,139.82647705078125,132932.0
2025-04-17,141.39999389648438,145.25,140.00999450683594,143.89999389648438,142.66188049316406,235590.0
2025-04-21,143.89999389648438,160.3000030517578,142.4499969482422,158.4199981689453,157.0569610595703,756320.0
2025-04-22,160.00999450683594,162.57000732421875,156.10000610351562,156.8300018310547,155.4806365966797,259557.0
2025-04-23,156.8300018310547,158.9499969482422,151.6300048828125,155.02999877929688,153.6961212158203,244291.0
2025-04-24,155.80999755859375,156.75,152.8800048828125,154.16000366210938,152.8336181640625,263698.0
2025-04-25,155.0,155.0,146.2100067138672,148.14999389648438,146.8753204345703,156637.0
2025-04-28,148.14999389648438,149.27000427246094,144.41000366210938,147.30999755859375,146.04254150390625,166368.0
2025-04-29,149.49000549316406,150.88999938964844,145.1699981689453,146.5399932861328,145.27915954589844,99751.0
2025-04-30,147.0,148.49000549316406,142.11000061035156,143.6300048828125,142.3942108154297,189487.0
2025-05-02,144.35000610351562,146.0,141.08999633789062,141.10000610351562,139.885986328125,136549.0
2025-05-05,141.5,145.0,140.50999450683594,144.5399932861328,143.29637145996094,149499.0
2025-05-06,145.5,145.5,138.3300018310547,139.11000061035156,137.91310119628906,176799.0
2025-05-07,137.0,147.0,136.0399932861328,143.13999938964844,141.90843200683594,246788.0
2025-05-08,144.2899932861328,144.9499969482422,139.0,139.69000244140625,138.48809814453125,106496.0
2025-05-09,137.60000610351562,141.99000549316406,135.0,139.8300018310547,138.6269073486328,119832.0
2025-05-12,145.10000610351562,151.0,143.2100067138672,150.35000610351562,149.05638122558594,269307.0
2025-05-13,151.0,153.4499969482422,147.0,149.6199951171875,148.33265686035156,318467.0
2025-05-14,150.35000610351562,166.64999389648438,149.61000061035156,165.05999755859375,163.63983154296875,1332941.0
2025-05-15,165.89999389648438,172.13999938964844,164.8300018310547,165.6999969482422,164.27430725097656,698857.0
2025-05-16,165.6999969482422,167.5,164.22000122070312,166.5,165.06744384765625,293781.0
2025-05-19,167.25,172.4499969482422,167.05999755859375,171.1999969482422,169.72698974609375,246671.0
2025-05-20,171.89999389648438,173.32000732421875,167.5,169.38999938964844,167.93255615234375,202397.0
2025-05-21,168.0,172.39999389648438,167.5,171.77999877929688,170.302001953125,193337.0
2025-05-22,171.0,173.5,170.11000061035156,172.14999389648438,170.66880798339844,123509.0
2025-05-23,172.14999389648438,175.75,171.0,172.47000122070312,170.98606872558594,227014.0
2025-05-26,174.0,176.05999755859375,170.52000427246094,171.6300048828125,170.15330505371094,316348.0
2025-05-27,182.89999389648438,196.60000610351562,179.99000549316406,189.3800048828125,187.75057983398438,7611042.0
2025-05-28,192.89999389648438,204.55999755859375,191.85000610351562,197.2899932861328,195.59251403808594,3602242.0
2025-05-29,197.9499969482422,220.49000549316406,197.16000366210938,213.66000366210938,211.82168579101562,5296620.0
2025-05-30,214.6999969482422,217.58999633789062,207.16000366210938,208.25999450683594,206.46812438964844,1076540.0
2025-06-02,207.9499969482422,221.60000610351562,202.5500030517578,210.33999633789062,208.5302276611328,1237082.0
2025-06-03,211.39999389648438,216.8000030517578,207.0,208.33999633789062,206.5474395751953,619409.0
2025-06-04,209.10000610351562,209.44000244140625,203.17999267578125,207.83999633789062,206.05174255371094,415371.0
2025-06-05,209.0,217.0,207.86000061035156,209.07000732421875,207.27117919921875,604901.0
2025-06-06,209.99000549316406,209.99000549316406,199.41000366210938,204.60000610351562,202.83963012695312,450825.0
2025-06-09,205.6199951171875,216.5,205.6199951171875,212.33999633789062,210.51303100585938,575922.0
2025-06-10,213.0,215.9499969482422,210.24000549316406,214.91000366210938,213.0609130859375,549734.0
2025-06-11,218.3000030517578,220.0,207.89999389648438,211.4600067138672,209.64060974121094,708609.0
2025-06-12,210.0,213.39999389648438,205.5,206.97000122070312,205.18922424316406,268268.0
2025-06-13,201.6199951171875,215.3000030517578,201.6199951171875,209.00999450683594,207.211669921875,469208.0
2025-06-16,207.30999755859375,210.0,202.17999267578125,207.61000061035156,205.82373046875,226542.0
2025-06-17,207.61000061035156,211.75999450683594,204.64999389648438,206.66000366210938,204.88189697265625,175931.0
2025-06-18,206.7899932861328,206.92999267578125,201.30999755859375,202.4600067138672,200.71803283691406,151873.0
2025-06-19,201.5500030517578,203.25999450683594,189.6199951171875,192.91000366210938,191.25021362304688,329170.0
2025-06-20,192.7899932861328,213.89999389648438,190.74000549316406,207.61000061035156,205.82373046875,1455760.0
2025-06-23,208.0,217.3300018310547,204.3000030517578,214.0399932861328,212.19839477539062,973366.0
2025-06-24,215.5,223.6999969482422,211.77000427246094,215.6999969482422,213.8441162109375,897874.0
2025-06-25,216.0,229.0,215.47000122070312,222.6199951171875,220.70457458496094,1240208.0
2025-06-26,224.1999969482422,225.05999755859375,216.8000030517578,221.1300048828125,219.22740173339844,378566.0
2025-06-27,220.0,222.77999877929688,218.55999755859375,221.36000061035156,219.45541381835938,277422.0
2025-06-30,223.0,233.1999969482422,221.5500030517578,223.27000427246094,221.34898376464844,1434145.0
2025-07-01,225.5,228.36000061035156,220.41000366210938,224.86000061035156,222.92530822753906,447704.0
2025-07-02,226.9499969482422,231.60000610351562,220.17999267578125,223.33999633789062,221.4183807373047,529474.0
2025-07-03,223.58999633789062,225.02000427246094,212.10000610351562,213.61000061035156,211.7720947265625,1079130.0
2025-07-04,215.35000610351562,218.8000030517578,207.05999755859375,211.60000610351562,209.77940368652344,730927.0
2025-07-07,210.5,212.99000549316406,208.89999389648438,211.0500030517578,209.234130859375,274021.0
2025-07-08,214.89999389648438,214.89999389648438,208.3800048828125,209.3800048828125,207.5784912109375,241449.0
2025-07-09,211.0,211.5,207.61000061035156,208.57000732421875,206.7754669189453,209078.0
2025-07-10,208.88999938964844,211.0800018310547,203.8300018310547,206.11000061035156,204.3366241455078,213253.0
2025-07-11,205.8699951171875,207.38999938964844,203.17999267578125,204.61000061035156,202.8495330810547,132599.0
2025-07-14,204.61000061035156,206.5,202.27999877929688,205.64999389648438,203.88058471679688,179194.0
2025-07-15,207.8000030517578,217.63999938964844,207.8000030517578,214.1199951171875,212.2777099609375,874342.0
2025-07-16,214.74000549316406,221.89999389648438,212.97000122070312,216.7100067138672,214.84542846679688,579376.0
2025-07-17,217.4499969482422,219.30999755859375,213.3699951171875,214.16000366210938,212.31736755371094,155155.0
2025-07-18,214.49000549316406,216.60000610351562,211.22000122070312,215.2100067138672,213.35833740234375,166884.0
2025-07-21,214.7899932861328,229.61000061035156,211.8000030517578,225.4199981689453,223.48048400878906,1677166.0
2025-07-22,228.25,228.85000610351562,221.66000366210938,223.5500030517578,221.62657165527344,501057.0
2025-07-23,225.8000030517578,226.4199981689453,218.60000610351562,221.19000244140625,219.28689575195312,252435.0
2025-07-24,222.49000549316406,232.0,221.1999969482422,228.83999633789062,226.87106323242188,1245832.0
2025-07-25,229.88999938964844,230.5,210.25,211.8300018310547,210.00741577148438,1093822.0
2025-07-28,212.99000549316406,219.88999938964844,208.2100067138672,213.49000549316406,211.65313720703125,461595.0
2025-07-29,213.0,229.0,211.97999572753906,227.47999572753906,225.52276611328125,899803.0
2025-07-30,227.0,242.0,221.25,228.6999969482422,226.73226928710938,2100850.0
2025-07-31,222.5,236.39999389648438,218.41000366210938,230.11000061035156,228.130126953125,640609.0
2025-08-01,231.0,233.58999633789062,220.0500030517578,221.2899932861328,219.38601684570312,510728.0
2025-08-04,223.05999755859375,229.0,221.3000030517578,226.91000366210938,224.95767211914062,351612.0
2025-08-05,230.0,232.64999389648438,219.10000610351562,223.57000732421875,221.6464080810547,676550.0
2025-08-06,224.64999389648438,226.7100067138672,214.9199981689453,218.77999877929688,216.89761352539062,506703.0
2025-08-07,216.0,225.99000549316406,210.25999450683594,223.2100067138672,221.2895050048828,1327474.0
2025-08-08,226.0,244.0,224.60000610351562,226.8300018310547,224.87835693359375,7249996.0
2025-08-11,231.7899932861328,232.0,218.8000030517578,229.02999877929688,227.05941772460938,1069159.0
2025-08-12,230.5,231.55999755859375,218.0,219.10000610351562,217.9285125732422,762033.0
2025-08-13,219.19000244140625,220.58999633789062,213.8000030517578,214.75999450683594,213.61170959472656,406034.0
2025-08-14,215.0,217.9499969482422,205.52999877929688,206.35000610351562,205.24668884277344,538598.0
2025-08-18,210.0,211.8300018310547,207.1999969482422,208.7100067138672,207.5940704345703,305575.0
2025-08-19,209.0,214.83999633789062,208.2100067138672,211.10000610351562,209.97128295898438,279424.0
2025-08-20,211.8000030517578,218.3000030517578,210.1999969482422,217.05999755859375,215.8994140625,474166.0
2025-08-21,219.0,245.83999633789062,217.22000122070312,229.57000732421875,228.342529296875,6455036.0
2025-08-22,231.5,232.5399932861328,223.24000549316406,225.69000244140625,224.4832763671875,568782.0
2025-08-25,226.49000549316406,229.61000061035156,223.6699981689453,225.38999938964844,224.18487548828125,372257.0
2025-08-26,225.3000030517578,227.8699951171875,216.7899932861328,218.27999877929688,217.11288452148438,331320.0
2025-08-28,219.35000610351562,219.64999389648438,212.11000061035156,213.11000061035156,211.9705352783203,389213.0
2025-08-29,215.35000610351562,218.5,210.10000610351562,211.22999572753906,210.1005859375,352913.0
2025-09-01,212.82000732421875,215.0,209.10000610351562,211.64999389648438,210.51834106445312,328897.0
2025-09-02,211.99000549316406,216.9499969482422,211.64999389648438,212.30999755859375,211.1748046875,326013.0
2025-09-03,212.17999267578125,217.38999938964844,211.72999572753906,213.82000732421875,212.67674255371094,310024.0
2025-09-04,216.14999389648438,219.49000549316406,208.77999877929688,209.7100067138672,208.58871459960938,685784.0
2025-09-05,211.39999389648438,211.5,205.5,206.58999633789062,205.4853973388672,407220.0
2025-09-08,209.2899932861328,212.5,207.36000061035156,211.1699981689453,210.04090881347656,232896.0
2025-09-09,212.5,212.89999389648438,208.64999389648438,211.8300018310547,210.6973876953125,222882.0
2025-09-10,212.5,215.8699951171875,210.0,214.22999572753906,213.0845489501953,278502.0
2025-09-11,216.0,218.0,210.91000366210938,211.9600067138672,210.82669067382812,185575.0
2025-09-12,215.0,216.6999969482422,212.11000061035156,213.75,212.60711669921875,212800.0
2025-09-15,213.99000549316406,216.85000610351562,211.41000366210938,215.92999267578125,214.77545166015625,229020.0
2025-09-16,217.0,218.64999389648438,215.2100067138672,216.49000549316406,215.3324737548828,157035.0
2025-09-17,217.5,239.22000122070312,217.10000610351562,235.83999633789062,234.57899475097656,4879703.0
2025-09-18,237.0,240.25,231.10000610351562,235.80999755859375,234.54916381835938,1424896.0
2025-09-19,235.7899932861328,236.1199951171875,229.8000030517578,231.92999267578125,230.6898956298828,603397.0
2025-09-22,231.9499969482422,237.97000122070312,226.14999389648438,228.3800048828125,227.1588897705078,484296.0
2025-09-23,228.6999969482422,230.2100067138672,225.0,226.77999877929688,225.56744384765625,246399.0
2025-09-24,225.97999572753906,226.91000366210938,218.22000122070312,219.17999267578125,218.00807189941406,285997.0
2025-09-25,219.0,219.92999267578125,213.91000366210938,215.17999267578125,214.0294647216797,240641.0
2025-09-26,215.1699981689453,216.4499969482422,207.0500030517578,209.25999450683594,208.14111328125,405017.0
2025-09-29,212.08999633789062,212.60000610351562,206.77000427246094,209.0,207.88250732421875,297530.0
2025-09-30,210.0500030517578,211.0,206.0,207.3000030517578,206.1916046142578,156595.0
2025-10-01,207.5,210.99000549316406,206.4600067138672,210.17999267578125,209.0561981201172,188064.0
2025-10-03,213.0,213.9600067138672,209.89999389648438,212.22999572753906,211.09523010253906,289473.0
2025-10-06,213.25,213.25,208.02000427246094,210.3300018310547,209.2053985595703,203564.0
2025-10-07,210.3300018310547,211.6300048828125,206.60000610351562,207.3300018310547,206.221435546875,219079.0
2025-10-08,207.3300018310547,209.83999633789062,204.36000061035156,205.91000366210938,204.8090362548828,230782.0
2025-10-09,206.94000244140625,206.94000244140625,202.5,205.88999938964844,204.7891387939453,218829.0
2025-10-10,205.89999389648438,207.72000122070312,204.30999755859375,205.0500030517578,203.95362854003906,151918.0
2025-10-13,205.49000549316406,205.5,202.0500030517578,202.50999450683594,201.4272003173828,176902.0
2025-10-14,203.4499969482422,204.9499969482422,195.0,195.5,194.45469665527344,297579.0
2025-10-15,196.24000549316406,198.32000732421875,192.60000610351562,196.7899932861328,195.73779296875,206742.0
2025-10-16,199.0,199.0,196.00999450683594,198.0,196.9413299560547,163682.0
2025-10-17,198.0,198.0,191.1999969482422,192.02000427246094,190.99330139160156,211891.0
2025-10-20,192.89999389648438,193.89999389648438,190.00999450683594,192.72999572753906,191.69949340820312,151439.0
2025-10-21,193.49000549316406,195.9499969482422,192.97000122070312,195.0800018310547,194.0369415283203,63503.0
2025-10-23,195.08999633789062,197.69000244140625,188.8000030517578,191.97000122070312,190.94357299804688,214072.0
2025-10-24,193.89999389648438,193.89999389648438,184.83999633789062,187.83999633789062,186.8356475830078,308302.0
2025-10-27,188.60000610351562,198.3800048828125,188.24000549316406,196.11000061035156,195.06143188476562,602981.0
2025-10-28,194.8000030517578,194.8000030517578,189.5,190.07000732421875,189.05374145507812,400159.0
2025-10-29,192.5,192.5,189.4499969482422,191.33999633789062,190.3169403076172,136161.0
2025-10-30,191.33999633789062,192.6999969482422,189.0,190.25,189.23275756835938,119202.0
2025-10-31,189.25,191.5800018310547,189.25,189.89999389648438,188.88462829589844,96000.0
2025-11-03,190.0,193.99000549316406,186.94000244140625,190.27999877929688,189.26260375976562,180142.0
2025-11-04,188.39999389648438,190.52000427246094,184.1199951171875,185.3000030517578,184.30923461914062,220950.0
2025-11-06,186.99000549316406,186.99000549316406,181.74000549316406,183.30999755859375,182.32986450195312,171700.0
2025-11-07,181.74000549316406,189.41000366210938,181.5399932861328,188.0399932861328,187.03457641601562,222283.0
2025-11-10,188.0,192.6999969482422,187.1199951171875,191.38999938964844,190.36666870117188,299117.0
2025-11-11,191.0,192.61000061035156,188.02000427246094,191.5399932861328,190.51585388183594,250176.0
2025-11-12,196.0,196.92999267578125,181.1999969482422,184.3300018310547,183.34442138671875,480954.0
2025-11-13,184.3300018310547,186.39999389648438,181.39999389648438,182.67999267578125,181.70323181152344,171539.0
2025-11-14,182.25,187.8300018310547,181.25,181.64999389648438,180.67874145507812,192462.0
2025-11-17,182.0,183.58999633789062,178.88999938964844,180.00999450683594,179.04751586914062,152642.0
2025-11-18,182.0,182.49000549316406,177.0,177.80999755859375,176.85928344726562,180587.0
2025-11-19,178.75,182.39999389648438,176.67999267578125,177.3000030517578,176.3520050048828,121303.0
2025-11-20,177.3300018310547,178.74000549316406,175.3699951171875,176.11000061035156,175.16836547851562,135795.0
2025-11-21,176.10000610351562,176.50999450683594,172.89999389648438,175.4600067138672,174.5218505859375,104337.0
2025-11-24,175.4600067138672,179.0,171.16000366210938,172.80999755859375,171.88601684570312,112691.0
2025-11-25,172.5,176.5,171.77999877929688,175.91000366210938,174.9694366455078,87900.0
2025-11-26,177.0,180.6199951171875,175.32000732421875,176.02999877929688,175.0887908935547,146414.0
2025-11-27,176.77999877929688,179.0,176.17999267578125,177.77999877929688,176.82943725585938,64265.0
2025-11-28,178.47999572753906,180.5,175.0,178.02000427246094,177.0681610107422,113253.0
2025-12-01,178.9499969482422,179.0,176.32000732421875,177.6999969482422,176.74986267089844,64045.0
2025-12-02,177.66000366210938,177.66000366210938,172.60000610351562,173.5800018310547,172.6519012451172,108223.0
2025-12-03,173.5800018310547,175.36000061035156,171.8800048828125,172.7100067138672,171.78656005859375,98316.0
2025-12-04,172.25,173.13999938964844,168.74000549316406,170.82000732421875,169.9066619873047,161824.0
2025-12-05,170.82000732421875,173.67999267578125,169.14999389648438,172.4600067138672,171.5378875732422,121504.0
2025-12-08,172.69000244140625,174.0,166.25999450683594,171.05999755859375,170.14537048339844,198823.0
2025-12-09,170.00999450683594,176.8000030517578,167.94000244140625,170.8800048828125,169.96633911132812,332782.0
2025-12-10,170.5500030517578,174.0,168.35000610351562,169.88999938964844,168.98162841796875,137447.0
2025-12-11,169.89999389648438,173.0,167.5,168.41000366210938,167.50953674316406,97454.0
2025-12-12,169.0,170.42999267578125,167.7100067138672,168.97999572753906,168.0764923095703,100402.0
2025-12-15,168.39999389648438,170.0,167.63999938964844,169.07000732421875,168.166015625,131866.0
2025-12-16,168.5,170.99000549316406,168.0,168.5399932861328,167.6388397216797,61157.0
2025-12-17,168.5399932861328,169.19000244140625,163.07000732421875,165.89999389648438,165.01295471191406,147091.0
2025-12-18,165.99000549316406,169.0,163.8699951171875,168.19000244140625,167.2907257080078,94708.0
2025-12-19,168.0,173.9499969482422,167.33999633789062,173.2100067138672,172.28387451171875,107371.0
2025-12-22,174.0,177.5,173.5,174.57000732421875,173.63661193847656,111687.0
2025-12-23,175.97000122070312,176.4600067138672,174.3000030517578,175.6300048828125,174.69093322753906,71591.0
2025-12-24,175.6300048828125,177.25,174.0500030517578,175.3300018310547,174.39254760742188,83148.0
2025-12-26,174.97999572753906,177.39999389648438,172.35000610351562,173.89999389648438,172.97018432617188,105308.0
2025-12-29,179.99000549316406,194.0500030517578,178.10000610351562,181.50999450683594,180.53948974609375,11796207.0
2025-12-30,180.60000610351562,180.60000610351562,173.25,174.35000610351562,173.41778564453125,481574.0
2025-12-31,174.0800018310547,176.86000061035156,172.14999389648438,172.88999938964844,171.96559143066406,203970.0
2026-01-01,173.4600067138672,175.74000549316406,173.10000610351562,174.47000122070312,173.53713989257812,113372.0
2026-01-02,175.4499969482422,177.64999389648438,174.3000030517578,176.9600067138672,176.01382446289062,190866.0
2026-01-05,176.99000549316406,177.17999267578125,174.10000610351562,174.80999755859375,173.8753204345703,90366.0
2026-01-06,174.75,174.75,172.44000244140625,173.58999633789062,172.66183471679688,65162.0
2026-01-07,173.55999755859375,174.58999633789062,170.10000610351562,171.63999938964844,170.72227478027344,129571.0
2026-01-08,171.5,173.00999450683594,169.10000610351562,171.5800018310547,170.66259765625,130712.0
2026-01-09,169.0,170.5500030517578,167.32000732421875,168.35000610351562,167.44985961914062,98689.0
2026-01-12,170.89999389648438,170.89999389648438,162.17999267578125,166.91000366210938,166.01756286621094,154926.0
2026-01-13,166.91000366210938,171.8000030517578,165.9499969482422,167.19000244140625,166.2960662841797,58159.0
2026-01-14,167.19000244140625,167.77999877929688,165.00999450683594,165.57000732421875,164.6847381591797,44264.0
2026-01-15,165.57000732421875,165.57000732421875,165.57000732421875,165.57000732421875,164.6847381591797,0.0
2026-01-16,165.55999755859375,166.49000549316406,161.64999389648438,163.25,162.37713623046875,62295.0
2026-01-19,163.0,163.11000061035156,160.55999755859375,160.94000244140625,160.07948303222656,50409.0
2026-01-20,160.94000244140625,160.94000244140625,154.0,155.07000732421875,154.24087524414062,179764.0
2026-01-21,153.3000030517578,156.0500030517578,150.47999572753906,152.58999633789062,151.7741241455078,125539.0
2026-01-22,152.99000549316406,156.1999969482422,152.39999389648438,153.9199981689453,153.09701538085938,69692.0
2026-01-23,155.0,155.0,147.00999450683594,147.99000549316406,147.19873046875,141863.0
2026-01-27,147.8000030517578,155.2100067138672,144.32000732421875,153.89999389648438,153.07711791992188,193518.0
2026-01-28,155.0,159.9600067138672,153.82000732421875,157.55999755859375,156.71754455566406,164291.0
2026-01-29,157.0,158.97999572753906,150.0500030517578,157.42999267578125,156.58824157714844,176301.0
2026-01-30,155.0,158.38999938964844,153.6199951171875,157.22000122070312,156.37937927246094,107347.0
2026-02-02,155.32000732421875,159.0,152.0,157.11000061035156,156.26995849609375,69856.0
2026-02-03,165.0,165.0,159.0,161.75999450683594,160.8950958251953,130756.0
2026-02-04,161.00999450683594,164.6999969482422,160.00999450683594,163.82000732421875,162.944091796875,74673.0
2026-02-05,163.10000610351562,167.0,162.61000061035156,166.11000061035156,165.22183227539062,117093.0
2026-02-06,165.99000549316406,169.8000030517578,164.4199981689453,168.55999755859375,167.6587371826172,81185.0
2026-02-09,168.97999572753906,176.0,168.97999572753906,175.10000610351562,174.1637725830078,219001.0
2026-02-10,181.0,184.3800048828125,175.0,176.36000061035156,175.4170379638672,650943.0
2026-02-11,176.35000610351562,177.39999389648438,170.22000122070312,171.91000366210938,170.99082946777344,200842.0
2026-02-12,171.99000549316406,171.99000549316406,167.1999969482422,167.77000427246094,166.8729705810547,114577.0
2026-02-13,165.10000610351562,167.69000244140625,164.0500030517578,166.39999389648438,165.51028442382812,125047.0
2026-02-16,168.0,168.0,161.50999450683594,162.3800048828125,161.51177978515625,91918.0
2026-02-17,162.0,166.1999969482422,161.10000610351562,165.1699981689453,164.286865234375,102402.0
2026-02-18,165.1699981689453,169.0,162.50999450683594,164.2100067138672,163.33200073242188,58835.0
2026-02-19,164.22000122070312,165.35000610351562,159.60000610351562,160.75999450683594,159.9004364013672,66669.0
2026-02-20,158.50999450683594,160.75,152.50999450683594,153.99000549316406,153.16664123535156,269929.0
2026-02-23,155.5,163.25,155.5,157.77999877929688,156.93637084960938,350938.0
2026-02-24,156.0,157.5,152.0,153.16000366210938,152.34107971191406,126135.0
2026-02-25,154.92999267578125,158.89999389648438,152.6999969482422,155.97000122070312,155.1360626220703,168942.0
2026-02-26,157.0,158.99000549316406,154.02000427246094,157.8000030517578,156.95626831054688,214388.0
2026-02-27,158.9499969482422,158.9499969482422,156.0399932861328,157.39999389648438,156.5583953857422,70536.0
2026-03-02,151.85000610351562,156.85000610351562,151.0,154.72999572753906,153.90267944335938,145165.0
2026-03-04,152.0,157.0,151.89999389648438,152.9499969482422,152.1322021484375,182469.0
2026-03-05,154.7899932861328,156.89999389648438,152.00999450683594,154.07000732421875,153.2462158203125,88390.0
2026-03-06,154.4199981689453,155.91000366210938,153.0,153.58999633789062,152.76878356933594,57093.0
2026-03-09,150.5,152.89999389648438,149.0,149.7100067138672,148.90953063964844,108021.0
2026-03-10,150.64999389648438,153.58999633789062,149.0,151.72999572753906,150.91871643066406,143571.0
2026-03-11,152.0,156.2899932861328,145.35000610351562,146.69000244140625,145.90567016601562,314636.0
2026-03-12,146.0,150.64999389648438,143.50999450683594,148.24000549316406,147.4473876953125,233625.0
2026-03-13,146.5800018310547,147.3000030517578,139.2100067138672,141.69000244140625,140.93240356445312,292880.0
2026-03-16,141.6999969482422,142.3699951171875,136.5,140.85000610351562,140.09690856933594,203208.0
2026-03-17,141.89999389648438,141.89999389648438,137.8000030517578,138.14999389648438,137.4113311767578,116964.0
2026-03-18,139.5,141.39999389648438,136.36000061035156,137.2899932861328,136.55592346191406,539754.0
2026-03-19,136.0,139.0500030517578,134.14999389648438,135.3800048828125,134.65614318847656,163388.0
2026-03-20,136.85000610351562,140.5800018310547,135.5800018310547,136.99000549316406,136.25753784179688,160313.0
2026-03-23,136.99000549316406,136.99000549316406,125.0999984741211,126.72000122070312,126.04244995117188,275386.0
2026-03-24,128.89999389648438,134.5,128.02000427246094,133.91000366210938,133.1940155029297,271106.0
2026-03-25,134.57000732421875,139.25,134.50999450683594,135.4499969482422,134.72576904296875,249117.0
2026-03-27,135.0,136.89999389648438,128.5,129.52000427246094,128.82748413085938,632283.0
2026-03-30,128.0,129.0,125.0,125.36000061035156,124.6897201538086,244347.0
2026-04-01,127.5,136.89999389648438,127.5,135.2100067138672,134.487060546875,197117.0
2026-04-02,132.0,139.60000610351562,130.0,138.19000244140625,137.4511260986328,196393.0
2026-04-06,139.0,141.49000549316406,137.10000610351562,139.75,139.00277709960938,99989.0
2026-04-07,138.5,141.3800048828125,138.5,140.05999755859375,139.31112670898438,74169.0
2026-04-08,149.1300048828125,149.1300048828125,142.0,146.1699981689453,145.38845825195312,185708.0
2026-04-09,146.69000244140625,148.97999572753906,144.0,145.75999450683594,144.9806365966797,118923.0
2026-04-10,141.72999572753906,150.0,141.72999572753906,147.97000122070312,147.1788330078125,116387.0
2026-04-13,147.0,149.1999969482422,143.25,147.08999633789062,146.30352783203125,108991.0
2026-04-15,149.0,154.0,148.10000610351562,153.39999389648438,152.5797882080078,148794.0
2026-04-16,155.8000030517578,155.8000030517578,150.25,154.4600067138672,153.63414001464844,94842.0
2026-04-17,154.99000549316406,159.0,153.58999633789062,155.5800018310547,154.74813842773438,171236.0
2026-04-20,156.11000061035156,162.9499969482422,152.22000122070312,155.64999389648438,154.81776428222656,622487.0
2026-04-21,158.8800048828125,159.32000732421875,155.0,155.35000610351562,154.51937866210938,181637.0
2026-04-22,156.5,156.75,154.44000244140625,154.97999572753906,154.15133666992188,106438.0
2026-04-23,154.97000122070312,155.75,150.10000610351562,150.6999969482422,149.89422607421875,241634.0
2026-04-24,150.85000610351562,152.32000732421875,148.1999969482422,148.9600067138672,148.16354370117188,119284.0
2026-04-27,149.69000244140625,151.92999267578125,149.4499969482422,150.4499969482422,149.64556884765625,117683.0
2026-04-28,150.7899932861328,151.33999633789062,149.0500030517578,149.3800048828125,148.581298828125,75611.0
2026-04-29,149.4600067138672,150.9600067138672,148.8000030517578,149.52999877929688,148.73048400878906,85019.0
2026-04-30,149.00999450683594,151.05999755859375,148.1199951171875,150.1999969482422,149.3968963623047,119985.0
2026-05-04,150.0,153.4499969482422,149.9499969482422,151.08999633789062,150.2821502685547,146139.0
2026-05-05,149.60000610351562,150.7899932861328,147.50999450683594,149.75,148.94931030273438,158713.0
2026-05-06,149.89999389648438,170.0,149.89999389648438,158.1199951171875,157.27455139160156,12856842.0
2026-05-07,157.3300018310547,163.1699981689453,156.64999389648438,162.47000122070312,161.60130310058594,1032983.0
2026-05-08,163.49000549316406,194.0,161.77000427246094,177.41000366210938,176.46142578125,12692997.0
2026-05-11,177.39999389648438,182.0399932861328,175.0,179.11000061035156,178.15232849121094,1408104.0
2026-05-12,178.9499969482422,179.0,166.10000610351562,167.9600067138672,167.06195068359375,556471.0
2026-05-13,167.9600067138672,171.5,167.6300048828125,168.9199981689453,168.01681518554688,297865.0
2026-05-14,169.4499969482422,174.0399932861328,164.97999572753906,169.0500030517578,168.1461181640625,303539.0
2026-05-15,172.99000549316406,172.99000549316406,164.10000610351562,165.2100067138672,164.32666015625,221876.0
2026-05-18,164.99000549316406,166.0,159.3000030517578,164.1999969482422,163.32205200195312,179423.0
2026-05-19,166.49000549316406,167.72000122070312,162.9199981689453,163.7100067138672,162.8346710205078,235675.0
2026-05-20,163.19000244140625,169.60000610351562,163.19000244140625,167.6699981689453,166.77349853515625,328911.0
2026-05-21,169.25,170.1199951171875,163.1999969482422,164.02000427246094,163.1430206298828,180826.0
2026-05-22,164.88999938964844,166.8300018310547,162.39999389648438,165.3300018310547,164.44601440429688,183284.0
2026-05-25,172.0,181.5,172.0,176.32000732421875,175.37725830078125,3531628.0
2026-05-26,177.0,177.2899932861328,170.0,171.27999877929688,170.36419677734375,264037.0
2026-05-27,168.1999969482422,171.49000549316406,166.94000244140625,168.02000427246094,167.1216278076172,322524.0
2026-05-28,168.02000427246094,168.02000427246094,168.02000427246094,168.02000427246094,167.1216278076172,0.0
2026-05-29,168.0500030517578,169.0,162.5,164.27999877929688,163.40162658691406,207407.0
2026-06-01,164.2899932861328,165.88999938964844,157.35000610351562,159.0500030517578,158.1995849609375,224944.0
2026-06-02,157.89999389648438,158.88999938964844,154.8000030517578,157.8699951171875,157.02589416503906,159413.0
2026-06-03,157.8699951171875,158.86000061035156,154.39999389648438,157.33999633789062,156.49871826171875,154934.0
2026-06-04,157.0,162.0,152.66000366210938,155.1999969482422,154.3701629638672,303725.0
2026-06-05,157.3800048828125,158.0,155.50999450683594,156.55999755859375,155.722900390625,94788.0
2026-06-08,155.99000549316406,156.55999755859375,153.61000061035156,153.83999633789062,153.01744079589844,108559.0
2026-06-09,154.89999389648438,163.27999877929688,154.0,161.69000244140625,160.82546997070312,238681.0
2026-06-10,161.19000244140625,166.69000244140625,158.11000061035156,159.69000244140625,158.83616638183594,245165.0
2026-06-11,158.0500030517578,160.89999389648438,155.61000061035156,157.07000732421875,156.2301788330078,82393.0
2026-06-12,159.2899932861328,162.0,157.60000610351562,160.89999389648438,160.03968811035156,109369.0
2026-06-15,162.3000030517578,165.69000244140625,161.60000610351562,162.5800018310547,161.71070861816406,179010.0
2026-06-16,162.0,165.6999969482422,161.3000030517578,162.11000061035156,161.24322509765625,148928.0
2026-06-17,162.5800018310547,164.0500030517578,160.07000732421875,161.5800018310547,160.716064453125,139013.0
2026-06-18,161.57000732421875,164.49000549316406,160.3300018310547,161.33999633789062,160.4773406982422,107520.0
2026-06-19,161.3000030517578,162.99000549316406,158.10000610351562,160.27999877929688,159.42300415039062,160712.0
2026-06-22,161.85000610351562,174.5,161.11000061035156,169.97000122070312,169.0612030029297,1249837.0
2026-06-23,170.6999969482422,171.6999969482422,165.10000610351562,165.97000122070312,165.08258056640625,222700.0
2026-06-24,165.97000122070312,169.9499969482422,165.8699951171875,166.69000244140625,165.79873657226562,218004.0
2026-06-25,166.69000244140625,167.7899932861328,163.0,163.49000549316406,162.6158447265625,111019.0
2026-06-26,163.49000549316406,163.49000549316406,163.49000549316406,163.49000549316406,162.6158447265625,0.0
2026-06-29,164.25,164.5,160.80999755859375,161.27999877929688,160.41766357421875,97426.0
2026-06-30,161.27999877929688,164.42999267578125,160.91000366210938,162.05999755859375,161.19349670410156,143546.0
2026-07-01,162.05999755859375,165.5,162.05999755859375,163.1999969482422,162.327392578125,120685.0
2026-07-02,162.4199981689453,165.10000610351562,162.4199981689453,163.5399932861328,162.6655731201172,76605.0
2026-07-03,163.9499969482422,166.66000366210938,162.80999755859375,163.91000366210938,163.03359985351562,142831.0
2026-07-06,164.35000610351562,165.83999633789062,161.10000610351562,161.7100067138672,160.84536743164062,145607.0
2026-07-07,161.6999969482422,161.7100067138672,158.10000610351562,158.83999633789062,157.99070739746094,101223.0
2026-07-08,157.5,162.0800018310547,154.00999450683594,154.9600067138672,154.13145446777344,192093.0
2026-07-09,155.11000061035156,159.5800018310547,155.11000061035156,156.7899932861328,155.95166015625,156337.0
2026-07-10,156.4499969482422,160.25999450683594,155.52000427246094,157.39999389648438,156.5583953857422,393473.0
2026-07-13,157.0,158.67999267578125,156.2100067138672,156.75999450683594,155.9218292236328,97645.0
2026-07-14,157.89999389648438,157.89999389648438,153.82000732421875,155.25999450683594,154.42984008789062,124079.0
2026-07-15,155.5,158.89999389648438,155.5,156.1699981689453,155.33497619628906,86907.0
2026-07-16,162.0,171.94000244140625,156.1199951171875,157.6300048828125,156.7871856689453,3397549.0
2026-07-17,158.3000030517578,160.44000244140625,150.97999572753906,151.66000366210938,150.84910583496094,742496.0
2026-07-20,152.6999969482422,152.6999969482422,148.52000427246094,149.74000549316406,148.9393768310547,257786.0
2026-07-21,149.75,152.7899932861328,147.60000610351562,149.47000122070312,148.67080688476562,330170.0
2026-07-22,149.8000030517578,151.89999389648438,148.0,151.0800018310547,150.27220153808594,145120.0
2026-07-23,151.10000610351562,151.72000122070312,149.32000732421875,150.22000122070312,149.4167938232422,92193.0
2026-07-24,148.72999572753906,150.97999572753906,146.41000366210938,149.97999572753906,149.17807006835938,123172.0
2026-07-27,150.47999572753906,152.6699981689453,148.92999267578125,149.8800048828125,149.07862854003906,110128.0
2026-07-28,149.88999938964844,151.9499969482422,149.88999938964844,151.11000061035156,150.3020477294922,119105.0
2026-07-29,151.4499969482422,153.89999389648438,150.89999389648438,152.72999572753906,151.9133758544922,139686.0
2026-07-30,153.39999389648438,153.5,151.39999389648438,152.25,151.43594360351562,108221.0
2026-07-31,152.5,154.8000030517578,151.80999755859375,154.14999389648438,153.32577514648438,171718.0
2026-08-03,144.00999450683594,152.47999572753906,142.39999389648438,148.57000732421875,147.775634765625,1006156.0
2026-08-04,148.39999389648438,150.0800018310547,145.10000610351562,145.69000244140625,144.91102600097656,241438.0
2026-08-05,145.07000732421875,147.5399932861328,145.07000732421875,145.39999389648438,144.62255859375,157630.0
2026-08-06,145.50999450683594,146.99000549316406,145.00999450683594,145.61000061035156,144.83145141601562,92080.0
2026-08-07,145.0,145.97999572753906,144.8000030517578,145.2899932861328,144.51315307617188,68426.0
2026-08-10,145.19000244140625,146.49000549316406,143.00999450683594,143.7100067138672,142.94161987304688,119004.0
2026-08-11,143.10000610351562,143.6699981689453,142.5,143.22000122070312,142.4542236328125,78528.0
2026-08-12,142.57000732421875,143.35000610351562,141.72000122070312,142.08999633789062,141.33026123046875,122014.0
2026-08-13,141.85000610351562,143.14999389648438,141.6199951171875,141.9199981689453,141.1611785888672,70897.0
2026-08-14,141.3000030517578,142.32000732421875,140.0,140.52000427246094,139.76866149902344,91542.0
2026-08-17,140.39999389648438,142.64999389648438,139.86000061035156,141.0500030517578,140.29583740234375,137792.0
2026-08-18,140.0,141.52000427246094,138.0,138.19000244140625,137.4511260986328,129973.0
2026-08-19,138.19000244140625,138.97000122070312,136.35000610351562,137.2899932861328,136.55592346191406,81251.0
2026-08-20,138.14999389648438,139.08999633789062,137.35000610351562,138.05999755859375,137.32180786132812,68547.0
2026-08-21,138.14999389648438,143.63999938964844,138.14999389648438,140.27000427246094,139.52000427246094,152967.0
2026-08-24,141.4499969482422,142.25,139.16000366210938,139.94000244140625,139.94000244140625,81235.0
2026-08-25,140.0,142.1999969482422,139.3000030517578,139.66000366210938,139.66000366210938,94282.0
2026-08-26,139.9499969482422,141.08999633789062,139.5,140.47000122070312,140.47000122070312,52027.0
2026-08-27,140.47000122070312,141.25999450683594,137.02000427246094,137.7899932861328,137.7899932861328,124420.0
2026-08-28,138.10000610351562,140.0500030517578,138.10000610351562,139.0,139.0,48826.0
2026-08-31,138.7899932861328,138.7899932861328,136.22000122070312,136.86000061035156,136.86000061035156,76444.0
2026-09-01,137.25,138.39999389648438,136.5,138.24000549316406,138.24000549316406,52476.0
2026-09-02,136.8000030517578,137.61000061035156,135.61000061035156,136.4499969482422,136.4499969482422,66187.0
2026-09-03,136.5500030517578,138.85000610351562,136.52000427246094,137.5,137.5,83682.0
2026-09-04,137.10000610351562,138.9600067138672,137.10000610351562,138.33999633789062,138.33999633789062,67260.0
2026-09-08,136.6999969482422,136.7899932861328,133.89999389648438,134.64999389648438,134.64999389648438,129674.0
2026-09-09,134.64999389648438,136.97999572753906,133.52000427246094,136.05999755859375,136.05999755859375,87601.0
2026-09-10,136.8800048828125,137.5,135.0500030517578,135.74000549316406,135.74000549316406,45366.0
2026-09-11,134.52000427246094,135.64999389648438,133.3000030517578,133.69000244140625,133.69000244140625,100420.0
2026-09-15,134.10000610351562,134.27999877929688,132.00999450683594,132.67999267578125,132.67999267578125,99692.0
