date,open,high,low,close,adjclose,volume
2021-09-15,10.800000190734863,11.100000381469727,10.770000457763672,10.800000190734863,10.800000190734863,105255.0
2021-09-16,11.0,11.0,10.529999732971191,10.600000381469727,10.600000381469727,150545.0
2021-09-17,10.619999885559082,11.119999885559082,10.319999694824219,10.40999984741211,10.40999984741211,160030.0
2021-09-20,10.300000190734863,10.5600004196167,10.039999961853027,10.279999732971191,10.279999732971191,173970.0
2021-09-21,10.569999694824219,10.569999694824219,9.8100004196167,10.069999694824219,10.069999694824219,438590.0
2021-09-22,10.300000190734863,10.569999694824219,10.079999923706055,10.550000190734863,10.550000190734863,340280.0
2021-09-23,10.920000076293945,11.069999694824219,10.600000381469727,10.899999618530273,10.899999618530273,742835.0
2021-09-24,10.899999618530273,11.180000305175781,10.470000267028809,10.569999694824219,10.569999694824219,130390.0
2021-09-27,10.779999732971191,10.779999732971191,10.170000076293945,10.270000457763672,10.270000457763672,161365.0
2021-09-28,10.479999542236328,10.5,10.100000381469727,10.199999809265137,10.199999809265137,106970.0
2021-09-29,10.380000114440918,10.710000038146973,10.199999809265137,10.699999809265137,10.699999809265137,489515.0
2021-09-30,10.779999732971191,11.0,10.380000114440918,10.970000267028809,10.970000267028809,424590.0
2021-10-01,10.800000190734863,11.020000457763672,10.619999885559082,10.800000190734863,10.800000190734863,229580.0
2021-10-04,10.979999542236328,10.979999542236328,10.510000228881836,10.789999961853027,10.789999961853027,394820.0
2021-10-05,10.899999618530273,11.0,10.600000381469727,10.960000038146973,10.960000038146973,475285.0
2021-10-06,10.960000038146973,11.079999923706055,10.460000038146973,10.579999923706055,10.579999923706055,247460.0
2021-10-07,11.15999984741211,12.119999885559082,10.8100004196167,11.140000343322754,11.140000343322754,1916735.0
2021-10-08,11.260000228881836,11.260000228881836,10.84000015258789,10.9399995803833,10.9399995803833,292160.0
2021-10-11,10.729999542236328,11.289999961853027,10.729999542236328,11.170000076293945,11.170000076293945,281905.0
2021-10-12,11.260000228881836,11.399999618530273,11.020000457763672,11.140000343322754,11.140000343322754,215335.0
2021-10-13,11.390000343322754,11.390000343322754,10.819999694824219,11.020000457763672,11.020000457763672,323185.0
2021-10-14,11.239999771118164,11.239999771118164,10.949999809265137,11.0,11.0,183735.0
2021-10-18,10.859999656677246,11.300000190734863,10.859999656677246,11.079999923706055,11.079999923706055,386385.0
2021-10-19,11.25,11.25,10.800000190734863,10.859999656677246,10.859999656677246,721765.0
2021-10-20,11.0,11.0,10.40999984741211,10.4399995803833,10.4399995803833,249005.0
2021-10-21,10.449999809265137,10.800000190734863,10.380000114440918,10.399999618530273,10.399999618530273,74110.0
2021-10-22,10.649999618530273,10.65999984741211,10.210000038146973,10.300000190734863,10.300000190734863,85520.0
2021-10-25,10.300000190734863,10.760000228881836,9.800000190734863,9.979999542236328,9.979999542236328,121780.0
2021-10-26,10.170000076293945,10.770000457763672,9.65999984741211,9.890000343322754,9.890000343322754,1145325.0
2021-10-27,9.989999771118164,11.600000381469727,9.880000114440918,10.329999923706055,10.329999923706055,1648745.0
2021-10-28,10.329999923706055,11.489999771118164,10.329999923706055,10.829999923706055,10.829999923706055,1494310.0
2021-10-29,10.430000305175781,10.789999961853027,10.300000190734863,10.539999961853027,10.539999961853027,190815.0
2021-11-01,10.899999618530273,11.109999656677246,10.399999618530273,10.680000305175781,10.680000305175781,123330.0
2021-11-02,10.600000381469727,11.300000190734863,10.600000381469727,11.050000190734863,11.050000190734863,608110.0
2021-11-03,11.1899995803833,11.279999732971191,11.010000228881836,11.069999694824219,11.069999694824219,262270.0
2021-11-04,11.279999732971191,11.3100004196167,11.109999656677246,11.279999732971191,11.279999732971191,221325.0
2021-11-08,11.199999809265137,13.0,10.970000267028809,11.4399995803833,11.4399995803833,3107585.0
2021-11-09,11.4399995803833,12.460000038146973,11.4399995803833,11.600000381469727,11.600000381469727,1771620.0
2021-11-10,11.699999809265137,13.289999961853027,11.449999809265137,12.710000038146973,12.710000038146973,4554215.0
2021-11-11,12.600000381469727,13.880000114440918,12.220000267028809,13.09000015258789,13.09000015258789,2655520.0
2021-11-12,13.199999809265137,13.380000114440918,12.800000190734863,12.930000305175781,12.930000305175781,569295.0
2021-11-15,13.0,13.65999984741211,12.0,12.239999771118164,12.239999771118164,1108815.0
2021-11-16,12.239999771118164,12.329999923706055,11.550000190734863,11.720000267028809,11.720000267028809,730620.0
2021-11-17,11.460000038146973,12.079999923706055,11.460000038146973,11.75,11.75,206750.0
2021-11-18,11.899999618530273,11.9399995803833,11.029999732971191,11.140000343322754,11.140000343322754,331375.0
2021-11-22,11.380000114440918,11.380000114440918,10.289999961853027,10.600000381469727,10.600000381469727,242660.0
2021-11-23,10.699999809265137,11.680000305175781,10.420000076293945,11.40999984741211,11.40999984741211,258840.0
2021-11-24,11.699999809265137,11.710000038146973,11.3100004196167,11.510000228881836,11.510000228881836,172075.0
2021-11-25,11.739999771118164,11.739999771118164,11.319999694824219,11.390000343322754,11.390000343322754,133950.0
2021-11-26,11.199999809265137,11.329999923706055,10.529999732971191,10.819999694824219,10.819999694824219,306460.0
2021-11-29,10.850000381469727,11.289999961853027,10.109999656677246,10.5600004196167,10.5600004196167,263865.0
2021-11-30,10.699999809265137,10.789999961853027,10.479999542236328,10.579999923706055,10.579999923706055,164065.0
2021-12-01,10.75,12.6899995803833,10.510000228881836,11.899999618530273,11.899999618530273,1514125.0
2021-12-02,11.899999618530273,12.09000015258789,11.140000343322754,11.539999961853027,11.539999961853027,483050.0
2021-12-03,11.399999618530273,11.710000038146973,11.199999809265137,11.289999961853027,11.289999961853027,199255.0
2021-12-06,11.5,11.550000190734863,11.050000190734863,11.1899995803833,11.1899995803833,151825.0
2021-12-07,11.420000076293945,11.460000038146973,10.65999984741211,11.1899995803833,11.1899995803833,165350.0
2021-12-08,11.359999656677246,11.65999984741211,10.0,11.039999961853027,11.039999961853027,1702385.0
2021-12-09,11.34000015258789,11.720000267028809,11.079999923706055,11.329999923706055,11.329999923706055,334280.0
2021-12-10,11.399999618530273,11.579999923706055,11.0,11.3100004196167,11.3100004196167,508350.0
2021-12-13,11.3100004196167,11.960000038146973,11.3100004196167,11.729999542236328,11.729999542236328,618010.0
2021-12-14,11.699999809265137,11.979999542236328,11.529999732971191,11.930000305175781,11.930000305175781,307790.0
2021-12-15,11.819999694824219,12.40999984741211,11.819999694824219,12.0,12.0,531210.0
2021-12-16,12.260000228881836,12.260000228881836,11.600000381469727,11.6899995803833,11.6899995803833,186390.0
2021-12-17,11.979999542236328,11.979999542236328,11.289999961853027,11.3100004196167,11.3100004196167,286820.0
2021-12-20,11.289999961853027,11.350000381469727,10.420000076293945,10.640000343322754,10.640000343322754,446760.0
2021-12-21,11.180000305175781,11.180000305175781,10.710000038146973,10.920000076293945,10.920000076293945,150595.0
2021-12-22,11.149999618530273,11.5,10.899999618530273,11.050000190734863,11.050000190734863,140225.0
2021-12-23,11.199999809265137,11.359999656677246,10.800000190734863,11.020000457763672,11.020000457763672,147905.0
2021-12-24,11.300000190734863,11.380000114440918,10.920000076293945,10.989999771118164,10.989999771118164,64210.0
2021-12-27,10.920000076293945,11.390000343322754,10.800000190734863,11.069999694824219,11.069999694824219,679065.0
2021-12-28,11.300000190734863,11.3100004196167,11.039999961853027,11.119999885559082,11.119999885559082,132595.0
2021-12-29,11.119999885559082,11.180000305175781,11.010000228881836,11.109999656677246,11.109999656677246,88435.0
2021-12-30,11.109999656677246,11.300000190734863,10.989999771118164,11.199999809265137,11.199999809265137,286245.0
2021-12-31,11.1899995803833,11.479999542236328,11.1899995803833,11.460000038146973,11.460000038146973,189665.0
2022-01-03,11.5,12.020000457763672,11.5,11.899999618530273,11.899999618530273,739510.0
2022-01-04,11.899999618530273,12.079999923706055,11.5,11.6899995803833,11.6899995803833,306735.0
2022-01-05,11.779999732971191,12.0,11.5,11.720000267028809,11.720000267028809,563465.0
2022-01-06,11.600000381469727,13.470000267028809,11.600000381469727,12.109999656677246,12.109999656677246,1237020.0
2022-01-07,12.1899995803833,12.449999809265137,11.800000190734863,11.880000114440918,11.880000114440918,394860.0
2022-01-10,11.989999771118164,12.670000076293945,11.90999984741211,12.239999771118164,12.239999771118164,558770.0
2022-01-11,12.390000343322754,12.390000343322754,11.9399995803833,11.979999542236328,11.979999542236328,274805.0
2022-01-12,12.180000305175781,12.489999771118164,12.039999961853027,12.329999923706055,12.329999923706055,358370.0
2022-01-13,12.479999542236328,12.479999542236328,12.149999618530273,12.329999923706055,12.329999923706055,430570.0
2022-01-14,12.3100004196167,12.420000076293945,11.09000015258789,11.670000076293945,11.670000076293945,1322140.0
2022-01-17,11.890000343322754,12.149999618530273,11.0600004196167,11.229999542236328,11.229999542236328,4088645.0
2022-01-18,11.380000114440918,11.4399995803833,10.399999618530273,10.520000457763672,10.520000457763672,1467275.0
2022-01-19,10.5600004196167,10.739999771118164,10.020000457763672,10.5,10.5,2537645.0
2022-01-20,10.579999923706055,11.100000381469727,10.109999656677246,10.430000305175781,10.430000305175781,2651890.0
2022-01-21,10.40999984741211,10.5600004196167,10.220000267028809,10.359999656677246,10.359999656677246,754645.0
2022-01-24,10.369999885559082,10.619999885559082,9.199999809265137,9.359999656677246,9.359999656677246,2408050.0
2022-01-25,9.720000267028809,10.100000381469727,9.119999885559082,9.710000038146973,9.710000038146973,1955465.0
2022-01-27,9.729999542236328,9.859999656677246,9.399999618530273,9.65999984741211,9.65999984741211,491930.0
2022-01-28,9.850000381469727,10.079999923706055,9.460000038146973,9.770000457763672,9.770000457763672,555030.0
2022-01-31,9.800000190734863,10.170000076293945,9.729999542236328,9.819999694824219,9.819999694824219,725710.0
2022-02-01,9.850000381469727,10.25,9.850000381469727,10.079999923706055,10.079999923706055,583540.0
2022-02-02,10.319999694824219,10.600000381469727,9.899999618530273,10.149999618530273,10.149999618530273,645520.0
2022-02-03,10.260000228881836,10.380000114440918,10.119999885559082,10.329999923706055,10.329999923706055,155380.0
2022-02-04,10.449999809265137,10.579999923706055,10.3100004196167,10.449999809265137,10.449999809265137,359935.0
2022-02-07,10.65999984741211,10.699999809265137,10.0600004196167,10.399999618530273,10.399999618530273,645220.0
2022-02-08,10.609999656677246,10.609999656677246,10.229999542236328,10.270000457763672,10.270000457763672,232510.0
2022-02-09,10.279999732971191,10.579999923706055,10.100000381469727,10.25,10.25,451155.0
2022-02-10,10.300000190734863,10.470000267028809,10.180000305175781,10.3100004196167,10.3100004196167,206255.0
2022-02-11,10.399999618530273,10.4399995803833,10.170000076293945,10.289999961853027,10.289999961853027,157245.0
2022-02-14,10.109999656677246,10.239999771118164,9.479999542236328,9.800000190734863,9.800000190734863,584740.0
2022-02-15,9.800000190734863,10.199999809265137,9.739999771118164,10.119999885559082,10.119999885559082,172345.0
2022-02-16,10.119999885559082,10.390000343322754,10.100000381469727,10.260000228881836,10.260000228881836,194795.0
2022-02-17,10.270000457763672,10.399999618530273,10.130000114440918,10.149999618530273,10.149999618530273,132135.0
2022-02-18,10.0,10.1899995803833,9.850000381469727,9.899999618530273,9.899999618530273,138505.0
2022-02-21,9.880000114440918,9.880000114440918,9.489999771118164,9.5600004196167,9.5600004196167,188295.0
2022-02-22,9.199999809265137,9.399999618530273,8.979999542236328,9.149999618530273,9.149999618530273,238435.0
2022-02-23,9.5,9.65999984741211,9.15999984741211,9.40999984741211,9.40999984741211,134300.0
2022-02-24,9.109999656677246,9.25,8.199999809265137,8.350000381469727,8.350000381469727,669230.0
2022-02-25,8.470000267028809,9.100000381469727,8.470000267028809,8.960000038146973,8.960000038146973,128715.0
2022-02-28,9.1899995803833,9.1899995803833,8.949999809265137,9.119999885559082,9.119999885559082,54590.0
2022-03-02,9.130000114440918,9.489999771118164,9.0,9.380000114440918,9.380000114440918,131935.0
2022-03-03,9.739999771118164,9.970000267028809,9.270000457763672,9.5600004196167,9.5600004196167,351885.0
2022-03-04,9.630000114440918,9.630000114440918,9.220000267028809,9.279999732971191,9.279999732971191,113585.0
2022-03-07,8.9399995803833,9.210000038146973,7.519999980926514,8.949999809265137,8.949999809265137,476270.0
2022-03-08,9.180000305175781,9.800000190734863,9.0,9.279999732971191,9.279999732971191,318210.0
2022-03-09,9.550000190734863,9.649999618530273,9.140000343322754,9.550000190734863,9.550000190734863,249385.0
2022-03-10,9.880000114440918,10.1899995803833,9.600000381469727,9.9399995803833,9.9399995803833,476600.0
2022-03-11,10.289999961853027,10.289999961853027,9.420000076293945,9.8100004196167,9.8100004196167,275995.0
2022-03-14,10.0,10.300000190734863,9.239999771118164,9.569999694824219,9.569999694824219,409210.0
2022-03-15,9.699999809265137,9.779999732971191,9.40999984741211,9.5,9.5,207905.0
2022-03-16,9.579999923706055,9.850000381469727,9.050000190734863,9.329999923706055,9.329999923706055,370610.0
2022-03-17,9.34000015258789,9.600000381469727,9.229999542236328,9.279999732971191,9.279999732971191,831345.0
2022-03-21,9.3100004196167,9.390000343322754,8.420000076293945,9.109999656677246,9.109999656677246,688005.0
2022-03-22,9.279999732971191,9.399999618530273,9.0,9.279999732971191,9.279999732971191,264305.0
2022-03-23,9.390000343322754,9.460000038146973,8.90999984741211,9.140000343322754,9.140000343322754,161030.0
2022-03-24,9.0,9.279999732971191,9.0,9.15999984741211,9.15999984741211,179555.0
2022-03-25,9.119999885559082,9.399999618530273,9.079999923706055,9.220000267028809,9.220000267028809,236870.0
2022-03-28,9.390000343322754,9.390000343322754,8.5600004196167,8.850000381469727,8.850000381469727,520385.0
2022-03-29,9.029999732971191,9.029999732971191,8.449999809265137,8.619999885559082,8.619999885559082,405600.0
2022-03-30,8.699999809265137,8.899999618530273,8.65999984741211,8.720000267028809,8.720000267028809,187910.0
2022-03-31,8.770000457763672,9.199999809265137,8.65999984741211,8.770000457763672,8.770000457763672,650875.0
2022-04-01,8.800000190734863,9.180000305175781,8.800000190734863,9.100000381469727,9.100000381469727,921420.0
2022-04-04,9.270000457763672,9.600000381469727,8.420000076293945,8.970000267028809,8.970000267028809,1628070.0
2022-04-05,9.319999694824219,9.680000305175781,9.140000343322754,9.399999618530273,9.399999618530273,3501485.0
2022-04-06,9.600000381469727,11.279999732971191,9.600000381469727,10.949999809265137,10.949999809265137,12393565.0
2022-04-07,11.039999961853027,12.09000015258789,10.899999618530273,11.6899995803833,11.6899995803833,4656285.0
2022-04-08,11.789999961853027,12.359999656677246,11.050000190734863,11.550000190734863,11.550000190734863,2494170.0
2022-04-11,11.460000038146973,11.760000228881836,11.140000343322754,11.300000190734863,11.300000190734863,1263680.0
2022-04-12,11.359999656677246,11.539999961853027,10.619999885559082,10.760000228881836,10.760000228881836,1160570.0
2022-04-13,11.199999809265137,12.279999732971191,10.520000457763672,10.6899995803833,10.6899995803833,6471325.0
2022-04-18,10.619999885559082,11.399999618530273,10.5,11.15999984741211,11.15999984741211,1961395.0
2022-04-19,11.399999618530273,11.609999656677246,10.960000038146973,11.109999656677246,11.109999656677246,1266465.0
2022-04-20,11.5,11.5,11.029999732971191,11.140000343322754,11.140000343322754,511870.0
2022-04-21,11.300000190734863,11.579999923706055,11.140000343322754,11.380000114440918,11.380000114440918,785820.0
2022-04-22,11.380000114440918,12.850000381469727,11.239999771118164,12.039999961853027,12.039999961853027,8547120.0
2022-04-25,11.869999885559082,12.15999984741211,11.399999618530273,11.949999809265137,11.949999809265137,1316175.0
2022-04-26,12.100000381469727,12.34000015258789,11.5,11.600000381469727,11.600000381469727,1356355.0
2022-04-27,11.600000381469727,11.800000190734863,10.640000343322754,10.920000076293945,10.920000076293945,2911065.0
2022-04-28,10.800000190734863,11.479999542236328,10.800000190734863,11.020000457763672,11.020000457763672,886930.0
2022-04-29,11.020000457763672,11.390000343322754,10.819999694824219,10.899999618530273,10.899999618530273,634285.0
2022-05-02,10.600000381469727,10.819999694824219,10.5,10.630000114440918,10.630000114440918,401970.0
2022-05-04,10.850000381469727,10.850000381469727,10.180000305175781,10.34000015258789,10.34000015258789,421010.0
2022-05-05,10.390000343322754,10.59000015258789,10.109999656677246,10.199999809265137,10.199999809265137,321310.0
2022-05-06,10.170000076293945,10.619999885559082,9.869999885559082,10.399999618530273,10.399999618530273,380870.0
2022-05-09,10.289999961853027,10.319999694824219,9.859999656677246,9.949999809265137,9.949999809265137,401100.0
2022-05-10,9.949999809265137,10.350000381469727,9.899999618530273,10.020000457763672,10.020000457763672,250545.0
2022-05-11,9.819999694824219,10.15999984741211,9.010000228881836,9.359999656677246,9.359999656677246,833285.0
2022-05-12,9.529999732971191,9.539999961853027,9.010000228881836,9.270000457763672,9.270000457763672,328890.0
2022-05-13,9.399999618530273,9.9399995803833,9.279999732971191,9.640000343322754,9.640000343322754,333130.0
2022-05-16,9.779999732971191,9.979999542236328,9.65999984741211,9.75,9.75,78170.0
2022-05-17,9.649999618530273,10.520000457763672,9.649999618530273,10.34000015258789,10.34000015258789,339550.0
2022-05-18,10.5,10.5,10.0600004196167,10.09000015258789,10.09000015258789,78550.0
2022-05-19,9.779999732971191,10.279999732971191,9.699999809265137,10.149999618530273,10.149999618530273,116470.0
2022-05-20,10.300000190734863,10.470000267028809,10.220000267028809,10.420000076293945,10.420000076293945,212005.0
2022-05-23,10.300000190734863,10.550000190734863,9.880000114440918,9.979999542236328,9.979999542236328,447015.0
2022-05-24,10.149999618530273,10.149999618530273,9.489999771118164,9.550000190734863,9.550000190734863,220950.0
2022-05-25,9.640000343322754,9.680000305175781,8.670000076293945,8.960000038146973,8.960000038146973,773670.0
2022-05-26,9.239999771118164,9.390000343322754,8.90999984741211,9.229999542236328,9.229999542236328,111305.0
2022-05-27,9.5,9.579999923706055,9.069999694824219,9.40999984741211,9.40999984741211,101090.0
2022-05-30,9.449999809265137,9.680000305175781,9.399999618530273,9.489999771118164,9.489999771118164,130050.0
2022-05-31,9.350000381469727,9.6899995803833,9.350000381469727,9.369999885559082,9.369999885559082,99120.0
2022-06-01,9.529999732971191,9.550000190734863,9.380000114440918,9.430000305175781,9.430000305175781,35970.0
2022-06-02,9.430000305175781,9.699999809265137,9.390000343322754,9.579999923706055,9.579999923706055,174910.0
2022-06-03,9.699999809265137,9.800000190734863,9.600000381469727,9.680000305175781,9.680000305175781,166010.0
2022-06-06,9.680000305175781,9.75,9.420000076293945,9.520000457763672,9.520000457763672,137985.0
2022-06-07,9.680000305175781,9.699999809265137,9.350000381469727,9.640000343322754,9.640000343322754,172435.0
2022-06-08,9.680000305175781,9.8100004196167,9.329999923706055,9.5600004196167,9.5600004196167,181575.0
2022-06-09,9.5,9.5,9.229999542236328,9.350000381469727,9.350000381469727,160105.0
2022-06-10,9.319999694824219,9.5,9.199999809265137,9.260000228881836,9.260000228881836,61690.0
2022-06-13,9.199999809265137,9.199999809265137,8.8100004196167,8.90999984741211,8.90999984741211,108455.0
2022-06-14,9.0,9.15999984741211,8.850000381469727,9.020000457763672,9.020000457763672,80275.0
2022-06-15,8.899999618530273,9.170000076293945,8.84000015258789,8.989999771118164,8.989999771118164,1604565.0
2022-06-16,9.329999923706055,9.329999923706055,8.449999809265137,8.630000114440918,8.630000114440918,148580.0
2022-06-17,8.699999809265137,8.760000228881836,7.599999904632568,8.09000015258789,8.09000015258789,1082825.0
2022-06-20,8.390000343322754,8.390000343322754,7.599999904632568,7.789999961853027,7.789999961853027,941870.0
2022-06-21,7.800000190734863,8.1899995803833,7.800000190734863,8.0600004196167,8.0600004196167,68600.0
2022-06-22,8.0,8.020000457763672,7.78000020980835,7.809999942779541,7.809999942779541,158790.0
2022-06-23,8.079999923706055,8.149999618530273,7.840000152587891,8.010000228881836,8.010000228881836,46610.0
2022-06-24,8.149999618530273,8.279999732971191,8.010000228881836,8.220000267028809,8.220000267028809,71930.0
2022-06-27,8.210000038146973,8.239999771118164,8.010000228881836,8.079999923706055,8.079999923706055,104550.0
2022-06-28,8.079999923706055,8.079999923706055,7.559999942779541,7.96999979019165,7.96999979019165,48010.0
2022-06-29,8.0,8.0,7.800000190734863,7.860000133514404,7.860000133514404,70835.0
2022-06-30,7.960000038146973,8.0,7.769999980926514,7.800000190734863,7.800000190734863,74430.0
2022-07-01,7.800000190734863,7.920000076293945,7.559999942779541,7.840000152587891,7.840000152587891,94550.0
2022-07-04,7.840000152587891,7.840000152587891,7.579999923706055,7.670000076293945,7.670000076293945,198865.0
2022-07-05,7.900000095367432,7.900000095367432,7.699999809265137,7.809999942779541,7.809999942779541,87960.0
2022-07-06,7.900000095367432,8.079999923706055,7.659999847412109,7.849999904632568,7.849999904632568,152885.0
2022-07-07,7.71999979019165,8.069999694824219,7.71999979019165,8.010000228881836,8.010000228881836,126325.0
2022-07-08,8.079999923706055,8.130000114440918,7.889999866485596,8.0,8.0,230300.0
2022-07-11,8.0,8.479999542236328,7.800000190734863,8.279999732971191,8.279999732971191,356900.0
2022-07-12,8.359999656677246,8.359999656677246,7.809999942779541,7.900000095367432,7.900000095367432,251685.0
2022-07-13,7.860000133514404,8.0600004196167,7.800000190734863,7.880000114440918,7.880000114440918,122160.0
2022-07-14,7.980000019073486,8.199999809265137,7.800000190734863,7.929999828338623,7.929999828338623,197295.0
2022-07-15,7.949999809265137,8.050000190734863,7.900000095367432,7.949999809265137,7.949999809265137,32465.0
2022-07-18,8.109999656677246,8.300000190734863,7.940000057220459,8.100000381469727,8.100000381469727,367105.0
2022-07-19,8.079999923706055,8.300000190734863,8.079999923706055,8.130000114440918,8.130000114440918,96050.0
2022-07-20,8.199999809265137,8.5,8.199999809265137,8.399999618530273,8.399999618530273,431385.0
2022-07-21,8.399999618530273,8.479999542236328,8.270000457763672,8.430000305175781,8.430000305175781,53980.0
2022-07-22,8.489999771118164,8.489999771118164,8.039999961853027,8.369999885559082,8.369999885559082,112760.0
2022-07-25,8.5,8.5,8.1899995803833,8.40999984741211,8.40999984741211,60925.0
2022-07-26,8.40999984741211,9.15999984741211,8.40999984741211,8.970000267028809,8.970000267028809,879080.0
2022-07-27,9.15999984741211,9.960000038146973,9.029999732971191,9.5,9.5,659305.0
2022-07-28,9.5,9.829999923706055,9.319999694824219,9.460000038146973,9.460000038146973,426680.0
2022-07-29,9.460000038146973,9.630000114440918,9.239999771118164,9.3100004196167,9.3100004196167,239485.0
2022-08-01,9.390000343322754,9.720000267028809,9.260000228881836,9.40999984741211,9.40999984741211,291590.0
2022-08-02,9.5,9.5,9.010000228881836,9.109999656677246,9.109999656677246,256695.0
2022-08-03,9.470000267028809,9.5,9.199999809265137,9.34000015258789,9.34000015258789,103155.0
2022-08-04,9.489999771118164,9.5,9.149999618530273,9.199999809265137,9.199999809265137,128330.0
2022-08-05,9.279999732971191,9.390000343322754,9.180000305175781,9.1899995803833,9.1899995803833,88500.0
2022-08-08,9.380000114440918,9.399999618530273,9.050000190734863,9.100000381469727,9.100000381469727,67965.0
2022-08-10,9.100000381469727,9.460000038146973,9.100000381469727,9.149999618530273,9.149999618530273,151740.0
2022-08-11,9.149999618530273,9.359999656677246,9.039999961853027,9.069999694824219,9.069999694824219,82320.0
2022-08-12,9.289999961853027,9.300000190734863,9.079999923706055,9.109999656677246,9.109999656677246,89245.0
2022-08-16,9.140000343322754,9.649999618530273,9.140000343322754,9.390000343322754,9.390000343322754,208560.0
2022-08-17,9.569999694824219,9.899999618530273,9.270000457763672,9.449999809265137,9.449999809265137,668685.0
2022-08-18,9.600000381469727,9.710000038146973,9.40999984741211,9.609999656677246,9.609999656677246,323425.0
2022-08-19,9.699999809265137,9.699999809265137,9.399999618530273,9.449999809265137,9.449999809265137,110185.0
2022-08-22,9.449999809265137,9.699999809265137,9.300000190734863,9.350000381469727,9.350000381469727,392490.0
2022-08-23,9.199999809265137,9.800000190734863,9.199999809265137,9.529999732971191,9.529999732971191,314245.0
2022-08-24,9.399999618530273,9.670000076293945,9.380000114440918,9.609999656677246,9.609999656677246,139470.0
2022-08-25,9.699999809265137,9.800000190734863,9.5,9.59000015258789,9.59000015258789,141565.0
2022-08-26,9.600000381469727,9.630000114440918,9.430000305175781,9.510000228881836,9.510000228881836,112815.0
2022-08-29,9.300000190734863,9.460000038146973,9.0600004196167,9.390000343322754,9.390000343322754,131440.0
2022-08-30,9.539999961853027,9.619999885559082,9.319999694824219,9.510000228881836,9.510000228881836,114675.0
2022-09-01,9.510000228881836,9.75,9.449999809265137,9.550000190734863,9.550000190734863,196035.0
2022-09-02,9.489999771118164,10.0600004196167,9.460000038146973,9.539999961853027,9.539999961853027,827600.0
2022-09-05,9.420000076293945,9.8100004196167,9.420000076293945,9.510000228881836,9.510000228881836,299925.0
2022-09-06,9.670000076293945,9.670000076293945,9.300000190734863,9.359999656677246,9.359999656677246,238215.0
2022-09-07,9.260000228881836,9.59000015258789,9.260000228881836,9.329999923706055,9.329999923706055,531435.0
2022-09-08,9.399999618530273,9.59000015258789,9.239999771118164,9.34000015258789,9.34000015258789,227320.0
2022-09-09,9.399999618530273,9.5,9.319999694824219,9.369999885559082,9.369999885559082,123730.0
2022-09-12,9.369999885559082,9.449999809265137,9.319999694824219,9.329999923706055,9.329999923706055,104850.0
2022-09-13,9.399999618530273,9.420000076293945,8.649999618530273,9.149999618530273,9.149999618530273,388955.0
2022-09-14,9.239999771118164,9.40999984741211,9.0,9.300000190734863,9.300000190734863,166700.0
2022-09-15,9.390000343322754,9.399999618530273,9.0,9.210000038146973,9.210000038146973,215355.0
2022-09-16,9.199999809265137,9.239999771118164,9.039999961853027,9.0600004196167,9.0600004196167,248635.0
2022-09-19,9.0600004196167,9.369999885559082,9.020000457763672,9.050000190734863,9.050000190734863,82380.0
2022-09-20,9.100000381469727,9.170000076293945,9.0,9.0600004196167,9.0600004196167,44665.0
2022-09-21,9.0600004196167,9.199999809265137,8.899999618530273,8.970000267028809,8.970000267028809,114560.0
2022-09-22,8.970000267028809,9.0600004196167,8.760000228881836,8.960000038146973,8.960000038146973,115400.0
2022-09-23,8.90999984741211,9.050000190734863,8.5,8.550000190734863,8.550000190734863,289410.0
2022-09-26,8.550000190734863,8.579999923706055,7.960000038146973,8.020000457763672,8.020000457763672,308095.0
2022-09-27,8.579999923706055,8.579999923706055,8.039999961853027,8.239999771118164,8.239999771118164,142315.0
2022-09-28,8.239999771118164,9.1899995803833,8.170000076293945,8.789999961853027,8.789999961853027,147985.0
2022-09-29,8.779999732971191,8.949999809265137,8.609999656677246,8.65999984741211,8.65999984741211,73630.0
2022-09-30,8.65999984741211,8.779999732971191,8.220000267028809,8.350000381469727,8.350000381469727,178655.0
2022-10-03,8.359999656677246,8.850000381469727,8.170000076293945,8.210000038146973,8.210000038146973,143805.0
2022-10-04,8.760000228881836,8.770000457763672,8.170000076293945,8.279999732971191,8.279999732971191,148680.0
2022-10-06,8.3100004196167,8.5600004196167,8.3100004196167,8.510000228881836,8.510000228881836,89325.0
2022-10-07,8.59000015258789,8.65999984741211,8.289999961853027,8.5,8.5,188480.0
2022-10-10,8.5600004196167,8.5600004196167,8.270000457763672,8.319999694824219,8.319999694824219,143380.0
2022-10-11,8.529999732971191,8.529999732971191,8.119999885559082,8.210000038146973,8.210000038146973,111935.0
2022-10-12,8.34000015258789,8.34000015258789,8.010000228881836,8.119999885559082,8.119999885559082,39310.0
2022-10-13,8.170000076293945,8.220000267028809,8.029999732971191,8.119999885559082,8.119999885559082,54645.0
2022-10-14,8.3100004196167,8.3100004196167,8.039999961853027,8.09000015258789,8.09000015258789,73290.0
2022-10-17,8.109999656677246,8.170000076293945,8.020000457763672,8.09000015258789,8.09000015258789,47635.0
2022-10-18,8.380000114440918,8.380000114440918,8.130000114440918,8.199999809265137,8.199999809265137,15395.0
2022-10-19,8.300000190734863,8.300000190734863,8.0,8.1899995803833,8.1899995803833,82205.0
2022-10-20,8.149999618530273,8.59000015258789,7.75,8.319999694824219,8.319999694824219,307375.0
2022-10-21,8.4399995803833,8.489999771118164,8.260000228881836,8.380000114440918,8.380000114440918,100735.0
2022-10-24,8.979999542236328,8.979999542236328,8.5,8.770000457763672,8.770000457763672,237655.0
2022-10-25,8.710000038146973,8.850000381469727,8.619999885559082,8.680000305175781,8.680000305175781,96975.0
2022-10-27,8.979999542236328,8.979999542236328,8.369999885559082,8.539999961853027,8.539999961853027,169765.0
2022-10-28,8.710000038146973,8.710000038146973,8.399999618530273,8.460000038146973,8.460000038146973,38905.0
2022-10-31,8.739999771118164,8.739999771118164,8.420000076293945,8.609999656677246,8.609999656677246,96230.0
2022-11-01,8.729999542236328,8.75,8.5,8.640000343322754,8.640000343322754,94805.0
2022-11-02,8.770000457763672,8.770000457763672,8.619999885559082,8.720000267028809,8.720000267028809,70775.0
2022-11-03,8.720000267028809,8.770000457763672,7.159999847412109,8.3100004196167,8.3100004196167,827050.0
2022-11-04,8.489999771118164,9.289999961853027,8.260000228881836,8.8100004196167,8.8100004196167,429850.0
2022-11-07,9.149999618530273,9.149999618530273,8.65999984741211,8.720000267028809,8.720000267028809,221390.0
2022-11-09,8.789999961853027,8.899999618530273,8.449999809265137,8.489999771118164,8.489999771118164,188610.0
2022-11-10,8.5,8.600000381469727,8.40999984741211,8.5,8.5,62810.0
2022-11-11,8.510000228881836,8.640000343322754,8.449999809265137,8.520000457763672,8.520000457763672,59090.0
2022-11-14,8.680000305175781,8.979999542236328,8.050000190734863,8.220000267028809,8.220000267028809,565485.0
2022-11-15,8.229999542236328,8.539999961853027,8.229999542236328,8.420000076293945,8.420000076293945,81885.0
2022-11-16,8.539999961853027,8.699999809265137,8.300000190734863,8.359999656677246,8.359999656677246,81535.0
2022-11-17,8.3100004196167,8.479999542236328,8.300000190734863,8.34000015258789,8.34000015258789,75785.0
2022-11-18,8.350000381469727,8.449999809265137,8.239999771118164,8.289999961853027,8.289999961853027,58700.0
2022-11-21,8.510000228881836,8.520000457763672,8.199999809265137,8.220000267028809,8.220000267028809,105425.0
2022-11-22,8.149999618530273,8.470000267028809,8.100000381469727,8.130000114440918,8.130000114440918,167065.0
2022-11-23,8.130000114440918,8.3100004196167,8.130000114440918,8.1899995803833,8.1899995803833,31455.0
2022-11-24,8.369999885559082,8.390000343322754,8.069999694824219,8.170000076293945,8.170000076293945,289455.0
2022-11-25,8.180000305175781,8.34000015258789,8.180000305175781,8.289999961853027,8.289999961853027,38715.0
2022-11-28,8.289999961853027,8.300000190734863,7.809999942779541,8.199999809265137,8.199999809265137,228175.0
2022-11-29,8.390000343322754,8.390000343322754,8.15999984741211,8.1899995803833,8.1899995803833,137575.0
2022-11-30,8.1899995803833,8.380000114440918,8.0,8.130000114440918,8.130000114440918,197845.0
2022-12-01,8.260000228881836,8.359999656677246,8.199999809265137,8.319999694824219,8.319999694824219,80505.0
2022-12-02,8.220000267028809,8.359999656677246,8.220000267028809,8.329999923706055,8.329999923706055,174055.0
2022-12-05,8.390000343322754,8.5,8.119999885559082,8.390000343322754,8.390000343322754,189410.0
2022-12-06,8.3100004196167,8.489999771118164,8.220000267028809,8.34000015258789,8.34000015258789,396455.0
2022-12-07,8.399999618530273,8.539999961853027,8.300000190734863,8.479999542236328,8.479999542236328,230505.0
2022-12-08,8.479999542236328,8.600000381469727,8.399999618530273,8.539999961853027,8.539999961853027,87675.0
2022-12-09,8.600000381469727,8.6899995803833,8.390000343322754,8.65999984741211,8.65999984741211,476720.0
2022-12-12,8.90999984741211,10.09000015258789,8.720000267028809,9.550000190734863,9.550000190734863,6142875.0
2022-12-13,9.460000038146973,9.609999656677246,9.130000114440918,9.199999809265137,9.199999809265137,1457205.0
2022-12-14,9.279999732971191,9.630000114440918,9.039999961853027,9.520000457763672,9.520000457763672,1376060.0
2022-12-15,9.609999656677246,10.390000343322754,9.350000381469727,10.149999618530273,10.149999618530273,5840445.0
2022-12-16,10.15999984741211,10.539999961853027,10.020000457763672,10.319999694824219,10.319999694824219,2767940.0
2022-12-19,10.539999961853027,10.539999961853027,9.600000381469727,9.760000228881836,9.760000228881836,1804195.0
2022-12-20,9.8100004196167,11.710000038146973,9.8100004196167,11.710000038146973,11.710000038146973,15400110.0
2022-12-21,12.0,12.489999771118164,11.220000267028809,12.149999618530273,12.149999618530273,17456635.0
2022-12-22,12.170000076293945,12.579999923706055,11.380000114440918,11.90999984741211,11.90999984741211,4912455.0
2022-12-23,11.600000381469727,11.869999885559082,11.0,11.069999694824219,11.069999694824219,2687425.0
2022-12-26,10.760000228881836,12.180000305175781,10.760000228881836,10.859999656677246,10.859999656677246,3081755.0
2022-12-27,10.979999542236328,11.979999542236328,10.899999618530273,11.75,11.75,2633930.0
2022-12-28,11.789999961853027,11.880000114440918,11.149999618530273,11.270000457763672,11.270000457763672,1991140.0
2022-12-29,11.199999809265137,11.319999694824219,10.960000038146973,11.029999732971191,11.029999732971191,926145.0
2022-12-30,11.220000267028809,11.579999923706055,10.899999618530273,10.9399995803833,10.9399995803833,2472885.0
2023-01-02,10.9399995803833,11.800000190734863,10.930000305175781,11.300000190734863,11.300000190734863,6176965.0
2023-01-03,11.369999885559082,11.550000190734863,10.960000038146973,11.25,11.25,3287145.0
2023-01-04,11.25,11.34000015258789,10.859999656677246,10.960000038146973,10.960000038146973,2058010.0
2023-01-05,11.039999961853027,11.34000015258789,10.859999656677246,10.90999984741211,10.90999984741211,1795335.0
2023-01-06,11.069999694824219,11.079999923706055,10.720000267028809,10.829999923706055,10.829999923706055,1114995.0
2023-01-09,11.25,11.279999732971191,10.520000457763672,10.680000305175781,10.680000305175781,1581415.0
2023-01-10,10.829999923706055,11.3100004196167,10.75,11.100000381469727,11.100000381469727,2461600.0
2023-01-11,11.119999885559082,11.449999809265137,10.899999618530273,10.979999542236328,10.979999542236328,1731975.0
2023-01-12,11.029999732971191,12.069999694824219,10.90999984741211,11.170000076293945,11.170000076293945,5973640.0
2023-01-13,11.1899995803833,11.369999885559082,11.0,11.109999656677246,11.109999656677246,1983825.0
2023-01-16,11.1899995803833,11.449999809265137,11.0600004196167,11.119999885559082,11.119999885559082,995735.0
2023-01-17,11.109999656677246,11.359999656677246,10.899999618530273,10.960000038146973,10.960000038146973,749475.0
2023-01-18,11.039999961853027,11.069999694824219,10.829999923706055,10.859999656677246,10.859999656677246,811945.0
2023-01-19,10.930000305175781,11.09000015258789,10.8100004196167,10.850000381469727,10.850000381469727,804915.0
2023-01-20,10.819999694824219,11.149999618530273,10.819999694824219,10.90999984741211,10.90999984741211,698095.0
2023-01-23,11.079999923706055,11.09000015258789,10.829999923706055,10.899999618530273,10.899999618530273,531860.0
2023-01-24,10.989999771118164,11.239999771118164,10.84000015258789,10.850000381469727,10.850000381469727,837265.0
2023-01-25,10.859999656677246,11.079999923706055,10.630000114440918,10.979999542236328,10.979999542236328,1173555.0
2023-01-27,11.100000381469727,11.100000381469727,9.859999656677246,10.069999694824219,10.069999694824219,1479175.0
2023-01-30,10.149999618530273,10.9399995803833,9.869999885559082,10.680000305175781,10.680000305175781,1936455.0
2023-01-31,10.680000305175781,10.949999809265137,10.510000228881836,10.760000228881836,10.760000228881836,617130.0
2023-02-01,10.920000076293945,11.300000190734863,10.170000076293945,10.34000015258789,10.34000015258789,1873130.0
2023-02-02,10.5,10.680000305175781,10.270000457763672,10.319999694824219,10.319999694824219,484840.0
2023-02-03,10.449999809265137,10.449999809265137,9.819999694824219,10.130000114440918,10.130000114440918,1131160.0
2023-02-06,10.1899995803833,10.699999809265137,10.0600004196167,10.279999732971191,10.279999732971191,1663465.0
2023-02-07,10.399999618530273,10.399999618530273,10.100000381469727,10.270000457763672,10.270000457763672,286745.0
2023-02-08,10.260000228881836,10.619999885559082,10.130000114440918,10.1899995803833,10.1899995803833,624210.0
2023-02-09,10.239999771118164,10.550000190734863,10.020000457763672,10.479999542236328,10.479999542236328,629345.0
2023-02-10,10.5600004196167,10.979999542236328,10.380000114440918,10.90999984741211,10.90999984741211,898345.0
2023-02-13,11.0,11.520000457763672,10.649999618530273,10.770000457763672,10.770000457763672,2251840.0
2023-02-14,10.960000038146973,11.180000305175781,10.600000381469727,10.6899995803833,10.6899995803833,1309905.0
2023-02-15,10.779999732971191,10.800000190734863,10.300000190734863,10.430000305175781,10.430000305175781,400950.0
2023-02-16,10.59000015258789,10.680000305175781,10.300000190734863,10.420000076293945,10.420000076293945,554455.0
2023-02-17,10.5600004196167,10.600000381469727,10.350000381469727,10.420000076293945,10.420000076293945,199390.0
2023-02-20,10.489999771118164,11.100000381469727,10.489999771118164,10.600000381469727,10.600000381469727,840625.0
2023-02-21,10.710000038146973,10.869999885559082,10.4399995803833,10.479999542236328,10.479999542236328,388090.0
2023-02-22,10.489999771118164,10.529999732971191,10.199999809265137,10.430000305175781,10.430000305175781,288875.0
2023-02-23,10.40999984741211,10.520000457763672,10.25,10.279999732971191,10.279999732971191,136045.0
2023-02-24,10.279999732971191,10.579999923706055,10.140000343322754,10.420000076293945,10.420000076293945,234845.0
2023-02-27,10.460000038146973,10.470000267028809,9.84000015258789,9.930000305175781,9.930000305175781,685160.0
2023-02-28,9.930000305175781,10.0600004196167,9.869999885559082,10.0,10.0,468125.0
2023-03-01,10.0,10.0600004196167,9.829999923706055,9.859999656677246,9.859999656677246,1234760.0
2023-03-02,9.859999656677246,9.930000305175781,9.770000457763672,9.859999656677246,9.859999656677246,256715.0
2023-03-03,9.890000343322754,10.180000305175781,9.880000114440918,10.029999732971191,10.029999732971191,2458050.0
2023-03-06,10.079999923706055,10.199999809265137,9.619999885559082,9.789999961853027,9.789999961853027,1632725.0
2023-03-08,9.880000114440918,10.020000457763672,9.699999809265137,9.920000076293945,9.920000076293945,671460.0
2023-03-09,9.9399995803833,10.109999656677246,9.850000381469727,9.859999656677246,9.859999656677246,405135.0
2023-03-10,9.75,9.869999885559082,9.65999984741211,9.779999732971191,9.779999732971191,208675.0
2023-03-13,9.779999732971191,10.020000457763672,9.430000305175781,9.720000267028809,9.720000267028809,770525.0
2023-03-14,9.720000267028809,9.729999542236328,9.449999809265137,9.449999809265137,9.449999809265137,1729530.0
2023-03-15,9.5,9.800000190734863,9.399999618530273,9.449999809265137,9.449999809265137,140830.0
2023-03-16,9.529999732971191,9.529999732971191,8.9399995803833,9.319999694824219,9.319999694824219,672995.0
2023-03-17,9.319999694824219,9.489999771118164,9.199999809265137,9.279999732971191,9.279999732971191,96650.0
2023-03-20,9.15999984741211,9.199999809265137,8.779999732971191,8.84000015258789,8.84000015258789,592960.0
2023-03-21,8.869999885559082,9.369999885559082,8.869999885559082,9.069999694824219,9.069999694824219,232175.0
2023-03-22,9.140000343322754,9.270000457763672,9.0,9.109999656677246,9.109999656677246,132430.0
2023-03-23,9.010000228881836,9.289999961853027,9.0,9.25,9.25,153170.0
2023-03-24,9.0600004196167,9.390000343322754,8.920000076293945,9.0,9.0,596995.0
2023-03-27,9.0,9.170000076293945,8.819999694824219,8.880000114440918,8.880000114440918,230795.0
2023-03-28,8.8100004196167,8.90999984741211,8.420000076293945,8.739999771118164,8.739999771118164,655940.0
2023-03-29,8.640000343322754,9.199999809265137,8.640000343322754,9.119999885559082,9.119999885559082,404705.0
2023-03-31,9.3100004196167,9.359999656677246,8.850000381469727,9.109999656677246,9.109999656677246,481640.0
2023-04-03,9.529999732971191,9.529999732971191,9.119999885559082,9.359999656677246,9.359999656677246,458525.0
2023-04-05,9.140000343322754,10.270000457763672,9.140000343322754,10.0,10.0,1779795.0
2023-04-06,10.15999984741211,10.199999809265137,9.760000228881836,9.890000343322754,9.890000343322754,279100.0
2023-04-10,10.039999961853027,10.100000381469727,9.59000015258789,9.640000343322754,9.640000343322754,329395.0
2023-04-11,9.65999984741211,9.779999732971191,9.619999885559082,9.75,9.75,241250.0
2023-04-12,9.920000076293945,10.390000343322754,9.619999885559082,10.0,10.0,1270940.0
2023-04-13,10.0,10.0,9.760000228881836,9.8100004196167,9.8100004196167,221040.0
2023-04-17,9.880000114440918,10.130000114440918,9.619999885559082,10.039999961853027,10.039999961853027,419105.0
2023-04-18,9.920000076293945,10.100000381469727,9.819999694824219,10.039999961853027,10.039999961853027,721560.0
2023-04-19,10.039999961853027,10.100000381469727,9.920000076293945,10.079999923706055,10.079999923706055,339785.0
2023-04-20,10.180000305175781,10.350000381469727,9.850000381469727,9.930000305175781,9.930000305175781,691725.0
2023-04-21,9.979999542236328,10.0600004196167,9.630000114440918,9.739999771118164,9.739999771118164,222400.0
2023-04-24,9.800000190734863,10.569999694824219,9.770000457763672,10.380000114440918,10.380000114440918,2148790.0
2023-04-25,10.460000038146973,10.720000267028809,10.15999984741211,10.609999656677246,10.609999656677246,1257990.0
2023-04-26,10.699999809265137,11.649999618530273,10.470000267028809,11.550000190734863,11.550000190734863,4715615.0
2023-04-27,11.630000114440918,11.739999771118164,11.15999984741211,11.529999732971191,11.529999732971191,1805515.0
2023-04-28,11.600000381469727,12.680000305175781,11.399999618530273,11.960000038146973,11.960000038146973,6248780.0
2023-05-02,11.970000267028809,12.399999618530273,11.949999809265137,12.180000305175781,12.180000305175781,1365865.0
2023-05-03,12.199999809265137,12.319999694824219,11.600000381469727,11.760000228881836,11.760000228881836,1248970.0
2023-05-04,11.800000190734863,12.319999694824219,11.6899995803833,11.930000305175781,11.930000305175781,1977545.0
2023-05-05,12.050000190734863,12.5600004196167,11.819999694824219,11.90999984741211,11.90999984741211,1518545.0
2023-05-08,11.989999771118164,14.289999961853027,11.850000381469727,14.289999961853027,14.289999961853027,18140400.0
2023-05-09,15.079999923706055,17.079999923706055,14.9399995803833,16.329999923706055,16.329999923706055,55985435.0
2023-05-10,16.329999923706055,16.5,14.930000305175781,15.260000228881836,15.260000228881836,13767000.0
2023-05-11,15.640000343322754,16.34000015258789,15.260000228881836,15.770000457763672,15.770000457763672,8170075.0
2023-05-12,15.960000038146973,16.34000015258789,15.710000038146973,16.110000610351562,16.110000610351562,3538240.0
2023-05-15,16.239999771118164,16.559999465942383,15.760000228881836,15.869999885559082,15.869999885559082,2866825.0
2023-05-16,15.869999885559082,16.020000457763672,15.300000190734863,15.460000038146973,15.460000038146973,2218600.0
2023-05-17,15.569999694824219,15.989999771118164,15.100000381469727,15.359999656677246,15.359999656677246,2490585.0
2023-05-18,15.359999656677246,16.100000381469727,15.359999656677246,15.579999923706055,15.579999923706055,2390615.0
2023-05-19,15.6899995803833,16.059999465942383,15.4399995803833,15.920000076293945,15.920000076293945,2006890.0
2023-05-22,16.079999923706055,17.510000228881836,16.079999923706055,17.510000228881836,17.510000228881836,5882615.0
2023-05-23,17.799999237060547,18.190000534057617,16.649999618530273,17.6299991607666,17.6299991607666,2828210.0
2023-05-24,17.299999237060547,18.309999465942383,17.020000457763672,17.549999237060547,17.549999237060547,2296705.0
2023-05-25,17.459999084472656,18.200000762939453,16.90999984741211,16.989999771118164,16.989999771118164,1819380.0
2023-05-26,17.079999923706055,17.200000762939453,16.299999237060547,16.399999618530273,16.399999618530273,949740.0
2023-05-29,16.3799991607666,16.579999923706055,15.869999885559082,16.260000228881836,16.260000228881836,1077745.0
2023-05-30,16.459999084472656,17.06999969482422,16.440000534057617,16.899999618530273,16.899999618530273,1554145.0
2023-05-31,16.889999389648438,17.0,16.1200008392334,16.899999618530273,16.899999618530273,913725.0
2023-06-01,16.760000228881836,16.799999237060547,16.200000762939453,16.280000686645508,16.280000686645508,559765.0
2023-06-02,16.010000228881836,16.780000686645508,15.619999885559082,16.15999984741211,16.15999984741211,1307130.0
2023-06-05,16.100000381469727,16.399999618530273,15.619999885559082,16.239999771118164,16.239999771118164,290250.0
2023-06-06,16.229999542236328,16.229999542236328,15.850000381469727,16.059999465942383,16.059999465942383,254895.0
2023-06-07,16.059999465942383,16.1299991607666,15.460000038146973,15.609999656677246,15.609999656677246,538010.0
2023-06-08,15.609999656677246,16.0,15.380000114440918,15.40999984741211,15.40999984741211,552680.0
2023-06-09,15.569999694824219,15.600000381469727,14.640000343322754,15.399999618530273,15.399999618530273,1010545.0
2023-06-12,15.399999618530273,15.800000190734863,15.039999961853027,15.15999984741211,15.15999984741211,761310.0
2023-06-13,15.279999732971191,15.800000190734863,15.100000381469727,15.199999809265137,15.199999809265137,639600.0
2023-06-14,15.199999809265137,15.489999771118164,15.109999656677246,15.180000305175781,15.180000305175781,405090.0
2023-06-15,15.260000228881836,15.34000015258789,14.989999771118164,15.109999656677246,15.109999656677246,525055.0
2023-06-16,15.140000343322754,15.399999618530273,14.800000190734863,15.119999885559082,15.119999885559082,462560.0
2023-06-19,15.319999694824219,15.6899995803833,15.039999961853027,15.180000305175781,15.180000305175781,513205.0
2023-06-20,15.470000267028809,15.470000267028809,14.859999656677246,15.199999809265137,15.199999809265137,741120.0
2023-06-21,15.199999809265137,15.399999618530273,15.069999694824219,15.140000343322754,15.140000343322754,426715.0
2023-06-22,15.279999732971191,15.300000190734863,14.800000190734863,15.039999961853027,15.039999961853027,385260.0
2023-06-23,15.039999961853027,15.039999961853027,14.5,14.829999923706055,14.829999923706055,152570.0
2023-06-26,14.619999885559082,15.180000305175781,14.619999885559082,15.039999961853027,15.039999961853027,156745.0
2023-06-27,15.260000228881836,15.789999961853027,14.899999618530273,15.789999961853027,15.789999961853027,618680.0
2023-06-28,16.3799991607666,16.459999084472656,15.300000190734863,15.59000015258789,15.59000015258789,1681440.0
2023-06-30,16.0,16.0,15.100000381469727,15.199999809265137,15.199999809265137,1079870.0
2023-07-03,15.329999923706055,15.779999732971191,15.130000114440918,15.380000114440918,15.380000114440918,1619815.0
2023-07-04,15.5600004196167,15.800000190734863,15.0,15.600000381469727,15.600000381469727,1340325.0
2023-07-05,15.600000381469727,15.729999542236328,15.199999809265137,15.4399995803833,15.4399995803833,775675.0
2023-07-06,15.470000267028809,15.779999732971191,15.199999809265137,15.25,15.25,1079625.0
2023-07-07,15.239999771118164,16.010000228881836,15.119999885559082,16.0,16.0,4081385.0
2023-07-10,16.799999237060547,16.799999237060547,16.799999237060547,16.799999237060547,16.799999237060547,3602455.0
2023-07-11,17.15999984741211,17.639999389648438,17.15999984741211,17.639999389648438,17.639999389648438,8753655.0
2023-07-12,18.100000381469727,18.520000457763672,18.100000381469727,18.520000457763672,18.520000457763672,676715.0
2023-07-13,19.440000534057617,19.440000534057617,18.530000686645508,19.059999465942383,19.059999465942383,3688255.0
2023-07-14,18.110000610351562,19.989999771118164,18.110000610351562,19.329999923706055,19.329999923706055,3090610.0
2023-07-17,19.399999618530273,20.290000915527344,18.670000076293945,20.290000915527344,20.290000915527344,28509940.0
2023-07-18,21.299999237060547,21.299999237060547,21.299999237060547,21.299999237060547,21.299999237060547,470375.0
2023-07-19,22.360000610351562,22.360000610351562,22.209999084472656,22.360000610351562,22.360000610351562,5837820.0
2023-07-20,21.559999465942383,23.469999313354492,21.25,23.360000610351562,23.360000610351562,8055430.0
2023-07-21,22.600000381469727,24.3799991607666,22.200000762939453,23.899999618530273,23.899999618530273,6530870.0
2023-07-24,24.600000381469727,25.0,24.010000228881836,24.610000610351562,24.610000610351562,4554890.0
2023-07-25,24.989999771118164,25.84000015258789,24.200000762939453,25.84000015258789,25.84000015258789,1935105.0
2023-07-26,27.1299991607666,27.1299991607666,27.1299991607666,27.1299991607666,27.1299991607666,393440.0
2023-07-27,28.479999542236328,28.479999542236328,28.479999542236328,28.479999542236328,28.479999542236328,686245.0
2023-07-28,29.899999618530273,29.899999618530273,29.899999618530273,29.899999618530273,29.899999618530273,1893010.0
2023-07-31,31.389999389648438,31.389999389648438,28.65999984741211,31.389999389648438,31.389999389648438,7516475.0
2023-08-01,32.599998474121094,32.95000076293945,32.0,32.95000076293945,32.95000076293945,1669930.0
2023-08-02,34.59000015258789,34.59000015258789,32.029998779296875,34.59000015258789,34.59000015258789,7496980.0
2023-08-03,34.59000015258789,36.310001373291016,34.189998626708984,36.220001220703125,36.220001220703125,7365195.0
2023-08-04,36.220001220703125,38.029998779296875,34.720001220703125,38.029998779296875,38.029998779296875,9676815.0
2023-08-07,39.0,39.93000030517578,38.9900016784668,39.93000030517578,39.93000030517578,3216025.0
2023-08-08,41.91999816894531,41.91999816894531,41.91999816894531,41.91999816894531,41.91999816894531,1353360.0
2023-08-09,44.0099983215332,44.0099983215332,40.709999084472656,44.0099983215332,44.0099983215332,10578305.0
2023-08-10,44.0,46.209999084472656,42.20000076293945,45.9900016784668,45.9900016784668,8398380.0
2023-08-11,47.0,47.540000915527344,43.689998626708984,44.459999084472656,44.459999084472656,6090650.0
2023-08-14,42.2400016784668,46.5,42.2400016784668,46.16999816894531,46.16999816894531,6275045.0
2023-08-16,47.68000030517578,48.0,45.400001525878906,46.56999969482422,46.56999969482422,5023940.0
2023-08-17,45.209999084472656,47.0,44.40999984741211,45.20000076293945,45.20000076293945,2243550.0
2023-08-18,45.0,46.400001525878906,44.0,45.79999923706055,45.79999923706055,1747445.0
2023-08-21,46.599998474121094,46.599998474121094,44.20000076293945,44.29999923706055,44.29999923706055,1118665.0
2023-08-22,44.79999923706055,44.79999923706055,43.599998474121094,44.349998474121094,44.349998474121094,808425.0
2023-08-23,44.970001220703125,44.97999954223633,42.13999938964844,42.470001220703125,42.470001220703125,941425.0
2023-08-24,40.5099983215332,44.59000015258789,40.349998474121094,44.40999984741211,44.40999984741211,5288095.0
2023-08-25,44.0099983215332,45.400001525878906,43.900001525878906,44.5,44.5,1548000.0
2023-08-28,44.5,46.720001220703125,44.5,46.720001220703125,46.720001220703125,1378315.0
2023-08-29,49.04999923706055,49.04999923706055,49.04999923706055,49.04999923706055,49.04999923706055,416820.0
2023-08-30,51.5,51.5,50.220001220703125,51.5,51.5,1732915.0
2023-08-31,53.779998779296875,54.06999969482422,52.0099983215332,54.06999969482422,54.06999969482422,1316805.0
2023-09-01,56.77000045776367,56.77000045776367,56.77000045776367,56.77000045776367,56.77000045776367,81375.0
2023-09-04,59.400001525878906,59.599998474121094,57.599998474121094,59.599998474121094,59.599998474121094,1192390.0
2023-09-05,62.58000183105469,62.58000183105469,62.58000183105469,62.58000183105469,62.58000183105469,296250.0
2023-09-06,65.69999694824219,65.69999694824219,60.25,65.69999694824219,65.69999694824219,5838100.0
2023-09-07,66.0,66.80000305175781,62.41999816894531,62.41999816894531,62.41999816894531,1963575.0
2023-09-08,59.29999923706055,65.54000091552734,59.29999923706055,64.98999786376953,64.98999786376953,3014015.0
2023-09-11,66.80000305175781,67.94000244140625,63.20000076293945,67.04000091552734,67.04000091552734,2971315.0
2023-09-12,67.5999984741211,67.5999984741211,64.01000213623047,65.25,65.25,1646540.0
2023-09-13,65.25,68.51000213623047,65.25,68.51000213623047,68.51000213623047,4436760.0
2023-09-14,71.5999984741211,71.93000030517578,69.87999725341797,71.93000030517578,71.93000030517578,4779295.0
2023-09-15,75.37999725341797,75.5199966430664,74.01000213623047,75.5199966430664,75.5199966430664,4797990.0
2023-09-18,77.80000305175781,79.19000244140625,73.26000213623047,74.7699966430664,74.7699966430664,3274600.0
2023-09-20,74.05000305175781,78.5,72.0,78.5,78.5,1213300.0
2023-09-21,80.87999725341797,82.41999816894531,78.5,82.41999816894531,82.41999816894531,2013560.0
2023-09-22,82.0,86.0,81.19000244140625,84.47000122070312,84.47000122070312,3024090.0
2023-09-25,82.44999694824219,87.95999908447266,82.19999694824219,87.30000305175781,87.30000305175781,3343240.0
2023-09-26,88.80000305175781,89.4800033569336,85.0,88.23999786376953,88.23999786376953,3730105.0
2023-09-27,89.0,89.0,83.83000183105469,85.05999755859375,85.05999755859375,4106630.0
2023-09-28,80.80999755859375,86.4000015258789,80.80999755859375,83.69999694824219,83.69999694824219,2536840.0
2023-09-29,84.0,87.87999725341797,83.5999984741211,87.26000213623047,87.26000213623047,2255360.0
2023-10-03,87.4000015258789,91.4000015258789,86.5,91.06999969482422,91.06999969482422,2695070.0
2023-10-04,90.79000091552734,93.5999984741211,89.0,92.0199966430664,92.0199966430664,2565745.0
2023-10-05,93.98999786376953,96.62000274658203,92.4000015258789,96.62000274658203,96.62000274658203,3044845.0
2023-10-06,100.80000305175781,101.44999694824219,99.0,101.43000030517578,101.43000030517578,4705975.0
2023-10-09,100.9000015258789,103.0,96.5999984741211,100.18000030517578,100.18000030517578,1827140.0
2023-10-10,102.16000366210938,102.16000366210938,99.0,99.7699966430664,99.7699966430664,845100.0
2023-10-11,100.58000183105469,103.80000305175781,98.0,102.02999877929688,102.02999877929688,1949420.0
2023-10-12,103.80000305175781,107.12999725341797,99.5999984741211,107.12999725341797,107.12999725341797,1658320.0
2023-10-13,109.0,112.4800033569336,108.0,112.4800033569336,112.4800033569336,1590005.0
2023-10-16,118.0999984741211,118.0999984741211,116.0,118.0999984741211,118.0999984741211,1708795.0
2023-10-17,123.5999984741211,124.0,120.0999984741211,123.86000061035156,123.86000061035156,4188980.0
2023-10-18,122.55999755859375,123.19999694824219,117.66999816894531,121.72000122070312,121.72000122070312,3303050.0
2023-10-19,122.80000305175781,122.80000305175781,115.63999938964844,119.26000213623047,119.26000213623047,1526870.0
2023-10-20,119.26000213623047,125.22000122070312,116.0,124.7300033569336,124.7300033569336,3501080.0
2023-10-23,127.4800033569336,128.3800048828125,118.5,118.81999969482422,118.81999969482422,1507255.0
2023-10-25,116.02999877929688,119.0,112.87999725341797,115.4000015258789,115.4000015258789,1438385.0
2023-10-26,110.19999694824219,118.0,109.62999725341797,116.91999816894531,116.91999816894531,1951570.0
2023-10-27,117.9800033569336,118.79000091552734,112.02999877929688,115.91000366210938,115.91000366210938,1040470.0
2023-10-30,117.5999984741211,118.80000305175781,113.25,114.97000122070312,114.97000122070312,635860.0
2023-10-31,116.19999694824219,116.97000122070312,113.0,113.62999725341797,113.62999725341797,507695.0
2023-11-01,111.19999694824219,114.79000091552734,107.94999694824219,111.4800033569336,111.4800033569336,1049000.0
2023-11-02,111.80000305175781,112.80000305175781,105.91000366210938,106.69000244140625,106.69000244140625,1167155.0
2023-11-03,107.37999725341797,112.0199966430664,107.0,112.0199966430664,112.0199966430664,622690.0
2023-11-06,117.62000274658203,117.62000274658203,117.62000274658203,117.62000274658203,117.62000274658203,334040.0
2023-11-07,123.48999786376953,123.5,116.0,120.73999786376953,120.73999786376953,2456780.0
2023-11-08,123.9800033569336,123.98999786376953,120.0199966430664,123.06999969482422,123.06999969482422,1623560.0
2023-11-09,122.77999877929688,122.98999786376953,120.22000122070312,120.76000213623047,120.76000213623047,661910.0
2023-11-10,120.0,121.95999908447266,114.7300033569336,114.7300033569336,114.7300033569336,1490525.0
2023-11-13,112.41000366210938,116.80000305175781,109.98999786376953,114.69000244140625,114.69000244140625,599180.0
2023-11-15,115.80000305175781,117.97000122070312,114.0,115.83999633789062,115.83999633789062,1057120.0
2023-11-16,117.0,120.5999984741211,114.0,118.83999633789062,118.83999633789062,854050.0
2023-11-17,118.80000305175781,120.0,116.0,117.6500015258789,117.6500015258789,626530.0
2023-11-20,120.19999694824219,122.98999786376953,118.4000015258789,120.95999908447266,120.95999908447266,1137625.0
2023-11-21,123.58000183105469,124.0,118.44999694824219,120.88999938964844,120.88999938964844,969020.0
2023-11-22,120.4000015258789,123.77999877929688,119.80000305175781,121.95999908447266,121.95999908447266,897980.0
2023-11-23,124.0,124.0,120.23999786376953,121.08000183105469,121.08000183105469,489695.0
2023-11-24,120.4000015258789,122.37999725341797,117.01000213623047,120.25,120.25,272020.0
2023-11-28,119.3499984741211,122.80000305175781,118.5999984741211,119.91999816894531,119.91999816894531,697785.0
2023-11-29,120.01000213623047,121.68000030517578,117.0199966430664,118.9800033569336,118.9800033569336,498080.0
2023-11-30,118.56999969482422,122.0,115.22000122070312,118.43000030517578,118.43000030517578,4796490.0
2023-12-01,119.80000305175781,119.80000305175781,116.4000015258789,118.66000366210938,118.66000366210938,588520.0
2023-12-04,118.43000030517578,120.30000305175781,116.62000274658203,118.36000061035156,118.36000061035156,571080.0
2023-12-05,117.25,118.9800033569336,115.4000015258789,117.58000183105469,117.58000183105469,683165.0
2023-12-06,116.19999694824219,118.19999694824219,115.0,117.91999816894531,117.91999816894531,753065.0
2023-12-07,117.88999938964844,117.9000015258789,115.6500015258789,117.27999877929688,117.27999877929688,546515.0
2023-12-08,117.2300033569336,121.98999786376953,116.19000244140625,117.41000366210938,117.41000366210938,767040.0
2023-12-11,119.16999816894531,120.0,116.19999694824219,118.80999755859375,118.80999755859375,438000.0
2023-12-12,119.87000274658203,121.0,116.19999694824219,119.27999877929688,119.27999877929688,550130.0
2023-12-13,123.98999786376953,125.23999786376953,122.13999938964844,125.23999786376953,125.23999786376953,2266240.0
2023-12-14,131.19000244140625,131.5,129.5399932861328,131.5,131.5,1351960.0
2023-12-15,138.07000732421875,138.07000732421875,138.07000732421875,138.07000732421875,138.07000732421875,374500.0
2023-12-18,144.97000122070312,144.97000122070312,140.0,144.97000122070312,144.97000122070312,3057400.0
2023-12-19,150.0,152.2100067138672,147.0,152.2100067138672,152.2100067138672,1920190.0
2023-12-20,159.82000732421875,159.82000732421875,144.60000610351562,148.0800018310547,148.0800018310547,2174575.0
2023-12-21,144.60000610351562,151.1999969482422,140.67999267578125,149.72000122070312,149.72000122070312,1098945.0
2023-12-22,151.0,154.0,143.10000610351562,149.41000366210938,149.41000366210938,719815.0
2023-12-26,154.77000427246094,154.77000427246094,144.02000427246094,149.55999755859375,149.55999755859375,505740.0
2023-12-27,152.0,152.97999572753906,145.0,148.35000610351562,148.35000610351562,449860.0
2023-12-28,149.60000610351562,155.75999450683594,148.1999969482422,155.61000061035156,155.61000061035156,2119670.0
2023-12-29,155.33999633789062,155.36000061035156,148.42999267578125,152.3699951171875,152.3699951171875,1059950.0
2024-01-01,153.0,155.8000030517578,150.0,152.02999877929688,152.02999877929688,491020.0
2024-01-02,155.0,155.61000061035156,145.8000030517578,154.0,154.0,729355.0
2024-01-03,153.72000122070312,161.6999969482422,150.0,161.6999969482422,161.6999969482422,1483340.0
2024-01-04,164.8000030517578,169.77999877929688,161.6999969482422,169.77999877929688,169.77999877929688,1269675.0
2024-01-05,172.8000030517578,178.1999969482422,172.0,173.7899932861328,173.7899932861328,1653520.0
2024-01-08,174.0,180.8000030517578,172.00999450683594,178.72999572753906,178.72999572753906,758135.0
2024-01-09,186.0,186.60000610351562,182.0,183.0399932861328,183.0399932861328,767865.0
2024-01-10,185.9499969482422,186.0,174.25999450683594,178.5399932861328,178.5399932861328,591535.0
2024-01-11,178.5399932861328,183.0,175.0,180.1699981689453,180.1699981689453,488885.0
2024-01-12,178.00999450683594,189.1699981689453,175.0,188.19000244140625,188.19000244140625,1095255.0
2024-01-15,189.0,197.58999633789062,189.0,197.49000549316406,197.49000549316406,1336575.0
2024-01-16,203.67999267578125,207.1999969482422,195.0,206.10000610351562,206.10000610351562,1588145.0
2024-01-17,204.8000030517578,209.39999389648438,198.0,204.5399932861328,204.5399932861328,746110.0
2024-01-18,206.99000549316406,207.89999389648438,195.0,203.24000549316406,203.24000549316406,522220.0
2024-01-19,204.0,207.9600067138672,199.0,202.4199981689453,202.4199981689453,551025.0
2024-01-23,198.60000610351562,200.35000610351562,190.00999450683594,194.1999969482422,194.1999969482422,479685.0
2024-01-24,198.99000549316406,199.39999389648438,192.0500030517578,197.91000366210938,197.91000366210938,999300.0
2024-01-25,199.3000030517578,207.8000030517578,196.02000427246094,207.8000030517578,207.8000030517578,904880.0
2024-01-29,215.0,218.19000244140625,210.0,218.19000244140625,218.19000244140625,1083285.0
2024-01-30,221.0,225.97999572753906,213.8000030517578,222.0,222.0,848535.0
2024-01-31,223.8000030517578,227.0,216.0,220.07000732421875,220.07000732421875,435505.0
2024-02-01,222.75,222.75,212.10000610351562,216.0500030517578,216.0500030517578,310745.0
2024-02-02,219.3800048828125,220.0,210.0,214.52999877929688,214.52999877929688,484495.0
2024-02-05,217.60000610351562,217.60000610351562,204.1999969482422,205.92999267578125,205.92999267578125,720215.0
2024-02-06,209.55999755859375,213.49000549316406,206.61000061035156,209.41000366210938,209.41000366210938,467775.0
2024-02-07,210.0,213.0,204.39999389648438,208.9199981689453,208.9199981689453,207940.0
2024-02-08,208.9199981689453,208.9600067138672,200.02000427246094,204.4600067138672,204.4600067138672,568260.0
2024-02-09,205.0,213.0,194.24000549316406,205.13999938964844,205.13999938964844,846105.0
2024-02-12,206.1999969482422,209.1999969482422,194.88999938964844,194.88999938964844,194.88999938964844,378415.0
2024-02-13,187.1999969482422,193.60000610351562,185.14999389648438,185.14999389648438,185.14999389648438,365195.0
2024-02-14,175.89999389648438,187.99000549316406,175.89999389648438,184.92999267578125,184.92999267578125,678680.0
2024-02-15,186.39999389648438,194.1699981689453,186.39999389648438,194.1699981689453,194.1699981689453,516975.0
2024-02-16,197.39999389648438,197.39999389648438,186.02999877929688,191.97999572753906,191.97999572753906,385740.0
2024-02-19,195.97999572753906,201.57000732421875,191.89999389648438,201.57000732421875,201.57000732421875,662880.0
2024-02-20,203.0,211.63999938964844,202.38999938964844,211.63999938964844,211.63999938964844,744860.0
2024-02-21,213.8000030517578,221.0,209.60000610351562,217.1199951171875,217.1199951171875,1076130.0
2024-02-22,222.0,227.97000122070312,214.0,227.5399932861328,227.5399932861328,1155550.0
2024-02-23,234.02000427246094,238.91000366210938,234.0,238.91000366210938,238.91000366210938,429300.0
2024-02-26,247.1999969482422,250.85000610351562,246.0800018310547,250.85000610351562,250.85000610351562,881535.0
2024-02-27,258.6000061035156,258.6000061035156,240.22000122070312,254.6999969482422,254.6999969482422,950990.0
2024-02-28,256.0,259.79998779296875,248.0,249.69000244140625,249.69000244140625,796110.0
2024-02-29,246.08999633789062,260.0,237.2100067138672,256.510009765625,256.510009765625,2121510.0
2024-03-01,259.0,262.79998779296875,246.0399932861328,249.9499969482422,249.9499969482422,606480.0
2024-03-04,249.52000427246094,255.0,239.80999755859375,253.3000030517578,253.3000030517578,952995.0
2024-03-05,258.6000061035156,258.6000061035156,249.0,253.9499969482422,253.9499969482422,1118040.0
2024-03-06,253.9499969482422,253.9499969482422,243.8000030517578,247.07000732421875,247.07000732421875,730250.0
2024-03-07,237.97999572753906,247.0,236.0,243.6300048828125,243.6300048828125,664290.0
2024-03-11,245.4199981689453,245.4199981689453,231.4499969482422,234.08999633789062,234.08999633789062,745755.0
2024-03-12,229.8000030517578,229.8000030517578,222.38999938964844,222.38999938964844,222.38999938964844,777145.0
2024-03-13,218.1999969482422,218.1999969482422,211.27000427246094,211.27000427246094,211.27000427246094,430040.0
2024-03-14,200.7100067138672,221.8300018310547,200.7100067138672,221.41000366210938,221.41000366210938,1148035.0
2024-03-15,225.0,231.0,210.33999633789062,211.4600067138672,211.4600067138672,5307325.0
2024-03-18,201.2100067138672,209.97999572753906,200.88999938964844,200.88999938964844,200.88999938964844,262595.0
2024-03-19,190.85000610351562,190.85000610351562,190.85000610351562,190.85000610351562,190.85000610351562,901905.0
2024-03-20,183.1999969482422,196.0,181.30999755859375,181.5800018310547,181.5800018310547,1269835.0
2024-03-21,185.10000610351562,188.9499969482422,172.60000610351562,173.66000366210938,173.66000366210938,1244715.0
2024-03-22,167.0,182.33999633789062,165.2100067138672,179.1999969482422,179.1999969482422,1010450.0
2024-03-26,183.0,184.00999450683594,174.0,180.85000610351562,180.85000610351562,669355.0
2024-03-27,180.60000610351562,189.88999938964844,174.39999389648438,185.63999938964844,185.63999938964844,1067870.0
2024-03-28,190.0,194.0,182.60000610351562,186.25,186.25,599780.0
2024-04-01,186.60000610351562,195.0,186.60000610351562,189.42999267578125,189.42999267578125,439340.0
2024-04-02,189.39999389648438,191.8000030517578,179.9600067138672,181.8699951171875,181.8699951171875,853000.0
2024-04-03,181.8000030517578,188.5800018310547,178.0,187.6699981689453,187.6699981689453,453785.0
2024-04-04,190.0,190.60000610351562,187.6699981689453,190.32000732421875,190.32000732421875,345715.0
2024-04-05,192.0,199.8300018310547,189.0,199.8300018310547,199.8300018310547,545030.0
2024-04-08,205.0,209.82000732421875,203.22000122070312,209.82000732421875,209.82000732421875,561715.0
2024-04-09,212.39999389648438,218.8000030517578,202.2100067138672,213.33999633789062,213.33999633789062,890520.0
2024-04-10,209.0,216.94000244140625,202.88999938964844,214.5,214.5,347550.0
2024-04-12,212.8000030517578,216.8000030517578,208.0,212.1199951171875,212.1199951171875,329105.0
2024-04-15,201.52000427246094,219.9600067138672,201.52000427246094,204.72999572753906,204.72999572753906,608980.0
2024-04-16,201.8000030517578,204.0,197.0,200.5399932861328,200.5399932861328,181765.0
2024-04-18,200.39999389648438,206.82000732421875,200.22000122070312,205.13999938964844,205.13999938964844,325425.0
2024-04-19,196.00999450683594,202.22000122070312,194.88999938964844,199.6300048828125,199.6300048828125,545465.0
2024-04-22,197.0500030517578,206.0,197.0500030517578,200.00999450683594,200.00999450683594,497745.0
2024-04-23,203.58999633789062,203.8000030517578,198.0,199.1300048828125,199.1300048828125,504195.0
2024-04-24,202.97999572753906,208.8000030517578,199.0,207.5,207.5,494520.0
2024-04-25,212.8800048828125,217.8699951171875,211.0,217.8699951171875,217.8699951171875,581955.0
2024-04-26,228.75999450683594,228.75999450683594,216.0,217.13999938964844,217.13999938964844,1446450.0
2024-04-29,219.89999389648438,223.33999633789062,211.60000610351562,212.88999938964844,212.88999938964844,534315.0
2024-04-30,215.0,217.58999633789062,203.0,205.42999267578125,205.42999267578125,407845.0
2024-05-02,205.42999267578125,213.8000030517578,198.8000030517578,201.00999450683594,201.00999450683594,472870.0
2024-05-03,204.8000030517578,204.8000030517578,194.00999450683594,202.5500030517578,202.5500030517578,342615.0
2024-05-06,192.42999267578125,200.0,192.42999267578125,196.22000122070312,196.22000122070312,880780.0
2024-05-07,196.39999389648438,196.39999389648438,188.02999877929688,194.5399932861328,194.5399932861328,352700.0
2024-05-08,194.0,196.0,190.39999389648438,195.02000427246094,195.02000427246094,363820.0
2024-05-09,194.77999877929688,196.0,185.27000427246094,185.44000244140625,185.44000244140625,603245.0
2024-05-10,185.44000244140625,188.5800018310547,176.1999969482422,177.5500030517578,177.5500030517578,472660.0
2024-05-13,176.39999389648438,177.39999389648438,168.67999267578125,174.77000427246094,174.77000427246094,489845.0
2024-05-14,174.0,183.5,171.2100067138672,183.5,183.5,256395.0
2024-05-15,186.8000030517578,192.6699981689453,186.50999450683594,192.6699981689453,192.6699981689453,301595.0
2024-05-16,196.0,199.88999938964844,186.0,192.02000427246094,192.02000427246094,372445.0
2024-05-17,195.5500030517578,196.27999877929688,188.60000610351562,193.72999572753906,193.72999572753906,193370.0
2024-05-21,192.8000030517578,194.0,190.0,190.67999267578125,190.67999267578125,203095.0
2024-05-22,190.67999267578125,190.99000549316406,185.00999450683594,188.8000030517578,188.8000030517578,172445.0
2024-05-23,188.8000030517578,191.9499969482422,182.1999969482422,189.0500030517578,189.0500030517578,195375.0
2024-05-24,187.0,189.0500030517578,180.2100067138672,186.64999389648438,186.64999389648438,172290.0
2024-05-27,186.35000610351562,187.97999572753906,181.64999389648438,184.27000427246094,184.27000427246094,130435.0
2024-05-28,184.27000427246094,187.58999633789062,180.0,181.41000366210938,181.41000366210938,89255.0
2024-05-29,181.3800048828125,181.41000366210938,176.49000549316406,177.97000122070312,177.97000122070312,224200.0
2024-05-30,177.8000030517578,183.60000610351562,175.60000610351562,176.32000732421875,176.32000732421875,170415.0
2024-05-31,176.32000732421875,179.97000122070312,170.0,173.4600067138672,173.4600067138672,1197065.0
2024-06-03,178.02000427246094,182.1300048828125,173.39999389648438,180.1699981689453,180.1699981689453,405170.0
2024-06-04,180.1699981689453,180.1699981689453,171.16000366210938,171.16000366210938,171.16000366210938,425725.0
2024-06-05,170.1999969482422,175.7899932861328,162.61000061035156,173.5800018310547,173.5800018310547,181345.0
2024-06-06,171.02999877929688,178.5800018310547,171.02999877929688,174.5,174.5,187320.0
2024-06-07,173.19000244140625,177.60000610351562,172.8000030517578,176.86000061035156,176.86000061035156,297910.0
2024-06-10,180.0,180.0,170.0,172.16000366210938,172.16000366210938,169750.0
2024-06-11,172.5,180.75999450683594,172.16000366210938,180.75999450683594,180.75999450683594,300075.0
2024-06-12,185.77999877929688,187.39999389648438,182.0,183.41000366210938,183.41000366210938,283665.0
2024-06-13,184.7899932861328,189.8000030517578,182.0,187.72999572753906,187.72999572753906,364165.0
2024-06-14,186.39999389648438,188.8000030517578,183.00999450683594,184.27999877929688,184.27999877929688,113765.0
2024-06-18,185.58999633789062,185.58999633789062,177.60000610351562,179.4199981689453,179.4199981689453,240205.0
2024-06-19,180.39999389648438,185.0,175.1999969482422,176.77000427246094,176.77000427246094,176500.0
2024-06-20,178.30999755859375,181.60000610351562,174.61000061035156,177.47000122070312,177.47000122070312,134710.0
2024-06-21,177.38999938964844,183.1999969482422,175.0,180.47999572753906,180.47999572753906,578890.0
2024-06-24,181.8000030517578,181.9499969482422,177.0,178.10000610351562,178.10000610351562,192170.0
2024-06-25,177.00999450683594,179.39999389648438,175.0,176.55999755859375,176.55999755859375,180450.0
2024-06-26,175.60000610351562,178.5800018310547,174.0,176.33999633789062,176.33999633789062,156400.0
2024-06-27,177.75,177.75,172.33999633789062,174.42999267578125,174.42999267578125,205435.0
2024-06-28,173.39999389648438,178.0,173.39999389648438,174.6300048828125,174.6300048828125,162345.0
2024-07-01,174.6300048828125,183.36000061035156,174.60000610351562,183.36000061035156,183.36000061035156,281965.0
2024-07-02,191.60000610351562,192.52000427246094,185.0,191.75999450683594,191.75999450683594,861970.0
2024-07-03,190.9199981689453,190.9199981689453,185.39999389648438,188.27000427246094,188.27000427246094,266850.0
2024-07-04,188.27000427246094,189.52999877929688,181.24000549316406,185.30999755859375,185.30999755859375,329935.0
2024-07-05,185.30999755859375,187.0,181.39999389648438,184.11000061035156,184.11000061035156,229700.0
2024-07-08,185.0,189.8000030517578,180.1999969482422,183.3300018310547,183.3300018310547,204110.0
2024-07-09,185.47999572753906,185.47999572753906,175.99000549316406,180.69000244140625,180.69000244140625,202360.0
2024-07-10,180.69000244140625,180.69000244140625,175.02000427246094,176.67999267578125,176.67999267578125,133880.0
2024-07-11,176.00999450683594,179.55999755859375,173.00999450683594,174.2100067138672,174.2100067138672,206430.0
2024-07-12,175.77999877929688,176.38999938964844,173.24000549316406,173.82000732421875,173.82000732421875,124175.0
2024-07-15,174.1999969482422,175.99000549316406,169.00999450683594,170.39999389648438,170.39999389648438,318050.0
2024-07-16,173.17999267578125,173.17999267578125,167.0,168.4600067138672,168.4600067138672,163440.0
2024-07-18,169.0,170.99000549316406,165.4199981689453,166.0,166.0,204950.0
2024-07-19,166.0,167.9499969482422,163.1999969482422,163.80999755859375,163.80999755859375,162160.0
2024-07-22,160.5,166.75,156.6199951171875,162.05999755859375,162.05999755859375,196120.0
2024-07-23,162.05999755859375,166.0399932861328,157.0,163.82000732421875,163.82000732421875,228480.0
2024-07-24,165.1999969482422,172.00999450683594,163.82000732421875,172.00999450683594,172.00999450683594,205225.0
2024-07-25,172.00999450683594,180.61000061035156,169.0,180.61000061035156,180.61000061035156,359570.0
2024-07-26,185.8000030517578,186.0,181.17999267578125,184.1199951171875,184.1199951171875,648695.0
2024-07-29,187.17999267578125,190.0,183.8000030517578,185.4600067138672,185.4600067138672,680320.0
2024-07-30,182.0500030517578,192.97999572753906,177.02000427246094,185.67999267578125,185.67999267578125,932170.0
2024-07-31,185.69000244140625,190.8000030517578,181.00999450683594,186.44000244140625,186.44000244140625,1390975.0
2024-08-01,186.44000244140625,189.0,182.60000610351562,185.89999389648438,185.89999389648438,506470.0
2024-08-02,183.10000610351562,186.8800048828125,180.22000122070312,182.24000549316406,182.24000549316406,376845.0
2024-08-05,174.1999969482422,180.0,173.22000122070312,174.9600067138672,174.9600067138672,297095.0
2024-08-06,174.9600067138672,179.77999877929688,171.1999969482422,177.91000366210938,177.91000366210938,347175.0
2024-08-07,179.1999969482422,180.3800048828125,175.0,178.47999572753906,178.47999572753906,254020.0
2024-08-08,178.99000549316406,181.1999969482422,175.0,180.6199951171875,180.6199951171875,401135.0
2024-08-09,180.6199951171875,189.64999389648438,179.1999969482422,188.77000427246094,188.77000427246094,800825.0
2024-08-12,188.0,188.0,183.02000427246094,184.94000244140625,184.94000244140625,241115.0
2024-08-13,184.94000244140625,185.9499969482422,178.2899932861328,180.58999633789062,180.58999633789062,215190.0
2024-08-14,183.60000610351562,184.0,176.1999969482422,180.61000061035156,180.61000061035156,211340.0
2024-08-16,180.6199951171875,184.39999389648438,178.02999877929688,183.27999877929688,183.27999877929688,193320.0
2024-08-19,183.27999877929688,184.97999572753906,180.02000427246094,182.7899932861328,182.7899932861328,153185.0
2024-08-20,181.6199951171875,188.1999969482422,180.1999969482422,183.17999267578125,183.17999267578125,662610.0
2024-08-21,183.17999267578125,185.02000427246094,181.52000427246094,183.92999267578125,183.92999267578125,413760.0
2024-08-22,179.0,189.39999389648438,179.0,187.00999450683594,187.00999450683594,404825.0
2024-08-23,183.0,188.3800048828125,183.0,187.3699951171875,187.3699951171875,221340.0
2024-08-26,187.17999267578125,188.0,182.39999389648438,182.83999633789062,182.83999633789062,116775.0
2024-08-27,182.10000610351562,185.0,180.1999969482422,183.55999755859375,183.55999755859375,173425.0
2024-08-28,183.55999755859375,187.0,177.60000610351562,183.25,183.25,434115.0
2024-08-29,183.0,185.0,178.0,181.5399932861328,181.5399932861328,414095.0
2024-08-30,181.3699951171875,183.99000549316406,178.0,182.33999633789062,182.33999633789062,273100.0
2024-09-02,182.3300018310547,191.4499969482422,179.05999755859375,190.52999877929688,190.52999877929688,985405.0
2024-09-03,190.5399932861328,200.0500030517578,190.5399932861328,200.0500030517578,200.0500030517578,1055185.0
2024-09-04,200.0500030517578,210.0500030517578,200.0,210.02999877929688,210.02999877929688,1226590.0
2024-09-05,211.97999572753906,220.52999877929688,211.97999572753906,220.52999877929688,220.52999877929688,1476135.0
2024-09-06,226.44000244140625,227.10000610351562,210.0,221.82000732421875,221.82000732421875,861095.0
2024-09-09,221.82000732421875,226.1999969482422,212.02000427246094,224.49000549316406,224.49000549316406,725675.0
2024-09-10,224.69000244140625,229.8000030517578,220.49000549316406,224.13999938964844,224.13999938964844,599560.0
2024-09-11,224.0,225.8000030517578,213.0,215.77999877929688,215.77999877929688,383930.0
2024-09-12,215.77999877929688,219.97999572753906,208.0,212.1199951171875,212.1199951171875,243665.0
2024-09-13,212.1199951171875,212.1199951171875,203.5800018310547,206.91000366210938,206.91000366210938,210700.0
2024-09-16,206.89999389648438,217.25,200.00999450683594,217.25,217.25,571520.0
2024-09-17,225.0,228.11000061035156,220.2100067138672,225.6699981689453,225.6699981689453,1655990.0
2024-09-18,231.97000122070312,235.1999969482422,221.41000366210938,226.5800018310547,226.5800018310547,948110.0
2024-09-19,228.0,229.67999267578125,215.25,216.83999633789062,216.83999633789062,551300.0
2024-09-20,221.58999633789062,227.67999267578125,216.00999450683594,223.19000244140625,223.19000244140625,1364470.0
2024-09-23,222.9499969482422,227.1999969482422,220.1999969482422,222.44000244140625,222.44000244140625,717535.0
2024-09-24,224.0800018310547,232.77999877929688,220.0,230.36000061035156,230.36000061035156,1026800.0
2024-09-25,233.60000610351562,234.39999389648438,221.39999389648438,227.6199951171875,227.6199951171875,941805.0
2024-09-26,229.8000030517578,236.0,224.0,231.91000366210938,231.91000366210938,780980.0
2024-09-27,231.91000366210938,232.5800018310547,220.32000732421875,220.5399932861328,220.5399932861328,1549635.0
2024-09-30,220.0,220.0,209.52000427246094,209.9600067138672,209.9600067138672,675235.0
2024-10-01,215.0,220.4499969482422,199.47000122070312,220.4499969482422,220.4499969482422,1061900.0
2024-10-03,222.0,226.8000030517578,217.0,221.8300018310547,221.8300018310547,914455.0
2024-10-04,223.55999755859375,223.55999755859375,210.74000549316406,212.22999572753906,212.22999572753906,400475.0
2024-10-07,212.39999389648438,219.9600067138672,202.1999969482422,203.41000366210938,203.41000366210938,579000.0
2024-10-08,194.4499969482422,213.5800018310547,194.4499969482422,213.5800018310547,213.5800018310547,424405.0
2024-10-09,222.0,224.25,214.8699951171875,224.25,224.25,816540.0
2024-10-10,224.25,235.39999389648438,222.9499969482422,229.49000549316406,229.49000549316406,1329745.0
2024-10-11,229.50999450683594,233.9499969482422,224.6199951171875,228.02999877929688,228.02999877929688,284745.0
2024-10-14,231.7899932861328,231.7899932861328,218.10000610351562,222.25,222.25,294880.0
2024-10-15,225.97999572753906,226.0800018310547,217.08999633789062,217.8699951171875,217.8699951171875,291460.0
2024-10-16,225.0,225.0,213.17999267578125,217.02000427246094,217.02000427246094,590115.0
2024-10-17,212.0,218.38999938964844,210.27999877929688,214.55999755859375,214.55999755859375,429525.0
2024-10-18,214.39999389648438,225.27999877929688,211.00999450683594,218.44000244140625,218.44000244140625,1074980.0
2024-10-21,218.44000244140625,222.8800048828125,212.0,221.1199951171875,221.1199951171875,835140.0
2024-10-22,224.8000030517578,224.8000030517578,210.07000732421875,210.07000732421875,210.07000732421875,371475.0
2024-10-23,210.07000732421875,213.3800048828125,204.32000732421875,210.39999389648438,210.39999389648438,440285.0
2024-10-24,213.0,213.0,202.60000610351562,204.6999969482422,204.6999969482422,595110.0
2024-10-25,207.39999389648438,210.38999938964844,197.02000427246094,198.97000122070312,198.97000122070312,497700.0
2024-10-28,198.39999389648438,205.39999389648438,195.0,203.32000732421875,203.32000732421875,737075.0
2024-10-29,200.02000427246094,203.97999572753906,198.0,201.75999450683594,201.75999450683594,231990.0
2024-10-30,207.6300048828125,211.83999633789062,201.39999389648438,211.41000366210938,211.41000366210938,1036830.0
2024-10-31,211.39999389648438,221.8000030517578,206.9199981689453,217.52999877929688,217.52999877929688,1118240.0
2024-11-01,224.69000244140625,224.69000244140625,212.0,216.0,216.0,81110.0
2024-11-04,216.85000610351562,217.13999938964844,209.0,210.02000427246094,210.02000427246094,231495.0
2024-11-05,205.00999450683594,213.0,204.0,210.3699951171875,210.3699951171875,291865.0
2024-11-06,211.86000061035156,219.8000030517578,209.4600067138672,215.2100067138672,215.2100067138672,516510.0
2024-11-07,218.39999389648438,220.0,213.22000122070312,214.8800048828125,214.8800048828125,330965.0
2024-11-08,216.9600067138672,218.17999267578125,208.41000366210938,209.11000061035156,209.11000061035156,231665.0
2024-11-11,209.0,210.7899932861328,202.39999389648438,204.41000366210938,204.41000366210938,267875.0
2024-11-12,205.0,207.99000549316406,196.17999267578125,201.89999389648438,201.89999389648438,433015.0
2024-11-13,192.0,200.08999633789062,191.80999755859375,191.80999755859375,191.80999755859375,390570.0
2024-11-14,191.8000030517578,193.33999633789062,186.1999969482422,188.25,188.25,269075.0
2024-11-18,188.25,190.6699981689453,181.0,182.33999633789062,182.33999633789062,448875.0
2024-11-19,184.99000549316406,187.0,182.1999969482422,184.35000610351562,184.35000610351562,397235.0
2024-11-21,184.35000610351562,186.8800048828125,178.2100067138672,185.77999877929688,185.77999877929688,368170.0
2024-11-22,187.35000610351562,187.39999389648438,182.92999267578125,184.67999267578125,184.67999267578125,253595.0
2024-11-25,184.7899932861328,192.19000244140625,182.88999938964844,186.4199981689453,186.4199981689453,334315.0
2024-11-26,187.0,187.0,177.22000122070312,178.89999389648438,178.89999389648438,496345.0
2024-11-27,176.1999969482422,187.83999633789062,175.08999633789062,186.08999633789062,186.08999633789062,440515.0
2024-11-28,186.08999633789062,189.69000244140625,183.25,184.02999877929688,184.02999877929688,181605.0
2024-11-29,185.0,185.0,179.39999389648438,181.6999969482422,181.6999969482422,495445.0
2024-12-02,180.0,183.99000549316406,179.1999969482422,180.82000732421875,180.82000732421875,249850.0
2024-12-03,182.60000610351562,189.86000061035156,179.4199981689453,189.86000061035156,189.86000061035156,485710.0
2024-12-04,192.4199981689453,199.35000610351562,192.1999969482422,199.35000610351562,199.35000610351562,149085.0
2024-12-05,209.30999755859375,209.30999755859375,198.57000732421875,203.5399932861328,203.5399932861328,3548390.0
2024-12-06,206.39999389648438,208.0,193.0,194.74000549316406,194.74000549316406,978005.0
2024-12-09,192.8000030517578,197.99000549316406,190.6300048828125,191.94000244140625,191.94000244140625,885260.0
2024-12-10,193.7899932861328,199.0,189.22999572753906,194.9199981689453,194.9199981689453,653005.0
2024-12-11,195.63999938964844,196.50999450683594,192.07000732421875,193.80999755859375,193.80999755859375,165450.0
2024-12-12,195.89999389648438,195.89999389648438,189.0,190.60000610351562,190.60000610351562,207680.0
2024-12-13,189.0,191.3000030517578,186.61000061035156,188.64999389648438,188.64999389648438,357230.0
2024-12-16,188.64999389648438,195.85000610351562,188.60000610351562,193.83999633789062,193.83999633789062,302320.0
2024-12-17,193.8000030517578,195.0,188.0,188.39999389648438,188.39999389648438,227420.0
2024-12-18,188.2100067138672,191.60000610351562,185.61000061035156,186.77000427246094,186.77000427246094,357065.0
2024-12-19,185.08999633789062,187.39999389648438,182.94000244140625,184.5,184.5,521765.0
2024-12-20,183.02999877929688,189.0,181.39999389648438,183.9199981689453,183.9199981689453,580785.0
2024-12-23,185.0,186.77999877929688,178.7100067138672,179.52999877929688,179.52999877929688,207930.0
2024-12-24,182.22000122070312,186.88999938964844,179.3000030517578,179.77000427246094,179.77000427246094,266885.0
2024-12-26,181.0,183.99000549316406,178.8000030517578,181.83999633789062,181.83999633789062,144135.0
2024-12-27,183.60000610351562,183.8000030517578,179.6300048828125,180.2100067138672,180.2100067138672,103955.0
2024-12-30,180.22000122070312,182.6699981689453,175.77999877929688,177.14999389648438,177.14999389648438,285580.0
2024-12-31,175.6199951171875,181.0,175.6199951171875,179.64999389648438,179.64999389648438,294955.0
2025-01-01,180.60000610351562,184.8000030517578,179.0,181.39999389648438,181.39999389648438,206690.0
2025-01-02,183.8000030517578,183.99000549316406,179.60000610351562,180.5399932861328,180.5399932861328,194145.0
2025-01-03,181.1699981689453,184.13999938964844,179.60000610351562,180.58999633789062,180.58999633789062,243010.0
2025-01-06,181.86000061035156,185.0,170.0,170.86000061035156,170.86000061035156,416625.0
2025-01-07,172.27000427246094,172.74000549316406,170.02999877929688,172.1999969482422,172.1999969482422,189355.0
2025-01-08,171.39999389648438,171.75,166.1199951171875,167.25,167.25,146755.0
2025-01-09,169.75999450683594,170.6999969482422,166.1999969482422,168.5800018310547,168.5800018310547,316290.0
2025-01-10,169.0,177.1999969482422,158.80999755859375,173.19000244140625,173.19000244140625,754005.0
2025-01-13,171.97999572753906,173.47000122070312,160.3000030517578,161.72000122070312,161.72000122070312,856155.0
2025-01-14,164.14999389648438,170.8800048828125,160.91000366210938,168.08999633789062,168.08999633789062,256405.0
2025-01-15,170.60000610351562,173.0,164.5,166.17999267578125,166.17999267578125,212640.0
2025-01-16,167.99000549316406,170.99000549316406,163.77999877929688,165.74000549316406,165.74000549316406,429865.0
2025-01-17,163.0,174.3000030517578,156.0500030517578,167.1999969482422,167.1999969482422,330998.0
2025-01-20,165.0,168.75,159.1999969482422,162.0500030517578,162.0500030517578,407411.0
2025-01-21,163.64999389648438,165.0,152.0,153.0,153.0,224353.0
2025-01-22,153.4499969482422,156.0,145.5,154.4499969482422,154.4499969482422,372026.0
2025-01-23,152.9499969482422,155.6999969482422,150.10000610351562,154.3000030517578,154.3000030517578,736846.0
2025-01-24,153.8000030517578,154.6999969482422,146.1999969482422,149.4499969482422,149.4499969482422,337001.0
2025-01-27,147.1999969482422,147.35000610351562,136.3000030517578,139.5500030517578,139.5500030517578,561432.0
2025-01-28,137.4499969482422,140.1999969482422,127.0,130.85000610351562,130.85000610351562,988949.0
2025-01-29,129.8000030517578,137.0,129.5500030517578,135.5500030517578,135.5500030517578,391125.0
2025-01-30,134.3000030517578,138.0,131.0,135.39999389648438,135.39999389648438,265601.0
2025-01-31,134.0,138.14999389648438,132.10000610351562,134.89999389648438,134.89999389648438,231634.0
2025-02-01,135.60000610351562,138.5,130.3300018310547,133.60000610351562,133.60000610351562,130004.0
2025-02-03,133.0500030517578,134.38999938964844,128.5500030517578,129.7100067138672,129.7100067138672,169578.0
2025-02-04,131.6999969482422,135.1999969482422,130.4499969482422,133.86000061035156,133.86000061035156,311965.0
2025-02-05,134.74000549316406,158.5,133.11000061035156,150.07000732421875,150.07000732421875,2065226.0
2025-02-06,151.0,158.0,143.25,155.47000122070312,155.47000122070312,871554.0
2025-02-07,155.02000427246094,160.0,148.0,158.25,158.25,663521.0
2025-02-10,158.8000030517578,161.4499969482422,151.0500030517578,155.1199951171875,155.1199951171875,334052.0
2025-02-11,155.5,155.50999450683594,144.30999755859375,148.41000366210938,148.41000366210938,288944.0
2025-02-12,143.0,146.0,134.52999877929688,138.72999572753906,138.72999572753906,719819.0
2025-02-13,138.0,158.0,136.0,147.64999389648438,147.64999389648438,3175171.0
2025-02-14,146.5,148.38999938964844,140.0,141.75999450683594,141.75999450683594,623000.0
2025-02-17,141.75999450683594,141.75999450683594,134.5500030517578,135.74000549316406,135.74000549316406,452289.0
2025-02-18,136.14999389648438,138.0,128.5500030517578,129.67999267578125,129.67999267578125,384891.0
2025-02-19,131.0,136.0,129.4600067138672,131.16000366210938,131.16000366210938,483091.0
2025-02-20,131.1999969482422,141.0,131.1999969482422,140.08999633789062,140.08999633789062,839090.0
2025-02-21,141.0399932861328,145.5399932861328,133.25,136.14999389648438,136.14999389648438,443474.0
2025-02-24,135.99000549316406,136.13999938964844,130.25,130.92999267578125,130.92999267578125,632976.0
2025-02-25,131.4499969482422,134.0,129.0500030517578,129.9499969482422,129.9499969482422,298265.0
2025-02-27,129.9499969482422,132.0,125.0,130.57000732421875,130.57000732421875,385986.0
2025-02-28,129.89999389648438,133.89999389648438,123.69999694824219,131.02999877929688,131.02999877929688,625007.0
2025-03-03,133.0,133.5,127.30000305175781,129.05999755859375,129.05999755859375,724830.0
2025-03-04,127.5,132.1999969482422,126.37999725341797,130.1300048828125,130.1300048828125,257997.0
2025-03-05,130.0,134.0,129.9600067138672,133.35000610351562,133.35000610351562,559217.0
2025-03-06,135.35000610351562,143.75,135.33999633789062,142.50999450683594,142.50999450683594,761433.0
2025-03-07,142.52000427246094,156.80999755859375,141.05999755859375,152.0399932861328,152.0399932861328,1280530.0
2025-03-10,151.0,153.00999450683594,144.0,146.41000366210938,146.41000366210938,412152.0
2025-03-11,144.1999969482422,144.94000244140625,139.41000366210938,140.55999755859375,140.55999755859375,629127.0
2025-03-12,142.64999389648438,144.44000244140625,138.75,139.24000549316406,139.24000549316406,417373.0
2025-03-13,139.85000610351562,142.25,135.97999572753906,136.74000549316406,136.74000549316406,562282.0
2025-03-17,137.14999389648438,139.5,133.8699951171875,134.63999938964844,134.63999938964844,995226.0
2025-03-18,134.63999938964844,134.63999938964844,134.63999938964844,134.63999938964844,134.63999938964844,0.0
2025-03-19,143.6999969482422,146.33999633789062,140.52000427246094,142.77999877929688,142.77999877929688,2093515.0
2025-03-20,144.89999389648438,147.0,140.1199951171875,144.10000610351562,144.10000610351562,1859372.0
2025-03-21,146.25,147.8699951171875,142.27000427246094,145.02999877929688,145.02999877929688,1006568.0
2025-03-24,145.10000610351562,149.4499969482422,140.75,141.5399932861328,141.5399932861328,1399190.0
2025-03-25,142.99000549316406,144.38999938964844,139.10000610351562,140.17999267578125,140.17999267578125,677013.0
2025-03-26,144.0,144.0,135.1999969482422,138.32000732421875,138.32000732421875,726709.0
2025-03-27,136.0,139.5,134.99000549316406,137.85000610351562,137.85000610351562,1141789.0
2025-03-28,139.89999389648438,141.74000549316406,137.10000610351562,137.89999389648438,137.89999389648438,652041.0
2025-04-01,137.9499969482422,144.0,137.9499969482422,139.99000549316406,139.99000549316406,326491.0
2025-04-02,142.10000610351562,143.19000244140625,137.72000122070312,139.77000427246094,139.77000427246094,599024.0
2025-04-03,137.10000610351562,141.0,137.0,139.94000244140625,139.94000244140625,249463.0
2025-04-04,141.0,142.0800018310547,130.6699981689453,132.61000061035156,132.61000061035156,659540.0
2025-04-07,121.98999786376953,128.9499969482422,120.5199966430664,124.61000061035156,124.61000061035156,521353.0
2025-04-08,127.05000305175781,129.9499969482422,123.19999694824219,126.31999969482422,126.31999969482422,568550.0
2025-04-09,124.20999908447266,128.0,122.66999816894531,123.55999755859375,123.55999755859375,238979.0
2025-04-11,127.9000015258789,133.6199951171875,125.62999725341797,131.3000030517578,131.3000030517578,646807.0
2025-04-15,135.0,135.97000122070312,132.75,134.77000427246094,134.77000427246094,244615.0
2025-04-16,134.77000427246094,136.75999450683594,131.5,132.6699981689453,132.6699981689453,419394.0
2025-04-17,132.60000610351562,135.0,131.99000549316406,133.16000366210938,133.16000366210938,265304.0
2025-04-21,134.9499969482422,134.9499969482422,131.42999267578125,133.42999267578125,133.42999267578125,380299.0
2025-04-22,136.8000030517578,137.2899932861328,132.8800048828125,133.22000122070312,133.22000122070312,437976.0
2025-04-23,135.1999969482422,135.1999969482422,128.5,129.91000366210938,129.91000366210938,387082.0
2025-04-24,129.91000366210938,132.35000610351562,128.52000427246094,129.2899932861328,129.2899932861328,621322.0
2025-04-25,130.1999969482422,130.1999969482422,118.36000061035156,120.79000091552734,120.79000091552734,1130870.0
2025-04-28,121.4000015258789,125.54000091552734,119.87000274658203,123.01000213623047,123.01000213623047,1906903.0
2025-04-29,123.0,124.01000213623047,119.52999877929688,120.20999908447266,120.20999908447266,448057.0
2025-04-30,120.20999908447266,121.54000091552734,114.44999694824219,119.19999694824219,119.19999694824219,720791.0
2025-05-02,118.66000366210938,119.19999694824219,115.04000091552734,117.56999969482422,117.56999969482422,353564.0
2025-05-05,119.19000244140625,119.19000244140625,116.31999969482422,117.9000015258789,117.9000015258789,270735.0
2025-05-06,117.70999908447266,117.97000122070312,109.80000305175781,113.19000244140625,113.19000244140625,1164164.0
2025-05-07,111.5,112.80000305175781,110.0,111.7699966430664,111.7699966430664,424474.0
2025-05-08,113.44999694824219,118.27999877929688,112.9800033569336,116.41999816894531,116.41999816894531,2437126.0
2025-05-09,114.25,115.72000122070312,111.16000366210938,114.33999633789062,114.33999633789062,381307.0
2025-05-12,120.0,120.0,113.05000305175781,113.69000244140625,113.69000244140625,948390.0
2025-05-13,111.5999984741211,114.0,110.0,110.88999938964844,110.88999938964844,719087.0
2025-05-14,111.94999694824219,113.44000244140625,109.58000183105469,110.33999633789062,110.33999633789062,1291319.0
2025-05-15,111.94999694824219,113.69000244140625,110.2300033569336,112.7699966430664,112.7699966430664,953341.0
2025-05-16,113.5,114.0,110.30000305175781,110.86000061035156,110.86000061035156,805104.0
2025-05-19,112.0,112.5,106.5,107.30000305175781,107.30000305175781,2536342.0
2025-05-20,108.0,108.73999786376953,103.72000122070312,105.4800033569336,105.4800033569336,2031883.0
2025-05-21,108.0,108.43000030517578,104.73999786376953,105.86000061035156,105.86000061035156,559137.0
2025-05-22,106.0,114.0,105.69000244140625,110.33999633789062,110.33999633789062,1351425.0
2025-05-23,110.80000305175781,113.0,109.0,109.2300033569336,109.2300033569336,637195.0
2025-05-26,109.94999694824219,110.55999755859375,106.73999786376953,106.91999816894531,106.91999816894531,613973.0
2025-05-27,107.0,109.44000244140625,105.61000061035156,106.87000274658203,106.87000274658203,497301.0
2025-05-28,106.94999694824219,107.9000015258789,104.69999694824219,105.19000244140625,105.19000244140625,653598.0
2025-05-29,105.58999633789062,107.4800033569336,105.58999633789062,107.16000366210938,107.16000366210938,399372.0
2025-05-30,107.16000366210938,107.68000030517578,104.41000366210938,105.33999633789062,105.33999633789062,519599.0
2025-06-02,105.05000305175781,105.9000015258789,103.72000122070312,104.31999969482422,104.31999969482422,687925.0
2025-06-03,104.02999877929688,105.52999877929688,103.11000061035156,103.93000030517578,103.93000030517578,773177.0
2025-06-04,103.44999694824219,106.25,102.0,105.04000091552734,105.04000091552734,1102142.0
2025-06-05,105.05000305175781,108.69000244140625,104.56999969482422,105.93000030517578,105.93000030517578,663757.0
2025-06-06,105.5,110.91000366210938,104.0999984741211,104.58000183105469,104.58000183105469,1448738.0
2025-06-09,104.05000305175781,107.62999725341797,103.80000305175781,105.54000091552734,105.54000091552734,1701807.0
2025-06-10,105.5,106.87999725341797,103.9000015258789,104.26000213623047,104.26000213623047,1292106.0
2025-06-11,104.29000091552734,109.0,104.29000091552734,105.9800033569336,105.9800033569336,1002127.0
2025-06-12,105.5,106.70999908447266,103.01000213623047,103.9000015258789,103.9000015258789,630858.0
2025-06-13,102.69999694824219,103.23999786376953,100.86000061035156,101.41999816894531,101.41999816894531,604561.0
2025-06-16,101.0199966430664,110.69999694824219,99.05999755859375,106.54000091552734,106.54000091552734,6350112.0
2025-06-17,107.0,107.0,104.05000305175781,104.73999786376953,104.73999786376953,1299154.0
2025-06-18,104.20999908447266,105.43000030517578,102.30000305175781,102.66999816894531,102.66999816894531,925783.0
2025-06-19,102.1500015258789,107.0,102.0999984741211,105.08999633789062,105.08999633789062,3826808.0
2025-06-20,104.75,106.5999984741211,99.33000183105469,100.29000091552734,100.29000091552734,5227832.0
2025-06-23,99.77999877929688,103.0,99.69000244140625,102.68000030517578,102.68000030517578,998184.0
2025-06-24,102.20999908447266,103.55000305175781,101.0,101.13999938964844,101.13999938964844,788992.0
2025-06-25,101.5,121.36000061035156,101.47000122070312,117.16999816894531,117.16999816894531,12913685.0
2025-06-26,117.5,133.74000549316406,116.68000030517578,131.3699951171875,131.3699951171875,29227837.0
2025-06-27,138.25,139.0,131.3699951171875,134.5800018310547,134.5800018310547,14605352.0
2025-06-30,133.0,134.49000549316406,129.0500030517578,130.25,130.25,3326858.0
2025-07-01,130.5,131.14999389648438,125.11000061035156,126.37999725341797,126.37999725341797,1676769.0
2025-07-02,126.0,127.18000030517578,120.25,121.70999908447266,121.70999908447266,1864081.0
2025-07-03,122.55000305175781,130.60000610351562,120.80000305175781,128.6999969482422,128.6999969482422,4911651.0
2025-07-04,129.6999969482422,129.6999969482422,125.0999984741211,126.62999725341797,126.62999725341797,1577451.0
2025-07-07,126.0,130.97999572753906,123.6500015258789,127.04000091552734,127.04000091552734,3079189.0
2025-07-08,127.25,128.0,123.36000061035156,124.44000244140625,124.44000244140625,631637.0
2025-07-09,124.8499984741211,126.19000244140625,121.30999755859375,121.87999725341797,121.87999725341797,840882.0
2025-07-10,122.55000305175781,123.47000122070312,120.5,121.83999633789062,121.83999633789062,937304.0
2025-07-11,122.29000091552734,124.66000366210938,120.26000213623047,121.2699966430664,121.2699966430664,1168154.0
2025-07-14,121.19999694824219,123.97000122070312,120.11000061035156,121.94000244140625,121.94000244140625,691603.0
2025-07-15,123.1500015258789,124.8499984741211,121.05999755859375,121.7699966430664,121.7699966430664,805795.0
2025-07-16,122.1500015258789,123.0,120.7699966430664,121.44000244140625,121.44000244140625,664344.0
2025-07-17,122.5199966430664,122.69000244140625,120.0,120.94000244140625,120.94000244140625,375911.0
2025-07-18,120.94000244140625,122.5,118.05000305175781,120.29000091552734,120.29000091552734,1200567.0
2025-07-21,122.3499984741211,127.69999694824219,120.01000213623047,122.44999694824219,122.44999694824219,2843628.0
2025-07-22,122.5,122.91000366210938,118.75,120.02999877929688,120.02999877929688,1341212.0
2025-07-23,120.04000091552734,121.22000122070312,117.25,118.25,118.25,759057.0
2025-07-24,118.55000305175781,121.63999938964844,117.55000305175781,120.19000244140625,120.19000244140625,923006.0
2025-07-25,120.1500015258789,120.16000366210938,113.30000305175781,114.9800033569336,114.9800033569336,646335.0
2025-07-28,114.51000213623047,114.91000366210938,109.41000366210938,112.06999969482422,112.06999969482422,1156070.0
2025-07-29,112.06999969482422,115.0,109.62000274658203,114.13999938964844,114.13999938964844,539373.0
2025-07-30,117.0,117.0,113.0,114.66999816894531,114.66999816894531,370499.0
2025-07-31,113.80999755859375,113.94999694824219,111.36000061035156,112.31999969482422,112.31999969482422,258914.0
2025-08-01,114.95999908447266,114.95999908447266,109.66000366210938,110.69999694824219,110.69999694824219,333632.0
2025-08-04,110.5,112.0,108.55999755859375,111.22000122070312,111.22000122070312,336171.0
2025-08-05,111.22000122070312,111.91999816894531,108.4800033569336,108.94999694824219,108.94999694824219,272906.0
2025-08-06,109.0999984741211,110.19000244140625,106.44999694824219,107.7300033569336,107.7300033569336,340066.0
2025-08-07,106.66000366210938,114.27999877929688,104.9800033569336,111.5199966430664,111.5199966430664,1068828.0
2025-08-08,112.25,116.94999694824219,107.55000305175781,108.7300033569336,108.7300033569336,570915.0
2025-08-11,106.83999633789062,107.58000183105469,103.58999633789062,105.11000061035156,105.11000061035156,876340.0
2025-08-12,105.0,106.66000366210938,103.38999938964844,104.16000366210938,104.16000366210938,411397.0
2025-08-13,104.4000015258789,105.44000244140625,103.27999877929688,103.66999816894531,103.66999816894531,234146.0
2025-08-14,109.48999786376953,109.48999786376953,100.26000213623047,101.38999938964844,101.38999938964844,954404.0
2025-08-18,102.0999984741211,104.5,101.31999969482422,101.73999786376953,101.73999786376953,941103.0
2025-08-19,100.5,109.72000122070312,100.5,103.94000244140625,103.94000244140625,2003745.0
2025-08-20,104.36000061035156,105.98999786376953,102.55000305175781,104.5999984741211,104.5999984741211,631724.0
2025-08-21,104.70999908447266,106.0,104.19999694824219,105.19000244140625,105.19000244140625,467736.0
2025-08-22,105.0999984741211,105.0999984741211,101.9000015258789,102.52999877929688,102.52999877929688,766213.0
2025-08-25,102.80000305175781,104.0,100.7699966430664,102.55000305175781,102.55000305175781,608341.0
2025-08-26,102.5,102.73999786376953,100.5,101.02999877929688,101.02999877929688,603231.0
2025-08-28,102.0,102.0,100.0,100.27999877929688,100.27999877929688,440753.0
2025-08-29,100.55000305175781,104.0,99.75,103.26000213623047,103.26000213623047,991955.0
2025-09-01,103.19999694824219,103.98999786376953,101.0199966430664,102.19999694824219,102.19999694824219,519699.0
2025-09-02,102.4000015258789,104.0,101.69999694824219,101.94999694824219,101.94999694824219,839203.0
2025-09-03,102.0,105.0,102.0,103.68000030517578,103.68000030517578,1145200.0
2025-09-04,104.69999694824219,105.0,100.75,101.12000274658203,101.12000274658203,587663.0
2025-09-05,101.19999694824219,105.9800033569336,101.0,102.0,102.0,804960.0
2025-09-08,102.48999786376953,103.30000305175781,100.5,101.18000030517578,101.18000030517578,454244.0
2025-09-09,101.62000274658203,102.47000122070312,99.9000015258789,100.16999816894531,100.16999816894531,1643818.0
2025-09-10,100.80000305175781,101.97000122070312,99.80999755859375,100.04000091552734,100.04000091552734,892189.0
2025-09-11,100.19999694824219,101.62000274658203,99.66000366210938,99.94000244140625,99.94000244140625,1064985.0
2025-09-12,100.98999786376953,101.27999877929688,99.66000366210938,100.4800033569336,100.4800033569336,1289507.0
2025-09-15,100.05999755859375,108.0,100.05999755859375,104.29000091552734,104.29000091552734,6099946.0
2025-09-16,105.12000274658203,107.0,101.38999938964844,101.80000305175781,101.80000305175781,3101726.0
2025-09-17,103.48999786376953,107.0,101.66999816894531,103.22000122070312,103.22000122070312,5055617.0
2025-09-18,103.73999786376953,104.9800033569336,100.51000213623047,101.05999755859375,101.05999755859375,2463575.0
2025-09-19,102.29000091552734,102.29000091552734,99.75,101.04000091552734,101.04000091552734,2667368.0
2025-09-22,101.0,102.88999938964844,99.7300033569336,99.91999816894531,99.91999816894531,1692667.0
2025-09-23,100.4000015258789,100.9000015258789,96.61000061035156,99.75,99.75,2532361.0
2025-09-24,100.0,100.0999984741211,96.5,97.06999969482422,97.06999969482422,1567968.0
2025-09-25,97.25,98.41000366210938,95.9000015258789,96.63999938964844,96.63999938964844,868808.0
2025-09-26,96.5,97.37999725341797,93.05000305175781,95.22000122070312,95.22000122070312,2169997.0
2025-09-29,96.27999877929688,98.16000366210938,95.0999984741211,96.45999908447266,96.45999908447266,1049769.0
2025-09-30,96.30000305175781,96.58000183105469,94.0999984741211,94.37000274658203,94.37000274658203,819501.0
2025-10-01,94.83999633789062,99.25,94.08999633789062,98.41999816894531,98.41999816894531,1181595.0
2025-10-03,98.98999786376953,102.0,98.12000274658203,100.3499984741211,100.3499984741211,1192688.0
2025-10-06,100.68000030517578,100.68000030517578,98.25,98.76000213623047,98.76000213623047,482335.0
2025-10-07,98.76000213623047,99.41000366210938,97.9000015258789,98.94000244140625,98.94000244140625,577167.0
2025-10-08,98.79000091552734,98.79000091552734,97.02999877929688,97.83000183105469,97.83000183105469,611689.0
2025-10-09,97.05000305175781,98.62000274658203,97.0,98.05000305175781,98.05000305175781,473493.0
2025-10-10,98.08000183105469,99.04000091552734,97.0999984741211,98.08000183105469,98.08000183105469,573902.0
2025-10-13,96.80000305175781,97.45999908447266,94.97000122070312,95.98999786376953,95.98999786376953,773994.0
2025-10-14,96.0199966430664,96.5999984741211,92.1500015258789,93.9800033569336,93.9800033569336,994797.0
2025-10-15,94.37999725341797,97.58999633789062,94.05999755859375,96.13999938964844,96.13999938964844,858419.0
2025-10-16,96.63999938964844,96.70999908447266,95.12000274658203,95.62000274658203,95.62000274658203,308001.0
2025-10-17,96.0999984741211,96.5199966430664,93.5,93.68000030517578,93.68000030517578,891482.0
2025-10-20,94.55999755859375,95.0199966430664,93.0999984741211,94.7300033569336,94.7300033569336,398167.0
2025-10-21,95.94999694824219,96.18000030517578,94.69999694824219,95.73999786376953,95.73999786376953,252509.0
2025-10-23,96.02999877929688,98.19999694824219,95.5999984741211,96.5,96.5,1016145.0
2025-10-24,96.8499984741211,98.0,95.0999984741211,96.11000061035156,96.11000061035156,762159.0
2025-10-27,96.41000366210938,96.41000366210938,94.05000305175781,95.0199966430664,95.0199966430664,486324.0
2025-10-28,95.0,95.88999938964844,93.41999816894531,93.93000030517578,93.93000030517578,752462.0
2025-10-29,94.04000091552734,96.88999938964844,94.04000091552734,96.44000244140625,96.44000244140625,731090.0
2025-10-30,96.05000305175781,96.51000213623047,94.69999694824219,94.8499984741211,94.8499984741211,312338.0
2025-10-31,95.2300033569336,95.75,93.5,94.5,94.5,467954.0
2025-11-03,94.0199966430664,96.70999908447266,94.0199966430664,94.66999816894531,94.66999816894531,412520.0
2025-11-04,94.79000091552734,95.5,92.5,92.83000183105469,92.83000183105469,505726.0
2025-11-06,93.30000305175781,93.41000366210938,87.41999816894531,88.48999786376953,88.48999786376953,1148769.0
2025-11-07,88.0,89.6500015258789,86.70999908447266,88.86000061035156,88.86000061035156,473390.0
2025-11-10,89.48999786376953,89.6500015258789,87.19999694824219,87.58000183105469,87.58000183105469,285803.0
2025-11-11,88.0,89.75,86.41000366210938,88.79000091552734,88.79000091552734,348558.0
2025-11-12,89.2300033569336,89.69999694824219,86.94000244140625,87.51000213623047,87.51000213623047,366745.0
2025-11-13,88.20999908447266,90.25,86.87000274658203,87.1500015258789,87.1500015258789,741125.0
2025-11-14,87.8499984741211,87.8499984741211,84.5,85.98999786376953,85.98999786376953,309892.0
2025-11-17,84.0,85.51000213623047,79.97000122070312,84.02999877929688,84.02999877929688,1547336.0
2025-11-18,84.02999877929688,84.41000366210938,80.44000244140625,81.16000366210938,81.16000366210938,817920.0
2025-11-19,82.0,82.01000213623047,76.25,77.75,77.75,2493900.0
2025-11-20,77.5,79.0,71.30000305175781,72.05999755859375,72.05999755859375,4947085.0
2025-11-21,72.0,72.9000015258789,68.25,69.41000366210938,69.41000366210938,1512960.0
2025-11-24,69.0,70.1500015258789,64.25,67.12000274658203,67.12000274658203,5823409.0
2025-11-25,66.56999969482422,69.1500015258789,66.26000213623047,67.02999877929688,67.02999877929688,2826375.0
2025-11-26,67.31999969482422,69.47000122070312,66.70999908447266,68.54000091552734,68.54000091552734,907798.0
2025-11-27,68.63999938964844,69.2699966430664,67.52999877929688,68.54000091552734,68.54000091552734,908613.0
2025-11-28,68.9000015258789,69.0,68.0,68.75,68.75,677939.0
2025-12-01,68.75,70.70999908447266,67.54000091552734,67.98999786376953,67.98999786376953,779750.0
2025-12-02,68.19999694824219,68.19999694824219,65.18000030517578,65.75,65.75,1083922.0
2025-12-03,65.75,67.0,64.5199966430664,66.63999938964844,66.63999938964844,1519243.0
2025-12-04,66.63999938964844,66.83999633789062,65.0,65.37999725341797,65.37999725341797,888362.0
2025-12-05,65.1500015258789,65.30000305175781,63.790000915527344,64.69000244140625,64.69000244140625,606856.0
2025-12-08,64.7300033569336,65.0,62.290000915527344,63.029998779296875,63.029998779296875,1304552.0
2025-12-09,62.5099983215332,64.5999984741211,61.099998474121094,63.400001525878906,63.400001525878906,4017462.0
2025-12-10,63.5,64.25,61.18000030517578,61.650001525878906,61.650001525878906,701642.0
2025-12-11,61.400001525878906,61.540000915527344,59.900001525878906,60.56999969482422,60.56999969482422,989591.0
2025-12-12,60.97999954223633,62.400001525878906,60.20000076293945,60.47999954223633,60.47999954223633,1489406.0
2025-12-15,60.40999984741211,68.54000091552734,60.15999984741211,66.9000015258789,66.9000015258789,19550805.0
2025-12-16,66.19999694824219,67.5999984741211,61.709999084472656,62.810001373291016,62.810001373291016,4467160.0
2025-12-17,62.810001373291016,63.66999816894531,60.709999084472656,61.2599983215332,61.2599983215332,1928298.0
2025-12-18,61.0,62.099998474121094,60.61000061035156,61.4900016784668,61.4900016784668,1088258.0
2025-12-19,61.5,62.38999938964844,60.900001525878906,61.75,61.75,1386689.0
2025-12-22,61.939998626708984,64.11000061035156,61.939998626708984,62.5,62.5,1278596.0
2025-12-23,62.65999984741211,64.19999694824219,61.900001525878906,63.279998779296875,63.279998779296875,1175540.0
2025-12-24,63.25,65.5,63.25,63.810001373291016,63.810001373291016,1128415.0
2025-12-26,63.779998779296875,65.55999755859375,63.06999969482422,64.1500015258789,64.1500015258789,1975087.0
2025-12-29,64.1500015258789,71.5,63.93000030517578,69.19000244140625,69.19000244140625,13853442.0
2025-12-30,70.0999984741211,70.88999938964844,66.55000305175781,67.05000305175781,67.05000305175781,2848384.0
2025-12-31,67.0999984741211,73.19000244140625,66.6500015258789,72.29000091552734,72.29000091552734,7160707.0
2026-01-01,72.48999786376953,74.25,69.5,71.08000183105469,71.08000183105469,3451267.0
2026-01-02,71.4000015258789,72.91999816894531,70.76000213623047,72.61000061035156,72.61000061035156,1150330.0
2026-01-05,73.5,79.79000091552734,73.02999877929688,75.27999877929688,75.27999877929688,14670308.0
2026-01-06,75.5,76.76000213623047,71.56999969482422,72.4000015258789,72.4000015258789,2398383.0
2026-01-07,72.4000015258789,73.5,71.45999908447266,72.91999816894531,72.91999816894531,1219883.0
2026-01-08,72.79000091552734,73.12999725341797,70.0,70.5999984741211,70.5999984741211,1352629.0
2026-01-09,69.75,70.33000183105469,66.5999984741211,67.18000030517578,67.18000030517578,1265027.0
2026-01-12,67.18000030517578,67.30000305175781,65.01000213623047,66.72000122070312,66.72000122070312,1123268.0
2026-01-13,66.02999877929688,68.31999969482422,65.26000213623047,65.7300033569336,65.7300033569336,997456.0
2026-01-14,65.73999786376953,67.56999969482422,65.30999755859375,65.87000274658203,65.87000274658203,1079731.0
2026-01-15,65.87000274658203,65.87000274658203,65.87000274658203,65.87000274658203,65.87000274658203,0.0
2026-01-16,66.08999633789062,73.0999984741211,65.88999938964844,72.3499984741211,72.3499984741211,8215346.0
2026-01-19,72.0,74.5,70.0999984741211,71.87999725341797,71.87999725341797,3575203.0
2026-01-20,71.5,71.8499984741211,67.11000061035156,68.4000015258789,68.4000015258789,1668417.0
2026-01-21,68.30000305175781,71.12999725341797,67.56999969482422,68.55000305175781,68.55000305175781,1609328.0
2026-01-22,68.94999694824219,70.9000015258789,67.73999786376953,69.51000213623047,69.51000213623047,1259703.0
2026-01-23,69.98999786376953,71.27999877929688,65.0999984741211,65.43000030517578,65.43000030517578,1225433.0
2026-01-27,65.69000244140625,68.62000274658203,64.0,67.87000274658203,67.87000274658203,1730382.0
2026-01-28,68.41000366210938,69.58999633789062,67.5999984741211,69.16000366210938,69.16000366210938,1392425.0
2026-01-29,69.16000366210938,70.19000244140625,67.95999908447266,68.9800033569336,68.9800033569336,916337.0
2026-01-30,68.30000305175781,68.73999786376953,66.5999984741211,67.83000183105469,67.83000183105469,824720.0
2026-02-02,67.3499984741211,70.68000030517578,65.43000030517578,68.08999633789062,68.08999633789062,3579962.0
2026-02-03,71.98999786376953,71.98999786376953,68.9000015258789,69.62000274658203,69.62000274658203,638596.0
2026-02-04,69.62000274658203,71.41999816894531,69.0,70.8499984741211,70.8499984741211,826370.0
2026-02-05,71.08999633789062,75.98999786376953,70.0,75.06999969482422,75.06999969482422,4392615.0
2026-02-06,74.83999633789062,74.8499984741211,71.95999908447266,73.25,73.25,985447.0
2026-02-09,73.30999755859375,74.80000305175781,72.80000305175781,73.0999984741211,73.0999984741211,1045642.0
2026-02-10,73.16999816894531,76.4000015258789,72.7699966430664,74.79000091552734,74.79000091552734,1210093.0
2026-02-11,75.18000030517578,75.30999755859375,72.5199966430664,74.87999725341797,74.87999725341797,879349.0
2026-02-12,74.9000015258789,74.9000015258789,72.5999984741211,73.44000244140625,73.44000244140625,986344.0
2026-02-13,70.0,70.62000274658203,67.62000274658203,70.12000274658203,70.12000274658203,2641685.0
2026-02-16,69.1500015258789,69.31999969482422,66.5,66.9000015258789,66.9000015258789,1009682.0
2026-02-17,67.51000213623047,68.11000061035156,65.6500015258789,66.93000030517578,66.93000030517578,1216845.0
2026-02-18,67.20999908447266,67.30000305175781,66.05000305175781,66.93000030517578,66.93000030517578,755564.0
2026-02-19,67.97000122070312,67.97000122070312,64.19999694824219,65.01000213623047,65.01000213623047,787510.0
2026-02-20,64.94999694824219,64.94999694824219,63.0,63.13999938964844,63.13999938964844,838843.0
2026-02-23,64.18000030517578,64.18000030517578,61.560001373291016,62.20000076293945,62.20000076293945,918894.0
2026-02-24,62.0,62.08000183105469,60.31999969482422,60.849998474121094,60.849998474121094,1152124.0
2026-02-25,60.849998474121094,72.19999694824219,60.380001068115234,68.23999786376953,68.23999786376953,34310768.0
2026-02-26,71.05999755859375,73.69999694824219,68.5999984741211,72.0,72.0,31784189.0
2026-02-27,71.20999908447266,75.80000305175781,68.5,68.91999816894531,68.91999816894531,21938067.0
2026-03-02,67.91999816894531,68.38999938964844,65.01000213623047,65.66999816894531,65.66999816894531,3064523.0
2026-03-04,64.0999984741211,64.31999969482422,60.599998474121094,61.16999816894531,61.16999816894531,3723028.0
2026-03-05,61.900001525878906,63.29999923706055,60.04999923706055,61.790000915527344,61.790000915527344,3202265.0
2026-03-06,61.4900016784668,62.900001525878906,61.04999923706055,61.599998474121094,61.599998474121094,1775182.0
2026-03-09,60.099998474121094,60.970001220703125,58.279998779296875,59.93000030517578,59.93000030517578,1591148.0
2026-03-10,61.5,61.61000061035156,59.720001220703125,61.029998779296875,61.029998779296875,1311273.0
2026-03-11,63.0,71.5,62.220001220703125,67.45999908447266,67.45999908447266,12615178.0
2026-03-12,67.0,68.69999694824219,64.86000061035156,66.55999755859375,66.55999755859375,4536687.0
2026-03-13,64.9000015258789,66.80000305175781,61.849998474121094,62.45000076293945,62.45000076293945,2715741.0
2026-03-16,62.29999923706055,63.689998626708984,60.380001068115234,62.7400016784668,62.7400016784668,2835170.0
2026-03-17,63.5,65.2699966430664,62.060001373291016,63.27000045776367,63.27000045776367,3175363.0
2026-03-18,63.150001525878906,64.94999694824219,62.58000183105469,64.06999969482422,64.06999969482422,2135598.0
2026-03-19,62.79999923706055,63.38999938964844,62.0,62.22999954223633,62.22999954223633,1021893.0
2026-03-20,63.0099983215332,67.4000015258789,62.40999984741211,64.68000030517578,64.68000030517578,4676522.0
2026-03-23,63.06999969482422,63.650001525878906,57.5,57.7599983215332,57.7599983215332,4728870.0
2026-03-24,59.959999084472656,60.06999969482422,56.310001373291016,58.2400016784668,58.2400016784668,3180326.0
2026-03-25,59.15999984741211,60.59000015258789,58.29999923706055,59.18000030517578,59.18000030517578,2533363.0
2026-03-27,58.5,58.5,55.41999816894531,56.18000030517578,56.18000030517578,4681833.0
2026-03-30,55.06999969482422,56.959999084472656,53.650001525878906,54.13999938964844,54.13999938964844,3385793.0
2026-04-01,56.900001525878906,59.34000015258789,55.63999938964844,58.470001220703125,58.470001220703125,2710901.0
2026-04-02,56.810001373291016,58.529998779296875,55.040000915527344,57.88999938964844,57.88999938964844,1724982.0
2026-04-06,58.04999923706055,58.04999923706055,54.75,57.5099983215332,57.5099983215332,3249510.0
2026-04-07,57.7400016784668,59.220001220703125,56.790000915527344,57.810001373291016,57.810001373291016,1651293.0
2026-04-08,60.4900016784668,65.2300033569336,59.880001068115234,62.720001220703125,62.720001220703125,5332768.0
2026-04-09,62.79999923706055,64.61000061035156,61.75,62.09000015258789,62.09000015258789,2158167.0
2026-04-10,62.59000015258789,65.80000305175781,62.59000015258789,63.90999984741211,63.90999984741211,2609682.0
2026-04-13,63.0,63.83000183105469,60.5099983215332,62.65999984741211,62.65999984741211,1647513.0
2026-04-15,64.0,66.79000091552734,63.880001068115234,66.44000244140625,66.44000244140625,1946667.0
2026-04-16,67.19999694824219,69.30000305175781,66.38999938964844,68.73999786376953,68.73999786376953,2336093.0
2026-04-17,69.0999984741211,74.30000305175781,68.69999694824219,72.4800033569336,72.4800033569336,3943502.0
2026-04-20,72.5,75.87999725341797,71.01000213623047,73.4000015258789,73.4000015258789,4148025.0
2026-04-21,73.75,74.27999877929688,71.58000183105469,72.0999984741211,72.0999984741211,1498194.0
2026-04-22,71.8499984741211,73.27999877929688,71.69000244140625,72.58000183105469,72.58000183105469,1514688.0
2026-04-23,71.79000091552734,72.8499984741211,70.80000305175781,71.31999969482422,71.31999969482422,1585191.0
2026-04-24,71.1500015258789,72.0,69.80000305175781,71.52999877929688,71.52999877929688,2271657.0
2026-04-27,72.18000030517578,79.0,72.18000030517578,78.16000366210938,78.16000366210938,6098878.0
2026-04-28,78.47000122070312,83.0999984741211,78.0199966430664,81.41999816894531,81.41999816894531,7826606.0
2026-04-29,82.19999694824219,83.69999694824219,80.29000091552734,81.48999786376953,81.48999786376953,2286573.0
2026-04-30,81.0,82.31999969482422,77.55000305175781,78.29000091552734,78.29000091552734,3246381.0
2026-05-01,78.29000091552734,78.29000091552734,78.29000091552734,78.29000091552734,78.29000091552734,0.0
2026-05-04,79.4000015258789,84.69999694824219,79.0999984741211,82.5999984741211,82.5999984741211,3765967.0
2026-05-05,82.55000305175781,83.2699966430664,80.55999755859375,82.18000030517578,82.18000030517578,1906999.0
2026-05-06,82.69999694824219,85.0,82.0,83.97000122070312,83.97000122070312,2426682.0
2026-05-07,84.19000244140625,85.05999755859375,83.0,84.18000030517578,84.18000030517578,1684114.0
2026-05-08,85.19000244140625,85.19000244140625,82.0999984741211,83.52999877929688,83.52999877929688,2924805.0
2026-05-11,83.25,88.5,82.02999877929688,86.18000030517578,86.18000030517578,4857578.0
2026-05-12,86.0,86.73999786376953,82.19999694824219,82.9800033569336,82.9800033569336,2666675.0
2026-05-13,82.9800033569336,86.19999694824219,82.4800033569336,84.6500015258789,84.6500015258789,2384993.0
2026-05-14,85.5,87.69999694824219,82.9000015258789,83.26000213623047,83.26000213623047,2264872.0
2026-05-15,83.29000091552734,83.4000015258789,75.5999984741211,76.58000183105469,76.58000183105469,3845354.0
2026-05-18,75.0,84.25,70.05000305175781,80.87000274658203,80.87000274658203,8744642.0
2026-05-19,79.98999786376953,80.0,76.83000183105469,77.38999938964844,77.38999938964844,820199.0
2026-05-20,76.9000015258789,76.9000015258789,74.0,75.02999877929688,75.02999877929688,528498.0
2026-05-21,75.76000213623047,76.48999786376953,72.0,73.54000091552734,73.54000091552734,693186.0
2026-05-22,73.25,74.63999938964844,71.5,72.02999877929688,72.02999877929688,388963.0
2026-05-25,72.19999694824219,73.9000015258789,72.0,72.88999938964844,72.88999938964844,295676.0
2026-05-26,72.98999786376953,75.4000015258789,72.5,73.58999633789062,73.58999633789062,327650.0
2026-05-27,73.58999633789062,74.69000244140625,69.91999816894531,72.76000213623047,72.76000213623047,597880.0
2026-05-28,72.76000213623047,72.76000213623047,72.76000213623047,72.76000213623047,72.76000213623047,0.0
2026-05-29,71.8499984741211,72.9000015258789,71.0999984741211,72.37000274658203,72.37000274658203,353699.0
2026-06-01,72.01000213623047,75.9800033569336,70.0,70.83000183105469,70.83000183105469,685689.0
2026-06-02,70.83000183105469,70.9000015258789,67.5,70.04000091552734,70.04000091552734,577019.0
2026-06-03,69.69000244140625,70.0,67.01000213623047,68.91999816894531,68.91999816894531,428253.0
2026-06-04,68.87000274658203,71.44999694824219,68.0,70.37000274658203,70.37000274658203,434332.0
2026-06-05,69.0999984741211,71.1500015258789,69.0999984741211,69.55999755859375,69.55999755859375,156534.0
2026-06-08,67.55000305175781,68.8499984741211,66.4000015258789,66.81999969482422,66.81999969482422,233055.0
2026-06-09,67.33999633789062,67.79000091552734,65.0999984741211,67.23999786376953,67.23999786376953,163749.0
2026-06-10,66.9000015258789,67.9000015258789,65.5,66.05000305175781,66.05000305175781,167371.0
2026-06-11,66.88999938964844,67.5999984741211,64.0,64.19999694824219,64.19999694824219,176055.0
2026-06-12,64.05000305175781,66.69999694824219,64.0,65.8499984741211,65.8499984741211,580365.0
2026-06-15,67.16999816894531,69.0,66.25,68.41999816894531,68.41999816894531,455411.0
2026-06-16,68.75,70.0,67.0999984741211,67.80999755859375,67.80999755859375,197687.0
2026-06-17,67.61000061035156,68.5,66.5,66.94999694824219,66.94999694824219,309440.0
2026-06-18,67.63999938964844,68.5,66.25,68.05999755859375,68.05999755859375,216256.0
2026-06-19,67.97000122070312,68.5,66.69999694824219,67.97000122070312,67.97000122070312,257484.0
2026-06-22,68.5999984741211,71.36000061035156,67.97000122070312,71.36000061035156,71.36000061035156,419640.0
2026-06-23,73.30000305175781,74.91999816894531,71.0999984741211,72.54000091552734,72.54000091552734,1017334.0
2026-06-24,72.4000015258789,72.4000015258789,69.5,70.0999984741211,70.0999984741211,201114.0
2026-06-25,70.25,70.98999786376953,68.0999984741211,68.19000244140625,68.19000244140625,190154.0
2026-06-26,68.19000244140625,68.19000244140625,68.19000244140625,68.19000244140625,68.19000244140625,0.0
2026-06-29,68.19000244140625,69.66000366210938,67.0,67.18000030517578,67.18000030517578,323199.0
2026-06-30,67.18000030517578,68.19999694824219,67.0,67.58999633789062,67.58999633789062,216224.0
2026-07-01,68.44000244140625,69.9000015258789,68.4000015258789,68.5199966430664,68.5199966430664,221768.0
2026-07-02,67.51000213623047,68.80000305175781,66.5,67.80000305175781,67.80000305175781,507610.0
2026-07-03,68.80000305175781,70.9000015258789,67.80000305175781,70.41000366210938,70.41000366210938,466819.0
2026-07-06,70.5999984741211,70.94999694824219,69.0,69.76000213623047,69.76000213623047,133570.0
2026-07-07,70.0,70.5999984741211,68.0999984741211,68.16000366210938,68.16000366210938,165651.0
2026-07-08,67.94999694824219,69.0999984741211,66.0999984741211,66.27999877929688,66.27999877929688,137289.0
2026-07-09,66.25,67.88999938964844,65.69999694824219,66.12000274658203,66.12000274658203,201982.0
2026-07-10,66.12999725341797,67.9000015258789,65.80000305175781,66.05999755859375,66.05999755859375,196633.0
2026-07-13,66.9800033569336,67.37999725341797,65.6500015258789,66.37999725341797,66.37999725341797,218813.0
2026-07-14,66.37999725341797,66.5999984741211,65.5,65.73999786376953,65.73999786376953,79147.0
2026-07-15,66.44999694824219,66.44999694824219,64.2300033569336,65.43000030517578,65.43000030517578,111388.0
2026-07-16,65.44999694824219,66.30000305175781,65.11000061035156,65.26000213623047,65.26000213623047,154316.0
2026-07-17,66.23999786376953,66.23999786376953,64.0,64.4000015258789,64.4000015258789,272957.0
2026-07-20,64.4000015258789,65.4000015258789,63.0,63.689998626708984,63.689998626708984,266924.0
2026-07-21,64.75,64.75,62.11000061035156,62.7599983215332,62.7599983215332,423753.0
2026-07-22,63.38999938964844,63.38999938964844,60.119998931884766,61.45000076293945,61.45000076293945,317434.0
2026-07-23,60.060001373291016,62.400001525878906,59.20000076293945,60.099998474121094,60.099998474121094,1415544.0
2026-07-24,59.720001220703125,61.790000915527344,58.900001525878906,61.2400016784668,61.2400016784668,240263.0
2026-07-27,61.439998626708984,62.4900016784668,60.61000061035156,61.34000015258789,61.34000015258789,282117.0
2026-07-28,61.5,61.900001525878906,59.0,60.540000915527344,60.540000915527344,312448.0
2026-07-29,60.349998474121094,61.5,59.5,61.130001068115234,61.130001068115234,261098.0
2026-07-30,61.130001068115234,61.33000183105469,58.08000183105469,58.959999084472656,58.959999084472656,329199.0
2026-07-31,58.900001525878906,59.31999969482422,57.099998474121094,57.709999084472656,57.709999084472656,517305.0
2026-08-03,57.959999084472656,60.59000015258789,57.709999084472656,60.59000015258789,60.59000015258789,187525.0
2026-08-04,61.900001525878906,63.61000061035156,61.0,63.34000015258789,63.34000015258789,753733.0
2026-08-05,64.5,64.9000015258789,62.02000045776367,62.2599983215332,62.2599983215332,465977.0
2026-08-06,63.9900016784668,63.9900016784668,61.0,62.93000030517578,62.93000030517578,236864.0
2026-08-07,63.95000076293945,66.04000091552734,62.20000076293945,65.61000061035156,65.61000061035156,559390.0
2026-08-10,65.61000061035156,68.81999969482422,64.0999984741211,68.54000091552734,68.54000091552734,1083103.0
2026-08-11,69.5,69.5,65.5,66.87999725341797,66.87999725341797,1059597.0
2026-08-12,66.5999984741211,67.52999877929688,65.01000213623047,65.80999755859375,65.80999755859375,218036.0
2026-08-13,65.48999786376953,69.0999984741211,64.44999694824219,68.87000274658203,68.87000274658203,1511446.0
2026-08-14,68.87000274658203,71.75,68.0999984741211,70.5999984741211,70.5999984741211,994397.0
2026-08-17,72.25,73.4000015258789,68.61000061035156,69.95999908447266,69.95999908447266,985942.0
2026-08-18,69.5,70.79000091552734,66.47000122070312,67.81999969482422,67.81999969482422,1512483.0
2026-08-19,68.83999633789062,69.18000030517578,65.20999908447266,66.38999938964844,66.38999938964844,404340.0
2026-08-20,66.5,67.88999938964844,64.80000305175781,66.08000183105469,66.08000183105469,887363.0
2026-08-21,65.5,65.95999908447266,63.11000061035156,63.56999969482422,63.56999969482422,611558.0
2026-08-24,63.900001525878906,65.9000015258789,63.5,65.5199966430664,65.5199966430664,522888.0
2026-08-25,68.69999694824219,68.69999694824219,64.5,65.61000061035156,65.61000061035156,743671.0
2026-08-26,66.0,68.88999938964844,65.06999969482422,68.58000183105469,68.58000183105469,780291.0
2026-08-27,70.0,71.9000015258789,69.16000366210938,70.16000366210938,70.16000366210938,1576419.0
2026-08-28,70.30000305175781,70.80999755859375,68.44999694824219,69.2300033569336,69.2300033569336,986503.0
2026-08-31,71.4000015258789,72.69000244140625,68.75,72.16000366210938,72.16000366210938,4088355.0
2026-09-01,72.56999969482422,74.19999694824219,69.87000274658203,70.44000244140625,70.44000244140625,1174414.0
2026-09-02,69.61000061035156,72.26000213623047,69.04000091552734,70.5999984741211,70.5999984741211,563457.0
2026-09-03,71.04000091552734,71.5999984741211,70.5999984741211,70.8499984741211,70.8499984741211,282615.0
2026-09-04,71.08000183105469,71.55000305175781,69.31999969482422,69.7300033569336,69.7300033569336,293778.0
2026-09-08,69.9800033569336,70.54000091552734,67.5,67.86000061035156,67.86000061035156,645330.0
2026-09-09,67.81999969482422,69.75,67.81999969482422,68.69999694824219,68.69999694824219,760934.0
2026-09-10,68.0,68.87000274658203,67.25,67.52999877929688,67.52999877929688,491607.0
2026-09-11,67.0999984741211,67.41000366210938,64.33000183105469,65.06999969482422,65.06999969482422,934174.0
2026-09-15,65.37999725341797,65.88999938964844,62.0,62.25,62.25,672648.0
