date,open,high,low,close,adjclose,volume
2021-09-15,252.85000610351562,254.3000030517578,246.0,247.0,239.3492889404297,156381.0
2021-09-16,248.3000030517578,250.35000610351562,244.0,244.35000610351562,236.78140258789062,88552.0
2021-09-17,246.3000030517578,246.39999389648438,238.3000030517578,242.14999389648438,234.64952087402344,154539.0
2021-09-20,240.0,244.0,230.0,232.8000030517578,225.58914184570312,144721.0
2021-09-21,234.64999389648438,239.25,229.9499969482422,234.89999389648438,227.62408447265625,75001.0
2021-09-22,235.9499969482422,245.89999389648438,235.9499969482422,243.25,235.71543884277344,89044.0
2021-09-23,244.89999389648438,254.89999389648438,242.35000610351562,243.75,236.19996643066406,82739.0
2021-09-24,245.0,257.3999938964844,242.8000030517578,246.75,239.10704040527344,280117.0
2021-09-27,249.4499969482422,251.25,243.8000030517578,248.64999389648438,240.9481964111328,123066.0
2021-09-28,249.6999969482422,249.8000030517578,240.0,244.25,236.68447875976562,73252.0
2021-09-29,243.89999389648438,246.75,241.0,243.25,235.71543884277344,43704.0
2021-09-30,243.9499969482422,251.60000610351562,242.0,248.8000030517578,241.0935516357422,91574.0
2021-10-01,248.0,265.8999938964844,243.9499969482422,258.8500061035156,250.832275390625,436543.0
2021-10-04,259.0,275.0,256.3500061035156,265.70001220703125,257.4700927734375,706055.0
2021-10-05,265.0,265.04998779296875,255.0,257.1000061035156,249.136474609375,158534.0
2021-10-06,257.3999938964844,260.3999938964844,249.0,251.0500030517578,243.2738494873047,156480.0
2021-10-07,254.8000030517578,260.0,252.75,256.1499938964844,248.21588134765625,72947.0
2021-10-08,259.0,259.0,250.0,251.1999969482422,243.41920471191406,72735.0
2021-10-11,250.0500030517578,262.75,242.0,243.60000610351562,236.05462646484375,200347.0
2021-10-12,246.25,250.39999389648438,241.60000610351562,249.3000030517578,241.5780487060547,118548.0
2021-10-13,251.25,256.0,246.10000610351562,248.75,241.0450897216797,85514.0
2021-10-14,251.3000030517578,253.25,247.1999969482422,249.35000610351562,241.6265106201172,79325.0
2021-10-18,251.39999389648438,252.0,243.5,246.85000610351562,239.20394897460938,114976.0
2021-10-19,248.8000030517578,250.39999389648438,238.0,243.14999389648438,235.61854553222656,99904.0
2021-10-20,240.0,246.5500030517578,236.4499969482422,239.64999389648438,232.22695922851562,57471.0
2021-10-21,240.3000030517578,259.79998779296875,231.0,251.0,243.2254180908203,311101.0
2021-10-22,252.0,254.8000030517578,239.0,244.60000610351562,237.02365112304688,93710.0
2021-10-25,246.60000610351562,246.60000610351562,231.60000610351562,236.5,229.17453002929688,94154.0
2021-10-26,237.5,243.8000030517578,237.5,240.9499969482422,233.48667907714844,30742.0
2021-10-27,240.0,247.4499969482422,236.75,239.1999969482422,231.7908935546875,63857.0
2021-10-28,240.3000030517578,243.0500030517578,235.0,235.85000610351562,228.54466247558594,69725.0
2021-10-29,237.3000030517578,238.60000610351562,230.89999389648438,233.75,226.5097198486328,51872.0
2021-11-01,233.10000610351562,250.0,231.8000030517578,248.10000610351562,240.4152374267578,82212.0
2021-11-02,248.89999389648438,248.89999389648438,242.1999969482422,244.14999389648438,236.5875701904297,25400.0
2021-11-03,243.64999389648438,244.9499969482422,238.1999969482422,240.0500030517578,232.6145782470703,34109.0
2021-11-04,242.60000610351562,244.60000610351562,239.5,240.8000030517578,233.3413543701172,10324.0
2021-11-08,244.8000030517578,248.5,238.89999389648438,247.6999969482422,240.02761840820312,75515.0
2021-11-09,249.0,254.9499969482422,242.1999969482422,251.5500030517578,243.7583770751953,66072.0
2021-11-10,251.39999389648438,254.3000030517578,244.1999969482422,245.0,237.4112548828125,130411.0
2021-11-11,246.0,250.0,243.39999389648438,249.0,241.28733825683594,52728.0
2021-11-12,251.89999389648438,253.14999389648438,247.85000610351562,252.1999969482422,244.38821411132812,78522.0
2021-11-15,253.0,264.0,247.3000030517578,250.25,242.49864196777344,154844.0
2021-11-16,251.1999969482422,252.0,243.8000030517578,248.0500030517578,240.36679077148438,99164.0
2021-11-17,248.0500030517578,249.14999389648438,240.10000610351562,242.25,234.74642944335938,61448.0
2021-11-18,252.0,276.0,248.64999389648438,256.3999938964844,248.4581298828125,1171140.0
2021-11-22,261.0,270.0,242.25,266.20001220703125,257.95458984375,401258.0
2021-11-23,268.0,286.3999938964844,268.0,272.8999938964844,264.44708251953125,614002.0
2021-11-24,275.79998779296875,324.8500061035156,275.79998779296875,319.25,309.36138916015625,1695155.0
2021-11-25,320.0,321.04998779296875,300.0,302.45001220703125,293.081787109375,357422.0
2021-11-26,290.0,298.8999938964844,283.0,286.75,277.8680419921875,163201.0
2021-11-29,288.04998779296875,304.8999938964844,278.0,289.54998779296875,280.5813293457031,171613.0
2021-11-30,286.25,299.5,283.54998779296875,290.0,281.0174255371094,103660.0
2021-12-01,296.0,326.0,294.3999938964844,309.70001220703125,300.1072082519531,518967.0
2021-12-02,312.5,318.79998779296875,303.5,305.6499938964844,296.1826477050781,119436.0
2021-12-03,304.0,307.79998779296875,298.29998779296875,301.29998779296875,291.96734619140625,57516.0
2021-12-06,302.04998779296875,342.20001220703125,302.04998779296875,337.0,326.5616149902344,892904.0
2021-12-07,347.0,349.70001220703125,332.70001220703125,334.95001220703125,324.5751037597656,291430.0
2021-12-08,346.8999938964844,353.79998779296875,330.54998779296875,333.20001220703125,322.87933349609375,360719.0
2021-12-09,334.8999938964844,338.5,318.20001220703125,325.6000061035156,315.51470947265625,148455.0
2021-12-10,329.70001220703125,333.8999938964844,318.3500061035156,321.29998779296875,311.347900390625,121786.0
2021-12-13,323.8500061035156,341.20001220703125,322.5,336.95001220703125,326.5131530761719,153559.0
2021-12-14,334.8999938964844,351.79998779296875,334.8500061035156,342.8999938964844,332.2788391113281,234061.0
2021-12-15,341.0,346.75,329.1499938964844,330.79998779296875,320.55364990234375,115244.0
2021-12-16,331.29998779296875,336.95001220703125,325.54998779296875,331.8999938964844,321.6195373535156,66948.0
2021-12-17,335.0,335.0,315.0,316.3500061035156,306.5512390136719,125015.0
2021-12-20,311.1000061035156,311.1000061035156,296.1499938964844,303.20001220703125,293.8085632324219,136432.0
2021-12-21,308.3999938964844,316.5,307.75,315.5,305.7275695800781,101038.0
2021-12-22,319.70001220703125,368.0,314.0,358.04998779296875,346.9595642089844,1014234.0
2021-12-23,380.0,380.0,348.5,365.1000061035156,353.7912292480469,533629.0
2021-12-24,368.0,371.0,355.1000061035156,357.1000061035156,346.03900146484375,152425.0
2021-12-27,361.6499938964844,428.5,357.54998779296875,426.70001220703125,413.4831848144531,1643358.0
2021-12-28,435.0,467.79998779296875,418.54998779296875,453.75,439.6953125,1081327.0
2021-12-29,450.0,450.95001220703125,417.0,421.75,408.6864929199219,321823.0
2021-12-30,421.75,463.8999938964844,420.0,461.75,447.4475402832031,496239.0
2021-12-31,464.0,495.8999938964844,447.6000061035156,472.3500061035156,457.7192077636719,541973.0
2022-01-03,471.0,488.0,450.70001220703125,462.5,448.17431640625,327685.0
2022-01-04,464.8999938964844,487.6000061035156,455.04998779296875,458.70001220703125,444.49200439453125,140321.0
2022-01-05,460.54998779296875,485.0,438.1000061035156,472.8999938964844,458.252197265625,214212.0
2022-01-06,463.45001220703125,478.6499938964844,462.0,467.3999938964844,452.9225158691406,123670.0
2022-01-07,467.1000061035156,479.45001220703125,466.54998779296875,468.3500061035156,453.8431091308594,120031.0
2022-01-10,474.0,479.95001220703125,454.04998779296875,457.8999938964844,443.716796875,160787.0
2022-01-11,458.0,464.75,445.04998779296875,448.1499938964844,434.2687683105469,101827.0
2022-01-12,452.0,487.3999938964844,447.29998779296875,482.6499938964844,467.70013427734375,386612.0
2022-01-13,485.54998779296875,527.0,483.45001220703125,513.5499877929688,497.64306640625,548814.0
2022-01-14,517.7000122070312,530.0,506.3999938964844,516.25,500.2594299316406,256834.0
2022-01-17,519.7999877929688,521.3499755859375,495.04998779296875,501.54998779296875,486.0147399902344,155650.0
2022-01-18,506.8500061035156,506.8500061035156,472.0,475.54998779296875,460.8200988769531,150627.0
2022-01-19,475.5,522.7999877929688,470.1000061035156,513.1500244140625,497.25543212890625,244877.0
2022-01-20,510.1499938964844,564.4500122070312,510.1499938964844,559.2000122070312,541.8790893554688,372106.0
2022-01-21,558.0,559.9500122070312,504.0,516.25,500.2594299316406,481792.0
2022-01-24,548.0,548.0,471.3500061035156,479.6499938964844,464.7931213378906,408612.0
2022-01-25,478.0,511.25,462.95001220703125,500.54998779296875,485.04571533203125,204114.0
2022-01-27,493.5,517.1500244140625,493.45001220703125,497.20001220703125,481.7994689941406,94330.0
2022-01-28,504.0,513.1500244140625,485.0,487.8999938964844,472.7875671386719,89655.0
2022-01-31,489.8999938964844,505.95001220703125,480.1000061035156,485.6000061035156,470.55877685546875,71360.0
2022-02-01,485.0,503.1000061035156,485.0,492.5,477.2450866699219,107405.0
2022-02-02,496.8999938964844,541.75,491.3500061035156,535.4500122070312,518.86474609375,423468.0
2022-02-03,539.0,556.9000244140625,526.0999755859375,531.0,514.5525512695312,192019.0
2022-02-04,532.5,540.0,523.6500244140625,530.3499755859375,513.9226684570312,67881.0
2022-02-07,531.6500244140625,549.9500122070312,512.0999755859375,515.6500244140625,499.67803955078125,94437.0
2022-02-08,512.0,532.4500122070312,492.95001220703125,498.3500061035156,482.9138488769531,129758.0
2022-02-09,507.0,514.8499755859375,495.54998779296875,501.5,485.96624755859375,42242.0
2022-02-10,501.5,507.70001220703125,493.6000061035156,498.29998779296875,482.8653869628906,48656.0
2022-02-11,487.0,496.3999938964844,471.5,474.79998779296875,460.0932922363281,83274.0
2022-02-14,449.0,463.0,440.0,446.5,432.6698913574219,123041.0
2022-02-15,446.5,459.25,426.6499938964844,455.04998779296875,440.9550476074219,112884.0
2022-02-16,459.5,479.0,453.0,456.95001220703125,442.79620361328125,60407.0
2022-02-17,452.04998779296875,490.0,446.3500061035156,483.75,468.76611328125,207056.0
2022-02-18,479.5,485.6499938964844,455.0,460.04998779296875,445.8002014160156,92844.0
2022-02-21,451.1499938964844,457.6000061035156,432.0,435.6000061035156,422.1075439453125,75092.0
2022-02-22,406.0,420.0,404.79998779296875,407.79998779296875,395.1685791015625,122341.0
2022-02-23,414.0,428.3999938964844,413.95001220703125,421.79998779296875,408.7349548339844,57485.0
2022-02-24,403.0,414.95001220703125,380.0,384.54998779296875,372.63873291015625,126363.0
2022-02-25,418.0,423.0,410.0,423.0,409.8978271484375,100589.0
2022-02-28,420.0,442.8999938964844,408.70001220703125,430.25,416.9232482910156,91313.0
2022-03-02,429.8999938964844,430.75,387.25,423.25,410.1400451660156,75309.0
2022-03-03,438.0,445.0,430.1000061035156,440.1000061035156,426.4681091308594,51148.0
2022-03-04,435.0,444.75,426.0,434.79998779296875,421.332275390625,44795.0
2022-03-07,429.1499938964844,430.0,401.20001220703125,418.04998779296875,405.1011047363281,47962.0
2022-03-08,412.6499938964844,445.0,412.6499938964844,436.95001220703125,423.41571044921875,48966.0
2022-03-09,455.0,460.0,444.6499938964844,455.25,441.14886474609375,64175.0
2022-03-10,468.0,474.0,453.54998779296875,457.70001220703125,443.52294921875,45116.0
2022-03-11,455.0,495.0,455.0,483.70001220703125,468.7176513671875,86792.0
2022-03-14,493.8999938964844,506.04998779296875,475.0,489.95001220703125,474.7740478515625,122273.0
2022-03-15,494.0,506.04998779296875,465.0,472.70001220703125,458.0583801269531,78249.0
2022-03-16,487.95001220703125,490.0,474.95001220703125,479.5,464.6477355957031,24768.0
2022-03-17,497.0,497.0,475.0,478.6000061035156,463.7756042480469,45868.0
2022-03-21,487.79998779296875,489.0,461.8999938964844,464.8999938964844,450.4999694824219,37573.0
2022-03-22,474.95001220703125,485.0,465.04998779296875,473.5,458.83355712890625,41163.0
2022-03-23,477.95001220703125,495.0,475.29998779296875,490.6499938964844,475.4523620605469,74581.0
2022-03-24,495.0,515.5,495.0,499.45001220703125,483.97979736328125,144754.0
2022-03-25,503.0,515.5499877929688,501.0,505.1000061035156,489.4548034667969,67315.0
2022-03-28,518.9000244140625,525.0,485.1000061035156,499.6000061035156,484.1251525878906,73004.0
2022-03-29,493.0,514.0,493.0,497.8500061035156,482.4293518066406,43744.0
2022-03-30,505.0,505.29998779296875,493.6000061035156,498.45001220703125,483.0107727050781,34021.0
2022-03-31,504.95001220703125,541.4000244140625,500.75,526.5,510.19195556640625,191970.0
2022-04-01,526.0,540.0,514.5499877929688,517.8499755859375,501.8098449707031,76113.0
2022-04-04,522.0,528.5,508.54998779296875,517.75,501.71295166015625,51354.0
2022-04-05,520.0,523.4000244140625,510.0,511.79998779296875,495.947265625,37160.0
2022-04-06,511.3999938964844,515.3499755859375,494.0,498.20001220703125,482.7685241699219,67462.0
2022-04-07,502.0,504.29998779296875,477.0,481.54998779296875,466.63421630859375,76666.0
2022-04-08,488.0,498.0,478.1000061035156,489.04998779296875,473.90191650390625,41771.0
2022-04-11,497.0,498.0,477.5,480.25,465.37451171875,56866.0
2022-04-12,480.0,489.0,471.3500061035156,484.6000061035156,469.58978271484375,41992.0
2022-04-13,495.0,495.0,475.45001220703125,480.29998779296875,465.4229736328125,27739.0
2022-04-18,480.0,488.20001220703125,465.0,470.25,455.6842346191406,36954.0
2022-04-19,474.70001220703125,479.3999938964844,447.0,460.54998779296875,446.28472900390625,28931.0
2022-04-20,467.0,468.95001220703125,433.04998779296875,439.25,425.64447021484375,99804.0
2022-04-21,444.0,459.8999938964844,438.6000061035156,450.75,436.7882385253906,49297.0
2022-04-22,449.0,456.3999938964844,424.54998779296875,432.45001220703125,419.05511474609375,69232.0
2022-04-25,430.0,430.0,414.3999938964844,416.70001220703125,403.7929382324219,46441.0
2022-04-26,422.8999938964844,436.70001220703125,421.5,426.0,412.80487060546875,50073.0
2022-04-27,424.3999938964844,453.79998779296875,415.45001220703125,441.25,427.5824890136719,114887.0
2022-04-28,444.0,444.0,423.0,431.1499938964844,417.79534912109375,59655.0
2022-04-29,435.95001220703125,441.70001220703125,414.20001220703125,420.1000061035156,407.087646484375,49310.0
2022-05-02,408.6499938964844,424.0,408.1499938964844,419.1499938964844,406.1670227050781,31388.0
2022-05-04,415.79998779296875,423.29998779296875,392.0,395.1000061035156,382.8619689941406,44128.0
2022-05-05,410.0,414.45001220703125,380.04998779296875,383.1000061035156,371.2336730957031,90780.0
2022-05-06,371.3500061035156,399.0,371.3500061035156,390.3500061035156,378.2591247558594,89753.0
2022-05-09,387.0,399.0,372.6000061035156,392.04998779296875,379.90643310546875,37028.0
2022-05-10,403.0,404.95001220703125,362.79998779296875,371.95001220703125,360.4290466308594,87212.0
2022-05-11,376.70001220703125,382.29998779296875,337.6000061035156,356.79998779296875,345.7482604980469,90748.0
2022-05-12,354.95001220703125,354.95001220703125,340.0,341.3500061035156,330.7768859863281,31782.0
2022-05-13,345.0,359.3500061035156,319.29998779296875,325.29998779296875,315.2239685058594,74293.0
2022-05-16,322.5,324.70001220703125,314.6000061035156,320.04998779296875,310.1365966796875,67425.0
2022-05-17,323.70001220703125,352.04998779296875,318.1000061035156,352.04998779296875,341.14544677734375,143357.0
2022-05-18,357.95001220703125,364.8999938964844,340.1499938964844,342.5,331.8912658691406,86007.0
2022-05-19,334.0,338.95001220703125,325.6000061035156,330.1499938964844,319.92376708984375,42110.0
2022-05-20,337.79998779296875,363.1499938964844,334.70001220703125,347.95001220703125,337.1724548339844,71835.0
2022-05-23,363.0,363.0,338.6000061035156,343.45001220703125,332.8117980957031,47331.0
2022-05-24,348.79998779296875,354.5,328.54998779296875,334.45001220703125,324.0906066894531,49479.0
2022-05-25,337.6000061035156,347.3500061035156,315.8999938964844,323.8500061035156,313.81890869140625,61252.0
2022-05-26,324.8500061035156,334.0,308.29998779296875,331.1000061035156,320.8443298339844,57310.0
2022-05-27,341.45001220703125,341.45001220703125,330.25,334.20001220703125,323.8482971191406,25011.0
2022-05-30,343.5,349.0,338.20001220703125,345.5,334.7983093261719,46638.0
2022-05-31,349.70001220703125,349.70001220703125,335.1000061035156,342.5,331.8912658691406,27287.0
2022-06-01,346.70001220703125,355.0,340.0,344.25,333.5870361328125,45946.0
2022-06-02,348.0,349.8999938964844,337.45001220703125,347.1499938964844,336.397216796875,32695.0
2022-06-03,350.8999938964844,358.0,331.8999938964844,337.3999938964844,326.9491882324219,89170.0
2022-06-06,333.54998779296875,338.0,325.0,329.70001220703125,319.48773193359375,30894.0
2022-06-07,329.0,334.5,320.25,324.20001220703125,314.1580810546875,45114.0
2022-06-08,326.0,333.0,315.8999938964844,322.3500061035156,312.3653564453125,38501.0
2022-06-09,322.3500061035156,330.0,318.1499938964844,326.29998779296875,316.1930236816406,40660.0
2022-06-10,322.0,327.0,318.0,319.3999938964844,309.5067443847656,39146.0
2022-06-13,311.0,314.54998779296875,300.20001220703125,303.45001220703125,294.0507507324219,37972.0
2022-06-14,303.45001220703125,313.3999938964844,299.0,304.3500061035156,294.92291259765625,26448.0
2022-06-15,308.0,312.29998779296875,303.0,304.8999938964844,295.45587158203125,11464.0
2022-06-16,310.0,325.1499938964844,291.75,298.70001220703125,289.44793701171875,41300.0
2022-06-17,294.29998779296875,309.0,287.8500061035156,289.8999938964844,280.92047119140625,48033.0
2022-06-20,286.04998779296875,289.8500061035156,258.45001220703125,269.75,261.3946533203125,52267.0
2022-06-21,271.6000061035156,301.6499938964844,270.54998779296875,298.79998779296875,289.5447998046875,62683.0
2022-06-22,299.45001220703125,299.45001220703125,284.0,286.45001220703125,277.5773620605469,23992.0
2022-06-23,284.5,298.5,284.5,293.04998779296875,283.972900390625,32037.0
2022-06-24,300.0,304.95001220703125,296.3500061035156,299.0,289.7386169433594,29097.0
2022-06-27,311.3999938964844,315.1499938964844,304.1000061035156,311.6000061035156,301.9483642578125,31325.0
2022-06-28,315.0,368.8500061035156,307.3999938964844,357.25,346.1843566894531,914849.0
2022-06-29,349.0,358.3999938964844,338.0,341.6000061035156,331.0191345214844,300604.0
2022-06-30,343.70001220703125,345.0,320.5,325.6499938964844,315.56317138671875,112609.0
2022-07-01,327.0,345.0,322.0,340.0,329.4686584472656,176381.0
2022-07-04,338.3999938964844,345.6499938964844,332.29998779296875,339.1499938964844,328.6449890136719,37673.0
2022-07-05,340.0,359.95001220703125,330.6000061035156,334.25,323.8967590332031,143196.0
2022-07-06,335.0,366.0,335.0,360.3999938964844,349.2367858886719,387828.0
2022-07-07,367.8500061035156,374.25,355.0,357.1499938964844,346.08746337890625,141878.0
2022-07-08,360.0,375.0,360.0,366.29998779296875,354.95404052734375,105924.0
2022-07-11,369.95001220703125,369.95001220703125,355.25,359.75,348.6069030761719,64292.0
2022-07-12,362.0,362.0,348.25,349.95001220703125,339.1104736328125,45906.0
2022-07-13,350.0,360.3999938964844,348.04998779296875,351.0,340.1279296875,36221.0
2022-07-14,351.0,351.79998779296875,337.29998779296875,339.6000061035156,329.0810852050781,40178.0
2022-07-15,341.29998779296875,363.5,338.04998779296875,354.25,343.27728271484375,199577.0
2022-07-18,351.75,359.95001220703125,350.0,355.54998779296875,344.5370178222656,72304.0
2022-07-19,351.0,365.70001220703125,344.6499938964844,347.1000061035156,336.3487854003906,78003.0
2022-07-20,352.0,379.0,352.0,366.04998779296875,354.7117919921875,362496.0
2022-07-21,367.79998779296875,373.70001220703125,358.1499938964844,361.20001220703125,350.01202392578125,88445.0
2022-07-22,364.1499938964844,367.8500061035156,352.3999938964844,353.70001220703125,342.7443542480469,53220.0
2022-07-25,355.3999938964844,368.3999938964844,350.3999938964844,353.6000061035156,342.64739990234375,185433.0
2022-07-26,356.70001220703125,369.0,350.25,358.70001220703125,347.5894470214844,154507.0
2022-07-27,335.0,345.0,321.29998779296875,342.1499938964844,331.55206298828125,279713.0
2022-07-28,345.20001220703125,351.5,336.1000061035156,338.25,327.77288818359375,62703.0
2022-07-29,341.6499938964844,365.54998779296875,341.6499938964844,355.0,344.00408935546875,228689.0
2022-08-01,359.3999938964844,363.0,350.0,350.8999938964844,340.0310363769531,53423.0
2022-08-02,350.8999938964844,355.25,347.29998779296875,350.3999938964844,339.54656982421875,36973.0
2022-08-03,350.5,351.45001220703125,340.5,345.75,335.04058837890625,44656.0
2022-08-04,349.0,354.75,342.04998779296875,346.75,336.00958251953125,49214.0
2022-08-05,348.1000061035156,359.79998779296875,345.04998779296875,357.25,346.1843566894531,96513.0
2022-08-08,358.95001220703125,375.95001220703125,351.5,357.8500061035156,346.76580810546875,198338.0
2022-08-10,359.5,359.5,345.0,347.20001220703125,336.4456787109375,45416.0
2022-08-11,352.0,352.0,344.0,346.3500061035156,335.6219787597656,24501.0
2022-08-12,346.3500061035156,355.0,344.1000061035156,350.20001220703125,339.35272216796875,29273.0
2022-08-16,344.95001220703125,356.1000061035156,332.3500061035156,351.79998779296875,340.9031677246094,54952.0
2022-08-17,353.3999938964844,362.0,351.04998779296875,352.5,341.58148193359375,44271.0
2022-08-18,353.0,374.0,352.0,366.45001220703125,355.0993957519531,153889.0
2022-08-19,370.0,386.3500061035156,366.45001220703125,375.3999938964844,363.77215576171875,316791.0
2022-08-22,371.0,405.8999938964844,363.0,399.0,386.6412048339844,405224.0
2022-08-23,399.0,417.20001220703125,396.25,409.29998779296875,396.6221008300781,503535.0
2022-08-24,411.1000061035156,416.3999938964844,404.0,409.5,396.8159484863281,195261.0
2022-08-25,412.0,415.0,392.0,394.8500061035156,382.6197509765625,119906.0
2022-08-26,396.79998779296875,403.20001220703125,392.1000061035156,393.29998779296875,381.1177062988281,123129.0
2022-08-29,385.5,389.70001220703125,375.0,382.54998779296875,370.7007141113281,70636.0
2022-08-30,384.8999938964844,396.0,384.3999938964844,385.95001220703125,373.99542236328125,57641.0
2022-09-01,385.95001220703125,418.95001220703125,385.0,415.29998779296875,402.436279296875,286784.0
2022-09-02,415.1000061035156,417.75,401.0,402.45001220703125,389.9843444824219,88656.0
2022-09-05,399.1000061035156,407.70001220703125,394.1000061035156,395.3999938964844,383.1526794433594,57805.0
2022-09-06,397.8999938964844,399.8999938964844,391.04998779296875,392.6000061035156,380.4394226074219,46398.0
2022-09-07,391.79998779296875,408.95001220703125,391.6499938964844,403.75,391.24407958984375,128109.0
2022-09-08,407.0,407.0,397.3999938964844,403.8999938964844,391.3894348144531,61981.0
2022-09-09,406.0,407.8999938964844,396.75,399.79998779296875,387.4163818359375,39495.0
2022-09-12,404.0,427.0,398.45001220703125,416.25,403.35687255859375,282299.0
2022-09-13,415.5,425.0,415.1499938964844,416.8500061035156,403.9382629394531,93731.0
2022-09-14,401.1499938964844,412.1000061035156,401.1499938964844,403.25,393.5921630859375,57697.0
2022-09-15,407.79998779296875,415.70001220703125,398.3500061035156,403.0,393.3481140136719,69517.0
2022-09-16,404.8999938964844,408.1000061035156,371.54998779296875,384.1000061035156,374.90081787109375,104307.0
2022-09-19,385.1000061035156,393.70001220703125,377.0,379.6000061035156,370.5085754394531,69769.0
2022-09-20,383.3999938964844,409.8999938964844,383.3999938964844,405.79998779296875,396.0810852050781,211398.0
2022-09-21,405.79998779296875,408.75,393.3500061035156,395.0,385.53973388671875,100391.0
2022-09-22,390.0,404.3999938964844,387.95001220703125,400.8500061035156,391.2496337890625,90689.0
2022-09-23,400.75,400.75,384.70001220703125,386.25,376.9992980957031,42935.0
2022-09-26,380.0,384.1000061035156,360.29998779296875,371.0,362.1145324707031,141728.0
2022-09-27,367.20001220703125,383.5,367.20001220703125,374.79998779296875,365.82354736328125,61873.0
2022-09-28,370.5,381.45001220703125,366.6499938964844,369.8500061035156,360.9920959472656,41601.0
2022-09-29,373.6000061035156,388.8999938964844,370.6499938964844,373.8999938964844,364.945068359375,50202.0
2022-09-30,376.6000061035156,385.95001220703125,367.3500061035156,370.3500061035156,361.4801025390625,86228.0
2022-10-03,370.95001220703125,376.95001220703125,363.04998779296875,366.70001220703125,357.91754150390625,222594.0
2022-10-04,369.3999938964844,382.25,369.1499938964844,374.04998779296875,365.09149169921875,68287.0
2022-10-06,374.95001220703125,381.0,373.5,378.8500061035156,369.77655029296875,161805.0
2022-10-07,380.29998779296875,388.54998779296875,377.0,378.3999938964844,369.3373107910156,127544.0
2022-10-10,373.0,376.0,366.6000061035156,371.54998779296875,362.6513671875,41495.0
2022-10-11,373.3999938964844,374.70001220703125,361.0,363.45001220703125,354.7453918457031,54060.0
2022-10-12,365.6499938964844,369.0,356.04998779296875,363.79998779296875,355.08697509765625,51699.0
2022-10-13,364.8999938964844,366.0,352.3500061035156,358.3999938964844,349.8163146972656,30211.0
2022-10-14,362.5,369.1000061035156,351.0,352.5,344.0576171875,41664.0
2022-10-17,353.5,365.0,351.5,358.20001220703125,349.6211242675781,98598.0
2022-10-18,360.79998779296875,364.3999938964844,358.54998779296875,361.3500061035156,352.6956787109375,44843.0
2022-10-19,361.6000061035156,364.45001220703125,357.20001220703125,357.79998779296875,349.2306823730469,51227.0
2022-10-20,357.1000061035156,359.8500061035156,353.29998779296875,356.79998779296875,348.2546081542969,17360.0
2022-10-21,358.70001220703125,362.54998779296875,341.0,344.8999938964844,336.6396484375,38376.0
2022-10-24,349.0,358.0,345.0,350.25,341.86151123046875,9403.0
2022-10-25,351.3500061035156,366.5,349.1000061035156,361.8999938964844,353.23248291015625,39690.0
2022-10-27,367.29998779296875,367.29998779296875,358.0,362.3500061035156,353.67169189453125,16977.0
2022-10-28,362.95001220703125,365.0,356.6499938964844,360.6000061035156,351.963623046875,14586.0
2022-10-31,370.0,396.5,360.1000061035156,394.5,385.05169677734375,201146.0
2022-11-01,403.3999938964844,414.0,398.79998779296875,407.8500061035156,398.08197021484375,285443.0
2022-11-02,425.8999938964844,460.0,416.8999938964844,441.0,430.43804931640625,1033479.0
2022-11-03,445.0,450.04998779296875,424.3500061035156,432.95001220703125,422.58087158203125,210977.0
2022-11-04,437.45001220703125,455.20001220703125,433.04998779296875,449.79998779296875,439.02728271484375,128032.0
2022-11-07,456.79998779296875,468.0,446.1499938964844,453.0,442.1506652832031,151299.0
2022-11-09,458.5,458.5,430.04998779296875,437.0,426.5338439941406,88593.0
2022-11-10,439.20001220703125,444.29998779296875,425.0,428.1499938964844,417.8957824707031,53263.0
2022-11-11,436.95001220703125,439.79998779296875,423.0,425.8999938964844,415.69970703125,45498.0
2022-11-14,427.79998779296875,427.79998779296875,411.04998779296875,413.3500061035156,403.4502868652344,91067.0
2022-11-15,414.8999938964844,434.8999938964844,412.95001220703125,422.29998779296875,412.1859130859375,49452.0
2022-11-16,423.45001220703125,429.75,416.5,417.6499938964844,407.64727783203125,25117.0
2022-11-17,418.8999938964844,426.0,412.54998779296875,417.20001220703125,407.20806884765625,28737.0
2022-11-18,418.8999938964844,418.95001220703125,411.25,414.6000061035156,404.6703186035156,16379.0
2022-11-21,415.04998779296875,497.5,409.04998779296875,496.6000061035156,484.7064514160156,1519347.0
2022-11-22,508.70001220703125,513.2999877929688,480.95001220703125,487.04998779296875,475.3851318359375,667553.0
2022-11-23,490.0,517.9500122070312,481.04998779296875,510.0,497.7854919433594,452040.0
2022-11-24,517.8499755859375,523.4000244140625,495.0,503.25,491.1971435546875,184593.0
2022-11-25,504.0,517.0,488.45001220703125,508.54998779296875,496.3702087402344,130233.0
2022-11-28,509.0,514.0,483.5,487.45001220703125,475.77557373046875,193508.0
2022-11-29,494.0,497.95001220703125,484.0,486.54998779296875,474.8971252441406,59363.0
2022-11-30,492.0,501.3500061035156,482.04998779296875,493.54998779296875,481.7294616699219,230208.0
2022-12-01,499.0,515.9000244140625,491.25,511.5,499.24957275390625,188557.0
2022-12-02,512.9500122070312,517.9000244140625,501.0,503.1499938964844,491.0995788574219,92560.0
2022-12-05,507.79998779296875,542.0,504.5,535.0999755859375,522.2843017578125,398966.0
2022-12-06,534.9500122070312,545.0,530.2000122070312,539.25,526.3350219726562,159149.0
2022-12-07,537.6500244140625,539.7999877929688,512.7000122070312,520.75,508.2780456542969,122740.0
2022-12-08,521.0,522.5499877929688,510.0,513.5,501.20166015625,60776.0
2022-12-09,517.5,518.4500122070312,495.1000061035156,499.79998779296875,487.82977294921875,78338.0
2022-12-12,498.79998779296875,512.4000244140625,491.0,495.3500061035156,483.48638916015625,67346.0
2022-12-13,502.79998779296875,503.3999938964844,486.8999938964844,488.54998779296875,476.8492126464844,70451.0
2022-12-14,483.6000061035156,508.95001220703125,483.6000061035156,490.79998779296875,479.04534912109375,101787.0
2022-12-15,493.5,500.0,486.04998779296875,493.8500061035156,482.0223083496094,50700.0
2022-12-16,486.5,497.95001220703125,471.3500061035156,476.29998779296875,464.8926086425781,96074.0
2022-12-19,479.75,501.95001220703125,473.0,495.3999938964844,483.53515625,93047.0
2022-12-20,498.0,498.0,485.0,487.0,475.3363342285156,30743.0
2022-12-21,489.45001220703125,494.5,461.1000061035156,466.3999938964844,455.2297058105469,74593.0
2022-12-22,468.3999938964844,477.79998779296875,452.3999938964844,470.8999938964844,459.6219482421875,83085.0
2022-12-23,456.0,487.95001220703125,437.54998779296875,441.5,430.9260559082031,124531.0
2022-12-26,441.95001220703125,470.95001220703125,441.5,465.75,454.59527587890625,56752.0
2022-12-27,469.70001220703125,490.8500061035156,458.8500061035156,481.25,469.72406005859375,78510.0
2022-12-28,486.04998779296875,495.0,477.54998779296875,487.95001220703125,476.2635803222656,72908.0
2022-12-29,478.04998779296875,498.0,478.04998779296875,495.6499938964844,483.7791748046875,72019.0
2022-12-30,496.8500061035156,507.0,465.70001220703125,487.6499938964844,475.9707946777344,37492.0
2023-01-02,490.5,494.5,487.6000061035156,491.3500061035156,479.5821533203125,26108.0
2023-01-03,491.3500061035156,505.0,490.0,491.29998779296875,479.5333557128906,47624.0
2023-01-04,493.45001220703125,513.9500122070312,485.04998779296875,503.8999938964844,491.8315734863281,153113.0
2023-01-05,507.0,512.5,490.6499938964844,493.45001220703125,481.63189697265625,51471.0
2023-01-06,494.0,498.6000061035156,483.0,486.54998779296875,474.8971252441406,36245.0
2023-01-09,486.54998779296875,498.20001220703125,486.54998779296875,494.1499938964844,482.3150939941406,65666.0
2023-01-10,494.1499938964844,495.3999938964844,482.04998779296875,489.29998779296875,477.5812683105469,17729.0
2023-01-11,484.3999938964844,494.3999938964844,484.3999938964844,486.3999938964844,474.750732421875,18886.0
2023-01-12,489.54998779296875,489.54998779296875,480.0,481.20001220703125,469.6752624511719,23717.0
2023-01-13,480.0,487.1499938964844,480.0,482.79998779296875,471.2369384765625,28445.0
2023-01-16,485.0,523.0,485.0,500.5,488.5130310058594,362693.0
2023-01-17,504.0,511.6499938964844,494.54998779296875,496.25,484.36480712890625,121663.0
2023-01-18,498.45001220703125,511.0,496.45001220703125,501.45001220703125,489.4403076171875,75417.0
2023-01-19,501.45001220703125,513.0,498.3999938964844,505.0,492.9052429199219,104995.0
2023-01-20,505.8999938964844,512.7000122070312,461.54998779296875,469.25,458.0114440917969,334564.0
2023-01-23,476.20001220703125,563.0999755859375,469.75,555.4500122070312,542.14697265625,1933554.0
2023-01-24,557.0,575.0,536.5999755859375,543.5,530.483154296875,1178997.0
2023-01-25,540.0,555.0,521.0,524.9000244140625,512.3286743164062,253552.0
2023-01-27,526.0,546.9500122070312,512.1500244140625,538.0499877929688,525.1636962890625,402426.0
2023-01-30,546.0,575.0,543.0,564.9000244140625,551.37060546875,424486.0
2023-01-31,564.9000244140625,570.0,543.5,551.1500244140625,537.9500122070312,163681.0
2023-02-01,557.0,602.7000122070312,547.25,563.5499877929688,550.0530395507812,692305.0
2023-02-02,569.8499755859375,588.0,553.0,582.0999755859375,568.15869140625,299234.0
2023-02-03,586.5,614.9000244140625,560.5499877929688,608.7000122070312,594.1216430664062,460541.0
2023-02-06,620.5,620.5,593.5999755859375,603.5499877929688,589.094970703125,232976.0
2023-02-07,603.5499877929688,615.0,592.3499755859375,597.8499755859375,583.531494140625,148304.0
2023-02-08,599.7999877929688,613.9000244140625,592.6500244140625,601.2999877929688,586.8988647460938,231499.0
2023-02-09,605.0,643.7000122070312,596.7999877929688,632.5999755859375,617.4491577148438,448376.0
2023-02-10,632.0,636.9500122070312,617.0,619.5,604.6629638671875,114238.0
2023-02-13,624.9000244140625,643.0,597.0999755859375,635.75,620.5237426757812,198969.0
2023-02-14,637.9500122070312,638.0,617.0,621.9500122070312,607.0543212890625,114672.0
2023-02-15,618.9500122070312,622.25,608.9000244140625,616.5,601.7348022460938,113139.0
2023-02-16,618.9000244140625,618.9000244140625,602.0999755859375,606.7000122070312,592.1694946289062,173811.0
2023-02-17,605.0999755859375,614.7000122070312,562.0499877929688,568.7999877929688,555.1771850585938,278258.0
2023-02-20,575.0,588.0,563.0,579.4000244140625,565.5233764648438,182302.0
2023-02-21,586.8499755859375,588.75,571.5,575.8499755859375,562.0584106445312,75152.0
2023-02-22,572.0,577.0,541.2999877929688,551.0999755859375,537.901123046875,72060.0
2023-02-23,547.0,563.75,540.0,558.9500122070312,545.5631713867188,164921.0
2023-02-24,564.9500122070312,602.4000244140625,563.7999877929688,577.6500244140625,563.8153076171875,337326.0
2023-02-27,580.0,587.7999877929688,535.7999877929688,537.3499755859375,524.48046875,177755.0
2023-02-28,540.5,551.75,533.5999755859375,547.5999755859375,534.4849853515625,181713.0
2023-03-01,549.7000122070312,556.75,538.5,541.0,528.0430297851562,82193.0
2023-03-02,544.9000244140625,561.5999755859375,539.4500122070312,559.25,545.85595703125,177701.0
2023-03-03,561.0,570.2000122070312,560.4500122070312,567.8499755859375,554.25,98799.0
2023-03-06,571.6500244140625,579.9000244140625,550.0,553.1500244140625,539.9020385742188,175047.0
2023-03-08,544.0,577.75,544.0,566.0,552.4443359375,102381.0
2023-03-09,566.0,595.0,555.5499877929688,572.1500244140625,558.4470825195312,246411.0
2023-03-10,568.9500122070312,579.0,560.4000244140625,570.2000122070312,556.543701171875,64408.0
2023-03-13,565.3499755859375,569.0,536.0,539.7000122070312,526.774169921875,146821.0
2023-03-14,544.7999877929688,545.0,505.04998779296875,512.7999877929688,500.5184326171875,155452.0
2023-03-15,516.7999877929688,529.0,513.0,519.0,506.5699462890625,72489.0
2023-03-16,522.4500122070312,524.0,505.29998779296875,511.79998779296875,499.5423583984375,82630.0
2023-03-17,522.0499877929688,530.8499755859375,506.0,511.95001220703125,499.6888122558594,160750.0
2023-03-20,511.5,520.1500244140625,485.75,490.5,478.7525329589844,98534.0
2023-03-21,494.8999938964844,514.2000122070312,493.6000061035156,508.5,496.3214111328125,140387.0
2023-03-22,511.79998779296875,516.7999877929688,503.04998779296875,508.20001220703125,496.02862548828125,50774.0
2023-03-23,508.20001220703125,516.5,501.1000061035156,502.6000061035156,490.562744140625,40966.0
2023-03-24,504.5,511.1000061035156,492.8999938964844,497.3500061035156,485.4384765625,46404.0
2023-03-27,496.45001220703125,496.95001220703125,470.20001220703125,478.1499938964844,466.69830322265625,202826.0
2023-03-28,479.0,480.8500061035156,451.0,454.29998779296875,443.41949462890625,127878.0
2023-03-29,459.5,480.54998779296875,451.04998779296875,477.3999938964844,465.9662780761719,132536.0
2023-03-31,481.0,497.0,477.0,484.25,472.6522216796875,151739.0
2023-04-03,486.0,497.95001220703125,478.1000061035156,481.8999938964844,470.3584899902344,96145.0
2023-04-05,480.5,493.0,480.5,484.04998779296875,472.45697021484375,52822.0
2023-04-06,486.54998779296875,505.0,484.3500061035156,494.3500061035156,482.51031494140625,88956.0
2023-04-10,498.70001220703125,504.8500061035156,489.04998779296875,491.6499938964844,479.8749694824219,43800.0
2023-04-11,491.6499938964844,495.20001220703125,482.1000061035156,484.75,473.1402282714844,50810.0
2023-04-12,484.75,499.0,483.04998779296875,496.95001220703125,485.0480651855469,62849.0
2023-04-13,492.79998779296875,544.0,492.79998779296875,530.0,517.3064575195312,453706.0
2023-04-17,530.8499755859375,530.8499755859375,520.0,522.7000122070312,510.1813049316406,49041.0
2023-04-18,524.5,529.7000122070312,508.04998779296875,512.4000244140625,500.1280212402344,53834.0
2023-04-19,508.25,531.7000122070312,508.25,511.79998779296875,499.5423583984375,73535.0
2023-04-20,515.8499755859375,518.7000122070312,498.5,500.3500061035156,488.36663818359375,49271.0
2023-04-21,503.8999938964844,507.1499938964844,496.3500061035156,500.8999938964844,488.9034423828125,45160.0
2023-04-24,501.0,514.0,500.5,502.25,490.2210998535156,52476.0
2023-04-25,504.70001220703125,509.0,498.1000061035156,499.6000061035156,487.63458251953125,43267.0
2023-04-26,499.6000061035156,504.70001220703125,498.5,499.8500061035156,487.8785705566406,44131.0
2023-04-27,500.8500061035156,505.20001220703125,496.8500061035156,500.1499938964844,488.1714172363281,47878.0
2023-04-28,504.0,508.20001220703125,500.0,501.3500061035156,489.3426513671875,37892.0
2023-05-02,507.20001220703125,507.20001220703125,488.20001220703125,490.6000061035156,478.8501281738281,71001.0
2023-05-03,486.5,524.9000244140625,486.5,521.0499877929688,508.5708312988281,317725.0
2023-05-04,522.2000122070312,531.9500122070312,516.2000122070312,519.7000122070312,507.2532043457031,188354.0
2023-05-05,519.7000122070312,524.9000244140625,506.1000061035156,510.8500061035156,498.61517333984375,74614.0
2023-05-08,512.7000122070312,519.7999877929688,506.1499938964844,512.5,500.22564697265625,100956.0
2023-05-09,512.5,523.0,508.54998779296875,514.5,502.177734375,97325.0
2023-05-10,516.7999877929688,538.5,512.8499755859375,525.9000244140625,513.3047485351562,230203.0
2023-05-11,488.04998779296875,511.70001220703125,488.04998779296875,498.75,486.804931640625,242142.0
2023-05-12,504.0,504.0,490.0,493.6499938964844,481.82708740234375,79678.0
2023-05-15,499.8999938964844,506.70001220703125,490.6499938964844,505.04998779296875,492.9540710449219,150100.0
2023-05-16,512.6500244140625,512.6500244140625,500.0,502.1499938964844,490.1235046386719,38732.0
2023-05-17,505.5,505.5,493.1000061035156,498.3999938964844,486.4632873535156,47592.0
2023-05-18,507.95001220703125,507.95001220703125,483.95001220703125,487.3500061035156,475.6779479980469,85520.0
2023-05-19,490.70001220703125,494.3500061035156,481.54998779296875,486.3999938964844,474.750732421875,44710.0
2023-05-22,486.1499938964844,494.29998779296875,460.79998779296875,464.79998779296875,453.66802978515625,131359.0
2023-05-23,466.5,486.25,461.1499938964844,463.25,452.1551513671875,136904.0
2023-05-24,463.29998779296875,470.95001220703125,456.8999938964844,460.5,449.47100830078125,76855.0
2023-05-25,461.95001220703125,469.04998779296875,450.54998779296875,458.29998779296875,447.3236999511719,54979.0
2023-05-26,458.29998779296875,468.45001220703125,456.6000061035156,459.8999938964844,448.8854064941406,58207.0
2023-05-29,464.0,465.95001220703125,452.1000061035156,454.8500061035156,443.95635986328125,55428.0
2023-05-30,454.8500061035156,458.20001220703125,432.6000061035156,443.45001220703125,432.8293762207031,145083.0
2023-05-31,445.79998779296875,446.6499938964844,420.04998779296875,428.1000061035156,417.8470153808594,184677.0
2023-06-01,430.5,474.79998779296875,430.5,453.79998779296875,442.93145751953125,509165.0
2023-06-02,458.54998779296875,466.70001220703125,457.3500061035156,462.3999938964844,451.32550048828125,110406.0
2023-06-05,466.25,473.20001220703125,461.0,465.75,454.59527587890625,115343.0
2023-06-06,468.8500061035156,468.8500061035156,458.70001220703125,463.3500061035156,452.2527770996094,59555.0
2023-06-07,465.6499938964844,467.8999938964844,456.0,461.1499938964844,450.1054382324219,57533.0
2023-06-08,461.1499938964844,465.0,455.0,457.5,446.5428466796875,49149.0
2023-06-09,459.95001220703125,464.79998779296875,457.5,459.3500061035156,448.34857177734375,42112.0
2023-06-12,462.04998779296875,462.1499938964844,450.04998779296875,452.3999938964844,441.56500244140625,45580.0
2023-06-13,459.70001220703125,459.8999938964844,450.0,451.95001220703125,441.12579345703125,50497.0
2023-06-14,452.0,469.0,450.5,464.29998779296875,453.17999267578125,136806.0
2023-06-15,467.8999938964844,468.6499938964844,455.0,459.1499938964844,448.1533508300781,58747.0
2023-06-16,461.0,469.0,458.29998779296875,462.70001220703125,451.6183776855469,62678.0
2023-06-19,463.3500061035156,467.6499938964844,455.0,457.8500061035156,446.884521484375,40087.0
2023-06-20,458.8999938964844,459.75,450.20001220703125,453.8999938964844,443.0290832519531,44765.0
2023-06-21,455.8999938964844,459.8999938964844,451.5,454.79998779296875,443.90753173828125,39444.0
2023-06-22,452.0,459.0,443.25,450.8500061035156,440.0521545410156,57514.0
2023-06-23,445.0,450.70001220703125,440.1000061035156,441.95001220703125,431.36529541015625,36345.0
2023-06-26,442.04998779296875,448.1499938964844,439.25,442.29998779296875,431.7069091796875,36813.0
2023-06-27,442.5,476.25,442.5,463.3999938964844,452.30157470703125,206160.0
2023-06-28,466.70001220703125,467.79998779296875,457.79998779296875,460.1499938964844,449.12939453125,35742.0
2023-06-30,463.95001220703125,466.29998779296875,448.0,451.54998779296875,440.7353515625,76855.0
2023-07-03,453.95001220703125,474.0,451.75,463.45001220703125,452.35040283203125,206096.0
2023-07-04,465.5,466.29998779296875,458.75,462.5,451.4231262207031,54391.0
2023-07-05,462.3999938964844,462.79998779296875,455.20001220703125,459.8999938964844,448.8854064941406,34640.0
2023-07-06,460.8999938964844,464.5,455.6499938964844,456.6499938964844,445.7132263183594,29746.0
2023-07-07,458.0,465.45001220703125,450.0,452.0,441.1745910644531,38152.0
2023-07-10,452.0,454.0,444.0,447.29998779296875,436.5871276855469,56423.0
2023-07-11,449.3999938964844,456.95001220703125,438.29998779296875,441.79998779296875,431.2189025878906,96296.0
2023-07-12,443.6000061035156,450.6499938964844,441.0,443.45001220703125,432.8293762207031,65314.0
2023-07-13,445.0,450.45001220703125,442.54998779296875,445.6000061035156,434.9278564453125,67719.0
2023-07-14,445.8999938964844,469.6000061035156,445.8999938964844,452.45001220703125,445.1099853515625,119422.0
2023-07-17,454.3999938964844,458.79998779296875,445.75,449.8500061035156,442.5521545410156,64475.0
2023-07-18,451.6499938964844,454.25,444.3999938964844,446.95001220703125,439.69921875,45173.0
2023-07-19,446.70001220703125,448.45001220703125,440.70001220703125,441.25,434.0916748046875,92364.0
2023-07-20,443.3999938964844,449.79998779296875,441.25,446.20001220703125,438.9613952636719,46684.0
2023-07-21,448.0,474.29998779296875,436.6499938964844,442.29998779296875,435.1246337890625,406667.0
2023-07-24,430.0,441.8999938964844,430.0,431.29998779296875,424.3030700683594,105477.0
2023-07-25,431.29998779296875,435.8500061035156,426.04998779296875,427.5,420.5647277832031,54491.0
2023-07-26,429.6000061035156,432.70001220703125,408.95001220703125,411.70001220703125,405.02105712890625,215437.0
2023-07-27,411.70001220703125,418.0,401.0,406.70001220703125,400.1021728515625,138025.0
2023-07-28,409.5,413.29998779296875,405.54998779296875,409.75,403.1026916503906,70378.0
2023-07-31,411.79998779296875,434.0,411.79998779296875,425.6499938964844,418.7447509765625,112695.0
2023-08-01,427.75,435.0,426.6000061035156,427.6499938964844,420.7122802734375,62394.0
2023-08-02,429.79998779296875,429.79998779296875,415.0,423.20001220703125,416.3345031738281,66459.0
2023-08-03,427.79998779296875,431.75,423.29998779296875,429.6499938964844,422.6798400878906,69114.0
2023-08-04,431.79998779296875,433.75,426.3500061035156,430.1499938964844,423.1717224121094,45988.0
2023-08-07,432.70001220703125,436.20001220703125,424.04998779296875,432.75,425.72955322265625,53227.0
2023-08-08,434.70001220703125,457.45001220703125,428.04998779296875,450.95001220703125,443.6343078613281,312058.0
2023-08-09,452.8999938964844,459.0,450.0,455.29998779296875,447.9137268066406,123536.0
2023-08-10,456.29998779296875,464.0,453.1000061035156,461.6499938964844,454.16070556640625,191654.0
2023-08-11,461.54998779296875,465.6000061035156,444.0,448.1000061035156,440.8305358886719,96747.0
2023-08-14,448.79998779296875,459.20001220703125,441.1499938964844,452.5,445.1591796875,73092.0
2023-08-16,451.6499938964844,462.3999938964844,441.95001220703125,457.29998779296875,449.88128662109375,87007.0
2023-08-17,465.0,472.54998779296875,449.3999938964844,451.75,444.42132568359375,229243.0
2023-08-18,452.25,460.95001220703125,444.8500061035156,448.79998779296875,441.5191650390625,68630.0
2023-08-21,450.1000061035156,455.6000061035156,444.0,445.6499938964844,438.4202880859375,49833.0
2023-08-22,447.79998779296875,453.5,440.0,442.8500061035156,435.6657409667969,98942.0
2023-08-23,443.0,445.20001220703125,435.0,436.6499938964844,429.5662841796875,74738.0
2023-08-24,435.95001220703125,444.0,430.0,432.75,425.72955322265625,93932.0
2023-08-25,435.0,444.8500061035156,434.1000061035156,435.3500061035156,428.28741455078125,67603.0
2023-08-28,437.79998779296875,442.1499938964844,434.04998779296875,436.8999938964844,429.8122253417969,49279.0
2023-08-29,440.0,441.95001220703125,434.04998779296875,438.79998779296875,431.681396484375,32823.0
2023-08-30,444.79998779296875,449.70001220703125,439.29998779296875,446.3999938964844,439.1581115722656,81596.0
2023-08-31,449.70001220703125,453.0,441.3999938964844,442.75,435.56732177734375,49407.0
2023-09-01,445.3999938964844,445.3999938964844,438.0,440.04998779296875,432.9111022949219,54422.0
2023-09-04,443.0,449.79998779296875,440.0,445.1499938964844,437.9283752441406,58604.0
2023-09-05,443.0,456.1499938964844,442.54998779296875,446.25,439.01055908203125,82147.0
2023-09-06,446.25,467.8999938964844,445.1000061035156,465.6000061035156,458.0466613769531,340268.0
2023-09-07,471.0,505.0,470.1000061035156,499.20001220703125,491.1015625,898500.0
2023-09-08,504.0,513.7999877929688,500.0,502.79998779296875,494.64312744140625,367368.0
2023-09-11,505.0,509.8999938964844,481.8500061035156,488.79998779296875,480.8702697753906,179742.0
2023-09-12,492.0,493.0,460.0,464.45001220703125,456.915283203125,152871.0
2023-09-13,467.45001220703125,478.95001220703125,460.0,469.75,462.12933349609375,68953.0
2023-09-14,472.79998779296875,477.3999938964844,467.04998779296875,469.04998779296875,461.4406433105469,44135.0
2023-09-15,470.8500061035156,477.54998779296875,461.5,464.75,457.2104187011719,80609.0
2023-09-18,466.25,471.8999938964844,450.0,456.6499938964844,449.2418518066406,50681.0
2023-09-20,456.6499938964844,467.45001220703125,452.70001220703125,458.75,451.3077697753906,40486.0
2023-09-21,458.70001220703125,467.0,446.1000061035156,449.79998779296875,442.5029602050781,48282.0
2023-09-22,449.79998779296875,456.0,446.0,451.6000061035156,444.2737731933594,37723.0
2023-09-25,452.5,452.70001220703125,441.0,442.1000061035156,434.9278869628906,41764.0
2023-09-26,445.0,452.0,441.04998779296875,442.75,435.56732177734375,35021.0
2023-09-27,442.75,445.5,437.0,439.29998779296875,432.17327880859375,33849.0
2023-09-28,441.8999938964844,448.1000061035156,434.0,437.0,429.9106140136719,35951.0
2023-09-29,439.8999938964844,447.3999938964844,434.0,440.29998779296875,433.1570739746094,51623.0
2023-10-03,440.29998779296875,445.1000061035156,435.0,444.29998779296875,437.0921936035156,26088.0
2023-10-04,443.8999938964844,453.8999938964844,437.04998779296875,444.1499938964844,436.9446105957031,62937.0
2023-10-05,446.0,449.8500061035156,440.04998779296875,441.20001220703125,434.04248046875,23226.0
2023-10-06,443.95001220703125,452.3500061035156,441.79998779296875,450.04998779296875,442.7489013671875,24502.0
2023-10-09,447.95001220703125,447.95001220703125,436.04998779296875,437.45001220703125,430.35333251953125,45529.0
2023-10-10,448.79998779296875,470.0,442.0,463.5,455.980712890625,95971.0
2023-10-11,465.20001220703125,478.0,465.20001220703125,469.04998779296875,461.4406433105469,107862.0
2023-10-12,471.45001220703125,474.8999938964844,462.3500061035156,465.8999938964844,458.3417663574219,39664.0
2023-10-13,464.0,464.20001220703125,456.0,457.3500061035156,449.93048095703125,24263.0
2023-10-16,457.1499938964844,460.20001220703125,450.95001220703125,454.0,446.63482666015625,19801.0
2023-10-17,454.0,458.6499938964844,447.04998779296875,448.70001220703125,441.4208068847656,28583.0
2023-10-18,450.8999938964844,451.20001220703125,442.1000061035156,443.29998779296875,436.1083984375,33055.0
2023-10-19,442.1000061035156,446.8500061035156,437.79998779296875,443.70001220703125,436.5019226074219,30893.0
2023-10-20,445.45001220703125,447.45001220703125,435.79998779296875,438.79998779296875,431.681396484375,26442.0
2023-10-23,438.79998779296875,443.04998779296875,415.04998779296875,422.3999938964844,415.5474548339844,62746.0
2023-10-25,430.0,446.0,420.04998779296875,441.20001220703125,434.04248046875,60758.0
2023-10-26,444.8999938964844,444.8999938964844,420.0,429.20001220703125,422.2371520996094,97932.0
2023-10-27,406.0,435.8999938964844,406.0,431.29998779296875,424.3030700683594,121283.0
2023-10-30,432.04998779296875,435.04998779296875,421.0,427.45001220703125,420.5155334472656,51574.0
2023-10-31,427.45001220703125,434.0,420.5,429.6499938964844,422.6798400878906,38420.0
2023-11-01,429.6499938964844,442.5,425.79998779296875,430.3500061035156,423.3684997558594,23826.0
2023-11-02,432.5,435.0,424.6000061035156,432.95001220703125,425.92633056640625,22619.0
2023-11-03,433.79998779296875,440.75,431.0,434.45001220703125,427.4019775390625,36309.0
2023-11-06,434.54998779296875,444.45001220703125,432.8500061035156,440.25,433.1078796386719,42784.0
2023-11-07,440.25,444.1499938964844,428.0,430.95001220703125,423.9587707519531,34952.0
2023-11-08,432.95001220703125,436.8999938964844,426.0,430.04998779296875,423.0733642578125,29388.0
2023-11-09,432.70001220703125,432.70001220703125,421.1499938964844,423.0,416.13775634765625,25575.0
2023-11-10,423.95001220703125,434.45001220703125,420.04998779296875,426.04998779296875,419.13824462890625,29299.0
2023-11-13,430.95001220703125,453.79998779296875,427.0,449.45001220703125,442.15863037109375,91056.0
2023-11-15,452.5,455.0,439.1000061035156,440.79998779296875,433.6489562988281,37545.0
2023-11-16,438.0,448.0,429.04998779296875,431.20001220703125,424.2047424316406,72537.0
2023-11-17,439.6499938964844,439.6499938964844,431.0,432.29998779296875,425.2868347167969,24953.0
2023-11-20,432.29998779296875,433.8999938964844,427.0,429.6000061035156,422.6306457519531,20432.0
2023-11-21,430.1000061035156,435.3999938964844,420.20001220703125,423.45001220703125,416.5804443359375,41802.0
2023-11-22,424.6499938964844,428.70001220703125,421.0,422.45001220703125,415.5966796875,22586.0
2023-11-23,422.45001220703125,426.54998779296875,420.1499938964844,422.0,415.1539611816406,22903.0
2023-11-24,424.3999938964844,428.1499938964844,421.0,423.8500061035156,416.97393798828125,25145.0
2023-11-28,425.8999938964844,427.70001220703125,418.3500061035156,419.8999938964844,413.0880126953125,29375.0
2023-11-29,422.75,423.95001220703125,417.0,418.25,411.46478271484375,60723.0
2023-11-30,420.25,426.5,414.8500061035156,421.79998779296875,414.95721435546875,33528.0
2023-12-01,424.25,428.70001220703125,422.1499938964844,422.8500061035156,415.99017333984375,28840.0
2023-12-04,427.0,429.20001220703125,419.5,420.70001220703125,413.87506103515625,46961.0
2023-12-05,422.3999938964844,422.70001220703125,417.6000061035156,420.54998779296875,413.72747802734375,25440.0
2023-12-06,424.70001220703125,425.0,417.1000061035156,419.54998779296875,412.7436828613281,38491.0
2023-12-07,419.54998779296875,423.3999938964844,416.29998779296875,419.20001220703125,412.3993835449219,53115.0
2023-12-08,420.95001220703125,422.0,412.54998779296875,416.04998779296875,409.30047607421875,28495.0
2023-12-11,416.04998779296875,424.45001220703125,416.04998779296875,420.0,413.1864013671875,30467.0
2023-12-12,422.79998779296875,427.95001220703125,416.79998779296875,418.95001220703125,412.1534423828125,34361.0
2023-12-13,418.04998779296875,420.1000061035156,414.0,415.95001220703125,409.2021179199219,75397.0
2023-12-14,416.1000061035156,419.8999938964844,410.0,411.8999938964844,405.2178039550781,57917.0
2023-12-15,414.8999938964844,418.04998779296875,408.3500061035156,410.5,403.84051513671875,60144.0
2023-12-18,411.8999938964844,419.75,411.0,414.79998779296875,408.0707702636719,44051.0
2023-12-19,416.95001220703125,434.29998779296875,412.3999938964844,430.25,423.2701416015625,159415.0
2023-12-20,432.3500061035156,438.04998779296875,420.04998779296875,420.20001220703125,413.3831787109375,71728.0
2023-12-21,420.0,420.0,398.0,410.79998779296875,404.1356506347656,202785.0
2023-12-22,411.5,420.0,411.1499938964844,416.8999938964844,410.1366882324219,37090.0
2023-12-26,420.0,480.0,418.0,441.79998779296875,434.6327209472656,358945.0
2023-12-27,443.8999938964844,445.70001220703125,430.45001220703125,433.5,426.4673767089844,103832.0
2023-12-28,434.0,435.45001220703125,425.5,427.3999938964844,420.4663391113281,43454.0
2023-12-29,428.1499938964844,435.0,424.0,425.6499938964844,418.7447509765625,53206.0
2024-01-01,427.5,429.95001220703125,416.8999938964844,420.25,413.4323425292969,72273.0
2024-01-02,426.25,427.0,418.0,424.75,417.8593444824219,36858.0
2024-01-03,421.0,428.3500061035156,421.0,423.45001220703125,416.5804443359375,29064.0
2024-01-04,426.0,428.0,421.95001220703125,423.6000061035156,416.7279968261719,36237.0
2024-01-05,425.8500061035156,429.5,423.1000061035156,426.79998779296875,419.8760681152344,33827.0
2024-01-08,427.0,430.75,420.0,421.8999938964844,415.0555725097656,26962.0
2024-01-09,425.3999938964844,426.95001220703125,417.0,420.70001220703125,413.87506103515625,27277.0
2024-01-10,422.0,427.0,418.70001220703125,421.54998779296875,414.71124267578125,34951.0
2024-01-11,423.95001220703125,425.0,419.0,420.54998779296875,413.72747802734375,47994.0
2024-01-12,424.75,439.6499938964844,422.79998779296875,430.6000061035156,423.61444091796875,88905.0
2024-01-15,430.6000061035156,434.3999938964844,421.3999938964844,423.3999938964844,416.53125,58942.0
2024-01-16,425.5,429.8999938964844,420.0,423.29998779296875,416.4328308105469,29902.0
2024-01-17,419.95001220703125,422.6000061035156,415.0,418.70001220703125,411.9075012207031,32597.0
2024-01-18,418.3999938964844,428.20001220703125,410.6499938964844,425.6499938964844,418.7447509765625,44588.0
2024-01-19,423.0,427.45001220703125,418.0,420.45001220703125,413.6291198730469,38953.0
2024-01-23,423.3500061035156,423.3500061035156,407.6000061035156,411.54998779296875,404.87347412109375,36957.0
2024-01-24,407.1000061035156,419.0,407.1000061035156,416.8999938964844,410.1366882324219,25669.0
2024-01-25,418.1000061035156,422.79998779296875,410.04998779296875,413.6499938964844,406.93939208984375,39356.0
2024-01-29,393.95001220703125,437.70001220703125,387.1499938964844,420.6499938964844,413.8258361816406,731655.0
2024-01-30,426.3999938964844,428.29998779296875,410.79998779296875,412.45001220703125,405.7588806152344,89337.0
2024-01-31,412.5,420.0,409.54998779296875,412.45001220703125,405.7588806152344,55249.0
2024-02-01,413.0,416.8999938964844,410.0,412.79998779296875,406.10321044921875,42687.0
2024-02-02,414.29998779296875,416.45001220703125,403.0,404.70001220703125,398.1346130371094,61780.0
2024-02-05,410.5,411.45001220703125,391.1000061035156,394.1499938964844,387.7557678222656,84452.0
2024-02-06,393.0,393.6499938964844,386.29998779296875,391.25,384.90283203125,52143.0
2024-02-07,395.70001220703125,407.5,390.0,394.1499938964844,387.7557678222656,49774.0
2024-02-08,397.79998779296875,400.0,389.0,391.04998779296875,384.7060546875,28392.0
2024-02-09,393.6499938964844,393.95001220703125,382.8999938964844,385.6000061035156,379.344482421875,47787.0
2024-02-12,389.20001220703125,389.5,365.1499938964844,366.29998779296875,360.3575744628906,67226.0
2024-02-13,370.0,370.0,355.04998779296875,364.0,358.0948791503906,73358.0
2024-02-14,356.20001220703125,385.6000061035156,356.20001220703125,384.20001220703125,377.9671936035156,55453.0
2024-02-15,384.8999938964844,398.8999938964844,380.1000061035156,388.3500061035156,382.04986572265625,31043.0
2024-02-16,389.6000061035156,395.1000061035156,382.04998779296875,386.1499938964844,379.88555908203125,31556.0
2024-02-19,390.0,394.1499938964844,382.3999938964844,384.25,378.0163879394531,21239.0
2024-02-20,386.1499938964844,388.5,379.5,381.79998779296875,375.6061096191406,18635.0
2024-02-21,387.5,390.95001220703125,376.0,378.04998779296875,371.91693115234375,24327.0
2024-02-22,380.20001220703125,387.5,372.8999938964844,382.54998779296875,376.34393310546875,124201.0
2024-02-23,385.25,385.25,378.04998779296875,379.5,373.3434143066406,18554.0
2024-02-26,379.8999938964844,381.25,368.1000061035156,370.25,364.2434997558594,33078.0
2024-02-27,372.1499938964844,380.0,364.20001220703125,366.75,360.8002624511719,28118.0
2024-02-28,367.1000061035156,370.3999938964844,353.04998779296875,358.6000061035156,352.7825012207031,40022.0
2024-02-29,357.0,360.0,353.54998779296875,357.20001220703125,351.40521240234375,23158.0
2024-03-01,358.8999938964844,366.95001220703125,358.29998779296875,361.1499938964844,355.2911071777344,26757.0
2024-03-04,366.8999938964844,374.95001220703125,356.04998779296875,358.6000061035156,352.7825012207031,33284.0
2024-03-05,362.3500061035156,363.20001220703125,356.95001220703125,358.0,352.1922302246094,22403.0
2024-03-06,361.6000061035156,361.6000061035156,348.5,352.70001220703125,346.97821044921875,52751.0
2024-03-07,358.04998779296875,359.20001220703125,350.1000061035156,352.20001220703125,346.486328125,31442.0
2024-03-11,353.20001220703125,355.95001220703125,335.0,335.6499938964844,330.20477294921875,90174.0
2024-03-12,339.0,339.6000061035156,325.04998779296875,328.25,322.9248352050781,163021.0
2024-03-13,331.0,338.3999938964844,300.04998779296875,304.0,299.0682373046875,134470.0
2024-03-14,305.95001220703125,318.3999938964844,305.54998779296875,313.95001220703125,308.8568420410156,57653.0
2024-03-15,317.1000061035156,319.8999938964844,307.0,315.45001220703125,310.33251953125,39570.0
2024-03-18,317.04998779296875,332.1000061035156,315.6499938964844,320.1499938964844,314.9562683105469,63691.0
2024-03-19,321.8500061035156,325.0,308.8500061035156,310.54998779296875,305.511962890625,49594.0
2024-03-20,313.6000061035156,316.0,306.0,306.95001220703125,301.97039794921875,59178.0
2024-03-21,311.0,312.45001220703125,306.0,307.1499938964844,302.1671447753906,80641.0
2024-03-22,308.0,315.0,304.70001220703125,312.79998779296875,307.7254943847656,68191.0
2024-03-26,312.79998779296875,312.79998779296875,296.0,299.20001220703125,294.34613037109375,130117.0
2024-03-27,299.0,310.0,298.1000061035156,301.04998779296875,296.16607666015625,148170.0
2024-03-28,301.79998779296875,309.95001220703125,290.6499938964844,294.04998779296875,289.2796630859375,127117.0
2024-04-01,295.0,318.1499938964844,295.0,316.1000061035156,310.9719543457031,130750.0
2024-04-02,316.0,333.3500061035156,315.5,331.25,325.8761901855469,70468.0
2024-04-03,328.0,331.79998779296875,321.75,328.79998779296875,323.4659118652344,43644.0
2024-04-04,330.0,332.3999938964844,324.0,327.5,322.18701171875,36012.0
2024-04-05,328.0,334.8999938964844,326.3500061035156,330.70001220703125,325.3351135253906,49451.0
2024-04-08,333.29998779296875,356.6499938964844,328.70001220703125,344.3999938964844,338.8128356933594,185240.0
2024-04-09,345.0,353.29998779296875,329.95001220703125,333.3999938964844,327.9913024902344,78962.0
2024-04-10,332.0,334.8500061035156,323.20001220703125,324.6000061035156,319.3340759277344,52151.0
2024-04-12,326.54998779296875,335.0,315.1000061035156,317.3500061035156,312.2016906738281,85077.0
2024-04-15,303.29998779296875,315.1000061035156,301.1000061035156,304.79998779296875,299.8552551269531,67961.0
2024-04-16,300.6499938964844,324.95001220703125,300.6499938964844,314.20001220703125,309.102783203125,100439.0
2024-04-18,318.0,346.0,318.0,331.45001220703125,326.0729675292969,379355.0
2024-04-19,325.0,329.8999938964844,318.75,322.45001220703125,317.2189636230469,82580.0
2024-04-22,333.0,376.0,330.0,366.8500061035156,360.898681640625,1117720.0
2024-04-23,373.3999938964844,389.70001220703125,356.04998779296875,378.25,372.11370849609375,595732.0
2024-04-24,378.0,397.0,372.5,385.5,379.24609375,282654.0
2024-04-25,382.79998779296875,386.70001220703125,375.25,378.25,372.11370849609375,91291.0
2024-04-26,376.1000061035156,388.8500061035156,370.79998779296875,377.5,371.3758850097656,193896.0
2024-04-29,390.0,392.3999938964844,375.0,376.8500061035156,370.7364196777344,81159.0
2024-04-30,379.79998779296875,381.25,368.1499938964844,369.8999938964844,363.899169921875,50399.0
2024-05-02,373.6000061035156,397.0,368.25,390.3999938964844,384.06658935546875,189888.0
2024-05-03,398.5,424.8500061035156,393.0,420.04998779296875,413.235595703125,984717.0
2024-05-06,449.8999938964844,449.8999938964844,404.0,407.0,400.3973083496094,828304.0
2024-05-07,411.0,414.75,392.04998779296875,394.70001220703125,388.296875,176133.0
2024-05-08,396.0,401.6000061035156,392.1499938964844,394.29998779296875,387.9033203125,76648.0
2024-05-09,395.25,397.5,371.04998779296875,373.45001220703125,367.3915710449219,114985.0
2024-05-10,374.95001220703125,382.04998779296875,368.20001220703125,372.54998779296875,366.50616455078125,89848.0
2024-05-13,372.54998779296875,375.6000061035156,361.04998779296875,369.3500061035156,363.35809326171875,110133.0
2024-05-14,373.3500061035156,384.0,371.54998779296875,379.29998779296875,373.14666748046875,73290.0
2024-05-15,381.95001220703125,388.8999938964844,375.1499938964844,378.6000061035156,372.4580383300781,55220.0
2024-05-16,382.3999938964844,384.95001220703125,372.29998779296875,373.79998779296875,367.73590087890625,50809.0
2024-05-17,376.29998779296875,384.8999938964844,374.0,381.8999938964844,375.7044677734375,71145.0
2024-05-21,388.0,389.29998779296875,381.5,382.95001220703125,376.7374572753906,50234.0
2024-05-22,386.79998779296875,387.8500061035156,372.1499938964844,376.1000061035156,369.99859619140625,55864.0
2024-05-23,379.1000061035156,379.54998779296875,373.0,376.0,369.90020751953125,23603.0
2024-05-24,377.75,408.70001220703125,366.95001220703125,394.6000061035156,388.198486328125,477220.0
2024-05-27,396.5,417.0,388.20001220703125,401.25,394.7405700683594,520632.0
2024-05-28,402.95001220703125,408.3999938964844,390.1000061035156,394.45001220703125,388.0509338378906,119135.0
2024-05-29,386.54998779296875,408.0,386.54998779296875,399.20001220703125,392.7238464355469,228964.0
2024-05-30,399.20001220703125,411.70001220703125,394.54998779296875,397.0,390.5595397949219,124121.0
2024-05-31,400.20001220703125,408.0,388.5,390.95001220703125,384.6076965332031,52834.0
2024-06-03,402.95001220703125,404.95001220703125,391.95001220703125,393.0,386.6244201660156,82212.0
2024-06-04,393.0,393.0,340.0,352.70001220703125,346.97821044921875,156569.0
2024-06-05,347.04998779296875,398.0,343.95001220703125,390.20001220703125,383.8698425292969,209924.0
2024-06-06,394.95001220703125,412.8999938964844,394.95001220703125,400.0,393.5108642578125,312986.0
2024-06-07,405.0,422.79998779296875,398.6000061035156,407.3999938964844,400.7908020019531,390357.0
2024-06-10,412.8999938964844,418.45001220703125,401.25,403.3500061035156,396.8065185546875,130074.0
2024-06-11,404.6499938964844,436.6499938964844,402.5,422.6000061035156,415.7442321777344,687530.0
2024-06-12,425.0,438.0,422.6000061035156,425.6499938964844,418.7447509765625,319691.0
2024-06-13,429.1000061035156,429.1000061035156,421.0,422.6000061035156,415.7442321777344,67830.0
2024-06-14,424.20001220703125,426.79998779296875,416.29998779296875,419.70001220703125,412.8912658691406,105995.0
2024-06-18,420.0,433.0,412.0,415.25,408.5134582519531,115984.0
2024-06-19,417.5,421.04998779296875,402.95001220703125,405.1000061035156,398.52813720703125,86775.0
2024-06-20,408.45001220703125,419.0,408.04998779296875,413.25,406.5458984375,89368.0
2024-06-21,413.0,418.1499938964844,407.0,412.54998779296875,405.8572692871094,46977.0
2024-06-24,412.45001220703125,413.04998779296875,404.20001220703125,408.3999938964844,401.77459716796875,35168.0
2024-06-25,410.0,447.0,409.95001220703125,430.54998779296875,423.5652160644531,778315.0
2024-06-26,431.95001220703125,444.0,415.0,425.1499938964844,418.25286865234375,85828.0
2024-06-27,426.1000061035156,428.1000061035156,406.5,409.95001220703125,403.2994689941406,84162.0
2024-06-28,411.25,422.5,409.70001220703125,414.3500061035156,407.6280517578125,68094.0
2024-07-01,413.95001220703125,421.79998779296875,410.0,412.29998779296875,405.6112976074219,69859.0
2024-07-02,414.75,417.75,409.0,413.0,406.2999572753906,38338.0
2024-07-03,415.0,415.0,408.0,409.6000061035156,402.95513916015625,68527.0
2024-07-04,410.3999938964844,414.8999938964844,407.5,410.3500061035156,403.6929626464844,64530.0
2024-07-05,411.0,412.3500061035156,400.04998779296875,405.25,398.6756896972656,66231.0
2024-07-08,407.04998779296875,414.8999938964844,394.75,406.6000061035156,400.0037841796875,185208.0
2024-07-09,408.8999938964844,413.45001220703125,402.3500061035156,406.3500061035156,399.7578430175781,61672.0
2024-07-10,405.8999938964844,407.95001220703125,396.04998779296875,399.20001220703125,392.7238464355469,63908.0
2024-07-11,400.70001220703125,442.3500061035156,400.70001220703125,425.3500061035156,418.4496154785156,756016.0
2024-07-12,425.5,447.0,425.3500061035156,428.20001220703125,424.7484436035156,470905.0
2024-07-15,431.0,437.8999938964844,423.04998779296875,430.3999938964844,426.9306945800781,122774.0
2024-07-16,431.0,464.5,431.0,443.70001220703125,440.1235046386719,965548.0
2024-07-18,448.0,455.8999938964844,431.79998779296875,440.1499938964844,436.60211181640625,209824.0
2024-07-19,440.1499938964844,446.70001220703125,375.45001220703125,383.29998779296875,380.2103576660156,808251.0
2024-07-22,382.95001220703125,403.79998779296875,382.95001220703125,390.8999938964844,387.74908447265625,253646.0
2024-07-23,390.79998779296875,394.75,366.0,384.20001220703125,381.1031188964844,177521.0
2024-07-24,382.25,395.8999938964844,381.0,394.45001220703125,391.2705078125,94686.0
2024-07-25,388.0,397.54998779296875,385.5,391.45001220703125,388.294677734375,51788.0
2024-07-26,393.0,400.0,390.1000061035156,395.04998779296875,391.8656311035156,69785.0
2024-07-29,402.0,408.8500061035156,400.6499938964844,403.8999938964844,400.6443176269531,106258.0
2024-07-30,403.8999938964844,428.0,402.0,426.6499938964844,423.2109375,255462.0
2024-07-31,428.70001220703125,431.0,418.0,425.20001220703125,421.77264404296875,120788.0
2024-08-01,429.0,431.6000061035156,404.20001220703125,407.75,404.4632873535156,87295.0
2024-08-02,402.1499938964844,409.3500061035156,400.0,401.45001220703125,398.2140808105469,49408.0
2024-08-05,395.0,396.6499938964844,381.1499938964844,384.75,381.648681640625,85219.0
2024-08-06,386.0,394.5,385.0,386.95001220703125,383.8309631347656,59429.0
2024-08-07,399.8999938964844,399.8999938964844,384.3500061035156,395.04998779296875,391.8656311035156,70286.0
2024-08-08,390.0,408.25,386.70001220703125,395.6499938964844,392.4608154296875,94793.0
2024-08-09,398.0,400.95001220703125,391.0,393.29998779296875,390.1297302246094,56214.0
2024-08-12,388.1499938964844,393.3999938964844,383.25,386.1499938964844,383.0373840332031,49529.0
2024-08-13,388.20001220703125,394.0,380.0,383.04998779296875,379.9623718261719,42113.0
2024-08-14,387.0,388.8500061035156,375.04998779296875,383.6499938964844,380.5575256347656,39227.0
2024-08-16,387.5,392.45001220703125,380.20001220703125,381.79998779296875,378.7224426269531,37523.0
2024-08-19,382.0,392.0,381.0,389.6499938964844,386.5091552734375,46418.0
2024-08-20,392.95001220703125,411.0,390.0,409.54998779296875,406.2487487792969,114973.0
2024-08-21,410.0,410.54998779296875,399.95001220703125,405.54998779296875,402.281005859375,53122.0
2024-08-22,406.70001220703125,411.70001220703125,396.1000061035156,398.5,395.287841796875,55372.0
2024-08-23,400.95001220703125,408.0,399.0,400.75,397.51971435546875,39097.0
2024-08-26,402.70001220703125,444.70001220703125,392.1499938964844,432.6000061035156,429.11297607421875,593962.0
2024-08-27,433.0,439.3999938964844,425.04998779296875,430.79998779296875,427.32745361328125,254483.0
2024-08-28,432.5,434.8999938964844,414.1000061035156,416.1000061035156,412.7459716796875,83593.0
2024-08-29,415.0,424.1499938964844,410.3500061035156,419.29998779296875,415.920166015625,82168.0
2024-08-30,423.5,424.5,415.0,416.0,412.64678955078125,34233.0
2024-09-02,417.0,421.5,406.0,410.1499938964844,406.84393310546875,48905.0
2024-09-03,411.0,411.5,400.3500061035156,405.3500061035156,402.0826416015625,58543.0
2024-09-04,400.0,412.1000061035156,398.0,406.8500061035156,403.5705261230469,29135.0
2024-09-05,409.25,412.20001220703125,405.5,408.6499938964844,405.35601806640625,24481.0
2024-09-06,410.45001220703125,414.75,398.0,400.3500061035156,397.1229248046875,60521.0
2024-09-09,401.0,401.45001220703125,391.54998779296875,396.6000061035156,393.4031677246094,23082.0
2024-09-10,398.8999938964844,409.0,398.8999938964844,405.6499938964844,402.38018798828125,33501.0
2024-09-11,406.6499938964844,409.0,395.75,397.70001220703125,394.4942932128906,37347.0
2024-09-12,401.0,457.3999938964844,395.25,448.75,445.1327819824219,1327433.0
2024-09-13,451.45001220703125,483.79998779296875,451.45001220703125,476.0,472.16314697265625,1750494.0
2024-09-16,491.0,500.3999938964844,475.0,477.45001220703125,473.6014709472656,538222.0
2024-09-17,477.29998779296875,481.95001220703125,465.5,474.54998779296875,470.7248229980469,236716.0
2024-09-18,475.04998779296875,477.95001220703125,461.04998779296875,465.8500061035156,462.094970703125,126704.0
2024-09-19,470.0,472.1000061035156,450.04998779296875,467.25,463.4836730957031,327694.0
2024-09-20,470.0,474.0,456.6499938964844,459.29998779296875,455.5977478027344,106168.0
2024-09-23,461.0,470.0,456.45001220703125,457.70001220703125,454.0106506347656,101496.0
2024-09-24,457.70001220703125,467.04998779296875,452.04998779296875,456.1000061035156,452.4235534667969,86776.0
2024-09-25,457.25,476.5,454.1000061035156,457.5,453.812255859375,116924.0
2024-09-26,456.0,458.0,425.1000061035156,427.04998779296875,423.6076965332031,214860.0
2024-09-27,427.0,438.0,424.3500061035156,428.45001220703125,424.9964294433594,118617.0
2024-09-30,426.0,434.29998779296875,418.1499938964844,423.3999938964844,419.98712158203125,71279.0
2024-10-01,423.3999938964844,435.75,421.1000061035156,423.20001220703125,419.78875732421875,67193.0
2024-10-03,417.1499938964844,422.6000061035156,405.0,409.3500061035156,406.0503845214844,112238.0
2024-10-04,409.25,430.70001220703125,402.0,412.3999938964844,409.0757751464844,134135.0
2024-10-07,411.25,416.25,385.0,387.29998779296875,384.1781005859375,107497.0
2024-10-08,387.29998779296875,409.0,387.29998779296875,404.70001220703125,401.4378662109375,44924.0
2024-10-09,405.95001220703125,415.5,404.0,411.3999938964844,408.0838623046875,48882.0
2024-10-10,414.0,444.0,412.04998779296875,433.79998779296875,430.30328369140625,114587.0
2024-10-11,434.0,436.0,424.54998779296875,430.29998779296875,426.83148193359375,51971.0
2024-10-14,430.79998779296875,470.70001220703125,417.20001220703125,462.6499938964844,458.9207458496094,389066.0
2024-10-15,464.0,464.04998779296875,445.04998779296875,450.79998779296875,447.166259765625,106880.0
2024-10-16,447.5,475.70001220703125,445.04998779296875,462.70001220703125,458.9703674316406,248108.0
2024-10-17,461.0,462.54998779296875,450.95001220703125,456.20001220703125,452.5227355957031,56827.0
2024-10-18,454.0,461.0,440.3500061035156,449.79998779296875,446.17431640625,47101.0
2024-10-21,450.0,460.0,438.54998779296875,452.54998779296875,448.90216064453125,123981.0
2024-10-22,453.70001220703125,454.0,418.0,422.1499938964844,418.7471923828125,86130.0
2024-10-23,422.29998779296875,463.1000061035156,415.3500061035156,447.3999938964844,443.7936706542969,252950.0
2024-10-24,458.8999938964844,464.0,429.54998779296875,432.45001220703125,428.9642028808594,171684.0
2024-10-25,432.45001220703125,434.0,414.29998779296875,420.0,416.6145324707031,83143.0
2024-10-28,423.0,426.20001220703125,414.54998779296875,418.6000061035156,415.225830078125,49036.0
2024-10-29,418.6000061035156,426.70001220703125,413.54998779296875,420.54998779296875,417.16009521484375,26475.0
2024-10-30,416.0,450.0,416.0,435.8999938964844,432.3863525390625,83091.0
2024-10-31,436.3999938964844,442.0,429.0,434.1000061035156,430.60089111328125,35196.0
2024-11-01,435.0,452.95001220703125,430.29998779296875,438.70001220703125,435.163818359375,50123.0
2024-11-04,435.0,435.6000061035156,421.0,428.3999938964844,424.9468078613281,57067.0
2024-11-05,426.8999938964844,443.0,425.25,435.0,431.4936218261719,40071.0
2024-11-06,434.1000061035156,451.79998779296875,434.1000061035156,448.25,444.6368103027344,79409.0
2024-11-07,450.0,457.29998779296875,441.3500061035156,445.1000061035156,441.51220703125,40908.0
2024-11-08,446.0,487.20001220703125,440.20001220703125,460.54998779296875,456.8376770019531,558278.0
2024-11-11,457.5,482.0,452.20001220703125,469.0,465.2195739746094,265478.0
2024-11-12,467.3500061035156,472.70001220703125,442.0,451.0,447.3646545410156,108310.0
2024-11-13,449.1499938964844,454.0,425.0,428.6000061035156,425.1452331542969,102529.0
2024-11-14,429.6499938964844,444.6000061035156,428.5,433.1000061035156,429.60894775390625,57198.0
2024-11-18,434.95001220703125,448.1499938964844,422.6499938964844,439.6000061035156,436.0565490722656,67408.0
2024-11-19,440.70001220703125,468.0,434.95001220703125,455.6499938964844,451.9771728515625,128867.0
2024-11-21,451.1000061035156,455.79998779296875,440.8500061035156,446.1499938964844,442.5537414550781,45424.0
2024-11-22,447.3999938964844,479.0,445.54998779296875,468.8500061035156,465.0707702636719,281986.0
2024-11-25,477.20001220703125,484.0,467.0,470.54998779296875,466.7570495605469,103803.0
2024-11-26,471.95001220703125,516.0,464.04998779296875,509.8999938964844,505.7898864746094,1166760.0
2024-11-27,517.7999877929688,528.8499755859375,510.0,516.25,512.0886840820312,542397.0
2024-11-28,516.25,527.0,502.04998779296875,514.2000122070312,510.05523681640625,349576.0
2024-11-29,513.7000122070312,524.0,507.04998779296875,517.0,512.8326416015625,199147.0
2024-12-02,516.9500122070312,546.5999755859375,511.0,538.7999877929688,534.4569091796875,475615.0
2024-12-03,541.0,549.9000244140625,520.7000122070312,524.5499877929688,520.32177734375,196976.0
2024-12-04,523.0,527.9500122070312,509.1000061035156,514.4500122070312,510.30322265625,133074.0
2024-12-05,515.0999755859375,523.6500244140625,511.1000061035156,513.0999755859375,508.96405029296875,77201.0
2024-12-06,512.0,528.0,506.0,515.75,511.5927429199219,97761.0
2024-12-09,516.0,525.0499877929688,511.25,517.25,513.0806274414062,94241.0
2024-12-10,519.2999877929688,519.3499755859375,505.5,511.95001220703125,507.8233642578125,91040.0
2024-12-11,511.95001220703125,519.0,500.20001220703125,506.04998779296875,501.9709167480469,78930.0
2024-12-12,506.45001220703125,512.4000244140625,495.0,502.04998779296875,498.0031433105469,59399.0
2024-12-13,505.3999938964844,509.0,491.0,504.45001220703125,500.3838195800781,77984.0
2024-12-16,504.0,516.4000244140625,497.3500061035156,500.3999938964844,496.366455078125,46288.0
2024-12-17,496.0,525.0,496.0,513.5,509.3608703613281,206954.0
2024-12-18,515.4500122070312,532.0,505.0,517.2999877929688,513.1302490234375,191383.0
2024-12-19,503.54998779296875,522.0499877929688,503.54998779296875,513.75,509.6088562011719,85358.0
2024-12-20,515.9000244140625,534.9500122070312,508.1499938964844,510.04998779296875,505.93865966796875,186324.0
2024-12-23,513.6500244140625,524.7999877929688,510.6000061035156,520.2000122070312,516.0068969726562,105578.0
2024-12-24,521.0,533.5,517.0,519.7000122070312,515.5109252929688,103219.0
2024-12-26,519.7000122070312,524.7000122070312,514.8499755859375,515.9500122070312,511.7911376953125,64575.0
2024-12-27,518.4000244140625,548.0,517.2999877929688,533.1500244140625,528.8524780273438,162450.0
2024-12-30,540.0,582.0,533.0999755859375,558.25,553.7501220703125,1855571.0
2024-12-31,557.0999755859375,564.0,547.5499877929688,551.1500244140625,546.7073974609375,159606.0
2025-01-01,556.0,573.4000244140625,549.7999877929688,567.5999755859375,563.0247802734375,141704.0
2025-01-02,569.5,574.7000122070312,565.0,565.8499755859375,561.2888793945312,114370.0
2025-01-03,568.0999755859375,590.0,565.0,574.4000244140625,569.77001953125,222726.0
2025-01-06,576.5,584.0,528.0,537.9500122070312,533.61376953125,205609.0
2025-01-07,531.0499877929688,564.6500244140625,531.0499877929688,558.5999755859375,554.0972900390625,87896.0
2025-01-08,558.5999755859375,558.5999755859375,530.9000244140625,535.2000122070312,530.885986328125,67717.0
2025-01-09,534.5,539.7999877929688,520.8499755859375,525.2000122070312,520.966552734375,60954.0
2025-01-10,525.0,529.8499755859375,501.6000061035156,505.04998779296875,500.9789733886719,130631.0
2025-01-13,505.04998779296875,506.45001220703125,456.3500061035156,464.79998779296875,461.05340576171875,177681.0
2025-01-14,471.70001220703125,480.0,459.8999938964844,475.54998779296875,471.7167663574219,92299.0
2025-01-15,482.0,482.0,459.54998779296875,466.1000061035156,462.34295654296875,61326.0
2025-01-16,470.8999938964844,488.1000061035156,470.8999938964844,482.25,478.3627624511719,68669.0
2025-01-17,482.25,484.79998779296875,465.0,467.6000061035156,463.8308410644531,60777.0
2025-01-20,465.0,471.3999938964844,457.0,463.04998779296875,459.3175048828125,51935.0
2025-01-21,466.0,469.45001220703125,446.0,461.8999938964844,458.1767883300781,94825.0
2025-01-22,457.5,462.79998779296875,439.54998779296875,454.3500061035156,450.6876525878906,82309.0
2025-01-23,448.25,465.0,448.25,459.75,456.04412841796875,23873.0
2025-01-24,464.3500061035156,465.04998779296875,446.6000061035156,454.1000061035156,450.4396667480469,47356.0
2025-01-27,447.29998779296875,447.6499938964844,428.1499938964844,432.1000061035156,428.61700439453125,103711.0
2025-01-28,436.0,443.1499938964844,406.54998779296875,433.3999938964844,429.9065246582031,91006.0
2025-01-29,427.1000061035156,448.70001220703125,427.1000061035156,442.54998779296875,438.9827575683594,22237.0
2025-01-30,448.0,452.95001220703125,436.54998779296875,440.0,436.45330810546875,21207.0
2025-01-31,444.0,457.79998779296875,437.20001220703125,451.79998779296875,448.158203125,36280.0
2025-02-01,456.75,471.95001220703125,436.5,467.75,463.9796447753906,36149.0
2025-02-03,468.70001220703125,468.70001220703125,441.54998779296875,444.1000061035156,440.520263671875,46361.0
2025-02-04,439.04998779296875,461.0,418.95001220703125,451.3999938964844,447.76141357421875,154648.0
2025-02-05,451.70001220703125,461.3500061035156,447.95001220703125,452.54998779296875,448.90216064453125,49900.0
2025-02-06,449.5,473.54998779296875,449.5,462.3999938964844,458.6727600097656,57036.0
2025-02-07,461.70001220703125,474.1000061035156,448.0,454.8999938964844,451.23321533203125,66471.0
2025-02-10,450.0,452.8999938964844,430.45001220703125,434.5,430.9976501464844,48276.0
2025-02-11,432.6499938964844,432.8500061035156,405.0,407.5,404.2153015136719,47080.0
2025-02-12,407.5,417.5,385.0,413.6499938964844,410.3157043457031,75797.0
2025-02-13,407.5,414.04998779296875,396.0,397.54998779296875,394.3454895019531,32442.0
2025-02-14,400.1499938964844,403.0,377.20001220703125,381.54998779296875,378.4744567871094,48745.0
2025-02-17,381.0,381.45001220703125,356.0,362.95001220703125,360.0244140625,55007.0
2025-02-18,360.0,368.0,346.8500061035156,356.25,353.3783874511719,51755.0
2025-02-19,350.8999938964844,377.1499938964844,350.8999938964844,373.8999938964844,370.8861083984375,32036.0
2025-02-20,373.8999938964844,394.0,368.04998779296875,390.75,387.6003112792969,95125.0
2025-02-21,388.8999938964844,397.1499938964844,381.1499938964844,391.20001220703125,388.04669189453125,89058.0
2025-02-24,385.3500061035156,387.0,375.29998779296875,378.8500061035156,375.7962341308594,23133.0
2025-02-25,375.8999938964844,383.8999938964844,365.1000061035156,368.45001220703125,365.4800720214844,16355.0
2025-02-27,362.20001220703125,366.3500061035156,348.20001220703125,351.6000061035156,348.7658996582031,33704.0
2025-02-28,346.3500061035156,349.45001220703125,326.0,332.29998779296875,329.6214294433594,77656.0
2025-03-03,333.0,337.5,314.04998779296875,325.79998779296875,323.173828125,81975.0
2025-03-04,320.8999938964844,339.0,317.3999938964844,324.70001220703125,322.0827331542969,172132.0
2025-03-05,325.0,359.0,324.70001220703125,350.54998779296875,347.7243347167969,80318.0
2025-03-06,371.0,371.0,334.95001220703125,344.1000061035156,341.32635498046875,157582.0
2025-03-07,349.25,360.95001220703125,342.04998779296875,356.8500061035156,353.97357177734375,83067.0
2025-03-10,352.04998779296875,357.20001220703125,325.0,331.0,328.3319396972656,66908.0
2025-03-11,329.6000061035156,337.0,323.25,327.3500061035156,324.71136474609375,86078.0
2025-03-12,331.0,332.29998779296875,316.6000061035156,318.79998779296875,316.2302551269531,53862.0
2025-03-13,320.0,323.45001220703125,304.20001220703125,306.79998779296875,304.3269958496094,48700.0
2025-03-17,309.95001220703125,311.6499938964844,294.5,296.70001220703125,294.30841064453125,97995.0
2025-03-18,296.70001220703125,296.70001220703125,296.70001220703125,296.70001220703125,294.30841064453125,0.0
2025-03-19,311.6000061035156,325.0,309.29998779296875,323.5,320.89239501953125,219385.0
2025-03-20,326.0,331.04998779296875,316.0,324.8999938964844,322.2810974121094,277489.0
2025-03-21,324.1000061035156,331.95001220703125,320.5,322.6000061035156,319.9996337890625,100759.0
2025-03-24,327.1000061035156,334.70001220703125,320.5,322.70001220703125,320.0988464355469,82003.0
2025-03-25,325.70001220703125,325.70001220703125,306.70001220703125,312.8500061035156,310.3282470703125,144422.0
2025-03-26,312.0,317.6000061035156,303.29998779296875,305.0,302.54150390625,104183.0
2025-03-27,303.5,310.0,291.0,296.5,294.1100158691406,1375869.0
2025-03-28,301.0,309.54998779296875,290.5,292.0,289.64630126953125,116658.0
2025-04-01,295.54998779296875,302.75,290.6499938964844,292.8500061035156,290.48944091796875,83464.0
2025-04-02,292.8500061035156,297.54998779296875,281.04998779296875,291.75,289.3983154296875,140892.0
2025-04-03,287.0,303.95001220703125,287.0,301.8999938964844,299.46649169921875,271326.0
2025-04-04,298.0,301.70001220703125,281.6499938964844,286.25,283.9426574707031,192033.0
2025-04-07,246.0,271.8999938964844,245.39999389648438,263.8999938964844,261.7727966308594,103153.0
2025-04-08,270.75,276.6499938964844,262.1000061035156,263.70001220703125,261.5744323730469,90256.0
2025-04-09,260.29998779296875,263.70001220703125,251.8000030517578,253.8000030517578,251.75421142578125,59249.0
2025-04-11,259.79998779296875,259.79998779296875,248.0,253.75,251.70462036132812,30153.0
2025-04-15,258.0,265.20001220703125,256.0,261.29998779296875,259.1937561035156,45537.0
2025-04-16,261.29998779296875,266.70001220703125,257.04998779296875,261.1499938964844,259.0449523925781,38155.0
2025-04-17,261.1499938964844,274.20001220703125,259.0,263.04998779296875,260.92962646484375,64897.0
2025-04-21,267.8999938964844,276.20001220703125,257.54998779296875,276.20001220703125,273.9736633300781,32456.0
2025-04-22,282.20001220703125,290.0,282.20001220703125,290.0,287.66241455078125,49074.0
2025-04-23,298.0,298.70001220703125,281.20001220703125,285.6499938964844,283.34747314453125,44753.0
2025-04-24,289.95001220703125,297.0,287.0,291.75,289.3983154296875,35594.0
2025-04-25,291.75,297.45001220703125,278.0,286.1000061035156,283.7938537597656,29259.0
2025-04-28,284.5,287.95001220703125,279.0,281.3500061035156,279.0821533203125,16318.0
2025-04-29,282.75,285.95001220703125,273.25,276.6499938964844,274.4200134277344,13649.0
2025-04-30,275.20001220703125,275.20001220703125,268.0,268.75,266.5837097167969,15346.0
2025-05-02,265.25,270.95001220703125,260.3999938964844,261.04998779296875,258.9457702636719,15513.0
2025-05-05,260.54998779296875,266.45001220703125,259.0,262.1499938964844,260.0368957519531,20459.0
2025-05-06,264.95001220703125,267.79998779296875,250.5500030517578,253.85000610351562,251.80381774902344,15866.0
2025-05-07,253.10000610351562,260.0,245.0,255.10000610351562,253.04373168945312,11749.0
2025-05-08,260.5,267.29998779296875,251.6999969482422,255.35000610351562,253.29171752929688,19841.0
2025-05-09,245.25,254.9499969482422,242.60000610351562,246.35000610351562,244.36427307128906,29173.0
2025-05-12,251.0,258.6499938964844,251.0,258.6499938964844,256.56512451171875,10902.0
2025-05-13,261.79998779296875,271.54998779296875,261.79998779296875,271.54998779296875,269.3611145019531,13748.0
2025-05-14,277.0,284.0,277.0,282.45001220703125,280.17327880859375,24988.0
2025-05-15,284.70001220703125,285.20001220703125,275.0,282.0,279.7268981933594,11749.0
2025-05-16,282.0,288.1000061035156,278.0,279.3500061035156,277.0982666015625,34124.0
2025-05-19,279.1499938964844,285.0,270.5,281.0,278.7349548339844,34387.0
2025-05-20,281.0,284.0,275.0,276.0,273.7752685546875,27724.0
2025-05-21,274.6499938964844,278.5,270.25,271.0,268.8155822753906,17082.0
2025-05-22,276.75,276.75,258.25,261.8500061035156,259.73931884765625,43711.0
2025-05-23,266.8500061035156,269.0,260.0,263.0,260.88006591796875,23822.0
2025-05-26,267.5,267.5,258.29998779296875,262.6000061035156,260.4832763671875,29967.0
2025-05-27,264.95001220703125,269.0,255.0,261.54998779296875,259.4417419433594,19836.0
2025-05-28,261.54998779296875,266.75,261.54998779296875,266.20001220703125,264.05426025390625,23640.0
2025-05-29,266.20001220703125,271.5,262.04998779296875,269.70001220703125,267.52606201171875,40616.0
2025-05-30,272.0,274.0,264.1499938964844,266.04998779296875,263.90545654296875,24660.0
2025-06-02,269.29998779296875,269.75,263.5,267.3500061035156,265.19500732421875,15486.0
2025-06-03,269.20001220703125,272.8999938964844,267.29998779296875,271.1499938964844,268.96435546875,14680.0
2025-06-04,272.25,275.0,270.0,271.6000061035156,269.4107360839844,15321.0
2025-06-05,270.1000061035156,283.1000061035156,265.04998779296875,280.1000061035156,277.84222412109375,41736.0
2025-06-06,280.0,288.0,275.1000061035156,284.20001220703125,281.9091796875,35228.0
2025-06-09,286.95001220703125,286.95001220703125,280.6499938964844,282.04998779296875,279.7764892578125,18601.0
2025-06-10,282.04998779296875,292.8999938964844,280.0,290.45001220703125,288.1087951660156,44641.0
2025-06-11,294.45001220703125,296.75,289.0,292.95001220703125,290.5886535644531,54733.0
2025-06-12,292.95001220703125,294.8999938964844,285.20001220703125,286.25,283.9426574707031,23743.0
2025-06-13,285.5,285.5,277.1000061035156,280.3999938964844,278.1398010253906,15426.0
2025-06-16,280.20001220703125,287.0,280.20001220703125,281.54998779296875,279.280517578125,5850.0
2025-06-17,279.0,283.5,276.75,277.75,275.51116943359375,9611.0
2025-06-18,281.1000061035156,281.1000061035156,273.04998779296875,274.1499938964844,271.940185546875,12529.0
2025-06-19,274.79998779296875,278.8999938964844,268.0,270.20001220703125,268.02203369140625,11532.0
2025-06-20,269.8999938964844,277.29998779296875,268.8999938964844,276.20001220703125,273.9736633300781,8289.0
2025-06-23,275.0,279.70001220703125,263.25,271.0,268.8155822753906,10646.0
2025-06-24,274.0,279.8999938964844,272.0,277.6000061035156,275.36236572265625,13193.0
2025-06-25,277.6000061035156,286.0,274.0,285.3999938964844,283.0994873046875,22587.0
2025-06-26,287.0,299.6499938964844,284.04998779296875,293.5,291.13421630859375,55028.0
2025-06-27,295.0,300.79998779296875,291.1000061035156,291.8500061035156,289.49749755859375,37893.0
2025-06-30,291.8500061035156,294.79998779296875,285.75,290.3999938964844,288.0591735839844,12589.0
2025-07-01,296.0,296.5,287.20001220703125,289.29998779296875,286.9680480957031,12552.0
2025-07-02,294.0,298.0,285.5,293.8999938964844,291.5309753417969,36239.0
2025-07-03,291.8999938964844,297.79998779296875,288.1000061035156,292.5,290.14227294921875,16177.0
2025-07-04,296.70001220703125,297.0,290.5,293.3500061035156,290.98541259765625,8199.0
2025-07-07,299.0,299.0,287.79998779296875,295.3999938964844,293.0188903808594,25024.0
2025-07-08,296.0,310.1499938964844,295.5,310.1499938964844,307.6499938964844,158428.0
2025-07-09,308.0,317.79998779296875,303.6000061035156,309.25,309.25,73934.0
2025-07-10,311.95001220703125,319.70001220703125,311.95001220703125,318.1499938964844,318.1499938964844,43227.0
2025-07-11,311.3500061035156,325.0,311.3500061035156,323.70001220703125,323.70001220703125,59335.0
2025-07-14,328.1000061035156,329.8999938964844,301.1000061035156,305.6499938964844,305.6499938964844,166377.0
2025-07-15,308.0,323.0,305.95001220703125,310.3999938964844,310.3999938964844,115277.0
2025-07-16,310.0,313.95001220703125,307.0,311.70001220703125,311.70001220703125,33969.0
2025-07-17,310.6000061035156,312.8500061035156,301.25,303.8500061035156,303.8500061035156,52365.0
2025-07-18,304.04998779296875,313.95001220703125,303.45001220703125,309.75,309.75,55819.0
2025-07-21,309.75,313.04998779296875,302.0,303.8999938964844,303.8999938964844,28248.0
2025-07-22,303.8999938964844,307.5,302.6000061035156,304.29998779296875,304.29998779296875,22144.0
2025-07-23,304.8500061035156,306.3999938964844,296.54998779296875,299.45001220703125,299.45001220703125,32333.0
2025-07-24,299.45001220703125,308.8999938964844,298.3500061035156,301.1000061035156,301.1000061035156,23431.0
2025-07-25,298.1000061035156,301.5,290.0,290.79998779296875,290.79998779296875,27939.0
2025-07-28,290.79998779296875,293.0,281.0,282.3999938964844,282.3999938964844,24137.0
2025-07-29,281.54998779296875,284.3500061035156,274.54998779296875,279.79998779296875,279.79998779296875,46789.0
2025-07-30,280.8999938964844,290.1499938964844,280.8999938964844,287.79998779296875,287.79998779296875,15815.0
2025-07-31,287.3999938964844,289.5,277.3999938964844,286.20001220703125,286.20001220703125,12570.0
2025-08-01,288.5,302.75,285.0,290.45001220703125,290.45001220703125,65450.0
2025-08-04,277.29998779296875,277.29998779296875,259.0,261.04998779296875,261.04998779296875,169691.0
2025-08-05,257.0,266.54998779296875,257.0,260.8500061035156,260.8500061035156,44898.0
2025-08-06,262.29998779296875,263.3500061035156,253.5,257.3500061035156,257.3500061035156,21600.0
2025-08-07,255.10000610351562,263.8999938964844,254.0500030517578,262.3500061035156,262.3500061035156,18231.0
2025-08-08,264.5,264.5,251.5500030517578,253.6999969482422,253.6999969482422,19833.0
2025-08-11,253.0,253.39999389648438,246.3000030517578,250.85000610351562,250.85000610351562,22856.0
2025-08-12,251.0500030517578,252.60000610351562,246.60000610351562,249.75,249.75,17991.0
2025-08-13,250.0,259.3999938964844,249.60000610351562,255.35000610351562,255.35000610351562,12593.0
2025-08-14,257.8999938964844,260.75,248.75,252.6999969482422,252.6999969482422,17685.0
2025-08-18,253.0,253.5500030517578,245.14999389648438,247.25,247.25,41762.0
2025-08-19,249.8000030517578,256.8999938964844,245.5,254.5,254.5,42095.0
2025-08-20,253.25,257.5,251.39999389648438,252.10000610351562,252.10000610351562,16235.0
2025-08-21,252.60000610351562,256.75,251.5500030517578,253.4499969482422,253.4499969482422,14720.0
2025-08-22,253.6999969482422,253.6999969482422,246.0,247.60000610351562,247.60000610351562,20014.0
2025-08-25,250.0,271.04998779296875,247.60000610351562,268.54998779296875,268.54998779296875,115393.0
2025-08-26,269.95001220703125,295.0,263.95001220703125,287.20001220703125,287.20001220703125,614304.0
2025-08-28,287.20001220703125,298.79998779296875,277.0,286.8500061035156,286.8500061035156,164491.0
2025-08-29,287.20001220703125,291.6499938964844,282.95001220703125,288.8999938964844,288.8999938964844,44609.0
2025-09-01,288.8999938964844,294.0,285.0,287.79998779296875,287.79998779296875,24319.0
2025-09-02,287.79998779296875,293.79998779296875,275.20001220703125,277.29998779296875,277.29998779296875,41650.0
2025-09-03,280.0,280.8500061035156,271.8999938964844,274.04998779296875,274.04998779296875,29789.0
2025-09-04,277.0,283.20001220703125,272.6000061035156,274.29998779296875,274.29998779296875,28441.0
2025-09-05,275.3999938964844,278.95001220703125,271.29998779296875,273.04998779296875,273.04998779296875,14644.0
2025-09-08,274.1000061035156,281.20001220703125,273.1499938964844,279.0,279.0,19849.0
2025-09-09,280.20001220703125,294.0,280.20001220703125,284.04998779296875,284.04998779296875,33220.0
2025-09-10,285.45001220703125,289.29998779296875,285.45001220703125,286.75,286.75,22323.0
2025-09-11,288.1499938964844,289.70001220703125,284.8500061035156,287.04998779296875,287.04998779296875,17019.0
2025-09-12,288.45001220703125,289.45001220703125,281.04998779296875,282.29998779296875,282.29998779296875,17352.0
2025-09-15,286.0,287.20001220703125,276.0,279.3500061035156,279.3500061035156,13519.0
2025-09-16,283.70001220703125,285.5,279.0,280.6499938964844,280.6499938964844,10969.0
2025-09-17,283.8999938964844,285.0,278.0,278.5,278.5,14992.0
2025-09-18,287.8999938964844,289.0,275.0,278.8500061035156,278.8500061035156,20280.0
2025-09-19,274.1000061035156,281.0,265.0,269.8999938964844,269.8999938964844,177731.0
2025-09-22,271.70001220703125,278.5,269.25,275.5,275.5,20660.0
2025-09-23,276.8500061035156,285.0,275.70001220703125,277.6000061035156,277.6000061035156,30076.0
2025-09-24,278.1499938964844,280.0,270.6000061035156,272.8500061035156,272.8500061035156,11981.0
2025-09-25,275.29998779296875,275.29998779296875,262.0,263.75,263.75,30542.0
2025-09-26,265.1000061035156,268.70001220703125,260.1499938964844,261.75,261.75,15485.0
2025-09-29,263.8500061035156,265.45001220703125,258.79998779296875,260.75,260.75,13326.0
2025-09-30,266.0,266.0,250.75,258.8500061035156,258.8500061035156,10715.0
2025-10-01,261.3500061035156,262.6499938964844,255.0,257.1499938964844,257.1499938964844,36781.0
2025-10-03,262.0,263.0,253.5500030517578,254.85000610351562,254.85000610351562,36481.0
2025-10-06,255.0,259.95001220703125,253.85000610351562,255.1999969482422,255.1999969482422,20108.0
2025-10-07,252.39999389648438,259.0,252.39999389648438,254.0,254.0,13922.0
2025-10-08,260.0,264.8999938964844,254.0,255.85000610351562,255.85000610351562,32598.0
2025-10-09,259.8500061035156,259.8500061035156,252.1999969482422,253.4499969482422,253.4499969482422,13023.0
2025-10-10,253.4499969482422,257.0,252.10000610351562,253.14999389648438,253.14999389648438,13067.0
2025-10-13,256.0,256.0,248.10000610351562,249.10000610351562,249.10000610351562,18418.0
2025-10-14,248.0,251.0500030517578,244.6999969482422,246.39999389648438,246.39999389648438,14320.0
2025-10-15,253.89999389648438,256.0,246.0,249.4499969482422,249.4499969482422,16078.0
2025-10-16,247.0,254.5,247.0,250.14999389648438,250.14999389648438,6073.0
2025-10-17,248.0,250.0,245.0,245.3000030517578,245.3000030517578,17120.0
2025-10-20,245.3000030517578,249.89999389648438,243.0,246.5500030517578,246.5500030517578,13772.0
2025-10-21,247.89999389648438,247.89999389648438,243.0,244.25,244.25,12836.0
2025-10-23,246.89999389648438,247.39999389648438,243.39999389648438,244.8000030517578,244.8000030517578,18492.0
2025-10-24,247.39999389648438,248.0500030517578,244.14999389648438,245.5500030517578,245.5500030517578,11443.0
2025-10-27,245.5500030517578,247.9499969482422,241.35000610351562,242.6999969482422,242.6999969482422,25756.0
2025-10-28,242.89999389648438,245.3000030517578,241.5,242.0,242.0,13381.0
2025-10-29,241.0,248.89999389648438,241.0,244.89999389648438,244.89999389648438,23158.0
2025-10-30,245.0,247.5,243.75,244.6999969482422,244.6999969482422,11950.0
2025-10-31,245.10000610351562,246.1999969482422,240.3000030517578,240.89999389648438,240.89999389648438,12961.0
2025-11-03,236.80999755859375,249.1699981689453,236.80999755859375,247.5500030517578,247.5500030517578,29708.0
2025-11-04,248.5,250.88999938964844,242.1199951171875,243.02999877929688,243.02999877929688,12285.0
2025-11-06,243.02999877929688,245.5,236.8000030517578,239.22999572753906,239.22999572753906,20689.0
2025-11-07,237.0500030517578,239.9600067138672,224.7100067138672,230.8300018310547,230.8300018310547,46795.0
2025-11-10,230.47999572753906,234.88999938964844,226.35000610351562,230.97000122070312,230.97000122070312,22699.0
2025-11-11,230.97000122070312,230.97000122070312,226.6999969482422,227.27000427246094,227.27000427246094,12246.0
2025-11-12,228.0,229.5,226.0,227.22999572753906,227.22999572753906,11174.0
2025-11-13,226.0,230.3000030517578,215.11000061035156,218.49000549316406,218.49000549316406,47582.0
2025-11-14,218.49000549316406,222.8000030517578,217.11000061035156,218.5,218.5,22683.0
2025-11-17,218.5,225.44000244140625,216.0800018310547,219.2899932861328,219.2899932861328,96399.0
2025-11-18,220.0,246.44000244140625,220.0,233.52999877929688,233.52999877929688,378942.0
2025-11-19,235.85000610351562,240.0,230.0,233.63999938964844,233.63999938964844,70940.0
2025-11-20,230.5,235.99000549316406,226.49000549316406,230.88999938964844,230.88999938964844,42077.0
2025-11-21,230.0,239.0,228.7899932861328,236.99000549316406,236.99000549316406,36625.0
2025-11-24,239.39999389648438,239.39999389648438,229.66000366210938,231.13999938964844,231.13999938964844,34714.0
2025-11-25,230.5,238.99000549316406,230.3000030517578,237.19000244140625,237.19000244140625,34572.0
2025-11-26,236.94000244140625,243.67999267578125,234.91000366210938,237.66000366210938,237.66000366210938,32153.0
2025-11-27,238.35000610351562,241.4600067138672,236.0,238.57000732421875,238.57000732421875,11628.0
2025-11-28,238.00999450683594,238.00999450683594,233.3000030517578,234.77000427246094,234.77000427246094,42239.0
2025-12-01,234.75,238.0,231.0500030517578,233.42999267578125,233.42999267578125,17774.0
2025-12-02,230.5500030517578,238.0,230.5500030517578,235.7899932861328,235.7899932861328,14277.0
2025-12-03,235.7899932861328,243.4600067138672,231.60000610351562,237.42999267578125,237.42999267578125,32710.0
2025-12-04,235.72999572753906,237.7100067138672,234.0,234.13999938964844,234.13999938964844,6404.0
2025-12-05,234.13999938964844,234.36000061035156,232.02000427246094,233.3800048828125,233.3800048828125,6076.0
2025-12-08,236.89999389648438,236.89999389648438,217.0,220.0500030517578,220.0500030517578,24664.0
2025-12-09,220.0,233.0,215.75999450683594,230.19000244140625,230.19000244140625,21942.0
2025-12-10,233.0,238.0,226.0,227.58999633789062,227.58999633789062,21676.0
2025-12-11,229.5,230.00999450683594,222.94000244140625,224.69000244140625,224.69000244140625,11883.0
2025-12-12,225.97999572753906,226.4499969482422,218.11000061035156,220.5800018310547,220.5800018310547,30871.0
2025-12-15,218.67999267578125,222.2899932861328,218.67999267578125,221.1999969482422,221.1999969482422,16533.0
2025-12-16,221.0,225.92999267578125,220.89999389648438,223.8800048828125,223.8800048828125,10705.0
2025-12-17,225.86000061035156,225.86000061035156,219.10000610351562,220.3000030517578,220.3000030517578,13219.0
2025-12-18,222.5,222.5,215.0,217.9499969482422,217.9499969482422,19466.0
2025-12-19,220.10000610351562,221.0,217.0,219.86000061035156,219.86000061035156,10680.0
2025-12-22,217.86000061035156,226.99000549316406,217.86000061035156,222.2899932861328,222.2899932861328,18283.0
2025-12-23,220.5,225.99000549316406,220.5,223.92999267578125,223.92999267578125,7258.0
2025-12-24,221.0,224.77999877929688,221.0,221.9499969482422,221.9499969482422,5388.0
2025-12-26,221.9499969482422,225.94000244140625,220.5,221.6999969482422,221.6999969482422,8756.0
2025-12-29,220.1300048828125,237.5,219.1999969482422,229.33999633789062,229.33999633789062,29572.0
2025-12-30,229.33999633789062,229.33999633789062,221.0500030517578,222.02000427246094,222.02000427246094,9374.0
2025-12-31,224.0,227.99000549316406,222.4199981689453,227.22999572753906,227.22999572753906,11251.0
2026-01-01,229.02999877929688,230.0,224.3699951171875,226.07000732421875,226.07000732421875,13738.0
2026-01-02,223.3000030517578,230.0,223.3000030517578,228.64999389648438,228.64999389648438,13569.0
2026-01-05,228.64999389648438,232.77999877929688,222.0500030517578,223.5800018310547,223.5800018310547,30488.0
2026-01-06,220.11000061035156,223.5500030517578,219.89999389648438,221.02999877929688,221.02999877929688,17844.0
2026-01-07,219.5,222.8699951171875,217.2100067138672,218.47999572753906,218.47999572753906,13831.0
2026-01-08,216.5,221.35000610351562,210.27000427246094,212.42999267578125,212.42999267578125,24620.0
2026-01-09,207.1999969482422,213.0,205.25,207.02999877929688,207.02999877929688,23175.0
2026-01-12,207.5,210.5,199.0,203.50999450683594,203.50999450683594,34764.0
2026-01-13,203.50999450683594,207.1999969482422,200.89999389648438,204.5800018310547,204.5800018310547,14711.0
2026-01-14,201.0,206.5800018310547,200.11000061035156,201.07000732421875,201.07000732421875,15864.0
2026-01-15,201.07000732421875,201.07000732421875,201.07000732421875,201.07000732421875,201.07000732421875,0.0
2026-01-16,200.07000732421875,204.10000610351562,198.0,199.08999633789062,199.08999633789062,22346.0
2026-01-19,199.08999633789062,204.0,193.0500030517578,194.5399932861328,194.5399932861328,18131.0
2026-01-20,193.02999877929688,194.7100067138672,180.0,182.5800018310547,182.5800018310547,34259.0
2026-01-21,181.0,210.0,181.0,204.77999877929688,204.77999877929688,182984.0
2026-01-22,199.39999389648438,228.0,199.39999389648438,225.39999389648438,225.39999389648438,139134.0
2026-01-23,225.39999389648438,230.8699951171875,207.10000610351562,210.44000244140625,210.44000244140625,73838.0
2026-01-27,206.1999969482422,212.47999572753906,198.47999572753906,201.0,201.0,25783.0
2026-01-28,204.99000549316406,205.5,200.2100067138672,203.6199951171875,203.6199951171875,17358.0
2026-01-29,200.64999389648438,206.0,199.36000061035156,202.10000610351562,202.10000610351562,18464.0
2026-01-30,198.39999389648438,199.75,188.42999267578125,199.1300048828125,199.1300048828125,30928.0
2026-02-02,190.0,200.89999389648438,190.0,199.77000427246094,199.77000427246094,42514.0
2026-02-03,204.8000030517578,226.0,204.0,222.1699981689453,222.1699981689453,229510.0
2026-02-04,221.0500030517578,245.8000030517578,216.02999877929688,240.47999572753906,240.47999572753906,138697.0
2026-02-05,240.14999389648438,257.3999938964844,237.0,255.16000366210938,255.16000366210938,187608.0
2026-02-06,253.88999938964844,262.5,247.50999450683594,259.55999755859375,259.55999755859375,121358.0
2026-02-09,259.010009765625,266.989990234375,248.14999389648438,252.9499969482422,252.9499969482422,46810.0
2026-02-10,249.5500030517578,256.20001220703125,243.0500030517578,244.25,244.25,21795.0
2026-02-11,244.0,262.0,237.61000061035156,255.57000732421875,255.57000732421875,50444.0
2026-02-12,254.3000030517578,261.0,245.0,247.50999450683594,247.50999450683594,31709.0
2026-02-13,246.5,247.58999633789062,239.22999572753906,242.07000732421875,242.07000732421875,21216.0
2026-02-16,242.0,269.0,228.13999938964844,266.92999267578125,266.92999267578125,254792.0
2026-02-17,266.0,272.8800048828125,260.0,269.5799865722656,269.5799865722656,74398.0
2026-02-18,267.29998779296875,270.5,255.85000610351562,261.8800048828125,261.8800048828125,47545.0
2026-02-19,262.6600036621094,265.19000244140625,252.0,255.3699951171875,255.3699951171875,21252.0
2026-02-20,253.0,257.5,248.19000244140625,250.41000366210938,250.41000366210938,17418.0
2026-02-23,252.60000610351562,284.5,245.14999389648438,266.54998779296875,266.54998779296875,336817.0
2026-02-24,266.54998779296875,270.3999938964844,255.33999633789062,266.6300048828125,266.6300048828125,56427.0
2026-02-25,269.0,269.0,256.0,258.8999938964844,258.8999938964844,18714.0
2026-02-26,260.7900085449219,262.92999267578125,250.0,251.07000732421875,251.07000732421875,33522.0
2026-02-27,273.0,273.0,252.5,256.1000061035156,256.1000061035156,114299.0
2026-03-02,254.8000030517578,254.8000030517578,241.0,246.25,246.25,39954.0
2026-03-04,238.25,242.89999389648438,233.14999389648438,239.5500030517578,239.5500030517578,31323.0
2026-03-05,243.14999389648438,254.39999389648438,240.5,251.0,251.0,31036.0
2026-03-06,247.25,256.79998779296875,245.1999969482422,247.85000610351562,247.85000610351562,30984.0
2026-03-09,244.0,244.0,233.0,235.85000610351562,235.85000610351562,27794.0
2026-03-10,238.60000610351562,245.0,237.1999969482422,238.1999969482422,238.1999969482422,19392.0
2026-03-11,238.1999969482422,251.39999389648438,232.14999389648438,238.10000610351562,238.10000610351562,54505.0
2026-03-12,238.0,238.0,228.0500030517578,230.60000610351562,230.60000610351562,54545.0
2026-03-13,227.14999389648438,232.5,221.89999389648438,224.9499969482422,224.9499969482422,30535.0
2026-03-16,224.9499969482422,226.89999389648438,222.0500030517578,225.0500030517578,225.0500030517578,54331.0
2026-03-17,225.0500030517578,230.0,220.5500030517578,223.3000030517578,223.3000030517578,52910.0
2026-03-18,217.5,226.75,217.5,220.6999969482422,220.6999969482422,54941.0
2026-03-19,221.6999969482422,221.6999969482422,209.0500030517578,210.75,210.75,23661.0
2026-03-20,213.10000610351562,216.5500030517578,208.0,208.9499969482422,208.9499969482422,15128.0
2026-03-23,208.10000610351562,209.5500030517578,192.8000030517578,194.9499969482422,194.9499969482422,72110.0
2026-03-24,197.89999389648438,204.0,195.0,200.3000030517578,200.3000030517578,46655.0
2026-03-25,200.3000030517578,212.85000610351562,200.3000030517578,203.5,203.5,151256.0
2026-03-27,204.5,204.5,188.75,189.85000610351562,189.85000610351562,125339.0
2026-03-30,189.85000610351562,190.1999969482422,182.0500030517578,183.0,183.0,56700.0
2026-04-01,187.99000549316406,214.0,187.99000549316406,199.3699951171875,199.3699951171875,47961.0
2026-04-02,198.91000366210938,209.0,190.80999755859375,207.1999969482422,207.1999969482422,32103.0
2026-04-06,205.97999572753906,209.66000366210938,201.6300048828125,206.02000427246094,206.02000427246094,22524.0
2026-04-07,206.0,210.89999389648438,203.0,209.6699981689453,209.6699981689453,16831.0
2026-04-08,214.10000610351562,223.0,211.88999938964844,218.8300018310547,218.8300018310547,44193.0
2026-04-09,223.0,230.0,216.5800018310547,227.05999755859375,227.05999755859375,48629.0
2026-04-10,229.1999969482422,232.0,225.6199951171875,228.02999877929688,228.02999877929688,19213.0
2026-04-13,226.88999938964844,233.97999572753906,218.27000427246094,231.22000122070312,231.22000122070312,28772.0
2026-04-15,234.0,238.1999969482422,231.69000244140625,235.6300048828125,235.6300048828125,23519.0
2026-04-16,237.9199981689453,246.94000244140625,233.6699981689453,244.30999755859375,244.30999755859375,38051.0
2026-04-17,248.0,248.0,240.0,241.41000366210938,241.41000366210938,24594.0
2026-04-20,240.0,243.50999450683594,235.6999969482422,236.5399932861328,236.5399932861328,15741.0
2026-04-21,235.75,238.7899932861328,231.89999389648438,233.86000061035156,233.86000061035156,14129.0
2026-04-22,232.63999938964844,265.0,231.0,253.6699981689453,253.6699981689453,251528.0
2026-04-23,251.8000030517578,257.54998779296875,248.8000030517578,249.77000427246094,249.77000427246094,39242.0
2026-04-24,249.75,249.75,237.66000366210938,240.63999938964844,240.63999938964844,29509.0
2026-04-27,242.3800048828125,247.17999267578125,239.72000122070312,246.5800018310547,246.5800018310547,17138.0
2026-04-28,242.8800048828125,255.52999877929688,242.8800048828125,253.25999450683594,253.25999450683594,27988.0
2026-04-29,254.08999633789062,255.3699951171875,246.91000366210938,249.13999938964844,249.13999938964844,12775.0
2026-04-30,249.99000549316406,252.0,241.97000122070312,249.47000122070312,249.47000122070312,17008.0
2026-05-04,246.63999938964844,249.4600067138672,244.80999755859375,245.75999450683594,245.75999450683594,7739.0
2026-05-05,242.0,244.75,238.60000610351562,243.3800048828125,243.3800048828125,13904.0
2026-05-06,240.0,247.9199981689453,240.0,245.36000061035156,245.36000061035156,12735.0
2026-05-07,245.36000061035156,247.0,241.2100067138672,245.72000122070312,245.72000122070312,14631.0
2026-05-08,244.8300018310547,246.89999389648438,240.4199981689453,241.97000122070312,241.97000122070312,6188.0
2026-05-11,244.0,245.11000061035156,236.6999969482422,238.39999389648438,238.39999389648438,16780.0
2026-05-12,238.39999389648438,238.39999389648438,228.0,231.0,231.0,12828.0
2026-05-13,232.16000366210938,235.89999389648438,227.25,229.22000122070312,229.22000122070312,12232.0
2026-05-14,231.0399932861328,233.39999389648438,226.9199981689453,231.97999572753906,231.97999572753906,7169.0
2026-05-15,231.97999572753906,233.0,226.10000610351562,226.94000244140625,226.94000244140625,6193.0
2026-05-18,222.5,230.77999877929688,217.0,228.72999572753906,228.72999572753906,19502.0
2026-05-19,229.74000549316406,229.74000549316406,223.0,226.3800048828125,226.3800048828125,10529.0
2026-05-20,216.60000610351562,228.10000610351562,216.60000610351562,226.02999877929688,226.02999877929688,7167.0
2026-05-21,227.0,230.10000610351562,223.0,225.7899932861328,225.7899932861328,10559.0
2026-05-22,226.91000366210938,229.97999572753906,224.02000427246094,227.64999389648438,227.64999389648438,6122.0
2026-05-25,227.64999389648438,235.0,220.5500030517578,230.92999267578125,230.92999267578125,11500.0
2026-05-26,230.0,236.4499969482422,227.10000610351562,228.3000030517578,228.3000030517578,16967.0
2026-05-27,228.3000030517578,230.47999572753906,225.0500030517578,227.97000122070312,227.97000122070312,24266.0
2026-05-28,227.97000122070312,227.97000122070312,227.97000122070312,227.97000122070312,227.97000122070312,0.0
2026-05-29,222.00999450683594,224.1300048828125,212.72000122070312,215.66000366210938,215.66000366210938,55619.0
2026-06-01,214.11000061035156,225.9499969482422,214.11000061035156,224.39999389648438,224.39999389648438,15782.0
2026-06-02,224.3000030517578,230.99000549316406,218.00999450683594,230.47999572753906,230.47999572753906,25180.0
2026-06-03,231.6300048828125,244.3800048828125,228.5,236.1999969482422,236.1999969482422,38405.0
2026-06-04,230.0,248.89999389648438,230.0,241.33999633789062,241.33999633789062,31494.0
2026-06-05,240.6199951171875,244.75999450683594,234.0,235.4499969482422,235.4499969482422,24724.0
2026-06-08,230.5,238.49000549316406,230.5,237.64999389648438,237.64999389648438,8674.0
2026-06-09,244.0,244.0,235.02999877929688,237.72999572753906,237.72999572753906,16011.0
2026-06-10,236.0,238.88999938964844,233.0,234.36000061035156,234.36000061035156,13140.0
2026-06-11,230.3000030517578,236.13999938964844,225.22999572753906,227.91000366210938,227.91000366210938,27705.0
2026-06-12,229.8000030517578,238.35000610351562,229.8000030517578,237.25999450683594,237.25999450683594,14923.0
2026-06-15,239.1999969482422,244.0,235.47000122070312,240.30999755859375,240.30999755859375,12116.0
2026-06-16,239.0,240.30999755859375,233.99000549316406,239.74000549316406,239.74000549316406,9057.0
2026-06-17,240.8000030517578,249.97999572753906,239.67999267578125,243.97999572753906,243.97999572753906,14573.0
2026-06-18,241.0,245.97999572753906,232.35000610351562,237.8699951171875,237.8699951171875,13697.0
2026-06-19,239.24000549316406,240.0,234.0,237.74000549316406,237.74000549316406,12351.0
2026-06-22,238.25999450683594,244.0,237.50999450683594,241.47999572753906,241.47999572753906,14555.0
2026-06-23,241.47999572753906,252.0,237.60000610351562,240.52000427246094,240.52000427246094,114577.0
2026-06-24,238.05999755859375,242.49000549316406,237.0,239.7899932861328,239.7899932861328,100255.0
2026-06-25,240.02000427246094,256.32000732421875,240.02000427246094,245.02000427246094,245.02000427246094,87831.0
2026-06-26,245.02000427246094,245.02000427246094,245.02000427246094,245.02000427246094,245.02000427246094,0.0
2026-06-29,245.02000427246094,267.0,245.02000427246094,259.79998779296875,259.79998779296875,213069.0
2026-06-30,264.0899963378906,272.0,260.5,269.6099853515625,269.6099853515625,151159.0
2026-07-01,270.1000061035156,275.0,264.0,265.0,265.0,83267.0
2026-07-02,268.0,289.8999938964844,265.20001220703125,278.45001220703125,278.45001220703125,517927.0
2026-07-03,277.0,282.04998779296875,272.0,272.95001220703125,272.95001220703125,47679.0
2026-07-06,273.0,304.8500061035156,273.0,294.8999938964844,294.8999938964844,618052.0
2026-07-07,297.0,301.95001220703125,290.0,292.95001220703125,292.95001220703125,65261.0
2026-07-08,290.0,295.70001220703125,277.0,280.45001220703125,280.45001220703125,104708.0
2026-07-09,281.0,300.0,281.0,295.6499938964844,295.6499938964844,109327.0
2026-07-10,295.6499938964844,299.5,290.3500061035156,294.3500061035156,294.3500061035156,39904.0
2026-07-13,292.70001220703125,326.79998779296875,285.0,315.6499938964844,315.6499938964844,555362.0
2026-07-14,315.1000061035156,340.0,306.0,317.75,317.75,500077.0
2026-07-15,319.70001220703125,330.0,315.95001220703125,324.04998779296875,324.04998779296875,135009.0
2026-07-16,324.0,332.8500061035156,317.29998779296875,330.25,330.25,91035.0
2026-07-17,334.25,343.6499938964844,321.79998779296875,330.70001220703125,330.70001220703125,194546.0
2026-07-20,332.0,355.0,327.1000061035156,351.6499938964844,351.6499938964844,355854.0
2026-07-21,355.45001220703125,363.79998779296875,348.1499938964844,359.29998779296875,359.29998779296875,166119.0
2026-07-22,356.8500061035156,358.1499938964844,339.0,341.0,341.0,104276.0
2026-07-23,345.0,355.5,338.20001220703125,351.04998779296875,351.04998779296875,75154.0
2026-07-24,353.0,382.6000061035156,345.6499938964844,376.79998779296875,376.79998779296875,315343.0
2026-07-27,392.0,408.0,377.25,404.79998779296875,404.79998779296875,577413.0
2026-07-28,405.20001220703125,405.20001220703125,390.0,399.29998779296875,399.29998779296875,132656.0
2026-07-29,399.20001220703125,399.20001220703125,384.04998779296875,390.1499938964844,390.1499938964844,97830.0
2026-07-30,390.1499938964844,390.1499938964844,350.04998779296875,365.20001220703125,365.20001220703125,330760.0
2026-07-31,358.0,402.79998779296875,357.5,394.95001220703125,394.95001220703125,370346.0
2026-08-03,401.0,447.95001220703125,395.0,418.6000061035156,418.6000061035156,873684.0
2026-08-04,419.04998779296875,424.0,410.0,412.45001220703125,412.45001220703125,118797.0
2026-08-05,415.0,460.5,415.0,454.3999938964844,454.3999938964844,1022255.0
2026-08-06,457.0,485.45001220703125,452.8500061035156,477.6000061035156,477.6000061035156,1101775.0
2026-08-07,472.0,482.79998779296875,439.5,448.6000061035156,448.6000061035156,810718.0
2026-08-10,445.0,519.0,433.3500061035156,510.75,510.75,2087098.0
2026-08-11,503.75,523.7999877929688,492.04998779296875,508.70001220703125,508.70001220703125,431893.0
2026-08-12,505.0,516.8499755859375,488.79998779296875,494.8999938964844,494.8999938964844,170668.0
2026-08-13,499.8999938964844,499.8999938964844,478.0,484.29998779296875,484.29998779296875,140616.0
2026-08-14,486.20001220703125,521.4000244140625,486.20001220703125,517.4000244140625,517.4000244140625,485584.0
2026-08-17,519.0,524.7000122070312,505.0,520.5,520.5,188101.0
2026-08-18,522.9500122070312,522.9500122070312,504.25,512.5999755859375,512.5999755859375,124007.0
2026-08-19,509.20001220703125,518.9500122070312,494.0,500.79998779296875,500.79998779296875,166334.0
2026-08-20,506.1000061035156,541.0,506.1000061035156,529.0999755859375,529.0999755859375,491124.0
2026-08-21,530.0499877929688,574.9500122070312,521.5499877929688,566.2000122070312,566.2000122070312,565475.0
2026-08-24,567.0,625.1500244140625,567.0,611.0999755859375,611.0999755859375,1093357.0
2026-08-25,611.9500122070312,616.4500122070312,591.25,609.1500244140625,609.1500244140625,270498.0
2026-08-26,613.0,613.0,599.0,601.6500244140625,601.6500244140625,146744.0
2026-08-27,602.8499755859375,609.7999877929688,587.0,589.5999755859375,589.5999755859375,129623.0
2026-08-28,590.0,612.1500244140625,578.2999877929688,603.5,603.5,278180.0
2026-08-31,606.7999877929688,608.9000244140625,585.0,600.2999877929688,600.2999877929688,208624.0
2026-09-01,603.2999877929688,605.3499755859375,572.0,579.4000244140625,579.4000244140625,192747.0
2026-09-02,567.3499755859375,580.0,552.3499755859375,559.9500122070312,559.9500122070312,315900.0
2026-09-03,570.0,591.75,561.0,564.7999877929688,564.7999877929688,185596.0
2026-09-04,566.0,583.9500122070312,560.3499755859375,579.1500244140625,579.1500244140625,130668.0
2026-09-07,587.0,642.0,587.0,634.5,634.5,759426.0
2026-09-08,639.5,677.75,639.0,656.4500122070312,656.4500122070312,524936.0
2026-09-09,656.4500122070312,678.9500122070312,636.1500244140625,662.9500122070312,662.9500122070312,233277.0
2026-09-10,659.9000244140625,717.0,655.0,707.5499877929688,707.5499877929688,773333.0
2026-09-11,710.0,733.0,690.5999755859375,723.1500244140625,723.1500244140625,479794.0
2026-09-15,741.9000244140625,741.9000244140625,650.8499755859375,650.8499755859375,650.8499755859375,313142.0
