date,open,high,low,close,adjclose,volume
2021-09-16,999.3300170898438,1000.010009765625,999.3300170898438,1000.0,839.847900390625,0.0
2021-09-17,997.5999755859376,1002.7899780273438,997.5999755859376,1000.0,839.847900390625,0.0
2021-09-20,1003.1799926757812,1003.1799926757812,997.1599731445312,1000.0,839.847900390625,0.0
2021-09-21,1002.0,1002.0,999.510009765625,999.989990234375,839.8395385742188,0.0
2021-09-22,1002.4000244140624,1002.4000244140624,998.4000244140624,999.989990234375,839.8395385742188,0.0
2021-09-23,1003.1799926757812,1003.1799926757812,999.3200073242188,999.989990234375,839.8395385742188,0.0
2021-09-24,1002.7899780273438,1002.7899780273438,999.2999877929688,1000.010009765625,839.8563232421875,0.0
2021-09-27,1002.7899780273438,1002.7899780273438,997.1599731445312,999.989990234375,839.8395385742188,0.0
2021-09-28,1002.2999877929688,1002.2999877929688,999.989990234375,1000.0,839.847900390625,0.0
2021-09-29,1000.0,1000.010009765625,998.9000244140624,999.969970703125,839.82275390625,0.0
2021-09-30,1002.4000244140624,1002.4000244140624,999.969970703125,1000.0,841.1826782226562,0.0
2021-10-01,1003.4000244140624,1003.4000244140624,999.5999755859376,1000.0,841.1826782226562,0.0
2021-10-04,1002.2999877929688,1002.2999877929688,998.2999877929688,1000.0,841.1826782226562,0.0
2021-10-05,1002.2999877929688,1002.2999877929688,998.2999877929688,999.989990234375,841.1742553710938,0.0
2021-10-06,1000.8699951171876,1000.8699951171876,999.989990234375,1000.0,841.1826782226562,0.0
2021-10-07,1002.2999877929688,1002.2999877929688,998.2999877929688,999.989990234375,841.1742553710938,0.0
2021-10-08,1001.77001953125,1001.77001953125,999.989990234375,1000.0,841.1826782226562,0.0
2021-10-11,1002.2999877929688,1002.2999877929688,998.97998046875,1000.0,841.1826782226562,0.0
2021-10-12,1001.739990234375,1001.739990234375,999.2000122070312,1000.0,841.1826782226562,0.0
2021-10-13,1002.9000244140624,1002.9000244140624,999.3200073242188,999.989990234375,841.1742553710938,0.0
2021-10-14,1002.2100219726562,1002.2100219726562,999.989990234375,1000.0,841.1826782226562,0.0
2021-10-18,1000.0,1001.0,998.2999877929688,999.989990234375,841.1742553710938,0.0
2021-10-19,1000.0,1000.489990234375,999.27001953125,999.989990234375,841.1742553710938,0.0
2021-10-20,1001.8099975585938,1002.0,999.25,999.989990234375,841.1742553710938,0.0
2021-10-21,1008.9000244140624,1008.9000244140624,997.1599731445312,999.989990234375,841.1742553710938,0.0
2021-10-22,1002.2000122070312,1002.2000122070312,999.510009765625,1000.0,841.1826782226562,0.0
2021-10-25,1001.0,1002.9000244140624,999.510009765625,1000.0,841.1826782226562,0.0
2021-10-26,1002.2000122070312,1002.2000122070312,999.989990234375,999.989990234375,841.1742553710938,0.0
2021-10-27,1000.0,1001.8699951171876,999.510009765625,1000.0,841.1826782226562,0.0
2021-10-28,1003.1799926757812,1003.1799926757812,997.1599731445312,1000.0,841.1826782226562,0.0
2021-10-29,1002.2000122070312,1002.2000122070312,998.2999877929688,1000.0,843.0267944335938,0.0
2021-11-01,1000.8699951171876,1000.8699951171876,999.3499755859376,999.989990234375,843.0182495117188,0.0
2021-11-02,1002.2000122070312,1002.2000122070312,998.2999877929688,999.989990234375,843.0182495117188,0.0
2021-11-03,999.989990234375,1001.7999877929688,998.2999877929688,1000.010009765625,843.03515625,0.0
2021-11-04,1006.7000122070312,1006.7000122070312,997.3499755859376,999.989990234375,843.0182495117188,0.0
2021-11-08,1002.2000122070312,1002.2000122070312,997.3499755859376,999.989990234375,843.0182495117188,0.0
2021-11-09,1002.2000122070312,1002.2000122070312,999.0,999.989990234375,843.0182495117188,0.0
2021-11-10,1001.0,1001.0,998.2999877929688,1000.0,843.0267944335938,0.0
2021-11-11,1002.9000244140624,1002.9000244140624,991.1099853515624,1000.0,843.0267944335938,0.0
2021-11-12,1002.2999877929688,1002.2999877929688,999.510009765625,999.989990234375,843.0182495117188,0.0
2021-11-15,1001.0,1001.0,997.1599731445312,999.989990234375,843.0182495117188,0.0
2021-11-16,999.989990234375,1002.9000244140624,998.22998046875,1000.0,843.0267944335938,0.0
2021-11-17,1001.0,1001.0,998.2999877929688,1000.010009765625,843.03515625,0.0
2021-11-18,1002.2999877929688,1002.2999877929688,998.2999877929688,1000.0,843.0267944335938,0.0
2021-11-22,1003.1799926757812,1003.1799926757812,990.0,1000.0,843.0267944335938,0.0
2021-11-23,1002.2999877929688,1002.2999877929688,998.2999877929688,999.989990234375,843.0182495117188,0.0
2021-11-24,1002.0,1002.0,999.3300170898438,1000.0,843.0267944335938,0.0
2021-11-25,1002.9000244140624,1002.9000244140624,997.1599731445312,1000.0,843.0267944335938,0.0
2021-11-26,1002.2999877929688,1002.2999877929688,999.3200073242188,1000.0,843.0267944335938,0.0
2021-11-29,1000.5,1000.5,999.3599853515624,999.989990234375,843.0182495117188,0.0
2021-11-30,1002.2999877929688,1002.2999877929688,998.2999877929688,999.989990234375,844.7962036132812,0.0
2021-12-01,1008.9000244140624,1008.9000244140624,999.3599853515624,999.989990234375,844.7962036132812,0.0
2021-12-02,1002.2999877929688,1002.2999877929688,999.6500244140624,999.989990234375,844.7962036132812,0.0
2021-12-03,1002.2999877929688,1002.2999877929688,999.3200073242188,999.989990234375,844.7962036132812,0.0
2021-12-06,1002.2999877929688,1002.2999877929688,998.2999877929688,1000.0,844.8046875,0.0
2021-12-07,1002.2999877929688,1002.2999877929688,999.989990234375,999.989990234375,844.7962036132812,0.0
2021-12-08,1003.1799926757812,1003.1799926757812,997.1599731445312,999.989990234375,844.7962036132812,0.0
2021-12-09,1002.2999877929688,1002.2999877929688,999.510009765625,999.989990234375,844.7962036132812,0.0
2021-12-10,1002.2999877929688,1002.2999877929688,998.2999877929688,1000.0,844.8046875,0.0
2021-12-13,1002.2999877929688,1002.2999877929688,998.1699829101562,999.989990234375,844.7962036132812,0.0
2021-12-14,997.2999877929688,1001.9400024414062,997.2999877929688,1000.0,844.8046875,0.0
2021-12-15,1002.2999877929688,1002.2999877929688,998.0,1000.0,844.8046875,0.0
2021-12-16,1002.2999877929688,1002.2999877929688,999.3499755859376,999.989990234375,844.7962036132812,0.0
2021-12-17,1003.2999877929688,1003.2999877929688,999.989990234375,1000.0,844.8046875,0.0
2021-12-20,1002.2999877929688,1002.2999877929688,999.510009765625,1000.0,844.8046875,0.0
2021-12-21,1002.2999877929688,1002.2999877929688,999.3499755859376,999.989990234375,844.7962036132812,0.0
2021-12-22,1002.0,1002.0,997.2999877929688,999.989990234375,844.7962036132812,0.0
2021-12-23,1001.9400024414062,1001.9400024414062,999.3499755859376,999.989990234375,844.7962036132812,0.0
2021-12-24,1002.2999877929688,1002.2999877929688,999.3200073242188,1000.0,844.8046875,0.0
2021-12-27,1002.2999877929688,1002.2999877929688,998.2999877929688,999.989990234375,844.7962036132812,0.0
2021-12-28,1002.2999877929688,1002.2999877929688,999.9000244140624,999.989990234375,844.7962036132812,0.0
2021-12-29,1002.0999755859376,1002.0999755859376,999.9000244140624,1000.0,844.8046875,0.0
2021-12-30,1002.2999877929688,1002.2999877929688,999.9000244140624,1000.0,844.8046875,0.0
2021-12-31,1002.2999877929688,1002.2999877929688,999.3200073242188,1000.0,846.5172119140625,0.0
2022-01-03,1002.2999877929688,1002.2999877929688,998.8499755859376,999.989990234375,846.5088500976562,0.0
2022-01-04,1000.030029296875,1002.0,998.2999877929688,999.989990234375,846.5088500976562,0.0
2022-01-05,1001.5,1001.5,998.2999877929688,999.989990234375,846.5088500976562,0.0
2022-01-06,1001.0,1001.9500122070312,999.2999877929688,999.989990234375,846.5088500976562,0.0
2022-01-07,1002.2999877929688,1002.2999877929688,999.510009765625,1000.0,846.5172119140625,0.0
2022-01-10,1000.0,1000.489990234375,999.3499755859376,999.989990234375,846.5088500976562,0.0
2022-01-11,1001.0,1001.0,999.2000122070312,1000.0,846.5172119140625,0.0
2022-01-12,1002.2999877929688,1002.2999877929688,999.3499755859376,1000.0,846.5172119140625,0.0
2022-01-13,1002.2999877929688,1002.2999877929688,999.989990234375,999.989990234375,846.5088500976562,0.0
2022-01-14,1002.9500122070312,1002.9500122070312,999.989990234375,999.989990234375,846.5088500976562,0.0
2022-01-17,1000.0,1000.8099975585938,998.2999877929688,999.989990234375,846.5088500976562,0.0
2022-01-18,1002.0,1002.0,999.3499755859376,1000.0,846.5172119140625,0.0
2022-01-19,1002.2999877929688,1002.2999877929688,999.989990234375,999.989990234375,846.5088500976562,0.0
2022-01-20,1002.2999877929688,1002.2999877929688,999.3499755859376,999.989990234375,846.5088500976562,0.0
2022-01-21,1002.0,1002.0,999.3499755859376,1000.0,846.5172119140625,0.0
2022-01-24,1002.0,1002.0,999.2999877929688,1000.0,846.5172119140625,0.0
2022-01-25,1002.2999877929688,1002.2999877929688,998.2999877929688,999.989990234375,846.5088500976562,0.0
2022-01-27,1000.0,1000.010009765625,999.3499755859376,1000.0,846.5172119140625,0.0
2022-01-28,1000.0,1002.2899780273438,999.3499755859376,1000.0,846.5172119140625,0.0
2022-01-31,1002.2999877929688,1002.2999877929688,999.3499755859376,1000.0,848.5408935546875,0.0
2022-02-01,1002.2999877929688,1002.2999877929688,999.989990234375,999.989990234375,848.5322875976562,0.0
2022-02-02,1000.0,1000.010009765625,999.3300170898438,999.989990234375,848.5322875976562,0.0
2022-02-03,1000.0,1000.010009765625,999.989990234375,1000.0,848.5408935546875,0.0
2022-02-04,1008.9000244140624,1008.9000244140624,999.510009765625,1000.0,848.5408935546875,0.0
2022-02-07,1002.25,1002.25,998.25,1000.0,848.5408935546875,0.0
2022-02-08,1003.5999755859376,1003.5999755859376,999.3499755859376,999.989990234375,848.5322875976562,0.0
2022-02-09,1003.1599731445312,1003.1599731445312,998.3499755859376,999.989990234375,848.5322875976562,0.0
2022-02-10,1008.9000244140624,1008.9000244140624,999.97998046875,999.989990234375,848.5322875976562,0.0
2022-02-11,1002.25,1002.25,999.3499755859376,1000.0,848.5408935546875,0.0
2022-02-14,1003.2000122070312,1003.2000122070312,998.3499755859376,1000.0,848.5408935546875,0.0
2022-02-15,1002.25,1002.25,999.989990234375,999.989990234375,848.5322875976562,0.0
2022-02-16,997.5999755859376,1002.25,997.5999755859376,1000.0,848.5408935546875,0.0
2022-02-17,1003.2000122070312,1003.2000122070312,999.2999877929688,1000.0,848.5408935546875,0.0
2022-02-18,1002.0,1002.0,999.2999877929688,1000.0,848.5408935546875,0.0
2022-02-21,1003.1799926757812,1003.1799926757812,999.5499877929688,1000.0,848.5408935546875,0.0
2022-02-22,1000.0,1000.010009765625,999.510009765625,1000.0,848.5408935546875,0.0
2022-02-23,1002.0,1002.0,999.3499755859376,1000.0,848.5408935546875,0.0
2022-02-24,999.010009765625,1002.25,999.010009765625,999.989990234375,848.5322875976562,0.0
2022-02-25,1000.0,1000.010009765625,999.3499755859376,1000.0,848.5408935546875,0.0
2022-02-28,1000.0,1000.010009765625,999.510009765625,1000.0,848.601318359375,0.0
2022-03-02,1003.2000122070312,1003.2000122070312,997.2999877929688,999.989990234375,848.5928344726562,0.0
2022-03-03,1002.25,1003.1599731445312,999.3499755859376,999.989990234375,848.5928344726562,0.0
2022-03-04,1002.25,1002.25,999.5499877929688,1000.0,848.601318359375,0.0
2022-03-07,1002.5999755859376,1002.5999755859376,998.25,999.989990234375,848.5928344726562,0.0
2022-03-08,1001.0,1001.0,999.25,999.989990234375,848.5928344726562,0.0
2022-03-09,999.989990234375,1001.0,999.989990234375,999.989990234375,848.5928344726562,0.0
2022-03-10,1008.9000244140624,1008.9000244140624,997.3499755859376,999.989990234375,848.5928344726562,0.0
2022-03-11,1003.1599731445312,1003.1599731445312,997.1599731445312,1000.0,848.601318359375,0.0
2022-03-14,1001.0,1001.0,997.3499755859376,1000.0,848.601318359375,0.0
2022-03-15,1002.5999755859376,1002.5999755859376,997.2999877929688,1000.0,848.601318359375,0.0
2022-03-16,1001.9000244140624,1001.9000244140624,999.3499755859376,999.989990234375,848.5928344726562,0.0
2022-03-17,999.0,1002.0,997.1599731445312,1000.0,848.601318359375,0.0
2022-03-21,1002.5999755859376,1002.5999755859376,999.3499755859376,999.989990234375,848.5928344726562,0.0
2022-03-22,1003.1599731445312,1003.1599731445312,999.3499755859376,999.989990234375,848.5928344726562,0.0
2022-03-23,1002.5999755859376,1002.5999755859376,997.2999877929688,1000.0,848.601318359375,0.0
2022-03-24,997.1599731445312,1003.1599731445312,997.1599731445312,1000.0,848.601318359375,0.0
2022-03-25,1003.1599731445312,1003.1599731445312,997.1599731445312,1000.0,848.601318359375,0.0
2022-03-28,1001.9600219726562,1001.9600219726562,999.3499755859376,1000.0,848.601318359375,0.0
2022-03-29,1001.9500122070312,1001.9500122070312,999.989990234375,1000.0,848.601318359375,0.0
2022-03-30,1001.9299926757812,1001.9299926757812,999.989990234375,1000.0,848.601318359375,0.0
2022-03-31,1003.1599731445312,1003.1599731445312,999.510009765625,1000.0,850.5699462890625,0.0
2022-04-01,1008.9000244140624,1008.9000244140624,999.3499755859376,1000.0,850.5699462890625,0.0
2022-04-04,1001.0,1001.0,998.0,999.989990234375,850.5616455078125,0.0
2022-04-05,1003.1599731445312,1003.1599731445312,999.989990234375,999.989990234375,850.5616455078125,0.0
2022-04-06,1000.010009765625,1000.010009765625,999.6300048828124,1000.0,850.5699462890625,0.0
2022-04-07,1003.1599731445312,1003.1599731445312,999.989990234375,999.989990234375,850.5616455078125,0.0
2022-04-08,999.3499755859376,1003.1599731445312,999.3499755859376,1000.0,850.5699462890625,0.0
2022-04-11,1003.1599731445312,1003.1599731445312,999.3499755859376,1000.0,850.5699462890625,0.0
2022-04-12,999.510009765625,1000.010009765625,999.510009765625,1000.0,850.5699462890625,0.0
2022-04-13,1002.5999755859376,1002.5999755859376,999.530029296875,1000.0,850.5699462890625,0.0
2022-04-18,1000.0,1000.489990234375,999.989990234375,999.989990234375,850.5616455078125,0.0
2022-04-19,999.989990234375,1000.010009765625,999.6099853515624,1000.0,850.5699462890625,0.0
2022-04-20,1000.0,1000.010009765625,999.989990234375,1000.0,850.5699462890625,0.0
2022-04-21,1003.1599731445312,1003.1599731445312,999.3499755859376,999.989990234375,850.5616455078125,0.0
2022-04-22,1002.0,1002.0,999.989990234375,1000.0,850.5699462890625,0.0
2022-04-25,1002.0,1002.0,999.7100219726562,1000.0,850.5699462890625,0.0
2022-04-26,1002.0,1002.0,999.3499755859376,999.989990234375,850.5616455078125,0.0
2022-04-27,1002.0,1002.0,999.989990234375,999.989990234375,850.5616455078125,0.0
2022-04-28,999.3499755859376,1000.010009765625,999.3499755859376,1000.0,850.5699462890625,0.0
2022-04-29,1001.1599731445312,1001.1599731445312,999.97998046875,1000.0,852.4212646484375,0.0
2022-05-02,1000.0,1000.010009765625,999.3499755859376,999.989990234375,852.412841796875,0.0
2022-05-04,1002.0,1002.0,999.3499755859376,1000.0,852.4212646484375,0.0
2022-05-05,1003.1599731445312,1003.1599731445312,999.5599975585938,999.989990234375,852.412841796875,0.0
2022-05-06,1003.1599731445312,1003.1599731445312,999.3499755859376,1000.0,852.4212646484375,0.0
2022-05-09,1001.0,1001.0,999.989990234375,1000.0,852.4212646484375,0.0
2022-05-10,1003.1599731445312,1003.1599731445312,999.3499755859376,1000.0,852.4212646484375,0.0
2022-05-11,999.3499755859376,1002.0,999.3499755859376,999.989990234375,852.412841796875,0.0
2022-05-12,1000.010009765625,1003.1599731445312,999.989990234375,1000.0,852.4212646484375,0.0
2022-05-13,1000.0,1003.1599731445312,998.1599731445312,1000.0,852.4212646484375,0.0
2022-05-16,1002.0,1002.0,999.3499755859376,1000.0,852.4212646484375,0.0
2022-05-17,1003.1599731445312,1003.1599731445312,999.6199951171876,999.989990234375,852.412841796875,0.0
2022-05-18,1002.0,1002.5999755859376,999.4400024414062,1000.0,852.4212646484375,0.0
2022-05-19,1002.0,1002.0,999.530029296875,1000.0,852.4212646484375,0.0
2022-05-20,999.530029296875,1000.010009765625,999.530029296875,999.989990234375,852.412841796875,0.0
2022-05-23,1003.1599731445312,1003.1599731445312,999.4500122070312,999.989990234375,852.412841796875,0.0
2022-05-24,1000.0,1000.010009765625,999.4500122070312,1000.0,852.4212646484375,0.0
2022-05-25,1002.5999755859376,1002.5999755859376,997.2999877929688,1000.0,852.4212646484375,0.0
2022-05-26,1000.4000244140624,1000.4000244140624,999.510009765625,999.989990234375,852.412841796875,0.0
2022-05-27,1000.0,1000.010009765625,999.989990234375,1000.0,852.4212646484375,0.0
2022-05-30,1002.5999755859376,1002.5999755859376,999.530029296875,999.989990234375,852.412841796875,0.0
2022-05-31,1003.1599731445312,1003.1599731445312,999.989990234375,999.989990234375,854.7808227539062,0.0
2022-06-01,1000.0,1001.9000244140624,999.3499755859376,1000.0,854.7891235351562,0.0
2022-06-02,1002.4500122070312,1002.4500122070312,999.989990234375,999.989990234375,854.7808227539062,0.0
2022-06-03,1000.0,1000.010009765625,999.989990234375,999.989990234375,854.7808227539062,0.0
2022-06-06,1001.9600219726562,1001.9600219726562,999.7000122070312,999.989990234375,854.7808227539062,0.0
2022-06-07,999.3499755859376,1003.1599731445312,999.3499755859376,1000.0,854.7891235351562,0.0
2022-06-08,1003.1599731445312,1003.1599731445312,999.969970703125,1000.0,854.7891235351562,0.0
2022-06-09,1000.9000244140624,1000.9000244140624,998.1599731445312,1000.0,854.7891235351562,0.0
2022-06-10,1000.47998046875,1000.47998046875,999.75,999.989990234375,854.7808227539062,0.0
2022-06-13,1003.1599731445312,1003.1599731445312,999.6099853515624,1000.0,854.7891235351562,0.0
2022-06-14,1000.010009765625,1000.010009765625,999.47998046875,999.989990234375,854.7808227539062,0.0
2022-06-15,999.0,1000.010009765625,999.0,999.989990234375,854.7808227539062,0.0
2022-06-16,1002.0,1002.0,998.0,1000.0,854.7891235351562,0.0
2022-06-17,1000.0,1000.010009765625,999.989990234375,999.989990234375,854.7808227539062,0.0
2022-06-20,1000.010009765625,1002.0,999.5499877929688,999.989990234375,854.7808227539062,0.0
2022-06-21,1000.0,1000.010009765625,999.969970703125,999.989990234375,854.7808227539062,0.0
2022-06-22,999.7999877929688,1000.010009765625,999.7999877929688,1000.0,854.7891235351562,0.0
2022-06-23,1000.010009765625,1003.1599731445312,998.1599731445312,1000.0,854.7891235351562,0.0
2022-06-24,1000.010009765625,1000.010009765625,999.989990234375,999.989990234375,854.7808227539062,0.0
2022-06-27,1000.0,1000.010009765625,998.1599731445312,999.989990234375,854.7808227539062,0.0
2022-06-28,1002.5999755859376,1002.5999755859376,999.9500122070312,1000.0,854.7891235351562,0.0
2022-06-29,997.2999877929688,1002.5999755859376,997.2999877929688,1000.0,854.7891235351562,0.0
2022-06-30,1002.0,1002.0,999.989990234375,1000.0,857.1085205078125,0.0
2022-07-01,1002.0,1002.0,999.989990234375,1000.0,857.1085205078125,0.0
2022-07-04,1002.0,1002.0,999.989990234375,999.989990234375,857.10009765625,0.0
2022-07-05,1000.010009765625,1003.1599731445312,999.3499755859376,1000.0,857.1085205078125,0.0
2022-07-06,1002.0,1002.0,999.3499755859376,999.989990234375,857.10009765625,0.0
2022-07-07,1000.010009765625,1002.0,999.989990234375,999.989990234375,857.10009765625,0.0
2022-07-08,1003.1599731445312,1003.1599731445312,998.1599731445312,1000.0,857.1085205078125,0.0
2022-07-11,1002.0,1002.0,999.4500122070312,999.989990234375,857.10009765625,0.0
2022-07-12,1000.010009765625,1000.010009765625,999.3499755859376,999.989990234375,857.10009765625,0.0
2022-07-13,1003.1599731445312,1003.1599731445312,999.3499755859376,999.989990234375,857.10009765625,0.0
2022-07-14,1000.010009765625,1001.97998046875,999.989990234375,1000.0,857.1085205078125,0.0
2022-07-15,1000.0,1000.010009765625,999.3499755859376,999.989990234375,857.10009765625,0.0
2022-07-18,1002.5999755859376,1002.5999755859376,999.510009765625,999.989990234375,857.10009765625,0.0
2022-07-19,1000.0,1002.0,999.6300048828124,999.989990234375,857.10009765625,0.0
2022-07-20,1000.010009765625,1000.010009765625,999.989990234375,1000.0,857.1085205078125,0.0
2022-07-21,999.3499755859376,1003.1599731445312,999.3499755859376,1000.0,857.1085205078125,0.0
2022-07-22,1001.6500244140624,1001.6500244140624,999.75,1000.0,857.1085205078125,0.0
2022-07-25,1000.0,1000.010009765625,999.3499755859376,999.989990234375,857.10009765625,0.0
2022-07-26,1001.0,1001.0,999.510009765625,999.989990234375,857.10009765625,0.0
2022-07-27,1001.0,1001.0,999.989990234375,999.989990234375,857.10009765625,0.0
2022-07-28,1000.0,1000.010009765625,999.3499755859376,999.989990234375,857.10009765625,0.0
2022-07-29,1000.0,1000.010009765625,990.0,1000.0,859.9844360351562,0.0
2022-08-01,998.5,1000.010009765625,998.5,999.989990234375,859.9760131835938,0.0
2022-08-02,1000.010009765625,1000.010009765625,999.989990234375,999.989990234375,859.9760131835938,0.0
2022-08-03,1003.1599731445312,1003.1599731445312,999.989990234375,1000.0,859.9844360351562,0.0
2022-08-04,1000.0,1000.010009765625,999.989990234375,1000.0,859.9844360351562,0.0
2022-08-05,1002.0,1002.0,999.989990234375,999.989990234375,859.9760131835938,0.0
2022-08-08,999.989990234375,1000.010009765625,999.989990234375,1000.0,859.9844360351562,0.0
2022-08-10,1000.010009765625,1000.010009765625,999.989990234375,1000.0,859.9844360351562,0.0
2022-08-11,1000.010009765625,1000.010009765625,999.989990234375,1000.0,859.9844360351562,0.0
2022-08-12,1000.0,1000.010009765625,999.989990234375,1000.0,859.9844360351562,0.0
2022-08-16,1003.1599731445312,1003.1599731445312,999.989990234375,1000.0,859.9844360351562,0.0
2022-08-17,1003.1599731445312,1003.1599731445312,999.989990234375,1000.0,859.9844360351562,0.0
2022-08-18,1000.0,1000.010009765625,999.989990234375,1000.0,859.9844360351562,0.0
2022-08-19,1000.010009765625,1000.25,999.989990234375,1000.010009765625,859.9931640625,0.0
2022-08-22,999.989990234375,1000.010009765625,999.989990234375,1000.0,859.9844360351562,0.0
2022-08-23,1000.0,1000.010009765625,999.989990234375,999.989990234375,859.9760131835938,0.0
2022-08-24,1000.0,1000.010009765625,999.989990234375,999.989990234375,859.9760131835938,0.0
2022-08-25,1000.010009765625,1000.010009765625,999.989990234375,1000.0,859.9844360351562,0.0
2022-08-26,1002.8099975585938,1002.8099975585938,999.989990234375,1000.0,859.9844360351562,0.0
2022-08-29,1000.010009765625,1000.010009765625,999.989990234375,1000.0,859.9844360351562,0.0
2022-08-30,1000.010009765625,1000.010009765625,999.510009765625,999.989990234375,863.2194213867188,0.0
2022-09-01,1000.0,1000.9500122070312,998.0,1000.0,863.2279663085938,0.0
2022-09-02,1000.010009765625,1000.010009765625,999.989990234375,1000.0,863.2279663085938,0.0
2022-09-05,1000.010009765625,1000.010009765625,999.3499755859376,999.989990234375,863.2194213867188,0.0
2022-09-06,1000.010009765625,1000.010009765625,999.989990234375,999.989990234375,863.2194213867188,0.0
2022-09-07,1002.0,1002.0,999.3499755859376,1000.0,863.2279663085938,0.0
2022-09-08,1000.010009765625,1000.010009765625,999.989990234375,999.989990234375,863.2194213867188,0.0
2022-09-09,1000.010009765625,1000.010009765625,999.989990234375,1000.0,863.2279663085938,0.0
2022-09-12,1000.0,1000.010009765625,999.989990234375,999.989990234375,863.2194213867188,0.0
2022-09-13,1000.9500122070312,1000.9500122070312,999.510009765625,1000.0,863.2279663085938,0.0
2022-09-14,1000.0,1000.010009765625,998.0,1000.0,863.2279663085938,0.0
2022-09-15,1000.0,1000.010009765625,999.989990234375,1000.0,863.2279663085938,0.0
2022-09-16,999.989990234375,1002.0,999.989990234375,1000.0,863.2279663085938,0.0
2022-09-19,1000.010009765625,1000.010009765625,999.989990234375,1000.0,863.2279663085938,0.0
2022-09-20,1000.0,1000.489990234375,999.989990234375,999.989990234375,863.2194213867188,0.0
2022-09-21,999.989990234375,1000.010009765625,999.989990234375,1000.0,863.2279663085938,0.0
2022-09-22,1000.0,1000.010009765625,999.989990234375,999.989990234375,863.2194213867188,0.0
2022-09-23,1000.3900146484376,1000.3900146484376,999.6099853515624,1000.0,863.2279663085938,0.0
2022-09-26,1000.0,1000.010009765625,999.989990234375,1000.0,863.2279663085938,0.0
2022-09-27,1000.010009765625,1000.010009765625,999.989990234375,999.989990234375,863.2194213867188,0.0
2022-09-28,1000.010009765625,1000.010009765625,999.989990234375,1000.0,863.2279663085938,0.0
2022-09-29,1000.0,1000.010009765625,999.989990234375,1000.0,863.2279663085938,0.0
2022-09-30,999.7999877929688,1000.0399780273438,999.7999877929688,1000.0,866.3330078125,0.0
2022-10-03,1000.0,1000.010009765625,999.989990234375,1000.0,866.3330078125,0.0
2022-10-04,1000.010009765625,1000.010009765625,999.989990234375,1000.0,866.3330078125,0.0
2022-10-06,1000.010009765625,1000.25,999.989990234375,1000.010009765625,866.34130859375,0.0
2022-10-07,1000.0,1000.010009765625,999.989990234375,1000.0,866.3330078125,0.0
2022-10-10,1000.0,1000.010009765625,991.75,999.989990234375,866.32421875,0.0
2022-10-11,1000.010009765625,1000.010009765625,999.989990234375,1000.0,866.3330078125,0.0
2022-10-12,1000.0,1000.010009765625,999.989990234375,999.989990234375,866.32421875,0.0
2022-10-13,1000.010009765625,1000.010009765625,999.989990234375,999.989990234375,866.32421875,0.0
2022-10-14,1000.010009765625,1000.010009765625,999.989990234375,999.989990234375,866.32421875,0.0
2022-10-17,1000.9500122070312,1000.9500122070312,999.989990234375,999.989990234375,866.32421875,0.0
2022-10-18,1000.010009765625,1000.010009765625,999.75,999.989990234375,866.32421875,0.0
2022-10-19,1000.010009765625,1000.010009765625,999.989990234375,999.989990234375,866.32421875,0.0
2022-10-20,1000.0,1000.25,998.0,1000.0,866.3330078125,0.0
2022-10-21,1000.010009765625,1002.0,999.989990234375,999.989990234375,866.32421875,0.0
2022-10-24,1000.0,1002.0,998.0,999.989990234375,866.32421875,0.0
2022-10-25,1002.0,1002.0,999.989990234375,999.989990234375,866.32421875,0.0
2022-10-27,999.989990234375,1000.010009765625,999.75,999.989990234375,866.32421875,0.0
2022-10-28,1000.010009765625,1000.010009765625,999.989990234375,1000.0,866.3330078125,0.0
2022-10-31,1002.0,1002.0,999.989990234375,999.989990234375,870.2659301757812,0.0
2022-11-01,1000.010009765625,1000.010009765625,999.989990234375,999.989990234375,870.2659301757812,0.0
2022-11-02,1000.010009765625,1000.010009765625,999.989990234375,1000.0,870.2747802734375,0.0
2022-11-03,1000.0,1000.010009765625,999.0,1000.0,870.2747802734375,0.0
2022-11-04,1000.010009765625,1000.010009765625,999.989990234375,1000.0,870.2747802734375,0.0
2022-11-07,1000.0,1000.010009765625,999.75,1000.0,870.2747802734375,0.0
2022-11-09,1000.0,1000.010009765625,999.989990234375,1000.0,870.2747802734375,0.0
2022-11-10,1000.010009765625,1000.010009765625,980.0,1000.0,870.2747802734375,0.0
2022-11-11,1000.010009765625,1000.010009765625,999.989990234375,1000.0,870.2747802734375,0.0
2022-11-14,1000.010009765625,1000.010009765625,999.989990234375,1000.0,870.2747802734375,0.0
2022-11-15,1000.0,1000.010009765625,999.989990234375,1000.0,870.2747802734375,0.0
2022-11-16,1000.489990234375,1000.489990234375,999.989990234375,1000.0,870.2747802734375,0.0
2022-11-17,1000.010009765625,1000.010009765625,999.989990234375,999.989990234375,870.2659301757812,0.0
2022-11-18,1000.010009765625,1000.010009765625,999.989990234375,1000.0,870.2747802734375,0.0
2022-11-21,1002.0,1002.0,999.989990234375,1000.0,870.2747802734375,0.0
2022-11-22,1002.0,1002.0,999.989990234375,1000.0,870.2747802734375,0.0
2022-11-23,1000.010009765625,1000.010009765625,999.989990234375,1000.0,870.2747802734375,0.0
2022-11-24,999.989990234375,1000.010009765625,999.989990234375,1000.0,870.2747802734375,0.0
2022-11-25,1000.0,1002.0,999.989990234375,1000.0,870.2747802734375,0.0
2022-11-28,1000.010009765625,1000.010009765625,999.989990234375,1000.0,870.2747802734375,0.0
2022-11-29,999.989990234375,1002.0,999.989990234375,1000.0,870.2747802734375,0.0
2022-11-30,1000.010009765625,1000.010009765625,999.989990234375,1000.0,873.7113037109375,0.0
2022-12-01,1000.010009765625,1000.010009765625,999.989990234375,1000.0,873.7113037109375,0.0
2022-12-02,1000.010009765625,1000.010009765625,999.989990234375,1000.0,873.7113037109375,0.0
2022-12-05,999.989990234375,1000.010009765625,999.989990234375,999.989990234375,873.7025756835938,0.0
2022-12-06,1000.489990234375,1000.489990234375,999.989990234375,1000.0,873.7113037109375,0.0
2022-12-07,1000.010009765625,1000.010009765625,999.989990234375,999.989990234375,873.7025756835938,0.0
2022-12-08,1000.0,1000.010009765625,999.989990234375,999.989990234375,873.7025756835938,0.0
2022-12-09,1000.0,1000.010009765625,999.989990234375,1000.0,873.7113037109375,0.0
2022-12-12,999.989990234375,1000.489990234375,999.989990234375,999.989990234375,873.7025756835938,0.0
2022-12-13,1000.010009765625,1000.010009765625,999.0,1000.0,873.7113037109375,0.0
2022-12-14,1000.010009765625,1000.010009765625,999.989990234375,1000.0,873.7113037109375,0.0
2022-12-15,1000.010009765625,1000.010009765625,999.989990234375,999.989990234375,873.7025756835938,0.0
2022-12-16,1000.010009765625,1000.010009765625,999.989990234375,1000.0,873.7113037109375,0.0
2022-12-19,1000.0,1000.010009765625,999.510009765625,1000.0,873.7113037109375,0.0
2022-12-20,999.0,1000.010009765625,999.0,999.989990234375,873.7025756835938,0.0
2022-12-21,1000.010009765625,1000.010009765625,999.989990234375,1000.0,873.7113037109375,0.0
2022-12-22,1001.0,1001.0,999.989990234375,1000.0,873.7113037109375,0.0
2022-12-23,1000.0,1000.010009765625,999.989990234375,999.989990234375,873.7025756835938,0.0
2022-12-26,1002.0,1002.0,997.5499877929688,1000.0,873.7113037109375,0.0
2022-12-27,1000.0,1000.010009765625,999.989990234375,1000.0,873.7113037109375,0.0
2022-12-28,1000.010009765625,1000.010009765625,999.989990234375,1000.0,873.7113037109375,0.0
2022-12-29,1000.010009765625,1000.010009765625,999.989990234375,1000.0,873.7113037109375,0.0
2022-12-30,1000.0,1002.0,999.989990234375,1000.0,877.6156616210938,0.0
2023-01-02,1002.0,1002.0,999.75,1000.0,877.6156616210938,0.0
2023-01-03,1002.0,1002.0,999.989990234375,1000.0,877.6156616210938,0.0
2023-01-04,1000.0,1000.010009765625,999.989990234375,1000.0,877.6156616210938,0.0
2023-01-05,1000.010009765625,1000.010009765625,999.989990234375,1000.0,877.6156616210938,0.0
2023-01-06,1000.010009765625,1000.510009765625,999.989990234375,1000.0,877.6156616210938,0.0
2023-01-09,999.989990234375,1000.010009765625,988.0,999.989990234375,877.6068725585938,0.0
2023-01-10,999.989990234375,1000.010009765625,999.989990234375,999.989990234375,877.6068725585938,0.0
2023-01-11,1000.0,1000.010009765625,999.989990234375,999.989990234375,877.6068725585938,0.0
2023-01-12,970.0,1002.0,970.0,1000.0,877.6156616210938,0.0
2023-01-13,1000.0,1000.010009765625,999.989990234375,1000.0,877.6156616210938,0.0
2023-01-16,999.9000244140624,1000.010009765625,999.9000244140624,1000.0,877.6156616210938,0.0
2023-01-17,1000.010009765625,1000.010009765625,999.989990234375,1000.0,877.6156616210938,0.0
2023-01-18,1000.010009765625,1000.010009765625,999.989990234375,999.989990234375,877.6068725585938,0.0
2023-01-19,999.989990234375,1000.010009765625,999.989990234375,1000.0,877.6156616210938,0.0
2023-01-20,1000.010009765625,1000.6500244140624,999.989990234375,999.989990234375,877.6068725585938,0.0
2023-01-23,999.010009765625,1000.010009765625,999.010009765625,999.989990234375,877.6068725585938,0.0
2023-01-24,1000.010009765625,1000.010009765625,999.989990234375,999.989990234375,877.6068725585938,0.0
2023-01-25,999.0,1000.9500122070312,999.0,999.989990234375,877.6068725585938,0.0
2023-01-27,1000.0,1000.010009765625,999.989990234375,1000.0,877.6156616210938,0.0
2023-01-30,999.989990234375,1000.010009765625,999.989990234375,1000.0,877.6156616210938,0.0
2023-01-31,1030.0,1030.0,999.989990234375,999.989990234375,881.3128662109375,0.0
2023-02-01,1000.010009765625,1000.010009765625,998.0,1000.0,881.3217163085938,0.0
2023-02-02,1000.0,1000.010009765625,999.989990234375,1000.0,881.3217163085938,0.0
2023-02-03,1030.0,1030.0,998.0,1000.0,881.3217163085938,0.0
2023-02-06,1001.0,1001.0,999.989990234375,1000.0,881.3217163085938,0.0
2023-02-07,1000.6500244140624,1000.6500244140624,999.989990234375,1000.0,881.3217163085938,0.0
2023-02-08,1000.010009765625,1000.010009765625,999.989990234375,1000.0,881.3217163085938,0.0
2023-02-09,1000.0,1000.010009765625,999.989990234375,1000.0,881.3217163085938,0.0
2023-02-10,970.0,1000.010009765625,970.0,1000.0,881.3217163085938,0.0
2023-02-13,997.5,1000.010009765625,997.5,1000.0,881.3217163085938,0.0
2023-02-14,1000.0,1000.6500244140624,997.5,999.989990234375,881.3128662109375,0.0
2023-02-15,1000.0,1000.010009765625,999.75,999.989990234375,881.3128662109375,0.0
2023-02-16,999.989990234375,1000.010009765625,999.97998046875,999.989990234375,881.3128662109375,0.0
2023-02-17,1002.0,1002.5,998.5,1000.0,881.3217163085938,0.0
2023-02-20,1000.0,1000.010009765625,998.0,999.989990234375,881.3128662109375,0.0
2023-02-21,1030.0,1030.0,999.010009765625,1000.0,881.3217163085938,0.0
2023-02-22,1000.0,1000.010009765625,999.989990234375,1000.0,881.3217163085938,0.0
2023-02-23,1025.0,1025.0,998.02001953125,999.989990234375,881.3128662109375,0.0
2023-02-24,1000.010009765625,1000.010009765625,998.0499877929688,1000.0,881.3217163085938,0.0
2023-02-27,1030.0,1030.0,998.0499877929688,1000.0,881.3217163085938,0.0
2023-02-28,1000.010009765625,1000.010009765625,999.989990234375,999.989990234375,885.1546630859375,0.0
2023-03-01,1030.0,1030.0,999.0,1000.0,885.1635131835938,0.0
2023-03-02,1000.0,1000.010009765625,999.989990234375,1000.0,885.1635131835938,0.0
2023-03-03,1000.010009765625,1000.010009765625,999.989990234375,1000.0,885.1635131835938,0.0
2023-03-06,1001.6500244140624,1001.6500244140624,998.0999755859376,1000.0,885.1635131835938,0.0
2023-03-08,1001.9000244140624,1001.9000244140624,970.0,999.989990234375,885.1546630859375,0.0
2023-03-09,1000.0,1000.010009765625,999.010009765625,1000.0,885.1635131835938,0.0
2023-03-10,1001.6500244140624,1001.6500244140624,999.989990234375,1000.0,885.1635131835938,0.0
2023-03-13,1000.0,1000.010009765625,999.989990234375,1000.0,885.1635131835938,0.0
2023-03-14,999.989990234375,1000.010009765625,999.1500244140624,999.989990234375,885.1546630859375,0.0
2023-03-15,999.3499755859376,1001.5499877929688,999.010009765625,999.989990234375,885.1546630859375,0.0
2023-03-16,1000.0,1000.010009765625,999.989990234375,1000.0,885.1635131835938,0.0
2023-03-17,1000.010009765625,1000.010009765625,999.989990234375,999.989990234375,885.1546630859375,0.0
2023-03-20,1000.010009765625,1000.010009765625,999.010009765625,1000.0,885.1635131835938,0.0
2023-03-21,1000.010009765625,1000.010009765625,998.1500244140624,999.989990234375,885.1546630859375,0.0
2023-03-22,999.989990234375,1000.9500122070312,999.989990234375,1000.0,885.1635131835938,0.0
2023-03-23,998.0999755859376,1000.010009765625,970.0,1000.0,885.1635131835938,0.0
2023-03-24,1002.0,1002.0,999.989990234375,1000.0,885.1635131835938,0.0
2023-03-27,1000.5,1001.6500244140624,999.010009765625,999.989990234375,885.1546630859375,0.0
2023-03-28,999.989990234375,1002.0,998.1099853515624,1000.0,885.1635131835938,0.0
2023-03-29,1000.010009765625,1000.010009765625,999.97998046875,999.989990234375,885.1546630859375,0.0
2023-03-31,1000.0,1000.25,999.1099853515624,1000.010009765625,889.3946533203125,0.0
2023-04-03,1000.010009765625,1000.010009765625,998.1599731445312,1000.0,889.3858032226562,0.0
2023-04-05,1000.010009765625,1000.969970703125,998.25,1000.0,889.3858032226562,0.0
2023-04-06,1000.0,1001.7000122070312,999.989990234375,1000.0,889.3858032226562,0.0
2023-04-10,1000.0,1000.010009765625,998.1500244140624,999.989990234375,889.3767700195312,0.0
2023-04-11,999.989990234375,1000.010009765625,999.1799926757812,999.989990234375,889.3767700195312,0.0
2023-04-12,1000.0,1000.010009765625,999.1199951171876,1000.0,889.3858032226562,0.0
2023-04-13,1000.0,1000.010009765625,999.989990234375,1000.0,889.3858032226562,0.0
2023-04-17,1000.9000244140624,1030.0,999.989990234375,999.989990234375,889.3767700195312,0.0
2023-04-18,999.5499877929688,1000.010009765625,998.6799926757812,1000.0,889.3858032226562,0.0
2023-04-19,1000.010009765625,1000.9500122070312,999.989990234375,1000.0,889.3858032226562,0.0
2023-04-20,1000.0,1000.010009765625,999.25,999.989990234375,889.3767700195312,0.0
2023-04-21,999.1500244140624,1000.010009765625,998.0,1000.0,889.3858032226562,0.0
2023-04-24,1000.0,1000.010009765625,999.4000244140624,1000.0,889.3858032226562,0.0
2023-04-25,1000.0,1000.6500244140624,999.0,999.989990234375,889.3767700195312,0.0
2023-04-26,999.9500122070312,1000.010009765625,999.4000244140624,1000.0,889.3858032226562,0.0
2023-04-27,999.97998046875,1000.010009765625,999.97998046875,999.989990234375,889.3767700195312,0.0
2023-04-28,1000.0,1000.010009765625,999.989990234375,1000.0,893.3839721679688,0.0
2023-05-02,1030.0,1030.0,999.97998046875,999.989990234375,893.3748779296875,0.0
2023-05-03,999.989990234375,1000.010009765625,999.25,1000.0,893.3839721679688,0.0
2023-05-04,1000.0,1000.6500244140624,999.25,1000.0,893.3839721679688,0.0
2023-05-05,1000.0,1000.6500244140624,999.989990234375,1000.0,893.3839721679688,0.0
2023-05-08,1000.010009765625,1000.010009765625,999.97998046875,1000.0,893.3839721679688,0.0
2023-05-09,1000.7899780273438,1000.7899780273438,999.989990234375,1000.0,893.3839721679688,0.0
2023-05-10,1000.010009765625,1000.010009765625,999.4000244140624,999.989990234375,893.3748779296875,0.0
2023-05-11,1001.6799926757812,1001.6799926757812,999.97998046875,1000.0,893.3839721679688,0.0
2023-05-12,1000.0,1000.6500244140624,999.4000244140624,1000.0,893.3839721679688,0.0
2023-05-15,1000.0,1000.6500244140624,999.4500122070312,999.989990234375,893.3748779296875,0.0
2023-05-16,999.4500122070312,1001.7000122070312,999.4500122070312,1000.0,893.3839721679688,0.0
2023-05-17,1030.0,1030.0,999.4000244140624,1000.0,893.3839721679688,0.0
2023-05-18,999.4000244140624,1000.6500244140624,999.4000244140624,999.989990234375,893.3748779296875,0.0
2023-05-19,1000.0,1000.4000244140624,999.989990234375,1000.0,893.3839721679688,0.0
2023-05-22,1000.0,1000.5999755859376,999.989990234375,999.989990234375,893.3748779296875,0.0
2023-05-23,1030.0,1030.0,999.989990234375,999.989990234375,893.3748779296875,0.0
2023-05-24,999.989990234375,1000.010009765625,999.989990234375,1000.0,893.3839721679688,1183731.0
2023-05-25,1000.0,1000.7999877929688,999.989990234375,1000.0,893.3839721679688,1412309.0
2023-05-26,1000.0,1000.010009765625,981.0,1000.0,893.3839721679688,1718450.0
2023-05-29,1000.0,1000.6500244140624,999.989990234375,999.989990234375,893.3748779296875,1383559.0
2023-05-30,1000.010009765625,1000.010009765625,999.989990234375,1000.0,893.3839721679688,1400346.0
2023-05-31,1000.6900024414062,1000.6900024414062,999.7100219726562,1000.0,898.133056640625,1789706.0
2023-06-01,1000.010009765625,1000.2999877929688,999.989990234375,1000.0,898.133056640625,2134915.0
2023-06-02,1000.0,1000.489990234375,999.510009765625,1000.0,898.133056640625,2050292.0
2023-06-05,1000.0,1000.0599975585938,999.989990234375,999.989990234375,898.1239013671875,2190780.0
2023-06-06,1030.0,1030.0,999.989990234375,1000.0,898.133056640625,1823874.0
2023-06-07,1000.010009765625,1000.010009765625,998.3900146484376,999.989990234375,898.1239013671875,1721282.0
2023-06-08,1000.010009765625,1000.6500244140624,999.989990234375,1000.0,898.133056640625,1729545.0
2023-06-09,1030.0,1030.0,999.5999755859376,999.989990234375,898.1239013671875,2062688.0
2023-06-12,1000.0,1000.6500244140624,999.989990234375,1000.0,898.133056640625,1638759.0
2023-06-13,1000.010009765625,1002.0,999.989990234375,1000.0,898.133056640625,1317394.0
2023-06-14,1005.9000244140624,1005.9000244140624,999.989990234375,1000.0,898.133056640625,1736557.0
2023-06-15,1002.0,1002.0,999.989990234375,1000.0,898.133056640625,1696211.0
2023-06-16,1000.0,1000.5,999.989990234375,1000.0,898.133056640625,1797834.0
2023-06-19,1009.9000244140624,1009.9000244140624,999.989990234375,1000.0,898.133056640625,2060746.0
2023-06-20,1000.0,1000.5999755859376,999.989990234375,999.989990234375,898.1239013671875,1952286.0
2023-06-21,1030.0,1030.0,999.97998046875,1000.0,898.133056640625,1784596.0
2023-06-22,1000.1199951171876,1000.1199951171876,999.989990234375,1000.0,898.133056640625,1530701.0
2023-06-23,999.0,1000.010009765625,999.0,1000.0,898.133056640625,1759755.0
2023-06-26,1000.0,1000.010009765625,999.4500122070312,999.989990234375,898.1239013671875,1738773.0
2023-06-27,1030.0,1030.0,999.989990234375,1000.0,898.133056640625,2099600.0
2023-06-28,1030.0,1030.0,999.4500122070312,1000.0,898.133056640625,2202973.0
2023-06-30,998.4000244140624,1000.010009765625,998.4000244140624,1000.0,902.4368896484376,2520524.0
2023-07-03,1004.9000244140624,1004.9000244140624,999.0,1000.0,902.4368896484376,2577246.0
2023-07-04,1000.0,1000.25,999.989990234375,1000.010009765625,902.4459228515624,3667172.0
2023-07-05,1000.0,1001.010009765625,999.989990234375,1000.0,902.4368896484376,2912571.0
2023-07-06,1000.0,1000.5999755859376,999.4500122070312,1000.030029296875,902.4639892578124,6409153.0
2023-07-07,970.0499877929688,1000.010009765625,970.0499877929688,1000.0,902.4368896484376,11163536.0
2023-07-10,999.989990234375,1000.0,970.0,999.989990234375,902.4278564453124,8036256.0
2023-07-11,999.989990234375,1000.0,999.989990234375,999.989990234375,902.4278564453124,3048375.0
2023-07-12,1000.0,1000.010009765625,999.489990234375,999.989990234375,902.4278564453124,2960982.0
2023-07-13,1000.0,1000.010009765625,970.0,1000.0,902.4368896484376,3249346.0
2023-07-14,1000.0,1000.010009765625,999.989990234375,999.989990234375,902.4278564453124,2436136.0
2023-07-17,1000.0,1000.010009765625,999.989990234375,999.989990234375,902.4278564453124,2694605.0
2023-07-18,1000.0,1000.010009765625,999.989990234375,1000.0,902.4368896484376,2432910.0
2023-07-19,1030.0,1030.0,999.4500122070312,1000.0,902.4368896484376,3484903.0
2023-07-20,1030.0,1030.0,999.989990234375,1000.0,902.4368896484376,1662106.0
2023-07-21,999.989990234375,1000.010009765625,999.989990234375,1000.0,902.4368896484376,1969305.0
2023-07-24,999.989990234375,1000.010009765625,999.989990234375,1000.0,902.4368896484376,2380185.0
2023-07-25,999.0,1000.010009765625,999.0,999.989990234375,902.4278564453124,2022684.0
2023-07-26,999.989990234375,1000.010009765625,999.989990234375,1000.0,902.4368896484376,1784306.0
2023-07-27,970.0,1000.010009765625,970.0,999.989990234375,902.4278564453124,1932322.0
2023-07-28,1000.0,1000.010009765625,999.989990234375,1000.0,902.4368896484376,1871436.0
2023-07-31,1030.0,1030.0,999.2000122070312,999.989990234375,906.5449829101562,1794741.0
2023-08-01,1000.0,1000.010009765625,999.989990234375,1000.0,906.5540771484376,1488843.0
2023-08-02,1030.0,1030.0,999.989990234375,1000.0,906.5540771484376,2092921.0
2023-08-03,1030.0,1030.0,999.7999877929688,1000.0,906.5540771484376,2486533.0
2023-08-04,1000.0,1000.25,999.989990234375,1000.010009765625,906.5631713867188,2435549.0
2023-08-07,1030.0,1030.0,999.989990234375,999.989990234375,906.5449829101562,2416085.0
2023-08-08,1000.010009765625,1000.010009765625,999.989990234375,1000.0,906.5540771484376,1969279.0
2023-08-09,999.989990234375,1000.010009765625,980.0,999.989990234375,906.5449829101562,1553165.0
2023-08-10,999.989990234375,1000.010009765625,999.989990234375,1000.0,906.5540771484376,1962882.0
2023-08-11,970.0,1000.010009765625,970.0,1000.0,906.5540771484376,1750426.0
2023-08-14,1030.0,1030.0,999.989990234375,1000.0,906.5540771484376,2708604.0
2023-08-16,1001.6500244140624,1001.6500244140624,999.989990234375,999.989990234375,906.5449829101562,2079371.0
2023-08-17,999.989990234375,1000.010009765625,999.989990234375,1000.0,906.5540771484376,1404351.0
2023-08-18,1000.010009765625,1000.25,999.989990234375,1000.010009765625,906.5631713867188,3206291.0
2023-08-21,1000.0,1000.010009765625,999.989990234375,999.989990234375,906.5449829101562,1816763.0
2023-08-22,990.2000122070312,1000.010009765625,990.2000122070312,1000.0,906.5540771484376,2237851.0
2023-08-23,1000.0,1000.010009765625,999.989990234375,1000.0,906.5540771484376,2999346.0
2023-08-24,1001.9000244140624,1001.9000244140624,999.989990234375,1000.0,906.5540771484376,4078264.0
2023-08-25,1000.010009765625,1000.010009765625,999.989990234375,1000.0,906.5540771484376,2192571.0
2023-08-28,1000.0,1000.010009765625,999.989990234375,1000.0,906.5540771484376,1825549.0
2023-08-29,1000.0,1000.010009765625,999.0,1000.0,906.5540771484376,1897692.0
2023-08-30,1030.0,1030.0,970.0,999.989990234375,906.5449829101562,1481758.0
2023-08-31,1001.989990234375,1001.989990234375,999.989990234375,1000.0,910.4865112304688,2106122.0
2023-09-01,1001.989990234375,1001.989990234375,999.989990234375,1000.010009765625,910.495361328125,4129505.0
2023-09-04,1001.989990234375,1001.989990234375,999.989990234375,1000.0,910.4865112304688,2115027.0
2023-09-05,1001.75,1001.75,999.989990234375,1000.0,910.4865112304688,1611227.0
2023-09-06,1000.0,1000.010009765625,999.989990234375,1000.0,910.4865112304688,2070170.0
2023-09-07,1001.989990234375,1001.989990234375,999.989990234375,1000.0,910.4865112304688,1685288.0
2023-09-08,1001.989990234375,1001.989990234375,999.989990234375,1000.0,910.4865112304688,2121638.0
2023-09-11,999.989990234375,1000.010009765625,999.989990234375,1000.0,910.4865112304688,1960502.0
2023-09-12,990.2000122070312,1001.2999877929688,990.2000122070312,1000.0,910.4865112304688,4214377.0
2023-09-13,1000.010009765625,1000.010009765625,999.989990234375,999.989990234375,910.4772338867188,2901708.0
2023-09-14,1001.2999877929688,1001.2999877929688,999.989990234375,999.989990234375,910.4772338867188,1981165.0
2023-09-15,1000.0,1000.010009765625,999.989990234375,999.989990234375,910.4772338867188,2526540.0
2023-09-18,1001.989990234375,1001.989990234375,999.989990234375,1000.0,910.4865112304688,3538840.0
2023-09-20,1000.0,1000.010009765625,999.989990234375,999.989990234375,910.4772338867188,4302553.0
2023-09-21,970.0,1001.989990234375,970.0,1000.0,910.4865112304688,2281585.0
2023-09-22,1000.0,1000.010009765625,999.989990234375,1000.0,910.4865112304688,1829589.0
2023-09-25,999.989990234375,1000.010009765625,999.75,999.989990234375,910.4772338867188,2281387.0
2023-09-26,1000.0,1000.6500244140624,999.989990234375,1000.0,910.4865112304688,1848142.0
2023-09-27,1001.989990234375,1001.989990234375,999.989990234375,999.989990234375,910.4772338867188,2369184.0
2023-09-28,1001.0,1001.0,997.0,999.989990234375,910.4772338867188,2064261.0
2023-09-29,1001.0,1001.0,999.5499877929688,1000.02001953125,914.5537109375,3017548.0
2023-10-03,1001.0,1001.0,970.0,1000.0,914.5352783203124,2715228.0
2023-10-04,1001.989990234375,1001.989990234375,999.989990234375,1000.0,914.5352783203124,5119014.0
2023-10-05,1000.0,1000.010009765625,999.989990234375,1000.0,914.5352783203124,6154027.0
2023-10-06,1000.0,1000.010009765625,999.989990234375,1000.0,914.5352783203124,9879034.0
2023-10-09,999.989990234375,1000.0,999.989990234375,999.989990234375,914.5262451171876,7877594.0
2023-10-10,999.989990234375,1000.0,999.989990234375,999.989990234375,914.5262451171876,4395558.0
2023-10-11,1000.0,1000.010009765625,999.989990234375,1000.0,914.5352783203124,2316399.0
2023-10-12,1000.0,1000.010009765625,999.989990234375,1000.0,914.5352783203124,2582862.0
2023-10-13,1000.0,1001.989990234375,999.989990234375,1000.0,914.5352783203124,3763704.0
2023-10-16,1000.010009765625,1000.010009765625,997.0,1000.0,914.5352783203124,2154316.0
2023-10-17,1001.989990234375,1001.989990234375,999.989990234375,1000.0,914.5352783203124,2211714.0
2023-10-18,1000.0,1000.010009765625,999.989990234375,1000.0,914.5352783203124,2776313.0
2023-10-19,1001.989990234375,1001.989990234375,999.989990234375,999.989990234375,914.5262451171876,3538334.0
2023-10-20,1000.0,1000.010009765625,999.989990234375,1000.0,914.5352783203124,1679118.0
2023-10-23,1001.989990234375,1001.989990234375,999.989990234375,999.989990234375,914.5262451171876,2541293.0
2023-10-25,1000.0,1000.010009765625,970.0,999.989990234375,914.5262451171876,3018272.0
2023-10-26,1001.989990234375,1001.989990234375,999.989990234375,999.989990234375,914.5262451171876,2960793.0
2023-10-27,1000.010009765625,1000.010009765625,999.989990234375,1000.0,914.5352783203124,2513174.0
2023-10-30,1000.0,1000.010009765625,999.989990234375,999.989990234375,914.5262451171876,2583800.0
2023-10-31,1000.010009765625,1000.010009765625,999.989990234375,1000.0,918.6604614257812,1747582.0
2023-11-01,1001.989990234375,1001.989990234375,999.989990234375,1000.0,918.6604614257812,1512334.0
2023-11-02,1030.0,1030.0,985.2000122070312,999.989990234375,918.651123046875,2224527.0
2023-11-03,1000.010009765625,1000.010009765625,999.989990234375,1000.0,918.6604614257812,2197156.0
2023-11-06,1000.0,1001.989990234375,997.0,999.989990234375,918.651123046875,3028710.0
2023-11-07,1000.0,1000.010009765625,990.2000122070312,1000.0,918.6604614257812,1364622.0
2023-11-08,1000.0,1000.010009765625,999.0,999.989990234375,918.651123046875,1516490.0
2023-11-09,1001.989990234375,1001.989990234375,999.989990234375,1000.0,918.6604614257812,1535278.0
2023-11-10,1030.0,1030.0,999.989990234375,1000.0,918.6604614257812,2985803.0
2023-11-13,1001.0,1001.0,999.989990234375,1000.0,918.6604614257812,2722338.0
2023-11-15,970.0,1000.010009765625,970.0,999.989990234375,918.651123046875,3135419.0
2023-11-16,1030.0,1030.0,999.989990234375,999.989990234375,918.651123046875,2737257.0
2023-11-17,1030.0,1030.0,999.989990234375,999.989990234375,918.651123046875,2551156.0
2023-11-20,1001.989990234375,1001.989990234375,999.989990234375,1000.0,918.6604614257812,2340163.0
2023-11-21,1000.0,1000.010009765625,999.989990234375,999.989990234375,918.651123046875,1840629.0
2023-11-22,999.989990234375,1000.010009765625,999.989990234375,999.989990234375,918.651123046875,1547943.0
2023-11-23,999.989990234375,1000.010009765625,999.989990234375,1000.0,918.6604614257812,2024775.0
2023-11-24,1000.010009765625,1000.010009765625,999.989990234375,1000.0,918.6604614257812,1402047.0
2023-11-28,999.989990234375,1000.010009765625,999.989990234375,999.989990234375,918.651123046875,1693940.0
2023-11-29,1001.989990234375,1001.989990234375,999.5,1000.0,918.6604614257812,1710116.0
2023-11-30,1004.6500244140624,1004.6500244140624,995.3499755859376,1000.0,922.1909790039062,2067164.0
2023-12-01,1001.989990234375,1001.989990234375,999.989990234375,1000.0,922.1909790039062,2882025.0
2023-12-04,1001.989990234375,1001.989990234375,999.989990234375,999.989990234375,922.1817626953124,3052681.0
2023-12-05,999.989990234375,1000.010009765625,999.989990234375,999.989990234375,922.1817626953124,2196146.0
2023-12-06,1000.0,1003.6500244140624,999.989990234375,1000.0,922.1909790039062,3376749.0
2023-12-07,1000.0,1000.010009765625,999.989990234375,1000.0,922.1909790039062,2448107.0
2023-12-08,1000.0,1000.010009765625,996.3499755859376,1000.0,922.1909790039062,3060307.0
2023-12-11,1000.0,1000.010009765625,997.0,999.989990234375,922.1817626953124,2242118.0
2023-12-12,1000.0,1000.010009765625,999.0,999.989990234375,922.1817626953124,1839224.0
2023-12-13,1000.0,1000.010009765625,999.989990234375,999.989990234375,922.1817626953124,1653660.0
2023-12-14,1000.0,1000.010009765625,996.3499755859376,1000.0,922.1909790039062,2223370.0
2023-12-15,1001.969970703125,1001.969970703125,999.989990234375,1000.0,922.1909790039062,2440224.0
2023-12-18,1001.969970703125,1004.6500244140624,999.989990234375,1000.0,922.1909790039062,2688435.0
2023-12-19,1000.0,1000.9000244140624,999.989990234375,1000.0,922.1909790039062,1971779.0
2023-12-20,1000.0,1000.010009765625,996.3499755859376,1000.0,922.1909790039062,3144203.0
2023-12-21,1000.0,1000.02001953125,999.989990234375,1000.0,922.1909790039062,2686798.0
2023-12-22,1004.6500244140624,1004.6500244140624,999.989990234375,1000.0,922.1909790039062,2347923.0
2023-12-26,999.989990234375,1000.010009765625,999.989990234375,999.989990234375,922.1817626953124,2083374.0
2023-12-27,999.989990234375,1000.010009765625,999.989990234375,1000.0,922.1909790039062,2047169.0
2023-12-28,1000.0,1000.010009765625,999.989990234375,1000.0,922.1909790039062,2110142.0
2023-12-29,1000.0,1003.6500244140624,999.989990234375,1000.0,925.5730590820312,3450372.0
2024-01-01,1004.9000244140624,1004.9000244140624,999.989990234375,1000.0,925.5730590820312,2224313.0
2024-01-02,1000.0,1003.0,999.989990234375,1000.0,925.5730590820312,3933071.0
2024-01-03,1000.010009765625,1000.010009765625,999.989990234375,1000.0,925.5730590820312,3816754.0
2024-01-04,1000.010009765625,1000.010009765625,999.989990234375,1000.0,925.5730590820312,8034703.0
2024-01-05,1000.0,1003.0,999.989990234375,1000.0,925.5730590820312,14496427.0
2024-01-08,1000.0,1000.0,999.989990234375,999.989990234375,925.563720703125,12601054.0
2024-01-09,1000.0,1000.010009765625,995.2999877929688,999.989990234375,925.563720703125,3557518.0
2024-01-10,999.989990234375,1000.010009765625,996.3499755859376,999.989990234375,925.563720703125,3562454.0
2024-01-11,1000.0,1000.010009765625,999.989990234375,1000.0,925.5730590820312,2693688.0
2024-01-12,1000.0,1000.010009765625,997.0,1000.0,925.5730590820312,2772152.0
2024-01-15,1000.0,1004.0,999.989990234375,1000.0,925.5730590820312,2453708.0
2024-01-16,1001.989990234375,1001.989990234375,999.989990234375,1000.0,925.5730590820312,3632743.0
2024-01-17,995.2999877929688,1001.0,995.2999877929688,1000.0,925.5730590820312,3326218.0
2024-01-18,1001.989990234375,1001.989990234375,999.989990234375,999.989990234375,925.563720703125,5646475.0
2024-01-19,1000.0,1000.010009765625,997.0,1000.0,925.5730590820312,2523534.0
2024-01-23,1000.0,1000.010009765625,999.989990234375,999.989990234375,925.563720703125,2598714.0
2024-01-24,1000.0,1000.010009765625,995.2999877929688,1000.0,925.5730590820312,2614826.0
2024-01-25,999.0,1000.010009765625,999.0,1000.0,925.5730590820312,3275555.0
2024-01-29,1002.989990234375,1002.989990234375,999.989990234375,999.989990234375,925.563720703125,2316450.0
2024-01-30,1000.0,1000.25,999.2000122070312,1000.0,925.5730590820312,4127453.0
2024-01-31,1000.0,1000.010009765625,999.989990234375,999.989990234375,929.5768432617188,2325899.0
2024-02-01,1001.0,1001.0,999.989990234375,1000.0,929.586181640625,3860279.0
2024-02-02,999.989990234375,1000.010009765625,999.989990234375,1000.0,929.586181640625,3790036.0
2024-02-05,1000.0,1002.989990234375,999.989990234375,1000.0,929.586181640625,3015376.0
2024-02-06,1000.0,1000.010009765625,999.0,999.989990234375,929.5768432617188,3040371.0
2024-02-07,999.989990234375,1000.010009765625,999.989990234375,999.989990234375,929.5768432617188,2550689.0
2024-02-08,1000.0,1000.010009765625,999.4199829101562,1000.0,929.586181640625,1963522.0
2024-02-09,1000.0,1000.010009765625,999.989990234375,1000.0,929.586181640625,2854848.0
2024-02-12,1000.0,1000.010009765625,999.4500122070312,1000.0,929.586181640625,2392154.0
2024-02-13,1000.0,1001.0,999.989990234375,1000.0,929.586181640625,2236398.0
2024-02-14,1000.0,1000.010009765625,999.989990234375,1000.0,929.586181640625,2365594.0
2024-02-15,997.0,1000.010009765625,997.0,1000.0,929.586181640625,2152377.0
2024-02-16,1000.0,1000.010009765625,999.989990234375,1000.0,929.586181640625,2564103.0
2024-02-19,1002.989990234375,1002.989990234375,999.2000122070312,1000.0,929.586181640625,2653666.0
2024-02-20,1002.989990234375,1002.989990234375,999.989990234375,1000.0,929.586181640625,4138125.0
2024-02-21,1000.0,1000.010009765625,999.989990234375,1000.0,929.586181640625,3368248.0
2024-02-22,1002.989990234375,1002.989990234375,999.989990234375,999.989990234375,929.5768432617188,2205996.0
2024-02-23,1000.0,1000.010009765625,999.989990234375,1000.0,929.586181640625,2950570.0
2024-02-26,1002.6500244140624,1002.6500244140624,999.989990234375,1000.0,929.586181640625,2115550.0
2024-02-27,1000.010009765625,1000.010009765625,999.989990234375,1000.0,929.586181640625,2868371.0
2024-02-28,996.3499755859376,1002.6500244140624,996.3499755859376,1000.0,929.586181640625,3009257.0
2024-02-29,1002.489990234375,1002.489990234375,999.989990234375,1000.0,933.012939453125,2556271.0
2024-03-01,1000.0,1000.010009765625,999.989990234375,999.989990234375,933.0036010742188,4992893.0
2024-03-04,1000.5,1000.5,999.989990234375,999.989990234375,933.0036010742188,4418886.0
2024-03-05,1000.010009765625,1000.010009765625,999.989990234375,1000.0,933.012939453125,2298404.0
2024-03-06,1002.489990234375,1002.489990234375,997.3499755859376,1000.0,933.012939453125,2657695.0
2024-03-07,1000.0,1000.0999755859376,999.989990234375,1000.0,933.012939453125,2314947.0
2024-03-11,999.989990234375,1000.010009765625,999.989990234375,1000.0,933.012939453125,3301282.0
2024-03-12,1001.0,1002.489990234375,999.989990234375,999.989990234375,933.0036010742188,3503873.0
2024-03-13,1000.0,1000.010009765625,999.989990234375,999.989990234375,933.0036010742188,4830847.0
2024-03-14,999.989990234375,1000.010009765625,999.989990234375,1000.0,933.012939453125,3295995.0
2024-03-15,1000.0,1000.010009765625,999.989990234375,1000.0,933.012939453125,4028389.0
2024-03-18,1000.010009765625,1000.010009765625,999.989990234375,999.989990234375,933.0036010742188,3313703.0
2024-03-19,1000.010009765625,1000.010009765625,999.989990234375,1000.0,933.012939453125,3278408.0
2024-03-20,1002.489990234375,1002.489990234375,999.989990234375,999.989990234375,933.0036010742188,2928289.0
2024-03-21,1004.7000122070312,1004.7000122070312,999.989990234375,1000.0,933.012939453125,3827906.0
2024-03-22,1000.0,1001.0,999.989990234375,1000.0,933.012939453125,3372838.0
2024-03-26,1000.0,1001.0,996.0,999.989990234375,933.0036010742188,4794036.0
2024-03-27,1000.0,1001.0,999.4500122070312,999.989990234375,933.0036010742188,3454603.0
2024-03-28,1000.0,1002.989990234375,999.989990234375,1000.0,936.640869140625,3596176.0
2024-04-01,1000.0,1000.010009765625,996.3499755859376,1000.0,936.640869140625,4782731.0
2024-04-02,1000.0,1000.010009765625,999.0,1000.0,936.640869140625,4221933.0
2024-04-03,999.989990234375,1000.010009765625,999.989990234375,1000.0,936.640869140625,3605310.0
2024-04-04,1002.989990234375,1004.7000122070312,999.989990234375,1000.0,936.640869140625,6995119.0
2024-04-05,1000.0,1003.6500244140624,999.989990234375,1000.0,936.640869140625,17173728.0
2024-04-08,1000.0,1000.0,997.6500244140624,999.989990234375,936.6315307617188,13189387.0
2024-04-09,1000.0,1000.0,999.989990234375,999.989990234375,936.6315307617188,4200130.0
2024-04-10,1000.0,1000.010009765625,999.989990234375,1000.0,936.640869140625,3122332.0
2024-04-12,1000.0,1000.010009765625,999.0,1000.0,936.640869140625,3579609.0
2024-04-15,1000.0,1000.010009765625,999.4500122070312,999.989990234375,936.6315307617188,4355742.0
2024-04-16,1000.0,1004.0,999.989990234375,1000.0,936.640869140625,3605775.0
2024-04-18,1000.0,1000.010009765625,999.989990234375,1000.0,936.640869140625,3904846.0
2024-04-19,999.4500122070312,1000.010009765625,999.4500122070312,1000.0,936.640869140625,4344737.0
2024-04-22,999.989990234375,1000.010009765625,999.4500122070312,999.989990234375,936.6315307617188,2286908.0
2024-04-23,999.989990234375,1030.0,996.0,999.989990234375,936.6315307617188,2648333.0
2024-04-24,999.989990234375,1000.5,996.0,999.989990234375,936.6315307617188,4287567.0
2024-04-25,1000.0,1004.7000122070312,995.2999877929688,999.989990234375,936.6315307617188,3963306.0
2024-04-26,1003.6500244140624,1003.6500244140624,999.989990234375,999.989990234375,936.6315307617188,3822558.0
2024-04-29,996.3499755859376,1003.6500244140624,996.3499755859376,1000.0,936.640869140625,3147643.0
2024-04-30,1000.010009765625,1000.010009765625,999.989990234375,1000.0,940.256103515625,2241973.0
2024-05-02,999.1500244140624,1000.010009765625,999.1500244140624,999.989990234375,940.2466430664062,3230909.0
2024-05-03,999.989990234375,1000.0999755859376,999.4500122070312,1000.0,940.256103515625,3028922.0
2024-05-06,1000.0,1000.010009765625,999.9000244140624,1000.0,940.256103515625,2860437.0
2024-05-07,1002.989990234375,1003.6500244140624,999.989990234375,1000.0,940.256103515625,3900448.0
2024-05-08,1000.0,1000.010009765625,999.989990234375,1000.0,940.256103515625,2746699.0
2024-05-09,1000.0,1000.010009765625,998.22998046875,1000.0,940.256103515625,2699151.0
2024-05-10,999.0,1000.010009765625,999.0,1000.0,940.256103515625,2819019.0
2024-05-13,1002.1500244140624,1002.1500244140624,996.5,999.989990234375,940.2466430664062,2267028.0
2024-05-14,1000.6500244140624,1000.6500244140624,999.4500122070312,999.989990234375,940.2466430664062,2432484.0
2024-05-15,1000.5,1002.1500244140624,999.989990234375,999.989990234375,940.2466430664062,2085866.0
2024-05-16,1000.0,1000.010009765625,999.989990234375,1000.0,940.256103515625,2253891.0
2024-05-17,1003.6500244140624,1003.6500244140624,999.989990234375,1000.0,940.256103515625,4142165.0
2024-05-21,1000.0,1000.010009765625,999.989990234375,1000.0,940.256103515625,4552135.0
2024-05-22,1002.989990234375,1002.989990234375,998.0,1000.0,940.256103515625,3431757.0
2024-05-23,1001.0,1002.989990234375,996.3499755859376,1000.0,940.256103515625,2411298.0
2024-05-24,1000.0,1000.010009765625,999.989990234375,999.989990234375,940.2466430664062,3584570.0
2024-05-27,1000.0,1000.010009765625,995.2999877929688,1000.0,940.256103515625,2255934.0
2024-05-28,1002.989990234375,1002.989990234375,999.4500122070312,1000.0,940.256103515625,2357254.0
2024-05-29,1000.0,1002.2999877929688,999.989990234375,1000.0,940.256103515625,2464421.0
2024-05-30,1000.0,1002.989990234375,999.989990234375,1000.0,940.256103515625,5101972.0
2024-05-31,1000.0,1000.010009765625,999.9000244140624,1000.0,943.5755004882812,3812382.0
2024-06-03,999.989990234375,1000.010009765625,998.1500244140624,1000.0,943.5755004882812,3192735.0
2024-06-04,1000.0,1000.010009765625,999.989990234375,1000.0,943.5755004882812,8247682.0
2024-06-05,1000.0,1000.010009765625,999.989990234375,1000.0,943.5755004882812,6927110.0
2024-06-06,1004.7000122070312,1004.7000122070312,999.989990234375,1000.0,943.5755004882812,5970939.0
2024-06-07,1004.7000122070312,1004.7000122070312,999.989990234375,1000.0,943.5755004882812,5747554.0
2024-06-10,1000.0,1003.6400146484376,999.9000244140624,1000.0,943.5755004882812,4775361.0
2024-06-11,1000.0,1000.010009765625,999.4500122070312,999.989990234375,943.56591796875,3751454.0
2024-06-12,1003.4500122070312,1003.4500122070312,999.989990234375,999.989990234375,943.56591796875,3177484.0
2024-06-13,1000.0,1000.010009765625,999.989990234375,1000.0,943.5755004882812,2615514.0
2024-06-14,1002.0,1002.0,999.989990234375,1000.0,943.5755004882812,5852060.0
2024-06-18,1000.0,1001.0,999.989990234375,999.989990234375,943.56591796875,4669329.0
2024-06-19,1000.0,1000.6500244140624,999.989990234375,1000.0,943.5755004882812,3764065.0
2024-06-20,1000.0,1000.6500244140624,999.989990234375,1000.0,943.5755004882812,3872961.0
2024-06-21,1000.0,1002.989990234375,999.989990234375,1000.0,943.5755004882812,4031550.0
2024-06-24,1000.0,1000.6500244140624,999.989990234375,1000.0,943.5755004882812,5386573.0
2024-06-25,1000.0,1000.6500244140624,999.989990234375,1000.0,943.5755004882812,2552277.0
2024-06-26,1000.0,1000.010009765625,999.989990234375,999.989990234375,943.56591796875,3919890.0
2024-06-27,999.989990234375,1000.010009765625,995.2999877929688,1000.0,943.5755004882812,3751597.0
2024-06-28,1000.0,1000.010009765625,998.25,999.989990234375,946.9014282226562,6510383.0
2024-07-01,999.989990234375,1000.010009765625,998.25,999.989990234375,946.9014282226562,4448101.0
2024-07-02,999.469970703125,1000.6500244140624,999.469970703125,1000.0,946.9109497070312,3666522.0
2024-07-03,1000.0,1001.6500244140624,999.989990234375,1000.0,946.9109497070312,4453767.0
2024-07-04,1000.0,1001.6500244140624,999.989990234375,1000.0,946.9109497070312,7984988.0
2024-07-05,1000.010009765625,1000.010009765625,999.989990234375,1000.0,946.9109497070312,17344364.0
2024-07-08,1000.0,1000.0,997.1500244140624,999.989990234375,946.9014282226562,16861105.0
2024-07-09,999.4600219726562,1000.0,999.4500122070312,999.989990234375,946.9014282226562,3629049.0
2024-07-10,1000.0,1001.0,999.989990234375,1000.0,946.9109497070312,3267087.0
2024-07-11,1002.25,1002.25,999.989990234375,999.989990234375,946.9014282226562,3339635.0
2024-07-12,999.97998046875,1000.010009765625,999.4500122070312,1000.0,946.9109497070312,4889523.0
2024-07-15,1000.0,1000.010009765625,999.989990234375,999.989990234375,946.9014282226562,3601129.0
2024-07-16,1000.0,1000.010009765625,998.5,1000.0,946.9109497070312,2800445.0
2024-07-18,999.989990234375,1000.010009765625,999.989990234375,1000.0,946.9109497070312,2608786.0
2024-07-19,1000.0,1000.010009765625,999.989990234375,1000.0,946.9109497070312,6146616.0
2024-07-22,1000.0,1000.010009765625,999.989990234375,999.989990234375,946.9014282226562,6193156.0
2024-07-23,1000.0,1000.010009765625,999.989990234375,999.989990234375,946.9014282226562,2937668.0
2024-07-24,1000.0,1002.25,999.989990234375,1000.0,946.9109497070312,2865245.0
2024-07-25,1000.0,1000.010009765625,999.4500122070312,999.989990234375,946.9014282226562,4976639.0
2024-07-26,999.989990234375,1000.010009765625,998.6500244140624,999.989990234375,946.9014282226562,4399027.0
2024-07-29,1000.0,1000.6500244140624,999.989990234375,999.989990234375,946.9014282226562,6280886.0
2024-07-30,999.989990234375,1000.010009765625,999.989990234375,999.989990234375,946.9014282226562,2737228.0
2024-07-31,1000.0,1000.010009765625,999.989990234375,999.989990234375,950.1828002929688,3254243.0
2024-08-01,999.989990234375,1000.6500244140624,970.0,1000.0,950.1923217773438,3470617.0
2024-08-02,1000.0,1000.010009765625,999.989990234375,1000.0,950.1923217773438,3363646.0
2024-08-05,1000.0,1000.010009765625,995.0,999.989990234375,950.1828002929688,5057154.0
2024-08-06,999.989990234375,1000.010009765625,999.989990234375,1000.0,950.1923217773438,3795438.0
2024-08-07,1000.0,1000.010009765625,999.4500122070312,1000.0,950.1923217773438,2553313.0
2024-08-08,1000.0,1000.010009765625,999.989990234375,1000.0,950.1923217773438,3358466.0
2024-08-09,1000.0,1000.010009765625,999.989990234375,999.989990234375,950.1828002929688,2849038.0
2024-08-12,1000.0,1000.010009765625,997.6500244140624,999.989990234375,950.1828002929688,3167644.0
2024-08-13,1000.0,1001.0,999.97998046875,1000.0,950.1923217773438,4702074.0
2024-08-14,1000.0,1000.6500244140624,999.989990234375,1000.0,950.1923217773438,3351819.0
2024-08-16,999.989990234375,1000.010009765625,999.4500122070312,1000.0,950.1923217773438,2573434.0
2024-08-19,999.989990234375,1000.010009765625,997.6500244140624,999.989990234375,950.1828002929688,2683911.0
2024-08-20,1000.0,1000.010009765625,998.6500244140624,999.989990234375,950.1828002929688,2986145.0
2024-08-21,1000.0,1000.010009765625,997.6500244140624,999.989990234375,950.1828002929688,3030379.0
2024-08-22,999.9000244140624,1000.010009765625,999.260009765625,1000.0,950.1923217773438,2478853.0
2024-08-23,1000.0,1000.010009765625,999.989990234375,1000.0,950.1923217773438,3567572.0
2024-08-26,999.989990234375,1000.010009765625,999.4500122070312,1000.0,950.1923217773438,2406589.0
2024-08-27,1000.0,1001.6500244140624,999.989990234375,1000.0,950.1923217773438,1888320.0
2024-08-28,1000.0,1000.010009765625,999.989990234375,1000.0,950.1923217773438,2902776.0
2024-08-29,995.0,1000.010009765625,995.0,1000.0,950.1923217773438,3806822.0
2024-08-30,999.9000244140624,1000.010009765625,999.4500122070312,1000.0,953.2958984375,5654992.0
2024-09-02,1000.0,1000.010009765625,999.989990234375,1000.0,953.2958984375,4190155.0
2024-09-03,1000.0,1000.010009765625,999.989990234375,1000.0,953.2958984375,4648695.0
2024-09-04,1000.010009765625,1030.0,999.989990234375,1000.0,953.2958984375,3407358.0
2024-09-05,999.989990234375,1000.010009765625,999.969970703125,999.989990234375,953.286376953125,2685496.0
2024-09-06,1000.0,1000.010009765625,999.989990234375,1000.0,953.2958984375,5341288.0
2024-09-09,1000.0,1000.010009765625,995.0,999.989990234375,953.286376953125,3034901.0
2024-09-10,999.989990234375,1000.010009765625,999.4500122070312,1000.0,953.2958984375,2698651.0
2024-09-11,999.97998046875,1000.010009765625,999.97998046875,1000.0,953.2958984375,2998829.0
2024-09-12,1000.0,1000.010009765625,999.989990234375,999.989990234375,953.286376953125,2825699.0
2024-09-13,1001.6500244140624,1001.6500244140624,999.989990234375,1000.0,953.2958984375,2727263.0
2024-09-16,999.989990234375,1001.6500244140624,999.989990234375,999.989990234375,953.286376953125,2957531.0
2024-09-17,1000.0,1000.010009765625,995.0,1000.0,953.2958984375,2975225.0
2024-09-18,1000.0,1000.010009765625,999.989990234375,1000.0,953.2958984375,3843192.0
2024-09-19,1000.0,1000.010009765625,999.989990234375,1000.0,953.2958984375,3829030.0
2024-09-20,999.989990234375,1000.010009765625,999.989990234375,1000.0,953.2958984375,4138316.0
2024-09-23,999.97998046875,1000.010009765625,997.0,1000.0,953.2958984375,2939614.0
2024-09-24,1000.0,1004.7000122070312,999.989990234375,999.989990234375,953.286376953125,3257370.0
2024-09-25,1000.0,1000.010009765625,999.989990234375,1000.0,953.2958984375,3109280.0
2024-09-26,1000.0,1001.6500244140624,999.989990234375,999.989990234375,953.286376953125,3600482.0
2024-09-27,999.989990234375,1000.010009765625,995.3499755859376,999.989990234375,953.286376953125,5206603.0
2024-09-30,999.989990234375,1000.010009765625,999.989990234375,999.989990234375,956.7518920898438,5481566.0
2024-10-01,1000.0,1000.010009765625,999.989990234375,1000.0,956.7615356445312,5250163.0
2024-10-03,999.989990234375,1000.010009765625,999.989990234375,1000.0,956.7615356445312,9514460.0
2024-10-04,1000.0,1001.6500244140624,999.989990234375,1000.0,956.7615356445312,17293198.0
2024-10-07,1000.0,1000.0,999.989990234375,999.989990234375,956.7518920898438,14619169.0
2024-10-08,999.9000244140624,1000.010009765625,998.5,999.989990234375,956.7518920898438,6228857.0
2024-10-09,999.0,1000.010009765625,995.2999877929688,999.989990234375,956.7518920898438,4632763.0
2024-10-10,999.989990234375,1001.5,999.5,999.989990234375,956.7518920898438,3081356.0
2024-10-11,999.989990234375,1000.010009765625,999.989990234375,999.989990234375,956.7518920898438,2239016.0
2024-10-14,998.5,1000.010009765625,998.5,1000.0,956.7615356445312,2196873.0
2024-10-15,1000.0,1000.010009765625,999.989990234375,999.989990234375,956.7518920898438,3368879.0
2024-10-16,1000.0,1000.010009765625,999.4500122070312,999.989990234375,956.7518920898438,2814624.0
2024-10-17,1000.0,1001.5,999.989990234375,999.989990234375,956.7518920898438,1688577.0
2024-10-18,999.989990234375,1000.010009765625,999.989990234375,1000.0,956.7615356445312,2121043.0
2024-10-21,1000.0,1000.010009765625,999.989990234375,1000.0,956.7615356445312,4415085.0
2024-10-22,1000.0,1000.010009765625,999.989990234375,999.989990234375,956.7518920898438,3858801.0
2024-10-23,1000.0,1000.010009765625,999.989990234375,999.989990234375,956.7518920898438,3495594.0
2024-10-24,999.97998046875,1000.010009765625,999.97998046875,1000.0,956.7615356445312,3186630.0
2024-10-25,999.989990234375,1000.010009765625,999.989990234375,1000.0,956.7615356445312,4020262.0
2024-10-28,1000.0,1000.010009765625,999.4500122070312,999.989990234375,956.7518920898438,2795042.0
2024-10-29,1000.0,1000.010009765625,999.989990234375,1000.0,956.7615356445312,2701613.0
2024-10-30,999.969970703125,1000.010009765625,999.9600219726562,999.989990234375,956.7518920898438,3297047.0
2024-10-31,1000.0,1000.010009765625,998.5,1000.0,960.4661254882812,4782773.0
2024-11-01,1000.0,1000.0,1000.0,1000.0,960.4661254882812,0.0
2024-11-04,999.4500122070312,1001.5,999.4500122070312,1000.0,960.4661254882812,3014622.0
2024-11-05,1000.0,1000.010009765625,999.989990234375,999.989990234375,960.4564208984376,3141101.0
2024-11-06,999.97998046875,1000.010009765625,995.2999877929688,999.989990234375,960.4564208984376,4659642.0
2024-11-07,1000.0,1003.6500244140624,996.3499755859376,1000.0,960.4661254882812,2129573.0
2024-11-08,1000.0,1000.010009765625,999.989990234375,1000.0,960.4661254882812,4063235.0
2024-11-11,999.989990234375,1000.010009765625,997.0,999.989990234375,960.4564208984376,3491693.0
2024-11-12,995.0,1000.010009765625,995.0,1000.0,960.4661254882812,3652828.0
2024-11-13,1000.0,1000.010009765625,999.22998046875,999.989990234375,960.4564208984376,3461236.0
2024-11-14,995.2999877929688,1000.010009765625,995.2999877929688,1000.0,960.4661254882812,3138633.0
2024-11-18,1004.7000122070312,1004.7000122070312,999.219970703125,1000.0,960.4661254882812,3294205.0
2024-11-19,1000.0,1000.010009765625,997.0999755859376,1000.0,960.4661254882812,3533521.0
2024-11-21,1000.0,1000.010009765625,999.7000122070312,1000.0,960.4661254882812,2902147.0
2024-11-22,1000.0,1001.6500244140624,999.989990234375,999.989990234375,960.4564208984376,2918661.0
2024-11-25,999.97998046875,1000.010009765625,999.4500122070312,999.989990234375,960.4564208984376,5226359.0
2024-11-26,1000.0,1000.010009765625,995.2999877929688,1000.0,960.4661254882812,2906275.0
2024-11-27,1000.0,1000.010009765625,999.989990234375,1000.0,960.4661254882812,2371431.0
2024-11-28,1004.7000122070312,1004.7000122070312,999.989990234375,1000.0,960.4661254882812,2739316.0
2024-11-29,997.0999755859376,1001.6500244140624,997.0999755859376,999.989990234375,963.7972412109376,5253200.0
2024-12-02,1001.6500244140624,1001.6500244140624,999.989990234375,999.989990234375,963.7972412109376,5823840.0
2024-12-03,1000.0,1000.010009765625,999.989990234375,1000.0,963.8070068359376,2523617.0
2024-12-04,999.989990234375,1000.010009765625,999.989990234375,1000.0,963.8070068359376,3574135.0
2024-12-05,999.97998046875,1000.010009765625,999.4500122070312,1000.0,963.8070068359376,2376561.0
2024-12-06,999.989990234375,1000.010009765625,999.4500122070312,999.989990234375,963.7972412109376,3643021.0
2024-12-09,1000.0,1000.010009765625,999.989990234375,1000.0,963.8070068359376,3483276.0
2024-12-10,1000.0,1000.010009765625,999.9000244140624,999.989990234375,963.7972412109376,2899100.0
2024-12-11,1000.0,1000.010009765625,999.989990234375,999.989990234375,963.7972412109376,2356268.0
2024-12-12,999.989990234375,1000.010009765625,999.4500122070312,1000.0,963.8070068359376,2778608.0
2024-12-13,1000.010009765625,1000.010009765625,999.989990234375,1000.0,963.8070068359376,3225545.0
2024-12-16,1000.0,1001.5499877929688,999.989990234375,999.989990234375,963.7972412109376,3384205.0
2024-12-17,1000.0,1000.010009765625,999.989990234375,1000.0,963.8070068359376,2973094.0
2024-12-18,1000.0,1000.010009765625,999.989990234375,1000.0,963.8070068359376,4241403.0
2024-12-19,1000.0,1000.010009765625,999.989990234375,1000.0,963.8070068359376,1970269.0
2024-12-20,1000.0,1001.5499877929688,997.0,1000.0,963.8070068359376,4379493.0
2024-12-23,995.2999877929688,1001.6500244140624,995.2999877929688,1000.0,963.8070068359376,2361473.0
2024-12-24,997.0,1000.010009765625,997.0,999.989990234375,963.7972412109376,2380725.0
2024-12-26,1000.010009765625,1000.010009765625,997.0,1000.0,963.8070068359376,3777482.0
2024-12-27,999.97998046875,1000.010009765625,997.0,999.989990234375,963.7972412109376,4282507.0
2024-12-30,1000.0,1000.010009765625,999.4600219726562,999.989990234375,963.7972412109376,5304108.0
2024-12-31,1000.0,1000.010009765625,999.989990234375,1000.0,967.6925659179688,2321563.0
2025-01-01,1000.0,1000.010009765625,999.9000244140624,1000.0,967.6925659179688,2464836.0
2025-01-02,999.989990234375,1000.010009765625,999.75,1000.0,967.6925659179688,5336591.0
2025-01-03,1000.0,1000.010009765625,999.989990234375,1000.0,967.6925659179688,12445125.0
2025-01-06,1000.0,1000.0,998.5,999.989990234375,967.6827392578124,10246935.0
2025-01-07,1000.0,1000.010009765625,999.0,1000.0,967.6925659179688,3205589.0
2025-01-08,1000.0999755859376,1000.0999755859376,999.97998046875,1000.0,967.6925659179688,6634462.0
2025-01-09,999.6599731445312,1000.010009765625,999.6599731445312,999.989990234375,967.6827392578124,5940965.0
2025-01-10,1000.0,1000.010009765625,998.510009765625,1000.0,967.6925659179688,2643186.0
2025-01-13,1000.0,1000.010009765625,999.989990234375,1000.0,967.6925659179688,3825869.0
2025-01-14,999.989990234375,1000.010009765625,998.5,999.989990234375,967.6827392578124,2972436.0
2025-01-15,1000.0,1000.010009765625,999.989990234375,1000.0,967.6925659179688,2863068.0
2025-01-16,1000.0,1000.010009765625,998.5,999.989990234375,967.6827392578124,2285497.0
2025-01-17,1000.0,1000.010009765625,999.989990234375,1000.0,967.6925659179688,3153956.0
2025-01-20,1000.0,1000.010009765625,999.510009765625,1000.0,967.6925659179688,2610327.0
2025-01-21,1000.0,1000.010009765625,999.4500122070312,1000.0,967.6925659179688,2950936.0
2025-01-22,995.5599975585938,1000.010009765625,995.5599975585938,999.989990234375,967.6827392578124,3587688.0
2025-01-23,1000.0,1000.3599853515624,999.989990234375,999.989990234375,967.6827392578124,4247302.0
2025-01-24,999.989990234375,1000.010009765625,999.0900268554688,1000.0,967.6925659179688,3022484.0
2025-01-27,1000.0,1000.010009765625,999.260009765625,999.989990234375,967.6827392578124,5262695.0
2025-01-28,1000.0,1000.010009765625,999.3300170898438,1000.0,967.6925659179688,4232513.0
2025-01-29,1000.0,1000.010009765625,999.9000244140624,1000.0,967.6925659179688,2600576.0
2025-01-30,999.989990234375,1000.010009765625,999.469970703125,1000.0,967.6925659179688,5468713.0
2025-01-31,1000.0,1000.010009765625,999.989990234375,1000.0,972.4990234375,2913028.0
2025-02-01,1000.0,1000.010009765625,999.4600219726562,999.989990234375,972.4891357421876,1612872.0
2025-02-03,999.5599975585938,1000.010009765625,999.5599975585938,999.989990234375,972.4891357421876,4219952.0
2025-02-04,999.5700073242188,1000.010009765625,999.5700073242188,999.989990234375,972.4891357421876,2607020.0
2025-02-05,1000.6599731445312,1000.6599731445312,999.989990234375,1000.0,972.4990234375,2292602.0
2025-02-06,1000.0,1001.5499877929688,999.5900268554688,1000.0,972.4990234375,2013772.0
2025-02-07,1000.0,1000.010009765625,999.989990234375,1000.0,972.4990234375,3101652.0
2025-02-10,999.6599731445312,1000.010009765625,999.6599731445312,1000.0,972.4990234375,1887664.0
2025-02-11,1000.0,1000.010009765625,999.7100219726562,999.989990234375,972.4891357421876,2273814.0
2025-02-12,999.5399780273438,1000.010009765625,999.5399780273438,999.989990234375,972.4891357421876,3908790.0
2025-02-13,1000.6599731445312,1000.6599731445312,999.989990234375,1000.0,972.4990234375,2680283.0
2025-02-14,1000.0,1000.010009765625,997.5,1000.0,972.4990234375,3962813.0
2025-02-17,1000.0,1000.010009765625,998.6599731445312,1000.0,972.4990234375,4985112.0
2025-02-18,1030.0,1030.0,999.989990234375,1000.0,972.4990234375,4114985.0
2025-02-19,1000.0,1000.010009765625,999.4500122070312,1000.0,972.4990234375,2120901.0
2025-02-20,999.989990234375,1000.010009765625,999.0,999.989990234375,972.4891357421876,2588303.0
2025-02-21,999.989990234375,1000.010009765625,999.97998046875,1000.0,972.4990234375,3543621.0
2025-02-24,1000.989990234375,1000.989990234375,999.989990234375,999.989990234375,972.4891357421876,3250239.0
2025-02-25,1001.5499877929688,1001.5499877929688,999.989990234375,999.989990234375,972.4891357421876,2225875.0
2025-02-27,999.989990234375,1001.5499877929688,999.989990234375,1000.0,972.4990234375,5124893.0
2025-02-28,1000.0,1000.010009765625,997.5,1000.0,976.0646362304688,4073941.0
2025-03-03,1000.010009765625,1000.010009765625,999.4500122070312,999.989990234375,976.0548095703124,5321286.0
2025-03-04,1000.989990234375,1000.989990234375,999.989990234375,999.989990234375,976.0548095703124,2479769.0
2025-03-05,1000.0,1000.010009765625,999.3300170898438,999.989990234375,976.0548095703124,3791825.0
2025-03-06,1000.9600219726562,1000.9600219726562,999.97998046875,1000.0,976.0646362304688,3279734.0
2025-03-07,1000.0,1000.8800048828124,999.989990234375,1000.0,976.0646362304688,3803904.0
2025-03-10,1000.0,1000.9600219726562,999.989990234375,1000.0,976.0646362304688,4529787.0
2025-03-11,999.989990234375,1000.010009765625,995.2999877929688,999.989990234375,976.0548095703124,3868661.0
2025-03-12,999.989990234375,1000.010009765625,999.989990234375,1000.0,976.0646362304688,2381581.0
2025-03-13,1003.0,1003.0,999.989990234375,1000.0,976.0646362304688,2795144.0
2025-03-17,1000.0,1000.010009765625,999.989990234375,999.989990234375,976.0548095703124,3978630.0
2025-03-18,999.989990234375,999.989990234375,999.989990234375,999.989990234375,976.0548095703124,0.0
2025-03-19,1000.0,1000.010009765625,999.5,1000.0,976.0646362304688,3132736.0
2025-03-20,1000.0,1000.010009765625,999.530029296875,1000.0,976.0646362304688,3179569.0
2025-03-21,1001.5499877929688,1001.5499877929688,999.5599975585938,1000.0,976.0646362304688,4114816.0
2025-03-24,1000.010009765625,1000.010009765625,999.989990234375,1000.0,976.0646362304688,4150893.0
2025-03-25,999.989990234375,1000.9299926757812,999.989990234375,1000.0,976.0646362304688,4379826.0
2025-03-26,1000.8599853515624,1000.8599853515624,999.989990234375,999.989990234375,976.0548095703124,2579221.0
2025-03-27,999.989990234375,1000.010009765625,999.989990234375,999.989990234375,976.0548095703124,4514266.0
2025-03-28,1000.0,1000.010009765625,999.989990234375,1000.0,980.0729370117188,3896815.0
2025-04-01,1000.0,1000.010009765625,999.989990234375,999.989990234375,980.0631713867188,3607622.0
2025-04-02,1000.010009765625,1000.010009765625,999.989990234375,999.989990234375,980.0631713867188,4648565.0
2025-04-03,1000.010009765625,1000.010009765625,999.989990234375,1000.0,980.0729370117188,6694564.0
2025-04-04,999.989990234375,1000.010009765625,999.989990234375,1000.0,980.0729370117188,18066564.0
2025-04-07,999.97998046875,1000.0,998.6500244140624,999.989990234375,980.0631713867188,15263249.0
2025-04-08,997.5,1000.010009765625,997.5,999.989990234375,980.0631713867188,4505557.0
2025-04-09,999.989990234375,1000.010009765625,999.989990234375,1000.0,980.0729370117188,4325056.0
2025-04-11,1000.0,1000.010009765625,999.4500122070312,1000.0,980.0729370117188,3243046.0
2025-04-15,1000.0,1000.5,999.989990234375,1000.0,980.0729370117188,6409280.0
2025-04-16,1000.0,1000.010009765625,999.989990234375,1000.0,980.0729370117188,4167075.0
2025-04-17,1000.0,1000.4600219726562,999.989990234375,1000.0,980.0729370117188,4090040.0
2025-04-21,1000.0,1000.010009765625,999.5599975585938,1000.0,980.0729370117188,4034697.0
2025-04-22,1000.4500122070312,1000.4500122070312,999.989990234375,1000.0,980.0729370117188,3254614.0
2025-04-23,1000.0,1000.010009765625,999.989990234375,999.989990234375,980.0631713867188,3114054.0
2025-04-24,1000.0,1000.010009765625,999.989990234375,1000.0,980.0729370117188,5673334.0
2025-04-25,1000.0,1000.010009765625,999.989990234375,1000.0,980.0729370117188,3866076.0
2025-04-28,1001.5499877929688,1001.5499877929688,999.6599731445312,999.989990234375,980.0631713867188,3628016.0
2025-04-29,1000.010009765625,1000.6599731445312,999.989990234375,999.989990234375,980.0631713867188,2678698.0
2025-04-30,999.989990234375,1000.010009765625,999.989990234375,1000.0,983.5533447265624,3737677.0
2025-05-02,1000.010009765625,1000.010009765625,999.4500122070312,999.989990234375,983.5435180664062,1803943.0
2025-05-05,1000.0,1000.010009765625,999.4500122070312,999.989990234375,983.5435180664062,4058729.0
2025-05-06,999.989990234375,1000.010009765625,999.989990234375,1000.0,983.5533447265624,3888844.0
2025-05-07,1000.6599731445312,1000.6599731445312,999.989990234375,999.989990234375,983.5435180664062,3746057.0
2025-05-08,1000.4400024414062,1000.4400024414062,999.989990234375,1000.0,983.5533447265624,4214413.0
2025-05-09,999.989990234375,1000.010009765625,999.1099853515624,1000.0,983.5533447265624,2914237.0
2025-05-12,1000.8800048828124,1000.8800048828124,999.989990234375,999.989990234375,983.5435180664062,6504982.0
2025-05-13,999.5999755859376,1000.010009765625,999.5999755859376,999.989990234375,983.5435180664062,2490154.0
2025-05-14,1000.6599731445312,1001.5499877929688,999.989990234375,999.989990234375,983.5435180664062,2660864.0
2025-05-15,1000.0,1000.010009765625,999.989990234375,1000.0,983.5533447265624,2588090.0
2025-05-16,1000.0,1000.010009765625,999.989990234375,1000.0,983.5533447265624,3098335.0
2025-05-19,999.989990234375,1000.9600219726562,999.989990234375,1000.0,983.5533447265624,4518552.0
2025-05-20,1000.0,1000.6599731445312,999.989990234375,999.989990234375,983.5435180664062,3620619.0
2025-05-21,1000.010009765625,1000.010009765625,999.989990234375,1000.0,983.5533447265624,2793052.0
2025-05-22,1000.0,1000.010009765625,999.989990234375,1000.0,983.5533447265624,2666477.0
2025-05-23,1000.010009765625,1000.010009765625,999.989990234375,999.989990234375,983.5435180664062,3092411.0
2025-05-26,1000.0,1000.010009765625,999.989990234375,1000.0,983.5533447265624,3655300.0
2025-05-27,1000.8800048828124,1000.8800048828124,999.989990234375,999.989990234375,983.5435180664062,3945218.0
2025-05-28,999.989990234375,1000.010009765625,999.989990234375,999.989990234375,983.5435180664062,1770583.0
2025-05-29,1000.0,1000.2000122070312,999.989990234375,1000.0,983.5533447265624,5230750.0
2025-05-30,1001.5499877929688,1001.5499877929688,999.989990234375,1000.0,987.09326171875,3045107.0
2025-06-02,1000.0,1000.010009765625,999.989990234375,999.989990234375,987.0833740234376,4186099.0
2025-06-03,997.5,1001.5499877929688,997.5,999.989990234375,987.0833740234376,3486196.0
2025-06-04,1000.0999755859376,1000.0999755859376,999.989990234375,999.989990234375,987.0833740234376,1604054.0
2025-06-05,999.989990234375,1000.010009765625,999.989990234375,1000.0,987.09326171875,2138788.0
2025-06-06,1000.0,1000.010009765625,999.989990234375,1000.0,987.09326171875,3412668.0
2025-06-09,1000.0,1000.0999755859376,999.989990234375,1000.0,987.09326171875,2257366.0
2025-06-10,1000.0,1000.010009765625,999.1099853515624,1000.0,987.09326171875,2517360.0
2025-06-11,999.989990234375,1000.010009765625,999.989990234375,1000.0,987.09326171875,2186349.0
2025-06-12,999.989990234375,1000.010009765625,999.219970703125,1000.0,987.09326171875,3613767.0
2025-06-13,999.219970703125,1000.010009765625,999.219970703125,1000.0,987.09326171875,8161078.0
2025-06-16,999.989990234375,1000.010009765625,999.989990234375,999.989990234375,987.0833740234376,1802281.0
2025-06-17,999.989990234375,1000.010009765625,999.219970703125,1000.0,987.09326171875,2016257.0
2025-06-18,999.989990234375,1000.010009765625,999.989990234375,999.989990234375,987.0833740234376,1744417.0
2025-06-19,999.3300170898438,1000.010009765625,999.3300170898438,1000.0,987.09326171875,2821123.0
2025-06-20,1000.0,1000.010009765625,970.0,999.989990234375,987.0833740234376,4146243.0
2025-06-23,995.2999877929688,1000.5,995.2999877929688,999.989990234375,987.0833740234376,3603645.0
2025-06-24,999.989990234375,1000.010009765625,999.989990234375,999.989990234375,987.0833740234376,2091285.0
2025-06-25,1000.0,1000.010009765625,999.989990234375,1000.0,987.09326171875,2058465.0
2025-06-26,999.989990234375,1000.010009765625,999.989990234375,999.989990234375,987.0833740234376,6810573.0
2025-06-27,1000.0,1000.010009765625,997.3499755859376,1000.0,987.09326171875,4233463.0
2025-06-30,1000.0,1001.5499877929688,999.989990234375,999.989990234375,990.2294311523438,3654645.0
2025-07-01,1000.0,1000.010009765625,999.989990234375,1000.0,990.2393798828124,2538487.0
2025-07-02,1000.5,1000.5,997.5,999.989990234375,990.2294311523438,4654085.0
2025-07-03,1000.0,1000.010009765625,999.989990234375,1000.0,990.2393798828124,5320239.0
2025-07-04,1000.0,1000.5,999.989990234375,1000.0,990.2393798828124,13514627.0
2025-07-07,1000.0,1000.0,999.219970703125,999.989990234375,990.2294311523438,9610167.0
2025-07-08,1000.0,1000.0,999.4500122070312,999.989990234375,990.2294311523438,3436931.0
2025-07-09,1000.0,1000.0,999.6599731445312,999.989990234375,990.2294311523438,2593059.0
2025-07-10,999.719970703125,1000.010009765625,999.719970703125,1000.0,990.2393798828124,2332340.0
2025-07-11,1000.010009765625,1000.010009765625,999.989990234375,1000.0,990.2393798828124,3607325.0
2025-07-14,999.3599853515624,1000.010009765625,999.3599853515624,999.989990234375,990.2294311523438,3408645.0
2025-07-15,1000.0,1000.010009765625,999.989990234375,999.989990234375,990.2294311523438,2498951.0
2025-07-16,1000.0,1000.010009765625,999.989990234375,1000.0,990.2393798828124,2068046.0
2025-07-17,999.989990234375,1000.010009765625,999.510009765625,999.989990234375,990.2294311523438,2413011.0
2025-07-18,999.989990234375,1001.5499877929688,999.989990234375,1000.0,990.2393798828124,1629206.0
2025-07-21,999.989990234375,1000.010009765625,999.989990234375,999.989990234375,990.2294311523438,1794214.0
2025-07-22,1000.0,1000.010009765625,999.989990234375,1000.0,990.2393798828124,2940228.0
2025-07-23,1001.5499877929688,1001.5499877929688,999.989990234375,999.989990234375,990.2294311523438,1729881.0
2025-07-24,999.989990234375,1000.010009765625,999.4500122070312,1000.0,990.2393798828124,1773644.0
2025-07-25,1000.0,1000.010009765625,999.4500122070312,1000.0,990.2393798828124,4470074.0
2025-07-28,1000.0,1000.010009765625,999.52001953125,999.989990234375,990.2294311523438,1984476.0
2025-07-29,1000.0,1000.010009765625,999.989990234375,999.989990234375,990.2294311523438,5296033.0
2025-07-30,1000.0,1000.010009765625,999.989990234375,1000.0,990.2393798828124,3305094.0
2025-07-31,1000.0,1000.010009765625,999.989990234375,1000.0,993.8683471679688,6094319.0
2025-08-01,999.989990234375,1000.010009765625,999.989990234375,999.989990234375,993.8583984375,3336184.0
2025-08-04,1000.9600219726562,1000.9600219726562,999.989990234375,999.989990234375,993.8583984375,4250654.0
2025-08-05,1001.5499877929688,1001.5499877929688,999.4500122070312,1000.0,993.8683471679688,3118805.0
2025-08-06,999.989990234375,1000.0999755859376,999.989990234375,999.989990234375,993.8583984375,3103421.0
2025-08-07,999.989990234375,1000.010009765625,999.989990234375,999.989990234375,993.8583984375,3634966.0
2025-08-08,1000.0,1000.8800048828124,999.989990234375,1000.0,993.8683471679688,2064005.0
2025-08-11,1000.0,1000.010009765625,999.989990234375,999.989990234375,993.8583984375,3263191.0
2025-08-12,1000.0,1000.010009765625,999.989990234375,1000.0,993.8683471679688,1885517.0
2025-08-13,999.4500122070312,1000.010009765625,999.4500122070312,999.989990234375,993.8583984375,1558738.0
2025-08-14,999.989990234375,1000.010009765625,999.989990234375,1000.0,993.8683471679688,3184379.0
2025-08-18,1000.0,1000.010009765625,998.0,999.989990234375,993.8583984375,2549396.0
2025-08-19,1000.9299926757812,1000.9299926757812,999.989990234375,999.989990234375,993.8583984375,1862542.0
2025-08-20,1000.0,1000.010009765625,999.989990234375,1000.0,993.8683471679688,2600595.0
2025-08-21,1000.0,1001.5499877929688,999.4500122070312,1000.0,993.8683471679688,4060410.0
2025-08-22,1000.0,1000.010009765625,999.75,1000.0,993.8683471679688,2485974.0
2025-08-25,999.1099853515624,1000.9600219726562,999.1099853515624,999.989990234375,993.8583984375,1833682.0
2025-08-26,1000.0,1000.8800048828124,999.989990234375,999.989990234375,993.8583984375,2704602.0
2025-08-28,999.4500122070312,1000.010009765625,999.4500122070312,999.989990234375,993.8583984375,5506871.0
2025-08-29,999.989990234375,1000.010009765625,999.4500122070312,1000.0,996.9228515625,3507471.0
2025-09-01,1000.0,1000.010009765625,999.989990234375,999.989990234375,996.912841796875,3661711.0
2025-09-02,1000.0,1000.010009765625,999.989990234375,999.989990234375,996.912841796875,2693635.0
2025-09-03,999.989990234375,1000.010009765625,999.510009765625,999.989990234375,996.912841796875,3057207.0
2025-09-04,999.989990234375,1000.010009765625,999.989990234375,1000.0,996.9228515625,2045966.0
2025-09-05,1000.0,1000.010009765625,999.989990234375,999.989990234375,996.912841796875,1699291.0
2025-09-08,999.5599975585938,1000.2999877929688,999.5599975585938,999.989990234375,996.912841796875,3076631.0
2025-09-09,999.989990234375,1000.010009765625,999.989990234375,999.989990234375,996.912841796875,2002121.0
2025-09-10,1000.0,1000.010009765625,999.989990234375,999.989990234375,996.912841796875,2978663.0
2025-09-11,999.989990234375,1000.010009765625,999.6599731445312,999.989990234375,996.912841796875,1789593.0
2025-09-12,999.989990234375,1000.77001953125,999.52001953125,1000.0,996.9228515625,2900482.0
2025-09-15,999.5599975585938,1000.010009765625,999.5599975585938,999.989990234375,996.912841796875,3595653.0
2025-09-16,1000.0,1000.010009765625,999.989990234375,999.989990234375,996.912841796875,1788073.0
2025-09-17,1000.010009765625,1000.010009765625,999.989990234375,1000.0,996.9228515625,1754139.0
2025-09-18,1000.0,1000.010009765625,999.989990234375,1000.0,996.9228515625,1938983.0
2025-09-19,1000.0,1000.010009765625,999.989990234375,1000.0,996.9228515625,975685.0
2025-09-22,999.989990234375,1000.010009765625,999.510009765625,999.989990234375,996.912841796875,2264642.0
2025-09-23,999.989990234375,1000.010009765625,999.5599975585938,1000.0,996.9228515625,1942511.0
2025-09-24,1000.25,1000.25,999.989990234375,1000.0,996.9228515625,1654535.0
2025-09-25,1000.0,1000.010009765625,999.989990234375,1000.0,996.9228515625,1673135.0
2025-09-26,1000.0,1000.010009765625,999.989990234375,1000.0,996.9228515625,4151519.0
2025-09-29,1000.0,1000.77001953125,999.5599975585938,999.989990234375,996.912841796875,3804834.0
2025-09-30,1000.0,1000.010009765625,999.989990234375,1000.0,1000.0,6345930.0
2025-10-01,1000.0,1000.989990234375,999.989990234375,1000.0,1000.0,8177933.0
2025-10-03,1000.0,1000.010009765625,999.989990234375,1000.0,1000.0,13839374.0
2025-10-06,999.989990234375,1000.010009765625,998.6099853515624,999.989990234375,999.989990234375,10941036.0
2025-10-07,999.989990234375,1000.010009765625,999.989990234375,1000.0,1000.0,3938239.0
2025-10-08,1000.0,1000.010009765625,999.989990234375,1000.0,1000.0,2506646.0
2025-10-09,999.989990234375,1000.010009765625,999.989990234375,999.989990234375,999.989990234375,2340913.0
2025-10-10,1000.0,1000.010009765625,999.989990234375,1000.0,1000.0,2494471.0
2025-10-13,1000.0,1000.969970703125,999.989990234375,999.989990234375,999.989990234375,2818015.0
2025-10-14,999.989990234375,1000.010009765625,999.5599975585938,999.989990234375,999.989990234375,2550786.0
2025-10-15,999.989990234375,1000.010009765625,999.989990234375,999.989990234375,999.989990234375,2228759.0
2025-10-16,1000.0,1000.010009765625,999.989990234375,1000.0,1000.0,2441386.0
2025-10-17,999.989990234375,1000.010009765625,999.989990234375,1000.0,1000.0,4699425.0
2025-10-20,1000.0,1000.010009765625,999.5599975585938,1000.0,1000.0,2604692.0
2025-10-21,999.989990234375,1000.010009765625,999.5599975585938,1000.0,1000.0,705053.0
2025-10-23,999.989990234375,1000.010009765625,999.989990234375,999.989990234375,999.989990234375,3419475.0
2025-10-27,999.989990234375,1000.8499755859376,999.989990234375,1000.0,1000.0,2226874.0
2025-10-28,999.97998046875,1000.010009765625,999.97998046875,999.989990234375,999.989990234375,4140634.0
2025-10-29,1029.989990234375,1029.989990234375,999.989990234375,999.989990234375,999.989990234375,5983125.0
2025-10-30,999.989990234375,1000.010009765625,999.989990234375,999.989990234375,999.989990234375,2987518.0
2025-10-31,1000.0,1000.010009765625,999.989990234375,1000.0,1000.0,1880440.0
2025-11-03,1000.0,1000.010009765625,999.6300048828124,999.989990234375,999.989990234375,1999307.0
2025-11-04,1000.010009765625,1000.010009765625,999.989990234375,1000.0,1000.0,1989262.0
2025-11-06,999.989990234375,1000.5,999.989990234375,1000.0,1000.0,2712119.0
2025-11-07,1000.0,1000.010009765625,999.989990234375,1000.0,1000.0,2335610.0
2025-11-10,999.989990234375,1000.010009765625,999.989990234375,1000.0,1000.0,1780130.0
2025-11-11,999.989990234375,1000.010009765625,999.989990234375,999.989990234375,999.989990234375,1774276.0
2025-11-12,1000.0,1000.010009765625,999.989990234375,999.989990234375,999.989990234375,2080643.0
2025-11-13,999.989990234375,1000.010009765625,999.989990234375,999.989990234375,999.989990234375,1618273.0
2025-11-14,999.0,1000.010009765625,999.0,1000.0,1000.0,2589261.0
2025-11-17,1000.010009765625,1000.010009765625,999.989990234375,999.989990234375,999.989990234375,2223597.0
2025-11-18,999.989990234375,1000.010009765625,999.989990234375,1000.0,1000.0,2433150.0
2025-11-19,999.989990234375,1000.010009765625,999.989990234375,1000.0,1000.0,2664301.0
2025-11-20,1000.0,1000.010009765625,999.989990234375,1000.0,1000.0,2464407.0
2025-11-21,1000.0,1000.010009765625,999.989990234375,1000.0,1000.0,3600701.0
2025-11-24,999.1099853515624,1000.010009765625,999.1099853515624,999.989990234375,999.989990234375,3025072.0
2025-11-25,1000.0,1000.010009765625,999.989990234375,1000.0,1000.0,5954978.0
2025-11-26,1000.0,1000.010009765625,999.989990234375,999.989990234375,999.989990234375,1977815.0
2025-11-27,1000.0,1000.010009765625,999.989990234375,999.989990234375,999.989990234375,3168144.0
2025-11-28,999.989990234375,1000.010009765625,999.989990234375,999.989990234375,999.989990234375,1918006.0
2025-12-01,999.9000244140624,1000.010009765625,999.9000244140624,1000.0,1000.0,2220101.0
2025-12-02,1000.0,1000.010009765625,999.989990234375,999.989990234375,999.989990234375,1977553.0
2025-12-03,1000.0,1000.010009765625,999.989990234375,999.989990234375,999.989990234375,2487047.0
2025-12-04,1000.0,1000.010009765625,999.989990234375,999.989990234375,999.989990234375,2916573.0
2025-12-05,1000.0,1000.010009765625,999.989990234375,1000.0,1000.0,2835394.0
2025-12-08,1000.0,1000.010009765625,999.0,1000.0,1000.0,2432399.0
2025-12-09,1000.0,1000.010009765625,999.989990234375,999.989990234375,999.989990234375,4335018.0
2025-12-10,1000.5,1000.5,999.989990234375,999.989990234375,999.989990234375,3421543.0
2025-12-11,1000.0,1000.010009765625,999.989990234375,999.989990234375,999.989990234375,3018481.0
2025-12-12,999.989990234375,1000.010009765625,999.989990234375,1000.0,1000.0,2266391.0
2025-12-15,1000.0,1000.010009765625,999.989990234375,999.989990234375,999.989990234375,1969593.0
2025-12-16,1000.0,1000.010009765625,999.989990234375,1000.0,1000.0,2052773.0
2025-12-17,999.989990234375,1000.010009765625,999.989990234375,1000.0,1000.0,3031875.0
2025-12-18,1000.989990234375,1000.989990234375,999.0900268554688,1000.0,1000.0,2343912.0
2025-12-19,1000.0,1000.0,1000.0,1000.0,1000.0,0.0
2025-12-22,1000.0,1000.5,999.989990234375,1000.0,1000.0,2161879.0
2025-12-23,1000.0,1000.010009765625,999.989990234375,1000.0,1000.0,2351254.0
2025-12-24,1000.0,1000.010009765625,999.989990234375,1000.0,1000.0,2653141.0
2025-12-26,999.989990234375,1000.010009765625,999.989990234375,999.989990234375,999.989990234375,3502041.0
2025-12-29,1000.0,1000.010009765625,997.1500244140624,1000.0,1000.0,3645339.0
2025-12-30,1000.0,1000.010009765625,999.9000244140624,1000.0,1000.0,3575253.0
2025-12-31,999.989990234375,1000.010009765625,999.989990234375,999.989990234375,999.989990234375,4074677.0
2026-01-01,999.989990234375,1000.5,999.989990234375,1000.0,1000.0,4785423.0
2026-01-02,1025.0,1025.0,999.989990234375,1000.0,1000.0,12254248.0
2026-01-05,1000.0,1000.010009765625,999.0900268554688,999.989990234375,999.989990234375,11095430.0
2026-01-06,999.989990234375,1000.010009765625,999.9000244140624,999.989990234375,999.989990234375,3167175.0
2026-01-07,1000.0,1000.010009765625,999.989990234375,1000.0,1000.0,2871904.0
2026-01-08,999.0900268554688,1000.010009765625,999.0900268554688,1000.0,1000.0,2768683.0
2026-01-09,999.989990234375,1000.010009765625,999.989990234375,1000.0,1000.0,2384434.0
2026-01-12,999.989990234375,1000.010009765625,999.0900268554688,999.989990234375,999.989990234375,4216883.0
2026-01-13,999.0900268554688,1000.010009765625,999.0900268554688,1000.0,1000.0,3393622.0
2026-01-14,1000.0,1000.010009765625,999.989990234375,1000.0,1000.0,1891317.0
2026-01-15,1000.0,1000.0,1000.0,1000.0,1000.0,0.0
2026-01-16,995.0,1002.0,995.0,1000.0,1000.0,1919904.0
2026-01-19,1000.0,1000.010009765625,999.4000244140624,1000.0,1000.0,3196301.0
2026-01-20,970.0,1000.010009765625,970.0,1000.0,1000.0,2930886.0
2026-01-21,999.989990234375,1000.010009765625,999.989990234375,999.989990234375,999.989990234375,5225931.0
2026-01-22,999.989990234375,1000.010009765625,999.989990234375,999.989990234375,999.989990234375,3704766.0
2026-01-23,1000.989990234375,1000.989990234375,999.989990234375,1000.0,1000.0,5134105.0
2026-01-27,999.989990234375,1000.010009765625,999.989990234375,1000.0,1000.0,5632428.0
2026-01-28,999.989990234375,1000.010009765625,999.989990234375,999.989990234375,999.989990234375,5932859.0
2026-01-29,999.989990234375,1000.010009765625,998.0,999.989990234375,999.989990234375,3547635.0
2026-01-30,1000.8499755859376,1000.8499755859376,999.989990234375,1000.0,1000.0,4198968.0
2026-02-02,1000.0,1000.010009765625,998.0900268554688,999.989990234375,999.989990234375,4127700.0
2026-02-03,999.989990234375,1000.010009765625,998.0900268554688,999.989990234375,999.989990234375,3564022.0
2026-02-04,1000.0,1000.010009765625,999.989990234375,999.989990234375,999.989990234375,3148815.0
2026-02-05,999.989990234375,1000.010009765625,999.989990234375,1000.0,1000.0,2194126.0
2026-02-06,1001.8800048828124,1001.8800048828124,999.989990234375,1000.0,1000.0,4456795.0
2026-02-09,1000.0,1000.010009765625,999.989990234375,999.989990234375,999.989990234375,2536418.0
2026-02-10,999.989990234375,1000.010009765625,999.989990234375,1000.0,1000.0,3055840.0
2026-02-11,1000.0,1000.010009765625,999.989990234375,999.989990234375,999.989990234375,2412576.0
2026-02-12,1000.0,1000.010009765625,999.989990234375,1000.0,1000.0,2669409.0
2026-02-13,1000.0,1000.010009765625,999.989990234375,1000.0,1000.0,4447046.0
2026-02-16,999.989990234375,1000.010009765625,999.989990234375,999.989990234375,999.989990234375,4751501.0
2026-02-17,1000.0,1000.010009765625,999.989990234375,999.989990234375,999.989990234375,2290610.0
2026-02-18,999.989990234375,1000.010009765625,999.989990234375,1000.0,1000.0,2739077.0
2026-02-19,1000.0999755859376,1000.0999755859376,999.989990234375,1000.0,1000.0,3740200.0
2026-02-20,1000.0,1000.010009765625,999.9500122070312,1000.0,1000.0,3238589.0
2026-02-23,1000.0,1000.010009765625,999.989990234375,1000.0,1000.0,4198430.0
2026-02-24,1000.0,1000.010009765625,999.9500122070312,1000.0,1000.0,4230898.0
2026-02-25,1000.0,1000.010009765625,999.989990234375,999.989990234375,999.989990234375,4951315.0
2026-02-26,1000.0,1000.010009765625,999.989990234375,999.989990234375,999.989990234375,3646806.0
2026-02-27,999.989990234375,1000.010009765625,999.989990234375,999.989990234375,999.989990234375,2711448.0
2026-03-02,999.989990234375,1000.010009765625,999.97998046875,999.989990234375,999.989990234375,4088184.0
2026-03-04,999.989990234375,1000.010009765625,999.989990234375,999.989990234375,999.989990234375,3731779.0
2026-03-05,1000.0,1000.010009765625,999.989990234375,1000.0,1000.0,2405298.0
2026-03-06,1000.0,1000.010009765625,999.989990234375,1000.0,1000.0,3795516.0
2026-03-09,999.989990234375,1000.010009765625,997.0,999.989990234375,999.989990234375,5450727.0
2026-03-10,999.989990234375,1000.010009765625,999.989990234375,999.989990234375,999.989990234375,3273313.0
2026-03-11,999.989990234375,1000.010009765625,999.989990234375,1000.0,1000.0,3390055.0
2026-03-12,1000.0,1000.010009765625,998.0900268554688,999.989990234375,999.989990234375,3197887.0
2026-03-13,1000.0,1000.010009765625,999.989990234375,1000.0,1000.0,5804837.0
2026-03-16,999.989990234375,1000.010009765625,999.989990234375,999.989990234375,999.989990234375,4422305.0
2026-03-17,1000.0,1000.010009765625,999.989990234375,1000.0,1000.0,3701133.0
2026-03-18,999.0,1000.010009765625,999.0,1000.0,1000.0,3971089.0
2026-03-19,1000.0,1000.010009765625,999.989990234375,1000.0,1000.0,3911615.0
2026-03-20,999.989990234375,1000.010009765625,999.0,999.989990234375,999.989990234375,2486750.0
2026-03-23,1000.0,1000.010009765625,999.989990234375,1000.0,1000.0,3765898.0
2026-03-24,1000.0,1000.010009765625,999.989990234375,999.989990234375,999.989990234375,5766034.0
2026-03-25,1000.0,1000.010009765625,999.989990234375,999.989990234375,999.989990234375,4676396.0
2026-03-27,1000.010009765625,1000.010009765625,999.989990234375,1000.0,1000.0,4565204.0
2026-03-30,1000.0,1000.010009765625,999.989990234375,1000.0,1000.0,6407847.0
2026-04-01,1000.0,1000.010009765625,999.989990234375,1000.0,1000.0,3062381.0
2026-04-02,1000.0,1000.010009765625,999.989990234375,1000.0,1000.0,4870565.0
2026-04-06,998.0900268554688,1000.010009765625,998.0900268554688,999.989990234375,999.989990234375,5886068.0
2026-04-07,1000.030029296875,1001.8800048828124,999.989990234375,1000.0,1000.0,2581350.0
2026-04-08,1000.0,1000.010009765625,999.0,999.989990234375,999.989990234375,4897526.0
2026-04-09,1000.02001953125,1000.02001953125,999.989990234375,999.989990234375,999.989990234375,3148131.0
2026-04-10,1000.0,1000.010009765625,999.0,1000.0,1000.0,3261766.0
2026-04-13,1000.0,1000.010009765625,999.989990234375,1000.0,1000.0,3932865.0
2026-04-15,1000.02001953125,1000.02001953125,999.989990234375,1000.0,1000.0,5121937.0
2026-04-16,1000.0,1000.010009765625,999.989990234375,1000.0,1000.0,7375739.0
2026-04-17,1000.0,1000.010009765625,999.989990234375,1000.0,1000.0,17957001.0
2026-04-20,999.0,1000.010009765625,999.0,999.989990234375,999.989990234375,11672917.0
2026-04-21,999.989990234375,1000.010009765625,970.2999877929688,999.989990234375,999.989990234375,5653284.0
2026-04-22,999.989990234375,1000.010009765625,998.0900268554688,999.989990234375,999.989990234375,5077832.0
2026-04-23,999.989990234375,1000.010009765625,999.989990234375,1000.0,1000.0,2988556.0
2026-04-24,999.989990234375,1000.010009765625,999.989990234375,999.989990234375,999.989990234375,3379934.0
2026-04-27,999.989990234375,1000.010009765625,997.1500244140624,999.989990234375,999.989990234375,2769743.0
2026-04-28,999.989990234375,1000.010009765625,999.989990234375,1000.0,1000.0,5078706.0
2026-04-29,1000.0,1000.010009765625,999.0,999.989990234375,999.989990234375,2768222.0
2026-04-30,999.989990234375,1000.010009765625,999.989990234375,999.989990234375,999.989990234375,2874888.0
2026-05-01,999.989990234375,999.989990234375,999.989990234375,999.989990234375,999.989990234375,0.0
2026-05-04,1000.010009765625,1002.97998046875,969.989990234375,999.989990234375,999.989990234375,2801024.0
2026-05-05,1000.0,1000.010009765625,999.989990234375,1000.0,1000.0,1897500.0
2026-05-06,1000.0,1000.010009765625,999.989990234375,999.989990234375,999.989990234375,2776175.0
2026-05-07,999.989990234375,1000.010009765625,999.989990234375,1000.0,1000.0,2318196.0
2026-05-08,999.989990234375,1000.010009765625,999.989990234375,1000.0,1000.0,2516506.0
2026-05-11,1000.0,1000.010009765625,999.989990234375,1000.0,1000.0,2710219.0
2026-05-12,999.0,1000.010009765625,999.0,1000.0,1000.0,3850117.0
2026-05-13,999.989990234375,1000.010009765625,970.2999877929688,1000.0,1000.0,4089279.0
2026-05-14,999.989990234375,1003.0,999.989990234375,1000.0,1000.0,2472326.0
2026-05-15,1000.0,1000.010009765625,999.989990234375,1000.0,1000.0,6542842.0
2026-05-18,999.9400024414062,1000.010009765625,995.0,1000.0,1000.0,2313957.0
2026-05-19,995.0,1000.010009765625,995.0,999.989990234375,999.989990234375,2903192.0
2026-05-20,1000.0,1000.010009765625,999.989990234375,999.989990234375,999.989990234375,2812289.0
2026-05-21,999.989990234375,1000.010009765625,999.989990234375,1000.0,1000.0,1745942.0
2026-05-22,999.989990234375,1000.010009765625,999.989990234375,1000.0,1000.0,1725090.0
2026-05-25,1000.0,1000.010009765625,999.989990234375,999.989990234375,999.989990234375,3414550.0
2026-05-26,1000.0,1000.010009765625,999.989990234375,1000.0,1000.0,3960094.0
2026-05-27,1000.0,1000.010009765625,999.989990234375,999.989990234375,999.989990234375,3955477.0
2026-05-28,999.989990234375,999.989990234375,999.989990234375,999.989990234375,999.989990234375,0.0
2026-05-29,999.989990234375,1000.010009765625,999.989990234375,999.989990234375,999.989990234375,6224058.0
2026-06-01,999.989990234375,1000.010009765625,999.989990234375,999.989990234375,999.989990234375,2245422.0
2026-06-02,974.989990234375,1000.010009765625,974.989990234375,1000.0,1000.0,2706538.0
2026-06-03,1000.0,1000.010009765625,997.0,1000.0,1000.0,2660112.0
2026-06-04,1000.0,1000.010009765625,975.010009765625,999.989990234375,999.989990234375,2273252.0
2026-06-05,999.989990234375,1000.010009765625,999.989990234375,1000.0,1000.0,2379849.0
2026-06-08,1000.0,1000.010009765625,997.260009765625,999.989990234375,999.989990234375,3082839.0
2026-06-09,999.0,1000.010009765625,998.0599975585938,1000.0,1000.0,2213442.0
2026-06-10,1000.0,1000.010009765625,999.989990234375,999.989990234375,999.989990234375,2392444.0
2026-06-11,997.0,1000.010009765625,997.0,1000.0,1000.0,2570991.0
2026-06-12,1000.0,1000.010009765625,999.989990234375,999.989990234375,999.989990234375,2538926.0
2026-06-15,999.989990234375,1000.010009765625,998.0900268554688,999.989990234375,999.989990234375,2680064.0
2026-06-16,1000.0,1000.010009765625,999.989990234375,1000.0,1000.0,2031814.0
2026-06-17,999.989990234375,1000.010009765625,998.0900268554688,999.989990234375,999.989990234375,3391689.0
2026-06-18,999.989990234375,1000.010009765625,999.0499877929688,999.989990234375,999.989990234375,2720266.0
2026-06-19,999.989990234375,1000.010009765625,999.0900268554688,1000.0,1000.0,3972075.0
2026-06-22,1000.0,1000.010009765625,999.989990234375,1000.0,1000.0,3217873.0
2026-06-23,1000.0,1000.010009765625,999.0999755859376,1000.0,1000.0,3401970.0
2026-06-24,999.1099853515624,1003.0,999.1099853515624,999.989990234375,999.989990234375,4855377.0
2026-06-25,999.989990234375,1000.010009765625,999.989990234375,999.989990234375,999.989990234375,2561339.0
2026-06-26,999.989990234375,999.989990234375,999.989990234375,999.989990234375,999.989990234375,0.0
2026-06-29,1000.0,1000.010009765625,999.989990234375,1000.0,1000.0,2860331.0
2026-06-30,1000.0,1000.010009765625,999.989990234375,1000.0,1000.0,6804281.0
2026-07-01,999.989990234375,1000.010009765625,999.989990234375,1000.0,1000.0,3263342.0
2026-07-02,1000.969970703125,1000.969970703125,999.1099853515625,1000.0,1000.0,4816380.0
2026-07-03,1000.0,1000.010009765625,999.1799926757812,1000.0,1000.0,14472549.0
2026-07-06,1000.0,1000.0,998.0999755859375,999.989990234375,999.989990234375,10132069.0
2026-07-07,999.989990234375,1000.010009765625,999.97998046875,1000.0,1000.0,4297354.0
2026-07-08,1000.0,1000.010009765625,999.989990234375,1000.0,1000.0,3761949.0
2026-07-09,1000.0,1000.010009765625,999.989990234375,999.989990234375,999.989990234375,2868723.0
2026-07-10,999.1099853515625,1000.010009765625,999.1099853515625,1000.0,1000.0,3183564.0
2026-07-13,1000.0,1000.010009765625,999.5,999.989990234375,999.989990234375,2425128.0
2026-07-14,1000.0,1005.0,999.1099853515625,1000.0,1000.0,2981014.0
2026-07-15,1000.0,1000.010009765625,999.1099853515625,1000.0,1000.0,3646592.0
2026-07-16,1000.0,1000.010009765625,999.989990234375,1000.0,1000.0,2299883.0
2026-07-17,1000.0,1000.010009765625,999.1099853515625,1000.0,1000.0,3514326.0
2026-07-20,980.0,1002.97998046875,980.0,1000.0,1000.0,3677960.0
2026-07-21,1001.0,1001.0,999.1099853515625,1000.0,1000.0,2870847.0
2026-07-22,1000.0,1000.010009765625,999.5999755859375,1000.0,1000.0,2902207.0
2026-07-23,1000.010009765625,1000.010009765625,999.5999755859375,999.989990234375,999.989990234375,2142786.0
2026-07-24,1000.0,1000.010009765625,999.989990234375,999.989990234375,999.989990234375,4338278.0
2026-07-27,1000.969970703125,1000.969970703125,999.989990234375,999.989990234375,999.989990234375,2867011.0
2026-07-28,975.010009765625,1001.0,975.010009765625,1000.0,1000.0,5583500.0
2026-07-29,1000.010009765625,1000.010009765625,999.989990234375,1000.0,1000.0,2770512.0
2026-07-30,1000.010009765625,1000.969970703125,999.989990234375,999.989990234375,999.989990234375,2199229.0
2026-07-31,1000.0,1000.969970703125,999.989990234375,1000.0,1000.0,2922698.0
2026-08-03,1000.0,1000.010009765625,999.219970703125,999.989990234375,999.989990234375,2215987.0
2026-08-04,1001.0,1001.0,999.989990234375,999.989990234375,999.989990234375,2882079.0
2026-08-05,1002.97998046875,1002.97998046875,999.989990234375,1000.0,1000.0,4078946.0
2026-08-06,1000.0,1000.010009765625,999.989990234375,999.989990234375,999.989990234375,3520701.0
2026-08-07,999.989990234375,1000.010009765625,999.989990234375,1000.0,1000.0,3015559.0
2026-08-10,1000.0,1000.5,999.219970703125,1000.0,1000.0,2962236.0
2026-08-11,999.989990234375,1000.47998046875,999.989990234375,1000.0,1000.0,3399185.0
2026-08-12,1000.0,1000.969970703125,999.6099853515625,1000.0,1000.0,1935134.0
2026-08-13,1000.0,1000.010009765625,999.989990234375,999.989990234375,999.989990234375,4110315.0
2026-08-14,999.989990234375,1000.010009765625,999.0,1000.0,1000.0,2686770.0
2026-08-17,999.6199951171875,1000.010009765625,999.6099853515625,999.989990234375,999.989990234375,1913872.0
2026-08-18,999.989990234375,1000.010009765625,999.989990234375,1000.0,1000.0,2862680.0
2026-08-19,1000.0,1000.010009765625,999.989990234375,999.989990234375,999.989990234375,2458263.0
2026-08-20,1000.0,1000.8800048828125,999.989990234375,999.989990234375,999.989990234375,2354078.0
2026-08-21,1000.0,1000.010009765625,999.989990234375,999.989990234375,999.989990234375,3042098.0
2026-08-24,1000.0,1000.010009765625,999.6599731445312,999.989990234375,999.989990234375,3643933.0
2026-08-25,999.989990234375,1000.010009765625,999.6199951171875,1000.0,1000.0,4374134.0
2026-08-26,1000.77001953125,1000.77001953125,999.989990234375,1000.0,1000.0,3457981.0
2026-08-27,999.6599731445312,1000.010009765625,999.6599731445312,1000.0,1000.0,4828363.0
2026-08-28,1000.0,1000.010009765625,999.989990234375,1000.0,1000.0,4166382.0
2026-08-31,1000.0,1000.010009765625,999.989990234375,999.989990234375,999.989990234375,2735032.0
2026-09-01,1000.010009765625,1000.010009765625,999.989990234375,1000.0,1000.0,2440409.0
2026-09-02,1000.0,1000.010009765625,999.989990234375,1000.0,1000.0,2397673.0
2026-09-03,1000.0,1000.010009765625,999.6199951171875,1000.0,1000.0,2625971.0
2026-09-04,1020.0,1020.0,999.989990234375,1000.0,1000.0,2607097.0
2026-09-07,1000.0,1001.0,999.6199951171875,999.989990234375,999.989990234375,3518550.0
2026-09-08,1000.0,1000.02001953125,999.989990234375,1000.0,1000.0,2577615.0
2026-09-09,1000.0,1000.010009765625,999.989990234375,999.989990234375,999.989990234375,2370214.0
2026-09-10,999.989990234375,1000.010009765625,999.989990234375,999.989990234375,999.989990234375,2258098.0
2026-09-11,1000.0,1000.010009765625,999.6199951171875,1000.0,1000.0,3052115.0
2026-09-14,1000.0,1000.0,1000.0,1000.0,1000.0,0.0
2026-09-15,1001.0,1001.0,999.989990234375,999.989990234375,999.989990234375,4879279.0
2026-09-16,999.989990234375,1000.010009765625,999.989990234375,999.989990234375,999.989990234375,3811884.0
2026-09-17,1000.0,1000.010009765625,999.989990234375,999.989990234375,999.989990234375,2962685.0
2026-09-18,999.989990234375,1000.010009765625,999.989990234375,999.989990234375,999.989990234375,6909810.0
2026-09-21,999.989990234375,1000.010009765625,999.989990234375,1000.0,1000.0,6636668.0
2026-09-22,1000.0,1000.010009765625,999.219970703125,1000.0,1000.0,2523773.0
2026-09-23,1000.0,1000.010009765625,999.989990234375,1000.0,1000.0,3252975.0
2026-09-24,999.989990234375,1000.010009765625,999.989990234375,999.989990234375,999.989990234375,2146316.0
2026-09-25,999.989990234375,1000.010009765625,999.989990234375,999.989990234375,999.989990234375,4204514.0
