date,open,high,low,close,adjclose,volume
2021-09-15,104.0,104.0,101.75,102.8499984741211,101.69075012207031,42551.0
2021-09-16,102.8499984741211,103.80000305175781,102.4000015258789,102.75,101.59188079833984,24873.0
2021-09-17,103.0,105.5,102.1500015258789,102.94999694824219,101.78961944580078,49604.0
2021-09-20,104.5,104.5,102.0,103.55000305175781,102.38286590576172,30274.0
2021-09-21,104.44999694824219,104.94999694824219,101.0,102.19999694824219,101.0480728149414,32415.0
2021-09-22,102.05000305175781,105.75,100.80000305175781,102.6500015258789,101.99198913574219,67327.0
2021-09-23,104.69999694824219,104.69999694824219,101.8499984741211,102.55000305175781,101.89263153076172,24413.0
2021-09-24,101.6500015258789,103.9000015258789,100.44999694824219,102.0999984741211,101.44551086425781,39822.0
2021-09-27,102.0,103.94999694824219,102.0,102.44999694824219,101.79326629638672,41286.0
2021-09-28,102.9000015258789,103.4000015258789,98.55000305175781,99.5,98.8621826171875,82847.0
2021-09-29,101.0,101.6500015258789,99.5999984741211,100.75,100.10417175292969,21469.0
2021-09-30,100.75,101.55000305175781,100.1500015258789,101.30000305175781,100.65064239501953,25347.0
2021-10-01,99.25,104.0,99.25,102.0999984741211,101.44551086425781,46152.0
2021-10-04,100.0,108.19999694824219,100.0,104.19999694824219,103.53205108642578,84946.0
2021-10-05,104.69999694824219,107.4000015258789,102.19999694824219,104.55000305175781,103.87981414794922,419570.0
2021-10-06,107.44999694824219,109.94999694824219,102.30000305175781,103.3499984741211,102.6875,562950.0
2021-10-07,104.6500015258789,106.19999694824219,99.80000305175781,104.5999984741211,103.92948913574219,540722.0
2021-10-08,104.9000015258789,106.5,103.0,104.8499984741211,104.17788696289062,346879.0
2021-10-11,105.1500015258789,105.44999694824219,101.94999694824219,102.94999694824219,102.2900619506836,58385.0
2021-10-12,103.0,107.19999694824219,102.69999694824219,106.5,105.81730651855469,175768.0
2021-10-13,107.5,108.9000015258789,105.5,106.5,105.81730651855469,217780.0
2021-10-14,106.19999694824219,108.30000305175781,103.05000305175781,104.6500015258789,103.97917175292969,54621.0
2021-10-18,106.0,108.5,103.0,104.80000305175781,104.12821197509766,149029.0
2021-10-19,105.5,107.1500015258789,105.05000305175781,105.1500015258789,104.47596740722656,68433.0
2021-10-20,105.94999694824219,107.1500015258789,102.55000305175781,104.75,104.07852935791016,64805.0
2021-10-21,104.75,106.4000015258789,102.0,102.55000305175781,101.89263153076172,36053.0
2021-10-22,104.0,104.0,100.8499984741211,101.0999984741211,100.45191955566406,37028.0
2021-10-25,101.25,102.75,99.9000015258789,100.80000305175781,100.15385437011719,37688.0
2021-10-26,99.55000305175781,102.69999694824219,99.55000305175781,100.80000305175781,100.15385437011719,130888.0
2021-10-27,101.0,101.94999694824219,99.05000305175781,100.94999694824219,100.3028793334961,31204.0
2021-10-28,100.1500015258789,102.0,98.80000305175781,98.94999694824219,98.31570434570312,45817.0
2021-10-29,99.0999984741211,99.94999694824219,97.69999694824219,98.1500015258789,97.52083587646484,26002.0
2021-11-01,99.44999694824219,99.44999694824219,96.80000305175781,97.3499984741211,96.72595977783203,32975.0
2021-11-02,99.44999694824219,100.94999694824219,97.3499984741211,99.05000305175781,98.41506958007812,34376.0
2021-11-03,99.80000305175781,101.0,94.05000305175781,95.1500015258789,94.54006958007812,89950.0
2021-11-04,97.1500015258789,100.0,92.80000305175781,94.75,94.14263153076172,93773.0
2021-11-08,94.75,96.8499984741211,94.4000015258789,95.5,94.88782501220703,39744.0
2021-11-09,94.5,96.94999694824219,94.5,96.19999694824219,95.58332824707031,17195.0
2021-11-10,96.30000305175781,100.94999694824219,96.0,98.25,97.62019348144531,103846.0
2021-11-11,98.9000015258789,98.9000015258789,96.30000305175781,96.94999694824219,96.32852172851562,29360.0
2021-11-12,97.8499984741211,99.4000015258789,94.0,95.3499984741211,94.73878479003906,410144.0
2021-11-15,95.3499984741211,97.4000015258789,95.25,95.75,95.13622283935547,28596.0
2021-11-16,96.75,98.0,94.55000305175781,95.05000305175781,94.44071197509766,29149.0
2021-11-17,96.8499984741211,96.8499984741211,94.0,94.30000305175781,93.69551849365234,24458.0
2021-11-18,94.0999984741211,95.0,93.0,93.1500015258789,92.55288696289062,32870.0
2021-11-22,94.5,94.5,91.0,91.55000305175781,90.96314239501953,29820.0
2021-11-23,91.0,92.69999694824219,90.05000305175781,90.4000015258789,89.82051849365234,54541.0
2021-11-24,91.05000305175781,91.94999694824219,90.5999984741211,91.1500015258789,90.56570434570312,20031.0
2021-11-25,91.94999694824219,91.94999694824219,90.0999984741211,90.75,90.16827392578125,14868.0
2021-11-26,90.05000305175781,91.19999694824219,87.75,88.4000015258789,87.83333587646484,30965.0
2021-11-29,85.75,95.55000305175781,84.6500015258789,86.69999694824219,86.14422607421875,36408.0
2021-11-30,89.80000305175781,89.80000305175781,86.5,87.9000015258789,87.33654022216797,15457.0
2021-12-01,89.5,90.75,86.05000305175781,86.94999694824219,86.39262390136719,16933.0
2021-12-02,89.9000015258789,89.9000015258789,86.8499984741211,87.8499984741211,87.28685760498047,18574.0
2021-12-03,89.6500015258789,90.0,87.19999694824219,87.6500015258789,87.08814239501953,17719.0
2021-12-06,89.4000015258789,89.4000015258789,86.5,87.44999694824219,86.88941955566406,10038.0
2021-12-07,87.94999694824219,89.3499984741211,87.0,89.0,88.42948913574219,15336.0
2021-12-08,89.0,89.94999694824219,87.6500015258789,88.75,88.18109130859375,13001.0
2021-12-09,88.75,93.75,87.1500015258789,89.5999984741211,89.02564239501953,27435.0
2021-12-10,89.94999694824219,92.5,89.5,92.1500015258789,91.55929565429688,21913.0
2021-12-13,94.5,96.44999694824219,92.80000305175781,94.80000305175781,94.19231414794922,40068.0
2021-12-14,94.0,94.0,92.0,92.6500015258789,92.05609130859375,8370.0
2021-12-15,93.1500015258789,93.1500015258789,90.19999694824219,90.9000015258789,90.31731414794922,21846.0
2021-12-16,93.0,93.0,88.5,90.0,89.42308044433594,21347.0
2021-12-17,92.0,92.0,87.5,88.0999984741211,87.5352554321289,13307.0
2021-12-20,87.1500015258789,87.44999694824219,84.5,85.1500015258789,84.60417175292969,25079.0
2021-12-21,86.0999984741211,88.0,86.0999984741211,86.5999984741211,86.04486846923828,8537.0
2021-12-22,86.5,88.5,86.5,87.0999984741211,86.54166412353516,8142.0
2021-12-23,85.5,89.25,85.5,88.0,87.43589782714844,17157.0
2021-12-24,88.0,89.05000305175781,86.6500015258789,87.0,86.44230651855469,11339.0
2021-12-27,86.0,88.0,86.0,87.19999694824219,86.64102172851562,4895.0
2021-12-28,88.0,90.0,86.05000305175781,89.44999694824219,88.87660217285156,8996.0
2021-12-29,91.0,96.94999694824219,89.5,95.5999984741211,94.9871826171875,166160.0
2021-12-30,96.8499984741211,96.8499984741211,93.75,94.4000015258789,93.79487609863281,147890.0
2021-12-31,94.4000015258789,94.6500015258789,92.30000305175781,92.69999694824219,92.10576629638672,19966.0
2022-01-03,95.69999694824219,96.3499984741211,93.0,93.5999984741211,93.0,23923.0
2022-01-04,94.5999984741211,94.5999984741211,92.5,93.3499984741211,92.75160217285156,14579.0
2022-01-05,92.9000015258789,94.4000015258789,92.8499984741211,93.1500015258789,92.55288696289062,15699.0
2022-01-06,91.5,93.9000015258789,91.5,93.3499984741211,92.75160217285156,13128.0
2022-01-07,94.5999984741211,95.0,92.05000305175781,92.6500015258789,92.05609130859375,18881.0
2022-01-10,94.25,94.25,76.6500015258789,86.80000305175781,86.24359130859375,299973.0
2022-01-11,89.94999694824219,89.94999694824219,87.5,88.1500015258789,87.5849380493164,45416.0
2022-01-12,89.0,90.5,88.3499984741211,89.75,89.1746826171875,23905.0
2022-01-13,90.9000015258789,90.9000015258789,88.25,89.5999984741211,89.02564239501953,28615.0
2022-01-14,89.55000305175781,89.55000305175781,87.0999984741211,88.3499984741211,87.78365325927734,24162.0
2022-01-17,90.44999694824219,90.44999694824219,88.4000015258789,89.05000305175781,88.47917175292969,10680.0
2022-01-18,89.69999694824219,89.69999694824219,88.0,88.80000305175781,88.23077392578125,15696.0
2022-01-19,90.0,90.0,88.0,88.5999984741211,88.03205108642578,22304.0
2022-01-20,88.5999984741211,88.9000015258789,87.55000305175781,88.4000015258789,87.83333587646484,10580.0
2022-01-21,88.4000015258789,89.3499984741211,87.30000305175781,87.5999984741211,87.03845977783203,9725.0
2022-01-24,87.05000305175781,88.0,85.4000015258789,86.5,85.94551086425781,20837.0
2022-01-25,85.05000305175781,88.05000305175781,84.0,87.0,86.44230651855469,16564.0
2022-01-27,85.0999984741211,88.1500015258789,85.0,85.5,84.9519271850586,12278.0
2022-01-28,86.8499984741211,87.3499984741211,84.05000305175781,84.44999694824219,83.90865325927734,15967.0
2022-01-31,87.9000015258789,87.9000015258789,84.4000015258789,85.6500015258789,85.10096740722656,10401.0
2022-02-01,86.75,89.19999694824219,85.44999694824219,88.3499984741211,87.78365325927734,20498.0
2022-02-02,88.94999694824219,95.94999694824219,88.5,89.30000305175781,88.72756958007812,50808.0
2022-02-03,92.8499984741211,92.8499984741211,88.0,89.55000305175781,88.97596740722656,15373.0
2022-02-04,91.69999694824219,91.69999694824219,88.0,88.3499984741211,87.78365325927734,9427.0
2022-02-07,89.80000305175781,92.5,87.0,90.25,89.67147827148438,26596.0
2022-02-08,90.3499984741211,91.9000015258789,85.94999694824219,87.0,86.44230651855469,24562.0
2022-02-09,90.5,90.5,86.75,88.25,87.68429565429688,6627.0
2022-02-10,90.05000305175781,90.05000305175781,85.3499984741211,86.44999694824219,85.89582824707031,19698.0
2022-02-11,86.44999694824219,87.94999694824219,86.44999694824219,87.05000305175781,86.49198913574219,9987.0
2022-02-14,89.0,89.0,80.44999694824219,81.30000305175781,80.77884674072266,45391.0
2022-02-15,81.30000305175781,83.0,78.5,80.80000305175781,80.28205871582031,34905.0
2022-02-16,81.0999984741211,82.80000305175781,81.0,81.80000305175781,81.27564239501953,12861.0
2022-02-17,83.5,83.5,80.30000305175781,80.5999984741211,80.08333587646484,9196.0
2022-02-18,80.4000015258789,82.9000015258789,80.0,81.94999694824219,81.42467498779297,13599.0
2022-02-21,83.0,83.44999694824219,78.5,79.0,78.49359130859375,26170.0
2022-02-22,78.5,79.5999984741211,75.0,78.94999694824219,78.44390869140625,44777.0
2022-02-23,78.0999984741211,80.55000305175781,78.0999984741211,78.4000015258789,77.8974380493164,8949.0
2022-02-24,76.69999694824219,76.69999694824219,64.0,65.75,65.32852935791016,91741.0
2022-02-25,68.6500015258789,78.9000015258789,68.6500015258789,75.5,75.01602935791016,89906.0
2022-02-28,77.05000305175781,79.55000305175781,67.80000305175781,77.44999694824219,76.95352172851562,85310.0
2022-03-02,76.5,77.9000015258789,72.6500015258789,75.44999694824219,74.96634674072266,25130.0
2022-03-03,79.0,79.0,73.3499984741211,74.05000305175781,73.57532501220703,98390.0
2022-03-04,76.0,88.8499984741211,72.6500015258789,87.5,86.93910217285156,1004630.0
2022-03-07,88.5,94.0,76.30000305175781,78.1500015258789,77.64904022216797,859651.0
2022-03-08,78.1500015258789,83.8499984741211,77.5,77.9000015258789,77.40064239501953,116463.0
2022-03-09,78.69999694824219,82.4000015258789,77.55000305175781,78.44999694824219,77.94711303710938,102324.0
2022-03-10,81.0,81.94999694824219,78.6500015258789,80.3499984741211,79.8349380493164,54148.0
2022-03-11,79.0999984741211,81.5999984741211,79.0999984741211,80.0,79.4871826171875,21596.0
2022-03-14,80.0,80.9000015258789,77.1500015258789,78.6500015258789,78.14583587646484,45879.0
2022-03-15,77.5,80.5,77.5,78.75,78.24519348144531,29704.0
2022-03-16,80.0,80.94999694824219,78.05000305175781,78.44999694824219,77.94711303710938,29445.0
2022-03-17,79.5999984741211,80.94999694824219,78.0,78.69999694824219,78.19551086425781,31630.0
2022-03-21,80.0,83.44999694824219,78.0999984741211,78.6500015258789,78.14583587646484,36556.0
2022-03-22,80.0,93.69999694824219,77.0,86.55000305175781,85.99519348144531,320894.0
2022-03-23,86.0,103.8499984741211,83.55000305175781,103.75,103.0849380493164,1954499.0
2022-03-24,106.0,112.69999694824219,94.55000305175781,98.1500015258789,97.52083587646484,2619648.0
2022-03-25,96.05000305175781,105.0,96.05000305175781,100.44999694824219,99.80609130859375,849219.0
2022-03-28,104.0,104.0,95.80000305175781,100.0,99.35897827148438,587529.0
2022-03-29,101.80000305175781,103.80000305175781,96.6500015258789,98.5,97.86859130859375,370262.0
2022-03-30,101.5999984741211,113.0,100.0999984741211,104.75,104.07852935791016,966735.0
2022-03-31,106.5,108.0,99.5999984741211,104.1500015258789,103.48237609863281,289332.0
2022-04-01,104.1500015258789,107.94999694824219,103.69999694824219,105.19999694824219,104.52564239501953,241975.0
2022-04-04,107.8499984741211,108.55000305175781,98.8499984741211,100.1500015258789,99.50801849365234,504739.0
2022-04-05,101.69999694824219,104.0,99.75,102.6500015258789,101.99198913574219,525065.0
2022-04-06,104.69999694824219,105.0999984741211,99.6500015258789,102.69999694824219,102.04166412353516,719326.0
2022-04-07,103.80000305175781,104.19999694824219,101.69999694824219,103.0,102.3397445678711,341245.0
2022-04-08,104.8499984741211,106.0,102.5999984741211,103.4000015258789,102.7371826171875,412590.0
2022-04-11,105.0,107.4000015258789,99.1500015258789,104.0,103.33333587646484,1809828.0
2022-04-12,106.0,107.3499984741211,99.5,101.25,100.60095977783203,1929091.0
2022-04-13,102.4000015258789,103.44999694824219,100.5,102.1500015258789,101.49519348144531,805500.0
2022-04-18,102.0,103.6500015258789,99.80000305175781,102.3499984741211,101.69390869140625,686371.0
2022-04-19,102.55000305175781,103.0,100.5,101.25,100.60095977783203,249791.0
2022-04-20,102.44999694824219,102.44999694824219,100.0,100.25,99.60737609863281,401346.0
2022-04-21,101.80000305175781,101.80000305175781,100.0,100.8499984741211,100.20352935791016,533099.0
2022-04-22,101.5,109.30000305175781,100.8499984741211,105.75,105.0721206665039,1711150.0
2022-04-25,109.4000015258789,113.69999694824219,102.5,107.9000015258789,107.20833587646484,956751.0
2022-04-26,110.0,117.9000015258789,109.1500015258789,113.05000305175781,112.32532501220703,1516834.0
2022-04-27,113.0,123.6500015258789,111.0,114.94999694824219,114.21314239501953,2221309.0
2022-04-28,120.0,120.0,100.0,100.94999694824219,100.3028793334961,1820898.0
2022-04-29,103.19999694824219,103.44999694824219,100.0999984741211,100.4000015258789,99.75641632080078,286325.0
2022-05-02,101.3499984741211,101.75,100.0,100.6500015258789,100.00481414794922,188863.0
2022-05-04,101.5,101.69999694824219,93.0,93.5,92.90064239501953,346918.0
2022-05-05,94.69999694824219,97.0,93.5,94.19999694824219,93.59615325927734,164206.0
2022-05-06,92.0999984741211,93.5,88.6500015258789,91.6500015258789,91.0625,186335.0
2022-05-09,89.0,93.0,88.6500015258789,91.75,91.16185760498047,66113.0
2022-05-10,93.0,93.0,86.30000305175781,89.05000305175781,88.47917175292969,65280.0
2022-05-11,88.05000305175781,90.4000015258789,81.94999694824219,83.1500015258789,82.61698913574219,111422.0
2022-05-12,83.4000015258789,83.4000015258789,79.8499984741211,81.4000015258789,80.87820434570312,89626.0
2022-05-13,81.94999694824219,84.5999984741211,81.8499984741211,84.19999694824219,83.6602554321289,56044.0
2022-05-16,84.5999984741211,86.94999694824219,82.5,85.5999984741211,85.05128479003906,35484.0
2022-05-17,85.9000015258789,89.44999694824219,85.9000015258789,88.9000015258789,88.33013153076172,42006.0
2022-05-18,89.0,91.80000305175781,85.6500015258789,88.0,87.43589782714844,60524.0
2022-05-19,86.0,86.5,84.30000305175781,85.75,85.20032501220703,35518.0
2022-05-20,86.0999984741211,89.9000015258789,86.0999984741211,87.55000305175781,86.98878479003906,45149.0
2022-05-23,88.19999694824219,91.44999694824219,86.55000305175781,87.3499984741211,86.7900619506836,49556.0
2022-05-24,86.5999984741211,88.69999694824219,84.30000305175781,84.44999694824219,83.90865325927734,34342.0
2022-05-25,86.5999984741211,87.30000305175781,80.80000305175781,81.5,80.9775619506836,38573.0
2022-05-26,84.0,84.44999694824219,80.25,82.5,81.97115325927734,29373.0
2022-05-27,83.0,85.30000305175781,82.0,82.5999984741211,82.07051086425781,36926.0
2022-05-30,83.5,84.25,82.19999694824219,82.8499984741211,82.31890869140625,78976.0
2022-05-31,84.0,84.0,82.5,83.1500015258789,82.61698913574219,27119.0
2022-06-01,82.5,84.0999984741211,81.5,81.8499984741211,81.3253173828125,32872.0
2022-06-02,82.5,84.0,81.8499984741211,82.1500015258789,81.62339782714844,49050.0
2022-06-03,83.80000305175781,84.55000305175781,82.3499984741211,83.44999694824219,82.9150619506836,79668.0
2022-06-06,83.44999694824219,83.75,81.05000305175781,81.8499984741211,81.3253173828125,15856.0
2022-06-07,82.0,83.30000305175781,78.5,79.5,78.99038696289062,44128.0
2022-06-08,80.94999694824219,81.0,78.30000305175781,80.6500015258789,80.13301849365234,85199.0
2022-06-09,78.0,82.0999984741211,78.0,81.0999984741211,80.58013153076172,59068.0
2022-06-10,80.80000305175781,80.9000015258789,79.0,80.05000305175781,79.536865234375,11397.0
2022-06-13,78.0,79.6500015258789,75.0,77.6500015258789,77.1522445678711,23798.0
2022-06-14,78.75,82.05000305175781,77.9000015258789,78.8499984741211,78.34455108642578,133934.0
2022-06-15,79.75,80.30000305175781,78.0,78.1500015258789,77.64904022216797,15843.0
2022-06-16,78.1500015258789,79.69999694824219,75.3499984741211,76.9000015258789,76.40705108642578,86369.0
2022-06-17,78.5,78.5,71.8499984741211,73.0,72.53205108642578,107823.0
2022-06-20,72.0999984741211,73.4000015258789,67.25,68.5,68.06089782714844,47804.0
2022-06-21,71.44999694824219,71.5,68.5,69.30000305175781,68.85577392578125,31944.0
2022-06-22,69.94999694824219,70.9000015258789,68.55000305175781,70.4000015258789,69.94872283935547,10892.0
2022-06-23,70.4000015258789,71.5999984741211,70.05000305175781,70.75,70.29647827148438,16902.0
2022-06-24,74.0,74.69999694824219,71.8499984741211,72.94999694824219,72.48236846923828,19305.0
2022-06-27,74.25,74.9000015258789,72.5999984741211,73.3499984741211,72.87980651855469,66055.0
2022-06-28,73.5,78.0,73.19999694824219,74.25,73.77404022216797,27193.0
2022-06-29,74.4000015258789,74.6500015258789,73.5,74.4000015258789,73.92308044433594,64137.0
2022-06-30,75.0999984741211,75.0999984741211,71.80000305175781,72.6500015258789,72.18429565429688,14160.0
2022-07-01,71.6500015258789,73.1500015258789,70.55000305175781,72.4000015258789,71.93589782714844,60285.0
2022-07-04,72.4000015258789,73.75,70.55000305175781,71.25,70.79327392578125,16496.0
2022-07-05,72.25,75.44999694824219,71.19999694824219,72.30000305175781,71.83654022216797,32840.0
2022-07-06,72.30000305175781,74.1500015258789,71.55000305175781,72.6500015258789,72.18429565429688,19556.0
2022-07-07,73.6500015258789,75.0,72.5999984741211,74.3499984741211,73.87339782714844,19202.0
2022-07-08,75.44999694824219,77.94999694824219,75.19999694824219,76.9000015258789,76.40705108642578,24842.0
2022-07-11,77.8499984741211,77.94999694824219,76.75,77.75,77.25160217285156,15832.0
2022-07-12,78.75,78.75,72.6500015258789,73.4000015258789,72.92948913574219,142192.0
2022-07-13,74.4000015258789,75.4000015258789,73.5,73.80000305175781,73.3269271850586,17403.0
2022-07-14,73.3499984741211,74.44999694824219,72.0999984741211,72.44999694824219,71.9855728149414,27180.0
2022-07-15,73.05000305175781,74.1500015258789,71.0999984741211,72.0999984741211,71.6378173828125,23522.0
2022-07-18,72.8499984741211,74.0,72.30000305175781,73.4000015258789,72.92948913574219,12985.0
2022-07-19,73.94999694824219,76.0,73.05000305175781,74.25,73.77404022216797,16056.0
2022-07-20,75.3499984741211,75.8499984741211,74.19999694824219,74.3499984741211,73.87339782714844,20621.0
2022-07-21,74.19999694824219,77.44999694824219,74.0,76.19999694824219,75.71154022216797,34397.0
2022-07-22,75.19999694824219,77.25,74.30000305175781,75.25,74.76763153076172,22101.0
2022-07-25,74.19999694824219,74.9000015258789,72.94999694824219,74.0999984741211,73.625,25628.0
2022-07-26,74.44999694824219,74.5,73.05000305175781,73.1500015258789,72.68109130859375,15408.0
2022-07-27,72.5,75.0,72.5,73.3499984741211,72.87980651855469,12994.0
2022-07-28,72.94999694824219,74.69999694824219,72.55000305175781,74.05000305175781,73.57532501220703,32601.0
2022-07-29,74.05000305175781,74.8499984741211,72.80000305175781,73.69999694824219,73.2275619506836,22960.0
2022-08-01,74.75,76.25,73.19999694824219,75.8499984741211,75.36378479003906,17678.0
2022-08-02,76.69999694824219,76.69999694824219,75.0999984741211,75.9000015258789,75.41346740722656,20077.0
2022-08-03,75.9000015258789,77.3499984741211,75.0,75.44999694824219,74.96634674072266,16593.0
2022-08-04,76.5,76.55000305175781,75.0,75.4000015258789,74.91667175292969,17596.0
2022-08-05,76.30000305175781,76.30000305175781,73.5,73.75,73.2772445678711,29726.0
2022-08-08,73.6500015258789,74.69999694824219,73.5999984741211,73.94999694824219,73.47595977783203,10554.0
2022-08-10,75.05000305175781,75.05000305175781,73.0999984741211,73.8499984741211,73.37660217285156,13785.0
2022-08-11,74.94999694824219,74.94999694824219,73.5,73.6500015258789,73.17788696289062,11230.0
2022-08-12,73.5999984741211,74.6500015258789,73.5999984741211,74.0999984741211,73.625,16500.0
2022-08-16,73.55000305175781,75.1500015258789,72.0999984741211,73.5999984741211,73.12820434570312,38831.0
2022-08-17,73.19999694824219,79.69999694824219,73.19999694824219,76.9000015258789,76.40705108642578,100335.0
2022-08-18,77.94999694824219,80.0,77.05000305175781,79.05000305175781,78.54327392578125,65775.0
2022-08-19,79.8499984741211,80.4000015258789,77.0,78.0999984741211,77.59935760498047,49690.0
2022-08-22,77.5,78.0,73.3499984741211,74.8499984741211,74.37019348144531,34179.0
2022-08-23,74.8499984741211,76.25,74.4000015258789,74.6500015258789,74.17147827148438,21656.0
2022-08-24,75.0,75.4000015258789,73.55000305175781,74.8499984741211,74.37019348144531,20999.0
2022-08-25,75.94999694824219,76.80000305175781,74.75,75.4000015258789,74.91667175292969,18333.0
2022-08-26,76.44999694824219,77.5,75.6500015258789,76.4000015258789,75.9102554321289,18608.0
2022-08-29,73.6500015258789,76.25,73.5,74.69999694824219,74.22115325927734,25061.0
2022-08-30,75.5999984741211,76.5999984741211,74.44999694824219,74.6500015258789,74.17147827148438,37023.0
2022-09-01,74.6500015258789,75.80000305175781,74.0999984741211,74.30000305175781,73.82372283935547,25987.0
2022-09-02,74.5,75.75,74.1500015258789,74.30000305175781,73.82372283935547,29436.0
2022-09-05,74.0,77.19999694824219,74.0,74.30000305175781,73.82372283935547,79627.0
2022-09-06,74.94999694824219,75.75,73.80000305175781,74.05000305175781,73.57532501220703,38190.0
2022-09-07,74.9000015258789,88.8499984741211,72.55000305175781,84.69999694824219,84.15705108642578,777437.0
2022-09-08,88.80000305175781,91.80000305175781,84.69999694824219,85.75,85.20032501220703,444031.0
2022-09-09,86.69999694824219,87.75,81.6500015258789,82.44999694824219,81.92147064208984,185047.0
2022-09-12,82.55000305175781,86.0,82.55000305175781,83.9000015258789,83.3621826171875,74543.0
2022-09-13,84.0,84.9000015258789,82.30000305175781,82.55000305175781,82.02083587646484,36506.0
2022-09-14,82.0,85.5,81.0,84.80000305175781,84.25641632080078,99763.0
2022-09-15,85.94999694824219,86.0,80.5999984741211,82.30000305175781,81.7724380493164,89082.0
2022-09-16,82.30000305175781,83.44999694824219,80.0,80.0999984741211,79.58654022216797,70780.0
2022-09-19,82.5,82.80000305175781,79.0999984741211,79.3499984741211,78.84134674072266,58714.0
2022-09-20,79.5,80.3499984741211,76.80000305175781,77.80000305175781,77.30128479003906,56082.0
2022-09-21,78.30000305175781,79.5999984741211,77.05000305175781,78.0,77.5,35653.0
2022-09-22,78.9000015258789,79.19999694824219,77.0999984741211,78.30000305175781,78.30000305175781,21640.0
2022-09-23,77.3499984741211,90.9000015258789,77.3499984741211,85.3499984741211,85.3499984741211,943611.0
2022-09-26,85.0,87.94999694824219,78.25,78.80000305175781,78.80000305175781,313439.0
2022-09-27,80.0,83.5,79.05000305175781,80.55000305175781,80.55000305175781,90894.0
2022-09-28,79.94999694824219,83.94999694824219,79.94999694824219,80.6500015258789,80.6500015258789,72368.0
2022-09-29,82.0,83.9000015258789,80.1500015258789,80.30000305175781,80.30000305175781,33378.0
2022-09-30,80.05000305175781,81.44999694824219,79.9000015258789,80.44999694824219,80.44999694824219,25915.0
2022-10-03,81.05000305175781,81.5999984741211,77.5,78.25,78.25,49447.0
2022-10-04,79.75,82.0,79.05000305175781,80.25,80.25,32108.0
2022-10-06,80.30000305175781,82.0,80.0,80.1500015258789,80.1500015258789,23590.0
2022-10-07,81.3499984741211,81.3499984741211,79.30000305175781,79.6500015258789,79.6500015258789,19179.0
2022-10-10,79.0,79.80000305175781,76.1500015258789,77.5999984741211,77.5999984741211,36172.0
2022-10-11,78.5999984741211,79.4000015258789,76.5999984741211,77.19999694824219,77.19999694824219,25462.0
2022-10-12,78.25,78.5,75.25,75.94999694824219,75.94999694824219,30162.0
2022-10-13,77.5999984741211,77.80000305175781,75.55000305175781,75.9000015258789,75.9000015258789,17979.0
2022-10-14,76.94999694824219,77.9000015258789,74.0,74.6500015258789,74.6500015258789,27291.0
2022-10-17,74.0,75.4000015258789,73.9000015258789,74.25,74.25,26313.0
2022-10-18,74.44999694824219,75.9000015258789,74.44999694824219,75.05000305175781,75.05000305175781,17799.0
2022-10-19,75.0,76.94999694824219,74.1500015258789,75.4000015258789,75.4000015258789,13752.0
2022-10-20,76.0,76.5,73.55000305175781,74.6500015258789,74.6500015258789,23384.0
2022-10-21,75.75,75.9000015258789,74.0,74.30000305175781,74.30000305175781,13181.0
2022-10-24,75.0,77.8499984741211,74.5999984741211,75.5999984741211,75.5999984741211,19810.0
2022-10-25,75.0999984741211,76.5999984741211,74.5999984741211,76.05000305175781,76.05000305175781,15041.0
2022-10-27,76.05000305175781,80.9000015258789,75.0999984741211,78.3499984741211,78.3499984741211,33736.0
2022-10-28,79.0999984741211,79.0999984741211,76.0,76.05000305175781,76.05000305175781,17450.0
2022-10-31,76.05000305175781,77.1500015258789,75.3499984741211,75.80000305175781,75.80000305175781,19918.0
2022-11-01,76.8499984741211,76.8499984741211,75.19999694824219,75.75,75.75,15252.0
2022-11-02,76.1500015258789,86.94999694824219,75.0999984741211,79.80000305175781,79.80000305175781,175722.0
2022-11-03,79.1500015258789,80.0,78.0,78.55000305175781,78.55000305175781,25837.0
2022-11-04,79.30000305175781,80.0,77.4000015258789,78.0999984741211,78.0999984741211,16515.0
2022-11-07,78.0999984741211,79.44999694824219,77.0,78.05000305175781,78.05000305175781,22675.0
2022-11-09,77.5,82.30000305175781,77.25,80.75,80.75,87407.0
2022-11-10,80.1500015258789,81.8499984741211,75.0999984741211,77.4000015258789,77.4000015258789,90702.0
2022-11-11,77.94999694824219,78.8499984741211,76.75,77.19999694824219,77.19999694824219,21286.0
2022-11-14,77.25,78.44999694824219,76.4000015258789,77.1500015258789,77.1500015258789,23268.0
2022-11-15,77.94999694824219,78.5,77.0,77.1500015258789,77.1500015258789,11403.0
2022-11-16,76.5,79.8499984741211,76.5,77.75,77.75,21327.0
2022-11-17,79.5,79.5,76.05000305175781,76.80000305175781,76.80000305175781,22154.0
2022-11-18,76.80000305175781,77.94999694824219,75.55000305175781,76.05000305175781,76.05000305175781,31038.0
2022-11-21,76.94999694824219,77.0,75.4000015258789,75.55000305175781,75.55000305175781,12960.0
2022-11-22,76.05000305175781,77.3499984741211,74.0,74.30000305175781,74.30000305175781,32925.0
2022-11-23,75.05000305175781,75.9000015258789,73.80000305175781,73.94999694824219,73.94999694824219,29134.0
2022-11-24,74.0999984741211,75.0,73.75,74.25,74.25,26986.0
2022-11-25,75.0,75.0,70.1500015258789,71.94999694824219,71.94999694824219,47808.0
2022-11-28,71.80000305175781,73.94999694824219,71.75,72.6500015258789,72.6500015258789,28630.0
2022-11-29,72.55000305175781,76.94999694824219,72.4000015258789,73.69999694824219,73.69999694824219,64299.0
2022-11-30,74.0,74.3499984741211,72.0,72.8499984741211,72.8499984741211,36566.0
2022-12-01,73.05000305175781,74.75,73.0,74.05000305175781,74.05000305175781,16470.0
2022-12-02,74.05000305175781,75.19999694824219,74.0,74.4000015258789,74.4000015258789,21071.0
2022-12-05,74.44999694824219,75.94999694824219,74.44999694824219,75.6500015258789,75.6500015258789,25884.0
2022-12-06,75.69999694824219,76.5,75.0,75.1500015258789,75.1500015258789,16976.0
2022-12-07,75.0999984741211,75.1500015258789,74.0,74.05000305175781,74.05000305175781,21921.0
2022-12-08,73.5999984741211,75.0999984741211,73.5,73.55000305175781,73.55000305175781,23188.0
2022-12-09,73.5,75.0,73.0999984741211,73.5999984741211,73.5999984741211,24796.0
2022-12-12,73.94999694824219,74.9000015258789,73.44999694824219,74.1500015258789,74.1500015258789,12416.0
2022-12-13,74.9000015258789,75.0999984741211,73.55000305175781,73.9000015258789,73.9000015258789,19803.0
2022-12-14,74.0,74.9000015258789,72.69999694824219,73.4000015258789,73.4000015258789,36022.0
2022-12-15,73.94999694824219,74.55000305175781,73.4000015258789,73.69999694824219,73.69999694824219,15517.0
2022-12-16,73.9000015258789,74.3499984741211,72.69999694824219,73.1500015258789,73.1500015258789,19834.0
2022-12-19,73.94999694824219,73.94999694824219,73.0,73.19999694824219,73.19999694824219,19413.0
2022-12-20,73.30000305175781,73.9000015258789,73.05000305175781,73.44999694824219,73.44999694824219,13836.0
2022-12-21,73.9000015258789,74.5,72.05000305175781,72.25,72.25,30735.0
2022-12-22,72.05000305175781,72.94999694824219,70.0,70.1500015258789,70.1500015258789,28866.0
2022-12-23,70.0,70.0,67.30000305175781,68.05000305175781,68.05000305175781,47554.0
2022-12-26,67.6500015258789,69.94999694824219,67.6500015258789,69.44999694824219,69.44999694824219,13013.0
2022-12-27,71.0,71.75,69.6500015258789,70.8499984741211,70.8499984741211,18771.0
2022-12-28,70.8499984741211,71.0,69.30000305175781,69.75,69.75,18649.0
2022-12-29,69.05000305175781,70.75,69.05000305175781,69.5,69.5,23887.0
2022-12-30,69.5999984741211,70.4000015258789,67.0,68.0999984741211,68.0999984741211,57338.0
2023-01-02,68.0999984741211,68.94999694824219,67.05000305175781,68.44999694824219,68.44999694824219,21099.0
2023-01-03,68.94999694824219,69.5999984741211,68.5,69.05000305175781,69.05000305175781,17953.0
2023-01-04,69.55000305175781,70.0,68.25,69.55000305175781,69.55000305175781,21496.0
2023-01-05,70.30000305175781,70.4000015258789,69.05000305175781,69.30000305175781,69.30000305175781,9920.0
2023-01-06,70.0999984741211,70.0999984741211,68.75,69.1500015258789,69.1500015258789,12748.0
2023-01-09,69.1500015258789,70.55000305175781,68.5,68.6500015258789,68.6500015258789,12354.0
2023-01-10,68.6500015258789,69.55000305175781,68.30000305175781,68.55000305175781,68.55000305175781,9737.0
2023-01-11,69.44999694824219,69.80000305175781,68.80000305175781,69.3499984741211,69.3499984741211,7098.0
2023-01-12,69.05000305175781,69.8499984741211,69.05000305175781,69.25,69.25,15393.0
2023-01-13,69.30000305175781,69.6500015258789,68.0,68.5,68.5,16978.0
2023-01-16,68.94999694824219,69.0,65.9000015258789,66.6500015258789,66.6500015258789,59219.0
2023-01-17,67.0999984741211,68.9000015258789,66.6500015258789,68.3499984741211,68.3499984741211,10277.0
2023-01-18,68.4000015258789,68.5,67.30000305175781,67.5999984741211,67.5999984741211,11707.0
2023-01-19,68.05000305175781,68.44999694824219,67.5,68.0,68.0,11605.0
2023-01-20,67.1500015258789,68.5999984741211,65.19999694824219,66.55000305175781,66.55000305175781,32548.0
2023-01-23,67.44999694824219,67.44999694824219,66.0,66.1500015258789,66.1500015258789,11635.0
2023-01-24,66.19999694824219,67.05000305175781,66.19999694824219,66.25,66.25,6293.0
2023-01-25,66.30000305175781,67.3499984741211,65.0999984741211,65.1500015258789,65.1500015258789,16860.0
2023-01-27,66.05000305175781,66.05000305175781,59.0,60.25,60.25,93525.0
2023-01-30,61.150001525878906,62.25,60.150001525878906,61.70000076293945,61.70000076293945,14778.0
2023-01-31,61.95000076293945,65.1500015258789,61.54999923706055,63.150001525878906,63.150001525878906,18970.0
2023-02-01,63.849998474121094,67.5,63.650001525878906,63.95000076293945,63.95000076293945,42484.0
2023-02-02,64.8499984741211,64.8499984741211,63.349998474121094,63.650001525878906,63.650001525878906,5738.0
2023-02-03,63.79999923706055,64.5,62.150001525878906,62.849998474121094,62.849998474121094,16384.0
2023-02-06,63.0,63.599998474121094,62.0,62.25,62.25,17158.0
2023-02-07,62.25,65.0,61.650001525878906,62.0,62.0,49175.0
2023-02-08,64.5,64.94999694824219,62.04999923706055,63.04999923706055,63.04999923706055,36080.0
2023-02-09,63.75,63.95000076293945,61.54999923706055,62.349998474121094,62.349998474121094,21498.0
2023-02-10,62.849998474121094,63.599998474121094,62.400001525878906,62.900001525878906,62.900001525878906,17946.0
2023-02-13,62.849998474121094,63.75,61.0,61.75,61.75,34351.0
2023-02-14,62.0,65.69999694824219,61.45000076293945,63.349998474121094,63.349998474121094,44221.0
2023-02-15,64.8499984741211,64.8499984741211,60.0,61.20000076293945,61.20000076293945,40246.0
2023-02-16,62.0,62.900001525878906,61.150001525878906,61.599998474121094,61.599998474121094,12199.0
2023-02-17,61.599998474121094,62.650001525878906,61.25,61.70000076293945,61.70000076293945,31873.0
2023-02-20,61.5,61.5,59.25,60.5,60.5,37506.0
2023-02-21,61.20000076293945,61.95000076293945,60.04999923706055,60.349998474121094,60.349998474121094,17200.0
2023-02-22,59.29999923706055,60.95000076293945,59.29999923706055,60.099998474121094,60.099998474121094,14276.0
2023-02-23,60.849998474121094,60.849998474121094,59.5,60.0,60.0,14764.0
2023-02-24,60.0,61.900001525878906,54.45000076293945,60.70000076293945,60.70000076293945,75286.0
2023-02-27,60.04999923706055,60.20000076293945,56.5,56.79999923706055,56.79999923706055,38816.0
2023-02-28,57.599998474121094,57.599998474121094,56.599998474121094,56.75,56.75,15312.0
2023-03-01,57.54999923706055,61.95000076293945,56.70000076293945,59.25,59.25,31688.0
2023-03-02,60.0,60.79999923706055,59.0,59.20000076293945,59.20000076293945,8301.0
2023-03-03,60.099998474121094,60.54999923706055,57.650001525878906,58.29999923706055,58.29999923706055,32488.0
2023-03-06,59.45000076293945,60.45000076293945,57.70000076293945,58.20000076293945,58.20000076293945,20056.0
2023-03-08,59.04999923706055,59.04999923706055,58.25,58.70000076293945,58.70000076293945,7558.0
2023-03-09,58.70000076293945,59.5,58.5,58.599998474121094,58.599998474121094,6132.0
2023-03-10,58.5,59.099998474121094,57.599998474121094,57.79999923706055,57.79999923706055,12432.0
2023-03-13,58.04999923706055,58.04999923706055,55.25,56.099998474121094,56.099998474121094,15747.0
2023-03-14,56.099998474121094,56.54999923706055,53.54999923706055,53.95000076293945,53.95000076293945,40498.0
2023-03-15,54.45000076293945,54.45000076293945,52.0,52.099998474121094,52.099998474121094,46252.0
2023-03-16,52.79999923706055,52.79999923706055,49.650001525878906,50.79999923706055,50.79999923706055,47533.0
2023-03-17,51.5,60.95000076293945,51.099998474121094,60.29999923706055,60.29999923706055,476538.0
2023-03-20,58.0,68.4000015258789,54.599998474121094,64.5,64.5,256460.0
2023-03-21,65.0,66.5,63.0,63.79999923706055,63.79999923706055,151673.0
2023-03-22,63.0,76.55000305175781,63.0,76.55000305175781,76.55000305175781,1233957.0
2023-03-23,78.0,84.0,77.19999694824219,82.5,82.5,1190341.0
2023-03-24,80.19999694824219,85.0,76.9000015258789,84.30000305175781,84.30000305175781,474562.0
2023-03-27,82.30000305175781,89.80000305175781,79.80000305175781,87.05000305175781,87.05000305175781,602132.0
2023-03-28,86.0999984741211,89.4000015258789,82.0,82.6500015258789,82.6500015258789,229418.0
2023-03-29,81.5,85.4000015258789,80.19999694824219,81.5,81.5,212890.0
2023-03-31,80.55000305175781,84.0,77.9000015258789,79.6500015258789,79.6500015258789,217723.0
2023-04-03,82.69999694824219,86.5,80.55000305175781,85.3499984741211,85.3499984741211,128365.0
2023-04-05,85.3499984741211,88.5,84.5,86.9000015258789,86.9000015258789,185351.0
2023-04-06,87.4000015258789,87.75,83.3499984741211,85.80000305175781,85.80000305175781,90500.0
2023-04-10,85.80000305175781,90.0,82.9000015258789,86.55000305175781,86.55000305175781,109592.0
2023-04-11,88.8499984741211,88.8499984741211,84.0,85.1500015258789,85.1500015258789,32165.0
2023-04-12,85.0,92.0,84.19999694824219,90.05000305175781,90.05000305175781,247963.0
2023-04-13,90.0999984741211,91.9000015258789,86.55000305175781,87.55000305175781,87.55000305175781,70306.0
2023-04-17,87.0,89.55000305175781,85.0999984741211,87.9000015258789,87.9000015258789,74143.0
2023-04-18,88.94999694824219,89.94999694824219,86.25,86.94999694824219,86.94999694824219,45745.0
2023-04-19,88.5,91.4000015258789,86.0,88.05000305175781,88.05000305175781,159280.0
2023-04-20,90.8499984741211,90.8499984741211,86.0,86.55000305175781,86.55000305175781,106199.0
2023-04-21,86.55000305175781,87.44999694824219,85.5,86.3499984741211,86.3499984741211,69099.0
2023-04-24,85.1500015258789,88.4000015258789,85.1500015258789,87.4000015258789,87.4000015258789,57453.0
2023-04-25,86.69999694824219,91.5,86.55000305175781,87.8499984741211,87.8499984741211,278472.0
2023-04-26,89.69999694824219,89.69999694824219,85.0999984741211,86.0999984741211,86.0999984741211,191534.0
2023-04-27,86.1500015258789,87.75,84.0,84.75,84.75,93564.0
2023-04-28,85.80000305175781,86.0,84.5999984741211,85.05000305175781,85.05000305175781,63185.0
2023-05-02,84.0,86.75,83.25,83.8499984741211,83.8499984741211,47955.0
2023-05-03,84.6500015258789,84.6500015258789,83.0999984741211,83.5,83.5,14527.0
2023-05-04,84.8499984741211,85.0,83.5,83.55000305175781,83.55000305175781,45408.0
2023-05-05,83.0999984741211,83.0999984741211,82.0,82.05000305175781,82.05000305175781,19516.0
2023-05-08,82.1500015258789,84.19999694824219,82.1500015258789,82.55000305175781,82.55000305175781,11068.0
2023-05-09,82.55000305175781,84.3499984741211,82.4000015258789,82.75,82.75,13161.0
2023-05-10,82.80000305175781,91.0,81.80000305175781,90.1500015258789,90.1500015258789,245060.0
2023-05-11,91.9000015258789,93.19999694824219,81.80000305175781,82.5999984741211,82.5999984741211,429592.0
2023-05-12,82.94999694824219,84.0,82.6500015258789,83.25,83.25,68530.0
2023-05-15,84.0,86.8499984741211,83.25,85.5999984741211,85.5999984741211,37905.0
2023-05-16,86.9000015258789,87.44999694824219,82.44999694824219,83.25,83.25,182878.0
2023-05-17,83.30000305175781,89.9000015258789,83.25,86.69999694824219,86.69999694824219,250950.0
2023-05-18,87.5,88.94999694824219,82.1500015258789,86.19999694824219,86.19999694824219,171431.0
2023-05-19,84.0,87.9000015258789,83.0999984741211,85.75,85.75,207086.0
2023-05-22,87.4000015258789,87.4000015258789,78.0999984741211,79.1500015258789,79.1500015258789,270483.0
2023-05-23,80.4000015258789,81.8499984741211,80.0,80.4000015258789,80.4000015258789,31463.0
2023-05-24,80.4000015258789,81.55000305175781,80.4000015258789,80.9000015258789,80.9000015258789,56045.0
2023-05-25,82.1500015258789,82.1500015258789,79.6500015258789,80.0999984741211,80.0999984741211,13649.0
2023-05-26,80.1500015258789,81.69999694824219,79.0,79.94999694824219,79.94999694824219,8478.0
2023-05-29,80.0,81.1500015258789,79.0,79.5999984741211,79.5999984741211,21421.0
2023-05-30,80.44999694824219,80.44999694824219,78.30000305175781,79.30000305175781,79.30000305175781,12840.0
2023-05-31,79.30000305175781,81.0,78.0999984741211,78.6500015258789,78.6500015258789,26572.0
2023-06-01,79.8499984741211,80.0,78.5,79.69999694824219,79.69999694824219,8724.0
2023-06-02,81.0,81.0,78.19999694824219,78.94999694824219,78.94999694824219,15533.0
2023-06-05,79.5,80.30000305175781,78.5,78.80000305175781,78.80000305175781,14472.0
2023-06-06,79.75,80.0,78.5,79.25,79.25,14920.0
2023-06-07,79.0,80.5,79.0,79.1500015258789,79.1500015258789,39650.0
2023-06-08,79.80000305175781,81.0,79.0,79.30000305175781,79.30000305175781,27237.0
2023-06-09,80.5,81.0,77.80000305175781,79.5,79.5,54451.0
2023-06-12,80.9000015258789,81.0,79.05000305175781,79.30000305175781,79.30000305175781,19185.0
2023-06-13,80.44999694824219,80.44999694824219,79.0,79.19999694824219,79.19999694824219,95815.0
2023-06-14,78.5999984741211,79.55000305175781,78.0,78.0999984741211,78.0999984741211,72672.0
2023-06-15,78.0999984741211,79.5999984741211,77.9000015258789,78.5999984741211,78.5999984741211,93362.0
2023-06-16,79.5,79.9000015258789,78.0,78.69999694824219,78.69999694824219,66507.0
2023-06-19,78.69999694824219,78.8499984741211,76.19999694824219,76.3499984741211,76.3499984741211,37730.0
2023-06-20,76.0,77.0,73.25,75.0,75.0,42251.0
2023-06-21,75.0,77.0,75.0,75.8499984741211,75.8499984741211,11165.0
2023-06-22,75.8499984741211,76.3499984741211,75.05000305175781,75.19999694824219,75.19999694824219,4573.0
2023-06-23,75.19999694824219,75.19999694824219,71.44999694824219,72.5,72.5,59424.0
2023-06-26,72.5,73.8499984741211,70.8499984741211,72.3499984741211,72.3499984741211,12165.0
2023-06-27,72.30000305175781,73.80000305175781,71.0,71.3499984741211,71.3499984741211,15888.0
2023-06-28,71.0,73.0,71.0,71.30000305175781,71.30000305175781,14822.0
2023-06-30,71.30000305175781,71.30000305175781,70.05000305175781,70.9000015258789,70.9000015258789,16462.0
2023-07-03,72.80000305175781,72.80000305175781,70.05000305175781,70.25,70.25,5748.0
2023-07-04,70.25,71.5,68.5,68.75,68.75,18251.0
2023-07-05,70.0,70.69999694824219,68.0,70.69999694824219,70.69999694824219,34246.0
2023-07-06,71.4000015258789,71.5999984741211,70.0,71.3499984741211,71.3499984741211,5611.0
2023-07-07,71.3499984741211,71.94999694824219,70.0999984741211,70.25,70.25,6148.0
2023-07-10,69.05000305175781,71.69999694824219,69.05000305175781,70.0,70.0,8507.0
2023-07-11,70.0,73.5,68.0,71.8499984741211,71.8499984741211,21757.0
2023-07-12,70.30000305175781,72.0999984741211,70.30000305175781,70.94999694824219,70.94999694824219,5752.0
2023-07-13,71.0,71.0,69.05000305175781,69.19999694824219,69.19999694824219,12687.0
2023-07-14,69.19999694824219,69.94999694824219,69.0,69.55000305175781,69.55000305175781,6032.0
2023-07-17,69.0,70.69999694824219,68.0,69.19999694824219,69.19999694824219,15851.0
2023-07-18,69.4000015258789,69.9000015258789,68.19999694824219,69.4000015258789,69.4000015258789,8895.0
2023-07-19,68.25,69.75,67.5,67.8499984741211,67.8499984741211,22692.0
2023-07-20,68.75,68.75,67.0,67.25,67.25,7947.0
2023-07-21,67.25,68.75,66.0,66.9000015258789,66.9000015258789,14416.0
2023-07-24,66.9000015258789,67.94999694824219,66.0,66.19999694824219,66.19999694824219,9941.0
2023-07-25,66.5,67.75,65.5,66.6500015258789,66.6500015258789,9158.0
2023-07-26,66.5,68.0999984741211,65.25,67.75,67.75,33883.0
2023-07-27,68.0,68.0,66.55000305175781,66.80000305175781,66.80000305175781,5431.0
2023-07-28,66.80000305175781,68.9000015258789,65.0,65.8499984741211,65.8499984741211,25817.0
2023-07-31,65.0,65.94999694824219,64.75,65.0,65.0,41032.0
2023-08-01,64.05000305175781,65.94999694824219,64.05000305175781,64.94999694824219,64.94999694824219,15873.0
2023-08-02,64.5,65.9000015258789,63.04999923706055,64.8499984741211,64.8499984741211,10060.0
2023-08-03,65.69999694824219,68.05000305175781,63.0,67.9000015258789,67.9000015258789,90999.0
2023-08-04,67.80000305175781,71.0999984741211,66.4000015258789,69.69999694824219,69.69999694824219,68466.0
2023-08-07,71.0,73.0,70.0,71.9000015258789,71.9000015258789,43925.0
2023-08-08,73.0,75.0,71.9000015258789,74.05000305175781,74.05000305175781,37175.0
2023-08-09,74.05000305175781,75.75,74.05000305175781,74.5,74.5,45791.0
2023-08-10,75.05000305175781,75.94999694824219,73.0,73.19999694824219,73.19999694824219,17464.0
2023-08-11,73.94999694824219,75.0,73.94999694824219,74.0,74.0,14984.0
2023-08-14,74.0,77.44999694824219,73.0,75.0,75.0,25733.0
2023-08-16,75.0,78.44999694824219,74.5,76.1500015258789,76.1500015258789,50956.0
2023-08-17,76.94999694824219,77.25,74.5,74.5,74.5,17030.0
2023-08-18,75.94999694824219,77.0,72.4000015258789,75.0999984741211,75.0999984741211,25002.0
2023-08-21,76.5,76.5,73.55000305175781,73.69999694824219,73.69999694824219,6108.0
2023-08-22,73.94999694824219,74.0,72.19999694824219,72.5999984741211,72.5999984741211,26060.0
2023-08-23,73.0,73.80000305175781,71.3499984741211,72.5999984741211,72.5999984741211,11717.0
2023-08-24,73.4000015258789,76.05000305175781,71.30000305175781,74.3499984741211,74.3499984741211,21990.0
2023-08-25,75.80000305175781,75.80000305175781,72.25,72.6500015258789,72.6500015258789,9625.0
2023-08-28,72.80000305175781,74.5,70.4000015258789,72.94999694824219,72.94999694824219,53036.0
2023-08-29,73.0,73.69999694824219,72.0,72.80000305175781,72.80000305175781,16807.0
2023-08-30,72.5,73.0,72.0999984741211,72.75,72.75,14259.0
2023-08-31,72.75,73.69999694824219,72.05000305175781,73.3499984741211,73.3499984741211,14849.0
2023-09-01,73.80000305175781,73.80000305175781,72.05000305175781,72.3499984741211,72.3499984741211,12400.0
2023-09-04,72.3499984741211,74.0,71.80000305175781,71.9000015258789,71.9000015258789,15062.0
2023-09-05,72.5,72.80000305175781,72.0,72.1500015258789,72.1500015258789,27325.0
2023-09-06,72.55000305175781,72.8499984741211,71.5,71.5,71.5,6964.0
2023-09-07,72.8499984741211,72.8499984741211,71.0,72.30000305175781,72.30000305175781,43721.0
2023-09-08,72.94999694824219,72.94999694824219,71.0,72.05000305175781,72.05000305175781,14290.0
2023-09-11,71.05000305175781,72.8499984741211,71.0,71.5,71.5,10115.0
2023-09-12,71.5,71.5,69.0,69.4000015258789,69.4000015258789,47315.0
2023-09-13,68.69999694824219,70.44999694824219,68.5999984741211,69.9000015258789,69.9000015258789,21085.0
2023-09-14,69.5999984741211,70.0,68.55000305175781,69.0999984741211,69.0999984741211,17716.0
2023-09-15,69.9000015258789,70.0,68.19999694824219,68.5999984741211,68.5999984741211,12723.0
2023-09-18,68.80000305175781,72.0,65.19999694824219,70.4000015258789,70.4000015258789,37305.0
2023-09-20,70.4000015258789,72.0,70.05000305175781,71.25,71.25,9774.0
2023-09-21,71.0,71.0,69.5999984741211,70.3499984741211,70.3499984741211,8499.0
2023-09-22,70.0,70.0,68.19999694824219,68.6500015258789,68.6500015258789,10372.0
2023-09-25,73.94999694824219,75.0,72.05000305175781,72.69999694824219,72.69999694824219,108865.0
2023-09-26,72.69999694824219,87.19999694824219,72.25,87.0,87.0,2672398.0
2023-09-27,88.80000305175781,94.94999694824219,80.5,81.5999984741211,81.5999984741211,1976643.0
2023-09-28,82.5,84.4000015258789,81.5,82.55000305175781,82.55000305175781,153581.0
2023-09-29,83.4000015258789,84.5,82.6500015258789,83.25,83.25,56084.0
2023-10-03,83.9000015258789,84.05000305175781,81.25,81.9000015258789,81.9000015258789,97710.0
2023-10-04,82.69999694824219,83.4000015258789,78.3499984741211,81.75,81.75,170814.0
2023-10-05,80.5,84.1500015258789,80.5,80.80000305175781,80.80000305175781,119383.0
2023-10-06,81.05000305175781,85.5,81.0,84.0999984741211,84.0999984741211,215360.0
2023-10-09,83.0,84.0999984741211,80.80000305175781,82.5,82.5,64304.0
2023-10-10,83.6500015258789,91.94999694824219,82.5,83.05000305175781,83.05000305175781,416809.0
2023-10-11,83.8499984741211,86.44999694824219,83.6500015258789,85.5,85.5,340367.0
2023-10-12,86.9000015258789,87.0,85.05000305175781,85.6500015258789,85.6500015258789,109582.0
2023-10-13,85.0,85.94999694824219,82.80000305175781,85.44999694824219,85.44999694824219,49501.0
2023-10-16,85.05000305175781,86.94999694824219,85.05000305175781,85.6500015258789,85.6500015258789,43265.0
2023-10-17,86.5,86.5,82.4000015258789,83.4000015258789,83.4000015258789,89066.0
2023-10-18,82.5999984741211,84.9000015258789,82.5999984741211,84.5999984741211,84.5999984741211,41520.0
2023-10-19,83.3499984741211,85.0,82.5999984741211,84.0999984741211,84.0999984741211,56330.0
2023-10-20,85.05000305175781,85.30000305175781,82.1500015258789,82.3499984741211,82.3499984741211,30949.0
2023-10-23,82.3499984741211,83.0,76.0999984741211,77.0999984741211,77.0999984741211,53346.0
2023-10-25,78.0,81.9000015258789,72.44999694824219,80.3499984741211,80.3499984741211,69362.0
2023-10-26,80.94999694824219,80.94999694824219,76.9000015258789,79.8499984741211,79.8499984741211,28070.0
2023-10-27,80.9000015258789,81.4000015258789,78.1500015258789,78.8499984741211,78.8499984741211,22100.0
2023-10-30,78.30000305175781,88.0,78.30000305175781,84.25,84.25,225458.0
2023-10-31,88.6500015258789,91.0999984741211,84.25,85.30000305175781,85.30000305175781,347634.0
2023-11-01,85.94999694824219,87.9000015258789,85.0,85.4000015258789,85.4000015258789,82284.0
2023-11-02,86.19999694824219,102.44999694824219,83.5,95.30000305175781,95.30000305175781,2016959.0
2023-11-03,93.94999694824219,102.0,85.5,88.5999984741211,88.5999984741211,1287524.0
2023-11-06,88.9000015258789,90.9000015258789,87.0,87.9000015258789,87.9000015258789,164690.0
2023-11-07,88.0,90.5999984741211,87.0,87.8499984741211,87.8499984741211,106241.0
2023-11-08,87.8499984741211,89.69999694824219,85.5,85.75,85.75,86468.0
2023-11-09,86.25,87.8499984741211,84.9000015258789,85.1500015258789,85.1500015258789,42055.0
2023-11-10,85.94999694824219,88.19999694824219,84.30000305175781,85.1500015258789,85.1500015258789,97739.0
2023-11-13,84.5999984741211,88.0,84.5999984741211,85.8499984741211,85.8499984741211,98548.0
2023-11-15,85.8499984741211,88.8499984741211,84.5999984741211,85.1500015258789,85.1500015258789,87663.0
2023-11-16,84.19999694824219,87.4000015258789,84.19999694824219,86.3499984741211,86.3499984741211,67214.0
2023-11-17,86.30000305175781,86.44999694824219,85.55000305175781,85.75,85.75,16466.0
2023-11-20,86.75,86.9000015258789,85.05000305175781,85.94999694824219,85.94999694824219,33898.0
2023-11-21,87.0,87.75,85.5,85.5999984741211,85.5999984741211,31637.0
2023-11-22,85.5999984741211,86.6500015258789,83.5,83.9000015258789,83.9000015258789,48571.0
2023-11-23,84.25,85.55000305175781,83.30000305175781,84.3499984741211,84.3499984741211,73797.0
2023-11-24,84.5999984741211,86.4000015258789,83.30000305175781,83.69999694824219,83.69999694824219,55400.0
2023-11-28,83.3499984741211,85.5,82.19999694824219,83.1500015258789,83.1500015258789,50846.0
2023-11-29,83.3499984741211,84.30000305175781,81.19999694824219,81.55000305175781,81.55000305175781,52682.0
2023-11-30,82.30000305175781,82.75,80.80000305175781,81.8499984741211,81.8499984741211,120726.0
2023-12-01,83.0,83.0,81.05000305175781,82.19999694824219,82.19999694824219,74617.0
2023-12-04,83.30000305175781,83.30000305175781,81.0,81.3499984741211,81.3499984741211,30482.0
2023-12-05,81.44999694824219,82.5,80.80000305175781,81.55000305175781,81.55000305175781,29238.0
2023-12-06,81.94999694824219,82.0,80.19999694824219,81.05000305175781,81.05000305175781,40556.0
2023-12-07,81.5,83.0,80.0,81.94999694824219,81.94999694824219,37780.0
2023-12-08,82.4000015258789,82.4000015258789,80.5,81.4000015258789,81.4000015258789,19513.0
2023-12-11,81.80000305175781,82.0,80.55000305175781,80.8499984741211,80.8499984741211,24894.0
2023-12-12,81.25,84.5999984741211,80.6500015258789,83.4000015258789,83.4000015258789,66464.0
2023-12-13,84.0,86.0,82.80000305175781,83.25,83.25,23401.0
2023-12-14,84.19999694824219,84.19999694824219,82.69999694824219,83.5,83.5,16495.0
2023-12-15,83.6500015258789,87.5,81.5,83.55000305175781,83.55000305175781,52624.0
2023-12-18,82.6500015258789,83.55000305175781,81.0,81.8499984741211,81.8499984741211,25185.0
2023-12-19,83.69999694824219,88.80000305175781,82.1500015258789,86.94999694824219,86.94999694824219,828130.0
2023-12-20,87.0,90.0,79.6500015258789,80.05000305175781,80.05000305175781,580452.0
2023-12-21,80.19999694824219,82.8499984741211,80.19999694824219,81.80000305175781,81.80000305175781,43138.0
2023-12-22,82.94999694824219,90.0,82.5999984741211,85.5,85.5,433099.0
2023-12-26,85.5,89.75,78.5,79.19999694824219,79.19999694824219,1671867.0
2023-12-27,79.75,81.0999984741211,77.05000305175781,78.0,78.0,293307.0
2023-12-28,78.80000305175781,79.8499984741211,78.19999694824219,78.80000305175781,78.80000305175781,76151.0
2023-12-29,79.44999694824219,80.44999694824219,78.5,79.69999694824219,79.69999694824219,37413.0
2024-01-01,79.94999694824219,82.75,79.94999694824219,81.0,81.0,111460.0
2024-01-02,80.5,81.9000015258789,80.4000015258789,81.19999694824219,81.19999694824219,54997.0
2024-01-03,80.55000305175781,82.0,80.5,81.05000305175781,81.05000305175781,53570.0
2024-01-04,82.25,82.9000015258789,81.5,82.4000015258789,82.4000015258789,97264.0
2024-01-05,83.19999694824219,83.19999694824219,80.3499984741211,80.80000305175781,80.80000305175781,63931.0
2024-01-08,80.0999984741211,82.3499984741211,80.05000305175781,80.55000305175781,80.55000305175781,58430.0
2024-01-09,82.5,82.5,80.1500015258789,80.69999694824219,80.69999694824219,43867.0
2024-01-10,80.19999694824219,81.3499984741211,79.69999694824219,80.0999984741211,80.0999984741211,56554.0
2024-01-11,80.30000305175781,80.9000015258789,79.0,80.05000305175781,80.05000305175781,43152.0
2024-01-12,81.0,81.0,79.0999984741211,79.5999984741211,79.5999984741211,51666.0
2024-01-15,80.75,81.0,79.0,79.5,79.5,40751.0
2024-01-16,80.9000015258789,80.9000015258789,78.25,78.75,78.75,49652.0
2024-01-17,78.8499984741211,80.0,78.5,79.55000305175781,79.55000305175781,30782.0
2024-01-18,78.1500015258789,80.1500015258789,78.1500015258789,78.80000305175781,78.80000305175781,17026.0
2024-01-19,79.94999694824219,81.0,78.4000015258789,80.19999694824219,80.19999694824219,57330.0
2024-01-23,80.0,80.0,74.5,76.0,76.0,33047.0
2024-01-24,76.0,77.9000015258789,76.0,77.05000305175781,77.05000305175781,24435.0
2024-01-25,77.5,78.9000015258789,77.0999984741211,77.4000015258789,77.4000015258789,14652.0
2024-01-29,79.4000015258789,79.4000015258789,76.80000305175781,76.9000015258789,76.9000015258789,41938.0
2024-01-30,77.0999984741211,78.6500015258789,76.5,77.05000305175781,77.05000305175781,22694.0
2024-01-31,77.05000305175781,78.75,77.05000305175781,77.55000305175781,77.55000305175781,33525.0
2024-02-01,78.5,79.0,75.6500015258789,76.69999694824219,76.69999694824219,35560.0
2024-02-02,78.25,78.80000305175781,76.8499984741211,78.44999694824219,78.44999694824219,47137.0
2024-02-05,79.5999984741211,79.5999984741211,76.25,76.9000015258789,76.9000015258789,53752.0
2024-02-06,77.5,78.0,76.69999694824219,76.94999694824219,76.94999694824219,25487.0
2024-02-07,77.9000015258789,78.80000305175781,76.5,76.94999694824219,76.94999694824219,46584.0
2024-02-08,77.0999984741211,77.80000305175781,75.0,76.19999694824219,76.19999694824219,29628.0
2024-02-09,76.19999694824219,76.9000015258789,75.0999984741211,75.5999984741211,75.5999984741211,24183.0
2024-02-12,74.19999694824219,76.5999984741211,74.19999694824219,74.6500015258789,74.6500015258789,19428.0
2024-02-13,74.6500015258789,75.0999984741211,72.1500015258789,73.30000305175781,73.30000305175781,35839.0
2024-02-14,72.0999984741211,75.0,71.0999984741211,74.1500015258789,74.1500015258789,15171.0
2024-02-15,76.9000015258789,77.0,75.0999984741211,76.0,76.0,23990.0
2024-02-16,77.44999694824219,77.44999694824219,73.0,74.8499984741211,74.8499984741211,17276.0
2024-02-19,76.19999694824219,76.44999694824219,74.5,74.9000015258789,74.9000015258789,28307.0
2024-02-20,74.30000305175781,80.0,74.30000305175781,76.19999694824219,76.19999694824219,92929.0
2024-02-21,76.94999694824219,77.69999694824219,75.80000305175781,76.4000015258789,76.4000015258789,23940.0
2024-02-22,76.9000015258789,81.0,76.8499984741211,79.3499984741211,79.3499984741211,132850.0
2024-02-23,80.9000015258789,80.9000015258789,77.0999984741211,78.05000305175781,78.05000305175781,49288.0
2024-02-26,79.4000015258789,79.4000015258789,77.0999984741211,78.30000305175781,78.30000305175781,21882.0
2024-02-27,77.6500015258789,77.94999694824219,75.5,75.6500015258789,75.6500015258789,58551.0
2024-02-28,76.30000305175781,79.0,70.0999984741211,73.69999694824219,73.69999694824219,254701.0
2024-02-29,74.69999694824219,74.8499984741211,73.25,74.30000305175781,74.30000305175781,20335.0
2024-03-01,75.9000015258789,75.9000015258789,73.69999694824219,73.9000015258789,73.9000015258789,18188.0
2024-03-04,76.0,76.0,73.05000305175781,73.3499984741211,73.3499984741211,10176.0
2024-03-05,72.69999694824219,77.0,72.5999984741211,76.19999694824219,76.19999694824219,40291.0
2024-03-06,76.19999694824219,77.0,73.5,74.0,74.0,28349.0
2024-03-07,71.3499984741211,75.0,71.3499984741211,73.6500015258789,73.6500015258789,41525.0
2024-03-11,75.5999984741211,75.5999984741211,68.19999694824219,69.0999984741211,69.0999984741211,69981.0
2024-03-12,68.05000305175781,69.8499984741211,63.5,64.5,64.5,86199.0
2024-03-13,64.5,67.80000305175781,59.25,60.849998474121094,60.849998474121094,104735.0
2024-03-14,61.75,65.94999694824219,61.75,64.9000015258789,64.9000015258789,44982.0
2024-03-15,66.0,67.3499984741211,64.55000305175781,65.1500015258789,65.1500015258789,18213.0
2024-03-18,66.05000305175781,66.6500015258789,65.0,65.25,65.25,33313.0
2024-03-19,64.19999694824219,66.75,62.150001525878906,63.400001525878906,63.400001525878906,42264.0
2024-03-20,64.3499984741211,64.5999984741211,62.04999923706055,63.349998474121094,63.349998474121094,64839.0
2024-03-21,64.9000015258789,65.6500015258789,63.0,64.4000015258789,64.4000015258789,64493.0
2024-03-22,64.0,66.75,64.0,65.4000015258789,65.4000015258789,132467.0
2024-03-26,64.4000015258789,67.9000015258789,61.0,62.04999923706055,62.04999923706055,88191.0
2024-03-27,62.95000076293945,63.0,60.75,61.04999923706055,61.04999923706055,105194.0
2024-03-28,61.150001525878906,62.75,61.0,61.54999923706055,61.54999923706055,88292.0
2024-04-01,61.650001525878906,64.94999694824219,61.650001525878906,64.19999694824219,64.19999694824219,25992.0
2024-04-02,64.94999694824219,66.19999694824219,64.5,65.5,65.5,24646.0
2024-04-03,66.94999694824219,66.94999694824219,64.80000305175781,66.5,66.5,17539.0
2024-04-04,67.8499984741211,70.8499984741211,66.5999984741211,70.1500015258789,70.1500015258789,46337.0
2024-04-05,71.8499984741211,71.8499984741211,70.19999694824219,70.75,70.75,14853.0
2024-04-08,71.0,72.5,70.69999694824219,71.05000305175781,71.05000305175781,32165.0
2024-04-09,71.05000305175781,72.3499984741211,68.4000015258789,69.0,69.0,12847.0
2024-04-10,70.25,70.5,68.25,68.94999694824219,68.94999694824219,13373.0
2024-04-12,68.05000305175781,69.69999694824219,66.05000305175781,66.55000305175781,66.55000305175781,82886.0
2024-04-15,67.4000015258789,67.4000015258789,61.0,63.5,63.5,64284.0
2024-04-16,63.29999923706055,65.3499984741211,63.29999923706055,64.30000305175781,64.30000305175781,16110.0
2024-04-18,64.30000305175781,65.5,63.29999923706055,64.4000015258789,64.4000015258789,14552.0
2024-04-19,64.94999694824219,65.80000305175781,64.4000015258789,64.6500015258789,64.6500015258789,19503.0
2024-04-22,66.44999694824219,69.0,65.1500015258789,67.5,67.5,20750.0
2024-04-23,68.44999694824219,68.9000015258789,67.44999694824219,67.75,67.75,8412.0
2024-04-24,68.75,69.3499984741211,67.8499984741211,68.30000305175781,68.30000305175781,11271.0
2024-04-25,67.9000015258789,69.0,67.6500015258789,67.8499984741211,67.8499984741211,5366.0
2024-04-26,68.0999984741211,68.55000305175781,67.05000305175781,67.94999694824219,67.94999694824219,17812.0
2024-04-29,67.94999694824219,68.30000305175781,66.44999694824219,67.6500015258789,67.6500015258789,16037.0
2024-04-30,68.6500015258789,68.6500015258789,66.0999984741211,66.4000015258789,66.4000015258789,18432.0
2024-05-02,67.19999694824219,67.30000305175781,65.69999694824219,66.44999694824219,66.44999694824219,7017.0
2024-05-03,66.94999694824219,67.5999984741211,64.5999984741211,65.19999694824219,65.19999694824219,13039.0
2024-05-06,64.5,71.0,64.44999694824219,67.9000015258789,67.9000015258789,16957.0
2024-05-07,69.0,69.0,66.0,66.8499984741211,66.8499984741211,16880.0
2024-05-08,66.8499984741211,66.8499984741211,65.5,66.05000305175781,66.05000305175781,8301.0
2024-05-09,66.1500015258789,66.25,64.0999984741211,64.80000305175781,64.80000305175781,10182.0
2024-05-10,65.5999984741211,65.5999984741211,63.650001525878906,64.55000305175781,64.55000305175781,14124.0
2024-05-13,64.55000305175781,67.5,64.55000305175781,65.80000305175781,65.80000305175781,8310.0
2024-05-14,65.75,67.0999984741211,65.25,66.19999694824219,66.19999694824219,5941.0
2024-05-15,67.55000305175781,70.6500015258789,66.30000305175781,69.0999984741211,69.0999984741211,92220.0
2024-05-16,69.0,69.9000015258789,65.5999984741211,67.19999694824219,67.19999694824219,16610.0
2024-05-17,67.05000305175781,67.6500015258789,64.0,65.69999694824219,65.69999694824219,28099.0
2024-05-21,67.1500015258789,68.25,65.9000015258789,67.4000015258789,67.4000015258789,19892.0
2024-05-22,66.4000015258789,68.0999984741211,66.4000015258789,66.9000015258789,66.9000015258789,7384.0
2024-05-23,66.94999694824219,67.94999694824219,65.80000305175781,66.0,66.0,19492.0
2024-05-24,66.8499984741211,66.9000015258789,64.0999984741211,65.30000305175781,65.30000305175781,13964.0
2024-05-27,65.30000305175781,67.0,64.44999694824219,65.30000305175781,65.30000305175781,77365.0
2024-05-28,64.55000305175781,66.69999694824219,63.0,64.25,64.25,33921.0
2024-05-29,64.0,65.0,63.349998474121094,64.6500015258789,64.6500015258789,6213.0
2024-05-30,63.70000076293945,64.69999694824219,63.5,64.1500015258789,64.1500015258789,13414.0
2024-05-31,64.19999694824219,66.1500015258789,63.04999923706055,64.0,64.0,14390.0
2024-06-03,65.5,65.5,62.29999923706055,63.150001525878906,63.150001525878906,27007.0
2024-06-04,63.0,63.70000076293945,59.349998474121094,60.45000076293945,60.45000076293945,56147.0
2024-06-05,61.75,61.75,59.150001525878906,59.849998474121094,59.849998474121094,196215.0
2024-06-06,60.599998474121094,63.900001525878906,60.54999923706055,62.0,62.0,34675.0
2024-06-07,61.349998474121094,63.75,61.349998474121094,63.599998474121094,63.599998474121094,16693.0
2024-06-10,64.55000305175781,65.94999694824219,63.709999084472656,65.05000305175781,65.05000305175781,26038.0
2024-06-11,65.05000305175781,65.77999877929688,64.30000305175781,64.94000244140625,64.94000244140625,67491.0
2024-06-12,65.8499984741211,65.8499984741211,64.30000305175781,64.38999938964844,64.38999938964844,19226.0
2024-06-13,65.0,65.19999694824219,63.9900016784668,64.52999877929688,64.52999877929688,21165.0
2024-06-14,64.55000305175781,65.25,64.0,64.27999877929688,64.27999877929688,31401.0
2024-06-18,66.9000015258789,66.9000015258789,64.51000213623047,65.04000091552734,65.04000091552734,27613.0
2024-06-19,65.04000091552734,66.37000274658203,64.1500015258789,65.88999938964844,65.88999938964844,25711.0
2024-06-20,66.19000244140625,68.5,65.4000015258789,66.9800033569336,66.9800033569336,42859.0
2024-06-21,67.4000015258789,67.66999816894531,63.599998474121094,64.38999938964844,64.38999938964844,53850.0
2024-06-24,65.3499984741211,66.47000122070312,63.060001373291016,63.869998931884766,63.869998931884766,31328.0
2024-06-25,64.75,69.19000244140625,64.1500015258789,66.45999908447266,66.45999908447266,238317.0
2024-06-26,66.1500015258789,66.1500015258789,64.77999877929688,65.26000213623047,65.26000213623047,30423.0
2024-06-27,65.02999877929688,65.48999786376953,63.52000045776367,64.58999633789062,64.58999633789062,21162.0
2024-06-28,65.19999694824219,65.36000061035156,64.22000122070312,64.55999755859375,64.55999755859375,15077.0
2024-07-01,65.4000015258789,66.5,63.560001373291016,65.01000213623047,65.01000213623047,47913.0
2024-07-02,65.3499984741211,65.83000183105469,62.959999084472656,63.68000030517578,63.68000030517578,42128.0
2024-07-03,64.55000305175781,66.19999694824219,63.25,64.58000183105469,64.58000183105469,44753.0
2024-07-04,65.20999908447266,66.19999694824219,64.5,65.18000030517578,65.18000030517578,30226.0
2024-07-05,65.8499984741211,66.13999938964844,63.61000061035156,64.76000213623047,64.76000213623047,30985.0
2024-07-08,66.05000305175781,71.0,64.26000213623047,69.4000015258789,69.4000015258789,142552.0
2024-07-09,70.5,73.19999694824219,69.9800033569336,71.69999694824219,71.69999694824219,217943.0
2024-07-10,71.69999694824219,72.58999633789062,67.5,68.7300033569336,68.7300033569336,66642.0
2024-07-11,68.83000183105469,69.9000015258789,67.62000274658203,69.51000213623047,69.51000213623047,22338.0
2024-07-12,69.83000183105469,70.55000305175781,65.73999786376953,66.20999908447266,66.20999908447266,140081.0
2024-07-15,66.80000305175781,68.19000244140625,66.23999786376953,67.81999969482422,67.81999969482422,63594.0
2024-07-16,67.79000091552734,68.69000244140625,66.0,66.36000061035156,66.36000061035156,40883.0
2024-07-18,67.0,67.88999938964844,64.70999908447266,65.98999786376953,65.98999786376953,33834.0
2024-07-19,66.12000274658203,66.88999938964844,64.73999786376953,65.01000213623047,65.01000213623047,37827.0
2024-07-22,64.0,65.83999633789062,63.41999816894531,64.20999908447266,64.20999908447266,31226.0
2024-07-23,64.06999969482422,65.80000305175781,63.209999084472656,64.16000366210938,64.16000366210938,32661.0
2024-07-24,64.8499984741211,68.45999908447266,64.0,67.4800033569336,67.4800033569336,94054.0
2024-07-25,67.79000091552734,67.79000091552734,65.9000015258789,66.30999755859375,66.30999755859375,37052.0
2024-07-26,66.9000015258789,69.05000305175781,66.5,67.68000030517578,67.68000030517578,40196.0
2024-07-29,68.80000305175781,68.80000305175781,65.20999908447266,65.80999755859375,65.80999755859375,74132.0
2024-07-30,65.98999786376953,76.5999984741211,65.8499984741211,71.33000183105469,71.33000183105469,485055.0
2024-07-31,71.0,77.0,71.0,75.93000030517578,75.93000030517578,550310.0
2024-08-01,76.0,78.0,72.5,73.18000030517578,73.18000030517578,167062.0
2024-08-02,72.0,80.0,70.5,78.87000274658203,78.87000274658203,490133.0
2024-08-05,77.0,78.0,72.0,76.0999984741211,76.0999984741211,275234.0
2024-08-06,77.25,81.0,75.2300033569336,77.63999938964844,77.63999938964844,374593.0
2024-08-07,78.8499984741211,79.0,77.13999938964844,78.44000244140625,78.44000244140625,96176.0
2024-08-08,78.43000030517578,79.0,75.1500015258789,76.12000274658203,76.12000274658203,61103.0
2024-08-09,76.11000061035156,77.7699966430664,74.19999694824219,74.6500015258789,74.6500015258789,74903.0
2024-08-12,74.1500015258789,78.27999877929688,73.30000305175781,75.91000366210938,75.91000366210938,103679.0
2024-08-13,76.94999694824219,77.79000091552734,74.0,74.54000091552734,74.54000091552734,47005.0
2024-08-14,75.6500015258789,76.75,71.5,72.61000061035156,72.61000061035156,50764.0
2024-08-16,73.0,74.77999877929688,72.1500015258789,73.12000274658203,73.12000274658203,34772.0
2024-08-19,72.0,79.7699966430664,71.51000213623047,73.51000213623047,73.51000213623047,349674.0
2024-08-20,74.5999984741211,76.25,72.6500015258789,73.88999938964844,73.88999938964844,75184.0
2024-08-21,74.0,75.88999938964844,72.66999816894531,72.87000274658203,72.87000274658203,173676.0
2024-08-22,73.19999694824219,73.94000244140625,70.69999694824219,71.30999755859375,71.30999755859375,117145.0
2024-08-23,72.29000091552734,72.88999938964844,70.30000305175781,71.51000213623047,71.51000213623047,119625.0
2024-08-26,72.9000015258789,73.79000091552734,70.0,70.3499984741211,70.3499984741211,102161.0
2024-08-27,71.0,71.83000183105469,69.48999786376953,70.87000274658203,70.87000274658203,128224.0
2024-08-28,70.5,71.8499984741211,68.75,69.18000030517578,69.18000030517578,122735.0
2024-08-29,69.44999694824219,70.7699966430664,68.4000015258789,68.66999816894531,68.66999816894531,131292.0
2024-08-30,69.6500015258789,69.88999938964844,68.25,68.8499984741211,68.8499984741211,51507.0
2024-09-02,68.8499984741211,69.66000366210938,67.5,67.79000091552734,67.79000091552734,43311.0
2024-09-03,67.7699966430664,70.98999786376953,67.55999755859375,70.27999877929688,70.27999877929688,65792.0
2024-09-04,69.5,71.0,68.27999877929688,69.4000015258789,69.4000015258789,35895.0
2024-09-05,69.9000015258789,70.87999725341797,68.5999984741211,68.75,68.75,34734.0
2024-09-06,68.75,69.79000091552734,67.16000366210938,67.95999908447266,67.95999908447266,49182.0
2024-09-09,68.69000244140625,68.69000244140625,66.6500015258789,67.2300033569336,67.2300033569336,88619.0
2024-09-10,68.19999694824219,68.37000274658203,66.5,66.70999908447266,66.70999908447266,83405.0
2024-09-11,66.70999908447266,67.37000274658203,65.0,65.66000366210938,65.66000366210938,65450.0
2024-09-12,65.97000122070312,67.2699966430664,65.68000030517578,66.01000213623047,66.01000213623047,33748.0
2024-09-13,66.9000015258789,68.0,66.19999694824219,67.87000274658203,67.87000274658203,50980.0
2024-09-16,68.5,68.51000213623047,67.12000274658203,67.5999984741211,67.5999984741211,22777.0
2024-09-17,67.1500015258789,67.75,62.689998626708984,65.54000091552734,65.54000091552734,109563.0
2024-09-18,65.1500015258789,69.9000015258789,65.1500015258789,67.62999725341797,67.62999725341797,165475.0
2024-09-19,68.5,69.38999938964844,65.69999694824219,67.36000061035156,67.36000061035156,44844.0
2024-09-20,68.3499984741211,68.3499984741211,65.31999969482422,66.05999755859375,66.05999755859375,59941.0
2024-09-23,67.0,67.98999786376953,66.2699966430664,66.98999786376953,66.98999786376953,26157.0
2024-09-24,67.0,68.0,64.81999969482422,66.11000061035156,66.11000061035156,64360.0
2024-09-25,67.66999816894531,67.66999816894531,64.51000213623047,65.33000183105469,65.33000183105469,54895.0
2024-09-26,67.5,67.5,65.0,65.43000030517578,65.43000030517578,17157.0
2024-09-27,66.0199966430664,66.9000015258789,65.61000061035156,66.75,66.75,26431.0
2024-09-30,65.69999694824219,68.37000274658203,65.69999694824219,66.47000122070312,66.47000122070312,26797.0
2024-10-01,67.0999984741211,67.58999633789062,66.5199966430664,67.37999725341797,67.37999725341797,20813.0
2024-10-03,66.55000305175781,66.7699966430664,65.20999908447266,65.33999633789062,65.33999633789062,24228.0
2024-10-04,66.0999984741211,66.25,63.86000061035156,64.20999908447266,64.20999908447266,30752.0
2024-10-07,64.19999694824219,64.88999938964844,62.5,63.31999969482422,63.31999969482422,34067.0
2024-10-08,63.36000061035156,63.88999938964844,60.0099983215332,62.06999969482422,62.06999969482422,77235.0
2024-10-09,62.900001525878906,64.4000015258789,62.5,64.19999694824219,64.19999694824219,20249.0
2024-10-10,65.13999938964844,65.13999938964844,63.709999084472656,64.18000030517578,64.18000030517578,22620.0
2024-10-11,63.29999923706055,64.47000122070312,63.0,63.47999954223633,63.47999954223633,12495.0
2024-10-14,63.47999954223633,63.72999954223633,61.349998474121094,61.91999816894531,61.91999816894531,56517.0
2024-10-15,62.099998474121094,62.95000076293945,61.880001068115234,62.4900016784668,62.4900016784668,12606.0
2024-10-16,62.099998474121094,62.83000183105469,61.720001220703125,62.130001068115234,62.130001068115234,21604.0
2024-10-17,62.45000076293945,62.45000076293945,61.11000061035156,61.36000061035156,61.36000061035156,22044.0
2024-10-18,61.29999923706055,62.72999954223633,61.15999984741211,62.209999084472656,62.209999084472656,16634.0
2024-10-21,62.900001525878906,63.400001525878906,60.04999923706055,61.2599983215332,61.2599983215332,24188.0
2024-10-22,62.150001525878906,62.150001525878906,59.5,59.869998931884766,59.869998931884766,33529.0
2024-10-23,61.900001525878906,61.900001525878906,59.369998931884766,59.84000015258789,59.84000015258789,13231.0
2024-10-24,60.369998931884766,60.369998931884766,56.04999923706055,56.66999816894531,56.66999816894531,63577.0
2024-10-25,57.72999954223633,58.38999938964844,57.02000045776367,57.689998626708984,57.689998626708984,89953.0
2024-10-28,56.29999923706055,66.41000366210938,56.29999923706055,64.22000122070312,64.22000122070312,69792.0
2024-10-29,62.560001373291016,66.9000015258789,62.560001373291016,64.94000244140625,64.94000244140625,195073.0
2024-10-30,64.94000244140625,66.5,62.02000045776367,62.47999954223633,62.47999954223633,189135.0
2024-10-31,63.900001525878906,70.0,59.099998474121094,59.540000915527344,59.540000915527344,321821.0
2024-11-01,60.70000076293945,62.70000076293945,60.529998779296875,61.08000183105469,61.08000183105469,29532.0
2024-11-04,60.5,61.95000076293945,58.900001525878906,59.52000045776367,59.52000045776367,46624.0
2024-11-05,60.0,60.4900016784668,57.529998779296875,58.709999084472656,58.709999084472656,102619.0
2024-11-06,59.5,61.0,58.5,58.779998779296875,58.779998779296875,54777.0
2024-11-07,58.779998779296875,59.650001525878906,58.779998779296875,59.38999938964844,59.38999938964844,34586.0
2024-11-08,60.0,61.0,58.599998474121094,59.099998474121094,59.099998474121094,35867.0
2024-11-11,58.36000061035156,67.9000015258789,58.36000061035156,63.970001220703125,63.970001220703125,537052.0
2024-11-12,64.48999786376953,64.6500015258789,61.0,61.58000183105469,61.58000183105469,85516.0
2024-11-13,61.58000183105469,64.6500015258789,60.310001373291016,61.630001068115234,61.630001068115234,143708.0
2024-11-14,61.599998474121094,62.970001220703125,61.0,61.90999984741211,61.90999984741211,126056.0
2024-11-18,63.13999938964844,63.13999938964844,59.0099983215332,60.09000015258789,60.09000015258789,58167.0
2024-11-19,59.29999923706055,61.459999084472656,59.29999923706055,60.0,60.0,28886.0
2024-11-21,60.0,61.779998779296875,59.5,59.63999938964844,59.63999938964844,32295.0
2024-11-22,60.25,60.47999954223633,59.150001525878906,59.83000183105469,59.83000183105469,21881.0
2024-11-25,60.849998474121094,61.099998474121094,59.0,59.13999938964844,59.13999938964844,27891.0
2024-11-26,59.900001525878906,60.150001525878906,59.18000030517578,59.470001220703125,59.470001220703125,7063.0
2024-11-27,59.84000015258789,62.9900016784668,59.43000030517578,60.5099983215332,60.5099983215332,38974.0
2024-11-28,60.150001525878906,61.83000183105469,60.150001525878906,61.130001068115234,61.130001068115234,24887.0
2024-11-29,60.689998626708984,62.18000030517578,60.689998626708984,61.09000015258789,61.09000015258789,13909.0
2024-12-02,61.09000015258789,61.9900016784668,60.79999923706055,61.09000015258789,61.09000015258789,8374.0
2024-12-03,61.0,62.5,61.0,62.060001373291016,62.060001373291016,17683.0
2024-12-04,61.349998474121094,63.810001373291016,61.349998474121094,62.70000076293945,62.70000076293945,23773.0
2024-12-05,63.619998931884766,63.900001525878906,61.599998474121094,61.79999923706055,61.79999923706055,15477.0
2024-12-06,61.79999923706055,62.25,61.15999984741211,61.59000015258789,61.59000015258789,7658.0
2024-12-09,62.0,63.75,61.209999084472656,62.47999954223633,62.47999954223633,17899.0
2024-12-10,62.59000015258789,72.94999694824219,62.59000015258789,65.87000274658203,65.87000274658203,554607.0
2024-12-11,64.69999694824219,65.6500015258789,63.880001068115234,64.26000213623047,64.26000213623047,41302.0
2024-12-12,65.5,66.19000244140625,63.65999984741211,64.2699966430664,64.2699966430664,17574.0
2024-12-13,63.939998626708984,67.0,63.40999984741211,65.33000183105469,65.33000183105469,31673.0
2024-12-16,65.38999938964844,68.23999786376953,65.0,65.29000091552734,65.29000091552734,63615.0
2024-12-17,65.0,65.01000213623047,63.04999923706055,63.25,63.25,56390.0
2024-12-18,64.87000274658203,65.63999938964844,62.5099983215332,62.66999816894531,62.66999816894531,43666.0
2024-12-19,62.0099983215332,63.09000015258789,62.0099983215332,62.119998931884766,62.119998931884766,15201.0
2024-12-20,61.72999954223633,64.47000122070312,60.36000061035156,60.75,60.75,30758.0
2024-12-23,60.25,61.9900016784668,60.25,61.22999954223633,61.22999954223633,20104.0
2024-12-24,62.33000183105469,62.33000183105469,61.13999938964844,61.77000045776367,61.77000045776367,12592.0
2024-12-26,62.20000076293945,62.20000076293945,60.61000061035156,60.81999969482422,60.81999969482422,10213.0
2024-12-27,60.16999816894531,63.4900016784668,60.0,60.79999923706055,60.79999923706055,39104.0
2024-12-30,61.20000076293945,61.369998931884766,60.40999984741211,60.63999938964844,60.63999938964844,10073.0
2024-12-31,60.939998626708984,61.0099983215332,59.720001220703125,60.40999984741211,60.40999984741211,15119.0
2025-01-01,61.29999923706055,61.88999938964844,60.439998626708984,61.16999816894531,61.16999816894531,10480.0
2025-01-02,62.400001525878906,62.400001525878906,61.540000915527344,61.95000076293945,61.95000076293945,14130.0
2025-01-03,61.2599983215332,63.18000030517578,61.099998474121094,61.439998626708984,61.439998626708984,28213.0
2025-01-06,62.9900016784668,67.4000015258789,61.119998931884766,66.56999969482422,66.56999969482422,402217.0
2025-01-07,67.0,67.70999908447266,65.30000305175781,66.45999908447266,66.45999908447266,111895.0
2025-01-08,67.48999786376953,67.9000015258789,62.619998931884766,63.529998779296875,63.529998779296875,119705.0
2025-01-09,64.19999694824219,64.19999694824219,61.9900016784668,62.04999923706055,62.04999923706055,60993.0
2025-01-10,62.599998474121094,62.880001068115234,61.0,62.040000915527344,62.040000915527344,61881.0
2025-01-13,62.9900016784668,62.9900016784668,59.04999923706055,60.11000061035156,60.11000061035156,31712.0
2025-01-14,60.150001525878906,62.45000076293945,59.790000915527344,60.68000030517578,60.68000030517578,34530.0
2025-01-15,60.689998626708984,63.4900016784668,60.689998626708984,62.810001373291016,62.810001373291016,36353.0
2025-01-16,63.119998931884766,63.77000045776367,62.150001525878906,62.779998779296875,62.779998779296875,32226.0
2025-01-17,63.4900016784668,64.30000305175781,62.27000045776367,63.34000015258789,63.34000015258789,36687.0
2025-01-20,64.0,66.0,63.970001220703125,65.55000305175781,65.55000305175781,29189.0
2025-01-21,64.80000305175781,66.4800033569336,63.66999816894531,65.33000183105469,65.33000183105469,20658.0
2025-01-22,65.68000030517578,65.9000015258789,63.349998474121094,63.88999938964844,63.88999938964844,26396.0
2025-01-23,63.099998474121094,65.29000091552734,63.0,64.27999877929688,64.27999877929688,19869.0
2025-01-24,64.55999755859375,65.30000305175781,63.04999923706055,63.84000015258789,63.84000015258789,32587.0
2025-01-27,63.560001373291016,65.0,63.0099983215332,64.06999969482422,64.06999969482422,51467.0
2025-01-28,64.98999786376953,65.3499984741211,63.0,63.04999923706055,63.04999923706055,52469.0
2025-01-29,64.1500015258789,64.98999786376953,62.779998779296875,63.13999938964844,63.13999938964844,55300.0
2025-01-30,63.13999938964844,64.11000061035156,62.9900016784668,63.150001525878906,63.150001525878906,10710.0
2025-01-31,63.470001220703125,64.70999908447266,63.060001373291016,63.599998474121094,63.599998474121094,29440.0
2025-02-01,64.0,64.75,61.02000045776367,62.18000030517578,62.18000030517578,37260.0
2025-02-03,61.88999938964844,64.56999969482422,61.5,61.900001525878906,61.900001525878906,26105.0
2025-02-04,62.81999969482422,63.08000183105469,61.45000076293945,61.75,61.75,13564.0
2025-02-05,62.459999084472656,62.540000915527344,61.209999084472656,61.61000061035156,61.61000061035156,17002.0
2025-02-06,62.5,62.70000076293945,61.619998931884766,62.209999084472656,62.209999084472656,8800.0
2025-02-07,62.38999938964844,63.09000015258789,61.5,61.84000015258789,61.84000015258789,10964.0
2025-02-10,61.099998474121094,64.4000015258789,61.099998474121094,63.75,63.75,22140.0
2025-02-11,62.5,63.47999954223633,60.52000045776367,62.150001525878906,62.150001525878906,30021.0
2025-02-12,61.5099983215332,63.290000915527344,60.0,61.84000015258789,61.84000015258789,42786.0
2025-02-13,61.619998931884766,62.220001220703125,59.900001525878906,60.5099983215332,60.5099983215332,20615.0
2025-02-14,60.25,62.0,58.54999923706055,59.04999923706055,59.04999923706055,15988.0
2025-02-17,60.5,60.5,58.29999923706055,58.68000030517578,58.68000030517578,20409.0
2025-02-18,59.310001373291016,60.27000045776367,55.75,56.7599983215332,56.7599983215332,30944.0
2025-02-19,58.38999938964844,58.38999938964844,56.63999938964844,57.720001220703125,57.720001220703125,7550.0
2025-02-20,57.720001220703125,59.47999954223633,57.0099983215332,57.470001220703125,57.470001220703125,20406.0
2025-02-21,58.650001525878906,59.150001525878906,57.720001220703125,58.209999084472656,58.209999084472656,7761.0
2025-02-24,57.599998474121094,57.599998474121094,55.0099983215332,55.970001220703125,55.970001220703125,22792.0
2025-02-25,56.970001220703125,56.970001220703125,55.099998474121094,56.040000915527344,56.040000915527344,5775.0
2025-02-27,56.29999923706055,56.4900016784668,55.0,55.029998779296875,55.029998779296875,44533.0
2025-02-28,55.029998779296875,61.9900016784668,53.52000045776367,59.130001068115234,59.130001068115234,96609.0
2025-03-03,58.08000183105469,60.459999084472656,57.599998474121094,58.93000030517578,58.93000030517578,33884.0
2025-03-04,57.54999923706055,60.349998474121094,57.54999923706055,57.619998931884766,57.619998931884766,30776.0
2025-03-05,56.54999923706055,59.0,56.54999923706055,58.65999984741211,58.65999984741211,16796.0
2025-03-06,59.70000076293945,59.86000061035156,56.540000915527344,57.060001373291016,57.060001373291016,77512.0
2025-03-07,57.900001525878906,58.25,57.04999923706055,57.880001068115234,57.880001068115234,23544.0
2025-03-10,57.880001068115234,58.43000030517578,55.130001068115234,55.65999984741211,55.65999984741211,24855.0
2025-03-11,55.939998626708984,56.25,55.0099983215332,55.16999816894531,55.16999816894531,19369.0
2025-03-12,55.599998474121094,56.47999954223633,54.0,55.0099983215332,55.0099983215332,50091.0
2025-03-13,55.5,57.43000030517578,54.150001525878906,56.349998474121094,56.349998474121094,37601.0
2025-03-17,56.93000030517578,56.93000030517578,55.0,55.0099983215332,55.0099983215332,52504.0
2025-03-18,55.0099983215332,55.0099983215332,55.0099983215332,55.0099983215332,55.0099983215332,0.0
2025-03-19,56.2599983215332,57.81999969482422,56.2599983215332,56.47999954223633,56.47999954223633,31326.0
2025-03-20,57.9900016784668,57.9900016784668,55.70000076293945,56.11000061035156,56.11000061035156,64203.0
2025-03-21,56.0099983215332,57.5099983215332,56.0099983215332,56.619998931884766,56.619998931884766,20478.0
2025-03-24,56.619998931884766,58.86000061035156,56.52000045776367,57.560001373291016,57.560001373291016,80318.0
2025-03-25,57.54999923706055,59.77000045776367,56.0,56.970001220703125,56.970001220703125,65086.0
2025-03-26,56.720001220703125,58.189998626708984,55.79999923706055,56.04999923706055,56.04999923706055,68470.0
2025-03-27,56.33000183105469,56.75,54.099998474121094,55.290000915527344,55.290000915527344,84544.0
2025-03-28,55.0099983215332,56.4900016784668,55.0099983215332,55.560001373291016,55.560001373291016,55888.0
2025-04-01,56.4900016784668,57.9900016784668,56.20000076293945,57.130001068115234,57.130001068115234,41867.0
2025-04-02,56.68000030517578,57.4900016784668,56.470001220703125,57.040000915527344,57.040000915527344,20563.0
2025-04-03,56.119998931884766,57.970001220703125,56.119998931884766,57.2400016784668,57.2400016784668,17508.0
2025-04-04,57.119998931884766,57.119998931884766,56.22999954223633,56.63999938964844,56.63999938964844,18414.0
2025-04-07,55.0,56.97999954223633,54.75,56.029998779296875,56.029998779296875,31485.0
2025-04-08,56.290000915527344,57.95000076293945,56.2400016784668,56.720001220703125,56.720001220703125,34455.0
2025-04-09,56.099998474121094,57.25,56.02000045776367,56.68000030517578,56.68000030517578,11129.0
2025-04-11,57.95000076293945,57.95000076293945,56.25,57.61000061035156,57.61000061035156,16700.0
2025-04-15,57.61000061035156,58.5,57.38999938964844,57.83000183105469,57.83000183105469,12098.0
2025-04-16,57.11000061035156,60.27000045776367,57.11000061035156,59.599998474121094,59.599998474121094,29142.0
2025-04-17,60.209999084472656,60.290000915527344,58.029998779296875,58.40999984741211,58.40999984741211,14142.0
2025-04-21,59.689998626708984,59.689998626708984,57.209999084472656,58.040000915527344,58.040000915527344,12735.0
2025-04-22,59.130001068115234,60.0,58.599998474121094,59.209999084472656,59.209999084472656,18077.0
2025-04-23,59.209999084472656,59.9900016784668,55.90999984741211,59.56999969482422,59.56999969482422,48246.0
2025-04-24,59.560001373291016,59.56999969482422,57.70000076293945,57.91999816894531,57.91999816894531,17585.0
2025-04-25,58.02000045776367,59.54999923706055,57.130001068115234,57.310001373291016,57.310001373291016,13389.0
2025-04-28,57.310001373291016,58.66999816894531,55.099998474121094,57.189998626708984,57.189998626708984,22843.0
2025-04-29,58.0099983215332,58.54999923706055,56.0,57.20000076293945,57.20000076293945,21761.0
2025-04-30,57.7599983215332,57.7599983215332,55.79999923706055,56.15999984741211,56.15999984741211,51485.0
2025-05-02,55.5,59.25,55.5,57.45000076293945,57.45000076293945,28840.0
2025-05-05,56.63999938964844,58.4900016784668,56.5,57.40999984741211,57.40999984741211,6979.0
2025-05-06,57.810001373291016,57.810001373291016,56.0,56.0,56.0,5986.0
2025-05-07,56.0,56.77000045776367,55.02000045776367,55.97999954223633,55.97999954223633,4704.0
2025-05-08,56.47999954223633,57.38999938964844,55.599998474121094,56.04999923706055,56.04999923706055,9098.0
2025-05-09,55.75,56.09000015258789,55.099998474121094,55.16999816894531,55.16999816894531,5990.0
2025-05-12,55.40999984741211,58.400001525878906,55.310001373291016,57.09000015258789,57.09000015258789,14915.0
2025-05-13,56.099998474121094,58.0099983215332,56.099998474121094,57.369998931884766,57.369998931884766,3243.0
2025-05-14,58.709999084472656,58.709999084472656,56.36000061035156,56.86000061035156,56.86000061035156,19083.0
2025-05-15,57.970001220703125,57.9900016784668,56.61000061035156,57.540000915527344,57.540000915527344,3880.0
2025-05-16,58.5,59.58000183105469,57.619998931884766,58.959999084472656,58.959999084472656,41031.0
2025-05-19,59.2400016784668,59.650001525878906,58.04999923706055,58.54999923706055,58.54999923706055,36218.0
2025-05-20,59.2599983215332,59.779998779296875,58.54999923706055,58.650001525878906,58.650001525878906,19688.0
2025-05-21,59.220001220703125,59.22999954223633,57.810001373291016,58.040000915527344,58.040000915527344,24478.0
2025-05-22,58.869998931884766,58.869998931884766,57.5099983215332,58.81999969482422,58.81999969482422,4363.0
2025-05-23,59.0099983215332,59.4900016784668,57.5,57.619998931884766,57.619998931884766,9931.0
2025-05-26,59.0,59.0,57.15999984741211,57.95000076293945,57.95000076293945,9174.0
2025-05-27,57.61000061035156,58.54999923706055,57.52000045776367,57.810001373291016,57.810001373291016,9056.0
2025-05-28,58.439998626708984,58.439998626708984,58.0,58.279998779296875,58.279998779296875,11384.0
2025-05-29,57.439998626708984,59.5,56.310001373291016,57.7400016784668,57.7400016784668,19760.0
2025-05-30,58.59000015258789,58.59000015258789,57.38999938964844,57.95000076293945,57.95000076293945,12851.0
2025-06-02,60.45000076293945,62.95000076293945,59.720001220703125,60.47999954223633,60.47999954223633,162784.0
2025-06-03,60.599998474121094,61.84000015258789,58.0,58.38999938964844,58.38999938964844,75504.0
2025-06-04,59.380001068115234,59.45000076293945,58.0099983215332,59.27000045776367,59.27000045776367,16116.0
2025-06-05,59.0,59.43000030517578,58.25,58.61000061035156,58.61000061035156,13039.0
2025-06-06,59.54999923706055,59.54999923706055,57.5099983215332,58.720001220703125,58.720001220703125,16250.0
2025-06-09,59.790000915527344,60.4900016784668,58.0,58.529998779296875,58.529998779296875,32833.0
2025-06-10,58.880001068115234,59.08000183105469,58.209999084472656,58.56999969482422,58.56999969482422,10257.0
2025-06-11,58.9900016784668,58.9900016784668,58.40999984741211,58.849998474121094,58.849998474121094,4394.0
2025-06-12,58.790000915527344,60.0099983215332,57.9900016784668,58.36000061035156,58.36000061035156,30786.0
2025-06-13,58.040000915527344,58.540000915527344,57.5099983215332,57.81999969482422,57.81999969482422,16316.0
2025-06-16,57.119998931884766,58.7400016784668,57.119998931884766,57.31999969482422,57.31999969482422,17427.0
2025-06-17,57.060001373291016,58.70000076293945,57.060001373291016,57.63999938964844,57.63999938964844,6809.0
2025-06-18,58.20000076293945,58.290000915527344,57.5,57.599998474121094,57.599998474121094,7477.0
2025-06-19,58.06999969482422,58.380001068115234,57.0,57.060001373291016,57.060001373291016,8607.0
2025-06-20,57.0099983215332,57.72999954223633,56.9900016784668,57.41999816894531,57.41999816894531,9519.0
2025-06-23,57.599998474121094,58.47999954223633,57.06999969482422,57.27000045776367,57.27000045776367,11749.0
2025-06-24,57.20000076293945,59.79999923706055,57.20000076293945,57.38999938964844,57.38999938964844,19239.0
2025-06-25,57.15999984741211,58.4900016784668,57.15999984741211,57.63999938964844,57.63999938964844,5320.0
2025-06-26,57.72999954223633,58.779998779296875,57.650001525878906,57.91999816894531,57.91999816894531,12905.0
2025-06-27,57.91999816894531,59.79999923706055,57.91999816894531,58.25,58.25,18126.0
2025-06-30,57.61000061035156,59.779998779296875,57.61000061035156,58.68000030517578,58.68000030517578,10217.0
2025-07-01,59.189998626708984,59.599998474121094,58.61000061035156,58.779998779296875,58.779998779296875,18906.0
2025-07-02,59.86000061035156,59.86000061035156,58.099998474121094,59.02000045776367,59.02000045776367,18461.0
2025-07-03,59.02000045776367,59.599998474121094,58.5,58.84000015258789,58.84000015258789,14301.0
2025-07-04,58.08000183105469,61.38999938964844,58.08000183105469,60.560001373291016,60.560001373291016,29935.0
2025-07-07,59.08000183105469,60.72999954223633,57.61000061035156,58.43000030517578,58.43000030517578,30744.0
2025-07-08,58.040000915527344,64.5999984741211,58.040000915527344,62.150001525878906,62.150001525878906,81650.0
2025-07-09,62.0,62.0,61.0,61.459999084472656,61.459999084472656,18943.0
2025-07-10,62.70000076293945,62.70000076293945,59.900001525878906,62.060001373291016,62.060001373291016,31585.0
2025-07-11,62.88999938964844,62.88999938964844,60.15999984741211,62.41999816894531,62.41999816894531,21503.0
2025-07-14,61.5,62.5,61.130001068115234,61.52000045776367,61.52000045776367,23530.0
2025-07-15,62.900001525878906,62.900001525878906,61.5,61.88999938964844,61.88999938964844,23430.0
2025-07-16,61.29999923706055,62.34000015258789,61.0,61.31999969482422,61.31999969482422,13016.0
2025-07-17,61.4900016784668,61.779998779296875,61.18000030517578,61.2599983215332,61.2599983215332,11394.0
2025-07-18,62.0,63.380001068115234,60.79999923706055,62.540000915527344,62.540000915527344,31894.0
2025-07-21,62.0,62.849998474121094,61.20000076293945,61.650001525878906,61.650001525878906,11252.0
2025-07-22,61.84000015258789,62.689998626708984,60.20000076293945,61.08000183105469,61.08000183105469,19902.0
2025-07-23,61.5,62.279998779296875,60.25,60.81999969482422,60.81999969482422,20843.0
2025-07-24,61.5,61.689998626708984,60.5,60.5,60.5,6517.0
2025-07-25,60.099998474121094,61.290000915527344,60.0099983215332,60.65999984741211,60.65999984741211,5748.0
2025-07-28,60.20000076293945,60.95000076293945,60.20000076293945,60.29999923706055,60.29999923706055,10943.0
2025-07-29,60.36000061035156,61.06999969482422,59.81999969482422,60.83000183105469,60.83000183105469,12741.0
2025-07-30,60.939998626708984,61.5099983215332,60.0,60.40999984741211,60.40999984741211,5787.0
2025-07-31,60.47999954223633,61.79999923706055,59.439998626708984,61.279998779296875,61.279998779296875,41463.0
2025-08-01,61.08000183105469,61.95000076293945,60.209999084472656,60.81999969482422,60.81999969482422,11426.0
2025-08-04,60.15999984741211,61.5,60.15999984741211,60.68000030517578,60.68000030517578,8530.0
2025-08-05,61.84000015258789,61.84000015258789,59.04999923706055,59.630001068115234,59.630001068115234,22019.0
2025-08-06,60.31999969482422,60.349998474121094,59.150001525878906,59.77000045776367,59.77000045776367,7302.0
2025-08-07,60.04999923706055,60.29999923706055,59.220001220703125,59.720001220703125,59.720001220703125,2912.0
2025-08-08,59.83000183105469,60.20000076293945,59.31999969482422,59.56999969482422,59.56999969482422,6160.0
2025-08-11,60.25,61.95000076293945,58.70000076293945,60.869998931884766,60.869998931884766,8636.0
2025-08-12,60.0,62.38999938964844,59.75,60.560001373291016,60.560001373291016,13623.0
2025-08-13,60.560001373291016,61.20000076293945,59.900001525878906,60.77000045776367,60.77000045776367,3886.0
2025-08-14,61.040000915527344,61.290000915527344,59.209999084472656,60.34000015258789,60.34000015258789,9865.0
2025-08-18,60.91999816894531,60.91999816894531,58.529998779296875,58.65999984741211,58.65999984741211,12313.0
2025-08-19,58.65999984741211,60.38999938964844,58.22999954223633,59.529998779296875,59.529998779296875,21972.0
2025-08-20,59.5099983215332,59.7400016784668,59.0,59.560001373291016,59.560001373291016,6782.0
2025-08-21,59.59000015258789,59.599998474121094,59.0099983215332,59.560001373291016,59.560001373291016,2358.0
2025-08-22,59.56999969482422,59.779998779296875,58.099998474121094,59.0099983215332,59.0099983215332,4103.0
2025-08-25,58.2400016784668,59.689998626708984,58.2400016784668,59.0,59.0,3875.0
2025-08-26,60.18000030517578,60.18000030517578,58.119998931884766,59.189998626708984,59.189998626708984,11781.0
2025-08-28,59.189998626708984,59.84000015258789,59.0,59.540000915527344,59.540000915527344,9928.0
2025-08-29,59.38999938964844,59.790000915527344,58.5,58.83000183105469,58.83000183105469,1624.0
2025-09-01,58.83000183105469,59.880001068115234,58.06999969482422,59.04999923706055,59.04999923706055,4543.0
2025-09-02,59.560001373291016,59.79999923706055,58.099998474121094,58.83000183105469,58.83000183105469,5219.0
2025-09-03,58.84000015258789,59.130001068115234,58.20000076293945,58.95000076293945,58.95000076293945,6081.0
2025-09-04,59.900001525878906,59.900001525878906,58.27000045776367,58.34000015258789,58.34000015258789,2381.0
2025-09-05,58.38999938964844,64.44999694824219,57.599998474121094,61.65999984741211,61.65999984741211,40037.0
2025-09-08,62.54999923706055,62.54999923706055,60.0099983215332,60.400001525878906,60.400001525878906,13508.0
2025-09-09,60.11000061035156,61.900001525878906,58.25,58.72999954223633,58.72999954223633,18739.0
2025-09-10,60.900001525878906,65.0,58.5,62.790000915527344,62.790000915527344,142911.0
2025-09-11,62.790000915527344,64.94000244140625,62.5,62.83000183105469,62.83000183105469,21874.0
2025-09-12,64.79000091552734,64.79000091552734,61.0,61.15999984741211,61.15999984741211,14090.0
2025-09-15,62.70000076293945,62.70000076293945,59.65999984741211,60.72999954223633,60.72999954223633,14631.0
2025-09-16,60.25,61.7599983215332,60.119998931884766,60.2599983215332,60.2599983215332,7401.0
2025-09-17,60.20000076293945,61.400001525878906,59.5099983215332,60.15999984741211,60.15999984741211,11722.0
2025-09-18,60.0,61.16999816894531,59.619998931884766,59.65999984741211,59.65999984741211,8614.0
2025-09-19,60.0,61.18000030517578,59.220001220703125,59.95000076293945,59.95000076293945,182294.0
2025-09-22,59.7599983215332,60.400001525878906,58.849998474121094,59.52000045776367,59.52000045776367,7696.0
2025-09-23,59.7599983215332,59.79999923706055,59.0,59.040000915527344,59.040000915527344,2385.0
2025-09-24,60.68000030517578,60.68000030517578,58.0,59.0,59.0,6670.0
2025-09-25,58.099998474121094,59.59000015258789,58.099998474121094,58.40999984741211,58.40999984741211,5273.0
2025-09-26,59.38999938964844,59.400001525878906,57.5099983215332,57.66999816894531,57.66999816894531,10895.0
2025-09-29,57.130001068115234,59.0,57.130001068115234,58.02000045776367,58.02000045776367,5984.0
2025-09-30,58.900001525878906,59.04999923706055,56.20000076293945,56.880001068115234,56.880001068115234,12978.0
2025-10-01,57.2599983215332,58.0,57.25,57.29999923706055,57.29999923706055,8011.0
2025-10-03,58.20000076293945,58.220001220703125,56.36000061035156,57.45000076293945,57.45000076293945,7053.0
2025-10-06,59.45000076293945,59.45000076293945,56.5099983215332,57.16999816894531,57.16999816894531,5553.0
2025-10-07,56.88999938964844,58.189998626708984,56.88999938964844,57.220001220703125,57.220001220703125,6991.0
2025-10-08,57.25,57.9900016784668,56.5,56.720001220703125,56.720001220703125,14988.0
2025-10-09,56.599998474121094,57.52000045776367,56.0,56.79999923706055,56.79999923706055,9902.0
2025-10-10,57.0,58.0,56.970001220703125,57.720001220703125,57.720001220703125,8113.0
2025-10-13,57.43000030517578,57.689998626708984,56.0,56.369998931884766,56.369998931884766,13769.0
2025-10-14,56.88999938964844,57.7400016784668,55.70000076293945,56.61000061035156,56.61000061035156,16273.0
2025-10-15,57.20000076293945,57.20000076293945,56.02000045776367,56.41999816894531,56.41999816894531,3384.0
2025-10-16,56.41999816894531,57.59000015258789,56.400001525878906,56.400001525878906,56.400001525878906,4843.0
2025-10-17,56.130001068115234,57.5,55.75,57.130001068115234,57.130001068115234,9414.0
2025-10-20,57.119998931884766,57.5,56.11000061035156,56.2400016784668,56.2400016784668,5176.0
2025-10-21,56.150001525878906,57.4900016784668,56.150001525878906,56.33000183105469,56.33000183105469,8071.0
2025-10-23,56.150001525878906,56.88999938964844,56.150001525878906,56.290000915527344,56.290000915527344,2913.0
2025-10-24,56.290000915527344,57.529998779296875,55.79999923706055,55.86000061035156,55.86000061035156,4886.0
2025-10-27,55.619998931884766,56.970001220703125,55.619998931884766,56.150001525878906,56.150001525878906,4463.0
2025-10-28,56.150001525878906,57.0,55.83000183105469,56.08000183105469,56.08000183105469,7379.0
2025-10-29,56.0,56.790000915527344,56.0,56.11000061035156,56.11000061035156,4944.0
2025-10-30,56.20000076293945,56.20000076293945,55.0099983215332,55.380001068115234,55.380001068115234,6380.0
2025-10-31,55.9900016784668,56.0,55.11000061035156,55.95000076293945,55.95000076293945,3595.0
2025-11-03,55.95000076293945,56.81999969482422,54.810001373291016,55.130001068115234,55.130001068115234,4598.0
2025-11-04,55.150001525878906,55.47999954223633,54.720001220703125,54.7400016784668,54.7400016784668,7591.0
2025-11-06,54.150001525878906,55.560001373291016,54.08000183105469,54.79999923706055,54.79999923706055,6024.0
2025-11-07,54.79999923706055,55.79999923706055,54.099998474121094,55.54999923706055,55.54999923706055,1955.0
2025-11-10,55.560001373291016,55.75,54.0,54.52000045776367,54.52000045776367,11669.0
2025-11-11,54.209999084472656,55.7400016784668,54.099998474121094,54.599998474121094,54.599998474121094,5567.0
2025-11-12,55.43000030517578,55.689998626708984,54.0,54.529998779296875,54.529998779296875,9791.0
2025-11-13,54.9900016784668,55.599998474121094,54.0,54.310001373291016,54.310001373291016,7097.0
2025-11-14,54.9900016784668,55.939998626708984,54.0,55.119998931884766,55.119998931884766,11449.0
2025-11-17,54.5099983215332,55.88999938964844,54.22999954223633,55.20000076293945,55.20000076293945,20405.0
2025-11-18,55.0,55.5,54.34000015258789,54.58000183105469,54.58000183105469,24576.0
2025-11-19,55.0099983215332,55.0099983215332,54.02000045776367,54.040000915527344,54.040000915527344,3193.0
2025-11-20,54.099998474121094,54.099998474121094,51.939998626708984,52.709999084472656,52.709999084472656,11420.0
2025-11-21,52.11000061035156,52.4900016784668,50.54999923706055,50.97999954223633,50.97999954223633,11712.0
2025-11-24,50.150001525878906,51.97999954223633,50.11000061035156,50.81999969482422,50.81999969482422,10857.0
2025-11-25,50.13999938964844,51.689998626708984,48.9900016784668,49.099998474121094,49.099998474121094,14963.0
2025-11-26,49.0,50.869998931884766,48.119998931884766,50.84000015258789,50.84000015258789,2902.0
2025-11-27,51.849998474121094,52.47999954223633,49.310001373291016,50.400001525878906,50.400001525878906,4711.0
2025-11-28,50.029998779296875,50.849998474121094,49.349998474121094,49.65999984741211,49.65999984741211,10688.0
2025-12-01,49.52000045776367,51.5,49.400001525878906,49.630001068115234,49.630001068115234,24089.0
2025-12-02,49.599998474121094,50.189998626708984,48.130001068115234,49.0099983215332,49.0099983215332,16085.0
2025-12-03,49.029998779296875,49.099998474121094,48.04999923706055,48.11000061035156,48.11000061035156,14673.0
2025-12-04,48.11000061035156,50.0,40.849998474121094,48.689998626708984,48.689998626708984,43019.0
2025-12-05,49.02000045776367,49.2400016784668,48.02000045776367,48.220001220703125,48.220001220703125,3916.0
2025-12-08,50.79999923706055,50.79999923706055,47.099998474121094,48.34000015258789,48.34000015258789,2857.0
2025-12-09,48.20000076293945,48.689998626708984,47.150001525878906,47.38999938964844,47.38999938964844,1649.0
2025-12-10,49.779998779296875,49.779998779296875,48.20000076293945,48.93000030517578,48.93000030517578,4162.0
2025-12-11,48.599998474121094,49.9900016784668,47.54999923706055,48.02000045776367,48.02000045776367,8160.0
2025-12-12,48.0,49.29999923706055,47.0,48.5099983215332,48.5099983215332,11375.0
2025-12-15,48.5099983215332,50.0,48.5099983215332,49.720001220703125,49.720001220703125,4204.0
2025-12-16,48.75,51.88999938964844,48.75,49.59000015258789,49.59000015258789,5764.0
2025-12-17,50.900001525878906,50.900001525878906,47.11000061035156,47.619998931884766,47.619998931884766,5316.0
2025-12-18,48.5,48.5,46.36000061035156,46.81999969482422,46.81999969482422,7604.0
2025-12-19,47.88999938964844,47.88999938964844,46.5,47.630001068115234,47.630001068115234,3872.0
2025-12-22,48.5,49.91999816894531,47.5,48.68000030517578,48.68000030517578,4906.0
2025-12-23,49.439998626708984,49.79999923706055,48.2599983215332,48.79999923706055,48.79999923706055,1333.0
2025-12-24,48.0099983215332,51.13999938964844,48.0099983215332,50.18000030517578,50.18000030517578,10019.0
2025-12-26,50.18000030517578,50.65999984741211,48.15999984741211,50.0,50.0,4969.0
2025-12-29,50.900001525878906,51.439998626708984,49.61000061035156,51.130001068115234,51.130001068115234,17436.0
2025-12-30,50.70000076293945,50.70000076293945,48.0,48.189998626708984,48.189998626708984,13372.0
2025-12-31,48.400001525878906,49.68000030517578,46.18000030517578,46.900001525878906,46.900001525878906,23364.0
2026-01-01,46.900001525878906,48.560001373291016,46.900001525878906,47.33000183105469,47.33000183105469,9088.0
2026-01-02,47.33000183105469,48.459999084472656,47.0,47.54999923706055,47.54999923706055,5972.0
2026-01-05,47.04999923706055,48.65999984741211,47.04999923706055,47.36000061035156,47.36000061035156,6108.0
2026-01-06,47.36000061035156,47.84000015258789,47.0,47.06999969482422,47.06999969482422,4536.0
2026-01-07,47.060001373291016,47.880001068115234,46.099998474121094,46.70000076293945,46.70000076293945,7617.0
2026-01-08,47.599998474121094,47.599998474121094,46.20000076293945,46.52000045776367,46.52000045776367,6694.0
2026-01-09,46.52000045776367,47.22999954223633,44.400001525878906,44.810001373291016,44.810001373291016,15152.0
2026-01-12,45.209999084472656,45.70000076293945,42.20000076293945,43.43000030517578,43.43000030517578,40067.0
2026-01-13,43.349998474121094,45.5,42.61000061035156,43.84000015258789,43.84000015258789,33722.0
2026-01-14,43.75,44.790000915527344,43.75,44.04999923706055,44.04999923706055,3147.0
2026-01-16,43.22999954223633,44.650001525878906,42.79999923706055,42.84000015258789,42.84000015258789,9581.0
2026-01-19,43.54999923706055,43.54999923706055,41.25,42.04999923706055,42.04999923706055,7903.0
2026-01-20,42.0,42.9900016784668,41.22999954223633,42.650001525878906,42.650001525878906,10555.0
2026-01-21,42.650001525878906,48.5,41.0,46.08000183105469,46.08000183105469,52410.0
2026-01-22,46.04999923706055,46.04999923706055,44.0,44.02000045776367,44.02000045776367,11544.0
2026-01-23,44.900001525878906,45.90999984741211,43.11000061035156,43.63999938964844,43.63999938964844,12744.0
2026-01-27,44.0,44.779998779296875,42.20000076293945,42.33000183105469,42.33000183105469,2745.0
2026-01-28,43.4900016784668,45.45000076293945,42.060001373291016,44.5099983215332,44.5099983215332,6295.0
2026-01-29,44.099998474121094,45.400001525878906,43.5,43.54999923706055,43.54999923706055,9673.0
2026-01-30,43.5,44.900001525878906,43.040000915527344,44.400001525878906,44.400001525878906,21095.0
2026-02-02,43.900001525878906,44.04999923706055,43.130001068115234,43.880001068115234,43.880001068115234,13835.0
2026-02-03,44.11000061035156,44.9900016784668,43.68000030517578,43.970001220703125,43.970001220703125,6393.0
2026-02-04,43.9900016784668,44.5,43.22999954223633,44.0,44.0,10947.0
2026-02-05,44.130001068115234,52.79999923706055,44.130001068115234,52.79999923706055,52.79999923706055,297360.0
2026-02-06,55.029998779296875,56.86000061035156,45.9900016784668,46.27000045776367,46.27000045776367,436142.0
2026-02-09,46.5,47.70000076293945,45.04999923706055,45.47999954223633,45.47999954223633,61414.0
2026-02-10,45.0099983215332,47.0,44.900001525878906,45.099998474121094,45.099998474121094,40940.0
2026-02-11,45.099998474121094,46.0,44.720001220703125,44.97999954223633,44.97999954223633,16402.0
2026-02-12,44.41999816894531,45.0,43.5,43.630001068115234,43.630001068115234,19369.0
2026-02-13,44.689998626708984,49.0,43.0,43.150001525878906,43.150001525878906,64862.0
2026-02-16,44.0,44.790000915527344,43.04999923706055,43.470001220703125,43.470001220703125,19824.0
2026-02-17,43.11000061035156,44.63999938964844,43.11000061035156,43.95000076293945,43.95000076293945,3075.0
2026-02-18,44.4900016784668,45.70000076293945,43.650001525878906,44.52000045776367,44.52000045776367,9844.0
2026-02-19,44.0099983215332,45.310001373291016,43.5099983215332,43.61000061035156,43.61000061035156,3744.0
2026-02-20,44.150001525878906,44.15999984741211,42.79999923706055,43.34000015258789,43.34000015258789,4291.0
2026-02-23,43.34000015258789,44.5,42.150001525878906,42.61000061035156,42.61000061035156,15595.0
2026-02-24,44.5,44.5,41.900001525878906,42.0,42.0,6003.0
2026-02-25,43.70000076293945,43.70000076293945,41.29999923706055,41.779998779296875,41.779998779296875,18210.0
2026-02-26,41.779998779296875,42.97999954223633,41.599998474121094,41.720001220703125,41.720001220703125,9867.0
2026-02-27,42.0099983215332,42.5,40.54999923706055,41.27000045776367,41.27000045776367,9989.0
2026-03-02,40.70000076293945,42.0,40.029998779296875,41.5,41.5,14355.0
2026-03-04,42.75,42.75,39.040000915527344,39.689998626708984,39.689998626708984,16047.0
2026-03-05,40.0,41.790000915527344,39.11000061035156,40.58000183105469,40.58000183105469,39299.0
2026-03-06,40.97999954223633,41.88999938964844,40.20000076293945,41.06999969482422,41.06999969482422,14058.0
2026-03-09,41.119998931884766,42.7400016784668,39.5,42.0,42.0,35217.0
2026-03-10,43.97999954223633,43.97999954223633,41.5,42.16999816894531,42.16999816894531,3106.0
2026-03-11,42.11000061035156,42.86000061035156,40.209999084472656,40.95000076293945,40.95000076293945,25101.0
2026-03-12,40.939998626708984,41.70000076293945,40.0,40.31999969482422,40.31999969482422,16830.0
2026-03-13,41.2400016784668,42.0,39.810001373291016,41.52000045776367,41.52000045776367,21839.0
2026-03-16,40.66999816894531,43.79999923706055,40.310001373291016,42.59000015258789,42.59000015258789,23972.0
2026-03-17,42.709999084472656,47.939998626708984,41.130001068115234,44.599998474121094,44.599998474121094,171343.0
2026-03-18,44.06999969482422,46.97999954223633,44.06999969482422,45.0099983215332,45.0099983215332,84985.0
2026-03-19,45.0,46.439998626708984,42.0,43.189998626708984,43.189998626708984,251308.0
2026-03-20,42.540000915527344,45.0,42.540000915527344,44.130001068115234,44.130001068115234,122558.0
2026-03-23,44.349998474121094,44.349998474121094,42.11000061035156,42.68000030517578,42.68000030517578,36197.0
2026-03-24,42.54999923706055,44.0,42.09000015258789,43.0,43.0,10917.0
2026-03-25,42.9900016784668,44.9900016784668,42.119998931884766,43.849998474121094,43.849998474121094,136592.0
2026-03-27,43.16999816894531,44.79999923706055,42.5,43.279998779296875,43.279998779296875,49239.0
2026-03-30,43.2599983215332,44.5,42.099998474121094,43.40999984741211,43.40999984741211,43736.0
2026-04-01,45.959999084472656,45.959999084472656,43.11000061035156,44.060001373291016,44.060001373291016,6009.0
2026-04-02,44.04999923706055,44.79999923706055,43.70000076293945,44.04999923706055,44.04999923706055,2809.0
2026-04-06,43.119998931884766,45.52000045776367,42.31999969482422,44.90999984741211,44.90999984741211,6245.0
2026-04-07,44.029998779296875,45.9900016784668,44.029998779296875,45.540000915527344,45.540000915527344,5080.0
2026-04-08,46.0,47.880001068115234,45.11000061035156,45.79999923706055,45.79999923706055,8087.0
2026-04-09,47.439998626708984,47.45000076293945,45.61000061035156,46.189998626708984,46.189998626708984,5092.0
2026-04-10,45.61000061035156,47.4900016784668,45.61000061035156,47.0,47.0,4007.0
2026-04-13,46.97999954223633,46.97999954223633,45.099998474121094,46.0099983215332,46.0099983215332,2653.0
2026-04-15,45.52000045776367,48.5,45.52000045776367,48.11000061035156,48.11000061035156,9912.0
2026-04-16,47.5,49.130001068115234,47.5,48.540000915527344,48.540000915527344,6184.0
2026-04-17,48.0,50.5,48.0,50.08000183105469,50.08000183105469,22459.0
2026-04-20,49.11000061035156,51.25,47.61000061035156,50.0099983215332,50.0099983215332,23092.0
2026-04-21,49.5099983215332,51.65999984741211,49.5099983215332,50.5099983215332,50.5099983215332,29867.0
2026-04-22,50.5099983215332,51.70000076293945,50.27000045776367,50.75,50.75,2890.0
2026-04-23,50.88999938964844,51.75,50.0,50.08000183105469,50.08000183105469,15466.0
2026-04-24,50.5099983215332,51.0099983215332,50.0,50.060001373291016,50.060001373291016,6399.0
2026-04-27,49.29999923706055,51.349998474121094,49.29999923706055,50.369998931884766,50.369998931884766,35714.0
2026-04-28,50.130001068115234,50.97999954223633,50.130001068115234,50.5,50.5,3947.0
2026-04-29,50.5099983215332,51.810001373291016,50.150001525878906,50.599998474121094,50.599998474121094,3701.0
2026-04-30,51.349998474121094,51.9900016784668,50.349998474121094,51.2599983215332,51.2599983215332,11990.0
2026-05-04,51.91999816894531,53.5,50.630001068115234,52.290000915527344,52.290000915527344,31976.0
2026-05-05,53.79999923706055,53.79999923706055,52.0,52.790000915527344,52.790000915527344,6680.0
2026-05-06,52.119998931884766,54.0,52.119998931884766,52.540000915527344,52.540000915527344,26459.0
2026-05-07,53.0,55.88999938964844,52.5,54.11000061035156,54.11000061035156,22464.0
2026-05-08,53.11000061035156,54.900001525878906,52.900001525878906,54.15999984741211,54.15999984741211,15020.0
2026-05-11,53.11000061035156,53.9900016784668,52.150001525878906,52.560001373291016,52.560001373291016,4226.0
2026-05-12,52.0,53.0,51.459999084472656,52.18000030517578,52.18000030517578,10661.0
2026-05-13,53.47999954223633,53.47999954223633,51.15999984741211,52.540000915527344,52.540000915527344,6539.0
2026-05-14,52.0,53.61000061035156,51.5099983215332,51.97999954223633,51.97999954223633,13571.0
2026-05-15,53.86000061035156,53.86000061035156,52.0,52.220001220703125,52.220001220703125,3514.0
2026-05-18,53.47999954223633,53.790000915527344,51.52000045776367,53.459999084472656,53.459999084472656,33284.0
2026-05-19,54.380001068115234,55.099998474121094,53.5,54.95000076293945,54.95000076293945,16984.0
2026-05-20,54.060001373291016,56.0,53.0,55.790000915527344,55.790000915527344,20377.0
2026-05-21,55.0,55.95000076293945,54.279998779296875,55.029998779296875,55.029998779296875,1378.0
2026-05-22,54.599998474121094,56.0,54.15999984741211,55.59000015258789,55.59000015258789,5809.0
2026-05-25,55.59000015258789,56.0,54.0,54.4900016784668,54.4900016784668,12799.0
2026-05-26,54.540000915527344,55.779998779296875,54.0,54.349998474121094,54.349998474121094,5210.0
2026-05-27,55.0,56.20000076293945,55.0,55.400001525878906,55.400001525878906,28788.0
2026-05-28,55.400001525878906,55.400001525878906,55.400001525878906,55.400001525878906,55.400001525878906,0.0
2026-05-29,54.5,56.400001525878906,54.5,55.45000076293945,55.45000076293945,13167.0
2026-06-01,54.599998474121094,58.0,54.599998474121094,57.41999816894531,57.41999816894531,24729.0
2026-06-02,56.36000061035156,60.0,56.099998474121094,59.66999816894531,59.66999816894531,62019.0
2026-06-03,59.66999816894531,64.9000015258789,58.369998931884766,63.560001373291016,63.560001373291016,126459.0
2026-06-04,64.3499984741211,70.0,63.560001373291016,69.13999938964844,69.13999938964844,245420.0
2026-06-05,68.0999984741211,70.98999786376953,65.5,68.94000244140625,68.94000244140625,85216.0
2026-06-08,68.83999633789062,71.5,66.05000305175781,66.58000183105469,66.58000183105469,101383.0
2026-06-09,67.0,69.80000305175781,65.0,69.38999938964844,69.38999938964844,21978.0
2026-06-10,69.05000305175781,70.94999694824219,67.0999984741211,69.2300033569336,69.2300033569336,45357.0
2026-06-11,67.8499984741211,71.0,67.8499984741211,70.27999877929688,70.27999877929688,55952.0
2026-06-12,68.19999694824219,72.0,68.0,69.51000213623047,69.51000213623047,19481.0
2026-06-15,69.5999984741211,72.25,68.0,71.5,71.5,92025.0
2026-06-16,72.95999908447266,72.95999908447266,70.0,70.9800033569336,70.9800033569336,37741.0
2026-06-17,70.9800033569336,72.0,70.0,71.33000183105469,71.33000183105469,24419.0
2026-06-18,72.75,72.76000213623047,71.05000305175781,72.25,72.25,65279.0
2026-06-19,72.5999984741211,72.5999984741211,71.54000091552734,72.01000213623047,72.01000213623047,23945.0
2026-06-22,72.01000213623047,73.5,69.05000305175781,71.0,71.0,18709.0
2026-06-23,69.19999694824219,72.5,69.19999694824219,72.19000244140625,72.19000244140625,26370.0
2026-06-24,70.05000305175781,73.9000015258789,70.05000305175781,72.5,72.5,42187.0
2026-06-25,72.3499984741211,75.0,71.0199966430664,74.08000183105469,74.08000183105469,30754.0
2026-06-26,74.08000183105469,74.08000183105469,74.08000183105469,74.08000183105469,74.08000183105469,0.0
2026-06-29,73.70999908447266,74.06999969482422,72.0,72.33000183105469,72.33000183105469,30541.0
2026-06-30,73.98999786376953,75.5,71.1500015258789,74.7300033569336,74.7300033569336,71641.0
2026-07-01,75.0,75.0,73.0,73.05999755859375,73.05999755859375,11309.0
2026-07-02,73.05999755859375,74.8499984741211,72.0,73.16000366210938,73.16000366210938,7904.0
2026-07-03,72.01000213623047,73.5,72.01000213623047,73.13999938964844,73.13999938964844,15229.0
2026-07-06,71.0199966430664,73.9800033569336,71.0199966430664,73.0,73.0,14288.0
2026-07-07,73.0,73.5,72.51000213623047,73.04000091552734,73.04000091552734,20989.0
2026-07-08,73.04000091552734,73.04000091552734,70.11000061035156,71.37000274658203,71.37000274658203,26795.0
2026-07-09,71.37000274658203,73.4000015258789,71.37000274658203,73.13999938964844,73.13999938964844,15740.0
2026-07-10,73.25,73.9000015258789,73.0,73.0,73.0,17974.0
2026-07-13,74.43000030517578,74.45999908447266,73.0,73.0,73.0,19230.0
2026-07-14,72.63999938964844,74.0,72.63999938964844,73.0,73.0,18301.0
2026-07-15,73.0,75.0,70.0199966430664,73.2300033569336,73.2300033569336,17832.0
2026-07-16,74.9000015258789,74.9000015258789,73.0,73.91999816894531,73.91999816894531,12228.0
2026-07-17,73.0199966430664,73.87000274658203,73.0,73.0,73.0,20614.0
2026-07-20,73.0999984741211,73.30000305175781,71.52999877929688,73.0,73.0,9654.0
2026-07-21,71.01000213623047,73.5,71.01000213623047,73.0,73.0,12973.0
2026-07-22,73.0,74.29000091552734,73.0,73.0,73.0,4524.0
2026-07-23,71.55999755859375,73.0,70.30000305175781,73.0,73.0,30573.0
2026-07-24,71.26000213623047,73.36000061035156,71.01000213623047,73.1500015258789,73.1500015258789,11905.0
2026-07-27,73.5,73.5,72.11000061035156,73.5,73.5,6559.0
2026-07-28,72.0999984741211,73.75,69.83000183105469,73.01000213623047,73.01000213623047,36127.0
2026-07-29,72.5999984741211,73.01000213623047,72.5999984741211,73.0,73.0,21102.0
2026-07-30,72.9000015258789,73.5,72.9000015258789,72.98999786376953,72.98999786376953,24677.0
2026-07-31,72.9800033569336,73.3499984741211,71.25,72.98999786376953,72.98999786376953,25256.0
2026-08-03,72.62999725341797,73.5,71.19999694824219,73.0,73.0,45196.0
2026-08-04,71.5199966430664,73.5,71.5199966430664,73.0,73.0,13067.0
2026-08-05,74.9800033569336,74.9800033569336,73.0,73.0,73.0,13043.0
2026-08-06,71.5999984741211,73.01000213623047,71.5999984741211,73.0,73.0,10801.0
2026-08-07,72.0,73.0,71.58000183105469,72.86000061035156,72.86000061035156,17442.0
2026-08-10,74.9000015258789,74.9000015258789,71.26000213623047,73.0,73.0,5167.0
2026-08-11,72.0999984741211,73.5,71.62000274658203,73.0,73.0,5182.0
2026-08-12,74.38999938964844,74.38999938964844,71.55999755859375,73.05000305175781,73.05000305175781,10475.0
2026-08-13,74.4800033569336,74.4800033569336,71.30000305175781,73.01000213623047,73.01000213623047,6502.0
2026-08-14,72.5,72.55000305175781,70.0999984741211,72.5,72.5,24666.0
2026-08-17,71.0,72.75,71.0,72.0,72.0,12411.0
2026-08-18,72.72000122070312,72.98999786376953,70.79000091552734,72.5,72.5,17674.0
2026-08-19,72.30000305175781,72.4000015258789,71.51000213623047,72.4000015258789,72.4000015258789,7936.0
2026-08-20,71.0199966430664,74.19000244140625,71.0199966430664,73.0199966430664,73.0199966430664,16749.0
2026-08-21,73.0,73.5,70.19999694824219,73.37999725341797,73.37999725341797,47447.0
2026-08-24,73.0,75.0,73.0,74.55000305175781,74.55000305175781,24752.0
2026-08-25,75.23999786376953,76.80999755859375,74.01000213623047,74.95999908447266,74.95999908447266,32120.0
2026-08-26,74.94999694824219,74.95999908447266,74.0,74.0,74.0,5547.0
2026-08-27,74.0,74.0,70.30000305175781,72.0,72.0,25253.0
2026-08-28,70.6500015258789,72.80000305175781,70.6500015258789,72.16999816894531,72.16999816894531,5030.0
2026-08-31,72.88999938964844,73.88999938964844,71.22000122070312,71.62999725341797,71.62999725341797,34569.0
2026-09-01,70.5199966430664,72.97000122070312,70.5199966430664,70.77999877929688,70.77999877929688,4495.0
2026-09-02,70.76000213623047,73.73999786376953,70.66000366210938,71.87999725341797,71.87999725341797,10168.0
2026-09-03,70.70999908447266,72.87999725341797,70.70999908447266,72.87999725341797,72.87999725341797,6139.0
2026-09-04,71.98999786376953,73.0,71.98999786376953,72.20999908447266,72.20999908447266,6852.0
2026-09-08,70.36000061035156,72.88999938964844,70.36000061035156,72.48999786376953,72.48999786376953,3129.0
2026-09-09,72.4800033569336,72.4800033569336,71.01000213623047,71.02999877929688,71.02999877929688,1103.0
2026-09-10,72.97000122070312,72.97000122070312,71.02999877929688,71.87000274658203,71.87000274658203,1942.0
2026-09-11,71.5199966430664,72.0,70.5,70.70999908447266,70.70999908447266,5358.0
2026-09-15,71.19999694824219,73.98999786376953,70.30000305175781,70.30000305175781,70.30000305175781,9099.0
