date,open,high,low,close,adjclose,volume
2021-12-22,437.0,507.8999938964844,426.0,493.3500061035156,475.818603515625,19716936.0
2021-12-23,499.8999938964844,512.0,478.0,480.6000061035156,463.52166748046875,2173869.0
2021-12-24,484.0,489.0,466.04998779296875,470.45001220703125,453.7323303222656,951656.0
2021-12-27,460.1000061035156,464.8999938964844,444.20001220703125,449.95001220703125,433.9608154296875,540067.0
2021-12-28,446.25,464.5,446.25,460.25,443.894775390625,419620.0
2021-12-29,459.0,469.70001220703125,450.0,453.95001220703125,437.8186950683594,572715.0
2021-12-30,451.0,462.0,450.0,452.1499938964844,436.0826110839844,166176.0
2021-12-31,451.0,460.8999938964844,451.0,458.20001220703125,441.9176330566406,247933.0
2022-01-03,454.5,461.79998779296875,450.04998779296875,453.6000061035156,437.48114013671875,327782.0
2022-01-04,458.70001220703125,458.70001220703125,434.79998779296875,436.6000061035156,421.085205078125,374329.0
2022-01-05,437.25,448.70001220703125,428.75,439.8500061035156,424.2196960449219,360297.0
2022-01-06,432.1000061035156,457.0,431.6499938964844,455.20001220703125,439.0242919921875,408705.0
2022-01-07,465.0,471.1000061035156,456.54998779296875,468.25,451.6104736328125,319032.0
2022-01-10,468.0,480.0,458.6499938964844,478.25,461.25518798828125,295438.0
2022-01-11,484.75,498.1000061035156,478.0,494.54998779296875,476.97589111328125,606349.0
2022-01-12,488.29998779296875,502.0,484.25,499.0,481.26776123046875,459370.0
2022-01-13,492.20001220703125,509.79998779296875,488.8999938964844,500.95001220703125,483.14849853515625,505248.0
2022-01-14,500.8999938964844,512.0,492.95001220703125,507.95001220703125,489.8997802734375,508691.0
2022-01-17,545.0,609.5,545.0,605.0,583.5010375976562,5552207.0
2022-01-18,621.0,673.0,595.25,605.2000122070312,583.6939086914062,5058331.0
2022-01-19,596.0,621.7000122070312,586.0,608.0999755859375,586.4907836914062,887038.0
2022-01-20,611.9000244140625,627.0,600.0,608.5499877929688,586.9248657226562,865251.0
2022-01-21,606.9000244140625,619.7000122070312,591.0,601.75,580.366455078125,384543.0
2022-01-24,600.0,609.9000244140625,556.5,597.4500122070312,576.2192993164062,441786.0
2022-01-25,597.0,625.0,584.0,612.9000244140625,591.1203002929688,319471.0
2022-01-27,600.0,630.0,595.2999877929688,625.7999877929688,603.5618286132812,397438.0
2022-01-28,629.7999877929688,630.5999755859375,602.5,615.1500244140625,593.2904052734375,328952.0
2022-01-31,616.0,625.0,600.5,608.9000244140625,587.262451171875,321552.0
2022-02-01,610.0,614.75,575.4000244140625,595.1500244140625,574.0010986328125,326331.0
2022-02-02,595.4500122070312,608.25,585.1500244140625,598.7000122070312,577.4249877929688,361387.0
2022-02-03,592.0,603.25,589.0,591.0499877929688,570.0468139648438,364061.0
2022-02-04,592.0,592.7000122070312,581.0999755859375,582.5,561.8005981445312,92462.0
2022-02-07,582.0,595.5499877929688,573.2000122070312,577.9000244140625,557.364013671875,186031.0
2022-02-08,575.0,589.5,565.0,567.2000122070312,547.0442504882812,136380.0
2022-02-09,570.9000244140625,604.4000244140625,559.25,594.5999755859375,573.4705810546875,192902.0
2022-02-10,595.0999755859375,597.0,580.0999755859375,586.4500122070312,565.6102294921875,63064.0
2022-02-11,584.0,584.9500122070312,573.0499877929688,578.7000122070312,558.1356201171875,70637.0
2022-02-14,565.25,589.75,550.0999755859375,559.5999755859375,539.7142944335938,250995.0
2022-02-15,565.0,580.0,550.2999877929688,574.5999755859375,554.1812133789062,100356.0
2022-02-16,580.0,582.25,570.0,572.1500244140625,551.8184204101562,91253.0
2022-02-17,570.0999755859375,570.9500122070312,558.0,558.2000122070312,538.3640747070312,167101.0
2022-02-18,557.0,559.9000244140625,551.25,554.4000244140625,534.69921875,123520.0
2022-02-21,550.0,560.0,540.0,548.75,529.2498779296875,136516.0
2022-02-22,534.0,552.9000244140625,526.0,547.5,528.0443725585938,86409.0
2022-02-23,545.0,553.0,538.0499877929688,542.7999877929688,523.5112915039062,226462.0
2022-02-24,520.0,532.25,510.54998779296875,522.7999877929688,504.22210693359375,564698.0
2022-02-25,520.25,560.0,520.25,545.0999755859375,525.7295532226562,275706.0
2022-02-28,550.0,550.0,533.0,544.0,524.6688232421875,112419.0
2022-03-02,538.0,548.0,530.25,536.2000122070312,517.1458740234375,47030.0
2022-03-03,544.75,547.0,528.0,531.9500122070312,513.0469360351562,79234.0
2022-03-04,530.0,531.9000244140625,515.0,519.0,500.5570983886719,103406.0
2022-03-07,515.0,531.5999755859375,505.1000061035156,518.25,499.8337097167969,147347.0
2022-03-08,527.0,527.0,514.6500244140625,520.1500244140625,501.6662292480469,101245.0
2022-03-09,520.0499877929688,530.0,519.0,522.0,503.4504699707031,171982.0
2022-03-10,526.0,548.0,523.75,535.3499755859375,516.3260498046875,581113.0
2022-03-11,544.75,550.0,540.0999755859375,548.7999877929688,529.298095703125,202230.0
2022-03-14,552.0999755859375,552.0999755859375,532.0499877929688,539.75,520.5696411132812,68068.0
2022-03-15,541.0,558.75,539.5,551.5999755859375,531.9985961914062,243904.0
2022-03-16,559.0,574.5499877929688,551.0499877929688,570.0999755859375,551.340576171875,164931.0
2022-03-17,575.0,589.4500122070312,565.75,573.1500244140625,554.2901611328125,283725.0
2022-03-21,573.2000122070312,579.8499755859375,562.2999877929688,572.5499877929688,553.7098999023438,145451.0
2022-03-22,571.0,583.9500122070312,565.6500244140625,570.0999755859375,551.340576171875,417622.0
2022-03-23,571.0499877929688,580.25,567.0,569.9500122070312,551.1954345703125,104992.0
2022-03-24,574.0,584.5,565.1500244140625,575.4500122070312,556.5145263671875,93984.0
2022-03-25,579.75,597.1500244140625,578.2000122070312,582.9000244140625,563.7193603515625,247121.0
2022-03-28,579.0,599.2000122070312,576.0,594.3499755859375,574.79248046875,178019.0
2022-03-29,591.0,607.4000244140625,582.7999877929688,598.7999877929688,579.0960083007812,136544.0
2022-03-30,596.0,610.0,591.0,606.5,586.542724609375,210076.0
2022-03-31,605.5999755859375,635.5,581.3499755859375,612.2000122070312,592.0551147460938,401020.0
2022-04-01,611.0,624.0,601.5999755859375,606.25,586.3009033203125,169484.0
2022-04-04,619.75,619.75,598.0999755859375,601.2000122070312,581.4171752929688,82918.0
2022-04-05,604.0,610.0,595.0499877929688,597.7000122070312,578.0324096679688,72435.0
2022-04-06,594.0,607.7000122070312,592.25,600.1500244140625,580.4016723632812,113163.0
2022-04-07,595.0,610.0,588.4000244140625,596.75,577.1135864257812,82338.0
2022-04-08,591.0999755859375,595.4000244140625,582.4500122070312,592.4500122070312,572.955078125,101489.0
2022-04-11,594.0,612.1500244140625,594.0,603.6500244140625,583.7864990234375,156911.0
2022-04-12,599.0,614.0,594.0,603.5999755859375,583.7382202148438,130259.0
2022-04-13,602.1500244140625,611.0,599.0,600.7000122070312,580.93359375,53350.0
2022-04-18,593.0,600.7000122070312,535.25,594.6500244140625,575.0827026367188,63276.0
2022-04-19,602.0,603.5499877929688,565.8499755859375,574.2000122070312,555.3056640625,70371.0
2022-04-20,582.0,583.0,552.0999755859375,568.9000244140625,550.1799926757812,155842.0
2022-04-21,567.0,575.7000122070312,565.7000122070312,570.1500244140625,551.388916015625,41793.0
2022-04-22,568.0,575.0,565.0,567.7000122070312,549.0194702148438,21859.0
2022-04-25,555.0999755859375,570.0,555.0999755859375,566.2000122070312,547.5689086914062,66315.0
2022-04-26,579.0,588.5499877929688,567.0,572.0999755859375,553.274658203125,128639.0
2022-04-27,571.7000122070312,574.1500244140625,555.4000244140625,558.8499755859375,540.4606323242188,30140.0
2022-04-28,560.0,570.0,550.0,566.0499877929688,547.4237670898438,107186.0
2022-04-29,566.1500244140625,579.0,553.0,570.0999755859375,551.340576171875,194711.0
2022-05-02,567.2999877929688,573.9000244140625,556.2000122070312,562.6500244140625,544.1355590820312,200218.0
2022-05-04,561.0,564.5,535.0999755859375,552.75,534.561279296875,71342.0
2022-05-05,558.75,558.75,543.0,547.5,529.484130859375,32909.0
2022-05-06,535.0,550.0999755859375,534.0499877929688,542.8499755859375,524.987060546875,71079.0
2022-05-09,540.7999877929688,540.7999877929688,526.5499877929688,533.25,515.7030639648438,95648.0
2022-05-10,528.7999877929688,550.0,520.1500244140625,537.2999877929688,519.6196899414062,91361.0
2022-05-11,532.7000122070312,537.4000244140625,520.0,525.9000244140625,508.594970703125,105327.0
2022-05-12,518.0,524.75,505.1000061035156,517.4500122070312,500.4230041503906,69786.0
2022-05-13,517.5999755859375,533.0,513.25,521.9000244140625,504.7265625,74621.0
2022-05-16,518.25,528.75,505.3999938964844,515.0499877929688,498.1019592285156,66276.0
2022-05-17,519.0,539.7999877929688,508.1000061035156,527.0,509.65875244140625,87796.0
2022-05-18,535.0,536.0,521.0999755859375,528.2000122070312,510.8193054199219,59893.0
2022-05-19,515.0999755859375,536.0,511.3500061035156,529.0,511.59295654296875,51143.0
2022-05-20,534.0,545.0,526.7000122070312,536.9000244140625,519.2329711914062,85612.0
2022-05-23,556.0,582.7999877929688,531.25,546.6500244140625,528.6622314453125,538524.0
2022-05-24,554.75,554.75,531.0,538.6500244140625,520.9254150390625,105455.0
2022-05-25,538.6500244140625,546.5999755859375,522.2999877929688,530.3499755859375,512.8984375,200781.0
2022-05-26,527.0,535.0999755859375,520.7000122070312,530.75,513.2853393554688,93880.0
2022-05-27,532.4500122070312,537.7000122070312,521.2999877929688,525.1500244140625,507.86968994140625,130504.0
2022-05-30,530.0,596.0499877929688,525.2000122070312,574.7999877929688,555.8858032226562,1095155.0
2022-05-31,572.2000122070312,607.0,565.25,596.4000244140625,576.775146484375,762000.0
2022-06-01,597.0,619.0,576.5499877929688,582.0,562.8489379882812,376957.0
2022-06-02,580.9000244140625,594.5,572.5,588.2000122070312,568.844970703125,107489.0
2022-06-03,593.0,599.0,576.4500122070312,578.5499877929688,559.512451171875,37976.0
2022-06-06,583.4000244140625,587.5999755859375,567.1500244140625,573.7999877929688,554.9187622070312,87520.0
2022-06-07,571.0,585.0,566.7000122070312,579.0499877929688,559.9960327148438,27010.0
2022-06-08,579.0,581.0,551.0,560.7000122070312,542.2498168945312,37717.0
2022-06-09,558.9000244140625,572.0,551.1500244140625,565.9500122070312,547.3270263671875,63106.0
2022-06-10,560.0999755859375,580.0,553.0999755859375,574.0999755859375,555.2088012695312,82889.0
2022-06-13,557.0,574.0999755859375,542.1500244140625,564.0499877929688,545.4896240234375,146885.0
2022-06-14,569.75,572.0,557.5499877929688,566.3499755859375,547.7139282226562,29298.0
2022-06-15,566.3499755859375,571.9500122070312,543.7000122070312,557.0,538.6715087890625,113255.0
2022-06-16,567.0,567.0,535.5999755859375,549.6500244140625,531.5634155273438,165273.0
2022-06-17,548.0,548.0,535.0999755859375,540.5,522.7144775390625,20960.0
2022-06-20,544.7999877929688,544.7999877929688,525.5,536.7999877929688,519.13623046875,279706.0
2022-06-21,535.9500122070312,559.5,532.0,553.3499755859375,535.1416625976562,82169.0
2022-06-22,567.75,567.75,548.4000244140625,561.9500122070312,543.4586791992188,165020.0
2022-06-23,567.75,569.0499877929688,551.5999755859375,559.9500122070312,541.5244750976562,42865.0
2022-06-24,556.3499755859375,568.7000122070312,556.3499755859375,560.5999755859375,542.1531372070312,16640.0
2022-06-27,565.0,576.9000244140625,555.5499877929688,562.5999755859375,544.0872802734375,85341.0
2022-06-28,570.0,588.9000244140625,562.5999755859375,580.1500244140625,561.059814453125,190948.0
2022-06-29,578.0,585.0,570.0,578.4000244140625,559.3673706054688,179888.0
2022-06-30,570.0,602.7000122070312,570.0,598.75,579.0477294921875,287208.0
2022-07-01,600.0,631.25,600.0,621.0999755859375,600.6624145507812,582857.0
2022-07-04,631.0,633.0,606.5499877929688,614.0999755859375,593.892578125,161877.0
2022-07-05,617.4500122070312,619.3499755859375,580.2000122070312,588.3499755859375,568.989990234375,322195.0
2022-07-06,588.0,599.0,572.0,589.5,570.1021118164062,183581.0
2022-07-07,593.7999877929688,596.5,575.25,585.2999877929688,566.040283203125,427208.0
2022-07-08,586.0,598.0,576.9500122070312,581.0,561.8817749023438,308045.0
2022-07-11,582.9000244140625,589.9500122070312,577.25,583.0999755859375,563.9127807617188,33289.0
2022-07-12,581.1500244140625,597.1500244140625,573.0,575.6500244140625,556.7078857421875,338279.0
2022-07-13,581.8499755859375,589.0,548.75,558.5999755859375,540.2189331054688,195730.0
2022-07-14,563.0,565.0,550.4000244140625,554.0499877929688,535.8186645507812,59443.0
2022-07-15,551.0,584.5,551.0,577.4000244140625,558.4003295898438,91754.0
2022-07-18,590.0,594.2000122070312,577.0999755859375,582.4000244140625,563.2357788085938,68455.0
2022-07-19,582.4000244140625,585.9500122070312,578.0,579.5,560.4312133789062,28525.0
2022-07-20,588.0,591.7000122070312,568.4000244140625,578.0999755859375,559.0772094726562,55313.0
2022-07-21,578.0999755859375,581.4000244140625,567.0,575.5499877929688,556.6112060546875,108785.0
2022-07-22,571.1500244140625,581.75,565.0999755859375,576.1500244140625,557.1914672851562,97628.0
2022-07-25,578.4500122070312,579.3499755859375,566.4500122070312,572.6500244140625,553.8065795898438,113030.0
2022-07-26,572.6500244140625,581.5499877929688,568.8499755859375,576.2999877929688,557.33642578125,47214.0
2022-07-27,576.2999877929688,588.0,572.0,581.2999877929688,562.1719360351562,48265.0
2022-07-28,582.3499755859375,654.4000244140625,582.3499755859375,636.9000244140625,615.9424438476562,1710307.0
2022-07-29,649.7000122070312,649.7000122070312,627.0999755859375,639.75,618.6985473632812,561936.0
2022-08-01,682.0499877929688,761.75,682.0499877929688,737.2000122070312,712.9419555664062,6015998.0
2022-08-02,737.2000122070312,775.9000244140625,722.0,763.1500244140625,738.0382080078125,2110241.0
2022-08-03,762.9500122070312,773.0,751.3499755859375,766.7999877929688,741.56787109375,409788.0
2022-08-04,766.7999877929688,778.0,724.4000244140625,737.5999755859375,713.3287963867188,323494.0
2022-08-05,736.9000244140625,752.1500244140625,724.0499877929688,735.2999877929688,711.1044311523438,130062.0
2022-08-08,753.0,796.0,749.5,758.0999755859375,733.1542358398438,822417.0
2022-08-10,769.0,799.0,758.0999755859375,787.0,761.1033325195312,520332.0
2022-08-11,789.7000122070312,939.9000244140625,785.0,813.3499755859375,786.586181640625,871104.0
2022-08-12,836.0,870.0,815.5999755859375,855.2999877929688,827.15576171875,805390.0
2022-08-16,870.0,871.5999755859375,826.4500122070312,844.75,816.9529418945312,571812.0
2022-08-17,850.5999755859375,861.9000244140625,839.25,849.8499755859375,821.8851928710938,172997.0
2022-08-18,852.0,852.0,818.0499877929688,823.9500122070312,796.8373413085938,159202.0
2022-08-19,824.0,844.5,806.1500244140625,808.7999877929688,782.1859130859375,154184.0
2022-08-22,811.0,825.0,791.2999877929688,802.0,775.6095581054688,148779.0
2022-08-23,806.0,840.0,775.9000244140625,816.25,789.3906860351562,375684.0
2022-08-24,818.7999877929688,829.0,792.5,801.8499755859375,775.4646606445312,166014.0
2022-08-25,813.7999877929688,813.7999877929688,784.0999755859375,787.25,761.3450317382812,155767.0
2022-08-26,793.0,805.6500244140625,775.0,778.0999755859375,752.4960327148438,162444.0
2022-08-29,760.0,797.5,751.9500122070312,784.7999877929688,759.7079467773438,204372.0
2022-08-30,789.9500122070312,797.1500244140625,780.5,792.9500122070312,767.5972900390625,173885.0
2022-09-01,788.9000244140625,814.0,772.0,776.9500122070312,752.1089477539062,191199.0
2022-09-02,782.7999877929688,805.0,773.0,794.7999877929688,769.38818359375,150442.0
2022-09-05,797.9000244140625,838.0,791.0499877929688,830.2000122070312,803.65625,370243.0
2022-09-06,844.7000122070312,850.0,805.5499877929688,813.5,787.4902954101562,273823.0
2022-09-07,810.9000244140625,817.0,793.0,795.7999877929688,770.356201171875,153578.0
2022-09-08,803.4000244140625,813.9500122070312,787.1500244140625,802.5,776.8419189453125,229736.0
2022-09-09,805.9000244140625,823.2999877929688,792.0,816.75,790.6364135742188,314475.0
2022-09-12,818.0,831.0499877929688,808.5,822.6500244140625,796.3477783203125,174849.0
2022-09-13,824.9000244140625,828.4000244140625,807.4000244140625,817.7999877929688,791.65283203125,217405.0
2022-09-14,818.0,825.0,800.0,805.3499755859375,779.600830078125,214202.0
2022-09-15,810.9000244140625,816.0,799.0,802.9000244140625,777.2291259765625,107035.0
2022-09-16,800.0,805.0499877929688,772.0,780.8499755859375,755.88427734375,145235.0
2022-09-19,777.4000244140625,825.0,774.0499877929688,814.5,788.4583129882812,393160.0
2022-09-20,829.0,914.9500122070312,814.5,884.0999755859375,855.8330688476562,3119045.0
2022-09-21,893.8499755859375,906.2000122070312,855.25,865.0499877929688,837.3921508789062,874324.0
2022-09-22,864.9000244140625,903.4000244140625,857.2000122070312,889.5999755859375,861.1571655273438,379950.0
2022-09-23,900.0,935.0,867.0,879.9500122070312,851.8157958984375,1301591.0
2022-09-26,878.9000244140625,918.0,846.9000244140625,893.5,864.9324951171875,835280.0
2022-09-27,918.1500244140625,948.5,858.8499755859375,867.7999877929688,840.0542602539062,1206113.0
2022-09-28,866.0,918.0,859.25,897.6500244140625,868.9497680664062,749644.0
2022-09-29,938.0,938.0,860.5499877929688,905.75,876.7908325195312,648825.0
2022-09-30,899.0999755859375,922.2000122070312,876.5499877929688,916.0499877929688,886.7615966796875,355620.0
2022-10-03,910.2000122070312,968.9500122070312,892.2999877929688,934.75,904.863525390625,1174888.0
2022-10-04,955.5,969.8499755859375,941.0,946.2999877929688,916.0443115234375,469011.0
2022-10-06,956.0,980.8499755859375,943.9500122070312,959.4500122070312,928.7738647460938,554955.0
2022-10-07,963.7999877929688,963.7999877929688,930.5,941.4000244140625,911.3009643554688,271785.0
2022-10-10,926.9000244140625,942.8499755859375,923.0,930.6500244140625,900.894775390625,120436.0
2022-10-11,930.1500244140625,943.6500244140625,900.0,909.9500122070312,880.8565673828125,192391.0
2022-10-12,910.0,923.9500122070312,881.2999877929688,911.9000244140625,882.744140625,412278.0
2022-10-13,916.4000244140625,924.9000244140625,881.0999755859375,892.0999755859375,863.5772705078125,273081.0
2022-10-14,909.9000244140625,910.0,868.0,873.8499755859375,845.9107666015625,265940.0
2022-10-17,866.0,936.9500122070312,863.6500244140625,931.3499755859375,901.572265625,595028.0
2022-10-18,937.0,950.9500122070312,916.5999755859375,933.0499877929688,903.2178955078125,484012.0
2022-10-19,935.9000244140625,939.7999877929688,890.0,895.5999755859375,866.9652099609375,464793.0
2022-10-20,904.0,928.0,877.25,883.25,855.0101928710938,775771.0
2022-10-21,888.0,897.4000244140625,832.8499755859375,889.0,860.576416015625,645740.0
2022-10-24,902.0,905.75,881.2000122070312,887.5,859.1243286132812,71614.0
2022-10-25,890.0,890.0,861.0,865.8499755859375,838.16650390625,123281.0
2022-10-27,860.0499877929688,870.0,826.8499755859375,835.5999755859375,808.8837280273438,462758.0
2022-10-28,835.0,839.9000244140625,819.0499877929688,826.1500244140625,799.7359619140625,304406.0
2022-10-31,825.0,876.0,823.5499877929688,866.5999755859375,838.892578125,363364.0
2022-11-01,874.0,879.5499877929688,851.1500244140625,855.0999755859375,827.7601928710938,173436.0
2022-11-02,855.0,859.5499877929688,841.0,843.9500122070312,816.966796875,121462.0
2022-11-03,835.9000244140625,855.8499755859375,830.0,833.3499755859375,806.7056274414062,187346.0
2022-11-04,833.7999877929688,856.0,833.7999877929688,842.9500122070312,815.998779296875,158089.0
2022-11-07,848.7000122070312,853.0,830.0,832.9000244140625,806.2700805664062,113589.0
2022-11-09,837.0,847.3499755859375,828.75,837.0999755859375,810.3356323242188,109665.0
2022-11-10,828.75,842.25,793.2999877929688,800.2000122070312,774.6155395507812,183553.0
2022-11-11,808.9000244140625,814.4000244140625,775.4500122070312,799.5499877929688,773.986328125,282239.0
2022-11-14,798.0,811.9000244140625,782.5499877929688,794.9000244140625,769.4850463867188,110566.0
2022-11-15,798.2000122070312,805.0,777.0499877929688,779.0499877929688,754.1417236328125,107616.0
2022-11-16,782.9500122070312,817.0,772.5499877929688,811.1500244140625,785.2155151367188,421410.0
2022-11-17,816.7999877929688,816.7999877929688,802.8499755859375,807.5999755859375,781.7789306640625,146049.0
2022-11-18,808.5999755859375,822.0,789.0999755859375,794.0999755859375,768.7105102539062,207124.0
2022-11-21,798.7999877929688,808.0,779.0499877929688,786.1500244140625,761.0147705078125,156922.0
2022-11-22,790.0,804.4500122070312,782.4000244140625,799.7000122070312,774.1315307617188,98373.0
2022-11-23,803.9000244140625,811.7000122070312,796.5499877929688,807.25,781.4401245117188,79998.0
2022-11-24,815.0,815.0,792.0,813.0499877929688,787.0546875,180341.0
2022-11-25,813.9000244140625,827.5499877929688,796.0499877929688,801.0,775.389892578125,145991.0
2022-11-28,807.25,830.0,801.75,815.75,789.6683959960938,207348.0
2022-11-29,821.75,824.9000244140625,808.2999877929688,815.4000244140625,789.32958984375,159481.0
2022-11-30,820.7000122070312,837.7000122070312,812.2999877929688,831.6500244140625,805.0599975585938,204096.0
2022-12-01,832.0,849.0,822.1500244140625,830.9500122070312,804.3824462890625,137304.0
2022-12-02,829.9500122070312,839.8499755859375,824.1500244140625,834.9000244140625,808.2060546875,72800.0
2022-12-05,839.0,842.3499755859375,824.75,835.0499877929688,808.351318359375,88864.0
2022-12-06,836.0,841.25,826.5999755859375,831.7000122070312,805.1084594726562,41911.0
2022-12-07,836.7999877929688,850.0,829.0,840.1500244140625,813.2882080078125,128532.0
2022-12-08,865.0,870.0999755859375,841.0,847.9000244140625,820.7904663085938,279142.0
2022-12-09,847.9000244140625,853.4500122070312,825.0,833.9000244140625,807.2380981445312,128489.0
2022-12-12,837.8499755859375,838.2999877929688,811.0,820.6500244140625,794.4116821289062,63175.0
2022-12-13,824.5999755859375,830.0,816.0,820.9500122070312,794.7021484375,42264.0
2022-12-14,823.0,851.9500122070312,822.0,842.0499877929688,815.12744140625,339131.0
2022-12-15,842.0,848.1500244140625,818.0,827.0999755859375,800.6554565429688,56817.0
2022-12-16,828.9000244140625,833.2000122070312,793.7000122070312,823.9500122070312,797.606201171875,179349.0
2022-12-19,828.2999877929688,835.0,823.9500122070312,827.0,800.5587158203125,60818.0
2022-12-20,827.0,864.0,821.3499755859375,848.2999877929688,821.1776733398438,340965.0
2022-12-21,847.5499877929688,847.5499877929688,830.5499877929688,838.25,811.4490356445312,139873.0
2022-12-22,839.0499877929688,840.4500122070312,814.1500244140625,833.4000244140625,806.7540283203125,110026.0
2022-12-23,825.7999877929688,830.4500122070312,805.0,825.6500244140625,799.2518920898438,153363.0
2022-12-26,810.0,845.0,800.0999755859375,835.9500122070312,809.2225952148438,65631.0
2022-12-27,835.9500122070312,857.4000244140625,832.5,842.2999877929688,815.3694458007812,61656.0
2022-12-28,842.0,866.0,834.5999755859375,860.8499755859375,833.326416015625,92475.0
2022-12-29,860.0,864.0,846.5499877929688,858.0499877929688,830.6159057617188,98248.0
2022-12-30,858.1500244140625,913.0,858.1500244140625,883.5,855.2521362304688,730312.0
2023-01-02,890.0,893.5,860.5499877929688,865.9000244140625,838.2150268554688,202381.0
2023-01-03,867.0,877.0999755859375,860.5,873.0999755859375,845.1846313476562,142216.0
2023-01-04,873.0999755859375,873.0999755859375,850.0,856.4000244140625,829.0186767578125,78702.0
2023-01-05,853.2000122070312,882.7999877929688,841.5,871.9500122070312,844.071533203125,173244.0
2023-01-06,867.5,872.9500122070312,851.5,862.9500122070312,835.3592529296875,120530.0
2023-01-09,864.9500122070312,891.9500122070312,861.0499877929688,885.9500122070312,857.6239013671875,179375.0
2023-01-10,882.9500122070312,882.9500122070312,846.3499755859375,852.4000244140625,825.1466674804688,137921.0
2023-01-11,856.6500244140625,859.2999877929688,832.5499877929688,833.1500244140625,806.5121459960938,80413.0
2023-01-12,833.0,847.7999877929688,829.5999755859375,837.2000122070312,810.4325561523438,67968.0
2023-01-13,839.75,853.0,836.4500122070312,849.9000244140625,822.7265014648438,45112.0
2023-01-16,850.0,863.9500122070312,843.0,847.0,819.9192504882812,54949.0
2023-01-17,852.25,869.0,829.0999755859375,845.3499755859375,818.3219604492188,501977.0
2023-01-18,860.0,886.0,847.0,864.5,836.8596801757812,435543.0
2023-01-19,875.0,883.0,867.0499877929688,874.2999877929688,846.3463745117188,144021.0
2023-01-20,879.7999877929688,882.5499877929688,845.0499877929688,854.0999755859375,826.792236328125,240914.0
2023-01-23,858.5999755859375,862.25,829.4000244140625,832.9000244140625,806.2700805664062,96176.0
2023-01-24,832.9000244140625,841.2999877929688,806.0,810.2000122070312,784.2958984375,140391.0
2023-01-25,810.2000122070312,810.2000122070312,792.9500122070312,799.1500244140625,773.59912109375,308738.0
2023-01-27,797.0,798.9500122070312,752.0,773.7999877929688,751.4102783203125,679119.0
2023-01-30,759.0499877929688,774.5,754.0,759.7000122070312,737.7183227539062,113356.0
2023-01-31,759.7000122070312,764.25,736.0499877929688,756.5999755859375,734.7080078125,200598.0
2023-02-01,764.9000244140625,772.7000122070312,755.9000244140625,767.9500122070312,745.7295532226562,79514.0
2023-02-02,766.7999877929688,766.7999877929688,737.0,749.4000244140625,727.7162475585938,110246.0
2023-02-03,748.6500244140625,758.9500122070312,737.4000244140625,747.8499755859375,726.2110595703125,56260.0
2023-02-06,749.0,765.9500122070312,740.25,760.4000244140625,738.3980102539062,97207.0
2023-02-07,764.25,770.0499877929688,745.4500122070312,757.4000244140625,735.4848022460938,52983.0
2023-02-08,759.75,782.3499755859375,746.0999755859375,765.0999755859375,742.9619750976562,92586.0
2023-02-09,765.0999755859375,790.0,758.75,784.75,762.04345703125,69817.0
2023-02-10,788.7000122070312,807.0,776.2000122070312,802.0999755859375,778.891357421875,116305.0
2023-02-13,806.1500244140625,834.0,786.2000122070312,804.25,780.9791870117188,138644.0
2023-02-14,808.0,822.4000244140625,788.4500122070312,813.9000244140625,790.35009765625,178033.0
2023-02-15,813.9500122070312,849.0,801.0499877929688,837.5999755859375,813.3642578125,199356.0
2023-02-16,841.7999877929688,848.0999755859375,836.0,843.25,818.8507080078125,116441.0
2023-02-17,836.1500244140625,859.9000244140625,826.0499877929688,832.25,808.1690673828125,186922.0
2023-02-20,826.5999755859375,844.9000244140625,815.0,838.0,813.7527465820312,169404.0
2023-02-21,842.2000122070312,857.7000122070312,838.9000244140625,849.25,824.6771240234375,98814.0
2023-02-22,849.2000122070312,854.9000244140625,830.0,849.7000122070312,825.1141357421875,176210.0
2023-02-23,848.0,854.9000244140625,812.9000244140625,850.0999755859375,825.5025634765625,155909.0
2023-02-24,846.0,856.75,805.0,807.0999755859375,783.7467651367188,225015.0
2023-02-27,810.0,849.0,809.1500244140625,814.0,790.4471435546875,418112.0
2023-02-28,820.0499877929688,828.6500244140625,787.8499755859375,820.9500122070312,797.196044921875,226282.0
2023-03-01,808.0999755859375,825.0999755859375,797.5499877929688,810.8499755859375,787.3882446289062,186134.0
2023-03-02,810.0,815.0499877929688,791.5999755859375,806.8499755859375,783.5040283203125,146313.0
2023-03-03,810.9000244140625,812.8499755859375,799.5499877929688,806.9500122070312,783.6011352539062,103939.0
2023-03-06,811.0,812.4500122070312,795.0999755859375,806.7000122070312,783.3582763671875,181994.0
2023-03-08,804.0,812.3499755859375,796.25,808.9500122070312,785.5432739257812,232531.0
2023-03-09,807.0,823.9500122070312,804.4000244140625,820.25,796.5162963867188,392679.0
2023-03-10,814.0,835.5499877929688,807.0499877929688,822.6500244140625,798.8468627929688,162093.0
2023-03-13,822.9500122070312,832.0,795.5999755859375,803.8499755859375,780.5908203125,131252.0
2023-03-14,807.9000244140625,819.9500122070312,782.4000244140625,795.3499755859375,772.3367309570312,197819.0
2023-03-15,802.0,811.0,794.7999877929688,799.5499877929688,776.4152221679688,61230.0
2023-03-16,796.0,798.0,777.4000244140625,790.4500122070312,767.5784912109375,84348.0
2023-03-17,793.7999877929688,804.7999877929688,788.5999755859375,795.0,771.9968872070312,118636.0
2023-03-20,815.0,815.0,775.0,779.7999877929688,757.2366943359375,68795.0
2023-03-21,780.7000122070312,789.4500122070312,765.0999755859375,769.25,746.991943359375,225659.0
2023-03-22,769.4500122070312,790.0,766.2000122070312,784.75,762.04345703125,95509.0
2023-03-23,780.2999877929688,785.4500122070312,773.1500244140625,780.5999755859375,758.0134887695312,91166.0
2023-03-24,775.25,789.5499877929688,775.25,786.0499877929688,763.305908203125,69533.0
2023-03-27,786.7000122070312,786.9500122070312,765.0,771.5,749.1768188476562,92476.0
2023-03-28,771.2999877929688,786.9500122070312,768.25,770.5499877929688,748.2543334960938,74074.0
2023-03-29,770.5999755859375,805.0,765.0,787.7000122070312,764.9081420898438,177422.0
2023-03-31,787.7000122070312,809.9500122070312,782.0499877929688,794.6500244140625,771.656982421875,203357.0
2023-04-03,797.9000244140625,810.0,788.0,794.0999755859375,771.1228637695312,52036.0
2023-04-05,794.0,815.0,794.0,812.1500244140625,788.6506958007812,78525.0
2023-04-06,815.0,817.0,795.75,802.1500244140625,778.93994140625,43647.0
2023-04-10,802.0,814.0999755859375,797.5499877929688,811.8499755859375,788.359375,50984.0
2023-04-11,811.8499755859375,813.5,802.2000122070312,806.0499877929688,782.7271728515625,94841.0
2023-04-12,806.5999755859375,815.0,801.3499755859375,811.5999755859375,788.1165161132812,42040.0
2023-04-13,813.2000122070312,813.2000122070312,792.8499755859375,800.4000244140625,777.24072265625,50401.0
2023-04-17,800.4000244140625,818.0,796.5499877929688,812.9500122070312,789.427490234375,65023.0
2023-04-18,813.0,824.2000122070312,796.5999755859375,800.9000244140625,777.7261962890625,71726.0
2023-04-19,802.4500122070312,806.0,790.9000244140625,797.4500122070312,774.3760375976562,143408.0
2023-04-20,796.4000244140625,855.0,794.0,845.5,821.03564453125,621463.0
2023-04-21,842.0,858.2000122070312,833.6500244140625,846.9000244140625,822.3951416015625,225295.0
2023-04-24,847.9000244140625,855.2000122070312,840.3499755859375,846.2999877929688,821.8125,164186.0
2023-04-25,842.8499755859375,854.9500122070312,831.0,850.7000122070312,826.085205078125,209350.0
2023-04-26,850.7000122070312,857.3499755859375,834.0,853.7999877929688,829.095458984375,193459.0
2023-04-27,854.4500122070312,879.75,854.4500122070312,866.8499755859375,841.7679443359375,196700.0
2023-04-28,863.0499877929688,873.7999877929688,861.0,865.5,840.45703125,454834.0
2023-05-02,865.5,902.5,861.0,890.5999755859375,864.8306884765625,310142.0
2023-05-03,888.6500244140625,903.9500122070312,880.0,900.4000244140625,874.3472290039062,121081.0
2023-05-04,906.3499755859375,920.0,891.0,916.4000244140625,889.88427734375,141517.0
2023-05-05,910.9500122070312,929.0,887.4500122070312,921.7999877929688,895.1279296875,219848.0
2023-05-08,921.7999877929688,934.4500122070312,909.75,923.5499877929688,896.8272094726562,80102.0
2023-05-09,913.9500122070312,937.8499755859375,895.0,905.7000122070312,879.4938354492188,100305.0
2023-05-10,905.9500122070312,919.6500244140625,899.2000122070312,915.2000122070312,888.7189331054688,64209.0
2023-05-11,915.2000122070312,926.0999755859375,909.5499877929688,919.0499877929688,892.45751953125,87346.0
2023-05-12,927.0,927.0,902.0,911.5,885.1259765625,54850.0
2023-05-15,906.7000122070312,928.5,900.5999755859375,919.5,892.89453125,57333.0
2023-05-16,906.3499755859375,933.0,906.3499755859375,920.5,893.865478515625,45529.0
2023-05-17,919.9500122070312,924.8499755859375,907.9500122070312,911.4500122070312,885.077392578125,47066.0
2023-05-18,911.0,929.0,903.2000122070312,909.9500122070312,883.6207885742188,134102.0
2023-05-19,913.0999755859375,945.0,902.5999755859375,925.8499755859375,899.0607299804688,258131.0
2023-05-22,915.2999877929688,925.0,880.5499877929688,898.75,872.744873046875,137398.0
2023-05-23,908.9000244140625,918.9000244140625,864.4000244140625,880.4500122070312,854.974365234375,182472.0
2023-05-24,840.0,954.9000244140625,828.0,929.5999755859375,902.7022705078125,1398002.0
2023-05-25,935.0,977.4000244140625,921.3499755859375,969.5999755859375,941.5447998046875,681132.0
2023-05-26,963.0,964.0999755859375,942.75,950.0499877929688,922.560546875,310644.0
2023-05-29,950.5,961.4000244140625,928.75,958.2000122070312,930.4747314453125,222887.0
2023-05-30,957.5499877929688,991.0999755859375,950.0,968.6500244140625,940.6224365234375,336725.0
2023-05-31,963.4500122070312,984.5499877929688,946.1500244140625,958.0999755859375,930.3775634765625,119949.0
2023-06-01,958.1500244140625,979.0,957.7000122070312,971.0999755859375,943.00146484375,76330.0
2023-06-02,977.0,1013.0,970.5499877929688,985.0999755859375,956.5963134765625,325147.0
2023-06-05,995.0,995.0,944.8499755859375,952.25,924.6968994140625,118559.0
2023-06-06,956.7999877929688,977.0,954.4000244140625,972.25,944.1181640625,109916.0
2023-06-07,972.2999877929688,990.0,959.0,981.7000122070312,953.2947998046875,151532.0
2023-06-08,981.9500122070312,989.2999877929688,960.5,966.25,938.2918090820312,61525.0
2023-06-09,969.5999755859375,981.0,943.0,954.0499877929688,926.44482421875,61519.0
2023-06-12,954.0499877929688,961.7999877929688,939.9000244140625,958.7999877929688,931.057373046875,90617.0
2023-06-13,961.4500122070312,974.9500122070312,953.5999755859375,966.25,938.2918090820312,81789.0
2023-06-14,963.4500122070312,979.0999755859375,956.2999877929688,961.5,933.6792602539062,50429.0
2023-06-15,967.2000122070312,975.0,962.0,969.7999877929688,941.7390747070312,80716.0
2023-06-16,966.0999755859375,1007.5,964.0499877929688,979.8499755859375,951.4982299804688,255850.0
2023-06-19,985.9000244140625,1006.5999755859375,980.0,988.9000244140625,960.2864990234375,138779.0
2023-06-20,989.0,998.7999877929688,982.25,990.0,961.3546142578125,46313.0
2023-06-21,992.8499755859375,1032.8499755859375,992.8499755859375,1018.7000122070312,989.2242431640625,319147.0
2023-06-22,1018.7000122070312,1034.300048828125,972.9000244140625,1004.2999877929688,975.2408447265625,180638.0
2023-06-23,1001.0,1003.7999877929688,951.0,967.2999877929688,939.3114624023438,207937.0
2023-06-26,960.0,975.0,956.0,959.75,931.97998046875,94948.0
2023-06-27,967.0,1000.0,958.5,978.25,949.944580078125,171210.0
2023-06-28,977.7000122070312,992.7999877929688,963.0,967.2999877929688,939.3114624023438,86568.0
2023-06-30,970.0999755859375,982.0,929.0,936.5,909.402587890625,194607.0
2023-07-03,944.9000244140625,958.0,940.0,955.1500244140625,927.512939453125,95092.0
2023-07-04,956.5999755859375,967.0,950.0,957.7000122070312,929.9891967773438,71978.0
2023-07-05,964.9000244140625,969.0,954.2000122070312,966.0,938.0490112304688,59586.0
2023-07-06,973.0,1003.0,960.25,998.0499877929688,969.171630859375,172457.0
2023-07-07,997.9000244140625,1018.0999755859375,987.9500122070312,1014.1500244140625,984.8058471679688,192796.0
2023-07-10,1015.5,1019.9000244140625,994.6500244140625,1003.7000122070312,974.658203125,66289.0
2023-07-11,1003.3499755859375,1021.0499877929688,998.0,1014.4000244140625,985.048583984375,42234.0
2023-07-12,1018.5999755859375,1032.0,1005.7000122070312,1024.75,995.0990600585938,97266.0
2023-07-13,1026.300048828125,1080.0,1019.4500122070312,1061.6500244140625,1030.931640625,301148.0
2023-07-14,1066.0,1090.0,1061.6500244140625,1076.4000244140625,1045.2548828125,368019.0
2023-07-17,1081.5,1090.300048828125,1071.9000244140625,1087.550048828125,1056.08203125,104631.0
2023-07-18,1088.9000244140625,1098.800048828125,1060.550048828125,1071.800048828125,1040.7879638671875,104979.0
2023-07-19,1072.0,1089.949951171875,1050.050048828125,1057.800048828125,1027.19287109375,182034.0
2023-07-20,1052.5,1071.199951171875,1047.75,1055.3499755859375,1024.813720703125,72039.0
2023-07-21,1064.0,1091.0,1056.949951171875,1086.449951171875,1055.013671875,154037.0
2023-07-24,1092.75,1093.25,1072.699951171875,1084.199951171875,1052.8289794921875,175699.0
2023-07-25,1075.0,1085.4000244140625,1066.5,1074.4000244140625,1043.3126220703125,65195.0
2023-07-26,1077.0999755859375,1110.0,1071.9000244140625,1094.8499755859375,1063.170654296875,107079.0
2023-07-27,1105.0,1107.449951171875,1062.9000244140625,1068.449951171875,1037.53466796875,52674.0
2023-07-28,1072.5,1076.050048828125,1040.0,1044.5,1014.2776489257812,53816.0
2023-07-31,1046.5,1058.25,1025.0,1034.0,1004.0813598632812,95857.0
2023-08-01,1037.6500244140625,1065.0,1035.8499755859375,1041.25,1011.12158203125,112947.0
2023-08-02,1021.0,1108.0,982.5499877929688,1056.1500244140625,1025.590576171875,882394.0
2023-08-03,1056.1500244140625,1086.949951171875,1047.699951171875,1073.9000244140625,1042.826904296875,145304.0
2023-08-04,1081.199951171875,1084.25,1046.449951171875,1068.9000244140625,1037.9718017578125,107880.0
2023-08-07,1075.300048828125,1086.0,1060.0999755859375,1073.8499755859375,1042.7783203125,51873.0
2023-08-08,1076.550048828125,1083.0,1065.0,1072.75,1041.7103271484375,72989.0
2023-08-09,1075.0,1075.8499755859375,1055.0,1067.550048828125,1036.6607666015625,44006.0
2023-08-10,1070.5999755859375,1072.699951171875,1031.0999755859375,1034.1500244140625,1004.22705078125,135364.0
2023-08-11,1035.0999755859375,1083.8499755859375,1035.0999755859375,1077.0,1045.8372802734375,137737.0
2023-08-14,1069.0,1102.0,1065.949951171875,1095.4000244140625,1063.705078125,122791.0
2023-08-16,1090.0,1127.199951171875,1074.0,1087.1500244140625,1055.693603515625,95344.0
2023-08-17,1089.949951171875,1099.949951171875,1082.050048828125,1094.1500244140625,1062.4910888671875,102438.0
2023-08-18,1094.199951171875,1104.949951171875,1075.050048828125,1096.550048828125,1064.8216552734375,82450.0
2023-08-21,1100.0,1109.9000244140625,1055.550048828125,1066.550048828125,1035.689697265625,150820.0
2023-08-22,1069.550048828125,1080.0,1034.0,1036.3499755859375,1006.363525390625,129482.0
2023-08-23,1045.0,1049.449951171875,1023.0,1045.4000244140625,1015.1517944335938,107722.0
2023-08-24,1048.25,1056.3499755859375,1000.6500244140625,1030.3499755859375,1000.537109375,227022.0
2023-08-25,1030.25,1032.75,1011.1500244140625,1025.1500244140625,995.4877319335938,90487.0
2023-08-28,1027.0,1036.0,1015.7999877929688,1032.25,1002.382080078125,53736.0
2023-08-29,1034.25,1052.949951171875,1022.2000122070312,1048.699951171875,1018.3560180664062,104949.0
2023-08-30,1048.6500244140625,1070.0,1031.800048828125,1065.3499755859375,1034.5244140625,126490.0
2023-08-31,1066.949951171875,1070.300048828125,1033.25,1047.949951171875,1017.6277465820312,141547.0
2023-09-01,1047.949951171875,1058.050048828125,1038.0,1053.25,1024.2406005859375,52575.0
2023-09-04,1055.550048828125,1058.800048828125,1023.9000244140625,1042.800048828125,1014.078369140625,136829.0
2023-09-05,1042.800048828125,1056.5,1032.050048828125,1047.300048828125,1018.4544067382812,99942.0
2023-09-06,1047.300048828125,1079.0,1038.5,1074.6500244140625,1045.0511474609375,91271.0
2023-09-07,1079.3499755859375,1080.300048828125,1057.199951171875,1074.3499755859375,1044.7593994140625,69660.0
2023-09-08,1074.3499755859375,1096.6500244140625,1061.050048828125,1091.550048828125,1061.485595703125,176706.0
2023-09-11,1094.699951171875,1097.300048828125,1052.3499755859375,1069.949951171875,1040.4803466796875,59455.0
2023-09-12,1075.0,1114.3499755859375,985.5499877929688,1085.550048828125,1055.6510009765625,234833.0
2023-09-13,1090.0,1096.3499755859375,1048.0,1077.3499755859375,1047.676513671875,153850.0
2023-09-14,1084.8499755859375,1092.449951171875,1052.300048828125,1067.3499755859375,1037.9521484375,119460.0
2023-09-15,1077.0,1089.0999755859375,1060.0,1084.449951171875,1054.5811767578125,53592.0
2023-09-18,1083.949951171875,1105.0,1072.0,1099.4000244140625,1069.1195068359375,289667.0
2023-09-20,1099.949951171875,1104.550048828125,1040.0999755859375,1097.75,1067.5147705078125,226102.0
2023-09-21,1087.800048828125,1102.9000244140625,1072.25,1086.4000244140625,1056.4775390625,90660.0
2023-09-22,1081.800048828125,1108.8499755859375,1075.300048828125,1091.0,1060.9508056640625,254400.0
2023-09-25,1091.0,1097.550048828125,1058.050048828125,1067.699951171875,1038.29248046875,114812.0
2023-09-26,1073.300048828125,1095.949951171875,1065.550048828125,1092.0999755859375,1062.0205078125,68701.0
2023-09-27,1097.550048828125,1120.0,1083.949951171875,1099.4000244140625,1069.1195068359375,200067.0
2023-09-28,1099.0,1100.050048828125,1081.050048828125,1088.0999755859375,1058.130615234375,49083.0
2023-09-29,1087.6500244140625,1149.800048828125,1086.550048828125,1126.25,1095.2298583984375,277644.0
2023-10-03,1130.75,1298.800048828125,1130.0,1265.4000244140625,1230.5472412109375,3960425.0
2023-10-04,1229.949951171875,1239.75,1180.0,1192.5,1159.6551513671875,737265.0
2023-10-05,1199.949951171875,1214.699951171875,1173.0,1182.550048828125,1149.9793701171875,200909.0
2023-10-06,1184.0,1194.550048828125,1135.0,1140.550048828125,1109.1361083984375,206776.0
2023-10-09,1138.9000244140625,1198.550048828125,1117.5,1176.199951171875,1143.8040771484375,395809.0
2023-10-10,1176.949951171875,1186.0,1156.949951171875,1161.300048828125,1129.3145751953125,128349.0
2023-10-11,1166.949951171875,1177.949951171875,1160.050048828125,1165.1500244140625,1133.0584716796875,78020.0
2023-10-12,1169.9000244140625,1175.75,1146.0999755859375,1160.050048828125,1128.0989990234375,52754.0
2023-10-13,1160.0,1172.25,1135.1500244140625,1146.3499755859375,1114.7762451171875,98782.0
2023-10-16,1149.9000244140625,1199.9000244140625,1147.0,1188.300048828125,1155.57080078125,106357.0
2023-10-17,1198.800048828125,1266.800048828125,1195.6500244140625,1209.6500244140625,1176.332763671875,320262.0
2023-10-18,1213.699951171875,1214.5,1189.550048828125,1204.199951171875,1171.03271484375,93383.0
2023-10-19,1206.9000244140625,1206.9000244140625,1178.949951171875,1192.5999755859375,1159.75244140625,41344.0
2023-10-20,1145.0,1218.949951171875,1144.949951171875,1205.8499755859375,1172.637451171875,498550.0
2023-10-23,1217.0,1218.0,1180.0,1205.0,1171.8109130859375,533837.0
2023-10-25,1203.949951171875,1238.550048828125,1190.1500244140625,1212.0999755859375,1178.71533203125,163008.0
2023-10-26,1209.300048828125,1214.050048828125,1112.199951171875,1183.0999755859375,1150.5140380859375,330049.0
2023-10-27,1175.0,1215.9000244140625,1171.0,1185.75,1153.091064453125,87079.0
2023-10-30,1189.949951171875,1195.3499755859375,1171.1500244140625,1185.5,1152.8480224609375,39149.0
2023-10-31,1190.6500244140625,1194.449951171875,1165.0,1187.5,1154.79296875,47826.0
2023-11-01,1176.699951171875,1189.8499755859375,1161.6500244140625,1176.0,1143.609619140625,70135.0
2023-11-02,1181.050048828125,1206.0,1160.5,1200.5999755859375,1167.531982421875,85899.0
2023-11-03,1200.050048828125,1249.949951171875,1193.0,1244.199951171875,1209.93115234375,157396.0
2023-11-06,1250.0,1269.8499755859375,1218.5999755859375,1261.1500244140625,1226.4141845703125,126875.0
2023-11-07,1262.1500244140625,1304.0,1243.0,1262.699951171875,1227.921630859375,221939.0
2023-11-08,1262.6500244140625,1292.0,1251.0,1282.949951171875,1247.6138916015625,55139.0
2023-11-09,1284.300048828125,1299.0,1265.050048828125,1288.3499755859375,1252.8651123046875,47304.0
2023-11-10,1287.949951171875,1319.550048828125,1270.199951171875,1299.1500244140625,1263.3677978515625,117290.0
2023-11-13,1286.949951171875,1297.5999755859375,1254.0999755859375,1260.550048828125,1225.830810546875,61283.0
2023-11-15,1267.199951171875,1278.449951171875,1231.699951171875,1258.300048828125,1223.6429443359375,89082.0
2023-11-16,1261.75,1290.449951171875,1248.0,1275.0,1239.8829345703125,52563.0
2023-11-17,1268.0,1295.0,1260.0,1281.5,1246.2039794921875,83546.0
2023-11-20,1289.0,1339.4000244140625,1286.800048828125,1325.9000244140625,1289.3809814453125,149596.0
2023-11-21,1336.0,1390.9000244140625,1330.0,1365.1500244140625,1327.5499267578125,184133.0
2023-11-22,1369.9000244140625,1375.300048828125,1334.3499755859375,1369.300048828125,1331.5858154296875,119070.0
2023-11-23,1373.449951171875,1374.699951171875,1340.550048828125,1350.25,1313.060302734375,32615.0
2023-11-24,1349.8499755859375,1370.0,1336.1500244140625,1347.699951171875,1310.5804443359375,30523.0
2023-11-28,1350.0,1356.800048828125,1290.0,1300.6500244140625,1264.8265380859375,140998.0
2023-11-29,1313.0,1344.5,1303.8499755859375,1328.0,1291.4232177734375,86755.0
2023-11-30,1395.0,1441.199951171875,1350.0,1370.050048828125,1332.3150634765625,1203821.0
2023-12-01,1371.0,1395.3499755859375,1350.0999755859375,1375.75,1337.85791015625,178321.0
2023-12-04,1385.0,1392.0,1362.75,1381.3499755859375,1343.3037109375,61312.0
2023-12-05,1385.0,1404.949951171875,1341.449951171875,1349.300048828125,1312.1365966796875,154027.0
2023-12-06,1356.0,1376.25,1351.0999755859375,1366.699951171875,1329.05712890625,65016.0
2023-12-07,1364.050048828125,1364.050048828125,1342.0,1347.800048828125,1310.6778564453125,48351.0
2023-12-08,1347.800048828125,1363.050048828125,1285.0,1294.5999755859375,1258.9429931640625,69125.0
2023-12-11,1308.9000244140625,1328.8499755859375,1298.199951171875,1314.25,1278.0518798828125,62106.0
2023-12-12,1327.0,1359.949951171875,1318.050048828125,1343.6500244140625,1306.64208984375,99978.0
2023-12-13,1356.0,1356.0,1325.0999755859375,1333.699951171875,1296.9659423828125,42160.0
2023-12-14,1340.0999755859375,1350.9000244140625,1301.5,1313.800048828125,1277.614501953125,93076.0
2023-12-15,1326.0,1350.75,1267.5999755859375,1309.5,1273.4327392578125,134726.0
2023-12-18,1309.5,1350.0,1304.1500244140625,1323.699951171875,1287.241455078125,67258.0
2023-12-19,1333.949951171875,1354.0,1290.199951171875,1316.75,1280.4830322265625,115811.0
2023-12-20,1319.5999755859375,1336.6500244140625,1252.0999755859375,1267.8499755859375,1232.929931640625,117839.0
2023-12-21,1267.699951171875,1325.9000244140625,1257.0,1314.3499755859375,1278.1490478515625,107565.0
2023-12-22,1327.449951171875,1327.5,1279.0,1299.5999755859375,1263.8052978515625,133970.0
2023-12-26,1301.0,1322.199951171875,1290.0,1297.9000244140625,1262.15234375,34702.0
2023-12-27,1298.0,1309.0,1273.0,1276.300048828125,1241.1470947265625,87422.0
2023-12-28,1276.300048828125,1293.5,1248.0,1252.9000244140625,1218.3916015625,77061.0
2023-12-29,1258.0,1279.4000244140625,1242.75,1272.199951171875,1237.159912109375,107436.0
2024-01-01,1268.0,1273.4000244140625,1240.0,1245.050048828125,1210.7578125,43847.0
2024-01-02,1244.050048828125,1269.5999755859375,1240.0,1242.75,1208.521240234375,75225.0
2024-01-03,1261.0,1285.0,1245.4000244140625,1267.800048828125,1232.88134765625,164261.0
2024-01-04,1267.800048828125,1282.5999755859375,1255.5,1260.199951171875,1225.490478515625,43940.0
2024-01-05,1263.0,1278.699951171875,1253.0999755859375,1259.5999755859375,1224.9071044921875,59992.0
2024-01-08,1270.0,1317.25,1257.0,1290.0,1254.4696044921875,145963.0
2024-01-09,1296.0,1311.9000244140625,1249.449951171875,1254.699951171875,1220.14208984375,110031.0
2024-01-10,1268.0,1273.449951171875,1246.3499755859375,1258.5999755859375,1223.9345703125,66449.0
2024-01-11,1275.0,1291.949951171875,1244.1500244140625,1254.6500244140625,1220.0936279296875,161850.0
2024-01-12,1271.949951171875,1292.0,1258.550048828125,1271.5,1236.4791259765625,87756.0
2024-01-15,1271.5,1271.5,1271.5,1271.5,1236.4791259765625,0.0
2024-01-16,1258.449951171875,1264.699951171875,1250.0,1254.050048828125,1219.510009765625,46504.0
2024-01-17,1252.0,1255.5999755859375,1210.9000244140625,1226.9000244140625,1193.1077880859375,53611.0
2024-01-18,1225.0,1235.0,1188.0,1213.050048828125,1179.6392822265625,46709.0
2024-01-19,1150.0,1167.5,1140.050048828125,1165.6500244140625,1133.544677734375,397234.0
2024-01-23,1130.6500244140625,1148.6500244140625,1072.0999755859375,1079.4000244140625,1049.6702880859375,504479.0
2024-01-24,1081.050048828125,1090.0999755859375,1055.75,1071.800048828125,1042.2796630859375,198011.0
2024-01-25,1078.1500244140625,1279.0,1078.1500244140625,1179.9000244140625,1147.4022216796875,1362011.0
2024-01-29,1174.0,1174.0,1136.800048828125,1151.1500244140625,1119.4442138671875,203103.0
2024-01-30,1150.0,1182.25,1144.0,1154.75,1122.9449462890625,114517.0
2024-01-31,1154.75,1154.75,1095.0,1096.4000244140625,1068.747314453125,447287.0
2024-02-01,1117.5999755859375,1117.5999755859375,1067.449951171875,1072.5,1045.449951171875,217948.0
2024-02-02,1087.9000244140625,1089.0,1046.8499755859375,1082.4000244140625,1055.1002197265625,322535.0
2024-02-05,1086.0,1090.0,1042.5999755859375,1049.5,1023.0301513671875,272636.0
2024-02-06,1057.9000244140625,1057.9000244140625,1021.5,1039.0999755859375,1012.892333984375,195214.0
2024-02-07,1044.0999755859375,1094.949951171875,1040.0,1069.6500244140625,1042.6717529296875,277337.0
2024-02-08,1078.0,1115.0,1072.3499755859375,1103.5999755859375,1075.7655029296875,170449.0
2024-02-09,1100.0,1106.949951171875,1079.0,1100.1500244140625,1072.402587890625,113837.0
2024-02-12,1105.0,1110.699951171875,1086.0,1100.199951171875,1072.451416015625,135247.0
2024-02-13,1100.300048828125,1118.0,1069.0,1104.300048828125,1076.447998046875,216011.0
2024-02-14,1090.9000244140625,1118.699951171875,1081.6500244140625,1111.300048828125,1083.2713623046875,149591.0
2024-02-15,1113.0,1138.0,1087.0,1095.1500244140625,1067.52880859375,216991.0
2024-02-16,1095.9000244140625,1127.5999755859375,1090.300048828125,1123.3499755859375,1095.017578125,104984.0
2024-02-19,1126.3499755859375,1183.199951171875,1113.8499755859375,1177.949951171875,1148.2403564453125,282457.0
2024-02-20,1182.0,1182.0,1125.9000244140625,1150.8499755859375,1121.8238525390625,259814.0
2024-02-21,1153.5,1164.949951171875,1108.449951171875,1120.550048828125,1092.2880859375,213517.0
2024-02-22,1125.0,1141.5999755859375,1101.050048828125,1131.550048828125,1103.0107421875,117785.0
2024-02-23,1131.550048828125,1147.0,1122.550048828125,1138.8499755859375,1110.1265869140625,119566.0
2024-02-26,1148.800048828125,1163.75,1132.1500244140625,1147.0999755859375,1118.1685791015625,164117.0
2024-02-27,1154.9000244140625,1162.050048828125,1118.0,1125.0,1096.6259765625,150693.0
2024-02-28,1129.0,1135.0,1106.800048828125,1125.75,1097.35693359375,377791.0
2024-02-29,1120.9000244140625,1144.5999755859375,1120.0,1139.0999755859375,1110.3702392578125,81833.0
2024-03-01,1133.4000244140625,1159.0,1124.949951171875,1145.949951171875,1117.0472412109375,81989.0
2024-03-04,1135.050048828125,1156.6500244140625,1117.949951171875,1126.199951171875,1097.7955322265625,156078.0
2024-03-05,1135.4000244140625,1143.449951171875,1123.550048828125,1133.8499755859375,1105.252685546875,293845.0
2024-03-06,1134.0,1140.300048828125,1105.0,1127.9000244140625,1099.4527587890625,124167.0
2024-03-07,1127.9000244140625,1141.5999755859375,1127.9000244140625,1134.300048828125,1105.69140625,55182.0
2024-03-11,1132.0,1141.0,1109.25,1113.9000244140625,1085.805908203125,139183.0
2024-03-12,1115.699951171875,1122.75,1076.9000244140625,1080.550048828125,1053.297119140625,144588.0
2024-03-13,1085.25,1096.75,1034.0,1041.300048828125,1015.036865234375,245907.0
2024-03-14,1038.0,1069.699951171875,1016.0499877929688,1038.949951171875,1012.74609375,397573.0
2024-03-15,1038.0,1112.0,1030.199951171875,1078.75,1051.54248046875,1489592.0
2024-03-18,1088.0,1090.699951171875,1040.0,1045.0999755859375,1018.7410888671875,109952.0
2024-03-19,1045.199951171875,1057.949951171875,1027.949951171875,1032.25,1006.2152099609375,84848.0
2024-03-20,1034.4000244140625,1238.5,1034.4000244140625,1175.1500244140625,1145.5111083984375,3891925.0
2024-03-21,1200.0,1213.800048828125,1120.0,1130.1500244140625,1101.64599609375,1575457.0
2024-03-22,1163.0,1199.9000244140625,1108.050048828125,1122.050048828125,1093.7503662109375,1670161.0
2024-03-26,1130.3499755859375,1144.0,1119.0999755859375,1135.199951171875,1106.5684814453125,149595.0
2024-03-27,1152.949951171875,1162.0,1127.449951171875,1142.3499755859375,1113.5382080078125,165517.0
2024-03-28,1157.0,1160.449951171875,1136.0,1153.949951171875,1124.845703125,136046.0
2024-04-01,1165.5,1168.050048828125,1120.0,1129.550048828125,1101.061279296875,129013.0
2024-04-02,1143.449951171875,1173.449951171875,1095.0,1102.75,1074.93701171875,157308.0
2024-04-03,1104.75,1123.4000244140625,1091.5,1095.5999755859375,1067.9674072265625,719970.0
2024-04-04,1120.0,1120.0,1075.050048828125,1079.300048828125,1052.0784912109375,124821.0
2024-04-05,1086.3499755859375,1097.5,1069.3499755859375,1079.449951171875,1052.224609375,267349.0
2024-04-08,1078.550048828125,1092.5,1052.800048828125,1057.9000244140625,1031.2183837890625,327408.0
2024-04-09,1063.0,1069.800048828125,1029.550048828125,1039.0999755859375,1012.892333984375,486803.0
2024-04-10,1039.5999755859375,1073.199951171875,1035.75,1059.9000244140625,1033.167724609375,140137.0
2024-04-12,1055.0,1067.800048828125,1042.6500244140625,1049.199951171875,1022.7377319335938,116366.0
2024-04-15,1035.0,1079.0,1017.0,1059.199951171875,1032.4853515625,186856.0
2024-04-16,1051.9000244140625,1097.0,1044.949951171875,1078.25,1051.054931640625,164015.0
2024-04-18,1078.25,1116.75,1063.5999755859375,1074.550048828125,1047.4483642578125,180272.0
2024-04-19,1068.050048828125,1092.0,1058.0,1068.8499755859375,1041.8919677734375,115799.0
2024-04-22,1073.300048828125,1089.199951171875,1061.0,1069.75,1042.7694091796875,144702.0
2024-04-23,1068.0,1106.3499755859375,1057.199951171875,1098.050048828125,1070.3555908203125,179818.0
2024-04-24,1108.0,1108.0,1075.0,1083.199951171875,1055.880126953125,127869.0
2024-04-25,1085.0,1085.0,1067.1500244140625,1071.4000244140625,1044.377685546875,85755.0
2024-04-26,1073.0999755859375,1096.0,1067.0,1082.199951171875,1054.9052734375,123886.0
2024-04-29,1090.0,1094.949951171875,1066.9000244140625,1072.8499755859375,1045.7911376953125,123558.0
2024-04-30,1078.050048828125,1093.0,1066.550048828125,1073.5,1046.4246826171875,107629.0
2024-05-02,1071.050048828125,1096.0999755859375,1063.5,1087.300048828125,1059.876708984375,118147.0
2024-05-03,1083.0,1084.9000244140625,1062.0999755859375,1068.300048828125,1041.35595703125,113604.0
2024-05-06,1068.300048828125,1082.949951171875,1053.0,1062.75,1035.9459228515625,102684.0
2024-05-07,1064.949951171875,1075.0,1055.1500244140625,1066.949951171875,1040.039794921875,92431.0
2024-05-08,1065.0,1075.3499755859375,1050.75,1056.949951171875,1030.292236328125,34202.0
2024-05-09,1058.949951171875,1061.3499755859375,1025.0,1028.75,1002.8034057617188,45529.0
2024-05-10,1030.0,1041.75,1019.0,1037.3499755859375,1011.1865844726562,382522.0
2024-05-13,1040.0,1085.5,1025.6500244140625,1079.800048828125,1052.5660400390625,107308.0
2024-05-14,1069.8499755859375,1086.0,1061.1500244140625,1081.550048828125,1054.2716064453125,60911.0
2024-05-15,1082.0,1112.0,1072.050048828125,1107.4000244140625,1079.4698486328125,98417.0
2024-05-16,1107.4000244140625,1116.0,1085.0,1113.199951171875,1085.1234130859375,82513.0
2024-05-17,1114.0,1150.0,1103.0,1147.1500244140625,1118.2171630859375,120102.0
2024-05-21,1132.050048828125,1169.949951171875,1116.0,1148.050048828125,1119.0946044921875,99337.0
2024-05-22,1148.050048828125,1170.5,1121.75,1143.300048828125,1114.46435546875,99535.0
2024-05-23,1175.0,1198.9000244140625,1116.25,1125.050048828125,1096.6746826171875,267175.0
2024-05-24,1130.0,1159.5999755859375,1126.25,1141.3499755859375,1112.5634765625,104801.0
2024-05-27,1141.3499755859375,1169.9000244140625,1114.8499755859375,1153.699951171875,1124.6019287109375,110202.0
2024-05-28,1144.949951171875,1164.8499755859375,1132.050048828125,1160.050048828125,1130.7918701171875,92291.0
2024-05-29,1156.0,1176.0999755859375,1144.699951171875,1161.050048828125,1131.7667236328125,102422.0
2024-05-30,1155.25,1180.0,1142.800048828125,1165.050048828125,1135.6658935546875,91989.0
2024-05-31,1158.9000244140625,1196.0,1126.5999755859375,1135.550048828125,1106.9097900390625,188284.0
2024-06-03,1174.800048828125,1174.800048828125,1135.0,1150.699951171875,1121.6776123046875,87777.0
2024-06-04,1150.699951171875,1160.0,990.0499877929688,1106.0,1078.10498046875,98560.0
2024-06-05,1106.0,1165.0999755859375,1090.199951171875,1144.4000244140625,1115.5367431640625,79817.0
2024-06-06,1167.300048828125,1174.9000244140625,1149.550048828125,1162.75,1133.4237060546875,115686.0
2024-06-07,1165.25,1169.949951171875,1153.800048828125,1155.8499755859375,1126.69775390625,28844.0
2024-06-10,1161.9000244140625,1174.0,1132.449951171875,1141.199951171875,1112.417236328125,91884.0
2024-06-11,1151.3499755859375,1160.550048828125,1130.0,1133.3499755859375,1104.7652587890625,50621.0
2024-06-12,1134.0,1147.0,1122.0999755859375,1124.550048828125,1096.187255859375,32317.0
2024-06-13,1130.0,1143.3499755859375,1122.25,1128.6500244140625,1100.183837890625,202493.0
2024-06-14,1132.0,1159.0,1130.25,1150.199951171875,1121.190185546875,624550.0
2024-06-18,1157.0,1261.25,1155.0,1252.75,1221.15380859375,761992.0
2024-06-19,1259.0,1271.949951171875,1228.0,1237.949951171875,1206.72705078125,208372.0
2024-06-20,1239.9000244140625,1331.0,1227.25,1291.0999755859375,1258.53662109375,578335.0
2024-06-21,1302.1500244140625,1308.0999755859375,1250.050048828125,1260.25,1228.464599609375,91974.0
2024-06-24,1262.300048828125,1270.300048828125,1240.550048828125,1245.300048828125,1213.8917236328125,41255.0
2024-06-25,1247.75,1284.5,1231.1500244140625,1243.3499755859375,1211.9908447265625,69298.0
2024-06-26,1250.0,1256.1500244140625,1220.0,1227.300048828125,1196.345947265625,35767.0
2024-06-27,1236.300048828125,1240.550048828125,1211.050048828125,1226.3499755859375,1195.4195556640625,108416.0
2024-06-28,1229.4000244140625,1253.0999755859375,1220.0,1228.5,1197.5155029296875,71734.0
2024-07-01,1228.0,1255.0,1215.050048828125,1237.449951171875,1206.23974609375,40921.0
2024-07-02,1250.0,1250.0,1222.9000244140625,1238.8499755859375,1207.6043701171875,44176.0
2024-07-03,1241.0,1245.0,1229.0,1240.0999755859375,1208.82275390625,23123.0
2024-07-04,1240.75,1274.550048828125,1210.6500244140625,1249.4000244140625,1217.888427734375,111302.0
2024-07-05,1246.4000244140625,1252.949951171875,1213.0,1217.449951171875,1186.7440185546875,71691.0
2024-07-08,1315.0,1398.0,1279.050048828125,1286.050048828125,1253.614013671875,2950894.0
2024-07-09,1286.050048828125,1385.0,1265.699951171875,1275.199951171875,1243.03759765625,533666.0
2024-07-10,1294.9000244140625,1344.949951171875,1276.050048828125,1298.8499755859375,1266.091064453125,409474.0
2024-07-11,1303.800048828125,1324.0,1299.5,1321.3499755859375,1288.0234375,160009.0
2024-07-12,1310.800048828125,1344.050048828125,1310.0,1329.5999755859375,1296.0655517578125,77827.0
2024-07-15,1330.8499755859375,1350.5,1328.3499755859375,1345.8499755859375,1311.9056396484375,81528.0
2024-07-16,1344.0,1358.0,1332.050048828125,1339.9000244140625,1306.105712890625,63052.0
2024-07-18,1339.9000244140625,1349.0,1318.300048828125,1334.75,1301.0855712890625,63810.0
2024-07-19,1335.0,1353.3499755859375,1297.25,1311.949951171875,1278.860595703125,103194.0
2024-07-22,1301.699951171875,1325.050048828125,1282.5999755859375,1316.949951171875,1283.734619140625,77820.0
2024-07-23,1320.199951171875,1349.0,1294.6500244140625,1330.949951171875,1297.38134765625,65418.0
2024-07-24,1336.0,1350.0,1302.25,1315.3499755859375,1282.1748046875,146605.0
2024-07-25,1309.9000244140625,1326.5,1290.0,1295.3499755859375,1262.6793212890625,144301.0
2024-07-26,1275.0,1325.550048828125,1275.0,1313.6500244140625,1280.517822265625,172100.0
2024-07-29,1316.8499755859375,1349.0,1311.8499755859375,1341.25,1307.421875,34127.0
2024-07-30,1341.949951171875,1380.949951171875,1330.5999755859375,1355.5,1321.3123779296875,137279.0
2024-07-31,1356.8499755859375,1374.699951171875,1345.199951171875,1351.8499755859375,1317.7542724609375,35346.0
2024-08-01,1356.3499755859375,1371.949951171875,1334.300048828125,1352.75,1318.631591796875,59466.0
2024-08-02,1331.0,1394.0,1326.0999755859375,1349.699951171875,1315.6585693359375,157073.0
2024-08-05,1306.75,1342.9000244140625,1299.75,1313.1500244140625,1280.030517578125,72777.0
2024-08-06,1329.6500244140625,1347.0,1300.050048828125,1308.1500244140625,1275.156494140625,40894.0
2024-08-07,1316.6500244140625,1364.8499755859375,1299.949951171875,1309.25,1276.228759765625,123999.0
2024-08-08,1320.0,1376.0,1319.4000244140625,1338.949951171875,1305.1795654296875,164200.0
2024-08-09,1349.0,1430.0,1335.0999755859375,1343.8499755859375,1309.9561767578125,581407.0
2024-08-12,1331.0,1357.5,1305.050048828125,1310.8499755859375,1277.7884521484375,109655.0
2024-08-13,1315.800048828125,1318.550048828125,1266.0,1269.6500244140625,1237.6275634765625,118355.0
2024-08-14,1279.550048828125,1364.0,1226.25,1300.6500244140625,1267.8458251953125,277317.0
2024-08-16,1325.75,1356.5999755859375,1312.949951171875,1328.5999755859375,1295.0906982421875,103230.0
2024-08-19,1331.4000244140625,1344.8499755859375,1304.300048828125,1321.5,1288.169921875,95280.0
2024-08-20,1315.0,1358.0,1305.0999755859375,1343.449951171875,1309.566162109375,251552.0
2024-08-21,1341.0,1396.0,1328.5999755859375,1383.449951171875,1348.557373046875,280806.0
2024-08-22,1384.9000244140625,1402.5,1363.6500244140625,1372.25,1337.639892578125,86587.0
2024-08-23,1372.5,1392.0,1330.949951171875,1340.0999755859375,1306.30078125,83424.0
2024-08-26,1343.4000244140625,1364.1500244140625,1323.0,1330.800048828125,1297.2353515625,106942.0
2024-08-27,1331.25,1352.0,1298.3499755859375,1308.5999755859375,1275.5950927734375,78138.0
2024-08-28,1322.0,1349.300048828125,1314.199951171875,1322.3499755859375,1288.9984130859375,85698.0
2024-08-29,1338.0,1340.0,1298.6500244140625,1307.8499755859375,1274.8641357421875,53489.0
2024-08-30,1319.9000244140625,1323.4000244140625,1300.0,1306.050048828125,1273.109619140625,63420.0
2024-09-02,1314.5,1318.4000244140625,1270.0,1280.449951171875,1248.1551513671875,93360.0
2024-09-03,1289.8499755859375,1296.0,1239.5999755859375,1248.449951171875,1216.9622802734375,107188.0
2024-09-04,1249.949951171875,1318.0,1231.050048828125,1288.9000244140625,1256.3919677734375,801449.0
2024-09-05,1293.800048828125,1299.3499755859375,1263.0,1272.300048828125,1240.2108154296875,66852.0
2024-09-06,1288.949951171875,1301.3499755859375,1228.0,1234.300048828125,1205.30078125,194773.0
2024-09-09,1248.0,1275.8499755859375,1200.0,1234.300048828125,1205.30078125,304010.0
2024-09-10,1243.800048828125,1257.0,1233.0,1249.6500244140625,1220.2900390625,94449.0
2024-09-11,1250.050048828125,1269.0,1218.300048828125,1255.0,1225.514404296875,139115.0
2024-09-12,1255.0,1273.25,1248.0,1257.449951171875,1227.90673828125,121266.0
2024-09-13,1267.0,1273.0,1250.0,1264.3499755859375,1234.6446533203125,194934.0
2024-09-16,1269.8499755859375,1288.0,1252.1500244140625,1259.75,1230.15283203125,76518.0
2024-09-17,1264.8499755859375,1270.0,1247.300048828125,1257.550048828125,1228.0045166015625,63192.0
2024-09-18,1262.800048828125,1263.949951171875,1223.699951171875,1232.050048828125,1203.1036376953125,200517.0
2024-09-19,1235.949951171875,1257.4000244140625,1227.0,1234.5,1205.495849609375,85705.0
2024-09-20,1235.5999755859375,1254.300048828125,1234.050048828125,1246.550048828125,1217.2630615234375,95146.0
2024-09-23,1249.0,1252.199951171875,1221.6500244140625,1229.9000244140625,1201.004150390625,67019.0
2024-09-24,1246.699951171875,1250.0,1227.5,1238.800048828125,1209.695068359375,49158.0
2024-09-25,1240.3499755859375,1256.0,1226.449951171875,1252.949951171875,1223.5125732421875,77998.0
2024-09-26,1252.949951171875,1284.800048828125,1246.449951171875,1277.199951171875,1247.19287109375,100790.0
2024-09-27,1279.9000244140625,1294.0,1263.1500244140625,1275.75,1245.77685546875,69534.0
2024-09-30,1252.0,1285.0,1252.0,1275.6500244140625,1245.67919921875,62040.0
2024-10-01,1275.699951171875,1300.050048828125,1271.0,1283.199951171875,1253.0517578125,68341.0
2024-10-03,1274.0,1285.0,1237.550048828125,1243.0,1213.7962646484375,94205.0
2024-10-04,1244.949951171875,1264.9000244140625,1223.5999755859375,1255.25,1225.7584228515625,101070.0
2024-10-07,1273.699951171875,1273.699951171875,1209.25,1212.550048828125,1184.061767578125,52568.0
2024-10-08,1210.75,1238.5999755859375,1204.3499755859375,1219.449951171875,1190.799560546875,39006.0
2024-10-09,1226.5,1249.5999755859375,1218.050048828125,1230.050048828125,1201.150634765625,257738.0
2024-10-10,1242.0,1242.1500244140625,1205.050048828125,1210.050048828125,1181.6204833984375,54525.0
2024-10-11,1201.4000244140625,1238.0,1201.4000244140625,1225.5999755859375,1196.80517578125,39236.0
2024-10-14,1202.199951171875,1226.550048828125,1200.0,1204.8499755859375,1176.54248046875,52005.0
2024-10-15,1202.800048828125,1221.949951171875,1202.050048828125,1206.0999755859375,1177.7633056640625,51904.0
2024-10-16,1206.949951171875,1272.0,1206.949951171875,1260.75,1231.1292724609375,118829.0
2024-10-17,1269.0,1287.699951171875,1226.199951171875,1268.300048828125,1238.5020751953125,105818.0
2024-10-18,1235.5999755859375,1259.449951171875,1225.800048828125,1234.300048828125,1205.30078125,33036.0
2024-10-21,1234.449951171875,1254.1500244140625,1210.0,1215.050048828125,1186.5030517578125,53470.0
2024-10-22,1219.949951171875,1226.9000244140625,1168.0999755859375,1173.550048828125,1145.9779052734375,68203.0
2024-10-23,1177.0,1200.949951171875,1137.0999755859375,1179.6500244140625,1151.9346923828125,203007.0
2024-10-24,1177.699951171875,1180.8499755859375,1155.800048828125,1162.449951171875,1135.1387939453125,177999.0
2024-10-25,1165.0,1195.0,1135.0,1176.3499755859375,1148.7122802734375,148846.0
2024-10-28,1179.550048828125,1189.949951171875,1124.75,1155.199951171875,1128.05908203125,138136.0
2024-10-29,1156.949951171875,1175.0,1148.9000244140625,1169.8499755859375,1142.364990234375,33383.0
2024-10-30,1172.550048828125,1199.949951171875,1172.550048828125,1184.5,1156.670654296875,30410.0
2024-10-31,1185.5999755859375,1207.0,1174.050048828125,1200.449951171875,1172.2459716796875,53210.0
2024-11-01,1208.25,1229.0,1181.0,1188.75,1160.82080078125,14830.0
2024-11-04,1187.0,1220.0,1159.25,1209.25,1180.8392333984375,92142.0
2024-11-05,1209.949951171875,1220.4000244140625,1180.050048828125,1195.4000244140625,1167.314697265625,69411.0
2024-11-06,1205.6500244140625,1205.6500244140625,1182.550048828125,1193.800048828125,1165.7523193359375,24748.0
2024-11-07,1199.0,1200.0,1183.0,1186.6500244140625,1158.770263671875,17514.0
2024-11-08,1186.050048828125,1190.949951171875,1163.699951171875,1166.0,1138.60546875,15024.0
2024-11-11,1176.9000244140625,1193.4000244140625,1152.8499755859375,1179.3499755859375,1151.6417236328125,30246.0
2024-11-12,1173.550048828125,1185.8499755859375,1141.1500244140625,1153.449951171875,1126.3502197265625,47812.0
2024-11-13,1154.0,1180.0,1118.0999755859375,1127.75,1101.2540283203125,162226.0
2024-11-14,1126.75,1143.800048828125,1116.0,1128.949951171875,1102.42578125,57764.0
2024-11-18,1128.949951171875,1136.9000244140625,1105.800048828125,1119.5,1093.197998046875,82430.0
2024-11-19,1119.5,1138.300048828125,1097.300048828125,1118.1500244140625,1091.879638671875,117863.0
2024-11-21,1120.699951171875,1139.0,1106.449951171875,1121.3499755859375,1095.00439453125,65756.0
2024-11-22,1125.25,1152.0,1120.0,1145.75,1118.8311767578125,45117.0
2024-11-25,1150.5999755859375,1189.0,1145.050048828125,1177.050048828125,1149.395751953125,69268.0
2024-11-26,1177.0999755859375,1203.199951171875,1169.25,1198.1500244140625,1170.0,40576.0
2024-11-27,1201.0,1225.0,1193.0999755859375,1220.8499755859375,1192.1666259765625,39021.0
2024-11-28,1220.8499755859375,1239.9000244140625,1217.9000244140625,1227.199951171875,1198.367431640625,42417.0
2024-11-29,1228.050048828125,1239.0,1215.0999755859375,1235.550048828125,1206.5213623046875,24706.0
2024-12-02,1229.8499755859375,1250.0,1223.0,1240.449951171875,1211.30615234375,30115.0
2024-12-03,1235.0,1258.0,1215.0,1254.199951171875,1224.733154296875,45814.0
2024-12-04,1254.199951171875,1273.0,1232.550048828125,1248.9000244140625,1219.5577392578125,72551.0
2024-12-05,1248.4000244140625,1269.8499755859375,1225.9000244140625,1241.550048828125,1212.38037109375,103605.0
2024-12-06,1244.0,1260.0,1237.0,1253.0999755859375,1223.658935546875,24715.0
2024-12-09,1247.800048828125,1284.5,1242.949951171875,1279.3499755859375,1249.292236328125,93681.0
2024-12-10,1299.800048828125,1299.800048828125,1258.0999755859375,1274.8499755859375,1244.89794921875,59351.0
2024-12-11,1272.4000244140625,1284.9000244140625,1256.3499755859375,1269.0999755859375,1239.2830810546875,38587.0
2024-12-12,1268.0,1295.0,1261.550048828125,1276.5,1246.50927734375,63295.0
2024-12-13,1276.5,1288.8499755859375,1192.800048828125,1273.199951171875,1243.28662109375,129767.0
2024-12-16,1265.050048828125,1292.0,1261.5999755859375,1290.6500244140625,1260.326904296875,53868.0
2024-12-17,1285.0,1300.0,1254.8499755859375,1270.9000244140625,1241.0408935546875,56960.0
2024-12-18,1270.5,1304.0,1257.0,1284.1500244140625,1253.9794921875,154192.0
2024-12-19,1263.699951171875,1319.800048828125,1260.949951171875,1303.5,1272.8748779296875,122334.0
2024-12-20,1316.0,1346.5,1274.9000244140625,1287.199951171875,1256.9578857421875,347504.0
2024-12-23,1284.050048828125,1300.0,1260.050048828125,1267.300048828125,1237.525390625,72368.0
2024-12-24,1270.550048828125,1279.75,1226.550048828125,1233.4000244140625,1204.4219970703125,40638.0
2024-12-26,1223.0,1233.449951171875,1197.0,1209.75,1181.327392578125,56841.0
2024-12-27,1208.5,1303.800048828125,1207.0,1249.8499755859375,1220.4852294921875,1297155.0
2024-12-30,1257.75,1257.75,1225.5,1234.8499755859375,1205.837646484375,73308.0
2024-12-31,1225.300048828125,1240.0,1207.5,1216.8499755859375,1188.2606201171875,57071.0
2025-01-01,1213.25,1259.949951171875,1201.75,1235.949951171875,1206.9119873046875,194775.0
2025-01-02,1246.949951171875,1288.5999755859375,1240.75,1284.5,1254.3212890625,115692.0
2025-01-03,1284.5,1308.75,1262.25,1268.199951171875,1238.4041748046875,70068.0
2025-01-06,1278.5999755859375,1289.199951171875,1225.5,1242.5999755859375,1213.4056396484375,162185.0
2025-01-07,1231.5,1270.75,1231.3499755859375,1266.5,1236.744140625,46244.0
2025-01-08,1266.5,1272.699951171875,1241.0,1255.300048828125,1225.8074951171875,37445.0
2025-01-09,1255.300048828125,1283.75,1249.0,1270.5,1240.650146484375,120816.0
2025-01-10,1270.5,1274.25,1226.050048828125,1259.199951171875,1229.61572265625,146493.0
2025-01-13,1251.3499755859375,1252.949951171875,1172.0999755859375,1188.75,1160.82080078125,78616.0
2025-01-14,1175.0,1216.75,1175.0,1210.6500244140625,1182.206298828125,71598.0
2025-01-15,1219.949951171875,1234.949951171875,1192.8499755859375,1221.550048828125,1192.8502197265625,47202.0
2025-01-16,1206.0,1230.0,1198.949951171875,1221.449951171875,1192.7525634765625,102754.0
2025-01-17,1238.8499755859375,1247.800048828125,1182.0,1199.199951171875,1171.0252685546875,121859.0
2025-01-20,1199.0,1210.949951171875,1171.300048828125,1206.550048828125,1178.2027587890625,93456.0
2025-01-21,1210.949951171875,1229.5999755859375,1190.0,1224.8499755859375,1196.07275390625,72356.0
2025-01-22,1231.300048828125,1241.949951171875,1191.0999755859375,1222.25,1193.5338134765625,142131.0
2025-01-23,1206.0,1265.0,1206.0,1238.550048828125,1209.450927734375,162606.0
2025-01-24,1238.0,1251.0,1211.5,1230.6500244140625,1201.736572265625,66160.0
2025-01-27,1237.0,1237.0,1183.9000244140625,1200.4000244140625,1172.1971435546875,131104.0
2025-01-28,1204.5,1207.449951171875,1165.0,1173.6500244140625,1146.07568359375,84684.0
2025-01-29,1179.800048828125,1208.449951171875,1178.0,1202.25,1174.0037841796875,107261.0
2025-01-30,1203.4000244140625,1220.0,1196.0,1201.1500244140625,1172.9295654296875,23071.0
2025-01-31,1223.9000244140625,1223.9000244140625,1180.0,1184.8499755859375,1157.012451171875,58313.0
2025-02-01,1168.050048828125,1250.050048828125,1165.0,1236.25,1207.2049560546875,122897.0
2025-02-03,1245.0,1345.0,1213.25,1295.050048828125,1264.6234130859375,1219484.0
2025-02-04,1335.0,1335.0,1286.4000244140625,1312.949951171875,1282.102783203125,132789.0
2025-02-05,1311.6500244140625,1325.0,1280.699951171875,1316.699951171875,1285.7646484375,76971.0
2025-02-06,1311.0,1312.5999755859375,1259.449951171875,1270.199951171875,1240.357177734375,71139.0
2025-02-07,1258.699951171875,1266.949951171875,1230.0,1240.0,1210.86669921875,152240.0
2025-02-10,1248.9000244140625,1248.9000244140625,1215.0999755859375,1234.949951171875,1205.9354248046875,52657.0
2025-02-11,1234.949951171875,1236.949951171875,1169.0999755859375,1217.5999755859375,1188.9930419921875,92629.0
2025-02-12,1217.5999755859375,1233.9000244140625,1131.0999755859375,1143.5,1116.6339111328125,205050.0
2025-02-13,1142.5,1171.5,1137.0999755859375,1147.199951171875,1120.2470703125,25178.0
2025-02-14,1147.199951171875,1153.0,1126.199951171875,1138.6500244140625,1111.89794921875,33188.0
2025-02-17,1125.9000244140625,1148.5,1105.0999755859375,1130.0999755859375,1103.5487060546875,57179.0
2025-02-18,1128.800048828125,1143.4000244140625,1106.800048828125,1111.199951171875,1085.0927734375,29776.0
2025-02-19,1107.6500244140625,1165.0,1107.6500244140625,1158.0999755859375,1130.8909912109375,39959.0
2025-02-20,1158.0999755859375,1179.8499755859375,1146.6500244140625,1164.550048828125,1137.189453125,22755.0
2025-02-21,1164.550048828125,1169.199951171875,1126.8499755859375,1138.4000244140625,1111.65380859375,20191.0
2025-02-24,1128.050048828125,1144.3499755859375,1082.699951171875,1095.25,1069.517578125,41728.0
2025-02-25,1094.25,1168.0,1094.25,1139.699951171875,1112.9232177734375,329045.0
2025-02-27,1142.0,1178.0,1133.550048828125,1161.9000244140625,1134.601806640625,70836.0
2025-02-28,1160.050048828125,1161.9000244140625,1110.5999755859375,1117.1500244140625,1090.903076171875,29830.0
2025-03-03,1122.949951171875,1176.449951171875,1120.949951171875,1153.5999755859375,1126.4967041015625,59714.0
2025-03-04,1148.0,1166.6500244140625,1129.0,1155.0,1127.8638916015625,55646.0
2025-03-05,1161.0999755859375,1181.0,1138.0,1144.6500244140625,1117.7569580078125,48735.0
2025-03-06,1166.550048828125,1178.300048828125,1135.0,1138.0999755859375,1111.3609619140625,90372.0
2025-03-07,1120.550048828125,1137.800048828125,1110.0,1120.8499755859375,1111.60888671875,346212.0
2025-03-10,1118.0,1118.0,1090.050048828125,1105.550048828125,1096.4349365234375,59354.0
2025-03-11,1098.8499755859375,1098.8499755859375,1045.949951171875,1076.25,1067.3765869140625,162121.0
2025-03-12,1061.4000244140625,1093.25,1054.8499755859375,1068.6500244140625,1059.8392333984375,112586.0
2025-03-13,1064.0,1083.0,1052.1500244140625,1076.75,1067.8724365234375,45054.0
2025-03-17,1076.75,1086.800048828125,1062.3499755859375,1072.800048828125,1063.955078125,55980.0
2025-03-18,1072.800048828125,1072.800048828125,1072.800048828125,1072.800048828125,1063.955078125,0.0
2025-03-19,1060.949951171875,1083.8499755859375,1056.1500244140625,1078.75,1069.85595703125,106372.0
2025-03-20,1079.9000244140625,1087.949951171875,1053.0999755859375,1069.800048828125,1060.9798583984375,60371.0
2025-03-21,1070.0,1099.5999755859375,1068.9000244140625,1073.8499755859375,1064.996337890625,74025.0
2025-03-24,1079.5,1091.75,1064.949951171875,1076.6500244140625,1067.773193359375,47033.0
2025-03-25,1077.0,1102.0,1063.0,1070.699951171875,1061.8721923828125,80169.0
2025-03-26,1076.300048828125,1085.9000244140625,1050.1500244140625,1055.300048828125,1046.599365234375,57303.0
2025-03-27,1051.0,1067.300048828125,990.0499877929688,1011.2000122070312,1002.8629150390625,330844.0
2025-03-28,1022.0,1064.0,1008.0,1013.2999877929688,1004.9456176757812,127120.0
2025-04-01,1022.0,1049.300048828125,1012.0,1042.050048828125,1033.4586181640625,65666.0
2025-04-02,1047.5,1067.949951171875,1035.800048828125,1060.75,1052.00439453125,43710.0
2025-04-03,1048.199951171875,1079.0,1045.050048828125,1073.25,1064.4013671875,32851.0
2025-04-04,1073.25,1114.5,1059.0,1067.199951171875,1058.4010009765625,131927.0
2025-04-07,1008.0499877929688,1051.0,995.25,1041.550048828125,1032.962646484375,67908.0
2025-04-08,1063.699951171875,1070.0,1043.050048828125,1050.5,1041.8387451171875,21022.0
2025-04-09,1050.5,1059.75,1041.699951171875,1044.0999755859375,1035.4915771484375,15510.0
2025-04-11,1049.5999755859375,1079.4000244140625,1038.75,1061.8499755859375,1053.0953369140625,59647.0
2025-04-15,1069.5,1111.0,1065.0,1093.199951171875,1084.186767578125,35491.0
2025-04-16,1115.0,1115.0,1079.5,1095.0,1085.971923828125,44987.0
2025-04-17,1095.0,1105.5,1082.5,1095.9000244140625,1086.8646240234375,47899.0
2025-04-21,1095.9000244140625,1101.699951171875,1086.0,1094.0,1084.980224609375,45300.0
2025-04-22,1084.0999755859375,1109.800048828125,1084.0999755859375,1101.9000244140625,1092.815185546875,56905.0
2025-04-23,1103.9000244140625,1114.800048828125,1087.199951171875,1101.0999755859375,1092.0216064453125,22926.0
2025-04-24,1101.0999755859375,1112.0,1090.0999755859375,1096.199951171875,1087.1619873046875,31997.0
2025-04-25,1091.0999755859375,1099.800048828125,1060.300048828125,1079.0999755859375,1070.2030029296875,33399.0
2025-04-28,1079.0999755859375,1084.199951171875,1056.4000244140625,1072.5999755859375,1063.756591796875,49982.0
2025-04-29,1078.199951171875,1085.0,1058.199951171875,1065.199951171875,1056.4176025390625,25901.0
2025-04-30,1070.800048828125,1083.199951171875,1055.0,1070.0,1061.1781005859375,35902.0
2025-05-02,1060.300048828125,1083.699951171875,1052.9000244140625,1082.0,1073.0791015625,30511.0
2025-05-05,1085.0,1098.9000244140625,1065.699951171875,1093.800048828125,1084.7818603515625,23248.0
2025-05-06,1097.0,1107.5,1066.0,1070.9000244140625,1062.0706787109375,36442.0
2025-05-07,1051.0,1100.0999755859375,1045.5,1094.0,1084.980224609375,45902.0
2025-05-08,1095.0,1103.9000244140625,1062.0,1068.699951171875,1059.888671875,35873.0
2025-05-09,1020.0,1074.300048828125,1020.0,1058.5999755859375,1049.8720703125,34190.0
2025-05-12,1084.9000244140625,1092.5,1065.0999755859375,1086.0999755859375,1077.1453857421875,36519.0
2025-05-13,1099.9000244140625,1147.4000244140625,1092.9000244140625,1139.5999755859375,1130.2042236328125,88857.0
2025-05-14,1145.0,1154.4000244140625,1121.0,1143.300048828125,1133.873779296875,33627.0
2025-05-15,1153.9000244140625,1168.0,1144.800048828125,1156.300048828125,1146.7666015625,56667.0
2025-05-16,1162.4000244140625,1185.0,1157.0,1178.0,1168.28759765625,34711.0
2025-05-19,1178.0,1192.800048828125,1164.199951171875,1179.5,1169.7752685546875,48978.0
2025-05-20,1185.699951171875,1200.0,1119.0,1166.5999755859375,1156.981689453125,31281.0
2025-05-21,1161.9000244140625,1185.0,1152.0,1181.199951171875,1171.461181640625,38173.0
2025-05-22,1187.4000244140625,1200.0,1177.5999755859375,1189.0999755859375,1179.296142578125,85867.0
2025-05-23,1233.9000244140625,1299.5999755859375,1197.699951171875,1210.5999755859375,1200.618896484375,755763.0
2025-05-26,1200.0,1226.5999755859375,1196.5,1210.800048828125,1200.8172607421875,169819.0
2025-05-27,1223.0,1238.9000244140625,1190.0,1200.0999755859375,1190.205322265625,104393.0
2025-05-28,1208.800048828125,1225.0,1191.5,1206.0,1196.0567626953125,92932.0
2025-05-29,1216.4000244140625,1231.0999755859375,1200.5,1209.5999755859375,1199.6270751953125,57479.0
2025-05-30,1214.0,1219.699951171875,1201.9000244140625,1206.699951171875,1196.7509765625,50378.0
2025-06-02,1206.699951171875,1216.0,1199.699951171875,1209.800048828125,1199.825439453125,40037.0
2025-06-03,1219.9000244140625,1219.9000244140625,1201.0,1204.800048828125,1194.86669921875,20363.0
2025-06-04,1214.9000244140625,1249.9000244140625,1206.9000244140625,1234.0,1223.825927734375,76769.0
2025-06-05,1237.9000244140625,1245.5,1209.5,1225.300048828125,1215.19775390625,42576.0
2025-06-06,1221.0,1228.199951171875,1206.300048828125,1222.5999755859375,1212.5198974609375,24485.0
2025-06-09,1229.0,1288.0,1221.0,1233.4000244140625,1223.23095703125,102273.0
2025-06-10,1229.0,1243.300048828125,1222.699951171875,1234.5,1224.3216552734375,29224.0
2025-06-11,1234.4000244140625,1258.9000244140625,1224.5999755859375,1249.5,1239.1982421875,46439.0
2025-06-12,1249.5,1264.4000244140625,1211.0,1218.5,1208.4537353515625,40070.0
2025-06-13,1150.0,1236.4000244140625,1150.0,1216.300048828125,1206.2718505859375,89558.0
2025-06-16,1220.0,1245.0,1208.4000244140625,1237.9000244140625,1227.69384765625,45600.0
2025-06-17,1237.9000244140625,1243.9000244140625,1200.0,1204.0,1194.0732421875,45317.0
2025-06-18,1204.0,1216.199951171875,1172.0,1179.699951171875,1169.9735107421875,83092.0
2025-06-19,1185.5,1186.5,1150.0,1155.300048828125,1145.7747802734375,41008.0
2025-06-20,1150.0,1161.4000244140625,1125.199951171875,1141.5999755859375,1132.187744140625,360680.0
2025-06-23,1131.0,1162.4000244140625,1131.0,1149.0999755859375,1139.6258544921875,57497.0
2025-06-24,1200.300048828125,1214.9000244140625,1133.5999755859375,1141.199951171875,1131.791015625,214223.0
2025-06-25,1149.9000244140625,1159.9000244140625,1125.699951171875,1140.4000244140625,1130.9976806640625,60632.0
2025-06-26,1146.300048828125,1148.0,1128.699951171875,1136.800048828125,1127.4273681640625,687279.0
2025-06-27,1138.5,1154.0,1126.699951171875,1137.199951171875,1127.823974609375,57449.0
2025-06-30,1154.0,1156.0999755859375,1140.4000244140625,1150.199951171875,1140.7169189453125,193730.0
2025-07-01,1150.199951171875,1164.300048828125,1127.4000244140625,1136.5999755859375,1127.22900390625,42388.0
2025-07-02,1147.800048828125,1147.800048828125,1126.300048828125,1132.699951171875,1123.361083984375,95509.0
2025-07-03,1126.5999755859375,1149.800048828125,1126.5999755859375,1134.5999755859375,1125.2454833984375,68388.0
2025-07-04,1130.0,1159.800048828125,1130.0,1141.800048828125,1132.3861083984375,76166.0
2025-07-07,1140.0999755859375,1184.800048828125,1132.0999755859375,1174.199951171875,1164.5189208984375,90602.0
2025-07-08,1168.0,1194.300048828125,1155.0999755859375,1166.699951171875,1157.080810546875,34092.0
2025-07-09,1165.0,1219.0,1164.0999755859375,1210.800048828125,1200.8172607421875,80771.0
2025-07-10,1206.9000244140625,1224.0,1193.0,1203.9000244140625,1193.97412109375,57725.0
2025-07-11,1197.199951171875,1217.800048828125,1166.5,1172.199951171875,1162.535400390625,31772.0
2025-07-14,1165.0,1191.4000244140625,1165.0,1181.5999755859375,1171.85791015625,27382.0
2025-07-15,1181.0,1196.800048828125,1174.0999755859375,1179.300048828125,1169.5770263671875,74433.0
2025-07-16,1184.9000244140625,1189.5999755859375,1169.9000244140625,1172.800048828125,1163.1304931640625,42514.0
2025-07-17,1178.5,1209.4000244140625,1171.800048828125,1201.199951171875,1191.2962646484375,103014.0
2025-07-18,1201.0,1234.4000244140625,1200.0999755859375,1225.9000244140625,1215.792724609375,67067.0
2025-07-21,1225.0,1237.300048828125,1201.0,1208.699951171875,1198.734375,44405.0
2025-07-22,1208.5999755859375,1241.0,1190.4000244140625,1222.0999755859375,1212.024169921875,48924.0
2025-07-23,1222.0999755859375,1233.9000244140625,1205.0999755859375,1215.0,1204.9825439453125,24992.0
2025-07-24,1215.0,1234.9000244140625,1199.4000244140625,1205.699951171875,1195.75927734375,202034.0
2025-07-25,1215.0,1304.5,1210.199951171875,1217.5999755859375,1207.5611572265625,1296419.0
2025-07-28,1218.4000244140625,1234.0,1205.199951171875,1216.5,1206.47021484375,85877.0
2025-07-29,1205.5,1229.9000244140625,1198.0,1217.5999755859375,1207.5611572265625,40462.0
2025-07-30,1217.5999755859375,1239.5,1210.0999755859375,1223.0,1212.91650390625,44501.0
2025-07-31,1211.9000244140625,1249.5,1197.300048828125,1243.5999755859375,1233.3468017578125,39006.0
2025-08-01,1256.0,1256.0,1189.699951171875,1201.5999755859375,1191.6929931640625,31268.0
2025-08-04,1191.800048828125,1200.0,1175.699951171875,1189.5999755859375,1179.7918701171875,154390.0
2025-08-05,1181.0,1195.9000244140625,1163.300048828125,1178.800048828125,1169.0811767578125,45083.0
2025-08-06,1178.9000244140625,1188.9000244140625,1140.5999755859375,1145.300048828125,1135.8572998046875,23600.0
2025-08-07,1135.5999755859375,1148.800048828125,1110.800048828125,1132.4000244140625,1123.0635986328125,31213.0
2025-08-08,1139.9000244140625,1154.0,1091.0999755859375,1107.5999755859375,1098.468017578125,187641.0
2025-08-11,1097.5,1127.300048828125,1096.199951171875,1119.300048828125,1110.07177734375,76505.0
2025-08-12,1119.300048828125,1138.0,1104.4000244140625,1127.0999755859375,1117.807373046875,141717.0
2025-08-13,1125.0,1131.0,1111.0,1114.199951171875,1105.0135498046875,74754.0
2025-08-14,1112.9000244140625,1117.0999755859375,1090.9000244140625,1100.5,1091.426513671875,92090.0
2025-08-18,1140.0,1162.699951171875,1124.9000244140625,1131.800048828125,1122.4686279296875,81578.0
2025-08-19,1131.800048828125,1150.0,1126.9000244140625,1146.4000244140625,1136.9482421875,55808.0
2025-08-20,1142.0,1169.800048828125,1141.199951171875,1149.5999755859375,1140.121826171875,59103.0
2025-08-21,1149.9000244140625,1165.0,1148.9000244140625,1159.0999755859375,1149.5433349609375,19856.0
2025-08-22,1169.9000244140625,1170.9000244140625,1146.800048828125,1159.5,1149.9400634765625,31852.0
2025-08-25,1165.5999755859375,1168.0,1143.5999755859375,1145.4000244140625,1135.9564208984375,13015.0
2025-08-26,1158.699951171875,1165.0,1125.0,1137.9000244140625,1128.5181884765625,77892.0
2025-08-28,1137.9000244140625,1155.0,1136.4000244140625,1144.5999755859375,1135.1629638671875,19515.0
2025-08-29,1139.0999755859375,1154.199951171875,1135.699951171875,1140.800048828125,1131.39453125,22847.0
2025-09-01,1149.9000244140625,1170.0,1139.9000244140625,1162.5999755859375,1153.0146484375,29599.0
2025-09-02,1162.5999755859375,1189.0,1134.9000244140625,1184.9000244140625,1175.1307373046875,35735.0
2025-09-03,1184.0,1191.0999755859375,1163.800048828125,1170.9000244140625,1161.2462158203125,51993.0
2025-09-04,1210.0,1242.0,1180.0999755859375,1226.699951171875,1219.189208984375,366755.0
2025-09-05,1222.199951171875,1250.0,1194.4000244140625,1232.0999755859375,1224.55615234375,79116.0
2025-09-08,1226.0,1228.5,1191.0999755859375,1194.699951171875,1187.3851318359375,22286.0
2025-09-09,1194.699951171875,1247.0,1184.699951171875,1243.0999755859375,1235.48876953125,205764.0
2025-09-10,1233.0,1264.9000244140625,1229.9000244140625,1254.4000244140625,1246.7196044921875,220732.0
2025-09-11,1250.0,1280.0,1240.800048828125,1270.800048828125,1263.0191650390625,128050.0
2025-09-12,1268.0,1299.9000244140625,1254.0999755859375,1288.0,1280.1138916015625,88387.0
2025-09-15,1285.0,1296.800048828125,1244.699951171875,1254.9000244140625,1247.216552734375,65635.0
2025-09-16,1257.0,1302.0999755859375,1256.9000244140625,1293.5999755859375,1285.6795654296875,125492.0
2025-09-17,1299.0,1340.4000244140625,1298.9000244140625,1321.199951171875,1313.1104736328125,120985.0
2025-09-18,1321.199951171875,1323.0,1289.5999755859375,1302.5999755859375,1294.6243896484375,75180.0
2025-09-19,1297.0,1321.199951171875,1292.4000244140625,1311.0999755859375,1303.0723876953125,76958.0
2025-09-22,1306.9000244140625,1308.0999755859375,1267.300048828125,1281.0999755859375,1273.256103515625,46547.0
2025-09-23,1285.0,1285.0,1261.5,1277.5999755859375,1269.7774658203125,118017.0
2025-09-24,1290.0,1290.0,1265.199951171875,1276.0999755859375,1268.28662109375,81335.0
2025-09-25,1264.5,1276.4000244140625,1249.9000244140625,1256.5999755859375,1248.906005859375,353496.0
2025-09-26,1250.0999755859375,1255.0,1214.0,1219.0,1211.536376953125,30715.0
2025-09-29,1259.9000244140625,1300.0,1200.0,1236.9000244140625,1229.3267822265625,110360.0
2025-09-30,1243.4000244140625,1294.9000244140625,1232.0999755859375,1290.300048828125,1282.3997802734375,86081.0
2025-10-01,1288.0,1308.800048828125,1236.0999755859375,1249.800048828125,1242.1478271484375,144684.0
2025-10-03,1259.800048828125,1266.0,1241.699951171875,1253.5999755859375,1245.924560546875,36828.0
2025-10-06,1252.5,1259.800048828125,1238.0,1254.0,1246.322021484375,21967.0
2025-10-07,1256.0,1283.0,1235.699951171875,1267.0,1259.242431640625,32972.0
2025-10-08,1255.199951171875,1261.0,1244.0,1258.0999755859375,1250.3968505859375,30452.0
2025-10-09,1259.0,1276.5999755859375,1211.0,1217.800048828125,1210.34375,56968.0
2025-10-10,1223.5999755859375,1243.0,1204.800048828125,1220.300048828125,1212.8284912109375,44895.0
2025-10-13,1221.0,1224.699951171875,1206.800048828125,1219.5,1212.033203125,16236.0
2025-10-14,1225.800048828125,1225.800048828125,1182.5,1187.699951171875,1180.4278564453125,28203.0
2025-10-15,1189.0999755859375,1212.9000244140625,1187.699951171875,1208.199951171875,1200.802490234375,21630.0
2025-10-16,1208.199951171875,1218.4000244140625,1201.0,1209.9000244140625,1202.4920654296875,34388.0
2025-10-17,1198.9000244140625,1250.0,1162.699951171875,1203.300048828125,1195.9324951171875,75349.0
2025-10-20,1203.300048828125,1203.300048828125,1152.199951171875,1155.0,1147.92822265625,119196.0
2025-10-21,1135.0,1165.0,1135.0,1159.9000244140625,1152.7982177734375,10275.0
2025-10-23,1171.9000244140625,1173.9000244140625,1136.0,1148.4000244140625,1141.36865234375,41724.0
2025-10-24,1158.5999755859375,1158.5999755859375,1117.699951171875,1136.4000244140625,1129.4420166015625,177764.0
2025-10-27,1145.0,1215.0,1136.800048828125,1177.5,1170.2904052734375,116641.0
2025-10-28,1189.699951171875,1189.699951171875,1137.199951171875,1145.5999755859375,1138.585693359375,64963.0
2025-10-29,1145.5999755859375,1151.199951171875,1134.199951171875,1139.5999755859375,1132.62255859375,51848.0
2025-10-30,1140.0,1145.4000244140625,1118.0,1136.4000244140625,1129.4420166015625,73794.0
2025-10-31,1126.199951171875,1157.9000244140625,1113.0999755859375,1128.800048828125,1121.888671875,86652.0
2025-11-03,1136.0999755859375,1164.300048828125,1131.0,1154.699951171875,1147.6300048828125,60089.0
2025-11-04,1166.0,1166.0,1129.0,1130.4000244140625,1123.4788818359375,28110.0
2025-11-06,1145.0,1145.300048828125,1114.300048828125,1128.300048828125,1121.3917236328125,50315.0
2025-11-07,1118.0,1159.0,1112.0999755859375,1123.199951171875,1116.3228759765625,51044.0
2025-11-10,1123.199951171875,1131.0,1107.0,1109.0,1102.2098388671875,19968.0
2025-11-11,1114.800048828125,1115.800048828125,1099.0,1113.0,1106.1854248046875,19454.0
2025-11-12,1124.0999755859375,1129.0,1110.5999755859375,1123.4000244140625,1116.521728515625,12307.0
2025-11-13,1120.0,1149.0,1101.199951171875,1104.0,1097.2403564453125,17285.0
2025-11-14,1101.0,1106.5999755859375,1095.5,1097.4000244140625,1090.680908203125,15284.0
2025-11-17,1093.0,1117.0,1083.0,1090.4000244140625,1083.7237548828125,51238.0
2025-11-18,1096.0999755859375,1136.699951171875,1081.0,1127.199951171875,1120.2984619140625,71545.0
2025-11-19,1127.300048828125,1132.4000244140625,1104.800048828125,1108.0,1101.2159423828125,19036.0
2025-11-20,1115.0,1149.0,1108.0999755859375,1141.5999755859375,1134.6102294921875,47140.0
2025-11-21,1136.0,1150.0,1127.0999755859375,1144.800048828125,1137.7906494140625,28006.0
2025-11-24,1147.800048828125,1153.800048828125,1109.699951171875,1150.4000244140625,1143.3564453125,63662.0
2025-11-25,1151.9000244140625,1159.0,1134.4000244140625,1154.800048828125,1147.7294921875,30226.0
2025-11-26,1160.0,1180.0,1144.800048828125,1175.199951171875,1168.0045166015625,38513.0
2025-11-27,1174.9000244140625,1180.0,1159.0999755859375,1166.0999755859375,1158.960205078125,19606.0
2025-11-28,1168.0,1175.0,1153.699951171875,1170.5999755859375,1163.4326171875,31087.0
2025-12-01,1170.5999755859375,1185.4000244140625,1157.699951171875,1169.0,1161.842529296875,56069.0
2025-12-02,1169.0,1174.9000244140625,1122.0,1125.300048828125,1118.4100341796875,33531.0
2025-12-03,1120.0,1131.199951171875,1095.5,1101.5,1094.7557373046875,19815.0
2025-12-04,1091.5,1105.300048828125,1081.0,1085.800048828125,1079.1519775390625,33229.0
2025-12-05,1090.199951171875,1099.0,1075.0,1088.5,1081.8353271484375,106032.0
2025-12-08,1078.5,1113.300048828125,1078.5,1100.5,1093.7618408203125,160682.0
2025-12-09,1090.0,1110.0,1082.199951171875,1085.4000244140625,1078.75439453125,26908.0
2025-12-10,1085.0,1214.5999755859375,1085.0,1186.800048828125,1179.533447265625,887170.0
2025-12-11,1160.699951171875,1224.5,1140.0999755859375,1165.800048828125,1158.662109375,242817.0
2025-12-12,1155.199951171875,1178.9000244140625,1155.199951171875,1165.199951171875,1158.0657958984375,75273.0
2025-12-15,1170.4000244140625,1170.4000244140625,1131.699951171875,1134.300048828125,1127.3551025390625,25323.0
2025-12-16,1126.800048828125,1153.0,1115.0,1126.800048828125,1119.90087890625,61108.0
2025-12-17,1120.0,1157.0,1094.0,1104.0,1097.2403564453125,57759.0
2025-12-18,1107.0,1131.0,1084.0,1123.199951171875,1116.3228759765625,62114.0
2025-12-19,1128.800048828125,1157.199951171875,1111.5999755859375,1147.199951171875,1140.1759033203125,46048.0
2025-12-22,1161.4000244140625,1164.300048828125,1144.0999755859375,1158.199951171875,1151.1085205078125,17944.0
2025-12-23,1161.9000244140625,1185.0,1147.0,1171.4000244140625,1164.2279052734375,34071.0
2025-12-24,1174.800048828125,1178.5,1162.0999755859375,1169.199951171875,1162.0411376953125,15999.0
2025-12-26,1162.0999755859375,1179.5,1125.5999755859375,1145.4000244140625,1138.386962890625,29597.0
2025-12-29,1137.0,1157.9000244140625,1137.0,1151.0999755859375,1144.0521240234375,16738.0
2025-12-30,1150.0,1188.800048828125,1133.800048828125,1182.199951171875,1174.961669921875,25791.0
2025-12-31,1180.199951171875,1222.0,1161.199951171875,1207.0999755859375,1199.7091064453125,40275.0
2026-01-01,1200.199951171875,1216.4000244140625,1187.199951171875,1202.300048828125,1194.938720703125,91108.0
2026-01-02,1193.0,1210.800048828125,1174.300048828125,1180.0999755859375,1172.87451171875,29683.0
2026-01-05,1180.0999755859375,1210.0,1174.0,1194.300048828125,1186.9876708984375,52218.0
2026-01-06,1191.0,1191.0,1163.5,1171.9000244140625,1164.7247314453125,22613.0
2026-01-07,1171.0,1210.0,1150.0999755859375,1156.0999755859375,1149.021484375,20127.0
2026-01-08,1150.0999755859375,1166.199951171875,1124.0999755859375,1128.9000244140625,1121.988037109375,24104.0
2026-01-09,1120.0,1134.699951171875,1101.0,1107.4000244140625,1100.61962890625,18312.0
2026-01-12,1108.800048828125,1125.0,1077.4000244140625,1096.0999755859375,1089.3887939453125,37631.0
2026-01-13,1091.0,1108.9000244140625,1082.0,1088.0,1081.3385009765625,22188.0
2026-01-14,1088.0,1116.0,1080.199951171875,1101.5999755859375,1094.855224609375,20971.0
2026-01-16,1090.5999755859375,1098.800048828125,1055.0,1066.9000244140625,1060.3675537109375,73750.0
2026-01-19,1065.0999755859375,1065.0999755859375,1024.0,1052.300048828125,1045.8570556640625,41992.0
2026-01-20,1057.800048828125,1058.0999755859375,1005.0,1014.0999755859375,1007.890869140625,55552.0
2026-01-21,1011.5,1065.800048828125,997.9000244140625,1051.800048828125,1045.360107421875,48432.0
2026-01-22,1051.800048828125,1083.5,1026.5,1031.0999755859375,1024.7867431640625,23276.0
2026-01-23,1030.0,1037.699951171875,1016.5999755859375,1021.2999877929688,1015.0467529296875,22953.0
2026-01-27,1032.0,1079.800048828125,1019.0,1062.0999755859375,1055.5970458984375,62752.0
2026-01-28,1089.0,1170.300048828125,1006.2000122070312,1026.4000244140625,1020.1156616210938,2387587.0
2026-01-29,1050.0,1067.9000244140625,1015.0,1024.800048828125,1018.5254516601562,300211.0
2026-01-30,1028.0,1063.699951171875,1014.0,1050.5,1044.0679931640625,160309.0
2026-02-02,1025.0999755859375,1052.4000244140625,1010.2000122070312,1023.9000244140625,1020.5453491210938,77943.0
2026-02-03,1055.0,1063.699951171875,1020.2000122070312,1032.300048828125,1028.9178466796875,72964.0
2026-02-04,1032.300048828125,1037.4000244140625,1021.7000122070312,1028.5,1025.1302490234375,50347.0
2026-02-05,1033.0,1059.9000244140625,1028.800048828125,1035.4000244140625,1032.0076904296875,89660.0
2026-02-06,1037.9000244140625,1046.0,1030.0999755859375,1035.699951171875,1032.306640625,85232.0
2026-02-09,1045.5,1074.4000244140625,1040.199951171875,1050.9000244140625,1047.4569091796875,63845.0
2026-02-10,1051.4000244140625,1076.0,1036.5,1071.300048828125,1067.7900390625,62209.0
2026-02-11,1071.300048828125,1078.699951171875,1040.9000244140625,1047.800048828125,1044.3670654296875,35416.0
2026-02-12,1047.800048828125,1048.5,1031.699951171875,1043.9000244140625,1040.4798583984375,32472.0
2026-02-13,1043.9000244140625,1077.0,1030.300048828125,1070.0,1066.4942626953125,205262.0
2026-02-16,1070.0,1077.0,1051.5999755859375,1071.4000244140625,1067.8897705078125,19445.0
2026-02-17,1070.0,1078.0,1060.0,1071.4000244140625,1067.8897705078125,14608.0
2026-02-18,1077.0,1081.9000244140625,1059.5999755859375,1069.199951171875,1065.6968994140625,30340.0
2026-02-19,1078.5,1078.5,1052.800048828125,1055.800048828125,1052.3408203125,24165.0
2026-02-20,1061.199951171875,1062.5999755859375,1030.699951171875,1036.0,1032.605712890625,31096.0
2026-02-23,1046.300048828125,1056.0,1036.0,1047.300048828125,1043.8687744140625,17084.0
2026-02-24,1040.199951171875,1047.800048828125,1035.0,1041.0999755859375,1037.68896484375,18325.0
2026-02-25,1046.5999755859375,1055.0,1025.0,1027.4000244140625,1024.033935546875,20495.0
2026-02-26,1025.0,1050.800048828125,1025.0,1047.199951171875,1043.7689208984375,36787.0
2026-02-27,1055.0,1065.0,1038.0,1056.5999755859375,1053.13818359375,203785.0
2026-03-02,1012.0,1035.199951171875,999.0,1017.0999755859375,1013.767578125,31425.0
2026-03-04,990.0,1012.0,980.2999877929688,992.9000244140625,989.6469116210938,43899.0
2026-03-05,990.0,1012.0,972.5999755859375,985.4000244140625,982.1715087890625,28494.0
2026-03-06,990.5999755859375,990.5999755859375,960.2999877929688,977.7999877929688,974.5963745117188,35985.0
2026-03-09,958.0,970.0,941.0999755859375,953.4000244140625,950.2763671875,55687.0
2026-03-10,964.7999877929688,965.0999755859375,944.0,947.5999755859375,944.4953002929688,20648.0
2026-03-11,954.9000244140625,961.5,931.9000244140625,947.0,943.8972778320312,48917.0
2026-03-12,936.2000122070312,962.2000122070312,936.2000122070312,950.7999877929688,947.684814453125,19379.0
2026-03-13,949.9000244140625,949.9000244140625,925.0,930.2000122070312,927.15234375,27787.0
2026-03-16,926.0,926.0,896.4000244140625,911.2000122070312,908.214599609375,71830.0
2026-03-17,911.2000122070312,932.2999877929688,892.7999877929688,920.4000244140625,917.3844604492188,93045.0
2026-03-18,922.2999877929688,989.7000122070312,919.7999877929688,981.7999877929688,978.583251953125,136528.0
2026-03-19,963.0,978.7999877929688,937.0,941.4000244140625,938.315673828125,29468.0
2026-03-20,946.4000244140625,971.0,921.4000244140625,930.7000122070312,927.6506958007812,63724.0
2026-03-23,925.0,930.5,894.4000244140625,902.5999755859375,899.6427612304688,53358.0
2026-03-24,919.2999877929688,935.9000244140625,903.2000122070312,931.0,927.94970703125,40419.0
2026-03-25,931.0,960.0,931.0,939.7000122070312,936.6212158203125,32881.0
2026-03-27,930.0999755859375,960.0,891.7000122070312,910.5999755859375,907.6165161132812,39549.0
2026-03-30,893.2000122070312,904.2999877929688,883.0,896.0999755859375,893.1640625,50358.0
2026-04-01,910.0,932.0999755859375,910.0,919.9500122070312,916.9359130859375,24430.0
2026-04-02,919.9500122070312,950.0,886.5,938.2000122070312,935.1261596679688,40336.0
2026-04-06,927.0,966.0,916.5,960.3499755859375,957.2035522460938,27141.0
2026-04-07,970.0,974.7999877929688,951.7999877929688,963.75,960.5924072265625,15594.0
2026-04-08,1000.0,1012.0,972.7000122070312,982.0499877929688,978.8324584960938,15877.0
2026-04-09,970.0,998.9500122070312,961.5499877929688,996.5999755859375,993.3347778320312,26744.0
2026-04-10,996.5999755859375,1029.0,995.0,1016.3499755859375,1013.0200805664062,29184.0
2026-04-13,970.0499877929688,1057.800048828125,970.0499877929688,1020.7000122070312,1017.3558349609375,137213.0
2026-04-15,1020.7000122070312,1096.0,1018.7999877929688,1079.6500244140625,1076.1126708984375,88202.0
2026-04-16,1065.0,1103.800048828125,1057.0999755859375,1088.8499755859375,1085.282470703125,59745.0
2026-04-17,1088.8499755859375,1089.699951171875,1062.25,1069.25,1065.7467041015625,33507.0
2026-04-20,1074.550048828125,1100.0,1058.5,1064.0999755859375,1060.6136474609375,42698.0
2026-04-21,1062.0,1078.800048828125,1055.0,1060.449951171875,1056.9755859375,16632.0
2026-04-22,1063.449951171875,1080.0,1058.300048828125,1066.0,1062.5074462890625,13069.0
2026-04-23,1064.800048828125,1070.0999755859375,1046.949951171875,1055.050048828125,1051.5933837890625,12464.0
2026-04-24,1055.050048828125,1073.1500244140625,1038.0,1042.449951171875,1039.0345458984375,11472.0
2026-04-27,1045.0,1072.0,1025.0,1062.300048828125,1058.819580078125,17839.0
2026-04-28,1072.0,1072.949951171875,1041.6500244140625,1046.0,1042.572998046875,17322.0
2026-04-29,1046.0,1065.0,1034.0,1039.8499755859375,1036.443115234375,19612.0
2026-04-30,1045.0,1045.0,1015.0,1022.8499755859375,1019.498779296875,14610.0
2026-05-04,1030.0,1050.0,1007.2000122070312,1014.0999755859375,1010.7774047851562,30370.0
2026-05-05,1009.4000244140625,1026.5999755859375,1007.0,1015.5999755859375,1012.2725219726562,14181.0
2026-05-06,1029.4000244140625,1030.0,1007.0999755859375,1022.5,1019.1499633789062,27043.0
2026-05-07,1022.7999877929688,1036.5999755859375,998.4000244140625,1030.4000244140625,1027.0240478515625,39847.0
2026-05-08,1025.0,1073.9000244140625,1022.0,1032.0999755859375,1028.718505859375,57324.0
2026-05-11,1032.0999755859375,1048.0,1015.0,1034.199951171875,1030.8115234375,21757.0
2026-05-12,1034.199951171875,1036.0,1011.0,1027.9000244140625,1024.5322265625,32619.0
2026-05-13,1020.0999755859375,1053.0,1010.7999877929688,1046.199951171875,1042.772216796875,37321.0
2026-05-14,1053.4000244140625,1061.0,1024.199951171875,1050.300048828125,1046.85888671875,238819.0
2026-05-15,1057.0,1063.0,1023.5999755859375,1030.199951171875,1026.82470703125,14202.0
2026-05-18,1026.199951171875,1055.0,1011.9000244140625,1038.4000244140625,1034.9979248046875,31110.0
2026-05-19,1038.4000244140625,1058.0,1028.300048828125,1052.0,1048.55322265625,12675.0
2026-05-20,1046.800048828125,1055.5,1032.199951171875,1042.800048828125,1039.3834228515625,15714.0
2026-05-21,1087.9000244140625,1128.0999755859375,1067.0999755859375,1108.0,1104.3697509765625,294140.0
2026-05-22,1108.0999755859375,1114.4000244140625,1056.800048828125,1068.5,1064.999267578125,44023.0
2026-05-25,1073.0,1098.5,1061.0,1074.0,1070.481201171875,26199.0
2026-05-26,1069.199951171875,1081.4000244140625,1050.0,1058.5999755859375,1055.131591796875,15486.0
2026-05-27,1063.0,1079.300048828125,1045.199951171875,1052.4000244140625,1048.9520263671875,29629.0
2026-05-28,1052.4000244140625,1052.4000244140625,1052.4000244140625,1052.4000244140625,1048.9520263671875,0.0
2026-05-29,1052.4000244140625,1055.0,1016.0999755859375,1024.300048828125,1020.944091796875,31436.0
2026-06-01,1024.199951171875,1054.199951171875,1020.0999755859375,1032.5999755859375,1029.216796875,22757.0
2026-06-02,1034.9000244140625,1038.9000244140625,1016.4000244140625,1027.5999755859375,1024.233154296875,14016.0
2026-06-03,1024.0,1043.9000244140625,1015.2000122070312,1034.699951171875,1031.3099365234375,23519.0
2026-06-04,1031.800048828125,1054.4000244140625,1028.0999755859375,1032.0,1028.6187744140625,14834.0
2026-06-05,1030.199951171875,1040.0,1021.0,1023.4000244140625,1020.0469970703125,11779.0
2026-06-08,1020.0,1022.5,990.0,991.0,987.7531127929688,53501.0
2026-06-09,996.2000122070312,1005.0999755859375,992.5999755859375,999.5,996.2252807617188,13612.0
2026-06-10,999.5999755859375,1001.0,986.0,988.7999877929688,985.5603637695312,24805.0
2026-06-11,983.0,993.9000244140625,975.0,977.4000244140625,974.1976928710938,13650.0
2026-06-12,981.9000244140625,1004.9000244140625,981.9000244140625,1000.5,997.2219848632812,24968.0
2026-06-15,1003.0,1014.7999877929688,995.0,1004.5,1001.2089233398438,65437.0
2026-06-16,1000.5,1025.0,1000.2000122070312,1004.4000244140625,1001.1092529296875,22467.0
2026-06-17,1009.4000244140625,1032.0,1008.0999755859375,1022.2000122070312,1018.8509521484375,37557.0
2026-06-18,1045.0,1045.0,1020.5999755859375,1031.800048828125,1028.4195556640625,45633.0
2026-06-19,1028.0,1041.800048828125,1026.0,1037.5999755859375,1034.200439453125,21349.0
2026-06-22,1026.5999755859375,1057.4000244140625,1026.5999755859375,1044.0999755859375,1040.67919921875,91724.0
2026-06-23,1055.0,1072.0,1036.0,1046.199951171875,1042.772216796875,65953.0
2026-06-24,1049.0,1053.5,1033.0999755859375,1039.4000244140625,1035.99462890625,16746.0
2026-06-25,1044.0,1077.0,1030.0999755859375,1031.300048828125,1027.921142578125,44174.0
2026-06-26,1031.300048828125,1031.300048828125,1031.300048828125,1031.300048828125,1027.921142578125,0.0
2026-06-29,1028.0,1034.199951171875,1022.0,1025.800048828125,1022.4391479492188,127262.0
2026-06-30,1030.5999755859375,1039.9000244140625,1001.0999755859375,1004.7999877929688,1001.5079345703125,178929.0
2026-07-01,1010.0,1030.0,1010.0,1023.0999755859375,1019.7479248046875,29656.0
2026-07-02,1027.0,1034.0,1020.0,1023.7999877929688,1020.4456787109375,112377.0
2026-07-03,1024.199951171875,1044.699951171875,1024.199951171875,1037.9000244140625,1034.49951171875,20842.0
2026-07-06,1039.699951171875,1055.0,1035.699951171875,1039.800048828125,1036.393310546875,29801.0
2026-07-07,1044.0,1065.0,1038.0999755859375,1058.0,1054.5335693359375,44398.0
2026-07-08,1058.0,1059.0,1041.4000244140625,1050.699951171875,1047.2574462890625,60007.0
2026-07-09,1041.9000244140625,1079.0,1041.9000244140625,1064.5,1061.0123291015625,25245.0
2026-07-10,1079.0,1087.0,1045.300048828125,1059.5999755859375,1056.12841796875,58241.0
2026-07-13,1064.300048828125,1078.300048828125,1050.0,1072.5999755859375,1069.0858154296875,18335.0
2026-07-14,1071.300048828125,1076.5,1046.0,1050.5999755859375,1047.1578369140625,10927.0
2026-07-15,1049.0,1064.0,1018.5999755859375,1033.4000244140625,1030.0142822265625,43420.0
2026-07-16,1039.9000244140625,1051.4000244140625,1024.0999755859375,1031.0,1027.6220703125,11648.0
2026-07-17,1031.0,1095.0,1018.9000244140625,1071.300048828125,1067.7900390625,270713.0
2026-07-20,1061.0,1081.9000244140625,1061.0,1068.9000244140625,1065.39794921875,22777.0
2026-07-21,1078.9000244140625,1078.9000244140625,1054.9000244140625,1074.0999755859375,1070.580810546875,74414.0
2026-07-22,1074.0999755859375,1082.800048828125,1057.0,1061.800048828125,1058.3211669921875,20997.0
2026-07-23,1056.199951171875,1058.699951171875,1020.0999755859375,1024.9000244140625,1021.5421142578125,96018.0
2026-07-24,1029.0999755859375,1029.0999755859375,1006.2000122070312,1021.9000244140625,1018.5519409179688,29362.0
2026-07-27,1023.7999877929688,1039.9000244140625,1023.7999877929688,1031.699951171875,1028.3197021484375,12365.0
2026-07-28,1043.9000244140625,1043.9000244140625,1018.0,1026.0,1022.6384887695312,25231.0
2026-07-29,1034.0,1042.0,1027.199951171875,1032.5999755859375,1029.216796875,13569.0
2026-07-30,1038.5999755859375,1042.0,1027.0,1029.699951171875,1026.3262939453125,13352.0
2026-07-31,1038.5999755859375,1042.0,1023.2999877929688,1036.5999755859375,1033.2037353515625,18191.0
2026-08-03,1036.5999755859375,1043.300048828125,1027.0,1034.9000244140625,1031.50927734375,28132.0
2026-08-04,1034.9000244140625,1045.800048828125,1022.0,1040.699951171875,1037.290283203125,24742.0
2026-08-05,1000.0,1024.800048828125,982.0,1001.0,997.7203979492188,165122.0
2026-08-06,1018.0999755859375,1019.4000244140625,975.0,981.0999755859375,977.8855590820312,96791.0
2026-08-07,981.0999755859375,988.7999877929688,969.2000122070312,972.5,969.3137817382812,193668.0
2026-08-10,985.0,988.7000122070312,964.0,967.2000122070312,964.0311279296875,37611.0
2026-08-11,965.2000122070312,977.7000122070312,945.0,949.7999877929688,946.6881103515625,114540.0
2026-08-12,950.2999877929688,959.2000122070312,932.0,937.7999877929688,934.7274169921875,133770.0
2026-08-13,934.2000122070312,954.9000244140625,934.2000122070312,943.7999877929688,940.707763671875,29262.0
2026-08-14,940.0,947.9000244140625,930.0,944.0999755859375,941.0067749023438,24118.0
2026-08-17,947.9000244140625,951.9000244140625,940.0,942.7999877929688,939.7110595703125,24131.0
2026-08-18,942.0,949.0999755859375,927.0,928.5999755859375,925.5575561523438,44445.0
2026-08-19,933.7999877929688,936.2000122070312,921.0999755859375,924.7000122070312,921.6703491210938,14326.0
2026-08-20,925.0,932.2999877929688,912.0,914.2999877929688,911.304443359375,15690.0
2026-08-21,914.2999877929688,922.2999877929688,903.5999755859375,912.5,909.5103149414062,55473.0
2026-08-24,910.4000244140625,924.0,907.0,909.9000244140625,906.9188842773438,71779.0
2026-08-25,916.2000122070312,925.0,901.0,922.0999755859375,919.078857421875,27546.0
2026-08-26,926.5999755859375,954.0999755859375,922.2000122070312,945.2999877929688,942.202880859375,26761.0
2026-08-27,955.5,955.5,915.0,921.7000122070312,918.68017578125,22707.0
2026-08-28,915.2000122070312,940.0,915.2000122070312,936.7000122070312,933.6310424804688,32396.0
2026-08-31,931.9000244140625,932.0999755859375,915.0,919.5999755859375,916.5870361328125,9799.0
2026-09-01,919.5999755859375,924.9000244140625,910.0,917.9500122070312,914.9425048828125,20767.0
2026-09-02,918.0,924.75,896.5,900.6500244140625,897.6991577148438,48088.0
2026-09-03,901.25,919.0,901.25,915.6500244140625,912.6500244140625,11005.0
2026-09-04,915.6500244140625,935.0,909.0,929.1500244140625,929.1500244140625,39468.0
2026-09-08,934.5499877929688,952.0,926.2000122070312,948.5499877929688,948.5499877929688,29527.0
2026-09-09,948.9500122070312,961.9000244140625,932.2999877929688,959.0,959.0,34602.0
2026-09-10,959.0,959.0,936.0,952.0999755859375,952.0999755859375,27109.0
2026-09-11,940.25,950.0,922.5999755859375,940.2000122070312,940.2000122070312,466848.0
2026-09-15,954.75,954.75,938.4000244140625,944.4500122070312,944.4500122070312,34576.0
