date,open,high,low,close,adjclose,volume
2021-09-15,2.5999999046325684,2.613332986831665,2.543333053588867,2.559999942779541,2.559999942779541,732480.0
2021-09-16,2.5350000858306885,2.5899999141693115,2.4549999237060547,2.494999885559082,2.494999885559082,1721130.0
2021-09-17,2.611665964126587,2.611665964126587,2.4016659259796143,2.433332920074463,2.433332920074463,1017450.0
2021-09-20,2.375,2.433332920074463,2.3433330059051514,2.358333110809326,2.358333110809326,933660.0
2021-09-21,2.4316658973693848,2.4316658973693848,2.299999952316284,2.3483328819274902,2.3483328819274902,1021050.0
2021-09-22,2.3499999046325684,2.424999952316284,2.315000057220459,2.380000114440918,2.380000114440918,1295850.0
2021-09-23,2.3833329677581787,2.3833329677581787,2.2683329582214355,2.291666030883789,2.291666030883789,2199810.0
2021-09-24,2.3283329010009766,2.3983330726623535,2.2183330059051514,2.286665916442871,2.286665916442871,2712780.0
2021-09-27,2.3299999237060547,2.3299999237060547,2.2166659832000732,2.221666097640991,2.221666097640991,1540950.0
2021-09-28,2.241666078567505,2.296665906906128,2.174999952316284,2.2116661071777344,2.2116661071777344,947820.0
2021-09-29,2.1649999618530273,2.2466659545898438,2.1649999618530273,2.238332986831665,2.238332986831665,872430.0
2021-09-30,2.240000009536743,2.296665906906128,2.1700000762939453,2.2783329486846924,2.2783329486846924,1006410.0
2021-10-01,2.3216660022735596,2.3216660022735596,2.241666078567505,2.2799999713897705,2.2799999713897705,414480.0
2021-10-04,2.3166658878326416,2.3933329582214355,2.288332939147949,2.3933329582214355,2.3933329582214355,1277100.0
2021-10-05,2.3983330726623535,2.5116660594940186,2.3966660499572754,2.5116660594940186,2.5116660594940186,1766820.0
2021-10-06,2.549999952316284,2.630000114440918,2.483333110809326,2.5116660594940186,2.5116660594940186,2414160.0
2021-10-07,2.569999933242798,2.611665964126587,2.440000057220459,2.5333330631256104,2.5333330631256104,1949040.0
2021-10-08,2.565000057220459,2.5783329010009766,2.433332920074463,2.438333034515381,2.438333034515381,2473980.0
2021-10-11,2.488332986831665,2.5,2.3766660690307617,2.4316658973693848,2.4316658973693848,2097810.0
2021-10-12,2.3833329677581787,2.4633328914642334,2.369999885559082,2.4049999713897705,2.4049999713897705,807000.0
2021-10-13,2.4483330249786377,2.5250000953674316,2.368333101272583,2.5250000953674316,2.5250000953674316,2546310.0
2021-10-14,2.6466660499572754,2.6466660499572754,2.426666021347046,2.5199999809265137,2.5199999809265137,2491500.0
2021-10-18,2.5999999046325684,2.5999999046325684,2.434999942779541,2.5199999809265137,2.5199999809265137,2862060.0
2021-10-19,2.5350000858306885,2.5683329105377197,2.4000000953674316,2.421665906906128,2.421665906906128,2026020.0
2021-10-20,2.430000066757202,2.4700000286102295,2.373332977294922,2.4000000953674316,2.4000000953674316,1183830.0
2021-10-21,2.450000047683716,2.483333110809326,2.3350000381469727,2.346666097640991,2.346666097640991,996480.0
2021-10-22,2.353332996368408,2.4149999618530273,2.2733330726623535,2.3283329010009766,2.3283329010009766,686010.0
2021-10-25,2.4433329105377197,2.4433329105377197,2.2133328914642334,2.4433329105377197,2.4433329105377197,81874560.0
2021-10-26,2.4433329105377197,2.565000057220459,2.4433329105377197,2.565000057220459,2.565000057220459,22914930.0
2021-10-27,2.5899999141693115,2.6916658878326416,2.565000057220459,2.6866660118103027,2.6866660118103027,18371700.0
2021-10-28,2.733333110809326,2.8166658878326416,2.555000066757202,2.765000104904175,2.765000104904175,20126730.0
2021-10-29,2.8550000190734863,2.8550000190734863,2.62833309173584,2.640000104904175,2.640000104904175,55759110.0
2021-11-01,2.6933329105377197,2.7716660499572754,2.575000047683716,2.7716660499572754,2.7716660499572754,21427200.0
2021-11-02,2.813333034515381,2.9100000858306885,2.733333110809326,2.9100000858306885,2.9100000858306885,9151920.0
2021-11-03,2.866666078567505,3.055000066757202,2.799999952316284,3.055000066757202,3.055000066757202,19922880.0
2021-11-04,3.190000057220459,3.190000057220459,2.933332920074463,3.0999999046325684,3.0999999046325684,5283240.0
2021-11-08,3.0999999046325684,3.233333110809326,3.009999990463257,3.0850000381469727,3.0850000381469727,8749590.0
2021-11-09,3.180000066757202,3.180000066757202,3.0116660594940186,3.0250000953674316,3.0250000953674316,3287370.0
2021-11-10,3.0233330726623535,3.048332929611206,2.9000000953674316,2.9100000858306885,2.9100000858306885,3993870.0
2021-11-11,2.933332920074463,2.933332920074463,2.7799999713897705,2.799999952316284,2.799999952316284,4298790.0
2021-11-12,2.7666659355163574,2.8816659450531006,2.748332977294922,2.869999885559082,2.869999885559082,3978090.0
2021-11-15,2.9800000190734863,3.0066659450531006,2.7733330726623535,2.859999895095825,2.859999895095825,5480250.0
2021-11-16,2.866666078567505,3.0,2.7716660499572754,2.9749999046325684,2.9749999046325684,3857610.0
2021-11-17,2.933332920074463,3.063333034515381,2.9033329486846924,2.9366660118103027,2.9366660118103027,2198880.0
2021-11-18,3.049999952316284,3.049999952316284,2.799999952316284,2.8350000381469727,2.8350000381469727,1724580.0
2021-11-22,2.8350000381469727,2.880000114440918,2.6933329105377197,2.740000009536743,2.740000009536743,4247580.0
2021-11-23,2.733333110809326,2.8766660690307617,2.7083330154418945,2.8766660690307617,2.8766660690307617,7329600.0
2021-11-24,2.933332920074463,2.938333034515381,2.733333110809326,2.741666078567505,2.741666078567505,36381480.0
2021-11-25,2.796665906906128,2.87833309173584,2.7516660690307617,2.87833309173584,2.87833309173584,14458320.0
2021-11-26,2.866666078567505,2.9666659832000732,2.866666078567505,2.9100000858306885,2.9100000858306885,14016030.0
2021-11-29,2.998332977294922,2.998332977294922,2.866666078567505,2.8949999809265137,2.8949999809265137,12909030.0
2021-11-30,3.038332939147949,3.038332939147949,2.868333101272583,3.0216660499572754,3.0216660499572754,13947570.0
2021-12-01,3.1500000953674316,3.171665906906128,3.0183329582214355,3.171665906906128,3.171665906906128,12469440.0
2021-12-02,3.1933329105377197,3.3216660022735596,3.1700000762939453,3.2683329582214355,3.2683329582214355,8121540.0
2021-12-03,3.3116660118103027,3.373332977294922,3.2666659355163574,3.3283329010009766,3.3283329010009766,9306510.0
2021-12-06,3.3333330154418945,3.3949999809265137,3.163332939147949,3.35166597366333,3.35166597366333,14635680.0
2021-12-07,3.3833329677581787,3.6866660118103027,3.1983330249786377,3.684999942779541,3.684999942779541,79412100.0
2021-12-08,3.733333110809326,3.8383328914642334,3.5683329105377197,3.613332986831665,3.613332986831665,10003470.0
2021-12-09,3.748332977294922,3.75,3.549999952316284,3.5816659927368164,3.5816659927368164,2401980.0
2021-12-10,3.615000009536743,3.615000009536743,3.433332920074463,3.515000104904175,3.515000104904175,3569490.0
2021-12-13,3.5333330631256104,3.798332929611206,3.493333101272583,3.6583330631256104,3.6583330631256104,7668120.0
2021-12-14,3.5999999046325684,4.0233330726623535,3.575000047683716,4.010000228881836,4.010000228881836,24726990.0
2021-12-15,4.113333225250244,4.1966657638549805,3.8450000286102295,4.118332862854004,4.118332862854004,16992360.0
2021-12-16,4.103332996368408,4.159999847412109,3.9200000762939453,3.986665964126587,3.986665964126587,9564420.0
2021-12-17,3.983333110809326,4.103332996368408,3.7699999809265137,3.8933329582214355,3.8933329582214355,6904620.0
2021-12-20,3.933332920074463,3.9666659832000732,3.700000047683716,3.740000009536743,3.740000009536743,6472620.0
2021-12-21,3.7633330821990967,3.9666659832000732,3.4533329010009766,3.7033329010009766,3.7033329010009766,10043130.0
2021-12-22,3.7249999046325684,3.9000000953674316,3.700000047683716,3.865000009536743,3.865000009536743,4403340.0
2021-12-23,3.866666078567505,3.8966660499572754,3.683332920074463,3.731666088104248,3.731666088104248,2561610.0
2021-12-24,3.7016661167144775,3.8333330154418945,3.6500000953674316,3.736665964126587,3.736665964126587,1365930.0
2021-12-27,3.736665964126587,3.7899999618530273,3.5733330249786377,3.7516660690307617,3.7516660690307617,2480280.0
2021-12-28,3.7516660690307617,3.861665964126587,3.7516660690307617,3.813333034515381,3.813333034515381,1506090.0
2021-12-29,3.8983330726623535,3.950000047683716,3.680000066757202,3.7750000953674316,3.7750000953674316,2462370.0
2021-12-30,3.7750000953674316,3.9633328914642334,3.7750000953674316,3.9366660118103027,3.9366660118103027,7620960.0
2021-12-31,3.9666659832000732,4.0833330154418945,3.866666078567505,3.988332986831665,3.988332986831665,4002900.0
2022-01-03,4.0,4.163332939147949,3.921665906906128,4.051665782928467,4.051665782928467,5853690.0
2022-01-04,4.051665782928467,4.363333225250244,3.988332986831665,4.105000019073486,4.105000019073486,10979400.0
2022-01-05,4.10166597366333,4.300000190734863,4.10166597366333,4.188333034515381,4.188333034515381,3558030.0
2022-01-06,4.159999847412109,4.258333206176758,4.099999904632568,4.173333168029785,4.173333168029785,6461100.0
2022-01-07,4.199999809265137,4.329999923706055,4.173333168029785,4.1966657638549805,4.1966657638549805,4300800.0
2022-01-10,4.233333110809326,4.496665954589844,4.1533331871032715,4.411665916442871,4.411665916442871,10051410.0
2022-01-11,4.443333148956299,4.633333206176758,4.420000076293945,4.596665859222412,4.596665859222412,14247960.0
2022-01-12,4.626666069030762,5.054999828338623,4.561666011810303,5.053332805633545,5.053332805633545,72945630.0
2022-01-13,5.096665859222412,5.191666126251221,4.933332920074463,4.983333110809326,4.983333110809326,15641250.0
2022-01-14,4.933332920074463,5.3983330726623535,4.885000228881836,5.275000095367432,5.275000095367432,12668670.0
2022-01-17,5.329999923706055,5.50666618347168,5.188333034515381,5.276666164398193,5.276666164398193,10818570.0
2022-01-18,5.349999904632568,5.599999904632568,4.835000038146973,5.441666126251221,5.441666126251221,12328230.0
2022-01-19,5.616665840148926,5.650000095367432,5.448332786560059,5.541666030883789,5.541666030883789,5430000.0
2022-01-20,5.550000190734863,5.733333110809326,5.533332824707031,5.626666069030762,5.626666069030762,5875110.0
2022-01-21,5.625,5.639999866485596,5.431665897369385,5.519999980926514,5.519999980926514,5330280.0
2022-01-24,5.519999980926514,5.565000057220459,5.244999885559082,5.244999885559082,5.244999885559082,2215590.0
2022-01-25,4.983333110809326,5.300000190734863,4.983333110809326,5.133333206176758,5.133333206176758,5759430.0
2022-01-27,5.066666126251221,5.066666126251221,4.876666069030762,4.891665935516357,4.891665935516357,2479470.0
2022-01-28,4.900000095367432,5.135000228881836,4.891665935516357,4.9466657638549805,4.9466657638549805,2591130.0
2022-01-31,4.9466657638549805,5.016665935516357,4.699999809265137,4.699999809265137,4.699999809265137,2818860.0
2022-02-01,4.651666164398193,4.673333168029785,4.508333206176758,4.5883331298828125,4.5883331298828125,2946780.0
2022-02-02,4.635000228881836,4.816666126251221,4.599999904632568,4.816666126251221,4.816666126251221,1466100.0
2022-02-03,5.048333168029785,5.056665897369385,4.949999809265137,5.056665897369385,5.056665897369385,2320950.0
2022-02-04,5.0833330154418945,5.269999980926514,5.056665897369385,5.1483330726623535,5.1483330726623535,2265510.0
2022-02-07,5.266665935516357,5.311666011810303,4.9466657638549805,4.97333288192749,4.97333288192749,2293170.0
2022-02-08,5.033332824707031,5.181665897369385,4.72666597366333,4.948332786560059,4.948332786560059,2236200.0
2022-02-09,5.033332824707031,5.130000114440918,4.836666107177734,4.873332977294922,4.873332977294922,1338480.0
2022-02-10,4.701665878295898,5.099999904632568,4.641665935516357,4.896666049957275,4.896666049957275,2672700.0
2022-02-11,4.996665954589844,5.130000114440918,4.8333330154418945,4.943333148956299,4.943333148956299,3364140.0
2022-02-14,4.866665840148926,4.866665840148926,4.6966657638549805,4.6966657638549805,4.6966657638549805,4087290.0
2022-02-15,4.731666088104248,4.763332843780518,4.4633331298828125,4.498332977294922,4.498332977294922,2431260.0
2022-02-16,4.526666164398193,4.721665859222412,4.526666164398193,4.623332977294922,4.623332977294922,1918530.0
2022-02-17,4.661665916442871,4.853332996368408,4.533332824707031,4.828332901000977,4.828332901000977,4721220.0
2022-02-18,4.701665878295898,4.826665878295898,4.616665840148926,4.635000228881836,4.635000228881836,1201290.0
2022-02-21,4.478332996368408,4.633333206176758,4.433332920074463,4.5116658210754395,4.5116658210754395,1905240.0
2022-02-22,4.343332767486572,4.736666202545166,4.286665916442871,4.728332996368408,4.728332996368408,6156690.0
2022-02-23,4.841666221618652,4.9583330154418945,4.493332862854004,4.62833309173584,4.62833309173584,3038940.0
2022-02-24,4.63166618347168,4.6366658210754395,4.3983330726623535,4.3983330726623535,4.3983330726623535,2794200.0
2022-02-25,4.3983330726623535,4.616665840148926,4.241665840148926,4.613333225250244,4.613333225250244,9784200.0
2022-02-28,4.638332843780518,4.836666107177734,4.593332767486572,4.806665897369385,4.806665897369385,5302710.0
2022-03-02,4.900000095367432,5.046666145324707,4.568333148956299,5.025000095367432,5.025000095367432,16951320.0
2022-03-03,5.091666221618652,5.221665859222412,4.948332786560059,4.989999771118164,4.989999771118164,3088650.0
2022-03-04,5.130000114440918,5.130000114440918,4.766665935516357,4.885000228881836,4.885000228881836,3167070.0
2022-03-07,4.841666221618652,5.099999904632568,4.751666069030762,4.868332862854004,4.868332862854004,3213930.0
2022-03-08,4.949999809265137,5.078332901000977,4.920000076293945,5.039999961853027,5.039999961853027,2492850.0
2022-03-09,5.039999961853027,5.166666030883789,4.9633331298828125,5.116665840148926,5.116665840148926,4871610.0
2022-03-10,5.130000114440918,5.366665840148926,5.09833288192749,5.313333034515381,5.313333034515381,5870610.0
2022-03-11,5.413332939147949,5.413332939147949,5.271666049957275,5.315000057220459,5.315000057220459,2152650.0
2022-03-14,5.406665802001953,5.556665897369385,5.406665802001953,5.516665935516357,5.516665935516357,4684110.0
2022-03-15,5.546666145324707,5.623332977294922,5.2683329582214355,5.3866658210754395,5.3866658210754395,2863560.0
2022-03-16,5.449999809265137,5.633333206176758,5.34499979019165,5.5183329582214355,5.5183329582214355,5934630.0
2022-03-17,5.6483330726623535,5.701665878295898,5.546666145324707,5.558332920074463,5.558332920074463,3268290.0
2022-03-21,5.766665935516357,5.766665935516357,5.471665859222412,5.630000114440918,5.630000114440918,9049500.0
2022-03-22,5.666666030883789,5.873332977294922,5.559999942779541,5.813333034515381,5.813333034515381,8817690.0
2022-03-23,5.900000095367432,6.068333148956299,5.744999885559082,6.016665935516357,6.016665935516357,34711110.0
2022-03-24,5.989999771118164,6.315000057220459,5.715000152587891,6.074999809265137,6.074999809265137,9909680.0
2022-03-25,6.105000019073486,6.375,5.775000095367432,6.315000057220459,6.315000057220459,12039190.0
2022-03-28,6.295000076293945,6.295000076293945,6.0,6.0,6.0,4073450.0
2022-03-29,5.699999809265137,6.300000190734863,5.699999809265137,6.300000190734863,6.300000190734863,12961530.0
2022-03-30,6.300000190734863,6.550000190734863,5.985000133514404,6.380000114440918,6.380000114440918,7953480.0
2022-03-31,6.489999771118164,6.5,6.235000133514404,6.269999980926514,6.269999980926514,1935180.0
2022-04-01,6.25,6.579999923706055,6.199999809265137,6.539999961853027,6.539999961853027,3098180.0
2022-04-04,6.545000076293945,6.835000038146973,6.545000076293945,6.619999885559082,6.619999885559082,2407140.0
2022-04-05,6.84499979019165,6.945000171661377,6.699999809265137,6.784999847412109,6.784999847412109,8646280.0
2022-04-06,6.784999847412109,6.869999885559082,6.474999904632568,6.534999847412109,6.534999847412109,7367280.0
2022-04-07,6.534999847412109,6.860000133514404,6.210000038146973,6.849999904632568,6.849999904632568,22439050.0
2022-04-08,6.800000190734863,7.0,6.539999961853027,6.574999809265137,6.574999809265137,4541630.0
2022-04-11,6.59499979019165,6.650000095367432,6.309999942779541,6.355000019073486,6.355000019073486,1817130.0
2022-04-12,6.385000228881836,6.420000076293945,6.150000095367432,6.179999828338623,6.179999828338623,1921960.0
2022-04-13,6.385000228881836,6.414999961853027,6.179999828338623,6.269999980926514,6.269999980926514,1390060.0
2022-04-18,6.144999980926514,6.579999923706055,6.025000095367432,6.53000020980835,6.53000020980835,14658380.0
2022-04-19,6.539999961853027,6.78000020980835,6.204999923706055,6.255000114440918,6.255000114440918,11973350.0
2022-04-20,6.409999847412109,6.565000057220459,6.119999885559082,6.150000095367432,6.150000095367432,8157550.0
2022-04-21,6.25,6.445000171661377,5.914999961853027,6.039999961853027,6.039999961853027,18395590.0
2022-04-22,6.039999961853027,6.119999885559082,5.800000190734863,5.885000228881836,5.885000228881836,20746370.0
2022-04-25,5.775000095367432,5.800000190734863,5.59499979019165,5.625,5.625,16132470.0
2022-04-26,5.644999980926514,5.744999885559082,5.34499979019165,5.369999885559082,5.369999885559082,57695960.0
2022-04-27,5.474999904632568,5.635000228881836,5.465000152587891,5.635000228881836,5.635000228881836,6268550.0
2022-04-28,5.699999809265137,5.849999904632568,5.599999904632568,5.679999828338623,5.679999828338623,3619900.0
2022-04-29,5.840000152587891,5.840000152587891,5.400000095367432,5.400000095367432,5.400000095367432,2368450.0
2022-05-02,5.385000228881836,5.385000228881836,5.130000114440918,5.130000114440918,5.130000114440918,1483310.0
2022-05-04,5.0,5.079999923706055,4.875,4.875,4.875,1880170.0
2022-05-05,4.900000095367432,5.054999828338623,4.635000228881836,4.860000133514404,4.860000133514404,14135820.0
2022-05-06,4.795000076293945,4.795000076293945,4.619999885559082,4.625,4.625,1062060.0
2022-05-09,4.579999923706055,4.579999923706055,4.394999980926514,4.400000095367432,4.400000095367432,1167190.0
2022-05-10,4.349999904632568,4.59499979019165,4.28000020980835,4.340000152587891,4.340000152587891,1318720.0
2022-05-11,4.289999961853027,4.34499979019165,4.125,4.135000228881836,4.135000228881836,1133980.0
2022-05-12,3.9749999046325684,4.340000152587891,3.934999942779541,4.230000019073486,4.230000019073486,2015480.0
2022-05-13,4.400000095367432,4.400000095367432,4.25,4.28000020980835,4.28000020980835,756640.0
2022-05-16,4.369999885559082,4.369999885559082,4.070000171661377,4.074999809265137,4.074999809265137,820600.0
2022-05-17,4.070000171661377,4.239999771118164,3.994999885559082,4.09499979019165,4.09499979019165,1351480.0
2022-05-18,4.195000171661377,4.295000076293945,4.139999866485596,4.289999961853027,4.289999961853027,1016300.0
2022-05-19,4.125,4.195000171661377,4.079999923706055,4.079999923706055,4.079999923706055,1236220.0
2022-05-20,4.099999904632568,4.190000057220459,3.9000000953674316,3.924999952316284,3.924999952316284,1922870.0
2022-05-23,3.950000047683716,3.994999885559082,3.7300000190734863,3.7300000190734863,3.7300000190734863,1323360.0
2022-05-24,3.7249999046325684,3.7249999046325684,3.5450000762939453,3.5450000762939453,3.5450000762939453,526440.0
2022-05-25,3.4100000858306885,3.575000047683716,3.369999885559082,3.369999885559082,3.369999885559082,786290.0
2022-05-26,3.365000009536743,3.365000009536743,3.2049999237060547,3.244999885559082,3.244999885559082,810450.0
2022-05-27,3.299999952316284,3.4049999713897705,3.200000047683716,3.2950000762939453,3.2950000762939453,1227930.0
2022-05-30,3.299999952316284,3.4549999237060547,3.299999952316284,3.4549999237060547,3.4549999237060547,1467430.0
2022-05-31,3.4600000381469727,3.625,3.359999895095825,3.575000047683716,3.575000047683716,2385110.0
2022-06-01,3.7049999237060547,3.7049999237060547,3.5399999618530273,3.5799999237060547,3.5799999237060547,11074800.0
2022-06-02,3.6050000190734863,3.7249999046325684,3.509999990463257,3.619999885559082,3.619999885559082,6429990.0
2022-06-03,3.740000009536743,3.799999952316284,3.5999999046325684,3.799999952316284,3.799999952316284,8030870.0
2022-06-06,3.9649999141693115,3.990000009536743,3.6449999809265137,3.7950000762939453,3.7950000762939453,8931250.0
2022-06-07,3.8399999141693115,3.950000047683716,3.6600000858306885,3.799999952316284,3.799999952316284,3337070.0
2022-06-08,3.809999942779541,3.8399999141693115,3.625,3.6500000953674316,3.6500000953674316,2345150.0
2022-06-09,3.6600000858306885,3.700000047683716,3.5950000286102295,3.6649999618530273,3.6649999618530273,484390.0
2022-06-10,3.569999933242798,3.690000057220459,3.5199999809265137,3.549999952316284,3.549999952316284,525260.0
2022-06-13,3.5,3.5,3.299999952316284,3.4100000858306885,3.4100000858306885,1961040.0
2022-06-14,3.450000047683716,3.494999885559082,3.240000009536743,3.315000057220459,3.315000057220459,871010.0
2022-06-15,3.265000104904175,3.8949999809265137,3.259999990463257,3.4100000858306885,3.4100000858306885,6568110.0
2022-06-16,3.430000066757202,3.549999952316284,3.2249999046325684,3.2799999713897705,3.2799999713897705,886170.0
2022-06-17,3.3450000286102295,3.3550000190734863,3.134999990463257,3.259999990463257,3.259999990463257,507940.0
2022-06-20,3.259999990463257,3.5,3.0,3.0850000381469727,3.0850000381469727,761970.0
2022-06-21,3.0899999141693115,3.255000114440918,3.069999933242798,3.174999952316284,3.174999952316284,489840.0
2022-06-22,3.200000047683716,3.2100000381469727,2.924999952316284,3.009999990463257,3.009999990463257,2028580.0
2022-06-23,3.0799999237060547,3.0999999046325684,2.6500000953674316,2.815000057220459,2.815000057220459,1790420.0
2022-06-24,2.9000000953674316,3.2799999713897705,2.825000047683716,2.940000057220459,2.940000057220459,10409740.0
2022-06-27,2.9600000381469727,3.0350000858306885,2.934999942779541,2.9600000381469727,2.9600000381469727,1659220.0
2022-06-28,2.9600000381469727,3.005000114440918,2.8399999141693115,2.9800000190734863,2.9800000190734863,1050920.0
2022-06-29,2.9800000190734863,3.0899999141693115,2.950000047683716,3.0350000858306885,3.0350000858306885,881700.0
2022-06-30,3.0899999141693115,3.0999999046325684,3.0250000953674316,3.075000047683716,3.075000047683716,621260.0
2022-07-01,3.119999885559082,3.119999885559082,2.930000066757202,2.950000047683716,2.950000047683716,529750.0
2022-07-04,2.950000047683716,2.990000009536743,2.815000057220459,2.880000114440918,2.880000114440918,496070.0
2022-07-05,2.880000114440918,2.9800000190734863,2.8499999046325684,2.865000009536743,2.865000009536743,967990.0
2022-07-06,2.869999885559082,2.8949999809265137,2.700000047683716,2.765000104904175,2.765000104904175,912360.0
2022-07-07,2.859999895095825,2.890000104904175,2.7899999618530273,2.8499999046325684,2.8499999046325684,1523480.0
2022-07-08,2.9049999713897705,2.930000066757202,2.805000066757202,2.819999933242798,2.819999933242798,1199710.0
2022-07-11,2.759999990463257,2.880000114440918,2.759999990463257,2.815000057220459,2.815000057220459,1040570.0
2022-07-12,2.8399999141693115,2.9000000953674316,2.799999952316284,2.8299999237060547,2.8299999237060547,1157290.0
2022-07-13,2.8299999237060547,2.880000114440918,2.7750000953674316,2.7950000762939453,2.7950000762939453,997500.0
2022-07-14,2.799999952316284,2.8299999237060547,2.7049999237060547,2.7200000286102295,2.7200000286102295,1172450.0
2022-07-15,2.8399999141693115,2.8399999141693115,2.615000009536743,2.630000114440918,2.630000114440918,1193990.0
2022-07-18,2.744999885559082,2.744999885559082,2.569999933242798,2.6050000190734863,2.6050000190734863,1209510.0
2022-07-19,2.6050000190734863,2.674999952316284,2.549999952316284,2.575000047683716,2.575000047683716,2232350.0
2022-07-20,2.6449999809265137,2.6449999809265137,2.484999895095825,2.509999990463257,2.509999990463257,1990230.0
2022-07-21,2.5250000953674316,2.575000047683716,2.434999942779541,2.450000047683716,2.450000047683716,1672820.0
2022-07-22,2.484999895095825,2.865000009536743,2.424999952316284,2.7750000953674316,2.7750000953674316,8789830.0
2022-07-25,2.8499999046325684,3.184999942779541,2.8350000381469727,3.0450000762939453,3.0450000762939453,12635310.0
2022-07-26,3.0899999141693115,3.0899999141693115,2.740000009536743,2.815000057220459,2.815000057220459,3686360.0
2022-07-27,2.8299999237060547,2.9700000286102295,2.75,2.7950000762939453,2.7950000762939453,3764470.0
2022-07-28,2.875,2.875,2.6649999618530273,2.7049999237060547,2.7049999237060547,2332600.0
2022-07-29,2.765000104904175,2.7850000858306885,2.634999990463257,2.680000066757202,2.680000066757202,2825670.0
2022-08-01,2.6449999809265137,2.75,2.6449999809265137,2.7149999141693115,2.7149999141693115,1530080.0
2022-08-02,2.7200000286102295,2.990000009536743,2.7049999237060547,2.8350000381469727,2.8350000381469727,2480390.0
2022-08-03,2.8399999141693115,2.890000104904175,2.755000114440918,2.7699999809265137,2.7699999809265137,1549390.0
2022-08-04,2.7750000953674316,2.8499999046325684,2.700000047683716,2.7200000286102295,2.7200000286102295,1344570.0
2022-08-05,2.7300000190734863,2.7899999618530273,2.680000066757202,2.700000047683716,2.700000047683716,1539170.0
2022-08-08,2.7049999237060547,2.8299999237060547,2.6600000858306885,2.700000047683716,2.700000047683716,1192490.0
2022-08-10,2.674999952316284,2.7149999141693115,2.6649999618530273,2.674999952316284,2.674999952316284,778450.0
2022-08-11,2.7200000286102295,2.759999990463257,2.6700000762939453,2.680000066757202,2.680000066757202,1369990.0
2022-08-12,2.7249999046325684,2.7249999046325684,2.640000104904175,2.6649999618530273,2.6649999618530273,1260820.0
2022-08-16,2.630000114440918,2.740000009536743,2.5250000953674316,2.5899999141693115,2.5899999141693115,2087600.0
2022-08-17,2.6500000953674316,2.680000066757202,2.5999999046325684,2.625,2.625,1489110.0
2022-08-18,2.615000009536743,2.7950000762939453,2.5999999046325684,2.734999895095825,2.734999895095825,3130330.0
2022-08-19,2.740000009536743,2.7950000762939453,2.6700000762939453,2.690000057220459,2.690000057220459,1905580.0
2022-08-22,2.690000057220459,2.690000057220459,2.6050000190734863,2.615000009536743,2.615000009536743,993970.0
2022-08-23,2.615000009536743,2.640000104904175,2.505000114440918,2.565000057220459,2.565000057220459,1839500.0
2022-08-24,2.625,3.0250000953674316,2.575000047683716,2.884999990463257,2.884999990463257,13675310.0
2022-08-25,2.9800000190734863,2.9800000190734863,2.815000057220459,2.8399999141693115,2.8399999141693115,3044890.0
2022-08-26,2.8399999141693115,3.049999952316284,2.815000057220459,2.9800000190734863,2.9800000190734863,4184810.0
2022-08-29,2.9000000953674316,2.950000047683716,2.8399999141693115,2.9200000762939453,2.9200000762939453,1053180.0
2022-08-30,2.9000000953674316,3.0,2.880000114440918,2.9000000953674316,2.9000000953674316,1724070.0
2022-09-01,2.9000000953674316,3.380000114440918,2.9000000953674316,3.049999952316284,3.049999952316284,17038500.0
2022-09-02,3.0950000286102295,3.180000066757202,3.049999952316284,3.0899999141693115,3.0899999141693115,3352870.0
2022-09-05,3.0899999141693115,3.134999990463257,3.015000104904175,3.059999942779541,3.059999942779541,2465910.0
2022-09-06,3.0999999046325684,3.130000114440918,2.994999885559082,3.015000104904175,3.015000104904175,2306520.0
2022-09-07,3.015000104904175,3.1649999618530273,2.990000009536743,3.0850000381469727,3.0850000381469727,3181290.0
2022-09-08,3.1500000953674316,3.1500000953674316,3.015000104904175,3.0299999713897705,3.0299999713897705,2525160.0
2022-09-09,3.0899999141693115,3.450000047683716,3.0399999618530273,3.3450000286102295,3.3450000286102295,15151840.0
2022-09-12,3.384999990463257,3.569999933242798,3.369999885559082,3.4200000762939453,3.4200000762939453,8991300.0
2022-09-13,3.4600000381469727,3.494999885559082,3.319999933242798,3.375,3.375,3146610.0
2022-09-14,3.299999952316284,3.640000104904175,3.25,3.5,3.5,10194990.0
2022-09-15,3.569999933242798,3.6449999809265137,3.509999990463257,3.5250000953674316,3.5250000953674316,4232290.0
2022-09-16,3.5899999141693115,3.5899999141693115,3.2750000953674316,3.3499999046325684,3.3499999046325684,3974550.0
2022-09-19,3.390000104904175,3.430000066757202,3.255000114440918,3.299999952316284,3.299999952316284,2434950.0
2022-09-20,3.315000057220459,3.4700000286102295,3.2899999618530273,3.305000066757202,3.305000066757202,1818100.0
2022-09-21,3.305000066757202,3.3949999809265137,3.2750000953674316,3.299999952316284,3.299999952316284,2651170.0
2022-09-22,3.309999942779541,3.325000047683716,3.1700000762939453,3.190000057220459,3.190000057220459,2704770.0
2022-09-23,3.2149999141693115,3.2149999141693115,3.0199999809265137,3.0850000381469727,3.0850000381469727,2952980.0
2022-09-26,3.0850000381469727,3.0850000381469727,2.805000066757202,2.9000000953674316,2.9000000953674316,2554450.0
2022-09-27,2.984999895095825,3.0450000762939453,2.950000047683716,3.0,3.0,1549130.0
2022-09-28,3.0,3.015000104904175,2.8299999237060547,2.9700000286102295,2.9700000286102295,1018800.0
2022-09-29,3.049999952316284,3.055000066757202,2.9700000286102295,2.990000009536743,2.990000009536743,839860.0
2022-09-30,3.0450000762939453,3.0450000762939453,2.9200000762939453,2.9700000286102295,2.9700000286102295,1350890.0
2022-10-03,3.009999990463257,3.009999990463257,2.880000114440918,2.9149999618530273,2.9149999618530273,1088100.0
2022-10-04,2.9749999046325684,2.994999885559082,2.934999942779541,2.9749999046325684,2.9749999046325684,926270.0
2022-10-06,2.994999885559082,3.0999999046325684,2.8550000190734863,2.8949999809265137,2.8949999809265137,4583210.0
2022-10-07,2.9000000953674316,2.9549999237060547,2.9000000953674316,2.9149999618530273,2.9149999618530273,1305590.0
2022-10-10,2.875,3.0450000762939453,2.809999942779541,2.990000009536743,2.990000009536743,2518490.0
2022-10-11,3.0299999713897705,3.0299999713897705,2.8299999237060547,2.859999895095825,2.859999895095825,1791490.0
2022-10-12,2.8949999809265137,2.9100000858306885,2.815000057220459,2.8499999046325684,2.8499999046325684,790210.0
2022-10-13,2.8550000190734863,2.884999990463257,2.815000057220459,2.8299999237060547,2.8299999237060547,570620.0
2022-10-14,2.8450000286102295,2.890000104904175,2.825000047683716,2.8350000381469727,2.8350000381469727,390760.0
2022-10-17,2.8350000381469727,2.940000057220459,2.8350000381469727,2.9100000858306885,2.9100000858306885,922670.0
2022-10-18,2.930000066757202,2.940000057220459,2.875,2.8949999809265137,2.8949999809265137,793260.0
2022-10-19,2.8949999809265137,2.984999895095825,2.8399999141693115,2.8550000190734863,2.8550000190734863,556510.0
2022-10-20,2.8550000190734863,2.880000114440918,2.7799999713897705,2.799999952316284,2.799999952316284,795240.0
2022-10-21,2.799999952316284,2.865000009536743,2.759999990463257,2.7899999618530273,2.7899999618530273,496980.0
2022-10-24,2.7899999618530273,2.890000104904175,2.7899999618530273,2.869999885559082,2.869999885559082,255040.0
2022-10-25,2.9000000953674316,2.9000000953674316,2.799999952316284,2.805000066757202,2.805000066757202,561670.0
2022-10-27,2.8299999237060547,2.8499999046325684,2.7699999809265137,2.7850000858306885,2.7850000858306885,571710.0
2022-10-28,2.8399999141693115,2.8399999141693115,2.7899999618530273,2.809999942779541,2.809999942779541,383390.0
2022-10-31,2.8399999141693115,2.8399999141693115,2.7100000381469727,2.755000114440918,2.755000114440918,710260.0
2022-11-01,2.7950000762939453,2.7950000762939453,2.7300000190734863,2.740000009536743,2.740000009536743,484450.0
2022-11-02,2.7249999046325684,2.880000114440918,2.634999990463257,2.75,2.75,1741510.0
2022-11-03,2.7699999809265137,2.875,2.755000114440918,2.809999942779541,2.809999942779541,1131420.0
2022-11-04,2.8299999237060547,2.869999885559082,2.799999952316284,2.815000057220459,2.815000057220459,877380.0
2022-11-07,2.815000057220459,2.865000009536743,2.7750000953674316,2.8350000381469727,2.8350000381469727,1017590.0
2022-11-09,2.8299999237060547,2.880000114440918,2.799999952316284,2.809999942779541,2.809999942779541,540680.0
2022-11-10,2.8499999046325684,2.8499999046325684,2.740000009536743,2.765000104904175,2.765000104904175,526850.0
2022-11-11,2.819999933242798,3.0799999237060547,2.809999942779541,2.930000066757202,2.930000066757202,3709690.0
2022-11-14,2.9749999046325684,3.0,2.700000047683716,2.9200000762939453,2.9200000762939453,1367620.0
2022-11-15,2.7200000286102295,2.809999942779541,2.700000047683716,2.744999885559082,2.744999885559082,3101590.0
2022-11-16,2.8299999237060547,2.8299999237060547,2.7100000381469727,2.7200000286102295,2.7200000286102295,938510.0
2022-11-17,2.700000047683716,2.7750000953674316,2.6700000762939453,2.7300000190734863,2.7300000190734863,834440.0
2022-11-18,2.799999952316284,2.799999952316284,2.690000057220459,2.7049999237060547,2.7049999237060547,951690.0
2022-11-21,2.690000057220459,2.7249999046325684,2.6500000953674316,2.6600000858306885,2.6600000858306885,696320.0
2022-11-22,2.6600000858306885,2.734999895095825,2.6500000953674316,2.6700000762939453,2.6700000762939453,727710.0
2022-11-23,2.7200000286102295,2.7200000286102295,2.6549999713897705,2.6649999618530273,2.6649999618530273,445150.0
2022-11-24,2.694999933242798,2.7100000381469727,2.634999990463257,2.6649999618530273,2.6649999618530273,655620.0
2022-11-25,2.684999942779541,2.7799999713897705,2.6549999713897705,2.6700000762939453,2.6700000762939453,2113510.0
2022-11-28,2.694999933242798,2.9100000858306885,2.684999942779541,2.7850000858306885,2.7850000858306885,4418540.0
2022-11-29,2.8299999237060547,2.8550000190734863,2.7200000286102295,2.734999895095825,2.734999895095825,1544050.0
2022-11-30,2.7799999713897705,2.815000057220459,2.7300000190734863,2.765000104904175,2.765000104904175,1473130.0
2022-12-01,2.799999952316284,2.809999942779541,2.7300000190734863,2.744999885559082,2.744999885559082,1428950.0
2022-12-02,2.7699999809265137,2.815000057220459,2.740000009536743,2.744999885559082,2.744999885559082,1649360.0
2022-12-05,2.7750000953674316,2.815000057220459,2.755000114440918,2.7799999713897705,2.7799999713897705,2415120.0
2022-12-06,2.7799999713897705,2.805000066757202,2.7049999237060547,2.734999895095825,2.734999895095825,1057720.0
2022-12-07,2.744999885559082,2.815000057220459,2.7149999141693115,2.7249999046325684,2.7249999046325684,1520610.0
2022-12-08,2.744999885559082,2.7799999713897705,2.700000047683716,2.7149999141693115,2.7149999141693115,1436560.0
2022-12-09,2.7200000286102295,2.75,2.6500000953674316,2.6649999618530273,2.6649999618530273,1936540.0
2022-12-12,2.680000066757202,2.700000047683716,2.619999885559082,2.634999990463257,2.634999990463257,1062090.0
2022-12-13,2.6649999618530273,2.744999885559082,2.615000009536743,2.684999942779541,2.684999942779541,1236890.0
2022-12-14,2.7149999141693115,2.7300000190734863,2.6700000762939453,2.690000057220459,2.690000057220459,1215390.0
2022-12-15,2.690000057220459,2.7249999046325684,2.630000114440918,2.640000104904175,2.640000104904175,1596460.0
2022-12-16,2.6500000953674316,2.6700000762939453,2.609999895095825,2.630000114440918,2.630000114440918,1091420.0
2022-12-19,2.640000104904175,2.690000057220459,2.625,2.634999990463257,2.634999990463257,785000.0
2022-12-20,2.6500000953674316,2.690000057220459,2.630000114440918,2.640000104904175,2.640000104904175,886820.0
2022-12-21,2.640000104904175,2.6600000858306885,2.305000066757202,2.440000057220459,2.440000057220459,2464290.0
2022-12-22,2.549999952316284,2.549999952316284,2.299999952316284,2.384999990463257,2.384999990463257,1805430.0
2022-12-23,2.359999895095825,2.4549999237060547,2.2899999618530273,2.3299999237060547,2.3299999237060547,1373180.0
2022-12-26,2.380000114440918,2.484999895095825,2.255000114440918,2.450000047683716,2.450000047683716,922740.0
2022-12-27,2.549999952316284,2.5799999237060547,2.4749999046325684,2.505000114440918,2.505000114440918,550690.0
2022-12-28,2.5299999713897705,2.5999999046325684,2.319999933242798,2.5199999809265137,2.5199999809265137,576290.0
2022-12-29,2.505000114440918,2.569999933242798,2.490000009536743,2.515000104904175,2.515000104904175,479310.0
2022-12-30,2.549999952316284,2.6500000953674316,2.549999952316284,2.5799999237060547,2.5799999237060547,428610.0
2023-01-02,2.619999885559082,2.619999885559082,2.5399999618530273,2.5850000381469727,2.5850000381469727,495530.0
2023-01-03,2.630000114440918,2.630000114440918,2.5799999237060547,2.5999999046325684,2.5999999046325684,591390.0
2023-01-04,2.630000114440918,2.630000114440918,2.509999990463257,2.549999952316284,2.549999952316284,660400.0
2023-01-05,2.575000047683716,2.5999999046325684,2.505000114440918,2.5450000762939453,2.5450000762939453,702190.0
2023-01-06,2.515000104904175,2.559999942779541,2.5,2.509999990463257,2.509999990463257,421580.0
2023-01-09,2.5899999141693115,2.5899999141693115,2.450000047683716,2.4749999046325684,2.4749999046325684,583200.0
2023-01-10,2.5350000858306885,2.5350000858306885,2.4749999046325684,2.4800000190734863,2.4800000190734863,307430.0
2023-01-11,2.505000114440918,2.6050000190734863,2.505000114440918,2.5399999618530273,2.5399999618530273,845560.0
2023-01-12,2.615000009536743,2.615000009536743,2.5350000858306885,2.5399999618530273,2.5399999618530273,382240.0
2023-01-13,2.549999952316284,2.5799999237060547,2.505000114440918,2.5250000953674316,2.5250000953674316,394430.0
2023-01-16,2.5350000858306885,2.5999999046325684,2.509999990463257,2.555000066757202,2.555000066757202,545580.0
2023-01-17,2.569999933242798,2.575000047683716,2.509999990463257,2.5399999618530273,2.5399999618530273,311390.0
2023-01-18,2.575000047683716,2.575000047683716,2.515000104904175,2.5450000762939453,2.5450000762939453,302100.0
2023-01-19,2.575000047683716,2.575000047683716,2.505000114440918,2.5199999809265137,2.5199999809265137,302440.0
2023-01-20,2.549999952316284,2.555000066757202,2.4700000286102295,2.4749999046325684,2.4749999046325684,484610.0
2023-01-23,2.549999952316284,2.5999999046325684,2.365000009536743,2.4049999713897705,2.4049999713897705,859300.0
2023-01-24,2.4800000190734863,2.4800000190734863,2.384999990463257,2.4149999618530273,2.4149999618530273,642640.0
2023-01-25,2.384999990463257,2.440000057220459,2.3499999046325684,2.365000009536743,2.365000009536743,595990.0
2023-01-27,2.390000104904175,2.390000104904175,2.3350000381469727,2.3550000190734863,2.3550000190734863,574340.0
2023-01-30,2.3399999141693115,2.424999952316284,2.2049999237060547,2.2699999809265137,2.2699999809265137,978680.0
2023-01-31,2.2699999809265137,2.3499999046325684,2.2149999141693115,2.2950000762939453,2.2950000762939453,699910.0
2023-02-01,2.375,2.375,2.234999895095825,2.25,2.25,1057010.0
2023-02-02,2.2950000762939453,2.315000057220459,2.200000047683716,2.2300000190734863,2.2300000190734863,818430.0
2023-02-03,2.2200000286102295,2.2750000953674316,2.200000047683716,2.2300000190734863,2.2300000190734863,581000.0
2023-02-06,2.180000066757202,2.3350000381469727,2.180000066757202,2.2799999713897705,2.2799999713897705,429540.0
2023-02-07,2.375,2.375,2.255000114440918,2.299999952316284,2.299999952316284,441870.0
2023-02-08,2.3499999046325684,2.375,2.119999885559082,2.259999990463257,2.259999990463257,1147090.0
2023-02-09,2.2850000858306885,2.3350000381469727,2.2200000286102295,2.244999885559082,2.244999885559082,1110000.0
2023-02-10,2.184999942779541,2.25,2.115000009536743,2.1700000762939453,2.1700000762939453,1090450.0
2023-02-13,2.1700000762939453,2.200000047683716,2.0999999046325684,2.115000009536743,2.115000009536743,662980.0
2023-02-14,2.115000009536743,2.1449999809265137,2.065000057220459,2.0799999237060547,2.0799999237060547,444940.0
2023-02-15,2.0999999046325684,2.0999999046325684,2.015000104904175,2.0350000858306885,2.0350000858306885,599410.0
2023-02-16,2.059999942779541,2.1500000953674316,2.0399999618530273,2.0799999237060547,2.0799999237060547,451550.0
2023-02-17,2.0799999237060547,2.2249999046325684,2.015000104904175,2.1600000858306885,2.1600000858306885,695860.0
2023-02-20,2.1500000953674316,2.265000104904175,2.059999942779541,2.0799999237060547,2.0799999237060547,956500.0
2023-02-21,2.0799999237060547,2.1050000190734863,2.009999990463257,2.0199999809265137,2.0199999809265137,1234200.0
2023-02-22,2.0,2.0450000762939453,1.965000033378601,1.9850000143051147,1.9850000143051147,1326300.0
2023-02-23,1.9550000429153442,2.174999952316284,1.940000057220459,1.975000023841858,1.975000023841858,2405720.0
2023-02-24,1.9900000095367432,2.049999952316284,1.9550000429153442,1.9600000381469727,1.9600000381469727,1009430.0
2023-02-27,1.9500000476837158,1.9850000143051147,1.850000023841858,1.9049999713897705,1.9049999713897705,811470.0
2023-02-28,1.9049999713897705,1.9249999523162842,1.7949999570846558,1.815000057220459,1.815000057220459,1365000.0
2023-03-01,1.840000033378601,1.9600000381469727,1.8049999475479126,1.8949999809265137,1.8949999809265137,4724270.0
2023-03-02,1.899999976158142,1.9700000286102295,1.8899999856948853,1.899999976158142,1.899999976158142,2796900.0
2023-03-03,1.9500000476837158,1.9700000286102295,1.875,1.9299999475479126,1.9299999475479126,2232020.0
2023-03-06,1.9700000286102295,1.9700000286102295,1.899999976158142,1.9149999618530273,1.9149999618530273,684860.0
2023-03-08,1.9450000524520874,1.9450000524520874,1.8799999952316284,1.909999966621399,1.909999966621399,521590.0
2023-03-09,1.9550000429153442,1.9550000429153442,1.8899999856948853,1.9149999618530273,1.9149999618530273,409360.0
2023-03-10,1.9299999475479126,1.9299999475479126,1.8899999856948853,1.909999966621399,1.909999966621399,556570.0
2023-03-13,1.909999966621399,1.9149999618530273,1.809999942779541,1.8350000381469727,1.8350000381469727,523770.0
2023-03-14,1.850000023841858,1.899999976158142,1.7649999856948853,1.8899999856948853,1.8899999856948853,758910.0
2023-03-15,1.9249999523162842,1.9500000476837158,1.8350000381469727,1.9199999570846558,1.9199999570846558,565520.0
2023-03-16,1.899999976158142,1.9199999570846558,1.8250000476837158,1.8650000095367432,1.8650000095367432,839900.0
2023-03-17,1.8949999809265137,1.8949999809265137,1.8300000429153442,1.840000033378601,1.840000033378601,747440.0
2023-03-20,1.9500000476837158,1.9500000476837158,1.7949999570846558,1.8200000524520874,1.8200000524520874,352730.0
2023-03-21,1.8300000429153442,1.909999966621399,1.7999999523162842,1.8049999475479126,1.8049999475479126,636580.0
2023-03-22,1.8049999475479126,1.8799999952316284,1.8049999475479126,1.815000057220459,1.815000057220459,558630.0
2023-03-23,1.8200000524520874,1.8200000524520874,1.7899999618530273,1.7949999570846558,1.7949999570846558,477180.0
2023-03-24,1.7949999570846558,1.8200000524520874,1.684999942779541,1.7300000190734863,1.7300000190734863,1171320.0
2023-03-27,1.7799999713897705,1.7799999713897705,1.6050000190734863,1.625,1.625,1065670.0
2023-03-28,1.6950000524520874,1.6950000524520874,1.5149999856948853,1.5399999618530273,1.5399999618530273,1619900.0
2023-03-29,1.5149999856948853,1.6399999856948853,1.5049999952316284,1.6050000190734863,1.6050000190734863,1628940.0
2023-03-31,1.6399999856948853,1.6699999570846558,1.5549999475479126,1.5700000524520874,1.5700000524520874,3964390.0
2023-04-03,1.600000023841858,1.7400000095367432,1.5800000429153442,1.7050000429153442,1.7050000429153442,1781170.0
2023-04-05,1.7699999809265137,2.0450000762939453,1.7350000143051147,2.0450000762939453,2.0450000762939453,3911560.0
2023-04-06,2.134999990463257,2.3949999809265137,2.134999990463257,2.309999942779541,2.309999942779541,11780940.0
2023-04-10,2.5399999618530273,2.5399999618530273,2.424999952316284,2.5250000953674316,2.5250000953674316,10525530.0
2023-04-11,2.569999933242798,2.619999885559082,2.3350000381469727,2.369999885559082,2.369999885559082,5211040.0
2023-04-12,2.375,2.575000047683716,2.2799999713897705,2.299999952316284,2.299999952316284,2537470.0
2023-04-13,2.3499999046325684,2.380000114440918,2.1500000953674316,2.190000057220459,2.190000057220459,2233710.0
2023-04-17,2.244999885559082,2.244999885559082,2.1500000953674316,2.180000066757202,2.180000066757202,688440.0
2023-04-18,2.1500000953674316,2.3399999141693115,2.1500000953674316,2.2750000953674316,2.2750000953674316,1945750.0
2023-04-19,2.2899999618530273,2.359999895095825,2.134999990463257,2.180000066757202,2.180000066757202,1752800.0
2023-04-20,2.25,2.25,2.1549999713897705,2.180000066757202,2.180000066757202,939770.0
2023-04-21,2.184999942779541,2.2249999046325684,2.1500000953674316,2.1700000762939453,2.1700000762939453,996230.0
2023-04-24,2.240000009536743,2.240000009536743,2.1549999713897705,2.174999952316284,2.174999952316284,526040.0
2023-04-25,2.1649999618530273,2.2200000286102295,2.1449999809265137,2.180000066757202,2.180000066757202,534060.0
2023-04-26,2.180000066757202,2.2200000286102295,2.1050000190734863,2.1700000762939453,2.1700000762939453,513600.0
2023-04-27,2.1700000762939453,2.2249999046325684,2.140000104904175,2.1600000858306885,2.1600000858306885,375010.0
2023-04-28,2.1600000858306885,2.2100000381469727,2.1500000953674316,2.174999952316284,2.174999952316284,816700.0
2023-05-02,2.180000066757202,2.2699999809265137,2.1500000953674316,2.1700000762939453,2.1700000762939453,1576900.0
2023-05-03,2.180000066757202,2.2149999141693115,2.1600000858306885,2.1700000762939453,2.1700000762939453,1209890.0
2023-05-04,2.200000047683716,2.2750000953674316,2.140000104904175,2.1600000858306885,2.1600000858306885,2385190.0
2023-05-05,2.180000066757202,2.2699999809265137,2.140000104904175,2.2100000381469727,2.2100000381469727,1246160.0
2023-05-08,2.234999895095825,2.234999895095825,2.1700000762939453,2.194999933242798,2.194999933242798,912170.0
2023-05-09,2.2049999237060547,2.2200000286102295,2.1500000953674316,2.1649999618530273,2.1649999618530273,1177810.0
2023-05-10,2.180000066757202,2.190000057220459,2.125,2.134999990463257,2.134999990463257,793230.0
2023-05-11,2.1600000858306885,2.1600000858306885,2.0399999618530273,2.109999895095825,2.109999895095825,782870.0
2023-05-12,2.1500000953674316,2.1500000953674316,2.109999895095825,2.134999990463257,2.134999990463257,478910.0
2023-05-15,2.1500000953674316,2.1649999618530273,2.0950000286102295,2.115000009536743,2.115000009536743,411770.0
2023-05-16,2.0899999141693115,2.180000066757202,2.0899999141693115,2.119999885559082,2.119999885559082,1056790.0
2023-05-17,2.140000104904175,2.174999952316284,2.0999999046325684,2.119999885559082,2.119999885559082,500100.0
2023-05-18,2.1500000953674316,2.1700000762939453,2.115000009536743,2.125,2.125,352620.0
2023-05-19,2.109999895095825,2.1649999618530273,2.1050000190734863,2.134999990463257,2.134999990463257,566000.0
2023-05-22,2.1500000953674316,2.1500000953674316,2.109999895095825,2.125,2.125,538180.0
2023-05-23,2.140000104904175,2.140000104904175,2.0,2.0850000381469727,2.0850000381469727,641460.0
2023-05-24,2.0899999141693115,2.0899999141693115,2.0,2.069999933242798,2.069999933242798,307360.0
2023-05-25,2.065000057220459,2.200000047683716,2.059999942779541,2.109999895095825,2.109999895095825,750700.0
2023-05-26,2.1500000953674316,2.1500000953674316,2.055000066757202,2.0850000381469727,2.0850000381469727,625350.0
2023-05-29,2.1449999809265137,2.1449999809265137,2.0199999809265137,2.0450000762939453,2.0450000762939453,941110.0
2023-05-30,2.0899999141693115,2.200000047683716,2.065000057220459,2.0899999141693115,2.0899999141693115,1703120.0
2023-05-31,2.0999999046325684,2.200000047683716,2.069999933242798,2.0950000286102295,2.0950000286102295,1361300.0
2023-06-01,2.0950000286102295,2.1449999809265137,2.0799999237060547,2.0899999141693115,2.0899999141693115,980570.0
2023-06-02,2.125,2.130000114440918,2.069999933242798,2.0799999237060547,2.0799999237060547,528560.0
2023-06-05,2.069999933242798,2.119999885559082,2.0450000762939453,2.065000057220459,2.065000057220459,2138450.0
2023-06-06,2.0799999237060547,2.115000009536743,2.0299999713897705,2.0399999618530273,2.0399999618530273,2865270.0
2023-06-07,2.069999933242798,2.1449999809265137,2.015000104904175,2.0199999809265137,2.0199999809265137,4046130.0
2023-06-08,2.059999942779541,2.059999942779541,1.9800000190734863,1.9900000095367432,1.9900000095367432,2964510.0
2023-06-09,2.005000114440918,2.0199999809265137,1.9450000524520874,1.965000033378601,1.965000033378601,1254760.0
2023-06-12,1.9700000286102295,1.9950000047683716,1.9299999475479126,1.9500000476837158,1.9500000476837158,1095120.0
2023-06-13,1.9700000286102295,2.015000104904175,1.940000057220459,1.9550000429153442,1.9550000429153442,2501950.0
2023-06-14,1.9850000143051147,2.0,1.9199999570846558,1.9500000476837158,1.9500000476837158,1484090.0
2023-06-15,1.9299999475479126,1.9700000286102295,1.9149999618530273,1.9550000429153442,1.9550000429153442,680430.0
2023-06-16,1.9700000286102295,2.0,1.8949999809265137,1.9249999523162842,1.9249999523162842,1760660.0
2023-06-19,1.9700000286102295,1.9700000286102295,1.9149999618530273,1.940000057220459,1.940000057220459,1142170.0
2023-06-20,1.9149999618530273,1.9850000143051147,1.9149999618530273,1.965000033378601,1.965000033378601,1992440.0
2023-06-21,1.965000033378601,2.299999952316284,1.9600000381469727,2.130000114440918,2.130000114440918,9394030.0
2023-06-22,2.130000114440918,2.174999952316284,2.0250000953674316,2.0899999141693115,2.0899999141693115,3456530.0
2023-06-23,2.0899999141693115,2.0899999141693115,2.0199999809265137,2.0399999618530273,2.0399999618530273,771740.0
2023-06-26,2.0399999618530273,2.0450000762939453,2.005000114440918,2.0199999809265137,2.0199999809265137,506040.0
2023-06-27,2.0250000953674316,2.0799999237060547,2.009999990463257,2.0199999809265137,2.0199999809265137,1138830.0
2023-06-28,2.049999952316284,2.055000066757202,1.9850000143051147,1.9950000047683716,1.9950000047683716,988210.0
2023-06-30,2.0,2.0450000762939453,1.9850000143051147,1.9900000095367432,1.9900000095367432,1360540.0
2023-07-03,2.0,2.0399999618530273,1.9700000286102295,1.9850000143051147,1.9850000143051147,1238550.0
2023-07-04,1.9950000047683716,2.015000104904175,1.9800000190734863,1.9850000143051147,1.9850000143051147,1556790.0
2023-07-05,2.0,2.055000066757202,1.9700000286102295,1.9850000143051147,1.9850000143051147,2268530.0
2023-07-06,1.9800000190734863,2.1050000190734863,1.9800000190734863,2.0399999618530273,2.0399999618530273,3174400.0
2023-07-07,2.0399999618530273,2.0999999046325684,2.009999990463257,2.0399999618530273,2.0399999618530273,1565310.0
2023-07-10,2.0199999809265137,2.0399999618530273,1.9950000047683716,2.009999990463257,2.009999990463257,576200.0
2023-07-11,2.0,2.0350000858306885,1.9900000095367432,1.9950000047683716,1.9950000047683716,563230.0
2023-07-12,1.9850000143051147,2.0450000762939453,1.9450000524520874,1.9500000476837158,1.9500000476837158,2478590.0
2023-07-13,1.9850000143051147,1.9850000143051147,1.8949999809265137,1.909999966621399,1.909999966621399,1736740.0
2023-07-14,1.909999966621399,1.9450000524520874,1.909999966621399,1.940000057220459,1.940000057220459,446430.0
2023-07-17,1.9900000095367432,1.9900000095367432,1.9199999570846558,1.9299999475479126,1.9299999475479126,797070.0
2023-07-18,1.9700000286102295,1.9700000286102295,1.8849999904632568,1.909999966621399,1.909999966621399,1616020.0
2023-07-19,1.9600000381469727,1.9600000381469727,1.875,1.899999976158142,1.899999976158142,1444040.0
2023-07-20,1.8700000047683716,1.9199999570846558,1.8700000047683716,1.8849999904632568,1.8849999904632568,1077200.0
2023-07-21,1.909999966621399,1.9700000286102295,1.8799999952316284,1.909999966621399,1.909999966621399,1869490.0
2023-07-24,1.9500000476837158,1.9500000476837158,1.875,1.8849999904632568,1.8849999904632568,1378290.0
2023-07-25,1.8849999904632568,1.9199999570846558,1.8849999904632568,1.899999976158142,1.899999976158142,995960.0
2023-07-26,1.909999966621399,1.9149999618530273,1.8899999856948853,1.909999966621399,1.909999966621399,762640.0
2023-07-27,1.940000057220459,1.940000057220459,1.899999976158142,1.909999966621399,1.909999966621399,728130.0
2023-07-28,1.9049999713897705,1.9149999618530273,1.8849999904632568,1.8949999809265137,1.8949999809265137,768740.0
2023-07-31,1.899999976158142,1.934999942779541,1.8849999904632568,1.899999976158142,1.899999976158142,790320.0
2023-08-01,1.9249999523162842,1.9249999523162842,1.8949999809265137,1.899999976158142,1.899999976158142,1165980.0
2023-08-02,1.9199999570846558,1.975000023841858,1.875,1.899999976158142,1.899999976158142,2563700.0
2023-08-03,1.934999942779541,1.934999942779541,1.8949999809265137,1.9049999713897705,1.9049999713897705,1158160.0
2023-08-04,1.9199999570846558,1.9600000381469727,1.8550000190734863,1.8949999809265137,1.8949999809265137,3288230.0
2023-08-07,1.8949999809265137,1.899999976158142,1.850000023841858,1.8650000095367432,1.8650000095367432,1653580.0
2023-08-08,1.8799999952316284,1.8949999809265137,1.8600000143051147,1.8799999952316284,1.8799999952316284,1523750.0
2023-08-09,1.899999976158142,1.909999966621399,1.8650000095367432,1.8949999809265137,1.8949999809265137,924420.0
2023-08-10,1.8799999952316284,1.9049999713897705,1.8799999952316284,1.8899999856948853,1.8899999856948853,730800.0
2023-08-11,1.8799999952316284,1.909999966621399,1.8799999952316284,1.899999976158142,1.899999976158142,639000.0
2023-08-14,1.9149999618530273,1.940000057220459,1.875,1.8949999809265137,1.8949999809265137,1120700.0
2023-08-16,1.8949999809265137,1.9850000143051147,1.8849999904632568,1.940000057220459,1.940000057220459,1765140.0
2023-08-17,1.9600000381469727,1.975000023841858,1.909999966621399,1.9199999570846558,1.9199999570846558,1137070.0
2023-08-18,1.9500000476837158,1.9800000190734863,1.899999976158142,1.940000057220459,1.940000057220459,1791590.0
2023-08-21,1.9199999570846558,2.009999990463257,1.9199999570846558,1.9850000143051147,1.9850000143051147,2664620.0
2023-08-22,1.9950000047683716,2.0799999237060547,1.9800000190734863,2.049999952316284,2.049999952316284,4518420.0
2023-08-23,2.0950000286102295,2.1500000953674316,2.049999952316284,2.059999942779541,2.059999942779541,4630470.0
2023-08-24,2.0899999141693115,2.0999999046325684,2.069999933242798,2.0950000286102295,2.0950000286102295,2953830.0
2023-08-25,2.0950000286102295,2.0950000286102295,2.009999990463257,2.049999952316284,2.049999952316284,2919440.0
2023-08-28,2.065000057220459,2.065000057220459,2.0199999809265137,2.0350000858306885,2.0350000858306885,1147570.0
2023-08-29,2.049999952316284,2.1600000858306885,2.0399999618530273,2.125,2.125,5063320.0
2023-08-30,2.1449999809265137,2.180000066757202,2.125,2.140000104904175,2.140000104904175,3191860.0
2023-08-31,2.1700000762939453,2.190000057220459,2.0999999046325684,2.109999895095825,2.109999895095825,2795040.0
2023-09-01,2.109999895095825,2.390000104904175,2.109999895095825,2.309999942779541,2.309999942779541,17374150.0
2023-09-04,2.3499999046325684,2.575000047683716,2.3450000286102295,2.5450000762939453,2.5450000762939453,15157150.0
2023-09-05,2.569999933242798,2.640000104904175,2.450000047683716,2.490000009536743,2.490000009536743,6049920.0
2023-09-06,2.509999990463257,2.509999990463257,2.3299999237060547,2.3499999046325684,2.3499999046325684,3900640.0
2023-09-07,2.3499999046325684,2.5250000953674316,2.309999942779541,2.494999885559082,2.494999885559082,4144250.0
2023-09-08,2.5399999618530273,2.5950000286102295,2.4700000286102295,2.505000114440918,2.505000114440918,3165770.0
2023-09-11,2.559999942779541,2.559999942779541,2.4149999618530273,2.450000047683716,2.450000047683716,1524920.0
2023-09-12,2.5,2.5,2.194999933242798,2.2249999046325684,2.2249999046325684,3425650.0
2023-09-13,2.25,2.2950000762939453,2.2200000286102295,2.2799999713897705,2.2799999713897705,1728350.0
2023-09-14,2.325000047683716,2.359999895095825,2.305000066757202,2.3399999141693115,2.3399999141693115,1100440.0
2023-09-15,2.375,2.375,2.319999933242798,2.3299999237060547,2.3299999237060547,1023570.0
2023-09-18,2.365000009536743,2.390000104904175,2.325000047683716,2.375,2.375,1672610.0
2023-09-20,2.4000000953674316,2.4149999618530273,2.375,2.4049999713897705,2.4049999713897705,1256140.0
2023-09-21,2.440000057220459,2.440000057220459,2.359999895095825,2.365000009536743,2.365000009536743,839500.0
2023-09-22,2.384999990463257,2.4149999618530273,2.305000066757202,2.384999990463257,2.384999990463257,1535210.0
2023-09-25,2.450000047683716,2.450000047683716,2.3499999046325684,2.375,2.375,782010.0
2023-09-26,2.440000057220459,2.440000057220459,2.3499999046325684,2.375,2.375,1229470.0
2023-09-27,2.4000000953674316,2.4000000953674316,2.265000104904175,2.2850000858306885,2.2850000858306885,1168150.0
2023-09-28,2.3299999237060547,2.4700000286102295,2.2899999618530273,2.384999990463257,2.384999990463257,2094550.0
2023-09-29,2.4800000190734863,2.575000047683716,2.4649999141693115,2.484999895095825,2.484999895095825,8717720.0
2023-10-03,2.5299999713897705,2.549999952316284,2.4649999141693115,2.505000114440918,2.505000114440918,1865790.0
2023-10-04,2.4700000286102295,2.515000104904175,2.319999933242798,2.390000104904175,2.390000104904175,2153300.0
2023-10-05,2.440000057220459,2.5999999046325684,2.390000104904175,2.565000057220459,2.565000057220459,5800400.0
2023-10-06,2.565000057220459,2.5850000381469727,2.4700000286102295,2.515000104904175,2.515000104904175,2121230.0
2023-10-09,2.4200000762939453,2.444999933242798,2.299999952316284,2.315000057220459,2.315000057220459,2612350.0
2023-10-10,2.3499999046325684,2.4000000953674316,2.3499999046325684,2.390000104904175,2.390000104904175,1199950.0
2023-10-11,2.4200000762939453,2.4749999046325684,2.390000104904175,2.4149999618530273,2.4149999618530273,1841630.0
2023-10-12,2.4200000762939453,2.4800000190734863,2.380000114440918,2.424999952316284,2.424999952316284,885930.0
2023-10-13,2.4000000953674316,2.450000047683716,2.380000114440918,2.4049999713897705,2.4049999713897705,893920.0
2023-10-16,2.369999885559082,2.440000057220459,2.369999885559082,2.4000000953674316,2.4000000953674316,956730.0
2023-10-17,2.444999933242798,2.444999933242798,2.375,2.384999990463257,2.384999990463257,818980.0
2023-10-18,2.4000000953674316,2.4000000953674316,2.3350000381469727,2.3550000190734863,2.3550000190734863,711720.0
2023-10-19,2.3499999046325684,2.3949999809265137,2.319999933242798,2.369999885559082,2.369999885559082,415360.0
2023-10-20,2.369999885559082,2.434999942779541,2.3550000190734863,2.384999990463257,2.384999990463257,1269170.0
2023-10-23,2.430000066757202,2.430000066757202,2.174999952316284,2.2149999141693115,2.2149999141693115,1679800.0
2023-10-25,2.299999952316284,2.299999952316284,2.140000104904175,2.184999942779541,2.184999942779541,1249660.0
2023-10-26,2.184999942779541,2.2149999141693115,2.0399999618530273,2.1600000858306885,2.1600000858306885,1499200.0
2023-10-27,2.2049999237060547,2.244999885559082,2.1700000762939453,2.2100000381469727,2.2100000381469727,612920.0
2023-10-30,2.200000047683716,2.2950000762939453,2.200000047683716,2.259999990463257,2.259999990463257,462720.0
2023-10-31,2.299999952316284,2.305000066757202,2.200000047683716,2.255000114440918,2.255000114440918,589080.0
2023-11-01,2.255000114440918,2.2799999713897705,2.2300000190734863,2.234999895095825,2.234999895095825,222650.0
2023-11-02,2.2699999809265137,2.4200000762939453,2.200000047683716,2.2699999809265137,2.2699999809265137,1419560.0
2023-11-03,2.2899999618530273,2.3350000381469727,2.2799999713897705,2.2950000762939453,2.2950000762939453,555650.0
2023-11-06,2.2950000762939453,2.380000114440918,2.2950000762939453,2.365000009536743,2.365000009536743,710770.0
2023-11-07,2.4000000953674316,2.4000000953674316,2.2850000858306885,2.325000047683716,2.325000047683716,679740.0
2023-11-08,2.299999952316284,2.3399999141693115,2.299999952316284,2.325000047683716,2.325000047683716,426130.0
2023-11-09,2.309999942779541,2.4600000381469727,2.2249999046325684,2.3499999046325684,2.3499999046325684,3007680.0
2023-11-10,2.430000066757202,2.430000066757202,2.309999942779541,2.365000009536743,2.365000009536743,1378660.0
2023-11-13,2.430000066757202,2.430000066757202,2.3450000286102295,2.380000114440918,2.380000114440918,402110.0
2023-11-15,2.365000009536743,2.4000000953674316,2.3499999046325684,2.359999895095825,2.359999895095825,691890.0
2023-11-16,2.365000009536743,2.4000000953674316,2.2249999046325684,2.315000057220459,2.315000057220459,1573000.0
2023-11-17,2.315000057220459,2.4700000286102295,2.315000057220459,2.434999942779541,2.434999942779541,9353020.0
2023-11-20,2.490000009536743,2.515000104904175,2.4000000953674316,2.4049999713897705,2.4049999713897705,1518450.0
2023-11-21,2.369999885559082,2.450000047683716,2.369999885559082,2.4049999713897705,2.4049999713897705,832670.0
2023-11-22,2.4100000858306885,2.690000057220459,2.390000104904175,2.609999895095825,2.609999895095825,15925270.0
2023-11-23,2.6600000858306885,3.0299999713897705,2.6600000858306885,2.9200000762939453,2.9200000762939453,38029010.0
2023-11-24,2.990000009536743,3.234999895095825,2.8499999046325684,3.200000047683716,3.200000047683716,38130220.0
2023-11-28,3.240000009536743,3.2750000953674316,3.0850000381469727,3.109999895095825,3.109999895095825,11043110.0
2023-11-29,3.119999885559082,3.119999885559082,2.9149999618530273,2.944999933242798,2.944999933242798,5768340.0
2023-11-30,2.984999895095825,3.184999942779541,2.930000066757202,3.009999990463257,3.009999990463257,6346800.0
2023-12-01,2.9049999713897705,3.0999999046325684,2.9049999713897705,2.9649999141693115,2.9649999141693115,1505230.0
2023-12-04,3.0299999713897705,3.0299999713897705,2.9000000953674316,2.9149999618530273,2.9149999618530273,2165030.0
2023-12-05,2.9200000762939453,3.0,2.8499999046325684,2.869999885559082,2.869999885559082,1244490.0
2023-12-06,2.869999885559082,2.940000057220459,2.7699999809265137,2.8299999237060547,2.8299999237060547,2158340.0
2023-12-07,2.825000047683716,2.950000047683716,2.809999942779541,2.9149999618530273,2.9149999618530273,1807370.0
2023-12-08,2.8399999141693115,2.9600000381469727,2.809999942779541,2.865000009536743,2.865000009536743,973840.0
2023-12-11,2.865000009536743,2.9149999618530273,2.8499999046325684,2.884999990463257,2.884999990463257,1742210.0
2023-12-12,2.8499999046325684,2.934999942779541,2.799999952316284,2.819999933242798,2.819999933242798,1184530.0
2023-12-13,2.875,2.9000000953674316,2.759999990463257,2.8350000381469727,2.8350000381469727,652760.0
2023-12-14,2.875,2.9000000953674316,2.799999952316284,2.869999885559082,2.869999885559082,1090750.0
2023-12-15,2.8499999046325684,2.9000000953674316,2.805000066757202,2.815000057220459,2.815000057220459,777980.0
2023-12-18,2.8450000286102295,2.880000114440918,2.809999942779541,2.8399999141693115,2.8399999141693115,644340.0
2023-12-19,2.875,2.9549999237060547,2.875,2.890000104904175,2.890000104904175,1603720.0
2023-12-20,2.940000057220459,2.944999933242798,2.744999885559082,2.75,2.75,2047730.0
2023-12-21,2.75,2.75,2.6549999713897705,2.7149999141693115,2.7149999141693115,937580.0
2023-12-22,2.8299999237060547,2.8299999237060547,2.700000047683716,2.759999990463257,2.759999990463257,1042130.0
2023-12-26,2.8399999141693115,2.8399999141693115,2.7249999046325684,2.75,2.75,473000.0
2023-12-27,2.75,2.7699999809265137,2.674999952316284,2.684999942779541,2.684999942779541,1110510.0
2023-12-28,2.684999942779541,2.740000009536743,2.625,2.6500000953674316,2.6500000953674316,754110.0
2023-12-29,2.6449999809265137,2.759999990463257,2.640000104904175,2.6700000762939453,2.6700000762939453,858600.0
2024-01-01,2.740000009536743,2.799999952316284,2.700000047683716,2.799999952316284,2.799999952316284,1256870.0
2024-01-02,2.875,2.940000057220459,2.8299999237060547,2.940000057220459,2.940000057220459,4029140.0
2024-01-03,3.0199999809265137,3.0799999237060547,2.940000057220459,2.9600000381469727,2.9600000381469727,1287110.0
2024-01-04,2.8550000190734863,2.994999885559082,2.8550000190734863,2.944999933242798,2.944999933242798,821920.0
2024-01-05,2.9800000190734863,2.9800000190734863,2.859999895095825,2.890000104904175,2.890000104904175,1383800.0
2024-01-08,2.950000047683716,2.950000047683716,2.799999952316284,2.9000000953674316,2.9000000953674316,1790670.0
2024-01-09,2.9600000381469727,2.9600000381469727,2.8499999046325684,2.9200000762939453,2.9200000762939453,1208620.0
2024-01-10,2.9000000953674316,2.940000057220459,2.8499999046325684,2.9100000858306885,2.9100000858306885,859100.0
2024-01-11,2.934999942779541,2.934999942779541,2.825000047683716,2.8499999046325684,2.8499999046325684,1150520.0
2024-01-12,2.9100000858306885,2.930000066757202,2.809999942779541,2.875,2.875,1164750.0
2024-01-15,2.930000066757202,2.930000066757202,2.755000114440918,2.875,2.875,1413930.0
2024-01-16,2.9149999618530273,2.9149999618530273,2.740000009536743,2.7750000953674316,2.7750000953674316,1365610.0
2024-01-17,2.700000047683716,2.7850000858306885,2.6649999618530273,2.7300000190734863,2.7300000190734863,1231130.0
2024-01-18,2.7699999809265137,2.7699999809265137,2.619999885559082,2.7200000286102295,2.7200000286102295,1064500.0
2024-01-19,2.7699999809265137,2.7899999618530273,2.700000047683716,2.759999990463257,2.759999990463257,631260.0
2024-01-23,2.744999885559082,2.799999952316284,2.6649999618530273,2.680000066757202,2.680000066757202,584260.0
2024-01-24,2.630000114440918,2.700000047683716,2.625,2.6549999713897705,2.6549999713897705,647140.0
2024-01-25,2.630000114440918,2.7850000858306885,2.630000114440918,2.759999990463257,2.759999990463257,1576740.0
2024-01-29,2.880000114440918,2.8949999809265137,2.7699999809265137,2.8949999809265137,2.8949999809265137,2124770.0
2024-01-30,2.930000066757202,3.015000104904175,2.8499999046325684,2.884999990463257,2.884999990463257,2756840.0
2024-01-31,2.8499999046325684,3.0250000953674316,2.8399999141693115,3.0250000953674316,3.0250000953674316,7729660.0
2024-02-01,3.0950000286102295,3.1449999809265137,3.0250000953674316,3.0950000286102295,3.0950000286102295,6630350.0
2024-02-02,3.1700000762939453,3.244999885559082,3.109999895095825,3.244999885559082,3.244999885559082,6840740.0
2024-02-05,3.359999895095825,3.4049999713897705,3.125,3.3949999809265137,3.3949999809265137,12483530.0
2024-02-06,3.4100000858306885,3.559999942779541,3.4100000858306885,3.559999942779541,3.559999942779541,8940810.0
2024-02-07,3.734999895095825,3.734999895095825,3.640000104904175,3.734999895095825,3.734999895095825,9453620.0
2024-02-08,3.880000114440918,3.880000114440918,3.6500000953674316,3.7049999237060547,3.7049999237060547,8438040.0
2024-02-09,3.7049999237060547,3.819999933242798,3.5199999809265137,3.5199999809265137,3.5199999809265137,3823810.0
2024-02-12,3.4049999713897705,3.690000057220459,3.3450000286102295,3.384999990463257,3.384999990463257,11446670.0
2024-02-13,3.2750000953674316,3.4700000286102295,3.2149999141693115,3.2200000286102295,3.2200000286102295,6030420.0
2024-02-14,3.065000057220459,3.325000047683716,3.065000057220459,3.2300000190734863,3.2300000190734863,4043270.0
2024-02-15,3.2950000762939453,3.309999942779541,3.1600000858306885,3.2850000858306885,3.2850000858306885,2387670.0
2024-02-16,3.3499999046325684,3.434999942779541,3.305000066757202,3.4100000858306885,3.4100000858306885,2498480.0
2024-02-19,3.5,3.5799999237060547,3.3499999046325684,3.5799999237060547,3.5799999237060547,5275580.0
2024-02-20,3.734999895095825,3.755000114440918,3.609999895095825,3.755000114440918,3.755000114440918,7027830.0
2024-02-21,3.8949999809265137,3.940000057220459,3.755000114440918,3.934999942779541,3.934999942779541,14200240.0
2024-02-22,4.0,4.0,3.740000009536743,3.8450000286102295,3.8450000286102295,9590940.0
2024-02-23,3.930000066757202,3.934999942779541,3.75,3.765000104904175,3.765000104904175,2670200.0
2024-02-26,3.805000066757202,3.950000047683716,3.7799999713897705,3.944999933242798,3.944999933242798,7287910.0
2024-02-27,3.890000104904175,4.0,3.799999952316284,3.8299999237060547,3.8299999237060547,3869090.0
2024-02-28,3.869999885559082,3.869999885559082,3.640000104904175,3.640000104904175,3.640000104904175,3219910.0
2024-02-29,3.5350000858306885,3.759999990463257,3.484999895095825,3.694999933242798,3.694999933242798,3930630.0
2024-03-01,3.7200000286102295,3.875,3.6549999713897705,3.7249999046325684,3.7249999046325684,2484910.0
2024-03-04,3.744999885559082,3.7799999713897705,3.569999933242798,3.674999952316284,3.674999952316284,2273920.0
2024-03-05,3.6649999618530273,3.799999952316284,3.5999999046325684,3.6600000858306885,3.6600000858306885,2935510.0
2024-03-06,3.5999999046325684,3.674999952316284,3.4800000190734863,3.5299999713897705,3.5299999713897705,3243720.0
2024-03-07,3.5250000953674316,3.7049999237060547,3.5250000953674316,3.7049999237060547,3.7049999237060547,26199350.0
2024-03-11,3.7100000381469727,3.890000104904175,3.5350000858306885,3.5899999141693115,3.5899999141693115,6130150.0
2024-03-12,3.484999895095825,3.5899999141693115,3.4100000858306885,3.4100000858306885,3.4100000858306885,3956880.0
2024-03-13,3.2799999713897705,3.440000057220459,3.240000009536743,3.240000009536743,3.240000009536743,1906010.0
2024-03-14,3.0799999237060547,3.4000000953674316,3.0799999237060547,3.259999990463257,3.259999990463257,5544990.0
2024-03-15,3.25,3.4200000762939453,3.194999933242798,3.384999990463257,3.384999990463257,2786440.0
2024-03-18,3.4049999713897705,3.4649999141693115,3.2699999809265137,3.325000047683716,3.325000047683716,1750110.0
2024-03-19,3.359999895095825,3.4000000953674316,3.25,3.2950000762939453,3.2950000762939453,4437160.0
2024-03-20,3.265000104904175,3.4549999237060547,3.234999895095825,3.4549999237060547,3.4549999237060547,3222240.0
2024-03-21,3.625,3.625,3.4649999141693115,3.559999942779541,3.559999942779541,1795410.0
2024-03-22,3.549999952316284,3.565000057220459,3.384999990463257,3.390000104904175,3.390000104904175,2542520.0
2024-03-26,3.4000000953674316,3.440000057220459,3.325000047683716,3.375,3.375,1924300.0
2024-03-27,3.359999895095825,3.359999895095825,3.2200000286102295,3.2249999046325684,3.2249999046325684,1977490.0
2024-03-28,3.2699999809265137,3.3350000381469727,3.2049999237060547,3.2300000190734863,3.2300000190734863,6587730.0
2024-04-01,3.2149999141693115,3.390000104904175,3.2149999141693115,3.390000104904175,3.390000104904175,1170460.0
2024-04-02,3.4600000381469727,3.555000066757202,3.4000000953674316,3.549999952316284,3.549999952316284,1550530.0
2024-04-03,3.5450000762939453,3.7249999046325684,3.4749999046325684,3.700000047683716,3.700000047683716,10036400.0
2024-04-04,3.7950000762939453,3.884999990463257,3.690000057220459,3.875,3.875,7220410.0
2024-04-05,4.099999904632568,4.150000095367432,3.430000066757202,3.5850000381469727,3.5850000381469727,33812870.0
2024-04-08,3.6500000953674316,3.8399999141693115,3.615000009536743,3.6700000762939453,3.6700000762939453,6603160.0
2024-04-09,3.690000057220459,3.734999895095825,3.6050000190734863,3.6449999809265137,3.6449999809265137,3574540.0
2024-04-10,3.6500000953674316,3.815000057220459,3.634999990463257,3.684999942779541,3.684999942779541,13787100.0
2024-04-12,3.684999942779541,4.420000076293945,3.680000066757202,4.364999771118164,4.364999771118164,56916070.0
2024-04-15,4.364999771118164,4.670000076293945,4.159999847412109,4.315000057220459,4.315000057220459,56729390.0
2024-04-16,4.320000171661377,4.590000152587891,4.320000171661377,4.355000019073486,4.355000019073486,20036540.0
2024-04-18,4.565000057220459,4.860000133514404,4.440000057220459,4.480000019073486,4.480000019073486,42165580.0
2024-04-19,4.349999904632568,4.605000019073486,4.264999866485596,4.329999923706055,4.329999923706055,20040940.0
2024-04-22,4.449999809265137,4.46999979019165,4.25,4.289999961853027,4.289999961853027,7341340.0
2024-04-23,4.28000020980835,4.369999885559082,4.195000171661377,4.25,4.25,15862090.0
2024-04-24,4.34499979019165,4.409999847412109,4.179999828338623,4.244999885559082,4.244999885559082,8711460.0
2024-04-25,4.21999979019165,4.255000114440918,4.099999904632568,4.15500020980835,4.15500020980835,11201240.0
2024-04-26,4.195000171661377,4.260000228881836,4.090000152587891,4.105000019073486,4.105000019073486,5265870.0
2024-04-29,4.110000133514404,4.21999979019165,3.930000066757202,3.9800000190734863,3.9800000190734863,5974710.0
2024-04-30,4.034999847412109,4.15500020980835,3.880000114440918,3.9100000858306885,3.9100000858306885,19842810.0
2024-05-02,3.9700000286102295,4.0,3.825000047683716,3.9000000953674316,3.9000000953674316,15916530.0
2024-05-03,3.950000047683716,4.074999809265137,3.8450000286102295,3.880000114440918,3.880000114440918,16142480.0
2024-05-06,3.9049999713897705,3.9800000190734863,3.7100000381469727,3.799999952316284,3.799999952316284,6036490.0
2024-05-07,3.9000000953674316,4.28000020980835,3.825000047683716,3.934999942779541,3.934999942779541,59160610.0
2024-05-08,3.950000047683716,4.050000190734863,3.8499999046325684,3.890000104904175,3.890000104904175,11579290.0
2024-05-09,3.875,3.934999942779541,3.7049999237060547,3.7750000953674316,3.7750000953674316,4038740.0
2024-05-10,3.765000104904175,3.944999933242798,3.765000104904175,3.7899999618530273,3.7899999618530273,4910110.0
2024-05-13,3.8350000381469727,3.8350000381469727,3.640000104904175,3.765000104904175,3.765000104904175,2482910.0
2024-05-14,3.7699999809265137,3.884999990463257,3.734999895095825,3.755000114440918,3.755000114440918,3476120.0
2024-05-15,3.759999990463257,4.119999885559082,3.759999990463257,3.950000047683716,3.950000047683716,14275060.0
2024-05-16,3.994999885559082,4.059999942779541,3.880000114440918,3.9600000381469727,3.9600000381469727,6252090.0
2024-05-17,3.9600000381469727,4.0,3.8299999237060547,3.924999952316284,3.924999952316284,14303330.0
2024-05-21,3.9149999618530273,3.930000066757202,3.809999942779541,3.825000047683716,3.825000047683716,1818180.0
2024-05-22,3.8350000381469727,3.9149999618530273,3.805000066757202,3.8499999046325684,3.8499999046325684,7905780.0
2024-05-23,3.8499999046325684,3.934999942779541,3.7899999618530273,3.8399999141693115,3.8399999141693115,2709660.0
2024-05-24,3.8450000286102295,3.890000104904175,3.7799999713897705,3.819999933242798,3.819999933242798,7406380.0
2024-05-27,3.875,3.9200000762939453,3.7249999046325684,3.744999885559082,3.744999885559082,2229250.0
2024-05-28,4.014999866485596,4.369999885559082,4.014999866485596,4.105000019073486,4.105000019073486,92017310.0
2024-05-29,4.170000076293945,4.545000076293945,4.119999885559082,4.304999828338623,4.304999828338623,79821260.0
2024-05-30,4.300000190734863,4.34499979019165,4.114999771118164,4.15500020980835,4.15500020980835,12877100.0
2024-05-31,4.295000076293945,4.380000114440918,4.070000171661377,4.135000228881836,4.135000228881836,26050450.0
2024-06-03,4.340000152587891,4.34499979019165,4.09499979019165,4.159999847412109,4.159999847412109,15849790.0
2024-06-04,4.199999809265137,4.260000228881836,3.609999895095825,3.799999952316284,3.799999952316284,15528130.0
2024-06-05,3.924999952316284,4.09499979019165,3.8450000286102295,4.039999961853027,4.039999961853027,12612740.0
2024-06-06,4.295000076293945,4.679999828338623,4.244999885559082,4.579999923706055,4.579999923706055,67649540.0
2024-06-07,4.585000038146973,4.800000190734863,4.489999771118164,4.505000114440918,4.505000114440918,59019260.0
2024-06-10,4.889999866485596,4.889999866485596,4.485000133514404,4.513999938964844,4.513999938964844,39948690.0
2024-06-11,4.5,4.563000202178955,4.385000228881836,4.4019999504089355,4.4019999504089355,34453570.0
2024-06-12,4.440000057220459,4.5289998054504395,4.296999931335449,4.314000129699707,4.314000129699707,18536580.0
2024-06-13,4.348999977111816,4.46999979019165,4.329999923706055,4.413000106811523,4.413000106811523,27815850.0
2024-06-14,4.449999809265137,4.6479997634887695,4.385000228881836,4.3979997634887695,4.3979997634887695,29927680.0
2024-06-18,4.599999904632568,5.2769999504089355,4.5879998207092285,5.2769999504089355,5.2769999504089355,149392390.0
2024-06-19,5.754000186920166,5.754000186920166,5.160999774932861,5.534999847412109,5.534999847412109,135489920.0
2024-06-20,5.620999813079834,5.659999847412109,5.159999847412109,5.206999778747559,5.206999778747559,96063600.0
2024-06-21,5.309999942779541,5.380000114440918,4.761000156402588,4.818999767303467,4.818999767303467,79309830.0
2024-06-24,4.841000080108643,5.195000171661377,4.639999866485596,4.955999851226807,4.955999851226807,114055460.0
2024-06-25,4.980000019073486,5.0279998779296875,4.702000141143799,4.789000034332275,4.789000034332275,44324580.0
2024-06-26,4.794000148773193,4.979000091552734,4.734000205993652,4.798999786376953,4.798999786376953,87161620.0
2024-06-27,4.823999881744385,4.874000072479248,4.673999786376953,4.796999931335449,4.796999931335449,21995460.0
2024-06-28,4.796999931335449,4.849999904632568,4.703999996185303,4.798999786376953,4.798999786376953,77537290.0
2024-07-01,4.824999809265137,4.8520002365112305,4.730999946594238,4.742000102996826,4.742000102996826,16658830.0
2024-07-02,4.7829999923706055,4.920000076293945,4.747000217437744,4.764999866485596,4.764999866485596,24823760.0
2024-07-03,4.775000095367432,4.870999813079834,4.739999771118164,4.783999919891357,4.783999919891357,14225640.0
2024-07-04,4.800000190734863,4.818999767303467,4.635000228881836,4.664999961853027,4.664999961853027,12177390.0
2024-07-05,4.665999889373779,4.699999809265137,4.585999965667725,4.6570000648498535,4.6570000648498535,12610370.0
2024-07-08,4.7179999351501465,4.7820000648498535,4.593999862670898,4.6539998054504395,4.6539998054504395,12481300.0
2024-07-09,4.688000202178955,4.699999809265137,4.59499979019165,4.609000205993652,4.609000205993652,9711710.0
2024-07-10,4.609000205993652,4.633999824523926,4.433000087738037,4.534999847412109,4.534999847412109,13449340.0
2024-07-11,4.559999942779541,5.269999980926514,4.5229997634887695,5.057000160217285,5.057000160217285,36954790.0
2024-07-12,5.150000095367432,5.298999786376953,4.915999889373779,4.945000171661377,4.945000171661377,44127660.0
2024-07-15,4.994999885559082,5.090000152587891,4.781000137329102,4.801000118255615,4.801000118255615,51322370.0
2024-07-16,4.821000099182129,4.999000072479248,4.744999885559082,4.7820000648498535,4.7820000648498535,30080230.0
2024-07-18,4.811999797821045,5.28000020980835,4.790999889373779,5.105999946594238,5.105999946594238,77406530.0
2024-07-19,5.105000019073486,5.11899995803833,4.940000057220459,5.090000152587891,5.090000152587891,25334890.0
2024-07-22,5.078999996185303,5.163000106811523,4.929999828338623,5.004000186920166,5.004000186920166,21230740.0
2024-07-23,4.985000133514404,5.045000076293945,4.800000190734863,4.869999885559082,4.869999885559082,25993850.0
2024-07-24,4.835000038146973,5.138999938964844,4.826000213623047,4.946000099182129,4.946000099182129,21990910.0
2024-07-25,4.900000095367432,5.166999816894531,4.885000228881836,5.0,5.0,20823330.0
2024-07-26,5.038000106811523,5.218999862670898,4.96999979019165,4.984000205993652,4.984000205993652,17035720.0
2024-07-29,5.070000171661377,5.070000171661377,4.949999809265137,4.959000110626221,4.959000110626221,10141470.0
2024-07-30,4.949999809265137,5.050000190734863,4.933000087738037,4.993000030517578,4.993000030517578,9986060.0
2024-07-31,5.005000114440918,5.413000106811523,5.004000186920166,5.206999778747559,5.206999778747559,79369390.0
2024-08-01,5.289999961853027,5.295000076293945,4.940000057220459,4.966000080108643,4.966000080108643,28322530.0
2024-08-02,4.900000095367432,4.989999771118164,4.826000213623047,4.8979997634887695,4.8979997634887695,13742100.0
2024-08-05,4.835000038146973,4.840000152587891,4.435999870300293,4.6479997634887695,4.6479997634887695,29094360.0
2024-08-06,4.724999904632568,4.994999885559082,4.699999809265137,4.855000019073486,4.855000019073486,29131180.0
2024-08-07,5.110000133514404,5.110000133514404,4.78000020980835,4.806000232696533,4.806000232696533,14974230.0
2024-08-08,4.834000110626221,4.909999847412109,4.789999961853027,4.801000118255615,4.801000118255615,10979980.0
2024-08-09,4.822000026702881,4.8420000076293945,4.701000213623047,4.7179999351501465,4.7179999351501465,9381190.0
2024-08-12,4.7129998207092285,4.879000186920166,4.644000053405762,4.802999973297119,4.802999973297119,9702430.0
2024-08-13,4.835999965667725,4.839000225067139,4.650000095367432,4.678999900817871,4.678999900817871,7169630.0
2024-08-14,4.690999984741211,5.0269999504089355,4.5960001945495605,4.894000053405762,4.894000053405762,36305730.0
2024-08-16,5.079999923706055,5.079999923706055,4.78000020980835,4.800000190734863,4.800000190734863,17940820.0
2024-08-19,4.823999881744385,4.85699987411499,4.73199987411499,4.744999885559082,4.744999885559082,12805180.0
2024-08-20,4.769999980926514,4.7729997634887695,4.681000232696533,4.703999996185303,4.703999996185303,6266430.0
2024-08-21,4.690999984741211,4.776000022888184,4.690999984741211,4.756999969482422,4.756999969482422,5344050.0
2024-08-22,4.775000095367432,4.818999767303467,4.715000152587891,4.748000144958496,4.748000144958496,6812400.0
2024-08-23,4.769000053405762,4.78000020980835,4.7179999351501465,4.732999801635742,4.732999801635742,4903200.0
2024-08-26,4.7829999923706055,4.7829999923706055,4.699999809265137,4.710999965667725,4.710999965667725,4083340.0
2024-08-27,4.71999979019165,4.760000228881836,4.690000057220459,4.709000110626221,4.709000110626221,6173750.0
2024-08-28,4.7179999351501465,4.747000217437744,4.702000141143799,4.716000080108643,4.716000080108643,3218350.0
2024-08-29,4.7210001945495605,4.73799991607666,4.616000175476074,4.638999938964844,4.638999938964844,5316080.0
2024-08-30,4.659999847412109,4.698999881744385,4.622000217437744,4.638000011444092,4.638000011444092,2901090.0
2024-09-02,4.698999881744385,4.699999809265137,4.591000080108643,4.63100004196167,4.63100004196167,3872650.0
2024-09-03,4.699999809265137,4.755000114440918,4.6020002365112305,4.623000144958496,4.623000144958496,6793860.0
2024-09-04,4.610000133514404,4.6539998054504395,4.5229997634887695,4.553999900817871,4.553999900817871,6166190.0
2024-09-05,4.639999866485596,5.224999904632568,4.560999870300293,5.173999786376953,5.173999786376953,60828910.0
2024-09-06,5.178999900817871,5.994999885559082,5.103000164031982,5.931000232696533,5.931000232696533,253357510.0
2024-09-09,6.039999961853027,6.4770002365112305,5.946000099182129,6.409999847412109,6.409999847412109,302390410.0
2024-09-10,6.409999847412109,6.502999782562256,6.146999835968018,6.234000205993652,6.234000205993652,97074690.0
2024-09-11,5.921999931335449,6.545000076293945,5.921999931335449,6.539000034332275,6.539000034332275,56329420.0
2024-09-12,6.690000057220459,6.699999809265137,6.211999893188477,6.572000026702881,6.572000026702881,31330290.0
2024-09-13,6.550000190734863,6.735000133514404,6.250999927520752,6.561999797821045,6.561999797821045,14127350.0
2024-09-16,6.561999797821045,6.599999904632568,6.232999801635742,6.263999938964844,6.263999938964844,17201250.0
2024-09-17,6.199999809265137,6.550000190734863,5.949999809265137,6.435999870300293,6.435999870300293,29072500.0
2024-09-18,6.440000057220459,6.639999866485596,6.256999969482422,6.474999904632568,6.474999904632568,18217290.0
2024-09-19,6.75,6.800000190734863,6.510000228881836,6.789999961853027,6.789999961853027,12428833.0
2024-09-20,6.78000020980835,6.78000020980835,6.449999809265137,6.489999771118164,6.489999771118164,7990860.0
2024-09-23,6.489999771118164,6.809999942779541,6.159999847412109,6.800000190734863,6.800000190734863,32749351.0
2024-09-24,6.800000190734863,7.130000114440918,6.670000076293945,7.099999904632568,7.099999904632568,26858887.0
2024-09-25,7.300000190734863,7.300000190734863,6.900000095367432,7.210000038146973,7.210000038146973,27871636.0
2024-09-26,7.349999904632568,7.349999904632568,6.900000095367432,6.989999771118164,6.989999771118164,26813335.0
2024-09-27,7.079999923706055,7.079999923706055,6.639999866485596,6.920000076293945,6.920000076293945,25838982.0
2024-09-30,6.809999942779541,6.809999942779541,6.570000171661377,6.670000076293945,6.670000076293945,17967549.0
2024-10-01,6.650000095367432,6.739999771118164,6.400000095367432,6.690000057220459,6.690000057220459,5873073.0
2024-10-03,6.5,6.670000076293945,6.349999904632568,6.360000133514404,6.360000133514404,3364725.0
2024-10-04,6.119999885559082,6.300000190734863,6.039999961853027,6.130000114440918,6.130000114440918,3160749.0
2024-10-07,6.170000076293945,6.170000076293945,5.820000171661377,5.820000171661377,5.820000171661377,2283539.0
2024-10-08,5.519999980926514,6.110000133514404,5.519999980926514,6.099999904632568,6.099999904632568,4585995.0
2024-10-09,6.199999809265137,6.369999885559082,6.119999885559082,6.199999809265137,6.199999809265137,9307850.0
2024-10-10,6.369999885559082,6.369999885559082,5.909999847412109,6.03000020980835,6.03000020980835,1641211.0
2024-10-11,6.0,6.179999828338623,5.949999809265137,6.019999980926514,6.019999980926514,1284579.0
2024-10-14,6.099999904632568,6.28000020980835,5.869999885559082,5.920000076293945,5.920000076293945,1717001.0
2024-10-15,6.050000190734863,6.070000171661377,5.710000038146973,5.809999942779541,5.809999942779541,1339058.0
2024-10-16,5.889999866485596,6.019999980926514,5.699999809265137,5.920000076293945,5.920000076293945,7728165.0
2024-10-17,6.019999980926514,6.019999980926514,5.699999809265137,5.820000171661377,5.820000171661377,2226409.0
2024-10-18,5.820000171661377,5.900000095367432,5.579999923706055,5.690000057220459,5.690000057220459,1809619.0
2024-10-21,5.710000038146973,5.75,5.400000095367432,5.400000095367432,5.400000095367432,2122333.0
2024-10-22,5.489999771118164,5.489999771118164,5.130000114440918,5.130000114440918,5.130000114440918,2535420.0
2024-10-23,5.070000171661377,5.070000171661377,4.869999885559082,4.869999885559082,4.869999885559082,6548701.0
2024-10-24,4.800000190734863,4.949999809265137,4.659999847412109,4.920000076293945,4.920000076293945,1500632.0
2024-10-25,4.980000019073486,4.980000019073486,4.670000076293945,4.800000190734863,4.800000190734863,1601647.0
2024-10-28,4.920000076293945,5.039999961853027,4.679999828338623,5.03000020980835,5.03000020980835,1753317.0
2024-10-29,5.230000019073486,5.28000020980835,5.170000076293945,5.269999980926514,5.269999980926514,4633468.0
2024-10-30,5.260000228881836,5.53000020980835,5.179999828338623,5.53000020980835,5.53000020980835,3988785.0
2024-10-31,5.739999771118164,5.800000190734863,5.5,5.789999961853027,5.789999961853027,3671778.0
2024-11-01,6.059999942779541,6.070000171661377,5.949999809265137,6.059999942779541,6.059999942779541,2840687.0
2024-11-04,6.349999904632568,6.360000133514404,5.949999809265137,6.329999923706055,6.329999923706055,5991166.0
2024-11-05,6.199999809265137,6.199999809265137,6.199999809265137,6.199999809265137,6.199999809265137,928654.0
2024-11-06,6.070000171661377,6.070000171661377,6.070000171661377,6.070000171661377,6.070000171661377,534283.0
2024-11-07,5.940000057220459,5.940000057220459,5.940000057220459,5.940000057220459,5.940000057220459,418653.0
2024-11-08,5.820000171661377,5.820000171661377,5.820000171661377,5.820000171661377,5.820000171661377,412805.0
2024-11-11,5.699999809265137,5.699999809265137,5.699999809265137,5.699999809265137,5.699999809265137,403207.0
2024-11-12,5.579999923706055,5.579999923706055,5.579999923706055,5.579999923706055,5.579999923706055,988275.0
2024-11-13,5.460000038146973,5.460000038146973,5.460000038146973,5.460000038146973,5.460000038146973,151610.0
2024-11-14,5.349999904632568,5.349999904632568,5.349999904632568,5.349999904632568,5.349999904632568,382166.0
2024-11-18,5.239999771118164,5.239999771118164,5.239999771118164,5.239999771118164,5.239999771118164,343954.0
2024-11-19,5.130000114440918,5.190000057220459,5.130000114440918,5.130000114440918,5.130000114440918,1164284.0
2024-11-21,5.019999980926514,5.019999980926514,5.019999980926514,5.019999980926514,5.019999980926514,349732.0
2024-11-22,4.909999847412109,4.909999847412109,4.909999847412109,4.909999847412109,4.909999847412109,765639.0
2024-11-25,4.909999847412109,4.909999847412109,4.909999847412109,4.909999847412109,4.909999847412109,1150434.0
2024-11-26,4.809999942779541,4.909999847412109,4.809999942779541,4.809999942779541,4.809999942779541,886703.0
2024-11-27,4.760000228881836,4.809999942779541,4.760000228881836,4.760000228881836,4.760000228881836,718304.0
2024-11-28,4.849999904632568,4.849999904632568,4.760000228881836,4.849999904632568,4.849999904632568,745210.0
2024-11-29,4.940000057220459,4.940000057220459,4.940000057220459,4.940000057220459,4.940000057220459,223572.0
2024-12-02,5.03000020980835,5.03000020980835,5.03000020980835,5.03000020980835,5.03000020980835,300880.0
2024-12-03,5.130000114440918,5.130000114440918,5.130000114440918,5.130000114440918,5.130000114440918,619806.0
2024-12-04,5.230000019073486,5.230000019073486,5.230000019073486,5.230000019073486,5.230000019073486,1027400.0
2024-12-05,5.119999885559082,5.329999923706055,5.119999885559082,5.119999885559082,5.119999885559082,2514866.0
2024-12-06,5.099999904632568,5.119999885559082,5.099999904632568,5.099999904632568,5.099999904632568,917727.0
2024-12-09,5.349999904632568,5.349999904632568,5.300000190734863,5.340000152587891,5.340000152587891,4569756.0
2024-12-10,5.389999866485596,5.599999904632568,5.300000190734863,5.559999942779541,5.559999942779541,4963339.0
2024-12-11,5.650000095367432,5.829999923706055,5.650000095367432,5.789999961853027,5.789999961853027,4564871.0
2024-12-12,6.0,6.059999942779541,5.5,5.5,5.5,2894826.0
2024-12-13,5.21999979019165,5.699999809265137,5.21999979019165,5.5,5.5,5040990.0
2024-12-16,5.400000095367432,5.650000095367432,5.21999979019165,5.21999979019165,5.21999979019165,4851149.0
2024-12-17,5.139999866485596,5.449999809265137,5.0,5.079999923706055,5.079999923706055,4545669.0
2024-12-18,5.099999904632568,5.199999809265137,4.900000095367432,5.010000228881836,5.010000228881836,2903544.0
2024-12-19,4.980000019073486,5.260000228881836,4.900000095367432,5.25,5.25,4587931.0
2024-12-20,5.289999961853027,5.460000038146973,4.980000019073486,5.010000228881836,5.010000228881836,3906544.0
2024-12-23,5.090000152587891,5.179999828338623,4.869999885559082,5.0,5.0,1789762.0
2024-12-24,5.070000171661377,5.090000152587891,4.949999809265137,5.050000190734863,5.050000190734863,7865152.0
2024-12-26,5.070000171661377,5.139999866485596,4.949999809265137,4.989999771118164,4.989999771118164,2152417.0
2024-12-27,5.039999961853027,5.119999885559082,4.860000133514404,4.920000076293945,4.920000076293945,1902108.0
2024-12-30,4.96999979019165,5.0,4.849999904632568,4.869999885559082,4.869999885559082,1928253.0
2024-12-31,4.840000152587891,4.940000057220459,4.699999809265137,4.840000152587891,4.840000152587891,8842854.0
2025-01-01,4.889999866485596,5.079999923706055,4.880000114440918,4.989999771118164,4.989999771118164,3382883.0
2025-01-02,5.050000190734863,5.179999828338623,4.940000057220459,4.96999979019165,4.96999979019165,2935395.0
2025-01-03,5.0,5.070000171661377,4.889999866485596,4.929999828338623,4.929999828338623,3150098.0
2025-01-06,4.949999809265137,4.989999771118164,4.730000019073486,4.739999771118164,4.739999771118164,2998907.0
2025-01-07,4.78000020980835,4.889999866485596,4.730000019073486,4.809999942779541,4.809999942779541,1917534.0
2025-01-08,4.860000133514404,4.860000133514404,4.670000076293945,4.730000019073486,4.730000019073486,2249295.0
2025-01-09,4.75,4.900000095367432,4.730000019073486,4.75,4.75,2153752.0
2025-01-10,4.789999961853027,4.869999885559082,4.510000228881836,4.519999980926514,4.519999980926514,4224142.0
2025-01-13,4.599999904632568,4.599999904632568,4.289999961853027,4.289999961853027,4.289999961853027,3148848.0
2025-01-14,4.309999942779541,4.5,4.28000020980835,4.5,4.5,1692680.0
2025-01-15,4.670000076293945,4.71999979019165,4.619999885559082,4.71999979019165,4.71999979019165,1039669.0
2025-01-16,4.849999904632568,4.949999809265137,4.800000190734863,4.860000133514404,4.860000133514404,2885351.0
2025-01-17,4.800000190734863,4.880000114440918,4.670000076293945,4.690000057220459,4.690000057220459,2995947.0
2025-01-20,4.739999771118164,4.789999961853027,4.679999828338623,4.78000020980835,4.78000020980835,1785270.0
2025-01-21,4.789999961853027,4.820000171661377,4.690000057220459,4.71999979019165,4.71999979019165,1915976.0
2025-01-22,4.75,4.75,4.480000019073486,4.550000190734863,4.550000190734863,2273310.0
2025-01-23,4.559999942779541,4.670000076293945,4.480000019073486,4.519999980926514,4.519999980926514,6977583.0
2025-01-24,4.539999961853027,4.579999923706055,4.420000076293945,4.440000057220459,4.440000057220459,1487394.0
2025-01-27,4.5,4.5,4.210000038146973,4.210000038146973,4.210000038146973,2394916.0
2025-01-28,4.300000190734863,4.349999904632568,3.990000009536743,3.990000009536743,3.990000009536743,4830490.0
2025-01-29,4.010000228881836,4.179999828338623,3.809999942779541,4.179999828338623,4.179999828338623,3801529.0
2025-01-30,4.239999771118164,4.369999885559082,4.119999885559082,4.260000228881836,4.260000228881836,2990128.0
2025-01-31,4.340000152587891,4.460000038146973,4.199999809265137,4.230000019073486,4.230000019073486,2981375.0
2025-02-01,4.309999942779541,4.429999828338623,4.170000076293945,4.21999979019165,4.21999979019165,2764640.0
2025-02-03,4.190000057220459,4.289999961853027,4.110000133514404,4.139999866485596,4.139999866485596,1508358.0
2025-02-04,4.21999979019165,4.289999961853027,4.0,4.059999942779541,4.059999942779541,4502784.0
2025-02-05,4.090000152587891,4.260000228881836,4.070000171661377,4.260000228881836,4.260000228881836,4342238.0
2025-02-06,4.650000095367432,5.079999923706055,4.5,4.760000228881836,4.760000228881836,13893845.0
2025-02-07,4.880000114440918,4.980000019073486,4.670000076293945,4.730000019073486,4.730000019073486,4300846.0
2025-02-10,4.800000190734863,4.849999904632568,4.440000057220459,4.53000020980835,4.53000020980835,3221903.0
2025-02-11,4.550000190734863,4.650000095367432,4.230000019073486,4.269999980926514,4.269999980926514,2762914.0
2025-02-12,4.320000171661377,4.320000171661377,4.050000190734863,4.190000057220459,4.190000057220459,4702508.0
2025-02-13,4.25,4.329999923706055,4.070000171661377,4.110000133514404,4.110000133514404,3414966.0
2025-02-14,4.110000133514404,4.150000095367432,3.9600000381469727,4.0,4.0,3273544.0
2025-02-17,4.059999942779541,4.159999847412109,3.8499999046325684,4.0,4.0,3714477.0
2025-02-18,4.0,4.099999904632568,3.8499999046325684,3.9200000762939453,3.9200000762939453,2990688.0
2025-02-19,3.9200000762939453,4.090000152587891,3.4600000381469727,3.7300000190734863,3.7300000190734863,7238542.0
2025-02-20,3.7899999618530273,3.950000047683716,3.5899999141693115,3.680000066757202,3.680000066757202,6280913.0
2025-02-21,3.680000066757202,3.859999895095825,3.5999999046325684,3.7100000381469727,3.7100000381469727,7454675.0
2025-02-24,3.7100000381469727,3.7799999713897705,3.609999895095825,3.6600000858306885,3.6600000858306885,2709085.0
2025-02-25,3.700000047683716,3.7300000190734863,3.549999952316284,3.5899999141693115,3.5899999141693115,2833596.0
2025-02-27,3.640000104904175,3.680000066757202,3.369999885559082,3.4200000762939453,3.4200000762939453,4107517.0
2025-02-28,3.4100000858306885,3.450000047683716,3.109999895095825,3.1500000953674316,3.1500000953674316,7186310.0
2025-03-03,3.190000057220459,3.299999952316284,3.049999952316284,3.1600000858306885,3.1600000858306885,5239713.0
2025-03-04,3.049999952316284,3.309999942779541,3.049999952316284,3.180000066757202,3.180000066757202,4550331.0
2025-03-05,3.1700000762939453,3.440000057220459,3.1600000858306885,3.4000000953674316,3.4000000953674316,2796919.0
2025-03-06,3.640000104904175,3.680000066757202,3.549999952316284,3.630000114440918,3.630000114440918,4552460.0
2025-03-07,3.6500000953674316,3.759999990463257,3.559999942779541,3.7200000286102295,3.7200000286102295,4916836.0
2025-03-10,3.7899999618530273,3.890000104904175,3.380000114440918,3.430000066757202,3.430000066757202,7095209.0
2025-03-11,3.450000047683716,3.490000009536743,3.259999990463257,3.3399999141693115,3.3399999141693115,3037265.0
2025-03-12,3.380000114440918,3.509999990463257,3.25,3.3499999046325684,3.3499999046325684,3269156.0
2025-03-13,3.380000114440918,3.4000000953674316,3.2200000286102295,3.240000009536743,3.240000009536743,4351808.0
2025-03-17,3.299999952316284,3.390000104904175,3.130000114440918,3.1700000762939453,3.1700000762939453,5020074.0
2025-03-18,3.1700000762939453,3.1700000762939453,3.1700000762939453,3.1700000762939453,3.1700000762939453,0.0
2025-03-19,3.5399999618530273,3.630000114440918,3.299999952316284,3.440000057220459,3.440000057220459,8220634.0
2025-03-20,3.549999952316284,3.5999999046325684,3.4700000286102295,3.5199999809265137,3.5199999809265137,4292027.0
2025-03-21,3.5299999713897705,3.869999885559082,3.5199999809265137,3.5899999141693115,3.5899999141693115,20111838.0
2025-03-24,3.799999952316284,4.159999847412109,3.7300000190734863,4.059999942779541,4.059999942779541,25316428.0
2025-03-25,4.139999866485596,4.300000190734863,3.890000104904175,3.950000047683716,3.950000047683716,15890018.0
2025-03-26,3.940000057220459,4.03000020980835,3.700000047683716,3.759999990463257,3.759999990463257,6174578.0
2025-03-27,3.7799999713897705,3.869999885559082,3.609999895095825,3.6600000858306885,3.6600000858306885,4386630.0
2025-03-28,3.6600000858306885,3.75,3.5,3.509999990463257,3.509999990463257,4407031.0
2025-04-01,3.5199999809265137,3.740000009536743,3.5199999809265137,3.630000114440918,3.630000114440918,2881099.0
2025-04-02,3.690000057220459,3.7899999618530273,3.5999999046325684,3.75,3.75,2864226.0
2025-04-03,3.740000009536743,4.019999980926514,3.700000047683716,3.9800000190734863,3.9800000190734863,4016942.0
2025-04-04,4.090000152587891,4.139999866485596,3.8299999237060547,3.9000000953674316,3.9000000953674316,3957635.0
2025-04-07,3.6700000762939453,3.700000047683716,3.4200000762939453,3.609999895095825,3.609999895095825,6671817.0
2025-04-08,3.740000009536743,3.880000114440918,3.6700000762939453,3.75,3.75,2512353.0
2025-04-09,3.7799999713897705,3.7799999713897705,3.6500000953674316,3.680000066757202,3.680000066757202,2033703.0
2025-04-11,3.809999942779541,3.9200000762939453,3.740000009536743,3.7899999618530273,3.7899999618530273,2521917.0
2025-04-15,3.869999885559082,3.930000066757202,3.799999952316284,3.8399999141693115,3.8399999141693115,3355781.0
2025-04-16,3.880000114440918,4.090000152587891,3.8399999141693115,4.019999980926514,4.019999980926514,6087123.0
2025-04-17,4.090000152587891,4.21999979019165,4.019999980926514,4.070000171661377,4.070000171661377,6175228.0
2025-04-21,4.150000095367432,4.150000095367432,3.9800000190734863,4.010000228881836,4.010000228881836,7580138.0
2025-04-22,4.050000190734863,4.050000190734863,3.859999895095825,3.9000000953674316,3.9000000953674316,9842701.0
2025-04-23,3.9200000762939453,3.950000047683716,3.799999952316284,3.880000114440918,3.880000114440918,3087705.0
2025-04-24,3.8499999046325684,3.9000000953674316,3.8399999141693115,3.859999895095825,3.859999895095825,2745644.0
2025-04-25,3.8299999237060547,3.890000104904175,3.6700000762939453,3.7200000286102295,3.7200000286102295,3937466.0
2025-04-28,3.7200000286102295,3.809999942779541,3.630000114440918,3.759999990463257,3.759999990463257,3582670.0
2025-04-29,3.75,3.799999952316284,3.700000047683716,3.7300000190734863,3.7300000190734863,2394571.0
2025-04-30,3.75,3.75,3.5999999046325684,3.640000104904175,3.640000104904175,2352752.0
2025-05-02,3.700000047683716,3.700000047683716,3.5999999046325684,3.630000114440918,3.630000114440918,1677432.0
2025-05-05,3.680000066757202,3.700000047683716,3.5999999046325684,3.680000066757202,3.680000066757202,1662075.0
2025-05-06,3.680000066757202,3.7100000381469727,3.5,3.5199999809265137,3.5199999809265137,3788499.0
2025-05-07,3.5299999713897705,3.619999885559082,3.5,3.569999933242798,3.569999933242798,4039638.0
2025-05-08,3.569999933242798,3.950000047683716,3.549999952316284,3.640000104904175,3.640000104904175,8271159.0
2025-05-09,3.440000057220459,3.609999895095825,3.4100000858306885,3.5199999809265137,3.5199999809265137,4265711.0
2025-05-12,3.640000104904175,3.7699999809265137,3.640000104904175,3.7200000286102295,3.7200000286102295,4429430.0
2025-05-13,3.759999990463257,3.8299999237060547,3.6700000762939453,3.7699999809265137,3.7699999809265137,3271152.0
2025-05-14,3.799999952316284,3.950000047683716,3.7799999713897705,3.8499999046325684,3.8499999046325684,7055961.0
2025-05-15,3.8499999046325684,4.059999942779541,3.8499999046325684,3.9700000286102295,3.9700000286102295,7257116.0
2025-05-16,4.050000190734863,4.090000152587891,3.950000047683716,3.9800000190734863,3.9800000190734863,4390348.0
2025-05-19,3.990000009536743,4.190000057220459,3.9800000190734863,4.099999904632568,4.099999904632568,6848292.0
2025-05-20,4.170000076293945,4.230000019073486,3.990000009536743,4.010000228881836,4.010000228881836,4333777.0
2025-05-21,4.010000228881836,4.119999885559082,3.930000066757202,4.070000171661377,4.070000171661377,3559315.0
2025-05-22,4.099999904632568,4.130000114440918,4.039999961853027,4.090000152587891,4.090000152587891,2878720.0
2025-05-23,4.130000114440918,4.170000076293945,3.990000009536743,4.019999980926514,4.019999980926514,3233186.0
2025-05-26,4.03000020980835,4.199999809265137,4.010000228881836,4.059999942779541,4.059999942779541,5452170.0
2025-05-27,4.090000152587891,4.119999885559082,4.019999980926514,4.099999904632568,4.099999904632568,2871330.0
2025-05-28,4.099999904632568,4.130000114440918,4.050000190734863,4.070000171661377,4.070000171661377,3142721.0
2025-05-29,4.079999923706055,4.119999885559082,4.019999980926514,4.03000020980835,4.03000020980835,5027749.0
2025-05-30,4.050000190734863,4.079999923706055,4.0,4.039999961853027,4.039999961853027,6005302.0
2025-06-02,4.059999942779541,4.420000076293945,4.019999980926514,4.119999885559082,4.119999885559082,14496912.0
2025-06-03,4.190000057220459,4.349999904632568,4.070000171661377,4.099999904632568,4.099999904632568,11123902.0
2025-06-04,4.110000133514404,4.150000095367432,3.950000047683716,4.019999980926514,4.019999980926514,8891783.0
2025-06-05,4.019999980926514,4.079999923706055,3.9600000381469727,4.0,4.0,6186311.0
2025-06-06,4.079999923706055,4.079999923706055,3.9800000190734863,3.990000009536743,3.990000009536743,7198613.0
2025-06-09,4.019999980926514,4.110000133514404,3.9800000190734863,4.0,4.0,6379035.0
2025-06-10,4.019999980926514,4.050000190734863,3.9800000190734863,3.990000009536743,3.990000009536743,4890425.0
2025-06-11,4.019999980926514,4.03000020980835,3.950000047683716,3.9700000286102295,3.9700000286102295,6295208.0
2025-06-12,3.990000009536743,4.0,3.9000000953674316,3.9100000858306885,3.9100000858306885,3811474.0
2025-06-13,3.880000114440918,3.9100000858306885,3.759999990463257,3.8399999141693115,3.8399999141693115,5156859.0
2025-06-16,3.8399999141693115,3.869999885559082,3.7300000190734863,3.8399999141693115,3.8399999141693115,4181928.0
2025-06-17,3.8399999141693115,3.9100000858306885,3.7200000286102295,3.75,3.75,5289312.0
2025-06-18,3.75,3.869999885559082,3.7100000381469727,3.799999952316284,3.799999952316284,3250318.0
2025-06-19,3.799999952316284,3.819999933242798,3.6500000953674316,3.680000066757202,3.680000066757202,3191169.0
2025-06-20,3.6700000762939453,3.7799999713897705,3.640000104904175,3.740000009536743,3.740000009536743,2042490.0
2025-06-23,3.75,3.7899999618530273,3.6600000858306885,3.7200000286102295,3.7200000286102295,3223224.0
2025-06-24,3.7899999618530273,3.809999942779541,3.6500000953674316,3.700000047683716,3.700000047683716,3957546.0
2025-06-25,3.7100000381469727,3.8399999141693115,3.680000066757202,3.759999990463257,3.759999990463257,3330819.0
2025-06-26,3.7799999713897705,3.890000104904175,3.759999990463257,3.7799999713897705,3.7799999713897705,3459937.0
2025-06-27,3.799999952316284,3.8399999141693115,3.7799999713897705,3.819999933242798,3.819999933242798,2398084.0
2025-06-30,3.8499999046325684,3.880000114440918,3.7699999809265137,3.8299999237060547,3.8299999237060547,2886299.0
2025-07-01,3.8499999046325684,3.859999895095825,3.7699999809265137,3.809999942779541,3.809999942779541,2623318.0
2025-07-02,3.8299999237060547,3.869999885559082,3.7799999713897705,3.8299999237060547,3.8299999237060547,2887871.0
2025-07-03,3.8499999046325684,3.8499999046325684,3.7899999618530273,3.809999942779541,3.809999942779541,2939008.0
2025-07-04,3.819999933242798,3.8299999237060547,3.7799999713897705,3.799999952316284,3.799999952316284,1912071.0
2025-07-07,3.819999933242798,3.819999933242798,3.7300000190734863,3.7699999809265137,3.7699999809265137,2613595.0
2025-07-08,3.7699999809265137,4.0,3.75,3.9100000858306885,3.9100000858306885,13863679.0
2025-07-09,3.950000047683716,3.9800000190734863,3.819999933242798,3.890000104904175,3.890000104904175,9896091.0
2025-07-10,3.9100000858306885,4.199999809265137,3.8499999046325684,3.880000114440918,3.880000114440918,33681031.0
2025-07-11,3.9000000953674316,4.0,3.7699999809265137,3.799999952316284,3.799999952316284,10699191.0
2025-07-14,3.799999952316284,3.819999933242798,3.7200000286102295,3.759999990463257,3.759999990463257,6326796.0
2025-07-15,3.759999990463257,3.7799999713897705,3.740000009536743,3.75,3.75,3136101.0
2025-07-16,3.75,3.819999933242798,3.75,3.799999952316284,3.799999952316284,2478181.0
2025-07-17,3.7899999618530273,3.809999942779541,3.7699999809265137,3.7799999713897705,3.7799999713897705,1762841.0
2025-07-18,3.799999952316284,3.809999942779541,3.7200000286102295,3.759999990463257,3.759999990463257,3204208.0
2025-07-21,3.759999990463257,3.7899999618530273,3.7300000190734863,3.759999990463257,3.759999990463257,1983886.0
2025-07-22,3.759999990463257,3.799999952316284,3.740000009536743,3.759999990463257,3.759999990463257,2458882.0
2025-07-23,3.7799999713897705,3.7899999618530273,3.75,3.7799999713897705,3.7799999713897705,1846488.0
2025-07-24,3.7899999618530273,3.8499999046325684,3.75,3.759999990463257,3.759999990463257,2721258.0
2025-07-25,3.75,3.759999990463257,3.6700000762939453,3.690000057220459,3.690000057220459,3996279.0
2025-07-28,3.759999990463257,3.799999952316284,3.680000066757202,3.7100000381469727,3.7100000381469727,3229277.0
2025-07-29,3.75,3.759999990463257,3.559999942779541,3.619999885559082,3.619999885559082,7455038.0
2025-07-30,3.6500000953674316,3.6700000762939453,3.609999895095825,3.6500000953674316,3.6500000953674316,2156183.0
2025-07-31,3.619999885559082,3.640000104904175,3.4000000953674316,3.5999999046325684,3.5999999046325684,2635347.0
2025-08-01,3.609999895095825,3.609999895095825,3.549999952316284,3.559999942779541,3.559999942779541,2025649.0
2025-08-04,3.609999895095825,3.609999895095825,3.4800000190734863,3.490000009536743,3.490000009536743,3981185.0
2025-08-05,3.5,3.5299999713897705,3.4800000190734863,3.490000009536743,3.490000009536743,1339621.0
2025-08-06,3.5,3.5799999237060547,3.3499999046325684,3.4800000190734863,3.4800000190734863,4998198.0
2025-08-07,3.5399999618530273,3.549999952316284,3.4000000953674316,3.509999990463257,3.509999990463257,2974960.0
2025-08-08,3.5399999618530273,3.5399999618530273,3.450000047683716,3.4600000381469727,3.4600000381469727,2451116.0
2025-08-11,3.490000009536743,3.5,3.4200000762939453,3.4200000762939453,3.4200000762939453,1491540.0
2025-08-12,3.4200000762939453,3.450000047683716,3.4000000953674316,3.430000066757202,3.430000066757202,1290210.0
2025-08-13,3.4800000190734863,3.4800000190734863,3.3399999141693115,3.4000000953674316,3.4000000953674316,1621704.0
2025-08-14,3.4200000762939453,3.440000057220459,3.369999885559082,3.4100000858306885,3.4100000858306885,1202680.0
2025-08-18,3.4600000381469727,3.509999990463257,3.4200000762939453,3.4700000286102295,3.4700000286102295,2008364.0
2025-08-19,3.4700000286102295,3.490000009536743,3.440000057220459,3.450000047683716,3.450000047683716,1826060.0
2025-08-20,3.450000047683716,3.450000047683716,3.4000000953674316,3.4100000858306885,3.4100000858306885,2698859.0
2025-08-21,3.4200000762939453,3.4800000190734863,3.4000000953674316,3.450000047683716,3.450000047683716,2404525.0
2025-08-22,3.450000047683716,3.4600000381469727,3.4100000858306885,3.4100000858306885,3.4100000858306885,1108618.0
2025-08-25,3.430000066757202,3.440000057220459,3.359999895095825,3.380000114440918,3.380000114440918,1585053.0
2025-08-26,3.369999885559082,3.390000104904175,3.3299999237060547,3.359999895095825,3.359999895095825,1438841.0
2025-08-28,3.3399999141693115,3.3399999141693115,3.299999952316284,3.319999933242798,3.319999933242798,1179362.0
2025-08-29,3.3399999141693115,3.3499999046325684,3.309999942779541,3.319999933242798,3.319999933242798,825719.0
2025-09-01,3.3499999046325684,3.369999885559082,3.299999952316284,3.3299999237060547,3.3299999237060547,1489885.0
2025-09-02,3.3499999046325684,3.5,3.3299999237060547,3.4600000381469727,3.4600000381469727,2343086.0
2025-09-03,3.490000009536743,3.559999942779541,3.450000047683716,3.450000047683716,3.450000047683716,2522944.0
2025-09-04,3.4600000381469727,3.4800000190734863,3.4000000953674316,3.4200000762939453,3.4200000762939453,1874882.0
2025-09-05,3.450000047683716,3.4700000286102295,3.4100000858306885,3.430000066757202,3.430000066757202,911098.0
2025-09-08,3.509999990463257,3.5799999237060547,3.440000057220459,3.5299999713897705,3.5299999713897705,2668356.0
2025-09-09,3.5399999618530273,3.5799999237060547,3.4800000190734863,3.509999990463257,3.509999990463257,2290211.0
2025-09-10,3.5299999713897705,3.6500000953674316,3.509999990463257,3.619999885559082,3.619999885559082,2789396.0
2025-09-11,3.6600000858306885,3.690000057220459,3.4700000286102295,3.490000009536743,3.490000009536743,3855108.0
2025-09-12,3.5199999809265137,3.549999952316284,3.430000066757202,3.4800000190734863,3.4800000190734863,3411881.0
2025-09-15,3.549999952316284,3.569999933242798,3.490000009536743,3.5,3.5,2468749.0
2025-09-16,3.5199999809265137,3.5899999141693115,3.509999990463257,3.5299999713897705,3.5299999713897705,2226779.0
2025-09-17,3.569999933242798,3.5899999141693115,3.5299999713897705,3.569999933242798,3.569999933242798,1146691.0
2025-09-18,3.5899999141693115,3.75,3.559999942779541,3.619999885559082,3.619999885559082,2608999.0
2025-09-19,3.690000057220459,3.690000057220459,3.559999942779541,3.609999895095825,3.609999895095825,1873985.0
2025-09-22,3.640000104904175,3.640000104904175,3.5299999713897705,3.549999952316284,3.549999952316284,2000034.0
2025-09-23,3.5299999713897705,3.569999933242798,3.4700000286102295,3.490000009536743,3.490000009536743,1648207.0
2025-09-24,3.5,3.549999952316284,3.440000057220459,3.450000047683716,3.450000047683716,1962656.0
2025-09-25,3.450000047683716,3.4800000190734863,3.4000000953674316,3.4100000858306885,3.4100000858306885,1311007.0
2025-09-26,3.440000057220459,3.440000057220459,3.3299999237060547,3.369999885559082,3.369999885559082,1971037.0
2025-09-29,3.4000000953674316,3.4000000953674316,3.3399999141693115,3.3499999046325684,3.3499999046325684,2368555.0
2025-09-30,3.3499999046325684,3.369999885559082,3.3299999237060547,3.3399999141693115,3.3399999141693115,1219630.0
2025-10-01,3.309999942779541,3.359999895095825,3.309999942779541,3.3399999141693115,3.3399999141693115,977103.0
2025-10-03,3.3499999046325684,3.4000000953674316,3.3299999237060547,3.380000114440918,3.380000114440918,1510215.0
2025-10-06,3.4100000858306885,3.4100000858306885,3.180000066757202,3.2799999713897705,3.2799999713897705,2246101.0
2025-10-07,3.2799999713897705,3.2899999618530273,3.2100000381469727,3.2300000190734863,3.2300000190734863,1941322.0
2025-10-08,3.2300000190734863,3.25,3.190000057220459,3.200000047683716,3.200000047683716,1458717.0
2025-10-09,3.240000009536743,3.240000009536743,3.190000057220459,3.190000057220459,3.190000057220459,1054654.0
2025-10-10,3.2100000381469727,3.2699999809265137,3.190000057220459,3.2200000286102295,3.2200000286102295,1446201.0
2025-10-13,3.25,3.25,3.180000066757202,3.200000047683716,3.200000047683716,1226130.0
2025-10-14,3.200000047683716,3.200000047683716,3.140000104904175,3.1700000762939453,3.1700000762939453,1533974.0
2025-10-15,3.1500000953674316,3.190000057220459,3.109999895095825,3.140000104904175,3.140000104904175,1556013.0
2025-10-16,3.1600000858306885,3.2300000190734863,3.140000104904175,3.1700000762939453,3.1700000762939453,1610252.0
2025-10-17,3.1600000858306885,3.190000057220459,3.140000104904175,3.1600000858306885,3.1600000858306885,1110882.0
2025-10-20,3.1700000762939453,3.2100000381469727,3.140000104904175,3.1600000858306885,3.1600000858306885,1199013.0
2025-10-21,3.1600000858306885,3.309999942779541,3.1600000858306885,3.2799999713897705,3.2799999713897705,1142376.0
2025-10-23,3.2899999618530273,3.4800000190734863,3.240000009536743,3.369999885559082,3.369999885559082,3540068.0
2025-10-24,3.4000000953674316,3.430000066757202,3.3499999046325684,3.380000114440918,3.380000114440918,2029518.0
2025-10-27,3.4000000953674316,3.4600000381469727,3.359999895095825,3.359999895095825,3.359999895095825,1841394.0
2025-10-28,3.390000104904175,3.4100000858306885,3.319999933242798,3.3399999141693115,3.3399999141693115,1665479.0
2025-10-29,3.3399999141693115,3.380000114440918,3.299999952316284,3.3499999046325684,3.3499999046325684,2669344.0
2025-10-30,3.3499999046325684,3.369999885559082,3.309999942779541,3.319999933242798,3.319999933242798,1341467.0
2025-10-31,3.299999952316284,3.3499999046325684,3.2799999713897705,3.299999952316284,3.299999952316284,1208912.0
2025-11-03,3.299999952316284,3.3499999046325684,3.2799999713897705,3.299999952316284,3.299999952316284,1402222.0
2025-11-04,3.2899999618530273,3.3299999237060547,3.2699999809265137,3.2799999713897705,3.2799999713897705,924094.0
2025-11-06,3.2899999618530273,3.319999933242798,3.240000009536743,3.240000009536743,3.240000009536743,1100388.0
2025-11-07,3.240000009536743,3.2799999713897705,3.200000047683716,3.25,3.25,1155891.0
2025-11-10,3.2799999713897705,3.2799999713897705,3.190000057220459,3.2100000381469727,3.2100000381469727,1775467.0
2025-11-11,3.240000009536743,3.2899999618530273,3.190000057220459,3.25,3.25,1046060.0
2025-11-12,3.2899999618530273,3.3299999237060547,3.25,3.259999990463257,3.259999990463257,1878200.0
2025-11-13,3.299999952316284,3.3399999141693115,3.190000057220459,3.2200000286102295,3.2200000286102295,2330411.0
2025-11-14,3.2200000286102295,3.299999952316284,3.190000057220459,3.2100000381469727,3.2100000381469727,1672156.0
2025-11-17,3.2200000286102295,3.259999990463257,3.180000066757202,3.190000057220459,3.190000057220459,1357620.0
2025-11-18,3.200000047683716,3.2100000381469727,3.140000104904175,3.140000104904175,3.140000104904175,1519984.0
2025-11-19,3.1500000953674316,3.180000066757202,3.130000114440918,3.1500000953674316,3.1500000953674316,1281813.0
2025-11-20,3.1600000858306885,3.1700000762939453,3.109999895095825,3.109999895095825,3.109999895095825,1442720.0
2025-11-21,3.109999895095825,3.140000104904175,3.0999999046325684,3.109999895095825,3.109999895095825,1225187.0
2025-11-24,3.119999885559082,3.130000114440918,3.059999942779541,3.0999999046325684,3.0999999046325684,1296798.0
2025-11-25,3.130000114440918,3.130000114440918,3.049999952316284,3.049999952316284,3.049999952316284,1194410.0
2025-11-26,3.059999942779541,3.140000104904175,3.0399999618530273,3.0999999046325684,3.0999999046325684,2054076.0
2025-11-27,3.140000104904175,3.1600000858306885,3.059999942779541,3.0799999237060547,3.0799999237060547,1262484.0
2025-11-28,3.0999999046325684,3.119999885559082,3.069999933242798,3.109999895095825,3.109999895095825,896783.0
2025-12-01,3.119999885559082,3.140000104904175,3.0899999141693115,3.0999999046325684,3.0999999046325684,1159462.0
2025-12-02,3.0999999046325684,3.119999885559082,3.069999933242798,3.0899999141693115,3.0899999141693115,1002552.0
2025-12-03,3.109999895095825,3.109999895095825,3.049999952316284,3.069999933242798,3.069999933242798,1036659.0
2025-12-04,3.0999999046325684,3.0999999046325684,3.069999933242798,3.069999933242798,3.069999933242798,582025.0
2025-12-05,3.0799999237060547,3.0899999141693115,3.0399999618530273,3.049999952316284,3.049999952316284,1010606.0
2025-12-08,3.049999952316284,3.049999952316284,2.9600000381469727,2.9700000286102295,2.9700000286102295,1812954.0
2025-12-09,2.9800000190734863,2.990000009536743,2.9000000953674316,2.940000057220459,2.940000057220459,1747079.0
2025-12-10,2.930000066757202,3.0399999618530273,2.9200000762939453,2.990000009536743,2.990000009536743,1106570.0
2025-12-11,3.0299999713897705,3.0999999046325684,2.9600000381469727,2.9800000190734863,2.9800000190734863,1487300.0
2025-12-12,3.049999952316284,3.049999952316284,2.9700000286102295,2.9800000190734863,2.9800000190734863,829299.0
2025-12-15,2.990000009536743,3.0,2.9600000381469727,2.990000009536743,2.990000009536743,866029.0
2025-12-16,2.990000009536743,3.0799999237060547,2.990000009536743,3.0,3.0,1189940.0
2025-12-17,3.049999952316284,3.0799999237060547,2.9100000858306885,2.950000047683716,2.950000047683716,1365198.0
2025-12-18,2.990000009536743,3.0,2.9200000762939453,2.950000047683716,2.950000047683716,1062964.0
2025-12-19,2.9200000762939453,3.009999990463257,2.9200000762939453,2.9800000190734863,2.9800000190734863,1449620.0
2025-12-22,3.0,3.0399999618530273,2.9600000381469727,2.990000009536743,2.990000009536743,1497025.0
2025-12-23,3.0,3.009999990463257,2.9700000286102295,2.990000009536743,2.990000009536743,1084348.0
2025-12-24,3.0,3.0899999141693115,2.9800000190734863,3.0199999809265137,3.0199999809265137,2162913.0
2025-12-26,3.0199999809265137,3.0399999618530273,2.9700000286102295,2.9800000190734863,2.9800000190734863,1159863.0
2025-12-29,2.9800000190734863,2.990000009536743,2.869999885559082,2.9000000953674316,2.9000000953674316,8299363.0
2025-12-30,2.859999895095825,2.9700000286102295,2.8399999141693115,2.950000047683716,2.950000047683716,1574457.0
2025-12-31,2.9700000286102295,3.049999952316284,2.9000000953674316,2.950000047683716,2.950000047683716,1794026.0
2026-01-01,2.990000009536743,3.0,2.9100000858306885,2.930000066757202,2.930000066757202,1139163.0
2026-01-02,2.940000057220459,2.990000009536743,2.940000057220459,2.9600000381469727,2.9600000381469727,972990.0
2026-01-05,3.0,3.0,2.9000000953674316,2.9200000762939453,2.9200000762939453,1738417.0
2026-01-06,2.9700000286102295,2.9700000286102295,2.9100000858306885,2.9200000762939453,2.9200000762939453,826762.0
2026-01-07,2.9000000953674316,2.9600000381469727,2.9000000953674316,2.940000057220459,2.940000057220459,1349730.0
2026-01-08,2.950000047683716,3.0399999618530273,2.940000057220459,2.9700000286102295,2.9700000286102295,2165101.0
2026-01-09,2.9600000381469727,2.9600000381469727,2.9100000858306885,2.930000066757202,2.930000066757202,830193.0
2026-01-12,2.930000066757202,2.9700000286102295,2.8499999046325684,2.859999895095825,2.859999895095825,2265331.0
2026-01-13,2.8499999046325684,2.940000057220459,2.819999933242798,2.9100000858306885,2.9100000858306885,2131644.0
2026-01-14,2.9800000190734863,2.9800000190734863,2.880000114440918,2.9700000286102295,2.9700000286102295,1740198.0
2026-01-15,2.9700000286102295,2.9700000286102295,2.9700000286102295,2.9700000286102295,2.9700000286102295,0.0
2026-01-16,2.9800000190734863,3.0,2.9200000762939453,2.9600000381469727,2.9600000381469727,1697742.0
2026-01-19,2.940000057220459,2.9600000381469727,2.9000000953674316,2.940000057220459,2.940000057220459,1106038.0
2026-01-20,2.940000057220459,2.9600000381469727,2.8499999046325684,2.869999885559082,2.869999885559082,1795666.0
2026-01-21,2.9100000858306885,2.930000066757202,2.799999952316284,2.8299999237060547,2.8299999237060547,3166808.0
2026-01-22,2.8299999237060547,2.880000114440918,2.819999933242798,2.859999895095825,2.859999895095825,1717133.0
2026-01-23,2.880000114440918,2.890000104904175,2.799999952316284,2.819999933242798,2.819999933242798,1789173.0
2026-01-27,2.819999933242798,2.8399999141693115,2.7699999809265137,2.7899999618530273,2.7899999618530273,1680151.0
2026-01-28,2.809999942779541,2.859999895095825,2.7899999618530273,2.8399999141693115,2.8399999141693115,1616399.0
2026-01-29,2.8499999046325684,2.880000114440918,2.7899999618530273,2.799999952316284,2.799999952316284,1351932.0
2026-01-30,2.7899999618530273,2.8499999046325684,2.7699999809265137,2.799999952316284,2.799999952316284,1465304.0
2026-02-02,2.819999933242798,2.8399999141693115,2.700000047683716,2.7200000286102295,2.7200000286102295,2215156.0
2026-02-03,2.930000066757202,3.1700000762939453,2.859999895095825,3.0299999713897705,3.0299999713897705,7839784.0
2026-02-04,3.0399999618530273,3.1700000762939453,3.0,3.1500000953674316,3.1500000953674316,3597109.0
2026-02-05,3.200000047683716,3.2300000190734863,3.069999933242798,3.0999999046325684,3.0999999046325684,4372453.0
2026-02-06,3.109999895095825,3.1500000953674316,3.049999952316284,3.069999933242798,3.069999933242798,1619330.0
2026-02-09,3.119999885559082,3.200000047683716,3.0899999141693115,3.1500000953674316,3.1500000953674316,1594146.0
2026-02-10,3.140000104904175,3.190000057220459,3.109999895095825,3.1500000953674316,3.1500000953674316,1836471.0
2026-02-11,3.1500000953674316,3.1700000762939453,3.0799999237060547,3.109999895095825,3.109999895095825,1333290.0
2026-02-12,3.109999895095825,3.130000114440918,3.059999942779541,3.069999933242798,3.069999933242798,1061721.0
2026-02-13,3.009999990463257,3.009999990463257,2.880000114440918,2.9600000381469727,2.9600000381469727,3179217.0
2026-02-16,2.9800000190734863,2.9800000190734863,2.8499999046325684,2.880000114440918,2.880000114440918,1461776.0
2026-02-17,2.9100000858306885,2.9200000762939453,2.859999895095825,2.890000104904175,2.890000104904175,1078936.0
2026-02-18,2.9000000953674316,2.9000000953674316,2.7799999713897705,2.8299999237060547,2.8299999237060547,2517579.0
2026-02-19,2.8499999046325684,2.8499999046325684,2.799999952316284,2.819999933242798,2.819999933242798,1139690.0
2026-02-20,2.819999933242798,2.819999933242798,2.759999990463257,2.7799999713897705,2.7799999713897705,1012242.0
2026-02-23,2.7799999713897705,2.8399999141693115,2.759999990463257,2.7899999618530273,2.7899999618530273,1280087.0
2026-02-24,2.799999952316284,2.799999952316284,2.759999990463257,2.7699999809265137,2.7699999809265137,1064991.0
2026-02-25,2.7699999809265137,2.799999952316284,2.740000009536743,2.75,2.75,1110721.0
2026-02-26,2.759999990463257,2.7899999618530273,2.6600000858306885,2.6700000762939453,2.6700000762939453,2017675.0
2026-02-27,2.6700000762939453,2.700000047683716,2.6500000953674316,2.6700000762939453,2.6700000762939453,1101364.0
2026-03-02,2.5799999237060547,2.609999895095825,2.509999990463257,2.549999952316284,2.549999952316284,3032703.0
2026-03-04,2.5,2.5399999618530273,2.4200000762939453,2.4600000381469727,2.4600000381469727,2122725.0
2026-03-05,2.4600000381469727,2.5199999809265137,2.440000057220459,2.4700000286102295,2.4700000286102295,1969779.0
2026-03-06,2.4700000286102295,2.549999952316284,2.4100000858306885,2.450000047683716,2.450000047683716,1732982.0
2026-03-09,2.440000057220459,2.450000047683716,2.369999885559082,2.4100000858306885,2.4100000858306885,1633727.0
2026-03-10,2.440000057220459,2.5299999713897705,2.380000114440918,2.4800000190734863,2.4800000190734863,1199804.0
2026-03-11,2.5299999713897705,2.5799999237060547,2.490000009536743,2.5199999809265137,2.5199999809265137,1202449.0
2026-03-12,2.559999942779541,2.559999942779541,2.450000047683716,2.490000009536743,2.490000009536743,1830783.0
2026-03-13,2.5199999809265137,2.5199999809265137,2.4100000858306885,2.4200000762939453,2.4200000762939453,1005269.0
2026-03-16,2.440000057220459,2.440000057220459,2.190000057220459,2.25,2.25,4897013.0
2026-03-17,2.25,2.3299999237060547,2.2200000286102295,2.259999990463257,2.259999990463257,3247548.0
2026-03-18,2.319999933242798,2.369999885559082,2.2300000190734863,2.3299999237060547,2.3299999237060547,2199630.0
2026-03-19,2.319999933242798,2.319999933242798,2.25,2.259999990463257,2.259999990463257,1157961.0
2026-03-20,2.259999990463257,2.309999942779541,2.2300000190734863,2.2300000190734863,2.2300000190734863,1126505.0
2026-03-23,2.2100000381469727,2.2100000381469727,2.049999952316284,2.0799999237060547,2.0799999237060547,2913660.0
2026-03-24,2.200000047683716,2.200000047683716,2.0999999046325684,2.0999999046325684,2.0999999046325684,1975520.0
2026-03-25,2.0999999046325684,2.180000066757202,2.0999999046325684,2.119999885559082,2.119999885559082,3367248.0
2026-03-27,2.119999885559082,2.130000114440918,1.940000057220459,1.9700000286102295,1.9700000286102295,4307744.0
2026-03-30,1.940000057220459,1.940000057220459,1.7999999523162842,1.840000033378601,1.840000033378601,5305817.0
2026-04-01,1.940000057220459,2.200000047683716,1.9199999570846558,2.200000047683716,2.200000047683716,3892975.0
2026-04-02,2.1700000762939453,2.569999933242798,2.0999999046325684,2.4700000286102295,2.4700000286102295,4955416.0
2026-04-06,2.4800000190734863,2.690000057220459,2.4600000381469727,2.5899999141693115,2.5899999141693115,3597974.0
2026-04-07,2.6700000762939453,2.6700000762939453,2.5799999237060547,2.619999885559082,2.619999885559082,1583134.0
2026-04-08,2.680000066757202,2.75,2.5799999237060547,2.609999895095825,2.609999895095825,3163439.0
2026-04-09,2.619999885559082,2.6700000762939453,2.5399999618530273,2.549999952316284,2.549999952316284,1389525.0
2026-04-10,2.5899999141693115,2.6500000953674316,2.5799999237060547,2.5899999141693115,2.5899999141693115,1167365.0
2026-04-13,2.559999942779541,2.5899999141693115,2.4700000286102295,2.5199999809265137,2.5199999809265137,1208141.0
2026-04-15,2.5899999141693115,2.6700000762939453,2.5299999713897705,2.5899999141693115,2.5899999141693115,2350260.0
2026-04-16,2.640000104904175,2.6700000762939453,2.609999895095825,2.630000114440918,2.630000114440918,815102.0
2026-04-17,2.6600000858306885,2.7100000381469727,2.6500000953674316,2.690000057220459,2.690000057220459,1180047.0
2026-04-20,2.7300000190734863,3.049999952316284,2.700000047683716,2.950000047683716,2.950000047683716,5521782.0
2026-04-21,3.009999990463257,3.0999999046325684,2.799999952316284,3.009999990463257,3.009999990463257,4403368.0
2026-04-22,2.990000009536743,3.0399999618530273,2.9100000858306885,3.0199999809265137,3.0199999809265137,2308161.0
2026-04-23,3.0799999237060547,3.0799999237060547,2.9100000858306885,2.940000057220459,2.940000057220459,2112428.0
2026-04-24,2.940000057220459,2.9800000190734863,2.7200000286102295,2.8399999141693115,2.8399999141693115,1351070.0
2026-04-27,2.9000000953674316,2.9200000762939453,2.859999895095825,2.869999885559082,2.869999885559082,981014.0
2026-04-28,2.9000000953674316,2.9100000858306885,2.8499999046325684,2.869999885559082,2.869999885559082,684743.0
2026-04-29,2.880000114440918,2.9100000858306885,2.8499999046325684,2.859999895095825,2.859999895095825,892904.0
2026-04-30,2.8499999046325684,2.8499999046325684,2.75,2.7899999618530273,2.7899999618530273,1171662.0
2026-05-01,2.7899999618530273,2.7899999618530273,2.7899999618530273,2.7899999618530273,2.7899999618530273,0.0
2026-05-04,2.799999952316284,2.8499999046325684,2.7300000190734863,2.740000009536743,2.740000009536743,1171190.0
2026-05-05,2.740000009536743,2.740000009536743,2.700000047683716,2.700000047683716,2.700000047683716,1032871.0
2026-05-06,2.7300000190734863,2.7699999809265137,2.690000057220459,2.740000009536743,2.740000009536743,787782.0
2026-05-07,2.7699999809265137,2.9000000953674316,2.740000009536743,2.880000114440918,2.880000114440918,1492865.0
2026-05-08,2.9800000190734863,2.9800000190734863,2.880000114440918,2.9000000953674316,2.9000000953674316,1606359.0
2026-05-11,2.880000114440918,2.880000114440918,2.7699999809265137,2.7899999618530273,2.7899999618530273,1424671.0
2026-05-12,2.75,2.75,2.6600000858306885,2.6700000762939453,2.6700000762939453,929421.0
2026-05-13,2.640000104904175,2.7200000286102295,2.640000104904175,2.680000066757202,2.680000066757202,897515.0
2026-05-14,2.7799999713897705,2.7799999713897705,2.690000057220459,2.7100000381469727,2.7100000381469727,591040.0
2026-05-15,2.740000009536743,2.740000009536743,2.6700000762939453,2.680000066757202,2.680000066757202,653931.0
2026-05-18,2.6700000762939453,2.690000057220459,2.5899999141693115,2.640000104904175,2.640000104904175,1894169.0
2026-05-19,2.640000104904175,2.6700000762939453,2.609999895095825,2.6500000953674316,2.6500000953674316,449538.0
2026-05-20,2.6500000953674316,2.6600000858306885,2.609999895095825,2.640000104904175,2.640000104904175,499021.0
2026-05-21,2.619999885559082,2.680000066757202,2.609999895095825,2.619999885559082,2.619999885559082,854556.0
2026-05-22,2.640000104904175,2.6700000762939453,2.609999895095825,2.619999885559082,2.619999885559082,887522.0
2026-05-25,2.6500000953674316,2.9000000953674316,2.619999885559082,2.6600000858306885,2.6600000858306885,1938439.0
2026-05-26,2.680000066757202,2.680000066757202,2.569999933242798,2.619999885559082,2.619999885559082,1122300.0
2026-05-27,2.619999885559082,2.6500000953674316,2.5999999046325684,2.640000104904175,2.640000104904175,939459.0
2026-05-28,2.640000104904175,2.640000104904175,2.640000104904175,2.640000104904175,2.640000104904175,0.0
2026-05-29,2.640000104904175,2.6600000858306885,2.619999885559082,2.619999885559082,2.619999885559082,787325.0
2026-06-01,2.640000104904175,2.6500000953674316,2.5899999141693115,2.5999999046325684,2.5999999046325684,1151516.0
2026-06-02,2.5899999141693115,2.609999895095825,2.259999990463257,2.490000009536743,2.490000009536743,1917477.0
2026-06-03,2.509999990463257,2.7200000286102295,2.4800000190734863,2.569999933242798,2.569999933242798,1148161.0
2026-06-04,2.569999933242798,2.799999952316284,2.549999952316284,2.569999933242798,2.569999933242798,957281.0
2026-06-05,2.5899999141693115,2.6500000953674316,2.549999952316284,2.5899999141693115,2.5899999141693115,934671.0
2026-06-08,2.549999952316284,2.5799999237060547,2.509999990463257,2.509999990463257,2.509999990463257,608670.0
2026-06-09,2.569999933242798,2.569999933242798,2.5,2.559999942779541,2.559999942779541,320643.0
2026-06-10,2.640000104904175,2.640000104904175,2.5299999713897705,2.5399999618530273,2.5399999618530273,393452.0
2026-06-11,2.5399999618530273,2.549999952316284,2.4700000286102295,2.490000009536743,2.490000009536743,952483.0
2026-06-12,2.5299999713897705,2.5999999046325684,2.4700000286102295,2.5399999618530273,2.5399999618530273,719606.0
2026-06-15,2.490000009536743,2.6500000953674316,2.490000009536743,2.609999895095825,2.609999895095825,1095518.0
2026-06-16,2.609999895095825,2.6600000858306885,2.569999933242798,2.5899999141693115,2.5899999141693115,789533.0
2026-06-17,2.569999933242798,2.6500000953674316,2.5399999618530273,2.5799999237060547,2.5799999237060547,1057362.0
2026-06-18,2.5799999237060547,2.630000114440918,2.5799999237060547,2.619999885559082,2.619999885559082,806300.0
2026-06-19,2.630000114440918,2.6500000953674316,2.569999933242798,2.609999895095825,2.609999895095825,1009217.0
2026-06-22,2.619999885559082,2.640000104904175,2.4200000762939453,2.509999990463257,2.509999990463257,4298893.0
2026-06-23,2.509999990463257,2.559999942779541,2.509999990463257,2.5199999809265137,2.5199999809265137,896299.0
2026-06-24,2.5199999809265137,2.6500000953674316,2.5,2.5899999141693115,2.5899999141693115,1773997.0
2026-06-25,2.6500000953674316,2.6500000953674316,2.4100000858306885,2.4600000381469727,2.4600000381469727,3263888.0
2026-06-26,2.4600000381469727,2.4600000381469727,2.4600000381469727,2.4600000381469727,2.4600000381469727,0.0
2026-06-29,2.430000066757202,2.490000009536743,2.319999933242798,2.3499999046325684,2.3499999046325684,2414586.0
2026-06-30,2.390000104904175,2.440000057220459,2.369999885559082,2.4100000858306885,2.4100000858306885,1214892.0
2026-07-01,2.430000066757202,2.440000057220459,2.4000000953674316,2.4100000858306885,2.4100000858306885,751568.0
2026-07-02,2.430000066757202,2.490000009536743,2.390000104904175,2.430000066757202,2.430000066757202,860372.0
2026-07-03,2.440000057220459,2.4600000381469727,2.4000000953674316,2.430000066757202,2.430000066757202,858373.0
2026-07-06,2.440000057220459,2.4600000381469727,2.390000104904175,2.4000000953674316,2.4000000953674316,1006990.0
2026-07-07,2.4100000858306885,2.430000066757202,2.369999885559082,2.380000114440918,2.380000114440918,799443.0
2026-07-08,2.4000000953674316,2.4000000953674316,2.309999942779541,2.3299999237060547,2.3299999237060547,912983.0
2026-07-09,2.3299999237060547,2.4200000762939453,2.3299999237060547,2.390000104904175,2.390000104904175,952842.0
2026-07-10,2.4000000953674316,2.440000057220459,2.390000104904175,2.4000000953674316,2.4000000953674316,730844.0
2026-07-13,2.4100000858306885,2.430000066757202,2.390000104904175,2.390000104904175,2.390000104904175,682571.0
2026-07-14,2.369999885559082,2.390000104904175,2.3499999046325684,2.359999895095825,2.359999895095825,609020.0
2026-07-15,2.390000104904175,2.440000057220459,2.3499999046325684,2.380000114440918,2.380000114440918,831107.0
2026-07-16,2.369999885559082,2.4200000762939453,2.359999895095825,2.4100000858306885,2.4100000858306885,537917.0
2026-07-17,2.4100000858306885,2.4100000858306885,2.359999895095825,2.359999895095825,2.359999895095825,432400.0
2026-07-20,2.359999895095825,2.4200000762939453,2.3299999237060547,2.3499999046325684,2.3499999046325684,954410.0
2026-07-21,2.369999885559082,2.390000104904175,2.319999933242798,2.3499999046325684,2.3499999046325684,581669.0
2026-07-22,2.380000114440918,2.380000114440918,2.3299999237060547,2.3399999141693115,2.3399999141693115,360032.0
2026-07-23,2.3399999141693115,2.369999885559082,2.319999933242798,2.319999933242798,2.319999933242798,538326.0
2026-07-24,2.319999933242798,2.3399999141693115,2.2799999713897705,2.309999942779541,2.309999942779541,792308.0
2026-07-27,2.299999952316284,2.359999895095825,2.299999952316284,2.319999933242798,2.319999933242798,601922.0
2026-07-28,2.3499999046325684,2.3499999046325684,2.259999990463257,2.2699999809265137,2.2699999809265137,1128198.0
2026-07-29,2.2699999809265137,2.369999885559082,2.2699999809265137,2.359999895095825,2.359999895095825,887497.0
2026-07-30,2.380000114440918,2.380000114440918,2.3399999141693115,2.3499999046325684,2.3499999046325684,423968.0
2026-07-31,2.390000104904175,2.390000104904175,2.359999895095825,2.359999895095825,2.359999895095825,722758.0
2026-08-03,2.380000114440918,2.4000000953674316,2.359999895095825,2.369999885559082,2.369999885559082,545178.0
2026-08-04,2.4000000953674316,2.4200000762939453,2.3499999046325684,2.369999885559082,2.369999885559082,657765.0
2026-08-05,2.4000000953674316,2.4000000953674316,2.359999895095825,2.369999885559082,2.369999885559082,482241.0
2026-08-06,2.4000000953674316,2.4000000953674316,2.2799999713897705,2.309999942779541,2.309999942779541,1228677.0
2026-08-07,2.2899999618530273,2.359999895095825,2.2799999713897705,2.319999933242798,2.319999933242798,550200.0
2026-08-10,2.3399999141693115,2.369999885559082,2.309999942779541,2.319999933242798,2.319999933242798,1043089.0
2026-08-11,2.319999933242798,2.3399999141693115,2.2799999713897705,2.319999933242798,2.319999933242798,1513402.0
2026-08-12,2.2899999618530273,2.380000114440918,2.259999990463257,2.3399999141693115,2.3399999141693115,748908.0
2026-08-13,2.430000066757202,2.430000066757202,2.3299999237060547,2.359999895095825,2.359999895095825,1247382.0
2026-08-14,2.369999885559082,2.380000114440918,2.309999942779541,2.319999933242798,2.319999933242798,837890.0
2026-08-17,2.319999933242798,2.3399999141693115,2.299999952316284,2.3299999237060547,2.3299999237060547,653350.0
2026-08-18,2.3399999141693115,2.3399999141693115,2.25,2.2699999809265137,2.2699999809265137,1383832.0
2026-08-19,2.259999990463257,2.2899999618530273,2.240000009536743,2.25,2.25,882925.0
2026-08-20,2.259999990463257,2.2899999618530273,2.240000009536743,2.259999990463257,2.259999990463257,715452.0
2026-08-21,2.2799999713897705,2.7100000381469727,2.25,2.7100000381469727,2.7100000381469727,5991494.0
2026-08-24,2.890000104904175,3.190000057220459,2.859999895095825,3.0399999618530273,3.0399999618530273,15635199.0
2026-08-25,3.0999999046325684,3.1600000858306885,2.940000057220459,3.0799999237060547,3.0799999237060547,7634029.0
2026-08-26,3.0799999237060547,3.119999885559082,2.9800000190734863,3.009999990463257,3.009999990463257,2324082.0
2026-08-27,3.0399999618530273,3.0799999237060547,2.950000047683716,2.9600000381469727,2.9600000381469727,1666013.0
2026-08-28,2.9700000286102295,3.059999942779541,2.9700000286102295,3.0199999809265137,3.0199999809265137,1373143.0
2026-08-31,3.0299999713897705,3.0799999237060547,2.809999942779541,2.8299999237060547,2.8299999237060547,1903856.0
2026-09-01,2.890000104904175,2.950000047683716,2.819999933242798,2.8499999046325684,2.8499999046325684,1287786.0
2026-09-02,2.859999895095825,2.890000104904175,2.819999933242798,2.8499999046325684,2.8499999046325684,915190.0
2026-09-03,2.859999895095825,2.890000104904175,2.819999933242798,2.8299999237060547,2.8299999237060547,786673.0
2026-09-04,2.8299999237060547,2.869999885559082,2.799999952316284,2.8299999237060547,2.8299999237060547,1205958.0
2026-09-07,2.8299999237060547,3.059999942779541,2.7899999618530273,2.9800000190734863,2.9800000190734863,2614796.0
2026-09-08,3.0199999809265137,3.0299999713897705,2.9100000858306885,2.9200000762939453,2.9200000762939453,1104958.0
2026-09-09,2.930000066757202,3.0,2.880000114440918,2.930000066757202,2.930000066757202,1338011.0
2026-09-10,2.9800000190734863,2.9800000190734863,2.890000104904175,2.9000000953674316,2.9000000953674316,876630.0
2026-09-11,2.950000047683716,2.950000047683716,2.819999933242798,2.859999895095825,2.859999895095825,711856.0
2026-09-15,2.869999885559082,2.880000114440918,2.6500000953674316,2.75,2.75,1065268.0
