date,open,high,low,close,adjclose,volume
2021-09-15,130.5,134.25,130.3125,133.4250030517578,104.94816589355467,20064238.0
2021-09-16,134.21249389648438,136.2375030517578,133.72500610351562,134.58749389648438,105.86255645751952,16214883.0
2021-09-17,134.66250610351562,135.3000030517578,132.5625,134.10000610351562,105.47911071777344,21219226.0
2021-09-20,132.89999389648438,134.39999389648438,131.3249969482422,132.75,104.41725158691406,7833069.0
2021-09-21,132.03750610351562,133.8000030517578,131.58749389648438,131.9250030517578,103.76831817626952,9481007.0
2021-09-22,131.85000610351562,133.08749389648438,131.85000610351562,132.5625,104.26976776123048,9165634.0
2021-09-23,132.75,134.0625,132.75,133.6875,105.15464782714844,10295913.0
2021-09-24,133.72500610351562,134.625,131.85000610351562,132.1125030517578,103.91580200195312,7093411.0
2021-09-27,132.375,132.8625030517578,131.3249969482422,132.0,103.82730102539062,5205649.0
2021-09-28,132.6374969482422,141.6750030517578,132.0749969482422,137.96249389648438,108.5172348022461,38873626.0
2021-09-29,137.625,147.22500610351562,136.83749389648438,146.28750610351562,115.06544494628906,53686662.0
2021-09-30,146.21249389648438,148.5,141.4875030517578,142.4250030517578,112.02730560302734,23618199.0
2021-10-01,143.10000610351562,145.125,142.2375030517578,143.8874969482422,113.17765045166016,16994903.0
2021-10-04,144.0,144.78750610351562,142.53750610351562,143.7375030517578,113.05968475341795,10757286.0
2021-10-05,143.7375030517578,146.3249969482422,142.0124969482422,142.46249389648438,112.05680847167967,17200858.0
2021-10-06,143.96249389648438,144.1125030517578,140.0625,140.6999969482422,110.67047119140624,8929507.0
2021-10-07,143.25,143.66250610351562,140.6999969482422,141.22500610351562,111.08342742919922,6733699.0
2021-10-08,141.75,142.6125030517578,140.25,140.77499389648438,110.72945404052734,8165175.0
2021-10-11,142.5,146.3249969482422,141.97500610351562,145.08749389648438,114.12152099609376,12982042.0
2021-10-12,145.4250030517578,145.9875030517578,143.7375030517578,145.0124969482422,114.0625457763672,8539966.0
2021-10-13,146.3249969482422,153.375,145.6125030517578,149.5500030517578,117.63162994384766,33075614.0
2021-10-14,150.14999389648438,154.46249389648438,148.6875,153.4875030517578,120.72875213623048,19185455.0
2021-10-18,157.35000610351562,157.46249389648438,151.6125030517578,152.85000610351562,120.22727966308594,38546365.0
2021-10-19,153.0,153.60000610351562,147.75,148.9875030517578,117.18919372558594,16174177.0
2021-10-20,150.0,150.1875,145.0124969482422,145.7624969482422,114.6524887084961,21909934.0
2021-10-21,147.1875,148.0124969482422,145.125,145.53750610351562,114.47551727294922,16946547.0
2021-10-22,146.9250030517578,147.75,143.4375,145.83749389648438,114.7114715576172,7705870.0
2021-10-25,145.83749389648438,146.25,142.875,144.4875030517578,113.64962005615234,7862419.0
2021-10-26,144.4499969482422,144.71249389648438,142.27499389648438,142.8000030517578,112.32227325439452,8525850.0
2021-10-27,142.6125030517578,143.8874969482422,141.41250610351562,142.6875,112.23379516601562,9862679.0
2021-10-28,143.02499389648438,143.3249969482422,138.9375,139.4250030517578,109.66759490966795,11095238.0
2021-10-29,140.1750030517578,141.4875030517578,135.97500610351562,138.78750610351562,109.1661605834961,12988035.0
2021-11-01,138.4499969482422,141.375,138.41250610351562,140.8125,110.75896453857422,5475153.0
2021-11-02,141.4875030517578,143.4375,138.8625030517578,139.125,109.43163299560548,10946890.0
2021-11-03,139.125,140.47500610351562,137.25,137.96249389648438,108.5172348022461,13957727.0
2021-11-04,138.71249389648438,139.3874969482422,138.1875,138.78750610351562,109.1661605834961,830214.0
2021-11-08,140.6999969482422,142.7624969482422,138.4499969482422,141.8625030517578,111.58485412597656,11947323.0
2021-11-09,142.7624969482422,142.7624969482422,138.97500610351562,139.91250610351562,110.05105590820312,10381150.0
2021-11-10,139.46249389648438,139.875,137.66250610351562,138.3000030517578,108.78269958496094,13857851.0
2021-11-11,138.75,138.9375,135.52499389648438,136.6125030517578,107.45536041259766,8851354.0
2021-11-12,137.77499389648438,137.77499389648438,135.22500610351562,136.5,107.36688995361328,9590673.0
2021-11-15,136.64999389648438,141.5625,136.5,141.22500610351562,111.08342742919922,24821341.0
2021-11-16,141.75,143.5124969482422,139.875,140.6999969482422,110.67047119140624,23206330.0
2021-11-17,140.25,145.35000610351562,140.25,143.28750610351562,112.70572662353516,18359498.0
2021-11-18,143.8874969482422,145.83749389648438,143.28750610351562,144.375,113.56111907958984,10742933.0
2021-11-22,145.8000030517578,147.75,144.0,145.64999389648438,114.56398010253906,25095721.0
2021-11-23,144.9375,151.8000030517578,144.8625030517578,151.3874969482422,119.07693481445312,19671538.0
2021-11-24,151.64999389648438,155.58749389648438,151.5,152.47500610351562,119.9323501586914,18120478.0
2021-11-25,151.9499969482422,153.75,150.9375,153.1875,120.4927749633789,18537454.0
2021-11-26,153.03750610351562,153.71249389648438,150.60000610351562,151.5,119.16543579101562,12814537.0
2021-11-29,149.25,153.0,148.875,150.1875,118.13306427001952,16066147.0
2021-11-30,150.22500610351562,157.125,150.22500610351562,155.0625,121.96758270263672,37739647.0
2021-12-01,155.25,156.5625,153.52499389648438,155.39999389648438,122.23303985595705,20332817.0
2021-12-02,156.75,162.0,154.875,160.875,126.53953552246094,33758843.0
2021-12-03,159.8625030517578,162.33749389648438,154.125,154.5749969482422,121.58412170410156,47614182.0
2021-12-06,155.5124969482422,156.0,151.0124969482422,151.5,119.16543579101562,11322446.0
2021-12-07,151.9499969482422,155.21249389648438,151.6125030517578,154.35000610351562,121.4071807861328,8049102.0
2021-12-08,153.8625030517578,155.7375030517578,152.66250610351562,153.60000610351562,120.81723022460938,8788449.0
2021-12-09,154.125,154.83749389648438,151.5749969482422,152.39999389648438,119.87335205078124,5755422.0
2021-12-10,153.1875,153.1875,151.3874969482422,151.9875030517578,119.54889678955078,6164402.0
2021-12-13,154.125,157.2375030517578,152.77499389648438,153.3000030517578,120.5812530517578,21648126.0
2021-12-14,153.0749969482422,159.8625030517578,152.39999389648438,159.1875,125.21218872070312,48042035.0
2021-12-15,159.8249969482422,161.7375030517578,155.85000610351562,157.3874969482422,123.7963638305664,15207306.0
2021-12-16,158.5500030517578,158.85000610351562,154.72500610351562,156.14999389648438,122.82296752929688,13410737.0
2021-12-17,156.14999389648438,157.875,153.78750610351562,157.46249389648438,123.8553695678711,15209414.0
2021-12-20,158.0625,159.4875030517578,155.625,157.3874969482422,123.7963638305664,22539246.0
2021-12-21,158.58749389648438,158.8125,153.60000610351562,154.9499969482422,121.87909698486328,17566511.0
2021-12-22,149.85000610351562,152.25,148.5,151.16250610351562,123.06982421875,14750231.0
2021-12-23,151.875,157.1999969482422,151.53750610351562,156.2624969482422,127.22200775146484,15932489.0
2021-12-24,156.14999389648438,156.52499389648438,153.6374969482422,154.0500030517578,125.42069244384766,8975969.0
2021-12-27,154.0500030517578,155.4375,153.75,154.5749969482422,125.8480987548828,8648187.0
2021-12-28,154.9875030517578,156.4875030517578,152.47500610351562,154.1999969482422,125.54280853271484,15736206.0
2021-12-29,152.25,154.4250030517578,152.02499389648438,153.4499969482422,124.9321746826172,17172943.0
2021-12-30,153.4499969482422,158.5500030517578,151.2375030517578,154.0124969482422,125.3901596069336,87481206.0
2021-12-31,153.0,154.64999389648438,152.66250610351562,153.3000030517578,124.81005096435548,9842223.0
2022-01-03,154.0500030517578,155.21249389648438,153.1125030517578,153.75,125.17642974853516,7410054.0
2022-01-04,154.72500610351562,159.75,154.125,157.9499969482422,128.59588623046875,14784090.0
2022-01-05,157.5,158.5124969482422,156.03750610351562,156.4875030517578,127.40518951416016,9565107.0
2022-01-06,155.8125,156.52499389648438,153.4875030517578,154.46249389648438,125.75650787353516,5615931.0
2022-01-07,155.21249389648438,156.375,153.375,153.89999389648438,125.29855346679688,11908249.0
2022-01-10,155.4375,155.4375,152.58749389648438,153.0,124.56581115722656,11085710.0
2022-01-11,153.41250610351562,154.35000610351562,152.625,152.8874969482422,124.47421264648438,7208789.0
2022-01-12,154.5,155.02499389648438,153.2624969482422,153.71249389648438,125.14590454101562,11018139.0
2022-01-13,155.6999969482422,158.625,154.91250610351562,156.0,127.00828552246094,20522807.0
2022-01-14,155.96249389648438,157.2375030517578,154.91250610351562,155.8125,126.85560607910156,14183654.0
2022-01-17,156.8625030517578,157.16250610351562,154.35000610351562,154.7624969482422,126.00076293945312,7574539.0
2022-01-18,154.6875,155.8874969482422,153.4499969482422,153.8625030517578,125.26803588867188,8475422.0
2022-01-19,154.5,155.5500030517578,150.78750610351562,153.4875030517578,124.96273040771484,13724367.0
2022-01-20,155.3249969482422,161.5124969482422,154.0500030517578,160.9875030517578,131.06887817382812,30170343.0
2022-01-21,160.4250030517578,164.4375,159.75,161.3249969482422,131.34364318847656,29509593.0
2022-01-24,162.3000030517578,163.3125,158.625,160.5,130.67196655273438,12850189.0
2022-01-25,160.125,165.14999389648438,158.96249389648438,164.1374969482422,133.63348388671875,27389035.0
2022-01-27,163.5,164.47500610351562,159.2624969482422,161.1374969482422,131.19100952148438,28512473.0
2022-01-28,163.125,163.125,156.9375,157.64999389648438,128.35162353515625,18932049.0
2022-01-31,159.0,162.5625,158.39999389648438,161.5500030517578,131.52685546875,19907759.0
2022-02-01,162.75,162.78750610351562,158.47500610351562,159.71249389648438,130.03082275390625,8622355.0
2022-02-02,161.1374969482422,163.35000610351562,159.9375,160.5,130.67196655273438,9921099.0
2022-02-03,160.5,161.25,158.25,158.47500610351562,129.02333068847656,4594389.0
2022-02-04,159.0,160.0124969482422,156.8249969482422,157.27499389648438,128.04632568359375,7329263.0
2022-02-07,158.28750610351562,160.72500610351562,157.5,160.2375030517578,130.458251953125,7869237.0
2022-02-08,160.5,161.5500030517578,156.375,157.53750610351562,128.26007080078125,9074237.0
2022-02-09,157.9499969482422,158.7375030517578,156.52499389648438,157.0124969482422,127.83260345458984,9833985.0
2022-02-10,157.53750610351562,161.77499389648438,157.53750610351562,159.03750610351562,129.48129272460938,19180334.0
2022-02-11,157.64999389648438,159.0,155.28750610351562,155.85000610351562,126.88617706298828,20071130.0
2022-02-14,155.21249389648438,155.21249389648438,150.9375,151.3874969482422,123.25298309326172,12109375.0
2022-02-15,151.5,152.8874969482422,149.25,152.58749389648438,124.2299575805664,19046061.0
2022-02-16,148.9499969482422,150.75,146.77499389648438,147.22500610351562,123.19448852539062,20270061.0
2022-02-17,148.6875,149.1374969482422,147.0,147.75,123.63380432128906,16405551.0
2022-02-18,147.60000610351562,150.1125030517578,146.4375,146.77499389648438,122.81790924072266,14600643.0
2022-02-21,146.77499389648438,149.25,146.66250610351562,148.6125030517578,124.35549926757812,10682638.0
2022-02-22,145.64999389648438,148.83749389648438,143.85000610351562,148.6125030517578,124.35549926757812,13606058.0
2022-02-23,148.7624969482422,149.625,148.1999969482422,148.53750610351562,124.292724609375,6493463.0
2022-02-24,145.5,147.0,142.4250030517578,143.3249969482422,119.9310302734375,13145037.0
2022-02-25,144.41250610351562,148.4250030517578,144.1125030517578,147.97500610351562,123.82205963134766,10920938.0
2022-02-28,148.08749389648438,157.6875,147.03750610351562,156.8625030517578,131.2589111328125,31938385.0
2022-03-02,155.8125,159.8625030517578,154.64999389648438,158.1750030517578,132.35719299316406,20502615.0
2022-03-03,158.02499389648438,164.5124969482422,158.02499389648438,163.3874969482422,136.7188720703125,19805555.0
2022-03-04,161.96249389648438,163.125,158.21249389648438,161.28750610351562,134.96163940429688,12794317.0
2022-03-07,157.875,161.39999389648438,156.6374969482422,159.60000610351562,133.5496063232422,17635653.0
2022-03-08,160.5,167.5500030517578,157.35000610351562,159.2624969482422,133.2671661376953,28410490.0
2022-03-09,161.3625030517578,162.0,154.9499969482422,156.0749969482422,130.59994506835938,22830958.0
2022-03-10,158.25,158.5500030517578,155.28750610351562,156.6374969482422,131.07061767578125,16516553.0
2022-03-11,156.97500610351562,159.75,155.8125,159.33749389648438,133.3299102783203,12992850.0
2022-03-14,159.33749389648438,160.5,157.1999969482422,160.0500030517578,133.92611694335938,12598659.0
2022-03-15,159.89999389648438,161.28750610351562,156.22500610351562,157.2375030517578,131.5727081298828,14528285.0
2022-03-16,158.4375,158.85000610351562,156.71249389648438,157.0124969482422,131.38441467285156,11933774.0
2022-03-17,159.0,159.5625,155.8125,158.66250610351562,132.76512145996094,28464621.0
2022-03-21,162.0,162.0,153.375,153.6750030517578,128.5916748046875,17797415.0
2022-03-22,153.75,157.125,153.03750610351562,156.52499389648438,130.9764862060547,13285297.0
2022-03-23,157.125,157.9499969482422,156.22500610351562,157.5749969482422,131.85511779785156,9408783.0
2022-03-24,157.5,158.39999389648438,156.0,158.0625,132.26303100585938,11188958.0
2022-03-25,158.0625,158.10000610351562,155.02499389648438,157.2375030517578,131.5727081298828,9842670.0
2022-03-28,157.2375030517578,159.5625,155.625,159.22500610351562,133.2357940673828,12823578.0
2022-03-29,160.3874969482422,160.83749389648438,157.27499389648438,158.47500610351562,132.60821533203125,10470515.0
2022-03-30,159.8249969482422,164.02499389648438,158.85000610351562,162.8249969482422,136.24818420410156,54218485.0
2022-03-31,161.66250610351562,162.9375,161.0625,162.60000610351562,136.05992126464844,10326026.0
2022-04-01,162.0749969482422,169.3125,162.0749969482422,168.78750610351562,141.2374725341797,39663961.0
2022-04-04,169.5,171.0749969482422,168.03750610351562,170.5500030517578,142.71229553222656,9907530.0
2022-04-05,172.46249389648438,175.9499969482422,170.1750030517578,174.78750610351562,146.25814819335938,17167487.0
2022-04-06,173.5124969482422,178.83749389648438,173.3625030517578,177.4875030517578,148.5174560546875,17153675.0
2022-04-07,176.96249389648438,179.9250030517578,172.5,173.5124969482422,145.19122314453125,11913911.0
2022-04-08,174.75,175.5749969482422,172.9499969482422,174.4499969482422,145.97569274902344,6746769.0
2022-04-11,174.375,176.66250610351562,171.3000030517578,173.1750030517578,144.90884399414062,12413822.0
2022-04-12,171.9375,175.2375030517578,171.4499969482422,174.8249969482422,146.2895050048828,14769907.0
2022-04-13,176.21249389648438,176.5124969482422,170.66250610351562,172.125,144.03021240234375,11015439.0
2022-04-18,172.125,173.85000610351562,170.66250610351562,173.3249969482422,145.0343475341797,19069923.0
2022-04-19,174.52499389648438,175.0124969482422,169.875,170.8874969482422,142.99468994140625,15036942.0
2022-04-20,171.1875,171.75,167.58749389648438,170.25,142.46124267578125,9814641.0
2022-04-21,169.5749969482422,171.4875030517578,168.9375,170.4375,142.61814880371094,11134333.0
2022-04-22,168.78750610351562,172.64999389648438,168.52499389648438,169.08749389648438,141.48849487304688,12032249.0
2022-04-25,167.96249389648438,170.1750030517578,166.125,167.1374969482422,139.85678100585938,11042683.0
2022-04-26,170.25,174.14999389648438,168.2624969482422,173.6999969482422,145.34814453125,15389155.0
2022-04-27,173.5124969482422,174.6374969482422,170.58749389648438,171.97500610351562,143.90469360351562,12680209.0
2022-04-28,175.0500030517578,177.1875,172.53750610351562,176.6999969482422,147.8584747314453,18378146.0
2022-04-29,176.3249969482422,177.2624969482422,170.28750610351562,170.8125,142.9319305419922,9026331.0
2022-05-02,169.4250030517578,174.9375,169.4250030517578,173.66250610351562,145.3167724609375,12634353.0
2022-05-04,174.75,179.58749389648438,174.6750030517578,178.1999969482422,149.11363220214844,23124643.0
2022-05-05,178.8000030517578,180.4875030517578,174.6374969482422,175.3125,146.69744873046875,16481935.0
2022-05-06,173.58749389648438,179.3625030517578,173.58749389648438,178.8000030517578,149.61570739746094,17715186.0
2022-05-09,179.25,184.8374938964844,176.7375030517578,183.8625030517578,153.8518829345703,54118806.0
2022-05-10,184.3500061035156,186.2624969482422,181.875,182.7375030517578,152.91050720214844,30997494.0
2022-05-11,183.0,186.0,179.02499389648438,179.39999389648438,150.11778259277344,15412618.0
2022-05-12,179.25,181.4250030517578,174.1125030517578,176.9250030517578,148.04672241210938,26538994.0
2022-05-13,179.8874969482422,179.8874969482422,174.8249969482422,177.22500610351562,148.29776000976562,15074553.0
2022-05-16,176.625,178.4250030517578,174.75,176.39999389648438,147.60740661621094,7960529.0
2022-05-17,176.1750030517578,179.47500610351562,174.5625,178.9875030517578,149.77259826660156,15470937.0
2022-05-18,178.125,178.6875,170.3249969482422,170.9250030517578,143.02609252929688,19181550.0
2022-05-19,167.25,172.2375030517578,166.2375030517578,171.22500610351562,143.277099609375,15085602.0
2022-05-20,173.0625,174.8249969482422,170.0625,171.78750610351562,143.74778747558594,15148281.0
2022-05-23,174.0,174.0,168.14999389648438,168.4499969482422,140.95504760742188,11572501.0
2022-05-24,168.75,172.2375030517578,168.4499969482422,170.25,142.46124267578125,16336858.0
2022-05-25,171.3000030517578,172.0500030517578,166.91250610351562,168.6374969482422,141.11196899414062,11062614.0
2022-05-26,170.25,171.8249969482422,167.9250030517578,170.39999389648438,142.58677673339844,14150454.0
2022-05-27,171.4499969482422,171.4875030517578,167.5500030517578,168.52499389648438,141.017822265625,8430491.0
2022-05-30,168.375,172.4250030517578,168.22500610351562,171.1875,143.24575805664062,9305758.0
2022-05-31,171.1875,176.3625030517578,171.14999389648438,174.6750030517578,146.1640167236328,26351545.0
2022-06-01,174.1125030517578,174.75,171.1125030517578,171.89999389648438,143.84194946289062,10282009.0
2022-06-02,172.0500030517578,172.0500030517578,168.41250610351562,169.16250610351562,141.55125427246094,10071898.0
2022-06-03,169.5,171.0749969482422,168.75,169.5,141.83367919921875,16082518.0
2022-06-06,169.5,170.58749389648438,167.66250610351562,168.60000610351562,141.08056640625,12693293.0
2022-06-07,167.96249389648438,169.6875,167.77499389648438,168.75,141.2061004638672,9103195.0
2022-06-08,167.28750610351562,169.875,167.28750610351562,168.41250610351562,140.92367553710938,11240130.0
2022-06-09,168.52499389648438,169.27499389648438,165.75,168.6374969482422,141.11196899414062,9468041.0
2022-06-10,166.53750610351562,170.58749389648438,166.53750610351562,168.33749389648438,140.86093139648438,9019239.0
2022-06-13,166.3874969482422,169.125,166.125,166.7624969482422,139.54298400878906,10186775.0
2022-06-14,166.7624969482422,170.47500610351562,166.5,167.96249389648438,140.547119140625,17023962.0
2022-06-15,168.1875,169.72500610351562,166.4250030517578,166.6875,139.480224609375,5898563.0
2022-06-16,167.5124969482422,168.22500610351562,161.7375030517578,162.2624969482422,135.77749633789062,11883333.0
2022-06-17,160.64999389648438,162.6750030517578,157.6875,158.5124969482422,132.6395721435547,19675226.0
2022-06-20,156.8249969482422,158.1750030517578,154.7624969482422,156.1875,130.69410705566406,7402273.0
2022-06-21,156.78750610351562,159.8625030517578,155.47500610351562,157.7624969482422,132.0120086669922,9459619.0
2022-06-22,158.10000610351562,158.4375,156.14999389648438,157.9875030517578,132.20028686523438,10257637.0
2022-06-23,157.5749969482422,158.77499389648438,154.6125030517578,156.41250610351562,130.88235473632812,13114525.0
2022-06-24,159.0,159.0,155.8125,156.71249389648438,131.13340759277344,9499105.0
2022-06-27,160.0124969482422,160.0124969482422,157.2375030517578,158.66250610351562,132.76512145996094,17545390.0
2022-06-28,157.16250610351562,158.66250610351562,156.2624969482422,157.72500610351562,131.98062133789062,6770087.0
2022-06-29,156.8249969482422,161.25,156.33749389648438,158.3249969482422,132.48269653320312,41502918.0
2022-06-30,158.625,161.0625,157.8000030517578,158.9250030517578,132.98475646972656,22260722.0
2022-07-01,158.28750610351562,159.6750030517578,153.89999389648438,154.875,129.59580993652344,11133663.0
2022-07-04,153.78750610351562,159.1125030517578,153.78750610351562,158.02499389648438,132.23165893554688,20178279.0
2022-07-05,158.25,161.96249389648438,158.21249389648438,160.6125030517578,134.3968048095703,20083997.0
2022-07-06,160.5,160.6125030517578,156.14999389648438,157.83749389648438,132.0747528076172,19203527.0
2022-07-07,159.9375,161.47500610351562,159.0749969482422,159.41250610351562,133.3927001953125,14069302.0
2022-07-08,160.5,164.5500030517578,159.4875030517578,164.10000610351562,137.31509399414062,17142257.0
2022-07-11,165.0,165.9375,162.14999389648438,162.78750610351562,136.21682739257812,10826079.0
2022-07-12,161.3249969482422,162.71249389648438,159.8625030517578,160.125,133.9888916015625,8503695.0
2022-07-13,160.875,162.52499389648438,160.08749389648438,160.83749389648438,134.58509826660156,10210005.0
2022-07-14,164.4375,164.4375,159.6374969482422,161.1374969482422,134.83612060546875,10898403.0
2022-07-15,162.75,162.75,156.60000610351562,156.97500610351562,131.35301208496094,22067479.0
2022-07-18,157.7624969482422,159.3000030517578,156.6750030517578,157.6875,131.94920349121094,15155654.0
2022-07-19,157.4250030517578,158.625,157.1999969482422,157.5,131.79234313964844,14922395.0
2022-07-20,158.47500610351562,159.22500610351562,156.375,156.9375,131.3216552734375,14181034.0
2022-07-21,157.46249389648438,159.89999389648438,157.08749389648438,159.22500610351562,133.2357940673828,12461554.0
2022-07-22,160.46249389648438,160.46249389648438,157.125,157.5,131.79234313964844,9272199.0
2022-07-25,157.5,158.25,155.5500030517578,155.9250030517578,130.4744415283203,6635194.0
2022-07-26,155.9250030517578,158.25,155.3249969482422,156.8249969482422,131.2275390625,11451315.0
2022-07-27,157.4250030517578,158.25,157.0500030517578,157.9875030517578,132.20028686523438,9209354.0
2022-07-28,158.25,161.10000610351562,157.53750610351562,160.64999389648438,134.42819213867188,13192642.0
2022-07-29,162.3000030517578,163.35000610351562,159.6374969482422,160.46249389648438,134.2712860107422,15433067.0
2022-08-01,161.28750610351562,165.1125030517578,160.6125030517578,164.21249389648438,137.40919494628906,12136557.0
2022-08-02,164.96249389648438,167.5500030517578,163.0124969482422,166.9499969482422,139.6998748779297,17748747.0
2022-08-03,167.5124969482422,168.5625,164.7375030517578,167.6999969482422,140.32748413085938,12406038.0
2022-08-04,168.0,168.14999389648438,164.3249969482422,165.60000610351562,138.5702362060547,9712267.0
2022-08-05,166.27499389648438,168.5625,164.1374969482422,167.7375030517578,140.35885620117188,14099223.0
2022-08-08,168.75,169.72500610351562,165.8249969482422,166.4250030517578,139.26058959960938,8392041.0
2022-08-10,165.5625,168.6750030517578,165.41250610351562,167.625,140.2647247314453,8585266.0
2022-08-11,168.4875030517578,170.1750030517578,166.27499389648438,167.1374969482422,139.85678100585938,5040626.0
2022-08-12,167.25,171.4499969482422,166.5,171.03750610351562,143.12022399902344,13279062.0
2022-08-16,171.89999389648438,172.46249389648438,170.28750610351562,171.6374969482422,143.62228393554688,11298246.0
2022-08-17,171.6374969482422,173.21249389648438,170.77499389648438,171.375,143.40261840820312,11225465.0
2022-08-18,170.96249389648438,173.77499389648438,170.8125,173.5124969482422,145.19122314453125,11360485.0
2022-08-19,171.33749389648438,172.27499389648438,169.27499389648438,171.1125030517578,144.5891876220703,9829530.0
2022-08-22,171.0749969482422,173.10000610351562,169.2375030517578,169.46249389648438,143.1949462890625,9190493.0
2022-08-23,168.71249389648438,171.6374969482422,168.14999389648438,170.66250610351562,144.2089385986328,8903751.0
2022-08-24,170.5124969482422,172.46249389648438,169.875,172.08749389648438,145.4130401611328,13007225.0
2022-08-25,172.875,173.25,168.8249969482422,169.72500610351562,143.416748046875,12124365.0
2022-08-26,169.9499969482422,173.39999389648438,169.9499969482422,172.83749389648438,146.04678344726562,7966045.0
2022-08-29,171.1875,171.6750030517578,169.1999969482422,170.28750610351562,143.89205932617188,7517013.0
2022-08-30,171.14999389648438,172.6875,171.0749969482422,172.1999969482422,145.5081024169922,7214498.0
2022-09-01,168.78750610351562,172.5749969482422,168.75,169.5749969482422,143.29000854492188,13109081.0
2022-09-02,170.625,171.6374969482422,167.85000610351562,168.14999389648438,142.0858612060547,6897237.0
2022-09-05,168.75,169.16250610351562,166.27499389648438,167.5500030517578,141.57888793945312,18055474.0
2022-09-06,168.0,171.0,168.0,168.78750610351562,142.6245880126953,14103701.0
2022-09-07,167.28750610351562,170.21249389648438,167.28750610351562,168.3000030517578,142.212646484375,7866745.0
2022-09-08,169.5,170.1750030517578,167.58749389648438,168.3000030517578,142.212646484375,7187735.0
2022-09-09,169.53750610351562,169.6125030517578,166.875,167.1750030517578,141.26202392578125,9162027.0
2022-09-12,167.66250610351562,168.52499389648438,166.64999389648438,167.96249389648438,141.92742919921875,8778919.0
2022-09-13,168.22500610351562,170.625,167.85000610351562,170.10000610351562,143.733642578125,11278383.0
2022-09-14,168.75,174.89999389648438,168.52499389648438,174.41250610351562,147.377685546875,25072958.0
2022-09-15,175.08749389648438,178.6875,174.2624969482422,178.1999969482422,150.5780792236328,23606369.0
2022-09-16,178.8000030517578,178.83749389648438,175.0500030517578,176.7375030517578,149.34228515625,29399642.0
2022-09-19,176.96249389648438,178.5749969482422,173.7375030517578,174.8625030517578,147.75791931152344,13920046.0
2022-09-20,175.5,177.1875,174.0749969482422,174.52499389648438,147.4727020263672,20162973.0
2022-09-21,175.3874969482422,175.7624969482422,168.22500610351562,170.28750610351562,143.89205932617188,14468837.0
2022-09-22,168.0,169.8000030517578,164.3625030517578,165.0749969482422,139.48751831054688,26264530.0
2022-09-23,163.72500610351562,164.8125,148.5749969482422,151.91250610351562,128.36529541015625,87162722.0
2022-09-26,150.0,157.0124969482422,139.7624969482422,150.6374969482422,127.28791046142578,167547134.0
2022-09-27,154.35000610351562,155.9250030517578,150.9375,153.6374969482422,129.82289123535156,54127095.0
2022-09-28,153.89999389648438,157.8000030517578,151.91250610351562,155.77499389648438,131.62904357910156,52877873.0
2022-09-29,156.71249389648438,159.0749969482422,154.53750610351562,156.0,131.81918334960938,36761869.0
2022-09-30,155.25,164.02499389648438,155.25,159.14999389648438,134.48094177246094,62897614.0
2022-10-03,159.75,160.9875030517578,156.75,158.10000610351562,133.59368896484375,11740863.0
2022-10-04,159.0749969482422,159.2624969482422,156.0,156.33749389648438,132.10435485839844,19179333.0
2022-10-06,156.6374969482422,158.1750030517578,154.1999969482422,154.72500610351562,130.74183654785156,20692745.0
2022-10-07,153.0,157.3125,153.0,157.0500030517578,132.70643615722656,14282850.0
2022-10-10,155.96249389648438,158.96249389648438,155.66250610351562,156.71249389648438,132.4212646484375,16834226.0
2022-10-11,157.5,158.58749389648438,154.91250610351562,156.2624969482422,132.04100036621094,17807162.0
2022-10-12,157.83749389648438,161.96249389648438,157.0124969482422,161.66250610351562,136.60398864746094,35288330.0
2022-10-13,161.21249389648438,162.97500610351562,159.9375,160.46249389648438,135.58998107910156,16436903.0
2022-10-14,163.5,163.5,158.66250610351562,159.4875030517578,134.76611328125,23365190.0
2022-10-17,158.96249389648438,161.21249389648438,158.25,158.8874969482422,134.25912475585938,9520537.0
2022-10-18,159.71249389648438,161.25,158.66250610351562,159.2624969482422,134.57598876953125,13256574.0
2022-10-19,159.75,162.6750030517578,159.71249389648438,160.4250030517578,135.55831909179688,11595367.0
2022-10-20,159.41250610351562,163.5,159.2624969482422,163.125,137.83978271484375,16371066.0
2022-10-21,161.5124969482422,164.1750030517578,160.5,162.97500610351562,137.71304321289062,11634491.0
2022-10-24,164.85000610351562,165.1875,163.9499969482422,164.1374969482422,138.6953582763672,1132859.0
2022-10-25,164.1374969482422,164.5500030517578,160.6875,163.875,138.47354125976562,20622687.0
2022-10-27,164.47500610351562,168.6374969482422,163.0124969482422,167.9250030517578,141.89578247070312,24298489.0
2022-10-28,167.85000610351562,171.75,167.39999389648438,170.10000610351562,143.733642578125,11669879.0
2022-10-31,170.96249389648438,172.6875,170.02499389648438,171.1125030517578,144.5891876220703,11755682.0
2022-11-01,172.9875030517578,176.9250030517578,172.35000610351562,176.3625030517578,149.02540588378906,15220278.0
2022-11-02,176.3625030517578,177.41250610351562,174.6374969482422,174.97500610351562,147.85299682617188,12884449.0
2022-11-03,174.75,175.1999969482422,170.02499389648438,171.03750610351562,144.52581787109375,9358215.0
2022-11-04,171.0,172.08749389648438,168.75,169.6125030517578,143.32168579101562,8059667.0
2022-11-07,170.47500610351562,173.9250030517578,169.8000030517578,171.0,144.49412536621094,14862038.0
2022-11-09,173.25,173.25,163.53750610351562,164.0625,138.63197326660156,22831150.0
2022-11-10,162.0,165.1125030517578,160.125,161.1750030517578,136.19203186035156,16217631.0
2022-11-11,162.0,163.3874969482422,160.16250610351562,160.53750610351562,135.6533660888672,12123886.0
2022-11-14,158.21249389648438,160.27499389648438,157.6875,158.5124969482422,137.1458282470703,18460862.0
2022-11-15,157.5,162.375,157.2375030517578,162.0,140.1632537841797,15258103.0
2022-11-16,161.96249389648438,163.08749389648438,160.08749389648438,162.8249969482422,140.87704467773438,9825807.0
2022-11-17,162.6750030517578,165.33749389648438,162.1875,163.72500610351562,141.65570068359375,9449665.0
2022-11-18,163.7624969482422,164.10000610351562,162.6374969482422,163.7624969482422,141.6881561279297,5828998.0
2022-11-21,163.125,164.625,162.375,164.28750610351562,142.14239501953125,4712051.0
2022-11-22,163.875,164.39999389648438,162.6750030517578,163.35000610351562,141.33126831054688,4366445.0
2022-11-23,163.6875,164.10000610351562,160.6875,161.3625030517578,139.61166381835938,13510578.0
2022-11-24,161.5500030517578,165.75,161.3249969482422,165.5625,143.2455291748047,7622243.0
2022-11-25,165.5625,165.6750030517578,162.4499969482422,165.4499969482422,143.148193359375,10989671.0
2022-11-28,164.3625030517578,166.64999389648438,164.3625030517578,165.97500610351562,143.60243225097656,4526153.0
2022-11-29,165.97500610351562,166.6875,163.91250610351562,164.5124969482422,142.3370819091797,6476054.0
2022-11-30,164.5124969482422,168.71249389648438,163.2375030517578,168.0,145.35446166992188,17317951.0
2022-12-01,168.0,168.6374969482422,165.375,166.4250030517578,143.99179077148438,13241961.0
2022-12-02,163.91250610351562,166.125,163.91250610351562,164.85000610351562,142.62908935546875,12880949.0
2022-12-05,164.77499389648438,166.6875,162.89999389648438,166.4250030517578,143.99179077148438,16477957.0
2022-12-06,166.16250610351562,168.1125030517578,164.5500030517578,167.625,145.03001403808594,11299945.0
2022-12-07,167.1374969482422,168.0749969482422,165.33749389648438,165.78750610351562,143.44020080566406,5813973.0
2022-12-08,166.35000610351562,166.3874969482422,162.6750030517578,163.35000610351562,141.33126831054688,11176439.0
2022-12-09,163.8000030517578,164.21249389648438,161.77499389648438,162.89999389648438,140.94190979003906,6020031.0
2022-12-12,162.0,163.5,160.9499969482422,161.66250610351562,139.87124633789062,8194429.0
2022-12-13,161.66250610351562,162.60000610351562,159.78750610351562,162.22500610351562,140.35791015625,8235450.0
2022-12-14,162.22500610351562,165.41250610351562,162.22500610351562,164.39999389648438,142.23971557617188,10055353.0
2022-12-15,164.625,165.3000030517578,161.9250030517578,162.2624969482422,140.39035034179688,5385778.0
2022-12-16,161.25,163.64999389648438,159.4499969482422,159.89999389648438,138.34629821777344,11166617.0
2022-12-19,160.53750610351562,164.39999389648438,160.125,164.1750030517578,142.0450439453125,7758862.0
2022-12-20,164.1750030517578,164.1750030517578,160.4250030517578,162.97500610351562,141.00680541992188,6541929.0
2022-12-21,162.78750610351562,163.6875,160.3874969482422,162.03750610351562,140.1956787109375,7005861.0
2022-12-22,162.0749969482422,162.75,159.6374969482422,161.25,139.5143280029297,6961415.0
2022-12-23,160.0500030517578,161.47500610351562,157.83749389648438,158.4375,137.08094787597656,4554651.0
2022-12-26,158.625,160.6875,158.21249389648438,158.8874969482422,137.4702606201172,6864331.0
2022-12-27,159.71249389648438,161.39999389648438,158.85000610351562,159.4875030517578,137.98939514160156,13115851.0
2022-12-28,159.375,163.8000030517578,159.375,161.8125,140.00099182128906,16815549.0
2022-12-29,160.53750610351562,162.375,160.125,161.8125,140.00099182128906,22536873.0
2022-12-30,162.03750610351562,162.5625,159.9375,160.27499389648438,138.67074584960938,4643134.0
2023-01-02,160.91250610351562,161.625,159.75,161.28750610351562,139.54678344726562,5959394.0
2023-01-03,161.4375,162.14999389648438,160.7624969482422,161.6999969482422,139.90367126464844,2873110.0
2023-01-04,161.5500030517578,161.5500030517578,157.875,158.28750610351562,136.951171875,9954542.0
2023-01-05,158.9250030517578,158.9250030517578,154.9499969482422,156.60000610351562,135.49111938476562,21273509.0
2023-01-06,156.1125030517578,157.72500610351562,155.66250610351562,156.0749969482422,135.03689575195312,11510471.0
2023-01-09,156.89999389648438,158.96249389648438,153.1875,156.8249969482422,135.685791015625,52485126.0
2023-01-10,157.4250030517578,159.33749389648438,156.75,158.85000610351562,137.43783569335938,17248326.0
2023-01-11,159.14999389648438,159.78750610351562,157.5749969482422,158.96249389648438,137.53517150878906,9164361.0
2023-01-12,160.16250610351562,160.4250030517578,158.5500030517578,160.125,138.54098510742188,21179555.0
2023-01-13,160.1999969482422,161.5124969482422,159.97500610351562,160.5,138.8654327392578,6560245.0
2023-01-16,161.25,161.9250030517578,159.52499389648438,161.7375030517578,139.9361114501953,8362194.0
2023-01-17,161.7375030517578,164.02499389648438,161.1750030517578,163.8000030517578,141.72061157226562,13000571.0
2023-01-18,163.72500610351562,165.1125030517578,162.3000030517578,164.5124969482422,142.3370819091797,11171369.0
2023-01-19,164.10000610351562,165.9375,163.9875030517578,165.5625,143.2455291748047,11586815.0
2023-01-20,165.75,167.9250030517578,165.75,167.4375,144.86776733398438,10112645.0
2023-01-23,168.0,171.22500610351562,167.66250610351562,168.8249969482422,146.06826782226562,14393610.0
2023-01-24,169.6875,169.9499969482422,165.375,165.71249389648438,143.37530517578125,6150893.0
2023-01-25,165.52499389648438,165.9375,163.35000610351562,164.5500030517578,142.3695068359375,5790331.0
2023-01-27,164.47500610351562,166.08749389648438,162.75,164.4375,142.2721710205078,10458603.0
2023-01-30,163.5,164.1374969482422,157.91250610351562,158.8874969482422,137.4702606201172,24288177.0
2023-01-31,159.4499969482422,165.14999389648438,159.1125030517578,162.4875030517578,140.58502197265625,20997546.0
2023-02-01,168.75,168.75,160.1999969482422,162.41250610351562,140.52012634277344,20246369.0
2023-02-02,162.0,162.8249969482422,158.5124969482422,159.52499389648438,138.02183532714844,12820663.0
2023-02-03,159.89999389648438,161.3625030517578,157.8000030517578,161.1374969482422,139.41697692871094,10815686.0
2023-02-06,160.08749389648438,163.0124969482422,159.78750610351562,162.78750610351562,140.84458923339844,6948201.0
2023-02-07,163.5,163.64999389648438,161.3249969482422,162.6374969482422,140.71481323242188,10035526.0
2023-02-08,159.6374969482422,159.9375,157.83749389648438,159.0,140.81442260742188,12432719.0
2023-02-09,159.0,160.46249389648438,159.0,159.6374969482422,141.37901306152344,7011082.0
2023-02-10,158.9250030517578,160.83749389648438,158.8874969482422,160.5749969482422,142.20925903320312,10892159.0
2023-02-13,160.5749969482422,162.375,160.5,162.0,143.47132873535156,7710133.0
2023-02-14,162.78750610351562,162.78750610351562,159.5625,161.25,142.80709838867188,6010681.0
2023-02-15,159.9375,161.39999389648438,159.75,160.875,142.47499084472656,8107497.0
2023-02-16,162.6750030517578,162.6750030517578,160.5,160.9499969482422,142.54141235351562,3963115.0
2023-02-17,160.5,161.9250030517578,159.75,160.35000610351562,142.01004028320312,6491149.0
2023-02-20,161.6999969482422,162.75,160.64999389648438,161.85000610351562,143.33847045898438,6841917.0
2023-02-21,163.16250610351562,164.0625,162.03750610351562,162.89999389648438,144.26837158203125,6701434.0
2023-02-22,162.0,162.97500610351562,159.75,160.9875030517578,142.57461547851562,9128659.0
2023-02-23,161.25,161.9250030517578,159.4499969482422,159.9375,141.6446990966797,10345874.0
2023-02-24,159.3000030517578,161.5500030517578,159.3000030517578,161.28750610351562,142.84030151367188,9808830.0
2023-02-27,162.33749389648438,164.96249389648438,160.91250610351562,164.39999389648438,145.5968017578125,17763618.0
2023-02-28,165.4499969482422,167.25,164.0625,166.6875,147.6226806640625,36559278.0
2023-03-01,166.16250610351562,166.6875,163.0500030517578,164.1750030517578,145.39755249023438,12896085.0
2023-03-02,163.5,165.75,161.85000610351562,165.2624969482422,146.36065673828125,79708558.0
2023-03-03,165.3000030517578,169.08749389648438,165.3000030517578,166.5749969482422,147.52301025390625,9951869.0
2023-03-06,168.0,171.60000610351562,167.25,170.3625030517578,150.87734985351562,15659957.0
2023-03-08,170.21249389648438,171.2624969482422,169.27499389648438,171.03750610351562,151.47515869140625,11591495.0
2023-03-09,171.75,172.83749389648438,169.125,169.35000610351562,149.98065185546875,13941653.0
2023-03-10,166.6875,171.1125030517578,166.6875,169.91250610351562,150.47885131835938,9605434.0
2023-03-13,171.03750610351562,172.53750610351562,169.0500030517578,169.5749969482422,150.179931640625,13209653.0
2023-03-14,168.8625030517578,170.8125,168.0,168.89999389648438,149.58212280273438,9583405.0
2023-03-15,169.9499969482422,172.53750610351562,169.27499389648438,171.22500610351562,151.6411895751953,12228069.0
2023-03-16,172.08749389648438,174.6750030517578,171.2624969482422,174.1125030517578,154.19845581054688,18437817.0
2023-03-17,175.46249389648438,175.5,171.22500610351562,172.27499389648438,152.57110595703125,33711025.0
2023-03-20,168.97500610351562,172.0500030517578,168.97500610351562,170.625,151.10984802246094,9281411.0
2023-03-21,170.4375,170.77499389648438,166.83749389648438,167.3625030517578,148.22048950195312,11272787.0
2023-03-22,167.25,168.52499389648438,165.60000610351562,168.0749969482422,148.8514862060547,7589846.0
2023-03-23,168.0,168.375,165.9375,166.6125030517578,147.55624389648438,17091298.0
2023-03-24,167.25,168.1875,165.60000610351562,166.8000030517578,147.72230529785156,10371666.0
2023-03-27,167.1750030517578,169.6875,164.66250610351562,165.0749969482422,146.19461059570312,19983733.0
2023-03-28,165.9375,167.3249969482422,164.02499389648438,166.5749969482422,147.52301025390625,8689166.0
2023-03-29,166.5749969482422,167.77499389648438,165.41250610351562,166.83749389648438,147.75552368164062,19743258.0
2023-03-31,168.0,170.0625,167.25,169.27499389648438,149.9142303466797,10202058.0
2023-04-03,170.5124969482422,170.5124969482422,167.8874969482422,168.4499969482422,149.18359375,7643214.0
2023-04-05,169.9499969482422,169.9499969482422,167.77499389648438,169.2375030517578,149.8810272216797,12019382.0
2023-04-06,170.39999389648438,170.5500030517578,168.4875030517578,168.9375,149.61534118652344,4282875.0
2023-04-10,168.89999389648438,172.0500030517578,168.75,171.78750610351562,152.13937377929688,4145643.0
2023-04-11,171.6750030517578,174.0,171.33749389648438,173.5124969482422,153.66708374023438,5106602.0
2023-04-12,173.5500030517578,173.66250610351562,170.28750610351562,170.47500610351562,150.9769744873047,9118795.0
2023-04-13,170.47500610351562,173.7375030517578,170.25,173.39999389648438,153.56744384765625,11428621.0
2023-04-17,174.4499969482422,179.9250030517578,174.22500610351562,177.4875030517578,157.1874542236328,21815047.0
2023-04-18,177.6750030517578,178.125,172.2375030517578,172.72500610351562,152.96966552734375,13482833.0
2023-04-19,171.75,173.5500030517578,171.4875030517578,172.46249389648438,152.73716735839844,8264190.0
2023-04-20,173.1374969482422,174.6750030517578,172.2375030517578,173.1750030517578,153.3681640625,7308750.0
2023-04-21,173.85000610351562,174.2624969482422,172.1999969482422,173.66250610351562,153.7999267578125,5030650.0
2023-04-24,173.25,174.22500610351562,172.46249389648438,173.96249389648438,154.0655975341797,5725067.0
2023-04-25,173.47500610351562,175.4250030517578,172.9875030517578,174.6750030517578,154.69664001464844,8338703.0
2023-04-26,175.53750610351562,179.625,174.0,178.72500610351562,158.28338623046875,13581018.0
2023-04-27,178.5,178.72500610351562,175.125,176.96249389648438,156.72247314453125,9794457.0
2023-04-28,177.71249389648438,178.46249389648438,174.8249969482422,177.9375,157.58596801757812,10585487.0
2023-05-02,179.02499389648438,180.8625030517578,178.6875,180.0749969482422,159.47897338867188,6732907.0
2023-05-03,180.0,181.5,179.10000610351562,179.77499389648438,159.21328735351562,4789217.0
2023-05-04,179.7375030517578,180.5249938964844,176.21249389648438,179.1374969482422,158.64869689941406,9189783.0
2023-05-05,179.10000610351562,181.125,178.64999389648438,180.7875061035156,160.11000061035156,3896441.0
2023-05-08,181.3874969482422,184.6875,180.8249969482422,183.5625,162.56761169433594,8758321.0
2023-05-09,183.0375061035156,185.1750030517578,182.0249938964844,182.5500030517578,161.67092895507812,9166941.0
2023-05-10,183.8625030517578,185.9624938964844,183.4499969482422,185.7375030517578,164.49386596679688,9689409.0
2023-05-11,185.7749938964844,186.8999938964844,184.9499969482422,186.4125061035156,165.09161376953125,12616726.0
2023-05-12,186.6374969482422,187.1999969482422,180.8625030517578,181.3125,160.57493591308594,13853807.0
2023-05-15,182.5500030517578,184.2375030517578,181.7624969482422,182.4375,161.5712890625,12187763.0
2023-05-16,182.6625061035156,183.4125061035156,180.0,180.4499969482422,159.81109619140625,11418509.0
2023-05-17,180.6750030517578,181.4250030517578,178.08749389648438,179.10000610351562,158.6155242919922,11560929.0
2023-05-18,180.75,180.75,175.9499969482422,176.7375030517578,156.52322387695312,14497723.0
2023-05-19,176.7375030517578,178.125,174.0,175.27499389648438,155.22799682617188,10071694.0
2023-05-22,176.02499389648438,179.25,174.4875030517578,175.7624969482422,155.6597137451172,12566129.0
2023-05-23,175.53750610351562,177.41250610351562,175.0124969482422,175.5749969482422,155.49368286132812,12458561.0
2023-05-24,178.35000610351562,178.3874969482422,176.1374969482422,176.85000610351562,156.62286376953125,8877971.0
2023-05-25,178.27499389648438,180.2250061035156,177.22500610351562,178.46249389648438,158.05091857910156,12502747.0
2023-05-26,178.3874969482422,178.4250030517578,176.10000610351562,177.97500610351562,157.6191864013672,6811801.0
2023-05-29,178.64999389648438,178.7624969482422,175.5749969482422,175.875,155.7593536376953,13638297.0
2023-05-30,176.9250030517578,176.9250030517578,175.27499389648438,176.3249969482422,156.15789794921875,9469926.0
2023-05-31,176.25,176.39999389648438,172.5,175.3874969482422,155.32762145996094,48104157.0
2023-06-01,174.71249389648438,175.5749969482422,172.53750610351562,174.75,154.76303100585938,8804790.0
2023-06-02,175.5,176.3249969482422,174.8249969482422,175.9499969482422,155.82577514648438,6617781.0
2023-06-05,177.33749389648438,178.5,176.10000610351562,176.6999969482422,156.49000549316406,27428302.0
2023-06-06,177.33749389648438,177.75,175.83749389648438,176.47500610351562,156.29074096679688,6898603.0
2023-06-07,177.52499389648438,180.03750610351562,177.1125030517578,179.39999389648438,158.88119506835938,11153571.0
2023-06-08,179.4375,184.0874938964844,179.4375,181.2375030517578,160.508544921875,19300834.0
2023-06-09,182.6625061035156,184.125,181.3500061035156,183.6750030517578,162.66722106933594,11037141.0
2023-06-12,183.75,184.8374938964844,180.8999938964844,181.2375030517578,160.508544921875,8188909.0
2023-06-13,181.5,182.5874938964844,181.0874938964844,181.6875,160.90701293945312,6443218.0
2023-06-14,181.5749969482422,185.3999938964844,181.5749969482422,184.875,163.72998046875,10297426.0
2023-06-15,185.2124938964844,185.2124938964844,182.8500061035156,184.8374938964844,163.69676208496094,9732749.0
2023-06-16,184.8000030517578,185.5124969482422,183.375,184.8374938964844,163.69676208496094,9702361.0
2023-06-19,184.8374938964844,186.2250061035156,181.8000030517578,182.3249969482422,161.47164916992188,10431647.0
2023-06-20,182.8874969482422,187.2749938964844,182.8125,186.5625,165.2244873046875,13426365.0
2023-06-21,186.6000061035156,194.2875061035156,186.5625,193.6499938964844,171.50135803222656,31172093.0
2023-06-22,193.5,193.5,189.5249938964844,190.1625061035156,168.41275024414062,7430965.0
2023-06-23,190.1999969482422,190.9875030517578,187.1625061035156,187.5749969482422,166.12118530273438,5593393.0
2023-06-26,187.5,187.6875,185.3625030517578,186.375,165.0584259033203,7305362.0
2023-06-27,186.0749969482422,187.5375061035156,185.7375030517578,187.1625061035156,165.75584411621094,11142907.0
2023-06-28,188.1000061035156,189.375,184.8374938964844,187.6125030517578,166.15440368652344,17808717.0
2023-06-30,192.375,194.7749938964844,188.3999938964844,191.3625030517578,169.47547912597656,17659979.0
2023-07-03,190.9125061035156,191.2124938964844,187.125,187.875,166.38687133789062,12467239.0
2023-07-04,189.375,189.375,186.8999938964844,187.1999969482422,165.7890625,8637967.0
2023-07-05,187.2749938964844,190.4624938964844,187.125,189.9375,168.2134552001953,5340907.0
2023-07-06,194.9624938964844,197.6999969482422,190.8000030517578,197.0249938964844,174.49032592773438,16705046.0
2023-07-07,196.9125061035156,196.9125061035156,191.0249938964844,191.5874938964844,169.6747283935547,13149183.0
2023-07-10,191.5874938964844,192.3000030517578,186.375,187.5,166.05477905273438,15319047.0
2023-07-11,189.0,191.5500030517578,187.5375061035156,190.125,168.3795166015625,7486045.0
2023-07-12,190.5,191.0625,188.3625030517578,189.0375061035156,167.41641235351562,9390877.0
2023-07-13,188.8125,189.1499938964844,181.2749938964844,182.3249969482422,161.47164916992188,30591450.0
2023-07-14,182.25,183.3000030517578,177.52499389648438,180.03750610351562,159.44578552246094,72085831.0
2023-07-17,181.875,183.7124938964844,179.39999389648438,180.75,160.0767822265625,11474161.0
2023-07-18,180.75,182.7749938964844,179.6999969482422,180.8625030517578,160.1764373779297,14940593.0
2023-07-19,180.75,184.6499938964844,180.4125061035156,182.4375,161.5712890625,22954874.0
2023-07-20,182.9624938964844,184.3874969482422,181.7250061035156,183.1875,162.2355194091797,10249082.0
2023-07-21,182.4375,184.7250061035156,181.6499938964844,183.0749969482422,162.1358642578125,18466409.0
2023-07-24,183.0375061035156,186.1125030517578,182.1374969482422,185.5874938964844,164.36097717285156,14825562.0
2023-07-25,186.7124938964844,188.625,186.1125030517578,188.3625030517578,166.818603515625,10500017.0
2023-07-26,190.4250030517578,191.7375030517578,187.5,188.25,166.71897888183594,12898171.0
2023-07-27,189.0,190.0500030517578,187.2749938964844,188.0249938964844,166.5196990966797,10836773.0
2023-07-28,188.8500061035156,195.8625030517578,187.5749969482422,193.6499938964844,171.50135803222656,17518458.0
2023-07-31,196.5,200.25,194.3625030517578,199.5375061035156,176.71548461914062,24269734.0
2023-08-01,196.5,196.5,187.875,188.8500061035156,167.25035095214844,31395702.0
2023-08-02,189.6750030517578,190.3500061035156,184.9499969482422,186.4125061035156,165.09161376953125,20825405.0
2023-08-03,186.75,187.9499969482422,184.5749969482422,186.5249938964844,165.19125366210938,10882019.0
2023-08-04,186.0,186.7875061035156,184.9499969482422,185.5124969482422,164.29457092285156,7406390.0
2023-08-07,186.6000061035156,186.7124938964844,184.5,185.9624938964844,164.69308471679688,6345966.0
2023-08-08,183.9375,183.9375,180.4875030517578,181.125,163.5418701171875,15171726.0
2023-08-09,182.25,182.625,179.8125,180.2624969482422,162.76312255859375,18442141.0
2023-08-10,180.4125061035156,181.9875030517578,180.03750610351562,181.3500061035156,163.7450408935547,9962450.0
2023-08-11,184.125,184.6875,182.1000061035156,183.2250061035156,165.43804931640625,23866073.0
2023-08-14,183.6374969482422,183.9750061035156,180.5625,183.375,165.57347106933594,9188486.0
2023-08-16,183.4499969482422,186.4875030517578,182.2875061035156,186.0375061035156,167.97750854492188,9191471.0
2023-08-17,186.0375061035156,186.6000061035156,181.6499938964844,182.7749938964844,165.03170776367188,15301142.0
2023-08-18,182.7375030517578,182.7375030517578,180.0749969482422,180.75,163.20327758789062,12292241.0
2023-08-21,181.7250061035156,185.7749938964844,181.2749938964844,185.3999938964844,167.40188598632812,9129526.0
2023-08-22,186.0,187.6125030517578,185.0249938964844,185.8500061035156,167.80819702148438,11107830.0
2023-08-23,187.5,187.5,185.3999938964844,187.1999969482422,169.0271453857422,8487619.0
2023-08-24,187.5,189.4875030517578,184.3500061035156,184.7250061035156,166.7924041748047,18982087.0
2023-08-25,184.6125030517578,185.5500030517578,181.0500030517578,181.5,163.88047790527344,12851343.0
2023-08-28,182.25,186.75,181.9125061035156,186.375,168.28224182128906,11908665.0
2023-08-29,187.1999969482422,189.75,186.4499969482422,188.3625030517578,170.0767822265625,12363321.0
2023-08-30,188.4750061035156,188.6999969482422,184.8374938964844,185.3249969482422,167.3341522216797,6748007.0
2023-08-31,185.8874969482422,187.1999969482422,182.6625061035156,183.4125061035156,165.6073455810547,20715819.0
2023-09-01,185.25,189.4499969482422,183.8999938964844,189.1499938964844,170.787841796875,13120723.0
2023-09-04,190.1999969482422,192.375,188.1000061035156,191.5500030517578,172.95484924316406,10240031.0
2023-09-05,191.4750061035156,192.75,189.75,190.7250061035156,172.20994567871094,10893186.0
2023-09-06,192.5249938964844,192.9375,189.1125030517578,190.875,172.3453826904297,10018473.0
2023-09-07,190.5,193.2749938964844,189.1125030517578,192.75,174.03834533691406,13760453.0
2023-09-08,193.6875,195.9750061035156,192.8249969482422,193.9875030517578,175.15573120117188,16781751.0
2023-09-11,195.2624969482422,198.75,193.1999969482422,198.375,179.11732482910156,17683806.0
2023-09-12,203.0,204.25,190.6499938964844,191.3000030517578,172.72914123535156,29826173.0
2023-09-13,193.1999969482422,194.6000061035156,191.3000030517578,193.1999969482422,174.44467163085938,10692151.0
2023-09-14,194.1999969482422,195.6499938964844,193.6999969482422,195.1499938964844,176.20535278320312,10941807.0
2023-09-15,196.1499938964844,196.1999969482422,192.1999969482422,194.1000061035156,175.25730895996094,20516593.0
2023-09-18,195.25,200.5,194.1000061035156,200.1000061035156,180.6748504638672,25627043.0
2023-09-20,198.6999969482422,205.9499969482422,198.4499969482422,204.6499938964844,184.7831420898437,33369524.0
2023-09-21,205.0,205.5500030517578,200.3999938964844,201.6000061035156,182.0292205810547,20332556.0
2023-09-22,200.5500030517578,202.8999938964844,196.3999938964844,199.1499938964844,179.81704711914062,21193988.0
2023-09-25,200.0,200.6499938964844,196.6999969482422,198.8999938964844,179.59133911132812,11951847.0
2023-09-26,199.1000061035156,200.0500030517578,197.6000061035156,198.3500061035156,179.09471130371094,7440011.0
2023-09-27,199.3000030517578,199.6000061035156,197.3000030517578,199.3500061035156,179.99766540527344,6736870.0
2023-09-28,200.1000061035156,204.4499969482422,197.8000030517578,200.75,181.26174926757807,50185120.0
2023-09-29,200.9499969482422,201.8999938964844,199.1000061035156,199.75,180.3588256835937,16293959.0
2023-10-03,198.75,200.0,196.8999938964844,199.5500030517578,180.17825317382807,10830728.0
2023-10-04,198.8999938964844,199.3999938964844,195.3999938964844,199.0,179.68162536621094,14120040.0
2023-10-05,199.5,199.5,195.3500061035156,196.6000061035156,177.51461791992188,14575590.0
2023-10-06,197.0,197.4499969482422,194.8500061035156,197.0500030517578,177.92092895507812,12857229.0
2023-10-09,196.5,196.8999938964844,193.75,196.25,177.19859313964844,7853369.0
2023-10-10,196.25,198.5500030517578,195.6999969482422,197.9499969482422,178.73353576660156,7440527.0
2023-10-11,197.3500061035156,199.1499938964844,197.3500061035156,198.5,179.2301788330078,10031916.0
2023-10-12,197.3500061035156,202.0,197.3500061035156,200.75,181.26174926757807,21872719.0
2023-10-13,200.4499969482422,202.3999938964844,199.3000030517578,201.8000030517578,182.20982360839844,13105921.0
2023-10-16,200.3000030517578,203.8500061035156,200.1000061035156,203.0500030517578,183.33848571777344,18336656.0
2023-10-17,203.5500030517578,209.0,202.6000061035156,207.1499938964844,187.0404510498047,19378328.0
2023-10-18,208.4499969482422,208.4499969482422,204.0,206.5,186.4535522460937,14923328.0
2023-10-19,204.0,207.3999938964844,202.1999969482422,205.8000030517578,185.82150268554688,13192888.0
2023-10-20,205.1999969482422,205.1999969482422,200.8999938964844,202.8500061035156,183.15789794921875,22081120.0
2023-10-23,202.0,205.1499938964844,199.0,199.75,180.3588256835937,6988219.0
2023-10-25,199.0,200.4499969482422,197.8000030517578,199.5,180.13307189941406,16817158.0
2023-10-26,198.75,200.0,196.3000030517578,198.9499969482422,179.63648986816406,11070090.0
2023-10-27,199.25,201.8000030517578,199.1499938964844,200.9499969482422,181.4423370361328,9995487.0
2023-10-30,200.9499969482422,202.1999969482422,197.6499938964844,200.8500061035156,181.35205078125,7679981.0
2023-10-31,201.5,202.9499969482422,200.5500030517578,202.1499938964844,182.5258331298828,7474770.0
2023-11-01,202.3500061035156,202.3500061035156,200.5,200.9499969482422,181.4423370361328,5598615.0
2023-11-02,201.75,203.6499938964844,200.8999938964844,203.1000061035156,183.38360595703125,12924797.0
2023-11-03,203.3999938964844,206.5,203.1000061035156,204.3999938964844,184.55740356445312,8684015.0
2023-11-06,205.0,208.9499969482422,204.9499969482422,208.1999969482422,187.988510131836,9804415.0
2023-11-07,208.1999969482422,209.1000061035156,205.75,208.0,187.80792236328125,10730361.0
2023-11-08,209.0,209.6000061035156,206.6499938964844,207.0,186.9049835205078,7435543.0
2023-11-09,207.3000030517578,210.5,206.1000061035156,209.8000030517578,189.4331970214844,13777877.0
2023-11-10,210.5,213.0,209.6000061035156,211.1499938964844,190.6521453857422,12066023.0
2023-11-13,212.0,215.1000061035156,210.6999969482422,212.3000030517578,191.6905059814453,11352269.0
2023-11-15,215.0,215.0,209.8000030517578,210.1499938964844,189.7492218017578,19182861.0
2023-11-16,206.6999969482422,208.8500061035156,205.6999969482422,207.1999969482422,190.7156982421875,27533260.0
2023-11-17,207.6999969482422,210.6999969482422,206.8999938964844,209.5,192.83270263671875,16705395.0
2023-11-20,210.1000061035156,211.1999969482422,208.8500061035156,209.3000030517578,192.6486358642578,11156900.0
2023-11-21,210.0,210.1499938964844,207.9499969482422,208.9499969482422,192.3264617919922,9608081.0
2023-11-22,208.1999969482422,212.6000061035156,208.1999969482422,211.6000061035156,194.76564025878903,13079580.0
2023-11-23,212.0500030517578,213.1000061035156,209.25,210.8999938964844,194.12130737304688,11382709.0
2023-11-24,211.3000030517578,212.1000061035156,209.5,210.4499969482422,193.7071228027344,7250200.0
2023-11-28,214.4499969482422,214.4499969482422,209.5,210.1999969482422,193.47702026367188,15629209.0
2023-11-29,210.3000030517578,211.4499969482422,209.1000061035156,211.0500030517578,194.2593994140625,10062023.0
2023-11-30,210.3999938964844,212.8000030517578,208.25,208.9499969482422,192.3264617919922,60354322.0
2023-12-01,211.5,212.4499969482422,209.4499969482422,210.1999969482422,193.47702026367188,20719909.0
2023-12-04,211.6999969482422,214.1000061035156,211.6999969482422,212.8999938964844,195.9622039794922,27914088.0
2023-12-05,213.6999969482422,223.25,211.5500030517578,222.3000030517578,204.6143798828125,40709207.0
2023-12-06,226.0,226.25,222.5,224.3999938964844,206.5472869873047,29544730.0
2023-12-07,225.0,232.3999938964844,224.25,230.0,211.7017822265625,24534268.0
2023-12-08,231.8000030517578,233.3999938964844,226.4499969482422,228.6000061035156,210.4131622314453,22206320.0
2023-12-11,228.0,232.8999938964844,226.5500030517578,230.9499969482422,212.57618713378903,19106395.0
2023-12-12,230.0,233.3000030517578,229.5,231.3500061035156,212.94436645507807,14355329.0
2023-12-13,231.0,237.5,230.6000061035156,236.9499969482422,218.09884643554688,26878281.0
2023-12-14,237.25,237.6000061035156,231.1000061035156,232.1000061035156,213.6347045898437,29972018.0
2023-12-15,235.0,238.1000061035156,227.1499938964844,237.3500061035156,218.467041015625,41341690.0
2023-12-18,236.8999938964844,236.8999938964844,231.4499969482422,231.8500061035156,213.40460205078125,29051897.0
2023-12-19,232.1499938964844,234.3999938964844,230.8500061035156,233.5500030517578,214.96934509277344,12612164.0
2023-12-20,234.9499969482422,235.3999938964844,226.1999969482422,227.1499938964844,209.07850646972656,20400245.0
2023-12-21,224.4499969482422,233.1999969482422,222.6999969482422,232.3500061035156,213.8648376464844,17755207.0
2023-12-22,233.0,234.1999969482422,230.5,231.75,213.3125457763672,9735375.0
2023-12-26,232.0,235.8000030517578,231.0500030517578,233.3500061035156,214.78526306152344,6772092.0
2023-12-27,235.0,235.8500061035156,232.5,234.0500030517578,215.4295654296875,10231881.0
2023-12-28,235.1000061035156,239.9499969482422,234.1000061035156,239.1000061035156,220.07781982421875,39164340.0
2023-12-29,237.8000030517578,238.25,234.75,237.1999969482422,218.3289794921875,12665999.0
2024-01-01,237.8999938964844,239.5,236.3999938964844,238.25,219.29542541503903,5952776.0
2024-01-02,240.0,240.1000061035156,236.1499938964844,237.8500061035156,218.92726135253903,9128513.0
2024-01-03,236.0,238.6999969482422,234.6000061035156,237.0500030517578,218.1908721923828,8284439.0
2024-01-04,238.0,243.1000061035156,237.0500030517578,241.4499969482422,222.2408447265625,19663959.0
2024-01-05,242.0,245.0,239.3000030517578,241.25,222.0567626953125,16345257.0
2024-01-08,242.3999938964844,245.25,240.3999938964844,242.3500061035156,223.0692596435547,13585746.0
2024-01-09,242.6000061035156,244.6499938964844,241.5,242.3000030517578,223.02322387695312,8688409.0
2024-01-10,241.0,242.1000061035156,238.0,239.1499938964844,220.12380981445312,16872195.0
2024-01-11,240.25,243.1000061035156,239.1999969482422,241.9499969482422,222.70106506347656,18812468.0
2024-01-12,242.5,242.6499938964844,238.8000030517578,239.5,220.4459686279297,11296498.0
2024-01-15,240.3999938964844,241.5,237.0,241.1499938964844,221.96470642089844,12597366.0
2024-01-16,241.6499938964844,242.3999938964844,237.6999969482422,239.0500030517578,220.0317840576172,7478450.0
2024-01-17,238.5,241.1999969482422,237.6999969482422,239.1999969482422,220.1698303222656,13620300.0
2024-01-18,227.25,235.6999969482422,226.0500030517578,233.4499969482422,214.87728881835932,25522629.0
2024-01-19,235.0,236.9499969482422,232.3999938964844,235.3999938964844,216.6721649169922,20931080.0
2024-01-23,241.0,246.8000030517578,236.25,237.9499969482422,219.019287109375,27492163.0
2024-01-24,236.1499938964844,247.0,235.0,246.1999969482422,226.61294555664065,28309825.0
2024-01-25,244.75,248.6999969482422,243.1000061035156,245.5,225.9686584472656,20651484.0
2024-01-29,245.4499969482422,255.0,245.1499938964844,253.9499969482422,233.74636840820312,26181011.0
2024-01-30,254.0,256.95001220703125,251.5,254.1000061035156,233.8844451904297,16031367.0
2024-01-31,254.0,260.0,252.3999938964844,259.29998779296875,238.6707305908203,34369455.0
2024-02-01,259.0,270.95001220703125,258.29998779296875,265.79998779296875,244.65359497070312,29929092.0
2024-02-02,264.5,281.3999938964844,263.95001220703125,277.1000061035156,255.0546264648437,33900724.0
2024-02-05,277.5,289.3999938964844,274.8999938964844,282.8999938964844,260.39312744140625,27440927.0
2024-02-06,282.8999938964844,282.8999938964844,272.29998779296875,274.25,252.4313201904297,29668277.0
2024-02-07,272.1000061035156,274.3999938964844,266.79998779296875,267.95001220703125,246.6325836181641,27335466.0
2024-02-08,270.79998779296875,288.04998779296875,270.79998779296875,276.20001220703125,254.2262115478516,69776717.0
2024-02-09,278.6000061035156,279.45001220703125,269.1000061035156,273.0,251.28079223632807,24496638.0
2024-02-12,273.20001220703125,276.0,266.25,270.29998779296875,248.79559326171875,19140023.0
2024-02-13,270.29998779296875,270.8500061035156,264.25,270.25,248.7495880126953,22031847.0
2024-02-14,269.5,275.0,267.0,273.6499938964844,251.87908935546875,13546941.0
2024-02-15,272.0,283.3500061035156,271.3500061035156,281.6499938964844,263.5769958496094,25475670.0
2024-02-16,282.0,282.8999938964844,273.29998779296875,274.54998779296875,256.9325866699219,25129188.0
2024-02-19,275.1000061035156,278.29998779296875,273.29998779296875,276.3500061035156,258.6170959472656,11429901.0
2024-02-20,278.3500061035156,288.75,277.70001220703125,287.8999938964844,269.4259338378906,43053543.0
2024-02-21,287.54998779296875,289.45001220703125,279.25,280.1000061035156,262.1264343261719,24651085.0
2024-02-22,280.1000061035156,283.5,273.25,282.6000061035156,264.4660339355469,26793590.0
2024-02-23,282.54998779296875,285.20001220703125,279.0,281.95001220703125,263.8577575683594,14313526.0
2024-02-26,282.95001220703125,291.5,282.04998779296875,287.79998779296875,269.3323059082031,31012494.0
2024-02-27,284.1000061035156,293.3999938964844,284.1000061035156,292.5,273.73077392578125,36510093.0
2024-02-28,291.5,293.6499938964844,278.3999938964844,279.54998779296875,261.6117248535156,18824161.0
2024-02-29,279.6000061035156,285.0,274.3999938964844,282.8500061035156,264.70001220703125,35043015.0
2024-03-01,285.0,289.3999938964844,284.6000061035156,287.70001220703125,269.2388000488281,15149735.0
2024-03-04,288.0,297.0,288.0,294.6499938964844,275.7427978515625,23131460.0
2024-03-05,292.04998779296875,295.45001220703125,289.75,295.0,276.0703125,13220556.0
2024-03-06,290.29998779296875,294.8999938964844,286.5,293.70001220703125,274.8537902832031,15969436.0
2024-03-07,294.0,298.8999938964844,291.0,292.6499938964844,273.8711242675781,14908694.0
2024-03-11,288.3999938964844,291.95001220703125,284.3999938964844,285.54998779296875,267.2267150878906,19020659.0
2024-03-12,284.8999938964844,288.6499938964844,282.75,285.1499938964844,266.8524169921875,17906155.0
2024-03-13,283.29998779296875,283.8999938964844,261.79998779296875,264.29998779296875,247.3402709960937,39389523.0
2024-03-14,264.04998779296875,268.3999938964844,260.70001220703125,266.3500061035156,249.2587738037109,26005940.0
2024-03-15,268.1000061035156,272.0,257.6499938964844,265.95001220703125,248.88446044921875,43817794.0
2024-03-18,265.95001220703125,266.6499938964844,259.5,264.8999938964844,247.9017791748047,12423655.0
2024-03-19,262.1499938964844,266.5,258.29998779296875,259.0,242.3804168701172,20031514.0
2024-03-20,259.95001220703125,265.1499938964844,258.95001220703125,264.6499938964844,247.66786193847656,11308487.0
2024-03-21,267.79998779296875,274.5,267.1000061035156,273.75,256.1838684082031,23559105.0
2024-03-22,273.75,278.25,271.3500061035156,275.75,258.0555725097656,22097588.0
2024-03-26,270.1000061035156,274.1000061035156,266.1000061035156,270.04998779296875,252.7213134765625,28477120.0
2024-03-27,271.0,272.79998779296875,269.20001220703125,270.25,252.9084930419922,18094214.0
2024-03-28,272.0,279.5,271.6499938964844,276.8999938964844,259.1317749023437,26646830.0
2024-04-01,280.75,281.6000061035156,277.6499938964844,280.1499938964844,262.1732177734375,8945400.0
2024-04-02,279.25,281.70001220703125,278.5,279.54998779296875,261.6117248535156,13229425.0
2024-04-03,280.1499938964844,283.1000061035156,278.54998779296875,280.1000061035156,262.1264343261719,14499308.0
2024-04-04,282.79998779296875,286.70001220703125,275.04998779296875,277.6499938964844,259.83367919921875,23722104.0
2024-04-05,279.95001220703125,279.95001220703125,275.1499938964844,278.3999938964844,260.5355224609375,9308711.0
2024-04-08,280.54998779296875,284.20001220703125,279.04998779296875,281.75,263.6705627441406,14473340.0
2024-04-09,282.8500061035156,284.3500061035156,281.0,281.20001220703125,263.1558837890625,5780865.0
2024-04-10,280.0,285.3500061035156,280.0,282.54998779296875,264.41925048828125,8809693.0
2024-04-12,281.5,284.45001220703125,274.6499938964844,275.25,257.5876770019531,17731780.0
2024-04-15,270.25,276.20001220703125,268.3999938964844,274.04998779296875,256.46466064453125,13378690.0
2024-04-16,273.0,275.54998779296875,271.25,274.25,256.65185546875,9662195.0
2024-04-18,287.8999938964844,289.8999938964844,277.70001220703125,280.1000061035156,262.1264343261719,51039603.0
2024-04-19,278.1000061035156,282.25,274.70001220703125,281.6499938964844,263.5769958496094,18755469.0
2024-04-22,284.0,284.70001220703125,281.70001220703125,283.6499938964844,265.4486389160156,14965203.0
2024-04-23,283.6499938964844,287.1499938964844,280.70001220703125,285.3500061035156,267.03961181640625,11464036.0
2024-04-24,285.0,291.8500061035156,284.3999938964844,290.3999938964844,271.7655334472656,19324163.0
2024-04-25,292.0,294.5,289.25,293.29998779296875,274.4794006347656,22022414.0
2024-04-26,294.25,296.1499938964844,291.45001220703125,292.25,273.4967956542969,15581578.0
2024-04-29,292.29998779296875,294.6000061035156,289.6000061035156,293.70001220703125,274.8537902832031,9804396.0
2024-04-30,293.70001220703125,304.3500061035156,293.04998779296875,301.8500061035156,282.4808044433594,33288857.0
2024-05-02,301.95001220703125,317.25,301.8500061035156,313.6000061035156,293.476806640625,44059506.0
2024-05-03,312.0,316.1000061035156,308.25,310.8500061035156,290.9032592773437,27074447.0
2024-05-06,310.20001220703125,310.79998779296875,303.1000061035156,306.8500061035156,287.15997314453125,16855909.0
2024-05-07,307.0,308.29998779296875,294.5,295.25,276.3042907714844,13857464.0
2024-05-08,292.0,302.8500061035156,292.0,302.0,282.62115478515625,18754452.0
2024-05-09,302.75,304.3500061035156,295.25,296.1499938964844,277.14654541015625,11196567.0
2024-05-10,296.25,304.45001220703125,296.25,303.75,284.25885009765625,11786977.0
2024-05-13,304.20001220703125,307.6499938964844,297.6000061035156,306.54998779296875,286.87921142578125,11710605.0
2024-05-14,308.0,313.0,307.75,309.25,289.4059753417969,9957875.0
2024-05-15,310.0,316.29998779296875,308.8500061035156,314.8500061035156,294.6466064453125,11397656.0
2024-05-16,314.5,315.6000061035156,305.29998779296875,312.5,292.4473571777344,19843532.0
2024-05-17,314.8999938964844,316.0,310.75,313.1499938964844,293.0556945800781,9069551.0
2024-05-21,311.0,327.45001220703125,311.0,325.6499938964844,304.7535705566406,21976662.0
2024-05-22,327.75,327.75,320.20001220703125,325.75,304.84716796875,10287081.0
2024-05-23,319.45001220703125,320.70001220703125,309.0,319.8999938964844,299.3725891113281,35705284.0
2024-05-24,318.0,322.95001220703125,317.3999938964844,318.79998779296875,298.3431396484375,15058182.0
2024-05-27,321.5,321.5,314.5,317.95001220703125,297.5476989746094,12857918.0
2024-05-28,319.0,319.5,312.0,312.79998779296875,292.7281188964844,10935739.0
2024-05-29,309.1000061035156,318.70001220703125,309.1000061035156,317.70001220703125,297.3137512207031,16812268.0
2024-05-30,314.6000061035156,317.6499938964844,303.79998779296875,306.70001220703125,287.01959228515625,22768893.0
2024-05-31,308.54998779296875,311.5,305.70001220703125,310.0,290.1078186035156,36929443.0
2024-06-03,335.0,348.70001220703125,325.6000061035156,337.6499938964844,315.9835510253906,55218939.0
2024-06-04,334.95001220703125,334.95001220703125,279.75,295.95001220703125,276.9593811035156,73262478.0
2024-06-05,296.29998779296875,301.04998779296875,279.20001220703125,298.79998779296875,279.62646484375,45312613.0
2024-06-06,303.3999938964844,311.45001220703125,298.1000061035156,300.45001220703125,281.1706237792969,36508044.0
2024-06-07,298.04998779296875,310.6499938964844,296.79998779296875,309.3500061035156,289.4995422363281,38016104.0
2024-06-10,313.0,323.3500061035156,311.6000061035156,315.79998779296875,295.5356140136719,25478964.0
2024-06-11,316.20001220703125,319.70001220703125,315.1499938964844,316.54998779296875,296.237548828125,12238518.0
2024-06-12,319.8999938964844,327.1000061035156,316.8999938964844,324.6499938964844,303.8177795410156,20346144.0
2024-06-13,327.0,327.95001220703125,320.6499938964844,321.45001220703125,300.8230895996094,11756503.0
2024-06-14,326.0,326.0,319.3500061035156,321.5,300.869873046875,14159988.0
2024-06-18,322.0,332.5,322.0,331.79998779296875,310.5089416503906,21653702.0
2024-06-19,334.0,334.8500061035156,325.3999938964844,327.29998779296875,306.2976989746094,14235150.0
2024-06-20,327.5,328.29998779296875,322.29998779296875,324.54998779296875,303.72418212890625,11749507.0
2024-06-21,326.70001220703125,329.6000061035156,323.0,325.95001220703125,305.0343322753906,17209541.0
2024-06-24,323.1000061035156,334.0,322.54998779296875,332.95001220703125,311.5851745605469,18044357.0
2024-06-25,335.0,335.0,325.79998779296875,327.3999938964844,306.3912658691406,13979671.0
2024-06-26,325.70001220703125,330.20001220703125,324.95001220703125,326.70001220703125,305.7362060546875,12946277.0
2024-06-27,328.54998779296875,332.5,324.3500061035156,331.54998779296875,310.27496337890625,27061015.0
2024-06-28,333.0,337.3500061035156,329.6000061035156,330.95001220703125,309.7134704589844,21676594.0
2024-07-01,331.0,331.75,325.25,329.6000061035156,308.4501037597656,11959181.0
2024-07-02,330.04998779296875,334.3999938964844,328.04998779296875,330.79998779296875,309.5730895996094,12684459.0
2024-07-03,331.1000061035156,336.8999938964844,329.1000061035156,335.1499938964844,313.6439514160156,9369793.0
2024-07-04,337.0,338.70001220703125,333.8999938964844,335.0,313.50360107421875,12878827.0
2024-07-05,335.0,339.8999938964844,332.8500061035156,339.3999938964844,317.6213073730469,10894118.0
2024-07-08,341.0,341.0,336.8500061035156,339.3999938964844,317.6213073730469,7828162.0
2024-07-09,340.0,342.3500061035156,338.1000061035156,341.1499938964844,319.2590026855469,9214579.0
2024-07-10,343.0,347.79998779296875,335.5,346.04998779296875,323.84454345703125,10662609.0
2024-07-11,348.5,348.75,342.0,342.79998779296875,320.8030700683594,12642065.0
2024-07-12,342.79998779296875,345.8999938964844,340.1000061035156,343.1000061035156,321.0838623046875,11380570.0
2024-07-15,345.3999938964844,345.3999938964844,340.20001220703125,343.8500061035156,321.78570556640625,5277531.0
2024-07-16,342.75,347.0,341.5,342.45001220703125,320.4755249023437,11363095.0
2024-07-18,342.0,344.70001220703125,336.95001220703125,341.25,319.35260009765625,13908161.0
2024-07-19,339.54998779296875,341.8500061035156,331.0,332.20001220703125,310.88330078125,12937990.0
2024-07-22,330.0,339.3999938964844,329.5,338.6000061035156,316.8726501464844,10678640.0
2024-07-23,339.1000061035156,340.5,321.1000061035156,334.25,312.8017272949219,15954324.0
2024-07-24,330.8999938964844,338.79998779296875,330.29998779296875,337.1499938964844,315.515625,12573882.0
2024-07-25,330.45001220703125,342.6000061035156,330.45001220703125,339.45001220703125,317.6681213378906,16271884.0
2024-07-26,340.3500061035156,345.54998779296875,338.5,344.20001220703125,322.1133117675781,11468068.0
2024-07-29,339.79998779296875,345.8999938964844,337.75,342.3500061035156,320.38201904296875,31849674.0
2024-07-30,345.0,356.95001220703125,343.29998779296875,349.79998779296875,327.3539123535156,25813219.0
2024-07-31,348.25,350.6499938964844,342.6000061035156,348.20001220703125,325.8565979003906,17976593.0
2024-08-01,351.1499938964844,362.5,350.1499938964844,361.1000061035156,337.9288635253906,26792459.0
2024-08-02,358.0,361.0499877929688,354.0,358.25,335.2617492675781,13771470.0
2024-08-05,352.75,354.79998779296875,341.5,342.79998779296875,320.8030700683594,13566586.0
2024-08-06,342.79998779296875,350.79998779296875,339.25,340.75,318.8846435546875,12273667.0
2024-08-07,345.8500061035156,352.54998779296875,343.3999938964844,352.04998779296875,329.4595031738281,12441847.0
2024-08-08,355.0,355.0,341.25,342.6499938964844,320.6626892089844,15489731.0
2024-08-09,347.8999938964844,348.95001220703125,344.29998779296875,346.0,323.7977600097656,8720610.0
2024-08-12,343.0,343.79998779296875,339.5,341.1499938964844,319.2590026855469,12521136.0
2024-08-13,337.0,342.45001220703125,335.1499938964844,336.95001220703125,315.3284606933594,10435954.0
2024-08-14,337.0,338.3500061035156,332.5,333.5,312.099853515625,12385993.0
2024-08-16,333.0,339.54998779296875,330.6000061035156,338.6000061035156,319.5072631835937,13013828.0
2024-08-19,342.6499938964844,343.29998779296875,339.29998779296875,340.29998779296875,321.1113586425781,5891370.0
2024-08-20,340.45001220703125,342.6499938964844,338.79998779296875,340.5,321.30010986328125,6393840.0
2024-08-21,340.0,340.95001220703125,336.1499938964844,336.6499938964844,317.66717529296875,10118601.0
2024-08-22,336.0,337.70001220703125,330.5,334.0,315.1665954589844,18370039.0
2024-08-23,334.6499938964844,336.95001220703125,333.3500061035156,336.25,317.28973388671875,7494822.0
2024-08-26,336.45001220703125,341.5,335.8500061035156,338.25,319.1769714355469,7993675.0
2024-08-27,339.0,341.45001220703125,335.0,335.3500061035156,316.44049072265625,9589690.0
2024-08-28,335.3500061035156,338.8999938964844,333.75,334.45001220703125,315.5912170410156,8790600.0
2024-08-29,332.5,335.8999938964844,328.79998779296875,333.29998779296875,314.50604248046875,17653536.0
2024-08-30,335.0,340.8500061035156,334.04998779296875,337.3999938964844,318.3748779296875,22713812.0
2024-09-02,338.3999938964844,339.8999938964844,334.20001220703125,335.54998779296875,316.6291809082031,9789776.0
2024-09-03,336.0,337.95001220703125,334.0,334.6499938964844,315.77996826171875,8434423.0
2024-09-04,331.20001220703125,334.70001220703125,331.0,332.8999938964844,314.1286315917969,9025610.0
2024-09-05,332.3500061035156,334.29998779296875,329.6000061035156,331.25,312.5716857910156,13912371.0
2024-09-06,333.04998779296875,333.1000061035156,325.0,329.79998779296875,311.2033996582031,23755639.0
2024-09-09,327.70001220703125,329.20001220703125,323.54998779296875,328.54998779296875,310.0238952636719,18597200.0
2024-09-10,327.0,335.29998779296875,327.0,334.1499938964844,315.3081359863281,15472387.0
2024-09-11,336.8999938964844,337.25,332.0,333.20001220703125,314.4117126464844,10134008.0
2024-09-12,334.8500061035156,339.0,333.25,338.20001220703125,319.1298217773437,18410837.0
2024-09-13,339.79998779296875,341.25,336.1000061035156,337.25,318.2333374023437,10417461.0
2024-09-16,337.25,341.5,337.04998779296875,338.25,319.1769714355469,7748570.0
2024-09-17,336.70001220703125,340.0,334.5,336.8999938964844,317.903076171875,11451846.0
2024-09-18,338.5,338.8999938964844,333.1000061035156,334.29998779296875,315.4496459960937,6583254.0
2024-09-19,336.20001220703125,338.3500061035156,333.1000061035156,334.8999938964844,316.015869140625,10589610.0
2024-09-20,338.1499938964844,342.95001220703125,334.75,340.8500061035156,321.6303405761719,31236123.0
2024-09-23,342.0,342.5,340.25,341.1499938964844,321.9134521484375,6542941.0
2024-09-24,344.54998779296875,351.0,342.3500061035156,350.04998779296875,330.31158447265625,26145769.0
2024-09-25,353.8500061035156,366.25,352.3500061035156,363.75,343.2391052246094,40770462.0
2024-09-26,364.0499877929688,366.1000061035156,357.20001220703125,365.4500122070313,344.84326171875,18733959.0
2024-09-27,362.2000122070313,363.2999877929688,353.3500061035156,354.25,334.2747497558594,33148043.0
2024-09-30,354.25,357.45001220703125,349.70001220703125,352.8500061035156,332.9537048339844,16356171.0
2024-10-01,351.1000061035156,356.0,349.95001220703125,350.79998779296875,331.019287109375,9856291.0
2024-10-03,343.0,349.8999938964844,342.6000061035156,344.1499938964844,324.7442626953125,19350466.0
2024-10-04,343.0,347.45001220703125,337.75,338.8500061035156,319.7431335449219,20121706.0
2024-10-07,340.0,340.0,325.0,328.95001220703125,310.4013366699219,13851446.0
2024-10-08,327.29998779296875,331.0,322.3500061035156,327.1499938964844,308.7028503417969,21148292.0
2024-10-09,327.0,331.79998779296875,325.5,329.75,311.1562805175781,9228363.0
2024-10-10,330.20001220703125,338.1000061035156,330.1000061035156,334.3500061035156,315.4968566894531,20773976.0
2024-10-11,334.45001220703125,335.3500061035156,329.5,330.04998779296875,311.4393615722656,6098468.0
2024-10-14,330.04998779296875,331.5,327.79998779296875,330.70001220703125,312.0526733398437,5944216.0
2024-10-15,333.45001220703125,333.45001220703125,327.5,329.8500061035156,311.2506103515625,12415489.0
2024-10-16,331.70001220703125,332.6499938964844,324.95001220703125,327.20001220703125,308.75006103515625,22085298.0
2024-10-17,328.5,331.8999938964844,324.6000061035156,331.1499938964844,312.4773254394531,17039729.0
2024-10-18,331.5,333.8500061035156,328.25,332.04998779296875,313.3265380859375,10569021.0
2024-10-21,333.0,333.75,329.45001220703125,331.1499938964844,312.4773254394531,8745904.0
2024-10-22,332.8999938964844,335.6499938964844,321.04998779296875,322.75,304.5509948730469,11219831.0
2024-10-23,319.20001220703125,321.8999938964844,313.8500061035156,316.8999938964844,299.03082275390625,12541589.0
2024-10-24,315.25,320.79998779296875,315.25,319.1499938964844,301.1539306640625,8327779.0
2024-10-25,321.5,321.5,313.25,315.79998779296875,297.9928283691406,12979410.0
2024-10-28,314.5,320.45001220703125,310.75,318.29998779296875,300.35186767578125,9610615.0
2024-10-29,316.1000061035156,321.20001220703125,314.1499938964844,320.54998779296875,302.4750061035156,15856332.0
2024-10-30,318.54998779296875,325.3999938964844,316.75,318.45001220703125,300.493408203125,14498110.0
2024-10-31,320.3999938964844,322.70001220703125,317.8500061035156,320.79998779296875,302.7108764648437,9900390.0
2024-11-01,322.45001220703125,322.70001220703125,320.0,322.04998779296875,303.89044189453125,847672.0
2024-11-04,324.54998779296875,324.70001220703125,311.6000061035156,315.45001220703125,297.6625671386719,9249409.0
2024-11-05,312.3500061035156,317.70001220703125,312.0,316.6000061035156,298.7477111816406,7518195.0
2024-11-06,317.3999938964844,320.3500061035156,313.8999938964844,318.5,300.5406188964844,11019250.0
2024-11-07,319.0,319.0,311.70001220703125,312.95001220703125,295.3035583496094,14504208.0
2024-11-08,311.8500061035156,317.54998779296875,308.70001220703125,316.25,298.4175109863281,15740539.0
2024-11-11,313.54998779296875,332.3999938964844,312.79998779296875,329.79998779296875,311.2033996582031,22838987.0
2024-11-12,331.5,332.5,321.79998779296875,322.70001220703125,304.5038146972656,12069181.0
2024-11-13,322.6499938964844,324.6000061035156,317.1499938964844,318.0,300.0687866210937,12918639.0
2024-11-14,315.1000061035156,318.79998779296875,310.6000061035156,312.1000061035156,298.728759765625,12500377.0
2024-11-18,314.0,315.54998779296875,310.1000061035156,312.04998779296875,298.680908203125,9408101.0
2024-11-19,313.04998779296875,318.25,312.25,315.04998779296875,301.5523986816406,13157158.0
2024-11-21,316.0,326.75,313.0,325.8999938964844,311.9375305175781,25406386.0
2024-11-22,325.79998779296875,337.6000061035156,324.0,336.95001220703125,322.5141296386719,31523269.0
2024-11-25,341.8500061035156,345.3999938964844,336.1499938964844,342.75,328.0656433105469,29419152.0
2024-11-26,342.0,344.6000061035156,337.8999938964844,338.79998779296875,324.2848205566406,13997179.0
2024-11-27,337.25,341.29998779296875,336.5,339.25,324.7156066894531,12177260.0
2024-11-28,339.25,341.75,332.20001220703125,333.6499938964844,319.3554992675781,16920231.0
2024-11-29,331.3500061035156,332.5,326.5,329.3999938964844,315.28759765625,13890537.0
2024-12-02,328.1499938964844,331.95001220703125,326.20001220703125,327.8500061035156,313.80401611328125,16003524.0
2024-12-03,324.25,331.3500061035156,324.25,329.6499938964844,315.52685546875,23174488.0
2024-12-04,329.04998779296875,331.25,321.1000061035156,325.04998779296875,311.1239624023437,17880011.0
2024-12-05,325.0,330.45001220703125,319.54998779296875,328.3500061035156,314.2826232910156,19785053.0
2024-12-06,327.1000061035156,332.75,326.70001220703125,328.8999938964844,314.8090209960937,8802058.0
2024-12-09,327.75,330.6499938964844,326.70001220703125,329.1000061035156,315.00048828125,9376929.0
2024-12-10,331.8500061035156,331.8500061035156,325.3500061035156,327.8999938964844,313.8518371582031,14994365.0
2024-12-11,327.25,329.0,326.8500061035156,327.54998779296875,313.5168151855469,5013051.0
2024-12-12,328.0,329.8999938964844,325.8500061035156,329.20001220703125,315.0961608886719,10414162.0
2024-12-13,330.6499938964844,334.29998779296875,325.04998779296875,333.8500061035156,319.54693603515625,14973536.0
2024-12-16,333.8500061035156,336.25,331.6000061035156,335.0,320.6476745605469,12695136.0
2024-12-17,332.5,335.54998779296875,328.0,329.79998779296875,315.6704406738281,17360248.0
2024-12-18,328.0,329.1000061035156,320.6499938964844,321.54998779296875,307.7738952636719,15037099.0
2024-12-19,318.0,323.8500061035156,316.8500061035156,321.6499938964844,307.8696594238281,10234715.0
2024-12-20,321.29998779296875,325.6000061035156,313.6000061035156,315.79998779296875,302.270263671875,13973399.0
2024-12-23,318.0,318.29998779296875,311.54998779296875,315.29998779296875,301.7917175292969,5984169.0
2024-12-24,314.1000061035156,316.6499938964844,308.75,310.1000061035156,296.814453125,4833589.0
2024-12-26,310.1000061035156,313.1000061035156,308.75,310.29998779296875,297.005859375,3775101.0
2024-12-27,310.75,312.29998779296875,308.79998779296875,309.3999938964844,296.1444702148437,3981693.0
2024-12-30,309.0,312.0,306.29998779296875,307.54998779296875,294.37371826171875,12489142.0
2024-12-31,307.3500061035156,309.75,305.1499938964844,308.70001220703125,295.4744567871094,8402716.0
2025-01-01,308.70001220703125,311.3500061035156,305.8999938964844,310.3999938964844,297.10162353515625,4239498.0
2025-01-02,309.8500061035156,317.20001220703125,308.75,315.1499938964844,301.6481018066406,10766571.0
2025-01-03,316.3500061035156,318.0,313.6499938964844,316.04998779296875,302.5095520019531,7636948.0
2025-01-06,315.79998779296875,316.5,304.79998779296875,306.0,292.8901062011719,6722495.0
2025-01-07,306.0,310.70001220703125,303.0,305.04998779296875,291.9808349609375,10137739.0
2025-01-08,306.1499938964844,307.8500061035156,303.0,306.6499938964844,293.51226806640625,6907996.0
2025-01-09,306.6499938964844,306.8999938964844,303.6499938964844,305.25,292.1722412109375,8244909.0
2025-01-10,304.04998779296875,305.25,298.5,299.70001220703125,286.8600158691406,6540783.0
2025-01-13,295.0,298.54998779296875,286.75,287.6000061035156,275.2784423828125,19474228.0
2025-01-14,287.75,293.04998779296875,286.79998779296875,290.25,277.8148803710937,15954608.0
2025-01-15,295.0,302.5,291.1000061035156,298.6499938964844,285.85498046875,12198882.0
2025-01-16,299.0,301.6000061035156,296.6000061035156,297.6499938964844,284.8978271484375,11694289.0
2025-01-17,297.6499938964844,305.0,295.70001220703125,302.6000061035156,289.6357727050781,7593230.0
2025-01-20,302.6000061035156,308.79998779296875,301.95001220703125,306.25,293.12939453125,9435937.0
2025-01-21,307.0,309.95001220703125,301.5,302.3500061035156,289.396484375,13911546.0
2025-01-22,302.0,302.29998779296875,295.79998779296875,297.54998779296875,284.8021240234375,9723333.0
2025-01-23,297.5,299.6000061035156,293.6000061035156,294.3500061035156,281.7392272949219,12228286.0
2025-01-24,295.29998779296875,302.5,294.3500061035156,295.8500061035156,283.1749572753906,11142914.0
2025-01-27,295.0,295.0,283.75,287.0,274.7041320800781,13477947.0
2025-01-28,287.1499938964844,288.79998779296875,279.3500061035156,283.95001220703125,271.7847900390625,11298068.0
2025-01-29,285.3500061035156,289.1499938964844,283.29998779296875,287.8500061035156,275.5177307128906,4800024.0
2025-01-30,287.8500061035156,297.1000061035156,287.8500061035156,295.3500061035156,282.6964111328125,10969499.0
2025-01-31,297.0,303.45001220703125,295.8999938964844,301.6499938964844,288.7265014648437,14141459.0
2025-02-01,301.6499938964844,305.3500061035156,288.6499938964844,289.8500061035156,277.4320373535156,6945157.0
2025-02-03,290.0,292.0,278.0,283.79998779296875,271.6412048339844,14978897.0
2025-02-04,281.0,286.3999938964844,272.1000061035156,285.6499938964844,273.41192626953125,19836427.0
2025-02-05,285.6000061035156,290.75,284.54998779296875,285.20001220703125,272.98126220703125,15337191.0
2025-02-06,287.5,290.95001220703125,279.75,281.1499938964844,269.104736328125,21418561.0
2025-02-07,273.1000061035156,281.8999938964844,270.0,278.1499938964844,269.3468322753906,17193482.0
2025-02-10,275.0,276.0,268.1000061035156,268.70001220703125,260.1959228515625,16709670.0
2025-02-11,268.70001220703125,268.79998779296875,260.0,261.45001220703125,253.17539978027344,22083955.0
2025-02-12,259.5,262.1000061035156,254.0,257.04998779296875,248.9146270751953,17861265.0
2025-02-13,257.25,261.3500061035156,256.1000061035156,259.1499938964844,250.9481811523437,12257226.0
2025-02-14,260.3999938964844,261.5,254.75,257.3500061035156,249.2051696777344,11339563.0
2025-02-17,256.8999938964844,264.0,252.1999969482422,263.20001220703125,254.8699951171875,8332653.0
2025-02-18,263.8500061035156,267.8999938964844,260.20001220703125,266.95001220703125,258.5013122558594,10483635.0
2025-02-19,262.5,268.5,262.29998779296875,263.04998779296875,254.72471618652344,14602009.0
2025-02-20,262.75,266.45001220703125,261.29998779296875,265.75,257.3393249511719,15312926.0
2025-02-21,265.29998779296875,265.75,259.3999938964844,261.8999938964844,253.6111602783203,10757038.0
2025-02-24,258.0,261.79998779296875,257.25,259.1499938964844,250.9481811523437,14599185.0
2025-02-25,258.79998779296875,259.95001220703125,254.8999938964844,255.75,247.65579223632807,21287363.0
2025-02-27,254.0,257.45001220703125,253.4499969482422,256.25,248.13995361328125,13614799.0
2025-02-28,255.8999938964844,257.0,247.3000030517578,250.8500061035156,242.910873413086,38512868.0
2025-03-03,253.0,253.8000030517578,248.5,252.5,244.50863647460932,9873539.0
2025-03-04,250.0,257.1499938964844,249.4499969482422,254.0,245.961166381836,11947033.0
2025-03-05,256.95001220703125,267.20001220703125,255.75,264.3999938964844,256.0320129394531,14536637.0
2025-03-06,265.1499938964844,267.29998779296875,260.70001220703125,266.6499938964844,258.2108154296875,11926868.0
2025-03-07,266.0,268.6499938964844,261.6000061035156,263.29998779296875,254.96681213378903,10043068.0
2025-03-10,261.04998779296875,274.25,261.04998779296875,271.29998779296875,262.7136535644531,30233763.0
2025-03-11,270.0,271.8500061035156,265.8500061035156,267.29998779296875,258.8402404785156,9255499.0
2025-03-12,270.70001220703125,272.3999938964844,263.6000061035156,267.1000061035156,258.6465759277344,11875548.0
2025-03-13,269.79998779296875,270.6499938964844,265.5,267.6499938964844,259.1791687011719,9270442.0
2025-03-17,270.0,270.6499938964844,264.95001220703125,267.3500061035156,258.888671875,11987667.0
2025-03-18,267.3500061035156,267.3500061035156,267.3500061035156,267.3500061035156,258.888671875,0.0
2025-03-19,272.0,278.29998779296875,269.79998779296875,277.20001220703125,268.4269104003906,13089950.0
2025-03-20,283.5,283.54998779296875,277.04998779296875,280.3500061035156,271.47723388671875,13710249.0
2025-03-21,281.0,285.1499938964844,280.04998779296875,283.1000061035156,274.1401672363281,26003527.0
2025-03-24,285.0,293.95001220703125,284.45001220703125,291.8500061035156,282.61328125,19966817.0
2025-03-25,291.0,295.25,287.6499938964844,291.0,281.7901611328125,16983852.0
2025-03-26,291.70001220703125,296.75,289.54998779296875,290.8500061035156,281.6449279785156,20367015.0
2025-03-27,289.0,297.25,289.0,295.5,286.1477355957031,37203166.0
2025-03-28,293.8999938964844,294.25,288.29998779296875,290.3500061035156,281.1607360839844,10834900.0
2025-04-01,289.6000061035156,296.95001220703125,287.0,289.29998779296875,280.1439514160156,11603556.0
2025-04-02,286.8500061035156,289.75,284.5,286.75,277.6746520996094,11679536.0
2025-04-03,289.3500061035156,299.95001220703125,285.1000061035156,299.1000061035156,289.6338195800781,23478876.0
2025-04-04,300.0,300.8999938964844,292.1000061035156,293.8999938964844,284.5983581542969,21020875.0
2025-04-07,283.6000061035156,293.8999938964844,282.29998779296875,289.3999938964844,280.24078369140625,22847548.0
2025-04-08,291.95001220703125,294.0,284.6499938964844,288.95001220703125,279.8050842285156,20831596.0
2025-04-09,289.95001220703125,299.5,289.29998779296875,293.3999938964844,284.1141967773437,21342531.0
2025-04-11,293.25,305.0,293.25,304.1000061035156,294.4755859375,19831004.0
2025-04-15,307.20001220703125,310.45001220703125,303.70001220703125,304.54998779296875,294.91131591796875,16563441.0
2025-04-16,304.45001220703125,307.0,302.79998779296875,305.75,296.0733337402344,7032401.0
2025-04-17,305.45001220703125,309.79998779296875,302.0,309.0,299.220458984375,8528993.0
2025-04-21,310.0,322.0,308.45001220703125,320.0,309.8723449707031,13369014.0
2025-04-22,319.75,319.75,312.1000061035156,312.54998779296875,302.6581115722656,10027268.0
2025-04-23,314.1499938964844,316.1000061035156,309.45001220703125,314.95001220703125,304.982177734375,8225575.0
2025-04-24,314.8999938964844,315.8500061035156,312.8500061035156,314.3999938964844,304.4495544433594,8021180.0
2025-04-25,313.0,315.3999938964844,303.3999938964844,306.5,296.7995910644531,11475773.0
2025-04-28,304.20001220703125,310.95001220703125,303.54998779296875,308.54998779296875,298.78472900390625,7314824.0
2025-04-29,308.54998779296875,310.79998779296875,301.20001220703125,302.95001220703125,293.36199951171875,14678005.0
2025-04-30,304.45001220703125,310.0,301.8999938964844,307.45001220703125,297.7195739746094,17619987.0
2025-05-02,305.5,309.0,302.29998779296875,303.04998779296875,293.45880126953125,5688285.0
2025-05-05,304.79998779296875,310.70001220703125,304.6499938964844,308.20001220703125,298.44580078125,4342960.0
2025-05-06,307.6000061035156,310.45001220703125,305.54998779296875,307.6000061035156,297.86480712890625,9124804.0
2025-05-07,308.0,313.1499938964844,307.0,311.1000061035156,301.2539978027344,14679327.0
2025-05-08,313.3999938964844,317.3999938964844,304.0,308.25,298.4942321777344,19253478.0
2025-05-09,300.0,303.04998779296875,296.3999938964844,299.29998779296875,289.8274841308594,11981497.0
2025-05-12,304.04998779296875,311.1000061035156,304.04998779296875,309.04998779296875,299.2688903808594,7145884.0
2025-05-13,305.0,308.75,298.0,298.45001220703125,289.00439453125,17988336.0
2025-05-14,299.20001220703125,300.54998779296875,294.04998779296875,295.95001220703125,286.58349609375,10359258.0
2025-05-15,295.8999938964844,300.3999938964844,291.04998779296875,299.6499938964844,290.1663818359375,22640626.0
2025-05-16,300.0,302.20001220703125,295.5,300.20001220703125,290.6990051269531,16763668.0
2025-05-19,302.0,304.5,299.0,304.04998779296875,294.4271545410156,12575289.0
2025-05-20,304.3999938964844,305.29998779296875,297.1000061035156,297.8999938964844,288.4717712402344,21339095.0
2025-05-21,297.75,302.25,295.6499938964844,296.1499938964844,286.77716064453125,11997632.0
2025-05-22,295.8999938964844,296.3500061035156,286.54998779296875,290.8999938964844,281.6933288574219,26158839.0
2025-05-23,292.0,298.75,291.75,298.1000061035156,288.6654663085937,9872024.0
2025-05-26,300.04998779296875,303.79998779296875,295.75,296.70001220703125,287.30975341796875,16469130.0
2025-05-27,297.0,297.6000061035156,292.20001220703125,294.54998779296875,285.2278137207031,17074710.0
2025-05-28,294.54998779296875,295.6499938964844,290.5,291.1499938964844,281.9353942871094,10099453.0
2025-05-29,291.3500061035156,293.8999938964844,291.3500061035156,293.1000061035156,283.8236999511719,9773818.0
2025-05-30,292.0,294.6499938964844,288.25,289.75,280.5797424316406,21788566.0
2025-06-02,290.29998779296875,293.6499938964844,288.3999938964844,293.04998779296875,283.7752685546875,7255782.0
2025-06-03,292.5,295.3999938964844,287.75,288.25,279.1271667480469,10989055.0
2025-06-04,288.25,289.79998779296875,287.04998779296875,288.54998779296875,279.4176940917969,8580196.0
2025-06-05,291.0,295.25,290.1000061035156,294.25,284.93731689453125,13110486.0
2025-06-06,293.54998779296875,297.0,292.95001220703125,295.79998779296875,286.4382019042969,7935393.0
2025-06-09,298.0,301.1499938964844,296.1499938964844,300.5,290.9894714355469,8666186.0
2025-06-10,300.54998779296875,301.79998779296875,298.25,301.04998779296875,291.5220642089844,7273892.0
2025-06-11,301.1000061035156,301.3999938964844,294.0,295.45001220703125,286.0993347167969,10941604.0
2025-06-12,295.1499938964844,295.79998779296875,288.5,289.0,279.8534851074219,14071159.0
2025-06-13,282.54998779296875,286.45001220703125,281.79998779296875,285.5,276.4642333984375,16028417.0
2025-06-16,287.95001220703125,290.5,286.29998779296875,288.6499938964844,279.5145263671875,11067299.0
2025-06-17,288.6499938964844,290.45001220703125,287.20001220703125,288.54998779296875,279.4176940917969,7286868.0
2025-06-18,287.5,288.29998779296875,285.5,287.29998779296875,278.2072448730469,11904855.0
2025-06-19,286.79998779296875,287.6499938964844,285.29998779296875,286.45001220703125,277.3841552734375,13573824.0
2025-06-20,285.54998779296875,294.5,285.04998779296875,293.1000061035156,283.8236999511719,33014151.0
2025-06-23,291.3999938964844,293.45001220703125,288.1000061035156,290.25,281.0639038085937,6833477.0
2025-06-24,293.45001220703125,294.70001220703125,285.3500061035156,285.95001220703125,276.8999938964844,15007849.0
2025-06-25,286.5,291.1000061035156,286.5,290.45001220703125,281.257568359375,10838516.0
2025-06-26,290.79998779296875,294.25,289.75,293.5,284.2110595703125,10232220.0
2025-06-27,295.0,300.70001220703125,294.1499938964844,299.25,289.7790832519531,15523628.0
2025-06-30,300.3999938964844,301.0,296.25,299.8999938964844,290.4084777832031,8415241.0
2025-07-01,301.0,301.5,297.0,297.54998779296875,288.1328430175781,12349270.0
2025-07-02,297.54998779296875,298.75,293.3999938964844,294.8500061035156,285.518310546875,10826029.0
2025-07-03,298.3999938964844,298.95001220703125,293.1000061035156,293.70001220703125,284.4047546386719,10373094.0
2025-07-04,293.70001220703125,295.1499938964844,291.6499938964844,294.0,284.6952209472656,14193884.0
2025-07-07,294.70001220703125,296.6499938964844,293.5,295.8999938964844,286.5350646972656,6220756.0
2025-07-08,294.1499938964844,298.3999938964844,293.04998779296875,297.75,288.3265380859375,6254288.0
2025-07-09,298.25,300.0,296.3999938964844,299.6499938964844,290.1663818359375,5650646.0
2025-07-10,300.0,302.70001220703125,298.0,299.25,289.7790832519531,9307817.0
2025-07-11,299.25,300.8999938964844,296.95001220703125,298.54998779296875,289.1011962890625,7073217.0
2025-07-14,299.5,300.45001220703125,297.45001220703125,298.20001220703125,288.7623291015625,5484223.0
2025-07-15,298.1000061035156,300.0,296.8500061035156,298.04998779296875,288.6170349121094,6173407.0
2025-07-16,298.95001220703125,298.95001220703125,295.70001220703125,297.04998779296875,287.6486511230469,8144630.0
2025-07-17,297.54998779296875,298.20001220703125,295.79998779296875,296.6000061035156,287.21295166015625,8318287.0
2025-07-18,296.5,301.5,293.5,294.1499938964844,284.8404541015625,8702106.0
2025-07-21,294.0,297.25,292.25,297.0,287.6002502441406,5298012.0
2025-07-22,297.1000061035156,298.8500061035156,294.54998779296875,297.79998779296875,288.3749389648437,7775653.0
2025-07-23,298.8500061035156,299.6499938964844,297.1000061035156,299.25,289.7790832519531,5310964.0
2025-07-24,299.8500061035156,301.3500061035156,296.5,299.3500061035156,289.8759155273437,6294709.0
2025-07-25,297.1499938964844,297.75,290.8999938964844,292.1000061035156,282.8553466796875,8202572.0
2025-07-28,292.0,295.25,290.75,291.8999938964844,282.66168212890625,7037396.0
2025-07-29,290.5,293.8999938964844,289.79998779296875,293.1000061035156,283.8236999511719,6586034.0
2025-07-30,293.0,296.5,286.6000061035156,288.95001220703125,279.8050842285156,10515572.0
2025-07-31,284.95001220703125,294.29998779296875,284.95001220703125,291.0,281.7901611328125,14283621.0
2025-08-01,291.6499938964844,292.79998779296875,286.29998779296875,291.25,282.0322265625,6697683.0
2025-08-04,291.20001220703125,291.54998779296875,285.70001220703125,287.95001220703125,278.8367004394531,10397121.0
2025-08-05,287.1000061035156,288.6499938964844,285.1000061035156,286.0,276.9483947753906,15561914.0
2025-08-06,287.6000061035156,288.3999938964844,284.04998779296875,284.79998779296875,275.786376953125,12985269.0
2025-08-07,284.5,286.29998779296875,283.3999938964844,285.54998779296875,276.5126342773437,8893659.0
2025-08-08,284.79998779296875,286.25,283.6000061035156,284.8500061035156,275.8348083496094,6172968.0
2025-08-11,284.8500061035156,286.3999938964844,283.29998779296875,284.8500061035156,275.8348083496094,8755499.0
2025-08-12,284.3999938964844,287.54998779296875,284.0,284.6499938964844,275.64111328125,13184438.0
2025-08-13,287.0,289.3999938964844,286.04998779296875,288.20001220703125,279.07879638671875,9928283.0
2025-08-14,289.04998779296875,290.1499938964844,287.1499938964844,288.70001220703125,279.56298828125,8464495.0
2025-08-18,289.5,291.29998779296875,288.5,290.3500061035156,281.1607360839844,9836105.0
2025-08-19,290.0,290.1000061035156,286.54998779296875,288.0,280.0909118652344,7196772.0
2025-08-20,288.20001220703125,289.0,286.95001220703125,288.3999938964844,280.4799194335937,3106073.0
2025-08-21,288.3999938964844,289.54998779296875,283.6000061035156,284.0,276.2007751464844,7389271.0
2025-08-22,284.0,284.54998779296875,281.79998779296875,283.3500061035156,275.5686340332031,6824793.0
2025-08-25,283.3500061035156,284.6000061035156,282.20001220703125,284.1499938964844,276.3466491699219,7426789.0
2025-08-26,283.0,283.79998779296875,278.8999938964844,279.8999938964844,272.2133483886719,22905910.0
2025-08-28,282.0,282.0,273.6000061035156,274.45001220703125,266.9130554199219,12455072.0
2025-08-29,273.6000061035156,276.1000061035156,272.25,275.25,267.6910705566406,12841075.0
2025-09-01,276.0,280.6000061035156,276.0,279.8500061035156,272.1647644042969,10820878.0
2025-09-02,280.20001220703125,287.8999938964844,279.8500061035156,286.70001220703125,278.8266296386719,16983677.0
2025-09-03,289.0,289.20001220703125,285.6000061035156,286.04998779296875,278.1944580078125,30178885.0
2025-09-04,286.8500061035156,287.95001220703125,280.8999938964844,281.79998779296875,274.0611877441406,5946090.0
2025-09-05,282.3500061035156,286.6499938964844,282.3500061035156,285.3500061035156,277.5137023925781,9695914.0
2025-09-08,286.3999938964844,287.70001220703125,282.1000061035156,282.79998779296875,275.0337219238281,5186605.0
2025-09-09,283.04998779296875,284.3500061035156,281.70001220703125,283.8500061035156,276.0549011230469,7093190.0
2025-09-10,284.70001220703125,286.45001220703125,282.5,282.95001220703125,275.1796264648437,7767863.0
2025-09-11,282.54998779296875,288.70001220703125,282.54998779296875,286.79998779296875,278.92388916015625,7406625.0
2025-09-12,287.25,288.6000061035156,285.1000061035156,287.6499938964844,279.75054931640625,7618852.0
2025-09-15,288.29998779296875,288.79998779296875,285.75,286.25,278.38897705078125,5420800.0
2025-09-16,286.54998779296875,289.70001220703125,286.3500061035156,288.3500061035156,280.43133544921875,8626429.0
2025-09-17,289.0,289.20001220703125,285.95001220703125,287.1499938964844,279.2642822265625,19010126.0
2025-09-18,287.0,289.8500061035156,286.1000061035156,289.1000061035156,281.1607360839844,16842964.0
2025-09-19,290.0,290.20001220703125,284.8999938964844,286.20001220703125,278.3403625488281,14993879.0
2025-09-22,287.0,289.0,285.8999938964844,286.6499938964844,278.7779846191406,9456933.0
2025-09-23,288.6499938964844,289.0,285.3999938964844,288.6000061035156,280.6744689941406,13619147.0
2025-09-24,287.8999938964844,294.54998779296875,286.95001220703125,293.29998779296875,285.245361328125,14032389.0
2025-09-25,294.0,294.8500061035156,283.6000061035156,284.3999938964844,276.5897827148437,16242837.0
2025-09-26,283.5,284.1499938964844,280.1000061035156,282.25,274.49884033203125,8959035.0
2025-09-29,283.8999938964844,286.1000061035156,279.95001220703125,280.6000061035156,272.8941650390625,14600560.0
2025-09-30,282.0,286.0,279.0,280.25,272.55377197265625,18772881.0
2025-10-01,281.0,282.8500061035156,279.8999938964844,280.6499938964844,272.9427795410156,11812449.0
2025-10-03,283.3500061035156,290.0,281.04998779296875,289.70001220703125,281.7442626953125,19597461.0
2025-10-06,288.3500061035156,288.6499938964844,284.54998779296875,286.8999938964844,279.0211486816406,11702722.0
2025-10-07,288.95001220703125,292.3500061035156,287.1000061035156,289.0,281.0634765625,11371062.0
2025-10-08,290.3500061035156,290.3500061035156,284.6499938964844,285.29998779296875,277.4650573730469,9989251.0
2025-10-09,285.0,286.95001220703125,282.25,286.1499938964844,278.2917175292969,10714949.0
2025-10-10,285.25,291.25,285.25,289.1499938964844,281.2093505859375,10773268.0
2025-10-13,287.75,288.20001220703125,284.8999938964844,286.1499938964844,278.2917175292969,8950161.0
2025-10-14,286.5,287.8999938964844,285.3999938964844,287.5,279.6046447753906,7667654.0
2025-10-15,287.1499938964844,293.25,287.04998779296875,290.95001220703125,282.9599304199219,8125514.0
2025-10-16,292.3999938964844,293.25,290.6000061035156,291.8500061035156,283.835205078125,7824732.0
2025-10-17,291.0,291.5,288.0,289.75,281.7928771972656,14275188.0
2025-10-20,290.1499938964844,292.1000061035156,287.1000061035156,288.20001220703125,280.28546142578125,13536721.0
2025-10-21,288.29998779296875,289.6000061035156,288.20001220703125,288.6000061035156,280.6744689941406,398291.0
2025-10-23,288.95001220703125,291.1499938964844,288.0,289.6499938964844,281.69561767578125,21031287.0
2025-10-24,289.6499938964844,290.75,286.54998779296875,288.5,280.57720947265625,16350189.0
2025-10-27,289.0,292.79998779296875,288.20001220703125,291.04998779296875,283.0571594238281,13396182.0
2025-10-28,290.54998779296875,292.6000061035156,286.79998779296875,288.25,280.3340759277344,13543174.0
2025-10-29,289.0,296.6499938964844,288.75,295.3500061035156,287.2391052246094,14608714.0
2025-10-30,296.29998779296875,296.45001220703125,290.95001220703125,291.5,283.49481201171875,10329750.0
2025-10-31,292.0,292.0,287.0,288.1499938964844,280.23681640625,10088802.0
2025-11-03,289.0,290.1499938964844,287.1499938964844,288.0,280.0909118652344,8578207.0
2025-11-04,284.5,284.95001220703125,278.1000061035156,279.04998779296875,271.3866882324219,26098629.0
2025-11-06,278.0,278.5,269.8500061035156,270.20001220703125,262.77978515625,21919591.0
2025-11-07,270.20001220703125,272.79998779296875,268.75,272.0,264.53033447265625,11379131.0
2025-11-10,268.6000061035156,270.54998779296875,266.54998779296875,268.20001220703125,265.2225646972656,10717941.0
2025-11-11,268.25,269.1499938964844,264.6499938964844,267.6499938964844,264.6786499023437,11154806.0
2025-11-12,269.0,270.25,266.5,267.1000061035156,264.134765625,16444701.0
2025-11-13,267.1000061035156,270.45001220703125,265.6499938964844,269.8500061035156,266.854248046875,12573141.0
2025-11-14,270.3500061035156,272.29998779296875,269.5,271.29998779296875,268.2881164550781,10308317.0
2025-11-17,272.1000061035156,273.95001220703125,270.0,273.54998779296875,270.5131530761719,9884392.0
2025-11-18,274.0,276.79998779296875,272.29998779296875,274.20001220703125,271.15594482421875,16434280.0
2025-11-19,275.95001220703125,276.0,272.5,275.1499938964844,272.09539794921875,15765235.0
2025-11-20,275.25,279.04998779296875,274.5,277.20001220703125,274.1226501464844,15337345.0
2025-11-21,277.20001220703125,279.0,275.3999938964844,277.6000061035156,274.5181884765625,12941485.0
2025-11-24,278.0,279.04998779296875,272.5,275.79998779296875,272.7381591796875,49791096.0
2025-11-25,275.0,276.8999938964844,272.6499938964844,273.45001220703125,270.4142761230469,12114606.0
2025-11-26,274.0,276.95001220703125,273.5,275.04998779296875,271.9964904785156,8352869.0
2025-11-27,277.0,277.0,273.29998779296875,273.70001220703125,270.6614990234375,9865039.0
2025-11-28,273.79998779296875,274.3500061035156,269.45001220703125,269.95001220703125,266.953125,12580231.0
2025-12-01,272.45001220703125,272.45001220703125,268.75,269.6499938964844,266.65643310546875,10428760.0
2025-12-02,269.0,270.6499938964844,266.8999938964844,267.45001220703125,264.4808959960937,11029817.0
2025-12-03,267.45001220703125,269.0,264.5,268.45001220703125,265.46978759765625,9063557.0
2025-12-04,266.54998779296875,270.20001220703125,265.6000061035156,269.1000061035156,266.1125793457031,5103204.0
2025-12-05,268.20001220703125,271.5,267.79998779296875,269.79998779296875,266.8047790527344,5535798.0
2025-12-08,268.79998779296875,269.3999938964844,264.75,265.20001220703125,262.255859375,10203843.0
2025-12-09,264.1000061035156,265.75,262.8999938964844,264.54998779296875,261.6130676269531,10686557.0
2025-12-10,264.8999938964844,267.25,264.29998779296875,265.5,262.5525207519531,7157092.0
2025-12-11,264.25,266.3500061035156,262.5,264.79998779296875,261.8602905273437,8336183.0
2025-12-12,265.0,266.75,263.29998779296875,263.6000061035156,260.6736145019531,5522827.0
2025-12-15,263.6000061035156,263.8500061035156,260.5,262.20001220703125,259.2891845703125,6400400.0
2025-12-16,262.1499938964844,263.3500061035156,259.70001220703125,260.3500061035156,257.459716796875,9241981.0
2025-12-17,260.3500061035156,262.75,259.29998779296875,261.1000061035156,258.2013854980469,10944698.0
2025-12-18,260.75,261.70001220703125,255.8000030517578,257.95001220703125,255.0863494873047,10930748.0
2025-12-19,258.04998779296875,263.95001220703125,257.95001220703125,263.45001220703125,260.5252990722656,16657897.0
2025-12-22,259.1000061035156,265.6000061035156,259.04998779296875,265.0,262.0580749511719,10054250.0
2025-12-23,265.0,269.29998779296875,264.3999938964844,267.0,264.0358581542969,10526826.0
2025-12-24,267.79998779296875,270.04998779296875,266.29998779296875,268.04998779296875,265.0741882324219,6131188.0
2025-12-26,268.0,269.29998779296875,264.8500061035156,265.45001220703125,262.5030822753906,6029003.0
2025-12-29,265.95001220703125,266.45001220703125,260.0,260.6000061035156,257.7069396972656,7270521.0
2025-12-30,260.0,261.45001220703125,258.95001220703125,260.3500061035156,257.459716796875,10929200.0
2025-12-31,261.3999938964844,265.20001220703125,260.54998779296875,264.6000061035156,261.6625366210937,5145868.0
2026-01-01,264.1000061035156,267.54998779296875,264.1000061035156,266.79998779296875,263.83807373046875,4298196.0
2026-01-02,267.5,272.1000061035156,266.25,270.95001220703125,267.9420471191406,13348375.0
2026-01-05,271.25,272.79998779296875,268.70001220703125,271.6499938964844,268.6342468261719,11526602.0
2026-01-06,266.0,273.29998779296875,266.0,268.54998779296875,265.56866455078125,11777253.0
2026-01-07,268.5,268.95001220703125,263.45001220703125,264.1000061035156,261.1680603027344,14877056.0
2026-01-08,264.0,265.29998779296875,257.95001220703125,259.29998779296875,256.4213562011719,11762204.0
2026-01-09,260.29998779296875,263.79998779296875,256.25,258.0,255.1357879638672,14100782.0
2026-01-12,258.0,259.5,254.3000030517578,258.54998779296875,255.6796722412109,9698555.0
2026-01-13,259.04998779296875,259.95001220703125,256.1000061035156,258.79998779296875,255.9268951416016,9734559.0
2026-01-14,257.1000061035156,259.70001220703125,256.75,258.3500061035156,255.48190307617188,15435341.0
2026-01-15,258.3500061035156,258.3500061035156,258.3500061035156,258.3500061035156,255.48190307617188,0.0
2026-01-16,258.29998779296875,261.54998779296875,256.20001220703125,257.29998779296875,254.44354248046875,9648251.0
2026-01-19,256.8999938964844,258.79998779296875,256.6499938964844,257.6499938964844,254.7896728515625,10588722.0
2026-01-20,257.6499938964844,257.8500061035156,253.3999938964844,254.0500030517578,251.22964477539065,12452441.0
2026-01-21,252.0500030517578,258.8500061035156,252.0500030517578,255.8000030517578,252.9602203369141,14263346.0
2026-01-22,256.6000061035156,259.8500061035156,255.4499969482422,259.25,256.3719177246094,15520530.0
2026-01-23,259.25,259.95001220703125,252.6000061035156,254.1499938964844,251.3285217285156,18022018.0
2026-01-27,256.5,258.3500061035156,252.0500030517578,254.3500061035156,251.5263061523437,17375059.0
2026-01-28,254.0,260.75,254.0,259.79998779296875,256.9158020019531,16046343.0
2026-01-29,262.6000061035156,263.04998779296875,258.75,260.5,257.6080322265625,26914029.0
2026-01-30,261.29998779296875,262.3999938964844,254.0500030517578,256.5,253.6524353027344,23292764.0
2026-02-02,251.25,271.20001220703125,250.0,270.3999938964844,267.39813232421875,37109237.0
2026-02-03,276.04998779296875,284.5,273.25,283.20001220703125,280.0560302734375,52651170.0
2026-02-04,288.79998779296875,292.0,282.8999938964844,289.3999938964844,286.18719482421875,27775044.0
2026-02-05,291.0,291.0,286.1499938964844,289.3500061035156,286.13775634765625,9870342.0
2026-02-06,292.20001220703125,293.5,289.3999938964844,292.75,289.5,19951107.0
2026-02-09,292.5,292.54998779296875,288.0,289.75,289.75,13114576.0
2026-02-10,290.0,295.29998779296875,286.5,294.3500061035156,294.3500061035156,21823214.0
2026-02-11,297.6499938964844,297.6499938964844,292.20001220703125,294.45001220703125,294.45001220703125,10508852.0
2026-02-12,294.45001220703125,296.0,291.75,293.8999938964844,293.8999938964844,10482579.0
2026-02-13,292.0,294.29998779296875,286.8500061035156,287.20001220703125,287.20001220703125,10914157.0
2026-02-16,288.0,300.95001220703125,287.25,300.5,300.5,22196951.0
2026-02-17,299.29998779296875,301.6000061035156,297.0,300.75,300.75,11190989.0
2026-02-18,299.45001220703125,302.25,298.45001220703125,300.54998779296875,300.54998779296875,9147320.0
2026-02-19,300.1000061035156,301.6000061035156,293.1000061035156,294.6499938964844,294.6499938964844,7552362.0
2026-02-20,295.54998779296875,302.04998779296875,294.25,298.95001220703125,298.95001220703125,11762183.0
2026-02-23,302.0,304.29998779296875,299.0,303.3500061035156,303.3500061035156,11774742.0
2026-02-24,304.0,306.20001220703125,300.79998779296875,304.79998779296875,304.79998779296875,15863867.0
2026-02-25,307.0,311.70001220703125,305.1499938964844,307.25,307.25,14240500.0
2026-02-26,307.1000061035156,307.70001220703125,301.3999938964844,303.25,303.25,14249515.0
2026-02-27,305.79998779296875,305.79998779296875,297.8999938964844,298.6499938964844,298.6499938964844,21400679.0
2026-03-02,290.0,298.6000061035156,289.5,296.79998779296875,296.79998779296875,15690227.0
2026-03-04,296.0,296.0,288.8999938964844,291.95001220703125,291.95001220703125,28191826.0
2026-03-05,292.0,300.1000061035156,291.8999938964844,299.45001220703125,299.45001220703125,19467441.0
2026-03-06,299.95001220703125,302.75,297.0,299.1499938964844,299.1499938964844,15887540.0
2026-03-09,285.5,296.25,285.5,295.20001220703125,295.20001220703125,21591866.0
2026-03-10,298.1499938964844,300.04998779296875,293.75,298.6499938964844,298.6499938964844,14627316.0
2026-03-11,298.6499938964844,302.8999938964844,298.04998779296875,298.79998779296875,298.79998779296875,12618289.0
2026-03-12,295.79998779296875,304.8999938964844,295.1000061035156,303.6000061035156,303.6000061035156,15284297.0
2026-03-13,308.6499938964844,309.5,298.70001220703125,300.95001220703125,300.95001220703125,23615092.0
2026-03-16,300.95001220703125,303.0,291.3999938964844,297.75,297.75,25911819.0
2026-03-17,302.0,302.0,292.1499938964844,298.5,298.5,12300000.0
2026-03-18,299.54998779296875,304.20001220703125,297.54998779296875,299.3999938964844,299.3999938964844,8691698.0
2026-03-19,297.6499938964844,300.5,295.95001220703125,296.70001220703125,296.70001220703125,8594078.0
2026-03-20,300.1000061035156,305.0,296.6000061035156,297.6000061035156,297.6000061035156,28392470.0
2026-03-23,298.0,304.3500061035156,293.1000061035156,302.1000061035156,302.1000061035156,23771660.0
2026-03-24,309.0,309.0,292.3999938964844,299.0,299.0,24123621.0
2026-03-25,299.8999938964844,302.25,294.20001220703125,295.0,295.0,16423641.0
2026-03-27,294.45001220703125,297.29998779296875,290.29998779296875,295.5,295.5,27444747.0
2026-03-30,292.04998779296875,297.8999938964844,292.0,296.1000061035156,296.1000061035156,23105779.0
2026-04-01,305.0,305.8999938964844,290.20001220703125,292.79998779296875,292.79998779296875,18635698.0
2026-04-02,290.20001220703125,292.0,283.5,289.95001220703125,289.95001220703125,17222200.0
2026-04-06,294.8999938964844,295.6000061035156,287.29998779296875,295.1499938964844,295.1499938964844,9291741.0
2026-04-07,292.5,296.25,291.0,295.3999938964844,295.3999938964844,9318575.0
2026-04-08,301.0,301.75,293.6000061035156,294.8500061035156,294.8500061035156,10887876.0
2026-04-09,295.45001220703125,300.70001220703125,293.8500061035156,298.1000061035156,298.1000061035156,17644642.0
2026-04-10,301.1000061035156,303.5,299.75,302.75,302.75,13245074.0
2026-04-13,299.95001220703125,302.3500061035156,297.6499938964844,300.3500061035156,300.3500061035156,15681799.0
2026-04-15,303.3999938964844,313.3999938964844,301.25,312.45001220703125,312.45001220703125,21897202.0
2026-04-16,315.0,317.0,310.5,312.25,312.25,21510277.0
2026-04-17,313.29998779296875,318.95001220703125,311.3999938964844,318.1000061035156,318.1000061035156,13609827.0
2026-04-20,319.0,323.04998779296875,315.54998779296875,319.70001220703125,319.70001220703125,10955277.0
2026-04-21,318.95001220703125,322.0,318.0,319.3500061035156,319.3500061035156,8342335.0
2026-04-22,319.75,322.0,316.0,319.75,319.75,7112538.0
2026-04-23,320.0,321.8500061035156,318.04998779296875,319.1499938964844,319.1499938964844,7294961.0
2026-04-24,316.0,317.8999938964844,314.5,316.3999938964844,316.3999938964844,9980241.0
2026-04-27,318.0,324.95001220703125,316.95001220703125,320.8999938964844,320.8999938964844,9334181.0
2026-04-28,322.79998779296875,322.79998779296875,317.6499938964844,319.0,319.0,9083528.0
2026-04-29,320.1000061035156,323.79998779296875,318.25,320.3500061035156,320.3500061035156,10372929.0
2026-04-30,319.6000061035156,321.25,315.95001220703125,318.3500061035156,318.3500061035156,9521058.0
2026-05-01,318.3500061035156,318.3500061035156,318.3500061035156,318.3500061035156,318.3500061035156,0.0
2026-05-04,314.0,323.8999938964844,314.0,319.04998779296875,319.04998779296875,7370269.0
2026-05-05,318.8999938964844,321.29998779296875,315.0,319.45001220703125,319.45001220703125,8569582.0
2026-05-06,320.04998779296875,321.5,314.6000061035156,315.95001220703125,315.95001220703125,4884118.0
2026-05-07,315.75,316.75,312.5,313.79998779296875,313.79998779296875,9126203.0
2026-05-08,315.20001220703125,315.20001220703125,310.6000061035156,313.95001220703125,313.95001220703125,7929393.0
2026-05-11,313.95001220703125,314.04998779296875,309.95001220703125,310.8999938964844,310.8999938964844,8204425.0
2026-05-12,309.45001220703125,310.75,305.5,306.29998779296875,306.29998779296875,7952584.0
2026-05-13,304.25,305.3999938964844,295.6499938964844,301.5,301.5,23775882.0
2026-05-14,306.0,307.54998779296875,300.6000061035156,301.75,301.75,14012601.0
2026-05-15,307.79998779296875,308.1499938964844,302.8999938964844,305.8500061035156,305.8500061035156,10092811.0
2026-05-18,296.29998779296875,298.45001220703125,290.20001220703125,296.54998779296875,296.54998779296875,16036198.0
2026-05-19,296.6000061035156,300.0,294.54998779296875,298.6000061035156,298.6000061035156,12580156.0
2026-05-20,297.5,300.79998779296875,294.54998779296875,299.8999938964844,299.8999938964844,5672695.0
2026-05-21,302.3999938964844,304.5,298.70001220703125,299.54998779296875,299.54998779296875,10353164.0
2026-05-22,298.70001220703125,300.54998779296875,293.54998779296875,294.29998779296875,294.29998779296875,15105294.0
2026-05-25,298.5,298.5,294.1499938964844,295.3500061035156,295.3500061035156,5896815.0
2026-05-26,295.0,295.95001220703125,292.04998779296875,292.54998779296875,292.54998779296875,5625947.0
2026-05-27,292.0,301.25,292.0,300.1499938964844,300.1499938964844,9883025.0
2026-05-28,300.1499938964844,300.1499938964844,300.1499938964844,300.1499938964844,300.1499938964844,0.0
2026-05-29,303.0,303.0,285.45001220703125,290.54998779296875,290.54998779296875,77407363.0
2026-06-01,291.0,292.3500061035156,284.70001220703125,286.1499938964844,286.1499938964844,17628347.0
2026-06-02,281.75,285.25,278.3999938964844,282.1499938964844,282.1499938964844,15198142.0
2026-06-03,282.0,286.0,280.3500061035156,285.04998779296875,285.04998779296875,13002063.0
2026-06-04,280.0,286.04998779296875,280.0,284.6000061035156,284.6000061035156,16292818.0
2026-06-05,284.0,286.54998779296875,283.0,285.6499938964844,285.6499938964844,6955072.0
2026-06-08,283.0,292.1000061035156,282.6000061035156,290.29998779296875,290.29998779296875,8748933.0
2026-06-09,292.8999938964844,293.04998779296875,284.75,285.70001220703125,285.70001220703125,7973130.0
2026-06-10,285.0,289.5,284.04998779296875,287.20001220703125,287.20001220703125,8330040.0
2026-06-11,289.25,290.45001220703125,286.0,286.6499938964844,286.6499938964844,12064071.0
2026-06-12,288.8999938964844,288.8999938964844,282.70001220703125,284.79998779296875,284.79998779296875,5478294.0
2026-06-15,290.0,290.0,284.04998779296875,285.70001220703125,285.70001220703125,9319070.0
2026-06-16,286.1000061035156,286.3999938964844,282.8500061035156,285.1499938964844,285.1499938964844,8146761.0
2026-06-17,286.20001220703125,286.6499938964844,283.25,286.3500061035156,286.3500061035156,6008101.0
2026-06-18,286.3500061035156,289.45001220703125,283.29998779296875,288.70001220703125,288.70001220703125,8381654.0
2026-06-19,288.95001220703125,292.8999938964844,287.6499938964844,292.25,292.25,10295261.0
2026-06-22,289.0,292.8500061035156,288.79998779296875,289.75,289.75,11678414.0
2026-06-23,290.45001220703125,293.04998779296875,289.6000061035156,291.95001220703125,291.95001220703125,12328516.0
2026-06-24,293.0,295.25,288.75,290.8999938964844,290.8999938964844,10221176.0
2026-06-25,290.70001220703125,291.5,283.04998779296875,283.8999938964844,283.8999938964844,16305770.0
2026-06-26,283.8999938964844,283.8999938964844,283.8999938964844,283.8999938964844,283.8999938964844,0.0
2026-06-29,287.0,287.6499938964844,283.5,286.25,286.25,16957025.0
2026-06-30,287.20001220703125,288.8999938964844,284.45001220703125,286.29998779296875,286.29998779296875,11985195.0
2026-07-01,287.79998779296875,288.3500061035156,285.6499938964844,287.54998779296875,287.54998779296875,8147424.0
2026-07-02,287.54998779296875,289.3999938964844,284.20001220703125,288.20001220703125,288.20001220703125,6456861.0
2026-07-03,288.5,292.0,287.1000061035156,287.8500061035156,287.8500061035156,10260404.0
2026-07-06,287.20001220703125,287.95001220703125,284.70001220703125,285.3999938964844,285.3999938964844,7799856.0
2026-07-07,285.3500061035156,287.3500061035156,283.3500061035156,284.3500061035156,284.3500061035156,7251465.0
2026-07-08,282.8999938964844,285.3999938964844,279.20001220703125,279.70001220703125,279.70001220703125,7306244.0
2026-07-09,280.0,283.95001220703125,280.0,281.3500061035156,281.3500061035156,6800579.0
2026-07-10,283.1000061035156,283.79998779296875,281.3500061035156,283.1000061035156,283.1000061035156,6812700.0
2026-07-13,282.79998779296875,286.45001220703125,281.6499938964844,286.0,286.0,8083023.0
2026-07-14,282.3500061035156,286.95001220703125,282.29998779296875,286.1499938964844,286.1499938964844,7596298.0
2026-07-15,285.8999938964844,286.79998779296875,278.8999938964844,280.70001220703125,280.70001220703125,9907688.0
2026-07-16,280.3999938964844,284.3999938964844,280.0,280.75,280.75,7143529.0
2026-07-17,280.75,284.3500061035156,279.6499938964844,283.54998779296875,283.54998779296875,10985155.0
2026-07-20,284.70001220703125,289.54998779296875,283.3500061035156,288.70001220703125,288.70001220703125,11380170.0
2026-07-21,289.0,290.3999938964844,284.45001220703125,286.70001220703125,286.70001220703125,7517060.0
2026-07-22,285.6499938964844,289.75,284.3999938964844,289.29998779296875,289.29998779296875,4595987.0
2026-07-23,287.29998779296875,290.95001220703125,287.0,289.79998779296875,289.79998779296875,7407258.0
2026-07-24,286.5,290.04998779296875,286.3999938964844,288.20001220703125,288.20001220703125,8474555.0
2026-07-27,288.29998779296875,290.54998779296875,286.54998779296875,288.8500061035156,288.8500061035156,12143388.0
2026-07-28,287.29998779296875,288.0,283.1000061035156,285.29998779296875,285.29998779296875,7118852.0
2026-07-29,284.0,284.75,281.04998779296875,282.8500061035156,282.8500061035156,12375693.0
2026-07-30,283.3999938964844,287.1000061035156,283.0,285.70001220703125,285.70001220703125,7903593.0
2026-07-31,286.29998779296875,287.3999938964844,283.0,284.25,284.25,7804310.0
2026-08-03,285.0,287.0,283.8999938964844,287.0,287.0,8749092.0
2026-08-04,294.1000061035156,294.1000061035156,281.70001220703125,283.3999938964844,283.3999938964844,7656558.0
2026-08-05,284.0,285.20001220703125,281.25,281.75,281.75,7544704.0
2026-08-06,279.75,281.0,269.6499938964844,270.75,270.75,18258733.0
2026-08-07,268.6499938964844,272.8500061035156,268.3500061035156,271.6000061035156,271.6000061035156,7795199.0
2026-08-10,271.5,271.6000061035156,268.79998779296875,270.1000061035156,270.1000061035156,8329347.0
2026-08-11,270.0,270.79998779296875,266.6499938964844,267.95001220703125,267.95001220703125,7553241.0
2026-08-12,267.95001220703125,270.0,266.29998779296875,269.45001220703125,269.45001220703125,6699919.0
2026-08-13,269.0,269.0,266.04998779296875,266.6000061035156,266.6000061035156,9715149.0
2026-08-14,267.0,268.20001220703125,265.75,266.04998779296875,266.04998779296875,6758273.0
2026-08-17,266.04998779296875,268.0,265.25,266.1499938964844,266.1499938964844,6631423.0
2026-08-18,266.20001220703125,268.95001220703125,266.04998779296875,268.0,268.0,6792173.0
2026-08-19,267.04998779296875,267.5,262.04998779296875,263.5,263.5,9674185.0
2026-08-20,264.0,267.1000061035156,262.79998779296875,264.79998779296875,264.79998779296875,7029993.0
2026-08-21,264.6000061035156,275.95001220703125,264.20001220703125,272.3999938964844,272.3999938964844,18031357.0
2026-08-24,274.0,274.3500061035156,268.29998779296875,271.3999938964844,271.3999938964844,7643689.0
2026-08-25,271.3999938964844,271.70001220703125,268.3500061035156,271.0,271.0,5435918.0
2026-08-26,270.1000061035156,271.1499938964844,265.20001220703125,265.20001220703125,265.20001220703125,5303523.0
2026-08-27,264.79998779296875,266.29998779296875,262.29998779296875,264.8999938964844,264.8999938964844,7118715.0
2026-08-28,266.04998779296875,267.3500061035156,265.04998779296875,266.04998779296875,266.04998779296875,5112511.0
2026-08-31,266.04998779296875,266.04998779296875,263.1499938964844,263.54998779296875,263.54998779296875,11553385.0
2026-09-01,263.29998779296875,264.54998779296875,261.70001220703125,264.54998779296875,264.54998779296875,8499123.0
2026-09-02,264.0,268.3500061035156,262.3999938964844,266.79998779296875,266.79998779296875,9068868.0
2026-09-03,269.8999938964844,270.75,265.6000061035156,265.6000061035156,265.6000061035156,9826724.0
2026-09-04,266.8999938964844,267.5,265.04998779296875,266.0,266.0,7967122.0
2026-09-08,265.6499938964844,267.25,263.0,265.75,265.75,7385483.0
2026-09-09,265.0,269.25,264.5,265.8500061035156,265.8500061035156,11738891.0
2026-09-10,265.8500061035156,271.75,265.29998779296875,271.75,271.75,12187656.0
2026-09-11,269.95001220703125,274.04998779296875,268.3500061035156,269.1000061035156,269.1000061035156,11423068.0
2026-09-14,269.1000061035156,269.1000061035156,269.1000061035156,269.1000061035156,269.1000061035156,0.0
2026-09-15,267.1499938964844,268.5,262.79998779296875,262.79998779296875,262.79998779296875,10519594.0
2026-09-16,264.1000061035156,266.3500061035156,262.79998779296875,262.79998779296875,262.79998779296875,7132902.0
2026-09-17,263.5,265.70001220703125,263.25,263.75,263.75,6532739.0
