date,open,high,low,close,adjclose,volume
2021-09-15,75.0,75.9000015258789,74.75,75.3499984741211,67.00662994384766,965709.0
2021-09-16,75.4000015258789,77.19999694824219,75.4000015258789,75.5999984741211,67.22895050048828,1506926.0
2021-09-17,75.8499984741211,76.1500015258789,72.80000305175781,74.05000305175781,65.85057830810547,1652546.0
2021-09-20,72.19999694824219,75.5999984741211,72.19999694824219,73.1500015258789,65.05022430419922,1503711.0
2021-09-21,73.0,74.3499984741211,72.5,73.6500015258789,65.49486541748047,1171538.0
2021-09-22,74.19999694824219,75.30000305175781,73.75,74.0999984741211,65.89502716064453,958295.0
2021-09-23,74.75,75.19999694824219,73.80000305175781,74.1500015258789,65.93951416015625,908362.0
2021-09-24,74.44999694824219,87.0,74.0999984741211,82.5,73.36492156982422,42494244.0
2021-09-27,82.55000305175781,88.9000015258789,80.1500015258789,85.5999984741211,76.12165832519531,33040900.0
2021-09-28,86.25,87.80000305175781,83.25,84.30000305175781,74.96561431884766,6927100.0
2021-09-29,83.80000305175781,85.94999694824219,83.05000305175781,83.5999984741211,74.3431167602539,4329673.0
2021-09-30,84.05000305175781,84.4000015258789,82.30000305175781,82.69999694824219,73.54276275634766,2598805.0
2021-10-01,82.0999984741211,82.44999694824219,79.9000015258789,80.69999694824219,71.76422119140625,4306521.0
2021-10-04,81.4000015258789,84.69999694824219,81.0999984741211,82.5999984741211,73.4538345336914,4500253.0
2021-10-05,82.80000305175781,84.75,82.44999694824219,83.5999984741211,74.3431167602539,4170170.0
2021-10-06,83.8499984741211,84.5,81.9000015258789,82.3499984741211,73.23152923583984,2873704.0
2021-10-07,83.19999694824219,83.9000015258789,82.4000015258789,82.6500015258789,73.49830627441406,2380702.0
2021-10-08,83.4000015258789,86.55000305175781,80.5,84.30000305175781,74.96561431884766,7917447.0
2021-10-11,83.8499984741211,84.0,82.05000305175781,82.30000305175781,73.18706512451172,2253541.0
2021-10-12,82.5,86.19999694824219,81.30000305175781,82.9000015258789,73.72063446044922,5693096.0
2021-10-13,83.9000015258789,84.5,82.5999984741211,83.05000305175781,73.85401916503906,2750921.0
2021-10-14,83.4000015258789,84.80000305175781,82.69999694824219,82.9000015258789,73.72063446044922,2199196.0
2021-10-18,83.80000305175781,84.25,83.05000305175781,83.44999694824219,74.20972442626953,2023947.0
2021-10-19,83.94999694824219,85.69999694824219,82.44999694824219,82.80000305175781,73.63170623779297,4957157.0
2021-10-20,81.94999694824219,82.44999694824219,80.05000305175781,80.5,73.15912628173828,2315140.0
2021-10-21,80.5,83.0999984741211,80.05000305175781,82.55000305175781,75.02217864990234,2644988.0
2021-10-22,82.94999694824219,82.94999694824219,80.0,80.25,72.93192291259766,1740024.0
2021-10-25,80.8499984741211,80.8499984741211,77.0999984741211,78.0,70.8871078491211,2087742.0
2021-10-26,78.19999694824219,80.19999694824219,78.1500015258789,78.55000305175781,71.38694763183594,2008365.0
2021-10-27,78.75,79.6500015258789,77.80000305175781,78.0999984741211,70.97797393798828,1472353.0
2021-10-28,78.1500015258789,78.19999694824219,76.5,76.80000305175781,69.7965316772461,1228902.0
2021-10-29,76.5999984741211,77.4000015258789,75.5,76.6500015258789,69.66020965576172,1391783.0
2021-11-01,76.9000015258789,77.9000015258789,76.6500015258789,77.5,70.43268585205078,890640.0
2021-11-02,77.9000015258789,81.19999694824219,77.5,79.55000305175781,72.29576110839844,3148989.0
2021-11-03,80.0,80.19999694824219,77.5,78.0999984741211,70.97797393798828,1170647.0
2021-11-04,78.5999984741211,78.94999694824219,78.3499984741211,78.6500015258789,71.47781372070312,198324.0
2021-11-08,79.05000305175781,81.0,78.55000305175781,79.94999694824219,72.65927124023438,1963417.0
2021-11-09,79.5999984741211,81.0,79.5999984741211,80.4000015258789,73.06824493408203,1040572.0
2021-11-10,80.0,82.3499984741211,79.44999694824219,81.05000305175781,73.65897369384766,1764140.0
2021-11-11,80.19999694824219,80.30000305175781,79.0,79.3499984741211,72.1139907836914,1501931.0
2021-11-12,79.94999694824219,80.5999984741211,79.0999984741211,80.0,72.70471954345703,1101821.0
2021-11-15,80.0999984741211,80.0999984741211,78.69999694824219,78.8499984741211,71.65958404541016,746829.0
2021-11-16,78.80000305175781,80.0999984741211,78.55000305175781,79.0,71.79590606689453,1116165.0
2021-11-17,78.4000015258789,79.25,77.80000305175781,77.94999694824219,70.84165954589844,993069.0
2021-11-18,77.9000015258789,78.25,74.8499984741211,75.9000015258789,68.97860717773438,1444692.0
2021-11-22,76.0999984741211,76.44999694824219,71.55000305175781,73.5,66.7974624633789,1842683.0
2021-11-23,73.0999984741211,75.25,72.55000305175781,75.0,68.1606674194336,1010164.0
2021-11-24,74.5,76.3499984741211,74.25,74.75,69.17868041992188,1022829.0
2021-11-25,74.5999984741211,76.75,74.4000015258789,75.80000305175781,70.15042877197266,1389948.0
2021-11-26,74.80000305175781,75.30000305175781,72.5,72.80000305175781,67.37403106689453,1241006.0
2021-11-29,71.75,72.30000305175781,66.0,69.44999694824219,64.27371215820312,1640822.0
2021-11-30,70.5999984741211,71.9000015258789,69.3499984741211,69.8499984741211,64.6438980102539,1320782.0
2021-12-01,74.0,74.4000015258789,72.55000305175781,73.30000305175781,67.83676147460938,3615677.0
2021-12-02,73.30000305175781,73.6500015258789,72.44999694824219,73.19999694824219,67.74420928955078,849493.0
2021-12-03,73.0,74.80000305175781,73.0,73.5,68.02185821533203,1454825.0
2021-12-06,73.4000015258789,73.80000305175781,71.8499984741211,72.0,66.63365173339844,790192.0
2021-12-07,72.5,73.9000015258789,72.25,73.44999694824219,67.97557067871094,1067308.0
2021-12-08,73.9000015258789,74.75,73.69999694824219,73.8499984741211,68.34576416015625,932946.0
2021-12-09,73.94999694824219,74.69999694824219,73.6500015258789,74.05000305175781,68.5308609008789,896247.0
2021-12-10,74.05000305175781,75.5,73.8499984741211,74.5999984741211,69.03986358642578,1008163.0
2021-12-13,74.80000305175781,76.25,74.4000015258789,74.9000015258789,69.3175048828125,1276197.0
2021-12-14,74.44999694824219,76.0,74.0999984741211,75.3499984741211,69.73397064208984,1109170.0
2021-12-15,75.25,79.69999694824219,75.0,77.5999984741211,71.81626892089844,5074440.0
2021-12-16,78.05000305175781,81.5999984741211,76.05000305175781,79.80000305175781,73.852294921875,11144913.0
2021-12-17,78.55000305175781,79.4000015258789,76.30000305175781,76.80000305175781,71.07589721679688,4469980.0
2021-12-20,75.75,75.75,70.25,71.8499984741211,66.49482727050781,3698642.0
2021-12-21,72.1500015258789,73.6500015258789,72.05000305175781,72.4000015258789,67.00382995605469,1632059.0
2021-12-22,72.9000015258789,73.80000305175781,72.75,73.30000305175781,67.83676147460938,1239166.0
2021-12-23,73.94999694824219,75.4000015258789,73.44999694824219,74.19999694824219,68.66968536376953,1582291.0
2021-12-24,74.44999694824219,74.6500015258789,72.1500015258789,72.6500015258789,67.2352066040039,1583204.0
2021-12-27,72.4000015258789,73.25,71.75,72.55000305175781,67.14266204833984,1215416.0
2021-12-28,73.0,74.19999694824219,73.0,73.6500015258789,68.16067504882812,1332345.0
2021-12-29,73.5999984741211,74.6500015258789,73.55000305175781,74.05000305175781,68.5308609008789,1084718.0
2021-12-30,74.0,77.25,73.8499984741211,75.75,70.1041488647461,4482330.0
2021-12-31,75.80000305175781,77.55000305175781,75.80000305175781,76.19999694824219,70.52061462402344,1510851.0
2022-01-03,75.94999694824219,78.69999694824219,75.8499984741211,77.19999694824219,71.44607543945312,1669171.0
2022-01-04,77.25,79.19999694824219,76.3499984741211,77.94999694824219,72.14018249511719,3137615.0
2022-01-05,77.5999984741211,81.0999984741211,77.4000015258789,78.8499984741211,72.97309875488281,5446285.0
2022-01-06,78.05000305175781,78.94999694824219,77.44999694824219,78.4000015258789,72.556640625,1903428.0
2022-01-07,78.1500015258789,78.94999694824219,76.9000015258789,77.4000015258789,71.63117218017578,1708697.0
2022-01-10,77.55000305175781,79.8499984741211,77.55000305175781,79.1500015258789,73.25074768066406,1730635.0
2022-01-11,79.0999984741211,82.0,78.5,80.80000305175781,74.77777099609375,5764500.0
2022-01-12,81.4000015258789,82.5,80.69999694824219,81.25,75.19422149658203,4330395.0
2022-01-13,81.69999694824219,83.9000015258789,80.6500015258789,82.80000305175781,76.62870025634766,7263906.0
2022-01-14,82.5999984741211,83.9000015258789,81.8499984741211,83.19999694824219,76.99888610839844,3995132.0
2022-01-17,83.4000015258789,85.44999694824219,83.0999984741211,83.94999694824219,77.69298553466797,7062579.0
2022-01-18,84.30000305175781,88.6500015258789,83.80000305175781,84.4000015258789,78.10945129394531,23452883.0
2022-01-19,84.69999694824219,86.0,83.9000015258789,85.25,78.8960952758789,5945959.0
2022-01-20,85.75,86.19999694824219,84.05000305175781,84.6500015258789,78.34081268310547,3289875.0
2022-01-21,84.5,84.69999694824219,80.0,81.1500015258789,75.10167694091797,3525043.0
2022-01-24,81.5,81.9000015258789,75.80000305175781,76.5999984741211,70.89079284667969,3495452.0
2022-01-25,75.30000305175781,78.9000015258789,74.1500015258789,78.44999694824219,72.60291290283203,2660280.0
2022-01-27,77.4000015258789,79.0,76.69999694824219,78.19999694824219,72.37154388427734,1833589.0
2022-01-28,78.9000015258789,80.44999694824219,78.25,78.55000305175781,72.69546508789062,2186914.0
2022-01-31,79.69999694824219,80.55000305175781,79.30000305175781,79.6500015258789,73.7134780883789,1460347.0
2022-02-01,80.30000305175781,81.75,76.4000015258789,77.5,71.72371673583984,4635360.0
2022-02-02,78.1500015258789,78.5,77.3499984741211,77.5999984741211,71.81626892089844,1068201.0
2022-02-03,77.94999694824219,78.5999984741211,77.30000305175781,77.44999694824219,71.67744445800781,1139121.0
2022-02-04,78.75,78.9000015258789,76.9000015258789,77.0999984741211,71.3535385131836,2122935.0
2022-02-07,77.25,79.5,77.25,77.8499984741211,72.0476303100586,2669419.0
2022-02-08,78.19999694824219,78.5999984741211,75.4000015258789,76.9000015258789,71.16844177246094,3063834.0
2022-02-09,77.5,78.1500015258789,77.0,77.3499984741211,71.58489990234375,951619.0
2022-02-10,77.4000015258789,78.44999694824219,76.69999694824219,77.75,71.95508575439453,1193927.0
2022-02-11,78.0,82.94999694824219,78.0,80.55000305175781,74.54640197753906,9673245.0
2022-02-14,78.0,78.8499984741211,74.05000305175781,74.75,69.17868041992188,3095692.0
2022-02-15,75.0,76.0,72.5,75.69999694824219,70.0578842163086,2508301.0
2022-02-16,76.30000305175781,77.5,73.5,75.6500015258789,70.01160430908203,1823384.0
2022-02-17,75.9000015258789,76.80000305175781,74.25,74.55000305175781,68.99359893798828,1459792.0
2022-02-18,73.5,74.6500015258789,73.4000015258789,73.69999694824219,68.20694732666016,936317.0
2022-02-21,73.55000305175781,73.6500015258789,71.0,71.4000015258789,66.07836151123047,1454254.0
2022-02-22,70.0,70.6500015258789,67.0,70.0,64.78271484375,1998659.0
2022-02-23,70.5,73.44999694824219,70.1500015258789,73.0,67.55912017822266,1441010.0
2022-02-24,70.0,70.3499984741211,66.5999984741211,67.0,62.00631332397461,2478330.0
2022-02-25,68.4000015258789,70.55000305175781,68.4000015258789,69.94999694824219,64.73644256591797,1596966.0
2022-02-28,68.0,71.4000015258789,68.0,71.05000305175781,65.75445556640625,1464439.0
2022-03-02,70.4000015258789,72.69999694824219,69.94999694824219,72.3499984741211,66.95756530761719,1419181.0
2022-03-03,72.6500015258789,75.3499984741211,72.5999984741211,74.55000305175781,68.99359893798828,1948675.0
2022-03-04,74.0,74.44999694824219,72.0,72.30000305175781,66.91129302978516,1206071.0
2022-03-07,70.94999694824219,71.80000305175781,69.55000305175781,70.44999694824219,65.19916534423828,1302841.0
2022-03-08,70.44999694824219,73.25,70.30000305175781,73.05000305175781,67.60539245605469,1557394.0
2022-03-09,73.44999694824219,76.5999984741211,72.80000305175781,75.8499984741211,70.19669342041016,2540531.0
2022-03-10,76.8499984741211,77.30000305175781,75.0,75.5999984741211,69.96533966064453,2077160.0
2022-03-11,75.55000305175781,81.9000015258789,75.05000305175781,80.5999984741211,74.59266662597656,10102629.0
2022-03-14,81.5999984741211,84.4000015258789,80.55000305175781,81.25,75.19422149658203,7461036.0
2022-03-15,81.69999694824219,81.8499984741211,78.69999694824219,79.69999694824219,73.7597427368164,3015852.0
2022-03-16,80.30000305175781,80.80000305175781,78.75,79.05000305175781,73.15819549560547,1560179.0
2022-03-17,79.5,80.8499984741211,78.0999984741211,79.75,73.80602264404297,4809379.0
2022-03-21,79.94999694824219,84.0,79.44999694824219,81.75,75.6569595336914,6918141.0
2022-03-22,82.30000305175781,83.9000015258789,81.5,82.4000015258789,76.25851440429688,6123158.0
2022-03-23,82.8499984741211,84.69999694824219,81.55000305175781,82.0999984741211,75.98086547851562,5161899.0
2022-03-24,83.0,83.75,81.6500015258789,82.05000305175781,75.93460845947266,3886209.0
2022-03-25,82.3499984741211,82.9000015258789,80.4000015258789,81.4000015258789,75.33304595947266,3219551.0
2022-03-28,81.69999694824219,82.25,78.75,81.1500015258789,75.10167694091797,4207902.0
2022-03-29,81.30000305175781,93.69999694824219,81.30000305175781,91.69999694824219,84.8653564453125,65306362.0
2022-03-30,92.5,94.6500015258789,88.6500015258789,90.19999694824219,83.4771499633789,31317070.0
2022-03-31,89.9000015258789,92.25,88.94999694824219,89.44999694824219,82.7830581665039,11505341.0
2022-04-01,88.5,96.3499984741211,88.25,94.5999984741211,87.5492172241211,28348005.0
2022-04-04,96.4000015258789,102.5,96.0,101.25,93.70356750488281,38960073.0
2022-04-05,102.25,104.0999984741211,99.0,99.6500015258789,92.22283172607422,20676888.0
2022-04-06,99.0,105.80000305175781,97.80000305175781,104.44999694824219,96.6650619506836,29016861.0
2022-04-07,104.9000015258789,109.0,103.4000015258789,104.3499984741211,96.57251739501953,28499846.0
2022-04-08,104.9000015258789,106.4000015258789,103.5,104.30000305175781,96.52625274658203,11701018.0
2022-04-11,104.69999694824219,107.69999694824219,104.25,105.19999694824219,97.35916137695312,8483858.0
2022-04-12,105.6500015258789,105.75,98.05000305175781,99.5,92.0840072631836,13122345.0
2022-04-13,101.94999694824219,105.4000015258789,101.5999984741211,102.94999694824219,95.27687072753906,13955676.0
2022-04-18,102.0,111.5999984741211,101.0,108.19999694824219,100.13556671142578,28539191.0
2022-04-19,109.4000015258789,112.6500015258789,102.55000305175781,104.94999694824219,97.12779998779297,19663621.0
2022-04-20,105.80000305175781,108.3499984741211,104.9000015258789,106.80000305175781,98.83992004394531,10657553.0
2022-04-21,107.69999694824219,110.9000015258789,105.6500015258789,109.69999694824219,101.52376556396484,10505866.0
2022-04-22,108.69999694824219,110.44999694824219,105.9000015258789,106.55000305175781,98.60855102539062,8168347.0
2022-04-25,104.19999694824219,104.4000015258789,99.0,99.6500015258789,92.22283172607422,10559879.0
2022-04-26,100.8499984741211,102.9000015258789,99.80000305175781,101.1500015258789,93.61102294921875,5756973.0
2022-04-27,100.44999694824219,104.69999694824219,98.5999984741211,102.0999984741211,94.4902114868164,13651804.0
2022-04-28,103.0,104.44999694824219,101.0,102.19999694824219,94.582763671875,6714126.0
2022-04-29,102.80000305175781,103.5,99.5999984741211,100.19999694824219,92.73182678222656,4928422.0
2022-05-02,98.5,99.19999694824219,94.75,95.6500015258789,88.52095794677734,5957813.0
2022-05-04,96.0,97.25,90.69999694824219,92.0999984741211,85.23554992675781,7697307.0
2022-05-05,92.94999694824219,94.25,91.0999984741211,91.55000305175781,84.7265396118164,4127571.0
2022-05-06,89.9000015258789,91.80000305175781,87.75,90.80000305175781,84.03244018554688,6999946.0
2022-05-09,90.0,92.4000015258789,88.3499984741211,89.69999694824219,83.0144271850586,6596600.0
2022-05-10,89.5999984741211,92.30000305175781,84.8499984741211,86.19999694824219,79.7752914428711,4531408.0
2022-05-11,87.25,88.1500015258789,81.9000015258789,86.1500015258789,79.72901916503906,5122411.0
2022-05-12,84.80000305175781,85.30000305175781,81.30000305175781,82.0,75.8883285522461,4128261.0
2022-05-13,83.8499984741211,84.69999694824219,81.44999694824219,82.05000305175781,75.93460845947266,4074198.0
2022-05-16,82.5,84.6500015258789,81.0,83.80000305175781,77.5541763305664,2799921.0
2022-05-17,84.44999694824219,90.5,84.05000305175781,89.55000305175781,82.87561798095703,5033024.0
2022-05-18,90.25,95.30000305175781,88.0999984741211,93.75,86.76256561279297,8005047.0
2022-05-19,91.5,100.6500015258789,91.0,96.69999694824219,89.49269104003906,18326825.0
2022-05-20,99.0,102.5,98.30000305175781,101.4000015258789,93.84239959716797,8107508.0
2022-05-23,101.94999694824219,102.25,98.19999694824219,99.30000305175781,91.89891052246094,7077522.0
2022-05-24,99.5,103.9000015258789,98.5999984741211,99.80000305175781,92.36164855957031,9131579.0
2022-05-25,100.19999694824219,101.5,90.5,90.9000015258789,84.12498474121094,6258711.0
2022-05-26,91.69999694824219,93.4000015258789,86.9000015258789,92.69999694824219,85.79082489013672,5121900.0
2022-05-27,93.5,97.4000015258789,92.55000305175781,94.3499984741211,87.31784057617188,6551675.0
2022-05-30,95.44999694824219,97.4000015258789,95.0,96.5999984741211,89.40015411376953,2748668.0
2022-05-31,96.0999984741211,98.4000015258789,94.4000015258789,95.69999694824219,88.56723022460938,5345429.0
2022-06-01,95.44999694824219,97.1500015258789,93.69999694824219,95.30000305175781,88.19703674316406,2432696.0
2022-06-02,95.44999694824219,97.0999984741211,94.19999694824219,95.3499984741211,88.2433090209961,2428544.0
2022-06-03,96.4000015258789,97.05000305175781,92.80000305175781,93.0999984741211,86.1610107421875,2537709.0
2022-06-06,92.94999694824219,97.6500015258789,92.25,96.94999694824219,89.72406005859375,4843541.0
2022-06-07,95.94999694824219,100.25,94.25,94.8499984741211,87.78058624267578,7447006.0
2022-06-08,94.9000015258789,95.44999694824219,93.05000305175781,93.25,86.29983520507812,2861866.0
2022-06-09,92.6500015258789,93.75,90.9000015258789,91.05000305175781,84.26380920410156,2276745.0
2022-06-10,89.9000015258789,91.0,89.0999984741211,90.05000305175781,83.33834075927734,2060813.0
2022-06-13,87.80000305175781,87.94999694824219,84.1500015258789,84.80000305175781,78.47962951660156,2386644.0
2022-06-14,83.80000305175781,85.9000015258789,82.80000305175781,83.30000305175781,77.0914306640625,2482843.0
2022-06-15,83.9000015258789,84.55000305175781,82.4000015258789,82.80000305175781,76.62870025634766,1809310.0
2022-06-16,83.80000305175781,86.0,79.80000305175781,80.5999984741211,74.59266662597656,5132434.0
2022-06-17,80.4000015258789,80.5,77.80000305175781,78.19999694824219,72.37154388427734,3080979.0
2022-06-20,78.19999694824219,78.94999694824219,70.5999984741211,71.8499984741211,66.49482727050781,4268364.0
2022-06-21,74.5,77.80000305175781,73.6500015258789,76.75,71.02962493896484,5242478.0
2022-06-22,77.0,77.25,75.0,75.6500015258789,70.01160430908203,1865811.0
2022-06-23,76.0,77.0,74.75,75.75,70.1041488647461,1868838.0
2022-06-24,76.44999694824219,78.69999694824219,76.25,78.19999694824219,72.37154388427734,2141822.0
2022-06-27,79.80000305175781,80.9000015258789,78.80000305175781,79.9000015258789,73.94483947753906,2492713.0
2022-06-28,79.94999694824219,79.94999694824219,78.5,79.05000305175781,73.15819549560547,1661462.0
2022-06-29,77.5999984741211,79.6500015258789,77.55000305175781,78.94999694824219,73.06564331054688,1296356.0
2022-06-30,79.0,80.44999694824219,77.80000305175781,78.1500015258789,72.32527160644531,1413428.0
2022-07-01,77.94999694824219,78.69999694824219,76.0999984741211,78.25,72.41781616210938,1110880.0
2022-07-04,78.69999694824219,80.4000015258789,78.69999694824219,79.94999694824219,73.9911117553711,1529043.0
2022-07-05,80.3499984741211,81.30000305175781,78.55000305175781,79.05000305175781,73.15819549560547,1366090.0
2022-07-06,79.30000305175781,80.69999694824219,78.0,80.19999694824219,74.22248077392578,1735391.0
2022-07-07,80.5999984741211,81.9000015258789,80.4000015258789,81.5,75.42559814453125,1758302.0
2022-07-08,82.05000305175781,82.44999694824219,80.69999694824219,81.25,75.19422149658203,1486533.0
2022-07-11,80.80000305175781,84.0999984741211,80.44999694824219,83.5999984741211,77.36907196044922,2089406.0
2022-07-12,83.0,84.80000305175781,83.0,83.44999694824219,77.2302474975586,1723555.0
2022-07-13,83.80000305175781,84.0,82.19999694824219,82.94999694824219,76.76751708984375,892194.0
2022-07-14,83.25,83.30000305175781,80.5,81.25,75.19422149658203,1461393.0
2022-07-15,81.5999984741211,82.75,80.4000015258789,82.3499984741211,76.21223449707031,1282670.0
2022-07-18,82.9000015258789,84.30000305175781,82.5,83.55000305175781,77.32280731201172,1737165.0
2022-07-19,83.0999984741211,84.1500015258789,82.80000305175781,83.4000015258789,77.1839828491211,1392498.0
2022-07-20,84.1500015258789,87.19999694824219,83.94999694824219,85.5,79.1274642944336,3591828.0
2022-07-21,85.44999694824219,86.75,84.80000305175781,86.0,79.59019470214844,1691484.0
2022-07-22,86.5,88.44999694824219,86.0999984741211,87.0999984741211,80.60820770263672,5411913.0
2022-07-25,86.5,86.9000015258789,85.0,85.75,79.35882568359375,1698464.0
2022-07-26,86.0,86.0,83.5,83.94999694824219,77.69298553466797,1578835.0
2022-07-27,84.30000305175781,86.6500015258789,83.0999984741211,86.19999694824219,79.7752914428711,2023103.0
2022-07-28,86.6500015258789,86.8499984741211,85.0999984741211,85.69999694824219,79.31255340576172,1507900.0
2022-07-29,86.4000015258789,88.25,85.5999984741211,87.69999694824219,81.16348266601562,3407572.0
2022-08-01,87.94999694824219,91.0999984741211,86.69999694824219,90.5,83.75479888916016,4862874.0
2022-08-02,89.80000305175781,90.1500015258789,88.25,88.8499984741211,82.227783203125,2843568.0
2022-08-03,88.80000305175781,89.19999694824219,87.0,87.5,80.9783935546875,1477141.0
2022-08-04,87.94999694824219,94.69999694824219,87.8499984741211,94.05000305175781,87.04021453857422,13984568.0
2022-08-05,94.4000015258789,97.30000305175781,94.1500015258789,96.1500015258789,88.98368835449219,7539586.0
2022-08-08,96.5,96.5999984741211,93.5999984741211,95.0,87.91940307617188,3435491.0
2022-08-10,95.0,99.5999984741211,92.75,93.94999694824219,86.9476547241211,9475151.0
2022-08-11,94.0,96.19999694824219,90.6500015258789,94.0,86.99393463134766,6838636.0
2022-08-12,93.25,97.19999694824219,92.5,94.19999694824219,87.17903137207031,9764539.0
2022-08-16,94.9000015258789,95.4000015258789,93.69999694824219,94.1500015258789,87.13275146484375,2574290.0
2022-08-17,94.1500015258789,95.30000305175781,93.1500015258789,93.5,86.53120422363281,2592251.0
2022-08-18,93.69999694824219,96.44999694824219,93.30000305175781,93.75,86.76256561279297,3384369.0
2022-08-19,94.30000305175781,95.0,91.05000305175781,91.44999694824219,84.63398742675781,3090215.0
2022-08-22,91.4000015258789,91.5,88.19999694824219,88.75,82.1352310180664,2026495.0
2022-08-23,88.19999694824219,90.9000015258789,87.69999694824219,89.9000015258789,83.19951629638672,2165648.0
2022-08-24,90.1500015258789,97.9000015258789,90.1500015258789,97.05000305175781,89.81661987304688,10679995.0
2022-08-25,98.0,105.0,96.80000305175781,101.25,93.70356750488281,21847402.0
2022-08-26,102.4000015258789,108.0,102.1500015258789,105.05000305175781,97.22035217285156,16856977.0
2022-08-29,101.0999984741211,104.4000015258789,100.5,101.4000015258789,93.84239959716797,6318289.0
2022-08-30,102.9000015258789,104.0,98.44999694824219,99.19999694824219,91.80635833740234,7330137.0
2022-09-01,98.3499984741211,101.9000015258789,98.19999694824219,100.25,92.7780990600586,5226494.0
2022-09-02,101.1500015258789,101.69999694824219,99.0,99.19999694824219,91.80635833740234,3183446.0
2022-09-05,99.80000305175781,101.19999694824219,99.5,100.19999694824219,92.73182678222656,3415080.0
2022-09-06,100.5999984741211,103.69999694824219,99.5999984741211,101.44999694824219,93.888671875,8719689.0
2022-09-07,103.25,104.0,102.19999694824219,102.94999694824219,95.27687072753906,6206027.0
2022-09-08,103.5999984741211,105.6500015258789,102.55000305175781,103.44999694824219,95.7396011352539,6614179.0
2022-09-09,104.0,104.25,101.5999984741211,101.9000015258789,94.30513000488281,2830764.0
2022-09-12,102.25,103.69999694824219,101.80000305175781,102.80000305175781,95.13804626464844,3276372.0
2022-09-13,103.25,105.19999694824219,102.3499984741211,102.8499984741211,95.18431854248047,4762741.0
2022-09-14,101.5999984741211,103.19999694824219,100.30000305175781,102.80000305175781,95.13804626464844,2974627.0
2022-09-15,103.4000015258789,105.4000015258789,101.8499984741211,102.4000015258789,94.76786804199219,3984143.0
2022-09-16,102.9000015258789,109.44999694824219,101.0,103.8499984741211,96.10978698730469,21818533.0
2022-09-19,104.69999694824219,106.1500015258789,103.0,104.30000305175781,96.52625274658203,5377678.0
2022-09-20,105.25,106.80000305175781,104.6500015258789,105.30000305175781,97.45171356201172,3959655.0
2022-09-21,105.80000305175781,106.75,102.30000305175781,102.8499984741211,95.18431854248047,4093954.0
2022-09-22,102.75,104.69999694824219,102.44999694824219,103.80000305175781,96.06351470947266,2713983.0
2022-09-23,104.4000015258789,104.69999694824219,99.19999694824219,99.94999694824219,92.50047302246094,3011280.0
2022-09-26,99.75,99.75,92.69999694824219,93.80000305175781,86.80884552001953,3350773.0
2022-09-27,94.55000305175781,96.1500015258789,93.0,94.19999694824219,87.17903137207031,2602449.0
2022-09-28,93.94999694824219,93.94999694824219,90.5,91.5,84.68026733398438,1883520.0
2022-09-29,92.6500015258789,94.4000015258789,91.05000305175781,92.30000305175781,85.42063903808594,3413950.0
2022-09-30,92.0999984741211,94.5999984741211,91.5,94.0,86.99393463134766,2045863.0
2022-10-03,93.55000305175781,94.69999694824219,91.5,92.80000305175781,85.88336944580078,2308609.0
2022-10-04,94.3499984741211,95.25,93.6500015258789,94.8499984741211,87.78058624267578,1534096.0
2022-10-06,95.4000015258789,98.9000015258789,95.1500015258789,98.25,90.92716979980469,3943392.0
2022-10-07,98.4000015258789,99.69999694824219,97.69999694824219,98.9000015258789,91.52873229980469,2850465.0
2022-10-10,98.0,98.30000305175781,97.0999984741211,97.6500015258789,90.37188720703125,1344472.0
2022-10-11,98.4000015258789,99.9000015258789,95.3499984741211,96.1500015258789,88.98368835449219,1833660.0
2022-10-12,96.5,97.19999694824219,93.30000305175781,94.75,87.68804168701172,1255537.0
2022-10-13,94.5,95.0,92.25,92.5,85.60572814941406,1233985.0
2022-10-14,93.80000305175781,94.6500015258789,92.9000015258789,93.1500015258789,86.20729064941406,1575438.0
2022-10-17,92.69999694824219,94.94999694824219,92.05000305175781,92.6500015258789,85.74455261230469,1824537.0
2022-10-18,93.4000015258789,95.4000015258789,92.55000305175781,95.05000305175781,87.9656753540039,2894438.0
2022-10-19,95.0,98.69999694824219,94.25,97.25,90.00170135498047,3887107.0
2022-10-20,96.05000305175781,99.3499984741211,96.05000305175781,98.94999694824219,91.57499694824219,3281539.0
2022-10-21,99.44999694824219,100.75,98.55000305175781,99.30000305175781,91.89891052246094,2791453.0
2022-10-24,100.19999694824219,100.75,98.6500015258789,99.1500015258789,91.76008605957031,614487.0
2022-10-25,99.44999694824219,103.6500015258789,98.75,101.9000015258789,94.30513000488281,4098757.0
2022-10-27,102.80000305175781,105.0,102.4000015258789,103.5999984741211,95.87841796875,4013556.0
2022-10-28,103.5999984741211,105.30000305175781,102.9000015258789,103.19999694824219,95.50823211669922,3326213.0
2022-10-31,104.05000305175781,104.30000305175781,101.19999694824219,101.9000015258789,94.30513000488281,1620926.0
2022-11-01,102.4000015258789,102.5,100.5,102.0,94.39767456054688,1985616.0
2022-11-02,102.0,104.69999694824219,101.44999694824219,101.69999694824219,94.12003326416016,3336613.0
2022-11-03,101.30000305175781,102.55000305175781,100.75,101.1500015258789,93.61102294921875,1196520.0
2022-11-04,101.69999694824219,102.75,100.8499984741211,101.55000305175781,93.98121643066406,1430766.0
2022-11-07,102.19999694824219,103.19999694824219,100.55000305175781,101.94999694824219,94.35139465332031,2260414.0
2022-11-09,102.6500015258789,106.19999694824219,102.4000015258789,104.1500015258789,96.3874282836914,4714577.0
2022-11-10,104.0,105.3499984741211,101.69999694824219,102.55000305175781,94.90667724609375,1782801.0
2022-11-11,103.69999694824219,103.80000305175781,100.25,101.5,93.93494415283203,1663021.0
2022-11-14,102.5,104.0,102.0999984741211,103.05000305175781,95.36942291259766,3121278.0
2022-11-15,103.4000015258789,103.4000015258789,101.4000015258789,101.94999694824219,94.35139465332031,1244478.0
2022-11-16,101.8499984741211,102.44999694824219,99.5999984741211,100.30000305175781,92.82437896728516,1306888.0
2022-11-17,100.3499984741211,101.25,98.55000305175781,98.8499984741211,91.48245239257812,1537755.0
2022-11-18,99.3499984741211,99.5999984741211,97.5,97.94999694824219,90.64952850341797,1228177.0
2022-11-21,98.4000015258789,103.94999694824219,98.0,103.3499984741211,95.64705657958984,4827035.0
2022-11-22,104.0,105.44999694824219,102.4000015258789,104.30000305175781,96.52625274658203,4040911.0
2022-11-23,104.30000305175781,119.19999694824219,104.19999694824219,116.30000305175781,107.6318588256836,57361243.0
2022-11-24,117.25,124.30000305175781,114.19999694824219,122.0,112.90702056884766,32693165.0
2022-11-25,121.44999694824219,121.69999694824219,118.55000305175781,119.5,110.59335327148438,8538344.0
2022-11-28,120.69999694824219,128.39999389648438,120.5,123.30000305175781,114.1101303100586,19091859.0
2022-11-29,124.0,126.4000015258789,121.1500015258789,122.94999694824219,113.78620910644531,8718321.0
2022-11-30,122.69999694824219,122.94999694824219,118.4000015258789,119.69999694824219,110.7784423828125,4902101.0
2022-12-01,120.30000305175781,122.5,119.30000305175781,120.19999694824219,111.24117279052734,4178694.0
2022-12-02,120.19999694824219,125.6500015258789,120.05000305175781,123.5999984741211,114.38776397705078,6524631.0
2022-12-05,124.25,125.9000015258789,122.4000015258789,123.80000305175781,114.57286834716797,3917724.0
2022-12-06,124.05000305175781,132.25,121.19999694824219,128.1999969482422,118.64491271972656,16953628.0
2022-12-07,128.60000610351562,138.1999969482422,126.25,135.6999969482422,125.58592224121094,28278238.0
2022-12-08,136.39999389648438,139.89999389648438,133.5,135.85000610351562,125.7247543334961,12936583.0
2022-12-09,136.5500030517578,137.35000610351562,129.10000610351562,130.6999969482422,120.95858001708984,6165968.0
2022-12-12,130.9499969482422,136.89999389648438,127.75,135.9499969482422,125.81729125976562,9609673.0
2022-12-13,136.75,138.1999969482422,132.5500030517578,133.64999389648438,123.68871307373047,8436329.0
2022-12-14,134.0,137.64999389648438,131.8000030517578,136.14999389648438,126.00237274169922,8747489.0
2022-12-15,132.0,144.85000610351562,131.8000030517578,140.89999389648438,134.44705200195312,29623758.0
2022-12-16,140.10000610351562,144.39999389648438,136.5,138.35000610351562,132.01385498046875,19432785.0
2022-12-19,138.89999389648438,139.6999969482422,132.35000610351562,133.1999969482422,127.09971618652344,7458523.0
2022-12-20,132.3000030517578,134.25,129.39999389648438,132.1999969482422,126.14550018310547,8690559.0
2022-12-21,132.75,135.8000030517578,121.30000305175781,123.94999694824219,118.2733383178711,13190940.0
2022-12-22,125.0,126.4000015258789,113.69999694824219,114.75,109.49467468261719,11680319.0
2022-12-23,113.25,117.30000305175781,105.75,107.0999984741211,102.19503784179688,9739381.0
2022-12-26,107.19999694824219,115.25,104.80000305175781,113.4000015258789,108.20651245117188,11990968.0
2022-12-27,114.4000015258789,118.5,112.6500015258789,116.5,111.16453552246094,9630094.0
2022-12-28,116.5,137.25,115.0,133.8000030517578,127.6722412109375,47187926.0
2022-12-29,132.5,136.25,129.14999389648438,131.89999389648438,125.85924530029297,31665840.0
2022-12-30,132.5,141.5,132.39999389648438,134.5500030517578,128.38787841796875,25946189.0
2023-01-02,135.0,135.6999969482422,130.60000610351562,132.25,126.19322204589844,9917240.0
2023-01-03,132.89999389648438,134.1999969482422,129.10000610351562,130.5500030517578,124.57108306884766,6184561.0
2023-01-04,131.1999969482422,140.25,130.9499969482422,134.85000610351562,128.6741485595703,40374565.0
2023-01-05,135.5500030517578,137.6999969482422,131.60000610351562,133.1999969482422,127.09971618652344,12007421.0
2023-01-06,133.89999389648438,134.8000030517578,129.25,130.75,124.76191711425781,8501914.0
2023-01-09,131.4499969482422,133.64999389648438,129.3000030517578,130.10000610351562,124.1417007446289,4834539.0
2023-01-10,130.25,130.6999969482422,124.0999984741211,124.75,119.03670501708984,6235768.0
2023-01-11,125.25,128.1999969482422,123.0,124.19999694824219,118.51189422607422,5426224.0
2023-01-12,124.75,127.0,122.75,124.75,119.03670501708984,6116314.0
2023-01-13,125.0,125.8499984741211,123.30000305175781,124.44999694824219,118.75044250488281,3679934.0
2023-01-16,125.1500015258789,125.5999984741211,122.30000305175781,123.0,117.3668441772461,3256912.0
2023-01-17,123.0,127.5,120.0999984741211,126.0,120.22946166992188,13340550.0
2023-01-18,125.80000305175781,129.89999389648438,125.44999694824219,126.75,120.94511413574219,7635454.0
2023-01-19,125.8499984741211,128.14999389648438,124.75,125.5,119.75235748291016,4370863.0
2023-01-20,125.0,127.0999984741211,123.0,123.44999694824219,117.7962417602539,3612812.0
2023-01-23,124.1500015258789,125.3499984741211,122.6500015258789,123.55000305175781,117.89167022705078,2522448.0
2023-01-24,123.6500015258789,124.30000305175781,121.80000305175781,122.30000305175781,116.69891357421875,2272412.0
2023-01-25,121.9000015258789,122.1500015258789,118.0999984741211,118.80000305175781,113.35920715332031,2699430.0
2023-01-27,119.0,119.55000305175781,112.5999984741211,113.5,108.30193328857422,4474517.0
2023-01-30,112.5,116.5999984741211,111.55000305175781,113.05000305175781,107.87254333496094,3569023.0
2023-01-31,113.75,122.4000015258789,113.69999694824219,120.8499984741211,115.31532287597656,9925516.0
2023-02-01,122.94999694824219,124.55000305175781,111.6500015258789,113.25,108.0633773803711,10208155.0
2023-02-02,113.5999984741211,117.19999694824219,113.25,115.25,109.9717788696289,4077633.0
2023-02-03,115.9000015258789,117.19999694824219,108.4000015258789,112.75,107.5862808227539,5386442.0
2023-02-06,113.0,114.80000305175781,109.44999694824219,109.8499984741211,104.819091796875,4735802.0
2023-02-07,110.0999984741211,111.0,108.0,109.44999694824219,104.43740844726562,3328858.0
2023-02-08,112.0,114.80000305175781,110.05000305175781,111.44999694824219,106.34580993652344,6453113.0
2023-02-09,111.80000305175781,112.4000015258789,109.94999694824219,110.55000305175781,105.4870376586914,2466102.0
2023-02-10,110.3499984741211,111.94999694824219,109.69999694824219,110.5,105.43932342529297,1953698.0
2023-02-13,110.5,111.0999984741211,106.5,107.25,102.33817291259766,2358732.0
2023-02-14,108.0,116.30000305175781,105.5999984741211,112.4000015258789,107.25231170654297,14713872.0
2023-02-15,112.19999694824219,115.75,111.19999694824219,114.1500015258789,108.92217254638672,5739437.0
2023-02-16,114.5,114.75,112.44999694824219,112.8499984741211,107.68169403076172,1867942.0
2023-02-17,112.0,113.80000305175781,110.3499984741211,111.1500015258789,106.05955505371094,2042779.0
2023-02-20,111.19999694824219,112.0,108.5,109.30000305175781,104.2942886352539,2644407.0
2023-02-21,109.5999984741211,110.3499984741211,108.25,108.75,103.76947021484375,2036131.0
2023-02-22,108.0,108.5,104.80000305175781,105.19999694824219,100.38204956054688,2613279.0
2023-02-23,105.0,105.0,101.1500015258789,102.0999984741211,97.42401885986328,3832860.0
2023-02-24,102.0999984741211,103.6500015258789,99.5,100.44999694824219,95.84960174560547,4133622.0
2023-02-27,100.4000015258789,100.4000015258789,96.05000305175781,96.75,92.31904602050781,3593605.0
2023-02-28,97.19999694824219,99.44999694824219,97.0999984741211,97.5,93.03469848632812,3463826.0
2023-03-01,97.5999984741211,101.80000305175781,96.6500015258789,100.5999984741211,95.99272155761719,4277854.0
2023-03-02,100.5999984741211,102.0,98.19999694824219,98.94999694824219,94.41829681396484,2784584.0
2023-03-03,99.44999694824219,102.75,99.3499984741211,101.6500015258789,96.99463653564453,5109094.0
2023-03-06,102.19999694824219,105.80000305175781,102.0,103.25,98.52136993408203,5993584.0
2023-03-08,102.75,105.25,101.25,104.5999984741211,99.80953216552734,3779033.0
2023-03-09,105.0,106.44999694824219,103.25,104.0999984741211,99.33243560791016,3199199.0
2023-03-10,102.05000305175781,104.5999984741211,100.80000305175781,102.5999984741211,97.901123046875,5769671.0
2023-03-13,103.0,103.4000015258789,98.3499984741211,98.94999694824219,94.41829681396484,3131755.0
2023-03-14,99.30000305175781,99.5,97.0999984741211,99.0,94.46600341796875,2482117.0
2023-03-15,100.0,101.3499984741211,97.5,98.4000015258789,93.89348602294922,4164036.0
2023-03-16,98.0,99.19999694824219,97.0999984741211,97.8499984741211,93.36866760253906,2584591.0
2023-03-17,98.5,99.80000305175781,98.0,98.9000015258789,94.37059020996094,2030095.0
2023-03-20,98.80000305175781,99.0,96.4000015258789,96.80000305175781,92.36675262451172,1954274.0
2023-03-21,97.5,98.1500015258789,96.80000305175781,97.5,93.03469848632812,1766923.0
2023-03-22,97.55000305175781,100.80000305175781,97.55000305175781,98.5999984741211,94.08431243896484,2240751.0
2023-03-23,98.1500015258789,99.9000015258789,97.9000015258789,98.1500015258789,93.6549301147461,1977388.0
2023-03-24,98.44999694824219,98.5999984741211,94.5,95.25,90.88773345947266,1867075.0
2023-03-27,95.8499984741211,95.8499984741211,91.0999984741211,92.1500015258789,87.92971801757812,2422150.0
2023-03-28,92.8499984741211,93.6500015258789,89.5,90.8499984741211,86.68924713134766,2622041.0
2023-03-29,91.0,96.44999694824219,90.6500015258789,95.75,91.36483764648438,3821663.0
2023-03-31,96.69999694824219,97.69999694824219,94.69999694824219,95.3499984741211,90.98316192626953,2082809.0
2023-04-03,95.94999694824219,98.94999694824219,95.3499984741211,97.80000305175781,93.32095336914062,2463439.0
2023-04-05,98.4000015258789,99.5999984741211,97.19999694824219,98.9000015258789,94.37059020996094,2157598.0
2023-04-06,99.1500015258789,100.5,98.4000015258789,99.1500015258789,94.60913848876953,1671562.0
2023-04-10,100.0999984741211,102.19999694824219,99.3499984741211,100.0,95.42021179199219,3002353.0
2023-04-11,100.19999694824219,100.94999694824219,99.0999984741211,100.3499984741211,95.7541732788086,1569499.0
2023-04-12,100.69999694824219,109.5999984741211,99.80000305175781,107.19999694824219,102.29045104980469,24823226.0
2023-04-13,106.9000015258789,110.5,106.30000305175781,107.4000015258789,102.4813003540039,12483925.0
2023-04-17,107.19999694824219,108.5999984741211,105.5999984741211,106.1500015258789,101.2885513305664,3923354.0
2023-04-18,106.25,106.69999694824219,102.5,102.8499984741211,98.13967895507812,3096283.0
2023-04-19,102.8499984741211,105.6500015258789,102.4000015258789,103.25,98.52136993408203,3710463.0
2023-04-20,103.55000305175781,104.0999984741211,102.30000305175781,102.69999694824219,97.99654388427734,1876493.0
2023-04-21,102.5999984741211,105.30000305175781,101.69999694824219,103.69999694824219,98.95074462890625,4546508.0
2023-04-24,103.69999694824219,105.19999694824219,102.6500015258789,104.6500015258789,99.85723876953125,2787668.0
2023-04-25,105.0,107.69999694824219,104.25,107.0,102.09961700439453,5831220.0
2023-04-26,107.5,111.6500015258789,107.4000015258789,109.25,104.24658203125,11608777.0
2023-04-27,109.4000015258789,109.75,107.55000305175781,108.1500015258789,103.19696044921875,2326546.0
2023-04-28,108.30000305175781,110.5,108.30000305175781,109.0,104.00802612304688,2750921.0
2023-05-02,109.5999984741211,111.94999694824219,108.9000015258789,109.80000305175781,104.7713851928711,5092979.0
2023-05-03,109.5999984741211,112.44999694824219,109.0,110.30000305175781,105.24848175048828,5550689.0
2023-05-04,110.80000305175781,114.9000015258789,110.80000305175781,112.0999984741211,106.96604919433594,7963887.0
2023-05-05,112.0999984741211,112.9000015258789,109.5,109.9000015258789,104.86680603027344,3344725.0
2023-05-08,110.1500015258789,110.69999694824219,108.0,108.19999694824219,103.24466705322266,2312019.0
2023-05-09,108.44999694824219,109.69999694824219,104.25,105.05000305175781,100.23892974853516,3271445.0
2023-05-10,105.5,105.9000015258789,102.9000015258789,105.5,100.66830444335938,2585388.0
2023-05-11,105.9000015258789,109.25,105.8499984741211,107.75,102.81526947021484,3541632.0
2023-05-12,108.0,108.25,106.25,106.8499984741211,101.95649719238281,1615034.0
2023-05-15,106.80000305175781,107.0,104.5,105.1500015258789,100.33434295654297,1709459.0
2023-05-16,105.6500015258789,107.3499984741211,105.4000015258789,105.80000305175781,100.95458221435547,2572111.0
2023-05-17,105.75,108.19999694824219,104.44999694824219,107.1500015258789,102.24275207519531,4441847.0
2023-05-18,107.69999694824219,109.19999694824219,104.75,105.1500015258789,100.33434295654297,3263885.0
2023-05-19,105.44999694824219,105.69999694824219,102.75,104.0,99.23700714111328,1763981.0
2023-05-22,104.4000015258789,104.80000305175781,102.5999984741211,104.30000305175781,99.52327728271484,1423755.0
2023-05-23,104.5,106.19999694824219,103.19999694824219,103.8499984741211,99.09388732910156,2115057.0
2023-05-24,103.94999694824219,104.6500015258789,103.4000015258789,103.9000015258789,99.1416015625,1326098.0
2023-05-25,104.0,104.44999694824219,101.75,102.0,97.32861328125,2053624.0
2023-05-26,102.4000015258789,102.69999694824219,101.6500015258789,102.0,97.32861328125,1856215.0
2023-05-29,102.5999984741211,103.44999694824219,101.30000305175781,102.3499984741211,97.66258239746094,2061926.0
2023-05-30,102.0,102.44999694824219,101.5,101.80000305175781,97.13777160644531,1669098.0
2023-05-31,102.75,103.44999694824219,101.1500015258789,102.55000305175781,97.85342407226562,2278702.0
2023-06-01,102.94999694824219,103.69999694824219,102.30000305175781,102.5999984741211,97.901123046875,1399336.0
2023-06-02,102.75,103.80000305175781,102.6500015258789,103.0,98.2828140258789,1381907.0
2023-06-05,103.55000305175781,106.5,103.4000015258789,105.6500015258789,100.81145477294922,4271499.0
2023-06-06,106.3499984741211,108.80000305175781,105.5999984741211,108.3499984741211,103.38778686523438,6104864.0
2023-06-07,109.19999694824219,110.80000305175781,109.0,109.9000015258789,104.86680603027344,6836426.0
2023-06-08,110.5,111.0,107.8499984741211,108.5,103.53092193603516,3158060.0
2023-06-09,108.69999694824219,108.8499984741211,106.0,106.69999694824219,101.8133544921875,1682168.0
2023-06-12,106.80000305175781,107.80000305175781,105.80000305175781,107.55000305175781,102.62442779541016,1599518.0
2023-06-13,107.8499984741211,109.80000305175781,107.25,108.30000305175781,103.340087890625,2602151.0
2023-06-14,109.4000015258789,112.25,108.5,110.5999984741211,105.53474426269531,11776690.0
2023-06-15,110.5,112.1500015258789,108.8499984741211,109.4000015258789,104.38970184326172,4011186.0
2023-06-16,109.94999694824219,110.19999694824219,108.80000305175781,109.25,104.24658203125,1504162.0
2023-06-19,110.0,110.8499984741211,107.69999694824219,108.5999984741211,103.62633514404297,1918474.0
2023-06-20,108.8499984741211,113.69999694824219,107.9000015258789,111.3499984741211,106.2503890991211,10459924.0
2023-06-21,112.0,114.0,111.0999984741211,112.0,106.8706283569336,3947995.0
2023-06-22,112.3499984741211,113.25,109.0999984741211,110.4000015258789,105.34390258789062,3082765.0
2023-06-23,110.0999984741211,110.4000015258789,107.9000015258789,108.5,103.53092193603516,1783686.0
2023-06-26,108.75,109.4000015258789,107.80000305175781,108.5999984741211,103.62633514404297,1530292.0
2023-06-27,109.0,111.3499984741211,108.8499984741211,110.0,104.96222686767578,3584846.0
2023-06-28,110.5,111.0,109.5,110.19999694824219,105.15306854248047,2706619.0
2023-06-30,110.69999694824219,111.30000305175781,108.75,109.05000305175781,104.05574035644531,2151157.0
2023-07-03,109.5,111.0999984741211,108.80000305175781,109.75,104.72367858886719,2893692.0
2023-07-04,109.94999694824219,112.19999694824219,109.69999694824219,110.1500015258789,105.10535430908203,3042052.0
2023-07-05,110.44999694824219,117.25,109.80000305175781,116.25,110.92598724365234,16563651.0
2023-07-06,117.0,119.44999694824219,116.0,118.0999984741211,112.69125366210938,12579450.0
2023-07-07,117.44999694824219,118.30000305175781,115.0999984741211,116.3499984741211,111.02140808105469,4100930.0
2023-07-10,116.94999694824219,119.5,114.3499984741211,117.5999984741211,112.21415710449219,5834229.0
2023-07-11,117.69999694824219,119.25,116.3499984741211,116.8499984741211,111.49850463867188,3401818.0
2023-07-12,117.19999694824219,117.6500015258789,114.9000015258789,115.25,109.9717788696289,2261245.0
2023-07-13,115.44999694824219,117.6500015258789,111.0,112.4000015258789,107.25231170654297,3723582.0
2023-07-14,113.0,114.6500015258789,112.25,113.8499984741211,108.63590240478516,2195623.0
2023-07-17,114.25,115.30000305175781,113.75,114.19999694824219,108.9698715209961,1682020.0
2023-07-18,114.5999984741211,115.30000305175781,111.8499984741211,112.69999694824219,107.53856658935547,2304174.0
2023-07-19,113.30000305175781,116.19999694824219,113.25,114.19999694824219,108.9698715209961,3754679.0
2023-07-20,114.19999694824219,114.80000305175781,113.30000305175781,113.8499984741211,108.63590240478516,1571189.0
2023-07-21,113.80000305175781,114.4000015258789,112.69999694824219,113.44999694824219,108.25421905517578,1600398.0
2023-07-24,113.9000015258789,114.4000015258789,112.80000305175781,113.1500015258789,107.96796417236328,1529561.0
2023-07-25,113.6500015258789,114.25,112.0,112.19999694824219,107.06146240234375,1425162.0
2023-07-26,112.44999694824219,116.5,112.19999694824219,115.5,110.21033477783203,6514555.0
2023-07-27,116.1500015258789,118.05000305175781,114.8499984741211,115.30000305175781,110.01949310302734,4846299.0
2023-07-28,115.0999984741211,115.4000015258789,114.0999984741211,114.6500015258789,109.3992691040039,1626010.0
2023-07-31,114.94999694824219,115.75,114.4000015258789,114.94999694824219,109.6855239868164,1518281.0
2023-08-01,115.25,117.75,115.25,116.55000305175781,111.21224975585938,4370393.0
2023-08-02,117.0,117.4000015258789,110.94999694824219,112.3499984741211,107.20459747314453,3668112.0
2023-08-03,112.80000305175781,113.0999984741211,110.25,111.8499984741211,106.72749328613281,2274269.0
2023-08-04,112.4000015258789,113.5999984741211,112.0,112.75,107.5862808227539,1671428.0
2023-08-07,112.5999984741211,118.0,112.05000305175781,115.94999694824219,110.63972473144531,5479154.0
2023-08-08,116.44999694824219,119.30000305175781,115.5,116.0,110.68743896484375,7829636.0
2023-08-09,115.94999694824219,116.0,114.0999984741211,114.44999694824219,109.20841979980469,2423182.0
2023-08-10,114.75,115.4000015258789,113.30000305175781,114.44999694824219,109.20841979980469,2225193.0
2023-08-11,114.5,115.30000305175781,112.55000305175781,112.8499984741211,107.68169403076172,2125683.0
2023-08-14,108.8499984741211,109.5,105.25,106.80000305175781,101.90878295898438,4891723.0
2023-08-16,106.69999694824219,109.5,106.19999694824219,107.9000015258789,102.9583969116211,2002256.0
2023-08-17,108.05000305175781,113.6500015258789,108.0,111.19999694824219,106.10726165771484,5914574.0
2023-08-18,111.6500015258789,112.55000305175781,108.5,108.9000015258789,103.91260528564453,2893826.0
2023-08-21,109.5,109.94999694824219,108.30000305175781,108.5999984741211,103.62633514404297,1378273.0
2023-08-22,109.0,112.75,108.8499984741211,111.55000305175781,106.44124603271484,2228231.0
2023-08-23,112.25,121.8499984741211,112.0,119.75,114.26569366455078,23406943.0
2023-08-24,121.0,125.0,120.3499984741211,121.6500015258789,116.07868194580078,20563061.0
2023-08-25,120.69999694824219,124.4000015258789,118.0,122.94999694824219,117.31912994384766,10320722.0
2023-08-28,123.69999694824219,124.5,121.6500015258789,122.1500015258789,116.55577850341797,4322800.0
2023-08-29,121.0,130.5,118.5,125.75,119.99090576171875,28513633.0
2023-08-30,126.69999694824219,126.9000015258789,122.6500015258789,123.30000305175781,117.65311431884766,5633932.0
2023-08-31,123.69999694824219,124.44999694824219,120.44999694824219,121.55000305175781,115.98326110839844,3946688.0
2023-09-01,122.19999694824219,124.0999984741211,121.4000015258789,121.80000305175781,116.22181701660156,4698976.0
2023-09-04,122.55000305175781,125.4000015258789,122.4000015258789,123.75,118.08250427246094,4793090.0
2023-09-05,124.3499984741211,128.25,122.0999984741211,123.94999694824219,118.2733383178711,6518539.0
2023-09-06,124.6500015258789,133.25,124.30000305175781,131.3000030517578,125.28672790527344,29142048.0
2023-09-07,132.0,132.89999389648438,127.5999984741211,128.8000030517578,122.9012222290039,11569176.0
2023-09-08,129.39999389648438,130.8000030517578,126.0,126.30000305175781,120.5157241821289,5839428.0
2023-09-11,127.19999694824219,135.0,126.5,132.8000030517578,126.71803283691406,15884753.0
2023-09-12,133.8000030517578,134.10000610351562,122.6500015258789,123.3499984741211,117.7008285522461,10604536.0
2023-09-13,124.19999694824219,126.9000015258789,120.5999984741211,125.69999694824219,119.94319152832031,6136083.0
2023-09-14,126.30000305175781,130.0,126.25,128.3000030517578,122.42411804199219,5273205.0
2023-09-15,128.9499969482422,133.85000610351562,128.25,130.39999389648438,124.42794036865234,10408996.0
2023-09-18,131.39999389648438,134.6999969482422,130.5,132.3000030517578,126.24093627929688,11797906.0
2023-09-20,131.1999969482422,133.0,127.69999694824219,129.5500030517578,123.61687469482422,4421829.0
2023-09-21,128.8000030517578,130.0,126.5,126.80000305175781,120.99282836914062,3624963.0
2023-09-22,127.0,128.1999969482422,125.1500015258789,126.44999694824219,120.65884399414062,3418622.0
2023-09-25,127.3499984741211,129.89999389648438,127.0999984741211,127.75,121.8993148803711,3186661.0
2023-09-26,127.5,130.39999389648438,127.0,127.8499984741211,121.9947280883789,3010060.0
2023-09-27,128.0,128.3000030517578,126.5,126.80000305175781,120.99282836914062,1677260.0
2023-09-28,127.0999984741211,128.64999389648438,124.6500015258789,125.0999984741211,119.37068176269531,2038409.0
2023-09-29,125.69999694824219,127.19999694824219,125.30000305175781,126.44999694824219,120.65884399414062,1797264.0
2023-10-03,126.44999694824219,126.80000305175781,124.80000305175781,125.30000305175781,119.5615234375,1631667.0
2023-10-04,125.25,125.25,121.8499984741211,123.6500015258789,117.9870834350586,1997016.0
2023-10-05,124.30000305175781,126.0999984741211,122.94999694824219,123.9000015258789,118.22563934326172,1702893.0
2023-10-06,124.1500015258789,124.75,123.5999984741211,124.05000305175781,118.36875915527344,938389.0
2023-10-09,121.25,125.4000015258789,119.05000305175781,120.9000015258789,115.36302947998047,7100805.0
2023-10-10,121.9000015258789,122.75,120.80000305175781,121.80000305175781,116.22181701660156,2707051.0
2023-10-11,122.44999694824219,125.5,122.1500015258789,122.94999694824219,117.31912994384766,2512887.0
2023-10-12,123.5999984741211,126.44999694824219,123.19999694824219,124.9000015258789,119.1798324584961,2949839.0
2023-10-13,124.5,133.14999389648438,124.0,130.3000030517578,124.33252716064453,15001212.0
2023-10-16,130.89999389648438,142.1999969482422,129.14999389648438,138.85000610351562,132.490966796875,40539371.0
2023-10-17,139.5,143.14999389648438,135.85000610351562,140.5,134.0653839111328,21785258.0
2023-10-18,140.39999389648438,145.85000610351562,136.75,139.75,133.3497314453125,18432913.0
2023-10-19,138.6999969482422,145.39999389648438,137.3000030517578,143.1999969482422,136.6417236328125,13272366.0
2023-10-20,143.3000030517578,143.9499969482422,135.60000610351562,137.64999389648438,131.3459014892578,8238872.0
2023-10-23,137.5500030517578,138.8000030517578,122.69999694824219,123.94999694824219,118.2733383178711,10822530.0
2023-10-25,125.9000015258789,126.75,120.69999694824219,123.80000305175781,118.13021087646484,7266034.0
2023-10-26,123.0,123.30000305175781,117.5999984741211,121.4000015258789,115.84012603759766,4963156.0
2023-10-27,122.0999984741211,126.30000305175781,122.05000305175781,124.9000015258789,119.1798324584961,6002740.0
2023-10-30,124.5,126.25,122.5,124.25,118.55960845947266,3811431.0
2023-10-31,124.94999694824219,129.5500030517578,124.80000305175781,127.3499984741211,121.51762390136719,9697031.0
2023-11-01,128.0,129.64999389648438,125.80000305175781,126.4000015258789,120.61113739013672,3215684.0
2023-11-02,127.55000305175781,129.3000030517578,126.6500015258789,127.25,121.42221069335938,2487573.0
2023-11-03,128.0500030517578,130.64999389648438,127.5,128.25,122.37641143798828,3520181.0
2023-11-06,129.3000030517578,130.1999969482422,127.80000305175781,128.25,122.37641143798828,1981017.0
2023-11-07,128.75,128.89999389648438,126.75,128.10000610351562,122.23328399658203,2029573.0
2023-11-08,128.6999969482422,131.0,128.4499969482422,130.35000610351562,124.38024139404297,4633794.0
2023-11-09,130.75,131.0,126.69999694824219,127.6500015258789,121.80389404296875,2889251.0
2023-11-10,127.6500015258789,129.3000030517578,127.0,127.6500015258789,121.80389404296875,1693222.0
2023-11-13,122.69999694824219,123.9000015258789,122.3499984741211,122.94999694824219,117.31912994384766,2725929.0
2023-11-15,123.0999984741211,127.0,123.0999984741211,125.25,119.51380920410156,4278393.0
2023-11-16,125.9000015258789,127.0,124.9000015258789,125.3499984741211,119.6092300415039,2043237.0
2023-11-17,125.5999984741211,127.0,124.6500015258789,124.94999694824219,119.2275390625,2666463.0
2023-11-20,125.0999984741211,125.9000015258789,123.5,123.8499984741211,118.17792510986328,1353624.0
2023-11-21,124.5,125.0999984741211,123.19999694824219,123.69999694824219,118.0347900390625,1858054.0
2023-11-22,124.19999694824219,124.5,121.0,121.94999694824219,116.36493682861328,2035115.0
2023-11-23,122.30000305175781,124.9000015258789,122.30000305175781,123.6500015258789,117.9870834350586,2453441.0
2023-11-24,124.0999984741211,125.44999694824219,123.19999694824219,123.5999984741211,117.93937683105469,2054972.0
2023-11-28,124.30000305175781,129.35000610351562,124.30000305175781,127.5,121.66075897216797,7347485.0
2023-11-29,128.1999969482422,130.25,128.0,128.64999389648438,122.75808715820312,4472308.0
2023-11-30,129.35000610351562,131.6999969482422,128.10000610351562,128.64999389648438,122.75808715820312,4683601.0
2023-12-01,129.5500030517578,133.60000610351562,129.10000610351562,131.0500030517578,125.04817962646484,7899793.0
2023-12-04,134.25,136.5,131.89999389648438,135.0,128.81729125976562,11828252.0
2023-12-05,135.8000030517578,139.5,134.35000610351562,135.75,129.53292846679688,11686801.0
2023-12-06,136.89999389648438,154.6999969482422,135.9499969482422,152.89999389648438,145.89747619628906,55203394.0
2023-12-07,153.0500030517578,155.39999389648438,150.1999969482422,153.10000610351562,146.08834838867188,19965121.0
2023-12-08,153.0,157.6999969482422,149.0500030517578,151.39999389648438,144.4661865234375,15251692.0
2023-12-11,152.14999389648438,156.35000610351562,151.6999969482422,153.35000610351562,146.32687377929688,10471897.0
2023-12-12,154.0,163.14999389648438,149.6999969482422,159.39999389648438,152.09979248046875,25087932.0
2023-12-13,156.5,161.64999389648438,156.0,159.35000610351562,155.66542053222656,11890872.0
2023-12-14,160.25,160.6999969482422,155.10000610351562,156.35000610351562,152.7347869873047,6716576.0
2023-12-15,157.25,161.89999389648438,156.0,157.1999969482422,153.56512451171875,11878483.0
2023-12-18,157.75,159.25,155.14999389648438,156.60000610351562,152.97900390625,4753788.0
2023-12-19,157.14999389648438,157.9499969482422,153.5,155.1999969482422,151.6113739013672,3739274.0
2023-12-20,156.0,157.3000030517578,141.60000610351562,142.6999969482422,139.400390625,7864492.0
2023-12-21,140.0,148.6999969482422,138.35000610351562,147.8000030517578,144.38247680664062,5957134.0
2023-12-22,148.3000030517578,153.39999389648438,148.1999969482422,151.9499969482422,148.4365234375,7781528.0
2023-12-26,152.6999969482422,157.39999389648438,150.6999969482422,156.5500030517578,152.93016052246094,8002334.0
2023-12-27,157.0,158.10000610351562,153.1999969482422,155.60000610351562,152.00213623046875,4247766.0
2023-12-28,156.3000030517578,162.8000030517578,153.10000610351562,159.4499969482422,155.7631072998047,17990045.0
2023-12-29,160.25,163.9499969482422,158.10000610351562,159.5,155.8119354248047,9622739.0
2024-01-01,160.1999969482422,171.39999389648438,160.14999389648438,167.35000610351562,163.48043823242188,30315307.0
2024-01-02,168.0,176.5500030517578,166.75,170.0500030517578,166.1179962158203,27441070.0
2024-01-03,169.9499969482422,173.39999389648438,166.10000610351562,171.64999389648438,167.68099975585938,10542307.0
2024-01-04,174.35000610351562,176.39999389648438,170.60000610351562,171.5500030517578,167.5833282470703,10158400.0
2024-01-05,172.14999389648438,172.5500030517578,165.10000610351562,167.89999389648438,164.0177001953125,5465038.0
2024-01-08,168.4499969482422,168.5500030517578,163.5500030517578,164.10000610351562,160.3055877685547,4443993.0
2024-01-09,164.9499969482422,170.8000030517578,164.3000030517578,168.25,164.359619140625,7844519.0
2024-01-10,168.39999389648438,168.9499969482422,164.3000030517578,165.89999389648438,162.06396484375,3252551.0
2024-01-11,166.3000030517578,172.5500030517578,166.3000030517578,170.1999969482422,166.26451110839844,8069747.0
2024-01-12,171.0,171.89999389648438,168.3000030517578,168.8000030517578,164.8969268798828,3534291.0
2024-01-15,169.4499969482422,172.9499969482422,166.4499969482422,170.6999969482422,166.7529754638672,6359876.0
2024-01-16,170.3000030517578,174.89999389648438,167.85000610351562,171.85000610351562,167.8763885498047,10672334.0
2024-01-17,168.4499969482422,175.5,167.5,171.5,167.5344696044922,10679684.0
2024-01-18,172.0,176.4499969482422,168.4499969482422,171.9499969482422,167.97406005859375,11945482.0
2024-01-19,173.0500030517578,181.0,173.0500030517578,177.3000030517578,173.20037841796875,20796114.0
2024-01-23,186.9499969482422,188.0,165.0,170.10000610351562,166.16683959960938,13036237.0
2024-01-24,170.89999389648438,179.10000610351562,166.0,177.8000030517578,173.68881225585938,9708480.0
2024-01-25,178.0500030517578,185.5,176.8000030517578,182.1999969482422,177.98704528808594,13814164.0
2024-01-29,183.60000610351562,187.75,180.1999969482422,183.64999389648438,179.40353393554688,7970542.0
2024-01-30,184.5500030517578,184.8000030517578,177.25,178.5500030517578,174.4214630126953,5017506.0
2024-01-31,179.75,183.6999969482422,178.0,183.14999389648438,178.91510009765625,5514000.0
2024-02-01,184.60000610351562,187.35000610351562,173.10000610351562,173.89999389648438,169.8789825439453,11711449.0
2024-02-02,175.25,178.25,172.6999969482422,174.1999969482422,170.1720428466797,5247798.0
2024-02-05,174.1999969482422,175.14999389648438,161.5,166.9499969482422,163.0896759033203,5929702.0
2024-02-06,166.64999389648438,170.85000610351562,164.75,167.89999389648438,164.0177001953125,3440942.0
2024-02-07,168.8000030517578,172.1999969482422,166.60000610351562,169.9499969482422,166.0203094482422,4073336.0
2024-02-08,170.0,171.6999969482422,165.60000610351562,166.35000610351562,162.50357055664062,2815251.0
2024-02-09,166.5,167.60000610351562,156.5500030517578,161.64999389648438,157.91221618652344,3618200.0
2024-02-12,157.9499969482422,159.9499969482422,146.8000030517578,148.64999389648438,145.2128143310547,7115391.0
2024-02-13,149.39999389648438,151.0,142.6999969482422,147.8000030517578,144.38247680664062,4230933.0
2024-02-14,135.0,147.0,133.60000610351562,146.3000030517578,142.9171600341797,12519250.0
2024-02-15,145.0,156.64999389648438,145.0,150.39999389648438,146.92236328125,7877002.0
2024-02-16,152.10000610351562,153.4499969482422,148.10000610351562,149.0500030517578,145.6035919189453,2640159.0
2024-02-19,149.89999389648438,154.1999969482422,148.75,151.6999969482422,148.19229125976562,3227972.0
2024-02-20,152.0500030517578,154.6999969482422,148.5500030517578,149.14999389648438,145.70126342773438,2660450.0
2024-02-21,149.9499969482422,154.64999389648438,148.0,150.6999969482422,147.21542358398438,4101586.0
2024-02-22,151.60000610351562,151.60000610351562,146.5500030517578,148.64999389648438,145.2128143310547,2263427.0
2024-02-23,150.0,151.14999389648438,148.5,149.25,145.7989501953125,1918716.0
2024-02-26,149.0500030517578,149.1999969482422,144.6999969482422,146.39999389648438,143.0148468017578,1871095.0
2024-02-27,146.39999389648438,148.89999389648438,145.0500030517578,145.9499969482422,142.57525634765625,1648622.0
2024-02-28,146.5,147.25,140.25,141.10000610351562,137.83740234375,2080000.0
2024-02-29,140.5,145.6999969482422,138.5500030517578,141.60000610351562,138.3258514404297,2877269.0
2024-03-01,142.9499969482422,144.75,142.10000610351562,142.75,139.44924926757812,1290954.0
2024-03-04,145.5,147.3000030517578,143.6999969482422,144.4499969482422,141.1099395751953,1692674.0
2024-03-05,144.5,145.1999969482422,141.8000030517578,142.1999969482422,138.91195678710938,1271619.0
2024-03-06,142.0,142.25,136.5,138.5,135.2975311279297,2041930.0
2024-03-07,139.0,143.9499969482422,139.0,140.64999389648438,137.39781188964844,3006807.0
2024-03-11,140.4499969482422,140.89999389648438,136.14999389648438,137.3000030517578,134.12525939941406,2226374.0
2024-03-12,137.6999969482422,137.8000030517578,131.0500030517578,132.1999969482422,129.1431884765625,2485065.0
2024-03-13,132.3000030517578,133.75,118.4000015258789,120.3499984741211,117.56719970703125,4907012.0
2024-03-14,121.0,128.9499969482422,118.94999694824219,127.6500015258789,124.69840240478516,3566705.0
2024-03-15,127.80000305175781,130.35000610351562,124.0999984741211,129.3000030517578,126.31024932861328,2809734.0
2024-03-18,129.89999389648438,131.39999389648438,125.55000305175781,126.0,123.08655548095703,2417762.0
2024-03-19,126.94999694824219,128.0,125.1500015258789,125.94999694824219,123.03770446777344,1969089.0
2024-03-20,126.5,127.8499984741211,123.1500015258789,125.0,122.10967254638672,2121862.0
2024-03-21,126.30000305175781,131.10000610351562,126.30000305175781,129.10000610351562,126.11487579345703,2662693.0
2024-03-22,129.0,132.3000030517578,128.75,130.5,127.48249816894531,2154717.0
2024-03-26,130.3000030517578,131.60000610351562,127.05000305175781,127.6500015258789,124.69840240478516,1832812.0
2024-03-27,127.5,130.89999389648438,127.05000305175781,127.69999694824219,124.74723815917969,3642136.0
2024-03-28,128.5,131.25,127.6500015258789,128.25,125.2845230102539,2277400.0
2024-04-01,129.4499969482422,138.0,129.10000610351562,137.5,134.3206329345703,4409857.0
2024-04-02,136.9499969482422,141.85000610351562,136.0,140.10000610351562,136.86053466796875,4255678.0
2024-04-03,139.60000610351562,146.14999389648438,138.60000610351562,144.60000610351562,141.2564697265625,5908494.0
2024-04-04,145.39999389648438,147.0500030517578,142.0,144.1999969482422,140.86570739746094,2720052.0
2024-04-05,143.8000030517578,146.60000610351562,141.8000030517578,145.75,142.3798828125,2965777.0
2024-04-08,146.5500030517578,146.89999389648438,143.89999389648438,145.14999389648438,141.7937469482422,2032381.0
2024-04-09,145.89999389648438,149.39999389648438,144.5500030517578,145.6999969482422,142.33103942871094,4176555.0
2024-04-10,146.39999389648438,149.39999389648438,144.60000610351562,147.75,144.33363342285156,2940467.0
2024-04-12,147.5,147.75,144.5500030517578,144.85000610351562,141.5006866455078,1543064.0
2024-04-15,140.5,141.9499969482422,135.85000610351562,139.5,136.27439880371094,2544759.0
2024-04-16,137.35000610351562,142.8000030517578,137.3000030517578,140.64999389648438,137.39781188964844,2148877.0
2024-04-18,141.0,143.39999389648438,138.39999389648438,138.85000610351562,135.63943481445312,1594394.0
2024-04-19,136.1999969482422,140.0,134.3000030517578,138.4499969482422,135.24867248535156,2065488.0
2024-04-22,139.8000030517578,145.4499969482422,138.89999389648438,144.85000610351562,141.5006866455078,3610234.0
2024-04-23,145.6999969482422,145.75,143.14999389648438,143.8000030517578,140.4749755859375,1675420.0
2024-04-24,144.5,152.89999389648438,144.4499969482422,152.0,148.48536682128906,11453462.0
2024-04-25,152.85000610351562,153.60000610351562,149.60000610351562,150.75,147.2642822265625,3462863.0
2024-04-26,151.5,154.89999389648438,150.0,152.0,148.48536682128906,5786171.0
2024-04-29,153.1999969482422,154.60000610351562,151.60000610351562,152.0500030517578,148.53421020507812,2503893.0
2024-04-30,152.89999389648438,153.5,150.1999969482422,150.64999389648438,147.1665802001953,1764726.0
2024-05-02,151.0,155.1999969482422,149.10000610351562,153.14999389648438,149.6087646484375,4336764.0
2024-05-03,154.0500030517578,154.85000610351562,149.3000030517578,151.0,147.50848388671875,2067841.0
2024-05-06,151.75,151.85000610351562,145.5,146.25,142.86831665039062,2090539.0
2024-05-07,146.5,146.5500030517578,141.5,142.75,139.44924926757812,1505411.0
2024-05-08,142.6999969482422,146.5,141.39999389648438,145.64999389648438,142.28219604492188,2046281.0
2024-05-09,145.64999389648438,146.8000030517578,140.0,140.39999389648438,137.15357971191406,1375533.0
2024-05-10,141.0500030517578,141.6999969482422,138.25,140.4499969482422,137.2024383544922,2124696.0
2024-05-13,140.9499969482422,141.10000610351562,136.10000610351562,139.25,136.03018188476562,1963890.0
2024-05-14,139.3000030517578,144.10000610351562,138.6999969482422,143.8000030517578,140.4749755859375,1762178.0
2024-05-15,144.60000610351562,148.0500030517578,144.5,145.6999969482422,142.33103942871094,2395334.0
2024-05-16,146.8000030517578,146.8000030517578,143.5,144.35000610351562,141.0122528076172,1121890.0
2024-05-17,145.0,150.6999969482422,144.10000610351562,148.39999389648438,144.96861267089844,3428441.0
2024-05-21,148.4499969482422,153.10000610351562,145.0,151.14999389648438,147.65501403808594,5210334.0
2024-05-22,152.6999969482422,153.9499969482422,148.0,148.9499969482422,145.50588989257812,2244999.0
2024-05-23,149.0500030517578,151.60000610351562,147.3000030517578,147.6999969482422,144.2847900390625,2099156.0
2024-05-24,147.8000030517578,161.9499969482422,146.5500030517578,157.25,153.6139678955078,25660475.0
2024-05-27,159.39999389648438,169.39999389648438,159.0,163.8000030517578,160.0125274658203,15230016.0
2024-05-28,165.0,166.5,155.14999389648438,157.10000610351562,153.4674530029297,7908035.0
2024-05-29,156.3000030517578,162.6999969482422,154.6999969482422,160.0,156.3003692626953,6869620.0
2024-05-30,159.35000610351562,159.8000030517578,155.8000030517578,156.85000610351562,153.22323608398438,2309815.0
2024-05-31,157.6999969482422,158.14999389648438,152.10000610351562,154.10000610351562,150.5368194580078,3015661.0
2024-06-03,162.0,164.5500030517578,156.64999389648438,161.89999389648438,158.1564483642578,7695333.0
2024-06-04,157.5500030517578,157.6999969482422,133.0,139.39999389648438,136.17669677734375,6960856.0
2024-06-05,139.39999389648438,146.5500030517578,133.8000030517578,145.60000610351562,142.2333526611328,5217768.0
2024-06-06,147.89999389648438,153.5,147.10000610351562,150.35000610351562,146.87351989746094,3863271.0
2024-06-07,151.25,155.3000030517578,149.10000610351562,154.4499969482422,150.8787078857422,3315043.0
2024-06-10,155.60000610351562,168.9499969482422,154.66000366210938,168.10000610351562,164.2130889892578,24131499.0
2024-06-11,169.0,169.9499969482422,163.11000061035156,163.86000061035156,160.0711212158203,6859835.0
2024-06-12,164.35000610351562,169.1999969482422,163.50999450683594,165.7899932861328,161.9564971923828,11218978.0
2024-06-13,165.8800048828125,171.38999938964844,164.14999389648438,167.60000610351562,163.7246551513672,12508176.0
2024-06-14,168.39999389648438,170.66000366210938,166.0,167.74000549316406,163.8614044189453,6114844.0
2024-06-18,168.9499969482422,175.1999969482422,165.5,173.3699951171875,169.36122131347656,20187995.0
2024-06-19,183.0,194.0,183.0,185.22000122070312,180.93722534179688,66224688.0
2024-06-20,186.3000030517578,222.25999450683594,184.30999755859375,222.25999450683594,217.12075805664062,143936858.0
2024-06-21,223.89999389648438,227.6999969482422,206.3300018310547,207.7899932861328,202.9853515625,56852352.0
2024-06-24,196.0,204.39999389648438,191.66000366210938,194.2899932861328,189.79750061035156,27353892.0
2024-06-25,195.1999969482422,197.10000610351562,188.25999450683594,189.17999267578125,184.80564880371094,17939140.0
2024-06-26,190.0,196.0,188.00999450683594,191.22000122070312,186.79849243164062,18469008.0
2024-06-27,191.75,191.75,182.75,185.32000732421875,181.03492736816406,7779409.0
2024-06-28,185.89999389648438,194.5,185.44000244140625,193.19000244140625,188.7229461669922,13017610.0
2024-07-01,194.0,201.8000030517578,192.10000610351562,197.0,192.44483947753906,17449096.0
2024-07-02,198.5,199.0,192.5,196.3699951171875,191.82940673828125,6071900.0
2024-07-03,196.89999389648438,203.39999389648438,195.60000610351562,198.11000061035156,193.5291748046875,13376694.0
2024-07-04,198.4600067138672,207.5,196.1300048828125,202.42999267578125,197.74928283691406,20229596.0
2024-07-05,202.92999267578125,207.0,201.75,203.94000244140625,199.22439575195312,9978075.0
2024-07-08,205.17999267578125,233.0,205.0,228.38999938964844,223.10902404785156,53584185.0
2024-07-09,234.89999389648438,243.6999969482422,227.00999450683594,230.77000427246094,225.4340057373047,48454569.0
2024-07-10,227.89999389648438,227.89999389648438,213.64999389648438,219.77999877929688,214.69810485839844,18043004.0
2024-07-11,220.75,227.5,220.5,222.50999450683594,217.364990234375,10203932.0
2024-07-12,226.02000427246094,244.89999389648438,226.02000427246094,228.36000061035156,223.0797119140625,36448691.0
2024-07-15,231.0,237.3000030517578,224.5,232.77999877929688,227.39752197265625,15937399.0
2024-07-16,232.77999877929688,242.1999969482422,229.8000030517578,231.49000549316406,226.13735961914062,17196817.0
2024-07-18,232.0,233.8000030517578,221.5800018310547,224.52000427246094,219.32852172851562,10815655.0
2024-07-19,224.6999969482422,224.97999572753906,213.0,214.02999877929688,209.08106994628906,9322947.0
2024-07-22,213.89999389648438,242.0,210.75999450683594,235.02999877929688,229.59548950195312,67093597.0
2024-07-23,236.39999389648438,245.0,208.60000610351562,217.5,212.4708251953125,52974757.0
2024-07-24,217.5500030517578,222.49000549316406,215.5500030517578,216.64999389648438,211.64048767089844,11558475.0
2024-07-25,213.0,215.6999969482422,208.66000366210938,209.39999389648438,204.55812072753906,6913830.0
2024-07-26,210.5,217.85000610351562,210.25,213.47000122070312,208.5340118408203,9194806.0
2024-07-29,215.0,218.89999389648438,212.86000061035156,215.4499969482422,210.46823120117188,6329003.0
2024-07-30,216.0,222.27999877929688,213.50999450683594,219.88999938964844,214.80555725097656,12955580.0
2024-07-31,221.0,224.60000610351562,217.35000610351562,218.58999633789062,213.53562927246094,9632730.0
2024-08-01,219.0,221.39999389648438,215.10000610351562,216.36000061035156,211.35719299316406,6191879.0
2024-08-02,213.02000427246094,214.89999389648438,210.2100067138672,211.83999633789062,206.9416961669922,4700474.0
2024-08-05,207.0800018310547,207.4499969482422,195.32000732421875,196.5399932861328,191.99546813964844,6343329.0
2024-08-06,198.0500030517578,205.1999969482422,192.6999969482422,193.5399932861328,189.06484985351562,4987200.0
2024-08-07,197.8000030517578,203.89999389648438,194.60000610351562,202.83999633789062,198.14981079101562,4431814.0
2024-08-08,203.0,206.25,199.1999969482422,199.85000610351562,195.2289581298828,3806269.0
2024-08-09,201.6999969482422,206.39999389648438,200.6999969482422,203.3000030517578,198.59918212890625,4457426.0
2024-08-12,200.77999877929688,205.39999389648438,197.9499969482422,200.3000030517578,195.66854858398438,5718030.0
2024-08-13,196.5,198.2899932861328,189.8800048828125,190.83999633789062,186.42727661132812,5143582.0
2024-08-14,191.6999969482422,192.39999389648438,185.2100067138672,187.07000732421875,182.74447631835938,2678155.0
2024-08-16,190.0,194.14999389648438,189.10000610351562,192.17999267578125,187.7362823486328,5361987.0
2024-08-19,192.47999572753906,195.39999389648438,189.5,190.2100067138672,185.81185913085938,2776149.0
2024-08-20,191.44000244140625,192.6999969482422,188.3000030517578,190.27000427246094,185.87046813964844,2643118.0
2024-08-21,190.61000061035156,194.5,190.44000244140625,192.3699951171875,187.92190551757812,3940948.0
2024-08-22,193.64999389648438,207.5,192.5,202.69000244140625,198.00328063964844,17633000.0
2024-08-23,203.89999389648438,204.1999969482422,199.3000030517578,199.85000610351562,195.2289581298828,3366254.0
2024-08-26,201.3800048828125,202.69000244140625,198.27999877929688,199.1999969482422,194.59396362304688,3317203.0
2024-08-27,199.2100067138672,207.88999938964844,199.2100067138672,203.2100067138672,198.51126098632812,7416177.0
2024-08-28,204.0,206.97999572753906,202.0,202.9199981689453,198.22796630859375,3219929.0
2024-08-29,203.4499969482422,203.4499969482422,198.00999450683594,198.97000122070312,194.3693084716797,2148826.0
2024-08-30,199.00999450683594,206.3000030517578,199.00999450683594,201.24000549316406,196.58680725097656,6135470.0
2024-09-02,202.0,205.5,199.11000061035156,201.91000366210938,197.24131774902344,3909517.0
2024-09-03,202.30999755859375,204.5,200.1999969482422,200.8699951171875,196.22535705566406,2588546.0
2024-09-04,197.50999450683594,204.25,197.50999450683594,200.05999755859375,195.43408203125,3331971.0
2024-09-05,201.24000549316406,203.8800048828125,198.16000366210938,199.1199951171875,194.51583862304688,2350834.0
2024-09-06,200.1199951171875,202.11000061035156,191.10000610351562,191.77999877929688,187.34555053710938,3069620.0
2024-09-09,192.4499969482422,192.64999389648438,184.0,186.97999572753906,182.65652465820312,2850295.0
2024-09-10,187.75,192.67999267578125,187.74000549316406,189.80999755859375,185.4210968017578,1694113.0
2024-09-11,189.9499969482422,193.99000549316406,188.3699951171875,191.07000732421875,186.65196228027344,3812825.0
2024-09-12,192.1999969482422,193.19000244140625,188.1999969482422,189.22999572753906,184.85450744628906,1696690.0
2024-09-13,189.75999450683594,192.44000244140625,188.83999633789062,189.67999267578125,185.2941131591797,1718630.0
2024-09-16,190.60000610351562,190.60000610351562,187.5500030517578,188.3699951171875,184.01438903808594,1189077.0
2024-09-17,188.3699951171875,190.3000030517578,185.41000366210938,186.39999389648438,182.08995056152344,1386859.0
2024-09-18,185.5,194.58999633789062,182.00999450683594,191.55999755859375,187.13064575195312,6812550.0
2024-09-19,194.39999389648438,194.9499969482422,183.16000366210938,186.9199981689453,182.59791564941406,4100303.0
2024-09-20,187.39999389648438,187.64999389648438,183.35000610351562,184.94000244140625,180.6636962890625,2241771.0
2024-09-23,185.97999572753906,190.39999389648438,184.6999969482422,187.6300048828125,184.52874755859375,2120337.0
2024-09-24,188.0,190.25,186.52000427246094,187.1199951171875,184.02716064453125,1638950.0
2024-09-25,186.50999450683594,188.10000610351562,184.14999389648438,185.38999938964844,182.32577514648438,1155987.0
2024-09-26,185.4499969482422,186.2899932861328,181.0500030517578,181.55999755859375,178.55908203125,1678522.0
2024-09-27,182.1999969482422,185.64999389648438,181.82000732421875,182.8800048828125,179.8572540283203,1630821.0
2024-09-30,182.5,183.99000549316406,180.2100067138672,181.36000061035156,178.3623809814453,1117728.0
2024-10-01,181.3800048828125,189.3000030517578,181.36000061035156,186.05999755859375,182.9846954345703,4582503.0
2024-10-03,183.0,184.39999389648438,180.0500030517578,180.8300018310547,177.84115600585938,1441631.0
2024-10-04,180.5,182.0,173.22000122070312,174.4600067138672,171.57643127441406,2537203.0
2024-10-07,175.49000549316406,175.75,163.1999969482422,163.99000549316406,161.2794952392578,2500704.0
2024-10-08,163.5,170.5,162.50999450683594,169.30999755859375,166.5115509033203,1752865.0
2024-10-09,170.10000610351562,173.8000030517578,170.10000610351562,171.00999450683594,168.18344116210938,1259797.0
2024-10-10,176.4600067138672,185.30999755859375,175.1199951171875,182.66000366210938,179.64089965820312,17555119.0
2024-10-11,182.58999633789062,182.58999633789062,178.4600067138672,179.82000732421875,176.84783935546875,2139999.0
2024-10-14,179.9499969482422,181.24000549316406,174.89999389648438,176.17999267578125,173.2679901123047,1464255.0
2024-10-15,176.36000061035156,177.2899932861328,174.24000549316406,175.4600067138672,172.55990600585938,1023102.0
2024-10-16,174.85000610351562,179.72999572753906,174.0500030517578,175.32000732421875,172.42221069335938,2447954.0
2024-10-17,175.00999450683594,178.6999969482422,171.25999450683594,175.1199951171875,172.2255096435547,2687984.0
2024-10-18,173.1999969482422,173.9499969482422,169.11000061035156,172.5,169.64881896972656,1610101.0
2024-10-21,173.1999969482422,173.85000610351562,166.0,167.25,164.48561096191406,1180610.0
2024-10-22,167.1999969482422,167.6300048828125,153.77999877929688,156.3800048828125,153.79527282714844,2307719.0
2024-10-23,156.3699951171875,161.8300018310547,151.6999969482422,158.94000244140625,156.31295776367188,2425423.0
2024-10-24,159.5500030517578,161.05999755859375,155.85000610351562,157.60000610351562,154.99510192871094,1392086.0
2024-10-25,157.5,157.5,147.8000030517578,148.82000732421875,146.3602294921875,2426670.0
2024-10-28,149.64999389648438,153.89999389648438,147.92999267578125,152.9499969482422,150.42196655273438,1887735.0
2024-10-29,153.6999969482422,157.49000549316406,151.0,154.57000732421875,152.0151824951172,2104159.0
2024-10-30,154.57000732421875,162.49000549316406,154.00999450683594,160.47999572753906,157.82748413085938,3175220.0
2024-10-31,159.99000549316406,162.14999389648438,159.02000427246094,161.38999938964844,158.7224578857422,1218792.0
2024-11-01,161.89999389648438,163.0,161.64999389648438,162.4499969482422,159.7649383544922,325812.0
2024-11-04,162.4499969482422,162.47000122070312,156.1999969482422,158.05999755859375,155.44749450683594,1116572.0
2024-11-05,156.89999389648438,162.11000061035156,156.60000610351562,161.33999633789062,158.67327880859375,1526205.0
2024-11-06,162.1999969482422,168.14999389648438,161.4199981689453,167.64999389648438,164.8789825439453,2687559.0
2024-11-07,168.99000549316406,173.39999389648438,167.39999389648438,170.10000610351562,167.2884979248047,5055816.0
2024-11-08,170.4499969482422,170.89999389648438,164.0,164.6300048828125,161.90892028808594,1359233.0
2024-11-11,163.25,165.39999389648438,159.0,161.97999572753906,159.3026885986328,1425028.0
2024-11-12,162.5500030517578,165.52000427246094,156.10000610351562,159.55999755859375,156.92269897460938,972579.0
2024-11-13,157.60000610351562,158.4600067138672,151.75,152.47999572753906,149.959716796875,1391908.0
2024-11-14,156.6999969482422,160.7100067138672,152.72000122070312,155.94000244140625,153.36253356933594,4362609.0
2024-11-18,155.0,156.8000030517578,151.41000366210938,152.41000366210938,149.89088439941406,1764259.0
2024-11-19,153.85000610351562,156.72000122070312,152.25,152.6300048828125,150.1072540283203,1328264.0
2024-11-21,152.14999389648438,152.39999389648438,148.5500030517578,150.47999572753906,147.99278259277344,1150462.0
2024-11-22,151.6999969482422,153.8800048828125,149.83999633789062,153.24000549316406,150.70716857910156,1298622.0
2024-11-25,155.8699951171875,165.0,155.86000061035156,160.82000732421875,158.16188049316406,3971160.0
2024-11-26,161.9499969482422,164.2100067138672,160.5500030517578,161.2899932861328,158.6240997314453,1863651.0
2024-11-27,161.94000244140625,166.86000061035156,160.52999877929688,165.30999755859375,162.57766723632812,3054294.0
2024-11-28,166.0500030517578,175.8000030517578,165.5,172.36000061035156,169.51113891601562,8689240.0
2024-11-29,172.75,180.5,170.64999389648438,179.0399932861328,176.0807342529297,10048073.0
2024-12-02,178.5,178.58999633789062,175.36000061035156,176.8300018310547,173.90725708007812,2845122.0
2024-12-03,177.0,181.50999450683594,176.1999969482422,179.1699981689453,176.2085723876953,3514231.0
2024-12-04,179.85000610351562,181.5,177.16000366210938,179.9600067138672,176.9855194091797,2399129.0
2024-12-05,180.60000610351562,184.60000610351562,177.61000061035156,180.22999572753906,177.2510528564453,5710496.0
2024-12-06,180.9499969482422,181.89999389648438,179.02999877929688,180.5399932861328,177.55592346191406,2627387.0
2024-12-09,180.5,181.6699981689453,177.85000610351562,178.7899932861328,175.83485412597656,1835318.0
2024-12-10,179.5,182.0,177.24000549316406,178.42999267578125,175.48080444335938,3390083.0
2024-12-11,178.6999969482422,182.7899932861328,177.8300018310547,179.16000366210938,176.19874572753906,4478908.0
2024-12-12,178.0,181.10000610351562,176.17999267578125,178.5,175.54965209960938,2486425.0
2024-12-13,177.8000030517578,178.49000549316406,172.6999969482422,175.64999389648438,172.7467498779297,1509678.0
2024-12-16,175.5,178.07000732421875,175.5,176.4600067138672,173.5433807373047,1244249.0
2024-12-17,178.58999633789062,188.88999938964844,178.58999633789062,184.5800018310547,181.52915954589844,19258730.0
2024-12-18,185.0,187.89999389648438,182.0,186.8000030517578,183.71246337890625,5726153.0
2024-12-19,182.0,183.69000244140625,179.10000610351562,180.27000427246094,177.29039001464844,3760055.0
2024-12-20,180.35000610351562,182.1300048828125,169.05999755859375,170.07000732421875,167.2589874267578,3339653.0
2024-12-23,172.0,172.72999572753906,165.5,166.66000366210938,163.9053497314453,2035531.0
2024-12-24,166.99000549316406,171.52999877929688,165.8800048828125,170.91000366210938,168.08509826660156,2334995.0
2024-12-26,171.8000030517578,171.8000030517578,168.0500030517578,169.02999877929688,166.23617553710938,1165700.0
2024-12-27,169.8000030517578,170.5,167.25,168.25999450683594,165.47889709472656,1048125.0
2024-12-30,168.82000732421875,169.39999389648438,165.52000427246094,167.27999877929688,164.51510620117188,1686814.0
2024-12-31,168.0,175.5,166.27999877929688,173.8000030517578,170.92733764648438,4412772.0
2025-01-01,174.1999969482422,181.35000610351562,173.3800048828125,180.27000427246094,177.29039001464844,7022303.0
2025-01-02,180.69000244140625,183.85000610351562,179.75,181.08999633789062,178.09683227539062,4220256.0
2025-01-03,181.0,182.75,179.00999450683594,180.6300048828125,177.6444549560547,1753910.0
2025-01-06,181.0,181.0,167.5500030517578,168.2100067138672,165.42974853515625,2022911.0
2025-01-07,169.0,184.39999389648438,169.0,180.97000122070312,177.9788360595703,9210166.0
2025-01-08,180.10000610351562,180.33999633789062,174.64999389648438,175.55999755859375,172.6582489013672,2120300.0
2025-01-09,175.55999755859375,183.7100067138672,173.25999450683594,174.82000732421875,171.93048095703125,6186837.0
2025-01-10,174.3000030517578,174.30999755859375,166.3300018310547,168.08999633789062,165.3117218017578,2599535.0
2025-01-13,164.99000549316406,166.89999389648438,154.61000061035156,156.3300018310547,153.74609375,2517763.0
2025-01-14,158.0,163.6199951171875,157.80999755859375,163.00999450683594,160.315673828125,2176840.0
2025-01-15,163.5,166.1999969482422,161.3000030517578,162.14999389648438,159.4698944091797,1827827.0
2025-01-16,163.89999389648438,167.3800048828125,163.5,164.9499969482422,162.22361755371094,1550332.0
2025-01-17,164.41000366210938,173.8000030517578,163.91000366210938,169.72000122070312,166.91477966308594,7364019.0
2025-01-20,170.6999969482422,172.60000610351562,168.8800048828125,170.42999267578125,167.613037109375,1734285.0
2025-01-21,170.7899932861328,176.39999389648438,168.10000610351562,169.7100067138672,166.9049530029297,4929063.0
2025-01-22,169.5,169.88999938964844,162.60000610351562,166.5800018310547,163.82667541503906,2293906.0
2025-01-23,166.41000366210938,172.8000030517578,165.74000549316406,169.7899932861328,166.98361206054688,2316056.0
2025-01-24,169.91000366210938,171.63999938964844,164.25,166.16000366210938,163.4136199951172,1307924.0
2025-01-27,164.0,164.0,153.1999969482422,154.2899932861328,151.7397918701172,2405419.0
2025-01-28,155.89999389648438,157.2899932861328,147.35000610351562,152.47999572753906,149.959716796875,2951840.0
2025-01-29,153.10000610351562,157.67999267578125,152.50999450683594,156.24000549316406,153.6575927734375,2310971.0
2025-01-30,157.1999969482422,162.4499969482422,157.0,157.8300018310547,155.22129821777344,2939687.0
2025-01-31,158.42999267578125,164.47999572753906,156.80999755859375,163.19000244140625,160.49270629882812,3784887.0
2025-02-01,164.1999969482422,171.3800048828125,159.41000366210938,161.25999450683594,158.5946044921875,9287358.0
2025-02-03,158.50999450683594,160.5,154.14999389648438,156.0800018310547,153.50021362304688,1760990.0
2025-02-04,157.0,158.25,155.2100067138672,157.1999969482422,154.60171508789062,1562464.0
2025-02-05,158.5500030517578,161.49000549316406,158.0,158.25,155.6343536376953,1507277.0
2025-02-06,158.0,160.19000244140625,157.0500030517578,158.22999572753906,155.61468505859375,1112332.0
2025-02-07,158.1999969482422,158.39999389648438,154.5,156.3800048828125,153.79527282714844,1283846.0
2025-02-10,156.3800048828125,157.0500030517578,149.61000061035156,150.38999938964844,147.90426635742188,1411124.0
2025-02-11,150.7899932861328,150.7899932861328,140.2100067138672,141.08999633789062,138.7579803466797,2273272.0
2025-02-12,140.4499969482422,141.3000030517578,132.36000061035156,140.07000732421875,137.75485229492188,3362799.0
2025-02-13,142.88999938964844,147.8000030517578,139.69000244140625,141.3300018310547,138.9940185546875,4075117.0
2025-02-14,142.10000610351562,142.7899932861328,132.88999938964844,134.80999755859375,132.581787109375,2579609.0
2025-02-17,134.8000030517578,134.8000030517578,129.2100067138672,132.86000061035156,130.6640167236328,2360280.0
2025-02-18,133.5,134.02999877929688,126.1500015258789,128.41000366210938,126.2875747680664,1712408.0
2025-02-19,128.57000732421875,133.8000030517578,124.5,130.88999938964844,128.72657775878906,1840069.0
2025-02-20,130.89999389648438,134.44000244140625,129.52000427246094,133.58999633789062,131.3819580078125,1871803.0
2025-02-21,133.39999389648438,137.3699951171875,130.02000427246094,130.5800018310547,128.4217071533203,2229234.0
2025-02-24,129.0,129.6199951171875,126.16000366210938,127.55000305175781,125.44178009033203,1250700.0
2025-02-25,127.80000305175781,130.74000549316406,126.5,127.20999908447266,125.1073989868164,1586868.0
2025-02-27,127.25,127.8499984741211,121.73999786376953,122.5199966430664,120.49491882324219,1719940.0
2025-02-28,120.0,121.06999969482422,115.75,117.0199966430664,115.08582305908203,2294658.0
2025-03-03,118.69000244140625,118.9000015258789,110.80000305175781,114.80999755859375,112.912353515625,3188755.0
2025-03-04,112.69999694824219,118.6500015258789,112.36000061035156,117.66000366210938,115.71524810791016,2426034.0
2025-03-05,117.94999694824219,123.5,117.94999694824219,122.69999694824219,120.67194366455078,2094431.0
2025-03-06,124.87000274658203,125.80000305175781,122.95999908447266,124.12000274658203,122.06847381591797,1449923.0
2025-03-07,123.55000305175781,128.60000610351562,123.4000015258789,124.94999694824219,122.88475036621094,3473866.0
2025-03-10,125.6500015258789,126.80000305175781,119.19999694824219,119.77999877929688,117.80020904541016,2111314.0
2025-03-11,118.9000015258789,119.5999984741211,116.0,118.20999908447266,116.25615692138672,1676576.0
2025-03-12,118.94000244140625,120.8499984741211,116.55999755859375,117.20999908447266,115.27268981933594,1474469.0
2025-03-13,118.25,119.18000030517578,115.31999969482422,115.94000244140625,114.023681640625,2331667.0
2025-03-17,116.4800033569336,117.19000244140625,114.01000213623047,114.75,112.85334777832031,1390716.0
2025-03-18,114.75,114.75,114.75,114.75,112.85334777832031,0.0
2025-03-19,119.0,123.5,118.6500015258789,122.5,120.47525024414062,2914880.0
2025-03-20,123.75,126.37000274658203,121.80999755859375,123.4000015258789,121.36038208007812,2260601.0
2025-03-21,123.0,130.35000610351562,122.77999877929688,127.30000305175781,125.1959228515625,3510489.0
2025-03-24,128.0500030517578,133.39999389648438,128.0500030517578,132.14999389648438,129.9657440185547,3720703.0
2025-03-25,133.64999389648438,135.3800048828125,127.02999877929688,127.48999786376953,125.38276672363281,3391166.0
2025-03-26,127.55000305175781,129.35000610351562,124.5,125.08000183105469,123.01260375976562,2147852.0
2025-03-27,124.0999984741211,129.0,123.5,128.3699951171875,126.24822235107422,3683129.0
2025-03-28,129.0,130.39999389648438,125.0,125.5199966430664,123.4453353881836,2006799.0
2025-04-01,125.29000091552734,128.42999267578125,124.76000213623047,127.2300033569336,125.1270751953125,1511632.0
2025-04-02,127.63999938964844,128.10000610351562,124.69999694824219,127.48999786376953,125.38276672363281,1281379.0
2025-04-03,126.0199966430664,130.60000610351562,126.0,129.8800048828125,127.73326873779297,1802259.0
2025-04-04,129.5,129.6999969482422,122.0,123.33000183105469,121.29153442382812,1895846.0
2025-04-07,113.0,118.80000305175781,112.0999984741211,117.22000122070312,115.28252410888672,2417958.0
2025-04-08,119.69999694824219,123.0,118.70999908447266,122.52999877929688,120.50475311279297,1458278.0
2025-04-09,122.52999877929688,123.38999938964844,119.55000305175781,120.5,118.50830841064453,1366236.0
2025-04-11,122.3499984741211,127.69999694824219,122.0,124.9000015258789,122.83558654785156,3224933.0
2025-04-15,127.01000213623047,133.5,126.69999694824219,133.02999877929688,130.83120727539062,3861234.0
2025-04-16,133.6999969482422,135.41000366210938,132.5500030517578,133.5800018310547,131.37213134765625,2897654.0
2025-04-17,133.9199981689453,143.6999969482422,132.6999969482422,138.9499969482422,136.6533660888672,15032263.0
2025-04-21,139.9499969482422,143.60000610351562,138.35000610351562,142.57000732421875,140.21353149414062,5272874.0
2025-04-22,144.0,145.35000610351562,142.25,142.6999969482422,140.34136962890625,3242456.0
2025-04-23,143.5,144.50999450683594,138.9499969482422,142.02000427246094,139.67262268066406,2629099.0
2025-04-24,141.00999450683594,146.75,141.0,142.14999389648438,139.8004608154297,3938776.0
2025-04-25,142.3000030517578,143.25,134.75999450683594,135.94000244140625,133.693115234375,3562699.0
2025-04-28,135.00999450683594,140.19000244140625,134.27000427246094,139.58999633789062,137.28277587890625,2785863.0
2025-04-29,140.0,141.9499969482422,138.00999450683594,138.47000122070312,136.18128967285156,1792186.0
2025-04-30,138.0,141.41000366210938,135.35000610351562,136.4600067138672,134.20452880859375,2257092.0
2025-05-02,136.52999877929688,139.49000549316406,134.92999267578125,137.5,135.22732543945312,1608159.0
2025-05-05,139.0500030517578,140.64999389648438,137.5800018310547,139.57000732421875,137.2631072998047,2328401.0
2025-05-06,140.52999877929688,141.85000610351562,133.7100067138672,134.52000427246094,132.29656982421875,4036510.0
2025-05-07,131.0,137.0,131.0,136.47000122070312,134.21435546875,2312931.0
2025-05-08,137.0,141.82000732421875,135.91000366210938,137.13999938964844,134.87326049804688,3111658.0
2025-05-09,132.00999450683594,134.4600067138672,131.25,133.57000732421875,131.36227416992188,1944523.0
2025-05-12,138.0,144.0,138.0,143.1300048828125,140.76426696777344,4079903.0
2025-05-13,143.0,144.3000030517578,141.60000610351562,142.44000244140625,140.08567810058594,2219897.0
2025-05-14,143.0,145.60000610351562,142.3000030517578,145.00999450683594,142.61318969726562,3191283.0
2025-05-15,146.14999389648438,152.0,146.0,148.86000061035156,146.39956665039062,11371316.0
2025-05-16,149.64999389648438,151.74000549316406,147.64999389648438,150.6199951171875,148.13046264648438,4918885.0
2025-05-19,151.02999877929688,152.6999969482422,148.3800048828125,150.0399932861328,147.56004333496094,3397593.0
2025-05-20,150.83999633789062,155.39999389648438,148.10000610351562,151.0800018310547,148.58287048339844,6418321.0
2025-05-21,150.99000549316406,151.99000549316406,148.6999969482422,150.1300048828125,147.64857482910156,2556271.0
2025-05-22,150.0,153.89999389648438,149.60000610351562,151.9600067138672,149.4483184814453,3001534.0
2025-05-23,152.89999389648438,154.64999389648438,150.66000366210938,151.91000366210938,149.39915466308594,2869259.0
2025-05-26,152.97000122070312,154.8000030517578,152.13999938964844,153.82000732421875,151.277587890625,3243225.0
2025-05-27,154.0,157.74000549316406,153.10000610351562,156.44000244140625,153.85427856445312,7414726.0
2025-05-28,151.1999969482422,153.99000549316406,151.1999969482422,152.77000427246094,150.24493408203125,3616498.0
2025-05-29,154.0,154.3000030517578,152.0500030517578,152.47999572753906,149.959716796875,1571953.0
2025-05-30,152.47999572753906,153.7899932861328,148.22000122070312,149.55999755859375,147.08798217773438,2110154.0
2025-06-02,149.55999755859375,151.5,148.08999633789062,150.32000732421875,147.83543395996094,1135500.0
2025-06-03,151.0,164.22999572753906,150.16000366210938,160.32000732421875,157.67015075683594,34789578.0
2025-06-04,162.0,163.88999938964844,158.2899932861328,159.91000366210938,157.2669219970703,6815036.0
2025-06-05,161.0,165.6999969482422,160.9600067138672,161.52999877929688,158.86013793945312,8486134.0
2025-06-06,161.89999389648438,164.85000610351562,159.52999877929688,162.9499969482422,160.2566680908203,5604501.0
2025-06-09,163.75,165.3000030517578,161.61000061035156,164.10000610351562,161.38768005371094,4200232.0
2025-06-10,164.89999389648438,166.39999389648438,163.0,163.30999755859375,160.6107177734375,2531978.0
2025-06-11,164.0,166.5,162.1999969482422,163.9499969482422,161.24014282226562,4179609.0
2025-06-12,164.3300018310547,166.1999969482422,158.5500030517578,159.47999572753906,156.84402465820312,3020654.0
2025-06-13,155.0,159.4499969482422,154.6300048828125,157.3800048828125,154.77874755859375,2688281.0
2025-06-16,157.3800048828125,159.1999969482422,152.14999389648438,158.44000244140625,155.82122802734375,2425792.0
2025-06-17,158.5,161.6199951171875,155.39999389648438,156.32000732421875,153.73626708984375,2436590.0
2025-06-18,155.10000610351562,158.1300048828125,153.8000030517578,156.2899932861328,153.7067413330078,1811741.0
2025-06-19,156.2899932861328,157.88999938964844,151.0,151.72000122070312,149.21229553222656,1653325.0
2025-06-20,151.5,154.5,150.6300048828125,152.9600067138672,150.4318084716797,1807479.0
2025-06-23,152.77999877929688,155.0,151.25999450683594,153.6199951171875,151.08087158203125,1801199.0
2025-06-24,155.89999389648438,159.69000244140625,155.11000061035156,156.49000549316406,153.9034423828125,2896112.0
2025-06-25,157.7899932861328,160.6999969482422,157.35000610351562,158.0500030517578,155.4376678466797,2679027.0
2025-06-26,156.9499969482422,158.19000244140625,155.72000122070312,156.99000549316406,154.3951873779297,1677570.0
2025-06-27,158.0,159.38999938964844,156.75,157.91000366210938,155.29998779296875,1794817.0
2025-06-30,158.5,160.60000610351562,158.00999450683594,159.1300048828125,156.49981689453125,1531528.0
2025-07-01,159.88999938964844,161.35000610351562,157.75,158.94000244140625,156.31295776367188,1335250.0
2025-07-02,159.39999389648438,159.74000549316406,156.35000610351562,157.4600067138672,154.85740661621094,1174585.0
2025-07-03,157.13999938964844,159.3800048828125,156.5,156.7899932861328,154.198486328125,1284339.0
2025-07-04,156.89999389648438,157.8800048828125,154.5,156.22000122070312,153.63790893554688,1247282.0
2025-07-07,156.39999389648438,156.6999969482422,153.6999969482422,154.32000732421875,151.7693328857422,881742.0
2025-07-08,154.5,156.4199981689453,152.6999969482422,154.22000122070312,151.6709747314453,770832.0
2025-07-09,154.22000122070312,155.38999938964844,153.39999389648438,154.6300048828125,152.07420349121094,659097.0
2025-07-10,154.89999389648438,155.55999755859375,153.25,153.64999389648438,151.11038208007812,650686.0
2025-07-11,153.60000610351562,154.41000366210938,151.25,151.97999572753906,149.46798706054688,637337.0
2025-07-14,152.0,152.49000549316406,150.32000732421875,151.3800048828125,148.87791442871094,744189.0
2025-07-15,152.0,158.9199981689453,152.0,156.36000061035156,153.7755889892578,5937126.0
2025-07-16,157.0500030517578,157.5,155.3000030517578,156.8000030517578,154.2083282470703,1199311.0
2025-07-17,157.6999969482422,157.6999969482422,155.61000061035156,156.19000244140625,153.6083984375,697081.0
2025-07-18,156.88999938964844,156.88999938964844,153.0,154.08999633789062,151.54310607910156,800812.0
2025-07-21,154.10000610351562,157.1999969482422,152.63999938964844,155.6199951171875,153.04782104492188,1346347.0
2025-07-22,156.60000610351562,157.10000610351562,153.00999450683594,154.00999450683594,151.4644317626953,751682.0
2025-07-23,154.5,155.24000549316406,152.64999389648438,154.0399932861328,151.4939422607422,868080.0
2025-07-24,154.5500030517578,159.8000030517578,154.30999755859375,157.17999267578125,154.58203125,3751105.0
2025-07-25,156.8000030517578,159.0,151.85000610351562,152.9600067138672,150.4318084716797,1787384.0
2025-07-28,152.5,154.3699951171875,149.2100067138672,150.22000122070312,147.73709106445312,1114195.0
2025-07-29,149.8000030517578,153.88999938964844,148.1999969482422,152.47999572753906,149.959716796875,1391677.0
2025-07-30,154.0,158.0,153.5,155.27000427246094,152.70361328125,3934333.0
2025-07-31,153.10000610351562,154.89999389648438,152.0,152.3699951171875,149.85153198242188,1217946.0
2025-08-01,152.44000244140625,154.4499969482422,147.10000610351562,148.00999450683594,145.56361389160156,1562929.0
2025-08-04,148.89999389648438,150.60000610351562,147.52000427246094,150.14999389648438,147.66822814941406,929353.0
2025-08-05,151.5,154.9600067138672,150.58999633789062,153.58999633789062,151.05137634277344,3074750.0
2025-08-06,154.6999969482422,155.55999755859375,149.52999877929688,150.22000122070312,147.73709106445312,1822731.0
2025-08-07,149.55999755859375,150.11000061035156,141.64999389648438,144.89999389648438,142.5050048828125,2118617.0
2025-08-08,146.0,148.1999969482422,144.10000610351562,146.72000122070312,144.294921875,1722361.0
2025-08-11,146.8000030517578,148.0500030517578,145.05999755859375,147.42999267578125,144.99317932128906,871026.0
2025-08-12,147.89999389648438,149.2899932861328,144.89999389648438,145.55999755859375,143.1540985107422,1983268.0
2025-08-13,146.1999969482422,148.77999877929688,146.0,147.63999938964844,145.19972229003906,1857004.0
2025-08-14,148.0,148.49000549316406,144.10000610351562,145.13999938964844,142.7410430908203,781200.0
2025-08-18,147.0,147.66000366210938,144.97999572753906,145.99000549316406,143.57699584960938,696377.0
2025-08-19,146.10000610351562,151.35000610351562,145.6999969482422,149.32000732421875,146.85195922851562,3567000.0
2025-08-20,150.05999755859375,158.30999755859375,149.89999389648438,157.3000030517578,154.70005798339844,8206891.0
2025-08-21,157.75,160.47999572753906,155.8000030517578,157.77000427246094,155.16229248046875,5039620.0
2025-08-22,157.5,161.35000610351562,156.0,158.89999389648438,156.2736053466797,4964621.0
2025-08-25,160.1999969482422,162.39999389648438,155.10000610351562,156.77999877929688,154.1886444091797,2972536.0
2025-08-26,155.72999572753906,155.89999389648438,151.30999755859375,151.9499969482422,149.4384765625,1430753.0
2025-08-28,151.38999938964844,152.69000244140625,149.10000610351562,149.9199981689453,147.44204711914062,1068219.0
2025-08-29,150.5,152.39999389648438,148.3000030517578,148.92999267578125,146.4683837890625,1311712.0
2025-09-01,149.3000030517578,154.67999267578125,149.3000030517578,153.1699981689453,150.63832092285156,1852302.0
2025-09-02,153.8000030517578,159.97999572753906,152.49000549316406,157.13999938964844,154.54269409179688,4536406.0
2025-09-03,157.25,162.10000610351562,156.66000366210938,161.41000366210938,158.74212646484375,4964157.0
2025-09-04,163.0,164.49000549316406,159.3300018310547,160.6699981689453,158.0143585205078,4212389.0
2025-09-05,161.0,161.8800048828125,157.00999450683594,157.39999389648438,154.79840087890625,1894222.0
2025-09-08,157.39999389648438,158.13999938964844,154.27000427246094,154.89999389648438,152.3397216796875,1441231.0
2025-09-09,154.64999389648438,155.8300018310547,151.22999572753906,151.50999450683594,149.00575256347656,1500919.0
2025-09-10,152.1999969482422,153.91000366210938,151.5,152.27999877929688,149.76303100585938,1403558.0
2025-09-11,152.27999877929688,155.10000610351562,152.0,152.30999755859375,149.79254150390625,1335282.0
2025-09-12,152.89999389648438,153.47999572753906,151.69000244140625,152.1999969482422,149.68434143066406,892711.0
2025-09-15,153.0,155.7899932861328,152.60000610351562,153.58999633789062,151.05137634277344,1520480.0
2025-09-16,153.97999572753906,157.47000122070312,153.0500030517578,156.02999877929688,153.4510498046875,2151660.0
2025-09-17,156.69000244140625,157.89999389648438,153.52000427246094,154.6699981689453,152.113525390625,1180783.0
2025-09-18,155.39999389648438,155.69000244140625,153.17999267578125,153.77000427246094,151.22840881347656,946395.0
2025-09-19,154.0,154.99000549316406,153.10000610351562,154.02999877929688,151.48410034179688,793048.0
2025-09-22,153.72000122070312,154.38999938964844,151.5500030517578,151.89999389648438,149.38931274414062,928327.0
2025-09-23,152.0,152.5,150.3300018310547,151.38999938964844,148.8877410888672,947018.0
2025-09-24,151.10000610351562,152.8000030517578,150.16000366210938,150.6300048828125,148.14031982421875,1131250.0
2025-09-25,150.99000549316406,151.47999572753906,148.3000030517578,148.69000244140625,146.2323760986328,928278.0
2025-09-26,148.61000061035156,149.0399932861328,143.3000030517578,143.75,141.3740234375,1502173.0
2025-09-29,145.0,147.1199951171875,143.25,144.9499969482422,142.55418395996094,1076261.0
2025-09-30,145.3000030517578,146.0,144.47000122070312,145.82000732421875,143.40982055664062,661269.0
2025-10-01,146.0,147.72000122070312,144.72000122070312,146.9199981689453,144.4916229248047,903590.0
2025-10-03,147.0,149.8699951171875,146.77999877929688,149.1199951171875,146.65525817871094,1423941.0
2025-10-06,149.89999389648438,150.32000732421875,147.85000610351562,148.80999755859375,146.35037231445312,662656.0
2025-10-07,149.0,149.74000549316406,148.0,148.32000732421875,145.86849975585938,548551.0
2025-10-08,149.0,149.3300018310547,147.1300048828125,147.58999633789062,145.1505584716797,564866.0
2025-10-09,147.7899932861328,148.14999389648438,146.00999450683594,146.5,144.0785675048828,700905.0
2025-10-10,146.25,147.63999938964844,145.8000030517578,146.64999389648438,145.53741455078125,924960.0
2025-10-13,146.41000366210938,146.47999572753906,144.75,145.7100067138672,144.60455322265625,705718.0
2025-10-14,146.0,146.60000610351562,143.10000610351562,144.02999877929688,142.93728637695312,851683.0
2025-10-15,144.6999969482422,148.22000122070312,143.5500030517578,146.88999938964844,145.7755889892578,776291.0
2025-10-16,148.0,153.9499969482422,147.16000366210938,152.0500030517578,150.89645385742188,4952775.0
2025-10-17,151.61000061035156,151.61000061035156,148.50999450683594,149.0500030517578,147.91920471191406,860250.0
2025-10-20,149.0500030517578,149.3699951171875,146.99000549316406,147.99000549316406,146.86724853515625,613787.0
2025-10-21,148.69000244140625,149.99000549316406,148.52000427246094,149.08999633789062,147.9589080810547,210086.0
2025-10-23,149.67999267578125,149.72999572753906,148.0399932861328,148.4499969482422,147.32376098632812,456313.0
2025-10-24,148.00999450683594,148.99000549316406,147.27000427246094,147.86000061035156,146.7382354736328,595177.0
2025-10-27,149.0,149.0,147.32000732421875,147.72000122070312,146.59930419921875,485202.0
2025-10-28,147.8000030517578,152.58999633789062,147.52000427246094,150.25,149.110107421875,3153756.0
2025-10-29,150.42999267578125,151.74000549316406,149.6999969482422,150.77000427246094,149.62615966796875,1047127.0
2025-10-30,150.97000122070312,153.6999969482422,150.39999389648438,151.52000427246094,150.37046813964844,1832066.0
2025-10-31,152.0,153.39999389648438,148.60000610351562,149.27999877929688,148.1474609375,1328185.0
2025-11-03,149.19000244140625,153.5,148.80999755859375,152.00999450683594,150.85675048828125,1480057.0
2025-11-04,152.0,153.5,150.75,152.8699951171875,151.71022033691406,1221895.0
2025-11-06,152.75,152.89999389648438,145.9199981689453,146.7100067138672,145.5969696044922,1162877.0
2025-11-07,145.3000030517578,149.39999389648438,144.1300048828125,148.83999633789062,147.71080017089844,967856.0
2025-11-10,149.89999389648438,149.89999389648438,146.27999877929688,146.67999267578125,145.5671844482422,614705.0
2025-11-11,147.1999969482422,148.5,146.32000732421875,147.99000549316406,146.86724853515625,687659.0
2025-11-12,148.5,152.5,148.5,150.4199981689453,149.27880859375,1461687.0
2025-11-13,150.85000610351562,153.0,150.41000366210938,151.97000122070312,150.8170623779297,2367416.0
2025-11-14,152.0,152.1699981689453,149.7100067138672,150.27000427246094,149.1299591064453,752911.0
2025-11-17,153.0,153.60000610351562,151.39999389648438,151.80999755859375,150.65826416015625,1792731.0
2025-11-18,151.85000610351562,157.1999969482422,151.10000610351562,151.9499969482422,150.79721069335938,5351670.0
2025-11-19,151.75,151.91000366210938,149.49000549316406,149.91000366210938,148.77268981933594,1031502.0
2025-11-20,149.99000549316406,151.11000061035156,147.5,148.17999267578125,147.05580139160156,959436.0
2025-11-21,147.5,147.99000549316406,146.0,146.3699951171875,145.25953674316406,621339.0
2025-11-24,146.1999969482422,146.3699951171875,143.47000122070312,144.36000061035156,143.26478576660156,789206.0
2025-11-25,144.49000549316406,144.69000244140625,138.27000427246094,139.52000427246094,138.46151733398438,2015451.0
2025-11-26,140.5,141.89999389648438,140.0,141.16000366210938,140.0890655517578,870525.0
2025-11-27,141.89999389648438,142.8000030517578,141.50999450683594,142.5,141.4188995361328,551615.0
2025-11-28,142.0,142.27999877929688,141.0,141.35000610351562,140.2776336669922,435305.0
2025-12-01,141.85000610351562,142.99000549316406,139.0,139.8000030517578,138.73939514160156,1416520.0
2025-12-02,139.47000122070312,139.67999267578125,137.5500030517578,138.08999633789062,137.0423583984375,717577.0
2025-12-03,137.9600067138672,138.69000244140625,134.5,135.8300018310547,134.79949951171875,829651.0
2025-12-04,135.2100067138672,136.5399932861328,134.60000610351562,135.49000549316406,134.4620819091797,637033.0
2025-12-05,135.75,144.8000030517578,134.92999267578125,141.99000549316406,140.91278076171875,7041304.0
2025-12-08,142.36000061035156,142.36000061035156,134.5399932861328,136.7100067138672,135.67283630371094,1809164.0
2025-12-09,134.5,141.0,132.77999877929688,139.1699981689453,138.11416625976562,1793571.0
2025-12-10,138.75999450683594,142.8699951171875,138.4600067138672,140.25999450683594,139.19589233398438,1576199.0
2025-12-11,140.0,140.14999389648438,137.6999969482422,138.50999450683594,137.45916748046875,578767.0
2025-12-12,139.00999450683594,139.88999938964844,137.1999969482422,138.19000244140625,137.1416015625,908510.0
2025-12-15,138.74000549316406,141.38999938964844,137.64999389648438,140.52000427246094,139.4539337158203,1121075.0
2025-12-16,141.0,145.60000610351562,140.3300018310547,142.0500030517578,140.97232055664062,3525902.0
2025-12-17,141.5,142.1199951171875,138.22000122070312,138.72999572753906,137.67750549316406,841616.0
2025-12-18,138.9199981689453,139.1199951171875,136.63999938964844,137.69000244140625,136.64540100097656,634549.0
2025-12-19,138.5,138.99000549316406,137.05999755859375,138.60000610351562,137.54849243164062,724170.0
2025-12-22,139.88999938964844,140.89999389648438,139.22000122070312,139.8800048828125,138.81878662109375,844368.0
2025-12-23,140.89999389648438,144.25,139.89999389648438,142.60000610351562,141.5181427001953,1991278.0
2025-12-24,142.6999969482422,143.5,140.8800048828125,141.17999267578125,140.10890197753906,581967.0
2025-12-26,141.24000549316406,144.36000061035156,140.39999389648438,141.88999938964844,140.8135223388672,1267702.0
2025-12-29,142.1699981689453,147.5500030517578,141.50999450683594,143.25,142.1632080078125,3812795.0
2025-12-30,143.6999969482422,148.75999450683594,142.3000030517578,145.47000122070312,144.36636352539062,5559161.0
2025-12-31,146.0,147.8000030517578,145.41000366210938,146.24000549316406,145.1305389404297,1555091.0
2026-01-01,147.0,147.19000244140625,145.00999450683594,146.07000732421875,144.96182250976562,595862.0
2026-01-02,147.0,149.8000030517578,146.39999389648438,149.19000244140625,148.0581512451172,2250214.0
2026-01-05,149.1999969482422,150.9499969482422,146.72000122070312,147.41000366210938,146.29165649414062,1511060.0
2026-01-06,147.5,147.86000061035156,143.39999389648438,144.02000427246094,142.9273681640625,1257917.0
2026-01-07,143.99000549316406,145.25999450683594,143.5,144.6999969482422,143.60220336914062,736379.0
2026-01-08,144.6999969482422,147.38999938964844,141.3000030517578,141.8000030517578,140.72421264648438,1924138.0
2026-01-09,141.39999389648438,142.3000030517578,136.5,137.47999572753906,136.43698120117188,1384790.0
2026-01-12,137.5,137.88999938964844,133.6999969482422,136.6999969482422,135.66290283203125,1394287.0
2026-01-13,137.5,139.41000366210938,136.3000030517578,137.49000549316406,136.44691467285156,809813.0
2026-01-14,137.49000549316406,141.14999389648438,137.1300048828125,137.9600067138672,136.91334533691406,1139067.0
2026-01-15,137.9600067138672,137.9600067138672,137.9600067138672,137.9600067138672,136.91334533691406,0.0
2026-01-16,138.39999389648438,139.2100067138672,136.0,136.9600067138672,135.9209442138672,726769.0
2026-01-19,135.60000610351562,136.72999572753906,134.6999969482422,135.10000610351562,134.07504272460938,720130.0
2026-01-20,135.10000610351562,135.4499969482422,130.35000610351562,131.02000427246094,130.0260009765625,955647.0
2026-01-21,130.0500030517578,131.25,126.25,127.51000213623047,126.5426254272461,1705114.0
2026-01-22,128.77999877929688,131.36000061035156,128.77999877929688,131.00999450683594,130.0160675048828,874242.0
2026-01-23,131.89999389648438,132.77999877929688,127.79000091552734,128.22999572753906,127.25715637207031,883755.0
2026-01-27,128.8300018310547,131.5500030517578,126.12999725341797,130.3000030517578,129.31146240234375,1069009.0
2026-01-28,131.0,135.97000122070312,131.0,135.17999267578125,134.15443420410156,1361897.0
2026-01-29,136.0,136.0800018310547,133.5500030517578,135.25999450683594,134.23382568359375,1138809.0
2026-01-30,135.1300048828125,138.25,130.9600067138672,137.2899932861328,136.24842834472656,2791363.0
2026-02-02,134.9499969482422,138.17999267578125,130.8000030517578,135.0500030517578,134.02542114257812,1798573.0
2026-02-03,139.4499969482422,139.88999938964844,134.89999389648438,135.36000061035156,134.33306884765625,1086232.0
2026-02-04,134.9600067138672,136.97000122070312,134.30999755859375,136.4199981689453,135.38502502441406,968486.0
2026-02-05,135.9499969482422,136.3300018310547,134.0,134.72000122070312,133.6979217529297,673652.0
2026-02-06,134.0,134.25999450683594,132.0,132.97999572753906,131.9711151123047,769005.0
2026-02-09,134.0,137.89999389648438,133.39999389648438,137.0500030517578,136.01025390625,1158497.0
2026-02-10,137.11000061035156,138.6999969482422,136.44000244140625,136.8000030517578,135.76214599609375,686296.0
2026-02-11,136.85000610351562,137.32000732421875,135.02999877929688,135.8800048828125,134.84913635253906,518246.0
2026-02-12,135.8000030517578,136.35000610351562,133.2100067138672,134.4199981689453,133.4001922607422,1650352.0
2026-02-13,132.60000610351562,133.08999633789062,129.8000030517578,130.5800018310547,129.58934020996094,1184112.0
2026-02-16,130.64999389648438,133.5800018310547,130.50999450683594,131.7100067138672,130.7107696533203,1175911.0
2026-02-17,131.7100067138672,136.64999389648438,131.1999969482422,136.05999755859375,135.0277557373047,1675296.0
2026-02-18,136.0,136.4499969482422,134.50999450683594,135.0399932861328,134.01548767089844,620174.0
2026-02-19,135.39999389648438,135.39999389648438,131.10000610351562,131.80999755859375,130.80999755859375,596374.0
2026-02-20,130.61000061035156,132.0,129.32000732421875,130.0,130.0,698103.0
2026-02-23,130.64999389648438,131.3000030517578,128.24000549316406,129.24000549316406,129.24000549316406,680076.0
2026-02-24,128.3000030517578,128.6999969482422,126.0999984741211,127.61000061035156,127.61000061035156,683615.0
2026-02-25,128.02000427246094,129.5,127.61000061035156,128.75,128.75,577981.0
2026-02-26,129.0,129.63999938964844,127.30000305175781,127.87000274658203,127.87000274658203,500948.0
2026-02-27,127.44000244140625,127.44000244140625,125.51000213623047,126.77999877929688,126.77999877929688,623075.0
2026-03-02,121.13999938964844,124.13999938964844,120.05000305175781,121.51000213623047,121.51000213623047,1056596.0
2026-03-04,119.0,119.4800033569336,115.5,115.94999694824219,115.94999694824219,1204746.0
2026-03-05,116.5,116.9800033569336,111.75,114.20999908447266,114.20999908447266,2302314.0
2026-03-06,113.4000015258789,117.69000244140625,112.16999816894531,114.12000274658203,114.12000274658203,1338703.0
2026-03-09,110.0,111.48999786376953,108.45999908447266,109.94999694824219,109.94999694824219,1334494.0
2026-03-10,111.4000015258789,130.39999389648438,110.81999969482422,127.68000030517578,127.68000030517578,68573618.0
2026-03-11,128.8000030517578,130.6999969482422,121.19999694824219,123.0199966430664,123.0199966430664,24302232.0
2026-03-12,120.80000305175781,122.25,117.55999755859375,120.66999816894531,120.66999816894531,4982653.0
2026-03-13,119.0,127.4000015258789,118.80000305175781,121.4000015258789,121.4000015258789,11850264.0
2026-03-16,120.80000305175781,120.80000305175781,113.41000366210938,116.31999969482422,116.31999969482422,4356520.0
2026-03-17,116.69999694824219,119.23999786376953,114.43000030517578,117.4000015258789,117.4000015258789,2574232.0
2026-03-18,118.0,122.0,117.44999694824219,120.62999725341797,120.62999725341797,2294699.0
2026-03-19,118.0,119.08999633789062,115.30000305175781,115.70999908447266,115.70999908447266,1300560.0
2026-03-20,117.4000015258789,118.80000305175781,116.19999694824219,116.61000061035156,116.61000061035156,1291051.0
2026-03-23,115.0999984741211,115.30000305175781,109.55000305175781,110.04000091552734,110.04000091552734,2032306.0
2026-03-24,112.5,115.16999816894531,110.95999908447266,113.9800033569336,113.9800033569336,2189102.0
2026-03-25,115.05000305175781,117.19999694824219,114.1500015258789,115.23999786376953,115.23999786376953,1954182.0
2026-03-27,114.19999694824219,119.08999633789062,111.5999984741211,112.08000183105469,112.08000183105469,4581939.0
2026-03-30,110.5,113.01000213623047,106.0,106.66999816894531,106.66999816894531,2765084.0
2026-04-01,111.0,116.80000305175781,109.70999908447266,115.79000091552734,115.79000091552734,2625790.0
2026-04-02,112.41000366210938,115.44999694824219,110.41000366210938,114.93000030517578,114.93000030517578,2025924.0
2026-04-06,116.5999984741211,118.0,113.2300033569336,117.30999755859375,117.30999755859375,2552387.0
2026-04-07,116.98999786376953,119.69999694824219,115.62000274658203,117.61000061035156,117.61000061035156,1545495.0
2026-04-08,121.5199966430664,128.1300048828125,120.61000061035156,125.51000213623047,125.51000213623047,4989177.0
2026-04-09,125.80000305175781,131.42999267578125,125.80000305175781,127.86000061035156,127.86000061035156,6657544.0
2026-04-10,128.60000610351562,129.75999450683594,127.16000366210938,128.1999969482422,128.1999969482422,2034657.0
2026-04-13,124.80000305175781,127.81999969482422,122.58999633789062,126.20999908447266,126.20999908447266,1593381.0
2026-04-15,129.0,129.6999969482422,127.30000305175781,128.49000549316406,128.49000549316406,2084540.0
2026-04-16,129.3000030517578,130.88999938964844,127.5,128.7100067138672,128.7100067138672,1996112.0
2026-04-17,129.0,135.1999969482422,129.0,131.77000427246094,131.77000427246094,4766933.0
2026-04-20,131.77000427246094,133.38999938964844,129.17999267578125,130.33999633789062,130.33999633789062,1825509.0
2026-04-21,130.60000610351562,134.89999389648438,130.33999633789062,130.80999755859375,130.80999755859375,2598553.0
2026-04-22,131.39999389648438,133.5399932861328,130.5,132.77999877929688,132.77999877929688,1405387.0
2026-04-23,132.5,133.89999389648438,129.80999755859375,130.42999267578125,130.42999267578125,1031647.0
2026-04-24,130.6999969482422,131.55999755859375,127.30999755859375,128.10000610351562,128.10000610351562,845627.0
2026-04-27,129.89999389648438,131.57000732421875,128.60000610351562,130.8000030517578,130.8000030517578,879430.0
2026-04-28,131.0,132.83999633789062,129.67999267578125,130.25999450683594,130.25999450683594,1013349.0
2026-04-29,130.60000610351562,133.89999389648438,130.02999877929688,130.89999389648438,130.89999389648438,1610749.0
2026-04-30,130.0,130.17999267578125,128.0,129.2100067138672,129.2100067138672,987330.0
2026-05-01,129.2100067138672,129.2100067138672,129.2100067138672,129.2100067138672,129.2100067138672,0.0
2026-05-04,130.1999969482422,132.52000427246094,129.25,130.1699981689453,130.1699981689453,976290.0
2026-05-05,129.88999938964844,131.94000244140625,128.39999389648438,129.5,129.5,779398.0
2026-05-06,130.5,132.6999969482422,129.7100067138672,132.0800018310547,132.0800018310547,1437941.0
2026-05-07,132.6999969482422,132.72000122070312,130.1999969482422,131.75,131.75,1394942.0
2026-05-08,131.0,133.6999969482422,130.30999755859375,130.5800018310547,130.5800018310547,1214573.0
2026-05-11,129.0,129.0,125.69999694824219,126.12000274658203,126.12000274658203,1179057.0
2026-05-12,126.0,126.62999725341797,122.66999816894531,123.06999969482422,123.06999969482422,962095.0
2026-05-13,123.0999984741211,125.6500015258789,121.62999725341797,124.66000366210938,124.66000366210938,988531.0
2026-05-14,125.58999633789062,126.9800033569336,123.29000091552734,124.8499984741211,124.8499984741211,912265.0
2026-05-15,125.01000213623047,128.4499969482422,124.30000305175781,124.62999725341797,124.62999725341797,934400.0
2026-05-18,122.5,123.0,119.4000015258789,121.66999816894531,121.66999816894531,1003893.0
2026-05-19,122.04000091552734,126.38999938964844,122.04000091552734,124.41999816894531,124.41999816894531,1222636.0
2026-05-20,122.9000015258789,124.6500015258789,121.95999908447266,124.18000030517578,124.18000030517578,813385.0
2026-05-21,125.0999984741211,127.69000244140625,124.5,125.37000274658203,125.37000274658203,1505958.0
2026-05-22,132.0,136.49000549316406,130.0,130.77999877929688,130.77999877929688,22396063.0
2026-05-25,132.0,132.58999633789062,129.60000610351562,130.69000244140625,130.69000244140625,1938127.0
2026-05-26,130.49000549316406,134.0500030517578,130.11000061035156,132.08999633789062,132.08999633789062,2563851.0
2026-05-27,132.0,134.39999389648438,131.6199951171875,132.67999267578125,132.67999267578125,2089959.0
2026-05-28,132.67999267578125,132.67999267578125,132.67999267578125,132.67999267578125,132.67999267578125,0.0
2026-05-29,132.67999267578125,132.77999877929688,128.10000610351562,128.47000122070312,128.47000122070312,1369315.0
2026-06-01,128.89999389648438,129.5,124.0,125.05000305175781,125.05000305175781,1355974.0
2026-06-02,123.95999908447266,127.80000305175781,122.62000274658203,126.98999786376953,126.98999786376953,991100.0
2026-06-03,127.12999725341797,128.89999389648438,124.62999725341797,128.1199951171875,128.1199951171875,1179199.0
2026-06-04,126.5999984741211,129.11000061035156,126.0,126.19999694824219,126.19999694824219,1092248.0
2026-06-05,126.77999877929688,129.0500030517578,125.30000305175781,126.31999969482422,126.31999969482422,1066555.0
2026-06-08,125.0,126.58999633789062,122.6500015258789,123.05000305175781,123.05000305175781,1128290.0
2026-06-09,123.44999694824219,126.19999694824219,123.30999755859375,125.8499984741211,125.8499984741211,1213459.0
2026-06-10,127.69999694824219,130.60000610351562,124.12000274658203,125.66000366210938,125.66000366210938,3106282.0
2026-06-11,124.83999633789062,125.29000091552734,122.20999908447266,124.62999725341797,124.62999725341797,1323356.0
2026-06-12,126.0,127.80000305175781,125.0999984741211,127.3499984741211,127.3499984741211,1263990.0
2026-06-15,130.0,131.10000610351562,128.5,128.80999755859375,128.80999755859375,1819710.0
2026-06-16,129.2100067138672,135.39999389648438,128.5,132.1199951171875,132.1199951171875,7758401.0
2026-06-17,132.4600067138672,136.35000610351562,130.1999969482422,135.1199951171875,135.1199951171875,5542509.0
2026-06-18,135.35000610351562,136.3000030517578,133.35000610351562,134.4499969482422,134.4499969482422,2149743.0
2026-06-19,133.1999969482422,139.25,133.1999969482422,136.64999389648438,136.64999389648438,6504274.0
2026-06-22,137.10000610351562,140.0,136.10000610351562,136.97000122070312,136.97000122070312,3885534.0
2026-06-23,137.0,138.25,133.5,134.19000244140625,134.19000244140625,1587309.0
2026-06-24,133.39999389648438,135.60000610351562,131.74000549316406,134.1999969482422,134.1999969482422,1281373.0
2026-06-25,134.8000030517578,135.0,132.27000427246094,132.6199951171875,132.6199951171875,731662.0
2026-06-26,132.6199951171875,132.6199951171875,132.6199951171875,132.6199951171875,132.6199951171875,0.0
2026-06-29,132.60000610351562,132.6699981689453,129.3800048828125,129.8800048828125,129.8800048828125,1082325.0
2026-06-30,131.27999877929688,131.30999755859375,129.6300048828125,130.9499969482422,130.9499969482422,699726.0
2026-07-01,131.0,133.14999389648438,130.85000610351562,131.72000122070312,131.72000122070312,896748.0
2026-07-02,132.0,133.3000030517578,131.72000122070312,132.72999572753906,132.72999572753906,770537.0
2026-07-03,133.0,135.60000610351562,132.22000122070312,132.97999572753906,132.97999572753906,2013661.0
2026-07-06,133.0,133.0,130.3000030517578,130.5500030517578,130.5500030517578,751067.0
2026-07-07,130.5,133.89999389648438,127.0999984741211,130.89999389648438,130.89999389648438,1878021.0
2026-07-08,133.83999633789062,137.16000366210938,129.10000610351562,130.2100067138672,130.2100067138672,7330287.0
2026-07-09,130.4499969482422,132.8300018310547,129.6699981689453,131.58999633789062,131.58999633789062,1378263.0
2026-07-10,131.92999267578125,134.2100067138672,131.00999450683594,131.39999389648438,131.39999389648438,1279655.0
2026-07-13,130.10000610351562,131.50999450683594,129.2100067138672,130.82000732421875,130.82000732421875,814200.0
2026-07-14,130.0,130.3000030517578,128.1199951171875,128.47000122070312,128.47000122070312,800475.0
2026-07-15,128.75,131.77000427246094,128.5399932861328,130.47000122070312,130.47000122070312,1658624.0
2026-07-16,130.8000030517578,131.5800018310547,128.25,128.6300048828125,128.6300048828125,1125545.0
2026-07-17,128.5,128.9199981689453,127.5999984741211,127.83000183105469,127.83000183105469,696329.0
2026-07-20,127.83000183105469,127.83000183105469,126.1500015258789,127.2300033569336,127.2300033569336,671589.0
2026-07-21,127.58000183105469,128.30999755859375,127.13999938964844,127.63999938964844,127.63999938964844,476584.0
2026-07-22,127.44999694824219,127.5,125.12000274658203,126.01000213623047,126.01000213623047,473781.0
2026-07-23,125.94999694824219,126.19999694824219,123.80000305175781,124.16000366210938,124.16000366210938,583458.0
2026-07-24,122.25,124.7699966430664,121.62000274658203,124.22000122070312,124.22000122070312,654634.0
2026-07-27,124.91000366210938,127.0,124.91000366210938,126.2699966430664,126.2699966430664,511013.0
2026-07-28,126.01000213623047,127.94999694824219,125.33999633789062,126.30000305175781,126.30000305175781,654433.0
2026-07-29,126.75,129.89999389648438,126.56999969482422,127.91999816894531,127.91999816894531,1231117.0
2026-07-30,127.0999984741211,127.44000244140625,124.94999694824219,125.54000091552734,125.54000091552734,731162.0
2026-07-31,126.05000305175781,127.8499984741211,125.75,127.4000015258789,127.4000015258789,721294.0
2026-08-03,127.4000015258789,129.58999633789062,127.11000061035156,127.62000274658203,127.62000274658203,881041.0
2026-08-04,128.0,128.39999389648438,126.8499984741211,127.01000213623047,127.01000213623047,395675.0
2026-08-05,128.0,128.6999969482422,127.12000274658203,127.70999908447266,127.70999908447266,526514.0
2026-08-06,128.0,129.13999938964844,127.5999984741211,128.0500030517578,128.0500030517578,412239.0
2026-08-07,127.5999984741211,128.27999877929688,126.70999908447266,126.91999816894531,126.91999816894531,497174.0
2026-08-10,126.88999938964844,127.9000015258789,126.01000213623047,127.19999694824219,127.19999694824219,586298.0
2026-08-11,126.9000015258789,126.95999908447266,125.05000305175781,125.55000305175781,125.55000305175781,495003.0
2026-08-12,125.55000305175781,126.06999969482422,124.0,124.11000061035156,124.11000061035156,523390.0
2026-08-13,124.98999786376953,126.19000244140625,124.0,124.47000122070312,124.47000122070312,603974.0
2026-08-14,126.0,126.79000091552734,123.5999984741211,124.05000305175781,124.05000305175781,1142528.0
2026-08-17,124.0,124.13999938964844,122.61000061035156,123.26000213623047,123.26000213623047,468348.0
2026-08-18,123.0,123.0999984741211,121.0,121.19000244140625,121.19000244140625,576015.0
2026-08-19,121.4000015258789,122.62999725341797,118.25,119.02999877929688,119.02999877929688,1170334.0
2026-08-20,119.79000091552734,119.9800033569336,118.0999984741211,118.41999816894531,118.41999816894531,1019354.0
2026-08-21,118.5999984741211,119.5,117.55000305175781,118.16000366210938,118.16000366210938,1003863.0
2026-08-24,118.0,121.12999725341797,118.0,119.02999877929688,119.02999877929688,797012.0
2026-08-25,121.0,128.5500030517578,120.25,124.47000122070312,124.47000122070312,18100384.0
2026-08-26,124.55000305175781,124.70999908447266,122.11000061035156,122.33000183105469,122.33000183105469,1263180.0
2026-08-27,122.36000061035156,122.70999908447266,121.4800033569336,121.7699966430664,121.7699966430664,704727.0
2026-08-28,121.8499984741211,121.88999938964844,119.30999755859375,119.80999755859375,119.80999755859375,1211992.0
2026-08-31,119.5,119.69999694824219,113.22000122070312,113.5199966430664,113.5199966430664,7252796.0
2026-09-01,114.79000091552734,116.19999694824219,114.0,114.51000213623047,114.51000213623047,1301482.0
2026-09-02,113.95999908447266,114.44999694824219,112.69999694824219,113.94000244140625,113.94000244140625,717999.0
2026-09-03,114.2699966430664,116.33999633789062,114.20999908447266,114.5199966430664,114.5199966430664,1100137.0
2026-09-04,115.19999694824219,116.23999786376953,114.19999694824219,114.91999816894531,114.91999816894531,1043164.0
2026-09-08,113.9000015258789,115.73999786376953,113.25,113.7300033569336,113.7300033569336,863763.0
2026-09-09,112.5999984741211,113.19000244140625,112.26000213623047,112.63999938964844,112.63999938964844,668920.0
2026-09-10,112.80000305175781,117.58999633789062,112.0,112.56999969482422,112.56999969482422,1662821.0
2026-09-11,111.69999694824219,111.9000015258789,110.12000274658203,111.44999694824219,111.44999694824219,854075.0
2026-09-15,112.36000061035156,112.56999969482422,108.19999694824219,108.58999633789062,108.58999633789062,1067923.0
