date,open,high,low,close,adjclose,volume
2021-09-15,2014.0,2091.10009765625,2010.0,2058.199951171875,1954.5076904296875,678808.0
2021-09-16,2070.800048828125,2088.0,2040.0,2048.89990234375,1945.67626953125,259919.0
2021-09-17,2054.0,2058.949951171875,1985.0,2007.3499755859375,1906.2196044921875,324892.0
2021-09-20,1995.0,2039.0,1955.550048828125,1967.0999755859375,1867.9971923828125,330248.0
2021-09-21,1968.9000244140625,1988.800048828125,1916.0,1949.6500244140625,1851.4261474609375,197565.0
2021-09-22,1962.800048828125,2000.0,1948.0999755859375,1981.3499755859375,1881.529541015625,364841.0
2021-09-23,1996.699951171875,2010.0,1960.0,1997.300048828125,1896.67578125,140835.0
2021-09-24,1997.699951171875,2034.0,1981.0999755859375,1995.8499755859375,1895.298583984375,243247.0
2021-09-27,2008.699951171875,2013.0,1950.0,1966.0,1866.9527587890625,115401.0
2021-09-28,1972.0,1974.5999755859375,1940.0,1943.699951171875,1845.776123046875,83050.0
2021-09-29,1931.699951171875,1980.050048828125,1915.0,1965.050048828125,1866.0506591796875,96634.0
2021-09-30,1972.0,1973.949951171875,1935.0,1949.8499755859375,1851.616455078125,71600.0
2021-10-01,1942.0,2064.85009765625,1935.0999755859375,2042.1500244140625,1939.2662353515625,382657.0
2021-10-04,2050.0,2063.75,2030.0,2051.64990234375,1948.2874755859375,186243.0
2021-10-05,2049.699951171875,2098.699951171875,1995.5,2005.6500244140625,1904.6053466796875,239657.0
2021-10-06,2014.300048828125,2030.0,1995.0,2009.199951171875,1907.976318359375,100496.0
2021-10-07,2026.699951171875,2060.0,2003.3499755859375,2054.10009765625,1950.6142578125,171024.0
2021-10-08,2065.0,2142.89990234375,2037.4000244140625,2116.449951171875,2009.8233642578125,822446.0
2021-10-11,2164.89990234375,2332.0,2151.0,2296.050048828125,2180.37451171875,1695624.0
2021-10-12,2310.0,2389.0,2275.199951171875,2306.949951171875,2190.72509765625,1009926.0
2021-10-13,2327.800048828125,2338.0,2242.0,2259.64990234375,2145.808349609375,366238.0
2021-10-14,2269.85009765625,2279.75,2209.0,2223.10009765625,2111.10009765625,319471.0
2021-10-18,2243.0,2337.64990234375,2240.0,2264.25,2150.177001953125,318814.0
2021-10-19,2344.89990234375,2350.199951171875,2130.0,2168.300048828125,2059.061279296875,480584.0
2021-10-20,2179.39990234375,2184.0,2045.0,2083.449951171875,1978.4857177734375,210215.0
2021-10-21,2095.0,2111.14990234375,2000.0,2021.550048828125,1919.7039794921875,162349.0
2021-10-22,2036.699951171875,2069.550048828125,1980.0,1985.75,1885.7076416015625,136387.0
2021-10-25,1994.699951171875,1996.0,1890.0,1920.0,1823.270263671875,119586.0
2021-10-26,1920.0,1980.0,1919.0,1968.800048828125,1869.611572265625,99437.0
2021-10-27,1982.0,1982.0,1925.5,1939.75,1842.0252685546875,184615.0
2021-10-28,1943.0,1948.0,1881.0,1891.0,1795.7313232421875,137411.0
2021-10-29,1885.0,1895.949951171875,1835.0,1877.6500244140625,1783.0537109375,160892.0
2021-11-01,1896.699951171875,1979.949951171875,1892.0,1954.0,1855.5574951171875,141607.0
2021-11-02,1963.0,1990.0,1944.0,1977.5,1877.8734130859375,72218.0
2021-11-03,1991.800048828125,1991.800048828125,1952.0999755859375,1975.1500244140625,1875.6417236328125,70418.0
2021-11-04,2000.0,2008.949951171875,1991.0,1996.5,1895.9161376953125,32804.0
2021-11-08,1999.699951171875,2009.4000244140625,1955.0,1987.699951171875,1887.5595703125,71884.0
2021-11-09,1975.0,1987.0,1941.0999755859375,1971.6500244140625,1872.318115234375,127923.0
2021-11-10,1968.0,1998.800048828125,1960.0999755859375,1978.6500244140625,1878.965576171875,76237.0
2021-11-11,1978.0,1978.6500244140625,1947.050048828125,1952.1500244140625,1853.800537109375,55695.0
2021-11-12,1962.800048828125,1969.199951171875,1935.0,1947.800048828125,1849.6700439453125,65448.0
2021-11-15,1957.300048828125,1958.800048828125,1927.0999755859375,1941.0999755859375,1843.3072509765625,89712.0
2021-11-16,1940.0,1990.0,1935.0,1958.550048828125,1859.878173828125,170901.0
2021-11-17,1943.0,1943.0,1916.1500244140625,1928.0999755859375,1830.9620361328125,185985.0
2021-11-18,1924.25,1948.0,1905.0,1925.3499755859375,1828.3505859375,118022.0
2021-11-22,1934.699951171875,1935.199951171875,1805.0,1833.199951171875,1740.8431396484375,232042.0
2021-11-23,1827.800048828125,1848.3499755859375,1801.0,1803.0999755859375,1712.259521484375,214552.0
2021-11-24,1819.9000244140625,1855.0,1807.1500244140625,1814.5999755859375,1723.18017578125,134113.0
2021-11-25,1821.0,1848.0,1804.199951171875,1813.25,1721.8984375,134464.0
2021-11-26,1802.0,1828.1500244140625,1780.0,1784.949951171875,1695.0238037109375,92620.0
2021-11-29,1755.0,1775.0,1673.199951171875,1750.800048828125,1662.594482421875,113460.0
2021-11-30,1761.0,1823.800048828125,1761.0,1814.300048828125,1722.895263671875,146571.0
2021-12-01,1814.199951171875,1826.8499755859375,1790.300048828125,1798.199951171875,1707.6065673828125,99920.0
2021-12-02,1809.0,1817.949951171875,1791.0,1799.550048828125,1708.8887939453125,95907.0
2021-12-03,1812.0,1824.4000244140625,1789.0,1797.050048828125,1706.5142822265625,108703.0
2021-12-06,1806.0,1806.0,1750.0,1752.4000244140625,1664.114013671875,95848.0
2021-12-07,1762.699951171875,1792.300048828125,1725.300048828125,1755.5,1667.0577392578125,154110.0
2021-12-08,1780.0,1908.75,1758.75,1852.300048828125,1758.98095703125,501653.0
2021-12-09,1865.0,1923.199951171875,1859.449951171875,1874.5999755859375,1780.1573486328125,275447.0
2021-12-10,1870.4000244140625,1873.699951171875,1838.0,1844.550048828125,1751.621337890625,129300.0
2021-12-13,1858.0,1858.0,1818.0,1824.949951171875,1733.0086669921875,87346.0
2021-12-14,1815.0,1820.3499755859375,1802.0,1810.449951171875,1719.239501953125,59489.0
2021-12-15,1817.800048828125,1850.0,1801.050048828125,1819.4000244140625,1727.7384033203125,77741.0
2021-12-16,1835.0,1840.0,1812.0,1816.199951171875,1724.6998291015625,52105.0
2021-12-17,1805.0,1814.0,1750.0999755859375,1795.699951171875,1705.2322998046875,140222.0
2021-12-20,1777.0,1779.449951171875,1696.0999755859375,1699.5,1613.87890625,140518.0
2021-12-21,1712.0,1750.0,1682.0,1686.949951171875,1601.9613037109375,87609.0
2021-12-22,1700.0,1709.75,1673.0,1695.9000244140625,1610.46044921875,126586.0
2021-12-23,1702.699951171875,1747.5,1693.0,1708.199951171875,1622.1405029296875,183678.0
2021-12-24,1717.0,1717.8499755859375,1685.0,1697.199951171875,1611.6949462890625,49786.0
2021-12-27,1698.0,1726.449951171875,1663.25,1700.25,1614.5911865234375,161901.0
2021-12-28,1712.699951171875,1733.449951171875,1685.0999755859375,1698.550048828125,1612.9766845703125,100152.0
2021-12-29,1698.699951171875,1773.4000244140625,1697.0,1738.3499755859375,1650.7718505859375,218680.0
2021-12-30,1746.300048828125,1805.0,1736.050048828125,1771.4000244140625,1682.1568603515625,164788.0
2021-12-31,1786.0,1828.800048828125,1773.199951171875,1783.4000244140625,1693.55224609375,207615.0
2022-01-03,1785.5,1818.0,1771.0,1804.199951171875,1713.30419921875,148279.0
2022-01-04,1812.0,1834.800048828125,1787.0999755859375,1821.8499755859375,1730.065185546875,172982.0
2022-01-05,1825.0,1828.0,1792.6500244140625,1805.8499755859375,1714.87109375,159386.0
2022-01-06,1796.0,1796.0,1761.5,1775.75,1686.2877197265625,112890.0
2022-01-07,1785.0,1790.0,1755.25,1772.1500244140625,1682.8692626953125,127145.0
2022-01-10,1786.0,1833.0,1778.3499755859375,1813.25,1721.8984375,174833.0
2022-01-11,1816.800048828125,1878.75,1792.9000244140625,1864.25,1770.3289794921875,260687.0
2022-01-12,1884.0,1935.5999755859375,1872.0,1877.0999755859375,1782.531494140625,554973.0
2022-01-13,1892.1500244140625,1918.949951171875,1864.949951171875,1910.550048828125,1814.29638671875,260447.0
2022-01-14,1909.699951171875,1909.699951171875,1875.0,1890.9000244140625,1795.6363525390625,158017.0
2022-01-17,1895.0,1898.300048828125,1799.3499755859375,1867.5999755859375,1773.5101318359375,123808.0
2022-01-18,1869.5,1886.699951171875,1830.300048828125,1838.699951171875,1746.0660400390625,125513.0
2022-01-19,1823.0,1848.9000244140625,1790.0,1819.949951171875,1728.2608642578125,145847.0
2022-01-20,1823.800048828125,1836.0,1805.0,1819.3499755859375,1727.6910400390625,74795.0
2022-01-21,1815.0,1847.949951171875,1762.050048828125,1788.949951171875,1698.8223876953125,130721.0
2022-01-24,1788.0,1788.0,1592.25,1619.550048828125,1537.957275390625,396834.0
2022-01-25,1576.0,1603.8499755859375,1525.0,1567.8499755859375,1488.8619384765625,502550.0
2022-01-27,1568.1500244140625,1568.1500244140625,1480.0,1495.550048828125,1420.2039794921875,364531.0
2022-01-28,1574.0,1696.699951171875,1563.5,1609.199951171875,1528.128173828125,2021202.0
2022-01-31,1648.0,1823.0,1648.0,1796.4000244140625,1705.8973388671875,1530523.0
2022-02-01,1815.4000244140625,1888.9000244140625,1773.050048828125,1825.5999755859375,1733.6259765625,1147952.0
2022-02-02,1842.4000244140625,1864.699951171875,1820.0,1835.949951171875,1743.4547119140625,265263.0
2022-02-03,1836.5,1840.0,1793.6500244140625,1804.9000244140625,1713.968994140625,150232.0
2022-02-04,1802.0,1839.550048828125,1790.0,1796.3499755859375,1705.849609375,203021.0
2022-02-07,1795.0,1795.0,1745.0,1755.1500244140625,1669.513427734375,105474.0
2022-02-08,1761.0,1773.0,1703.0999755859375,1730.6500244140625,1646.208984375,99718.0
2022-02-09,1733.75,1756.0,1721.0,1731.5999755859375,1647.11279296875,59434.0
2022-02-10,1747.0,1779.0,1723.0,1751.4000244140625,1665.94677734375,90457.0
2022-02-11,1734.0,1734.0,1665.0,1673.5,1591.84716796875,126856.0
2022-02-14,1582.0,1650.0,1580.5,1590.5,1512.8970947265625,142469.0
2022-02-15,1615.0,1650.0,1552.699951171875,1615.4000244140625,1536.582275390625,213032.0
2022-02-16,1647.0,1671.550048828125,1596.9000244140625,1600.949951171875,1522.83740234375,186574.0
2022-02-17,1610.0,1615.550048828125,1560.5999755859375,1569.699951171875,1493.1119384765625,106804.0
2022-02-18,1565.0,1565.0,1514.050048828125,1518.199951171875,1444.1246337890625,180082.0
2022-02-21,1510.0,1565.050048828125,1474.0,1495.0999755859375,1422.151611328125,360397.0
2022-02-22,1450.0,1531.0,1432.9000244140625,1499.6500244140625,1426.479736328125,279077.0
2022-02-23,1512.0,1548.0,1480.0,1489.050048828125,1416.3970947265625,238662.0
2022-02-24,1450.0,1475.0,1395.0,1420.75,1351.42919921875,284895.0
2022-02-25,1475.0,1500.0,1423.0,1446.9000244140625,1376.303466796875,248864.0
2022-02-28,1425.0,1505.0,1405.25,1487.050048828125,1414.494384765625,306355.0
2022-03-02,1487.0,1542.0,1483.050048828125,1509.800048828125,1436.1346435546875,243601.0
2022-03-03,1542.0,1568.0,1523.0999755859375,1532.9000244140625,1458.107421875,188258.0
2022-03-04,1520.0,1551.949951171875,1495.5,1535.300048828125,1460.390380859375,128528.0
2022-03-07,1487.0,1539.699951171875,1487.0,1524.699951171875,1450.3076171875,107331.0
2022-03-08,1544.0,1575.0,1520.050048828125,1567.050048828125,1490.5911865234375,136344.0
2022-03-09,1577.4000244140625,1632.050048828125,1562.1500244140625,1616.550048828125,1537.6759033203125,153573.0
2022-03-10,1670.0,1688.800048828125,1627.0999755859375,1638.6500244140625,1558.6978759765625,164009.0
2022-03-11,1644.0,1674.5,1605.949951171875,1612.550048828125,1533.87109375,137583.0
2022-03-14,1614.0,1630.0,1592.949951171875,1597.9000244140625,1519.936279296875,116763.0
2022-03-15,1600.050048828125,1613.949951171875,1542.0,1544.949951171875,1469.5694580078125,113835.0
2022-03-16,1575.699951171875,1575.699951171875,1545.0,1548.199951171875,1472.66064453125,122892.0
2022-03-17,1579.0,1582.800048828125,1522.0,1555.449951171875,1479.55712890625,723661.0
2022-03-21,1560.300048828125,1633.949951171875,1550.050048828125,1559.0999755859375,1483.0291748046875,376684.0
2022-03-22,1574.800048828125,1579.0,1547.300048828125,1561.6500244140625,1485.45458984375,174026.0
2022-03-23,1574.949951171875,1582.5999755859375,1540.699951171875,1545.199951171875,1469.807373046875,142654.0
2022-03-24,1541.0,1542.0,1501.0999755859375,1520.4000244140625,1446.2174072265625,156130.0
2022-03-25,1525.0,1560.0,1525.0,1535.75,1460.8182373046875,147425.0
2022-03-28,1539.0,1543.9000244140625,1488.0,1499.25,1426.0992431640625,186918.0
2022-03-29,1514.4000244140625,1518.0,1488.0,1492.0,1419.203125,194617.0
2022-03-30,1517.199951171875,1569.0,1504.5,1549.8499755859375,1474.2305908203125,357350.0
2022-03-31,1563.0,1598.949951171875,1536.550048828125,1542.300048828125,1467.0487060546875,354482.0
2022-04-01,1545.0,1592.5999755859375,1545.0,1566.4000244140625,1489.972900390625,206474.0
2022-04-04,1580.9000244140625,1597.0,1563.0,1584.050048828125,1506.761962890625,136264.0
2022-04-05,1603.699951171875,1624.050048828125,1579.0,1607.449951171875,1529.02001953125,183884.0
2022-04-06,1601.0,1624.25,1585.300048828125,1612.75,1534.0615234375,217447.0
2022-04-07,1628.0,1628.0,1585.0,1591.8499755859375,1514.1812744140625,153162.0
2022-04-08,1605.0,1620.0,1595.0,1606.3499755859375,1527.973876953125,136859.0
2022-04-11,1607.9000244140625,1613.949951171875,1571.800048828125,1576.5,1499.580322265625,118938.0
2022-04-12,1574.699951171875,1583.050048828125,1547.0,1552.199951171875,1476.465576171875,126513.0
2022-04-13,1559.800048828125,1581.0,1552.199951171875,1564.949951171875,1488.59375,66647.0
2022-04-18,1558.0,1558.0,1523.0,1539.699951171875,1464.5755615234375,72727.0
2022-04-19,1550.0,1574.949951171875,1530.050048828125,1545.449951171875,1470.045166015625,102178.0
2022-04-20,1550.0,1574.0,1523.800048828125,1548.3499755859375,1472.8035888671875,144374.0
2022-04-21,1561.0,1566.0,1535.25,1552.949951171875,1477.178955078125,68879.0
2022-04-22,1553.0,1610.0,1540.0,1592.050048828125,1514.371337890625,228853.0
2022-04-25,1573.0,1647.949951171875,1555.0,1590.800048828125,1513.182373046875,170528.0
2022-04-26,1607.0,1620.0,1580.050048828125,1603.050048828125,1524.8345947265625,106138.0
2022-04-27,1590.0,1599.8499755859375,1540.5,1584.199951171875,1506.904541015625,590965.0
2022-04-28,1562.0,1624.699951171875,1562.0,1603.699951171875,1525.453125,302299.0
2022-04-29,1618.4000244140625,1650.0,1615.0,1638.3499755859375,1558.4122314453125,267515.0
2022-05-02,1620.0,1671.0,1605.5999755859375,1658.050048828125,1577.1512451171875,195370.0
2022-05-04,1668.949951171875,1728.0,1611.0,1629.3499755859375,1549.8516845703125,496823.0
2022-05-05,1652.0,1657.5,1592.0,1598.6500244140625,1520.6492919921875,191417.0
2022-05-06,1560.0,1569.949951171875,1525.0,1531.6500244140625,1456.9185791015625,99749.0
2022-05-09,1522.0,1525.0,1466.050048828125,1479.5999755859375,1407.4083251953125,99929.0
2022-05-10,1477.449951171875,1504.3499755859375,1422.1500244140625,1430.800048828125,1360.9891357421875,142543.0
2022-05-11,1420.0,1447.9000244140625,1380.0,1400.800048828125,1332.453125,114915.0
2022-05-12,1391.0999755859375,1391.800048828125,1350.800048828125,1371.8499755859375,1304.915283203125,147128.0
2022-05-13,1410.0,1439.5,1392.5,1404.199951171875,1335.686767578125,83435.0
2022-05-16,1425.699951171875,1509.800048828125,1410.050048828125,1465.75,1394.23388671875,232954.0
2022-05-17,1478.0,1541.800048828125,1475.0,1509.5999755859375,1435.9442138671875,146648.0
2022-05-18,1529.0,1548.0,1215.0,1288.300048828125,1225.4417724609375,1347542.0
2022-05-19,1201.0,1278.6500244140625,1175.25,1213.1500244140625,1153.95849609375,1972528.0
2022-05-20,1245.0,1302.0,1231.25,1285.9000244140625,1223.158935546875,995109.0
2022-05-23,1285.9000244140625,1296.0,1234.5,1277.8499755859375,1215.5018310546875,247152.0
2022-05-24,1274.0,1280.5,1184.3499755859375,1190.1500244140625,1132.0806884765625,279785.0
2022-05-25,1198.800048828125,1212.0,1140.0,1144.949951171875,1089.0859375,173885.0
2022-05-26,1140.0,1151.8499755859375,1065.0,1117.75,1063.21337890625,376263.0
2022-05-27,1139.800048828125,1206.0,1133.4000244140625,1193.0999755859375,1134.886962890625,234582.0
2022-05-30,1215.0,1287.25,1214.0,1274.5,1212.3154296875,465801.0
2022-05-31,1263.9000244140625,1409.0,1245.5,1392.300048828125,1324.367919921875,984486.0
2022-06-01,1386.050048828125,1437.6500244140625,1362.550048828125,1387.449951171875,1319.754150390625,407411.0
2022-06-02,1376.050048828125,1417.949951171875,1357.0999755859375,1381.25,1313.8565673828125,240996.0
2022-06-03,1400.0,1431.800048828125,1392.25,1404.1500244140625,1335.6396484375,287163.0
2022-06-06,1396.0,1421.9000244140625,1358.0,1406.6500244140625,1338.017333984375,236209.0
2022-06-07,1380.0999755859375,1434.9000244140625,1380.0,1424.4000244140625,1354.901611328125,281749.0
2022-06-08,1438.449951171875,1438.6500244140625,1390.0,1401.0999755859375,1332.7381591796875,90051.0
2022-06-09,1387.0999755859375,1443.3499755859375,1381.050048828125,1412.4000244140625,1343.48681640625,211108.0
2022-06-10,1385.0,1418.0,1381.0,1389.949951171875,1322.132080078125,229627.0
2022-06-13,1360.0,1376.0999755859375,1330.0,1368.800048828125,1302.01416015625,153829.0
2022-06-14,1360.0,1365.0,1256.050048828125,1268.0,1206.13232421875,515679.0
2022-06-15,1280.0,1293.699951171875,1245.0,1270.0999755859375,1208.130126953125,253807.0
2022-06-16,1284.0,1294.949951171875,1213.3499755859375,1234.75,1174.5047607421875,139270.0
2022-06-17,1218.0,1218.0,1153.0,1166.800048828125,1109.8699951171875,395162.0
2022-06-20,1177.9000244140625,1185.449951171875,1106.0,1129.1500244140625,1074.05712890625,166028.0
2022-06-21,1148.800048828125,1171.8499755859375,1134.050048828125,1139.0,1083.426513671875,153995.0
2022-06-22,1138.0,1138.0,1095.0,1100.0,1046.3291015625,175612.0
2022-06-23,1109.25,1218.699951171875,1052.0,1193.6500244140625,1135.4100341796875,1561677.0
2022-06-24,1240.0,1328.75,1225.0,1261.199951171875,1199.6641845703125,3222353.0
2022-06-27,1285.0,1383.699951171875,1266.300048828125,1365.800048828125,1299.160400390625,1454315.0
2022-06-28,1350.0,1379.0,1316.8499755859375,1327.050048828125,1262.3013916015625,1118156.0
2022-06-29,1270.0,1298.0,1235.0,1240.050048828125,1179.5465087890625,1160889.0
2022-06-30,1242.0,1294.949951171875,1216.0,1242.8499755859375,1182.2095947265625,1059656.0
2022-07-01,1242.0,1290.0,1241.050048828125,1268.0999755859375,1206.2275390625,655866.0
2022-07-04,1278.0,1284.9000244140625,1255.75,1268.0,1206.13232421875,210875.0
2022-07-05,1269.050048828125,1275.0,1240.0,1247.199951171875,1186.3470458984375,253871.0
2022-07-06,1240.0,1263.949951171875,1230.8499755859375,1243.0,1182.35205078125,160623.0
2022-07-07,1258.9000244140625,1314.949951171875,1247.050048828125,1305.0,1241.3272705078125,526887.0
2022-07-08,1318.0,1318.0999755859375,1282.0,1288.5,1225.6319580078125,156217.0
2022-07-11,1282.800048828125,1329.300048828125,1280.0,1303.300048828125,1239.7100830078125,325122.0
2022-07-12,1298.300048828125,1315.949951171875,1271.1500244140625,1280.8499755859375,1218.3555908203125,193836.0
2022-07-13,1289.800048828125,1289.800048828125,1264.0,1274.6500244140625,1212.4581298828125,132893.0
2022-07-14,1272.949951171875,1313.0,1257.550048828125,1304.0,1242.3248291015625,283703.0
2022-07-15,1305.0,1321.0,1291.0,1304.8499755859375,1243.1348876953125,156749.0
2022-07-18,1313.0,1344.0,1306.0,1338.949951171875,1275.6220703125,218742.0
2022-07-19,1334.800048828125,1358.9000244140625,1325.25,1347.9000244140625,1284.1488037109375,144161.0
2022-07-20,1360.0,1378.9000244140625,1350.5,1363.8499755859375,1299.34423828125,184218.0
2022-07-21,1360.800048828125,1374.0,1351.4000244140625,1365.800048828125,1301.202392578125,98741.0
2022-07-22,1371.0,1376.75,1350.0,1355.75,1291.62744140625,70086.0
2022-07-25,1359.0,1359.0,1320.5,1333.449951171875,1270.3822021484375,154736.0
2022-07-26,1326.0,1349.9000244140625,1301.0,1304.0999755859375,1242.4202880859375,373078.0
2022-07-27,1302.0,1314.0,1208.0,1213.699951171875,1156.2960205078125,627033.0
2022-07-28,1221.9000244140625,1248.949951171875,1201.0,1235.449951171875,1177.017333984375,559352.0
2022-07-29,1251.949951171875,1449.0,1245.3499755859375,1400.5999755859375,1334.3563232421875,2951453.0
2022-08-01,1427.800048828125,1511.0,1400.0,1491.6500244140625,1421.10009765625,1920280.0
2022-08-02,1489.800048828125,1526.550048828125,1442.199951171875,1490.949951171875,1420.4329833984375,732156.0
2022-08-03,1490.0,1518.4000244140625,1463.050048828125,1476.9000244140625,1407.047607421875,428423.0
2022-08-04,1486.949951171875,1515.550048828125,1435.050048828125,1445.800048828125,1377.41845703125,439448.0
2022-08-05,1449.800048828125,1494.0,1446.949951171875,1474.25,1404.5230712890625,333305.0
2022-08-08,1474.699951171875,1500.0,1448.0,1494.9000244140625,1424.1961669921875,395779.0
2022-08-10,1497.9000244140625,1506.0999755859375,1471.9000244140625,1488.0,1417.6224365234375,245565.0
2022-08-11,1496.0,1508.800048828125,1463.5999755859375,1469.8499755859375,1400.3311767578125,179388.0
2022-08-12,1468.0,1490.0,1465.050048828125,1470.699951171875,1401.140869140625,130591.0
2022-08-16,1481.9000244140625,1499.800048828125,1471.050048828125,1481.449951171875,1411.3822021484375,109783.0
2022-08-17,1486.699951171875,1571.4000244140625,1484.050048828125,1539.5,1466.6866455078125,921722.0
2022-08-18,1544.699951171875,1578.0,1525.0,1533.449951171875,1460.9228515625,345685.0
2022-08-19,1536.0,1540.0,1470.6500244140625,1484.550048828125,1414.335693359375,244409.0
2022-08-22,1488.0,1488.0,1425.550048828125,1431.8499755859375,1364.128173828125,222105.0
2022-08-23,1415.0,1428.5999755859375,1390.0999755859375,1400.25,1334.022705078125,232879.0
2022-08-24,1403.0,1435.0,1400.1500244140625,1417.0,1349.98046875,157267.0
2022-08-25,1433.4000244140625,1513.199951171875,1425.050048828125,1473.3499755859375,1403.6656494140625,1016684.0
2022-08-26,1482.5,1590.0,1465.199951171875,1565.050048828125,1491.028564453125,726865.0
2022-08-29,1455.0,1532.0,1455.0,1499.75,1428.8167724609375,339849.0
2022-08-30,1521.0,1545.5,1506.050048828125,1519.300048828125,1447.4422607421875,216136.0
2022-09-01,1509.0,1540.300048828125,1430.0,1466.050048828125,1396.710693359375,1415673.0
2022-09-02,1470.0,1479.449951171875,1432.0999755859375,1436.8499755859375,1368.8917236328125,257706.0
2022-09-05,1443.1500244140625,1472.3499755859375,1440.0,1444.199951171875,1375.894287109375,180410.0
2022-09-06,1469.699951171875,1469.699951171875,1445.4000244140625,1450.949951171875,1382.32470703125,148768.0
2022-09-07,1445.0,1478.800048828125,1443.0,1463.5999755859375,1394.37646484375,119702.0
2022-09-08,1478.5,1485.0,1455.0,1461.4000244140625,1392.280517578125,105888.0
2022-09-09,1468.699951171875,1480.0,1465.0,1468.050048828125,1398.6162109375,124472.0
2022-09-12,1474.4000244140625,1488.800048828125,1470.199951171875,1477.5999755859375,1407.714599609375,126061.0
2022-09-13,1485.0,1495.0,1465.300048828125,1474.5999755859375,1404.85595703125,168910.0
2022-09-14,1460.0,1468.0,1446.050048828125,1454.800048828125,1385.992919921875,62177.0
2022-09-15,1462.0999755859375,1469.199951171875,1440.0,1443.6500244140625,1375.3701171875,61604.0
2022-09-16,1446.5,1464.0,1412.8499755859375,1430.800048828125,1363.1279296875,153219.0
2022-09-19,1430.0,1454.449951171875,1415.0,1418.5,1351.4095458984375,101103.0
2022-09-20,1425.5999755859375,1440.0,1415.800048828125,1429.199951171875,1361.603515625,117407.0
2022-09-21,1429.199951171875,1431.949951171875,1395.0999755859375,1403.550048828125,1337.1668701171875,137976.0
2022-09-22,1403.550048828125,1409.75,1388.0999755859375,1390.550048828125,1324.78173828125,112313.0
2022-09-23,1391.0,1397.550048828125,1332.550048828125,1351.4000244140625,1287.4835205078125,147424.0
2022-09-26,1336.0,1342.5999755859375,1230.300048828125,1293.800048828125,1232.607666015625,224373.0
2022-09-27,1289.0,1355.0,1285.0,1322.8499755859375,1260.2838134765625,280200.0
2022-09-28,1328.0,1393.0,1322.9000244140625,1368.5,1303.7745361328125,534208.0
2022-09-29,1379.0,1392.9000244140625,1331.0,1338.300048828125,1275.003173828125,99955.0
2022-09-30,1338.0,1403.0999755859375,1320.199951171875,1367.1500244140625,1302.4884033203125,196275.0
2022-10-03,1367.1500244140625,1393.949951171875,1327.199951171875,1376.1500244140625,1311.0626220703125,148144.0
2022-10-04,1398.9000244140625,1415.5,1368.0,1392.300048828125,1326.448974609375,166344.0
2022-10-06,1399.300048828125,1430.0,1380.0,1390.550048828125,1324.78173828125,158256.0
2022-10-07,1390.0,1406.0,1363.050048828125,1383.949951171875,1318.4937744140625,182454.0
2022-10-10,1366.0,1375.449951171875,1356.0,1366.800048828125,1302.1549072265625,78212.0
2022-10-11,1373.6500244140625,1427.5999755859375,1372.199951171875,1405.75,1339.262939453125,389791.0
2022-10-12,1400.0,1429.5,1382.699951171875,1420.6500244140625,1353.4580078125,184885.0
2022-10-13,1420.0,1422.5999755859375,1379.75,1383.4000244140625,1317.9697265625,57705.0
2022-10-14,1410.0,1434.5,1385.0,1395.25,1329.25927734375,94725.0
2022-10-17,1390.0,1424.9000244140625,1370.050048828125,1381.9000244140625,1316.5408935546875,106045.0
2022-10-18,1388.8499755859375,1392.550048828125,1375.4000244140625,1380.5,1315.206787109375,57393.0
2022-10-19,1386.0,1389.449951171875,1365.0999755859375,1370.699951171875,1305.870361328125,56533.0
2022-10-20,1365.0,1417.5999755859375,1361.800048828125,1392.5999755859375,1326.73486328125,197884.0
2022-10-21,1398.75,1398.75,1296.6500244140625,1307.75,1245.8975830078125,578133.0
2022-10-24,1349.0,1349.9000244140625,1326.050048828125,1333.0999755859375,1270.0487060546875,67286.0
2022-10-25,1339.0,1353.0,1316.25,1333.1500244140625,1270.0965576171875,140931.0
2022-10-27,1341.699951171875,1345.0,1313.1500244140625,1319.449951171875,1257.0443115234375,87148.0
2022-10-28,1326.050048828125,1331.949951171875,1302.050048828125,1308.5999755859375,1246.7076416015625,88044.0
2022-10-31,1315.1500244140625,1343.800048828125,1306.0,1310.050048828125,1248.0888671875,133095.0
2022-11-01,1311.0,1337.8499755859375,1311.0,1321.050048828125,1261.4573974609375,96821.0
2022-11-02,1324.4000244140625,1348.0,1324.4000244140625,1336.6500244140625,1276.3538818359375,118192.0
2022-11-03,1333.0,1343.0999755859375,1320.0,1334.0,1273.8233642578125,61844.0
2022-11-04,1334.0,1341.3499755859375,1316.5999755859375,1325.300048828125,1265.515869140625,67408.0
2022-11-07,1331.949951171875,1337.9000244140625,1300.0,1313.8499755859375,1254.582275390625,73343.0
2022-11-09,1315.5999755859375,1323.9000244140625,1296.9000244140625,1301.3499755859375,1242.646240234375,75724.0
2022-11-10,1298.0,1300.0,1275.0,1279.9000244140625,1222.163818359375,70581.0
2022-11-11,1286.300048828125,1340.0,1285.300048828125,1327.449951171875,1267.568603515625,284466.0
2022-11-14,1334.0999755859375,1339.0999755859375,1305.800048828125,1317.25,1257.828857421875,75337.0
2022-11-15,1323.0,1340.0,1311.0,1335.300048828125,1275.064697265625,130095.0
2022-11-16,1333.199951171875,1334.300048828125,1312.75,1324.25,1264.5130615234375,55345.0
2022-11-17,1320.0,1340.0,1315.0,1326.75,1266.9002685546875,59454.0
2022-11-18,1344.0,1359.25,1308.0,1314.550048828125,1255.2508544921875,173687.0
2022-11-21,1319.050048828125,1338.8499755859375,1311.800048828125,1323.75,1264.0357666015625,87386.0
2022-11-22,1330.4000244140625,1360.0,1315.0,1320.0,1260.454833984375,127576.0
2022-11-23,1324.0,1331.949951171875,1300.0999755859375,1305.0,1246.1314697265625,99351.0
2022-11-24,1311.550048828125,1311.550048828125,1280.25,1289.5,1231.3306884765625,143718.0
2022-11-25,1295.949951171875,1314.949951171875,1286.0,1297.449951171875,1238.921875,120323.0
2022-11-28,1292.199951171875,1319.949951171875,1292.199951171875,1307.8499755859375,1248.8526611328125,80094.0
2022-11-29,1307.949951171875,1309.9000244140625,1300.050048828125,1302.949951171875,1244.174072265625,42588.0
2022-11-30,1308.699951171875,1331.8499755859375,1303.800048828125,1327.9000244140625,1267.9986572265625,87823.0
2022-12-01,1345.0,1399.0,1332.5,1353.8499755859375,1292.7777099609375,663469.0
2022-12-02,1360.0,1368.0,1343.3499755859375,1349.199951171875,1288.33740234375,149695.0
2022-12-05,1354.0,1355.8499755859375,1332.25,1347.199951171875,1286.4281005859375,85962.0
2022-12-06,1345.0,1350.6500244140625,1332.550048828125,1343.800048828125,1283.18115234375,51053.0
2022-12-07,1346.949951171875,1346.949951171875,1320.0,1325.800048828125,1265.9932861328125,46527.0
2022-12-08,1326.0,1332.3499755859375,1292.199951171875,1297.9000244140625,1239.351806640625,93376.0
2022-12-09,1312.0,1316.3499755859375,1290.0,1297.300048828125,1238.7786865234375,58769.0
2022-12-12,1303.800048828125,1304.800048828125,1283.6500244140625,1295.949951171875,1237.4896240234375,55318.0
2022-12-13,1309.0,1314.949951171875,1296.0,1300.4000244140625,1241.7388916015625,51602.0
2022-12-14,1307.699951171875,1307.699951171875,1291.0999755859375,1294.3499755859375,1235.9617919921875,41850.0
2022-12-15,1290.0,1300.0,1284.0,1293.0,1234.6728515625,41141.0
2022-12-16,1287.949951171875,1305.0,1281.050048828125,1297.550048828125,1239.0174560546875,66725.0
2022-12-19,1298.0,1298.0,1282.550048828125,1285.25,1227.272705078125,37424.0
2022-12-20,1272.199951171875,1282.4000244140625,1251.5999755859375,1253.550048828125,1197.00244140625,105619.0
2022-12-21,1254.0999755859375,1272.949951171875,1249.0,1253.8499755859375,1197.288818359375,100519.0
2022-12-22,1254.0,1260.949951171875,1203.9000244140625,1212.6500244140625,1157.9473876953125,127061.0
2022-12-23,1200.0,1209.5999755859375,1150.0,1153.5,1101.465576171875,131909.0
2022-12-26,1159.949951171875,1194.9000244140625,1149.0,1187.25,1133.6932373046875,69289.0
2022-12-27,1234.0,1234.0,1195.300048828125,1209.800048828125,1155.22607421875,79253.0
2022-12-28,1209.800048828125,1224.0,1201.0999755859375,1212.6500244140625,1157.9473876953125,33969.0
2022-12-29,1216.0,1220.050048828125,1193.0999755859375,1204.0,1149.6875,44318.0
2022-12-30,1215.0,1230.0,1205.0,1215.5999755859375,1160.7642822265625,45422.0
2023-01-02,1220.5,1225.800048828125,1215.0,1216.449951171875,1161.575927734375,33436.0
2023-01-03,1221.699951171875,1246.949951171875,1212.0,1219.800048828125,1164.77490234375,69753.0
2023-01-04,1225.9000244140625,1229.8499755859375,1210.0,1213.5,1158.759033203125,37994.0
2023-01-05,1223.4000244140625,1223.4000244140625,1195.75,1207.25,1152.7911376953125,33850.0
2023-01-06,1211.699951171875,1211.699951171875,1185.050048828125,1194.050048828125,1140.186279296875,32464.0
2023-01-09,1204.699951171875,1212.8499755859375,1185.0,1193.449951171875,1139.6134033203125,32007.0
2023-01-10,1198.699951171875,1211.800048828125,1185.5999755859375,1191.5,1137.7513427734375,59472.0
2023-01-11,1196.699951171875,1196.699951171875,1182.050048828125,1188.8499755859375,1135.220947265625,44415.0
2023-01-12,1215.0,1250.0,1182.699951171875,1199.4000244140625,1145.2947998046875,326357.0
2023-01-13,1187.0,1200.0,1183.5999755859375,1191.449951171875,1137.7034912109375,58922.0
2023-01-16,1197.449951171875,1221.9000244140625,1193.199951171875,1210.25,1155.65576171875,92346.0
2023-01-17,1214.4000244140625,1217.25,1185.0,1200.0,1145.867919921875,143289.0
2023-01-18,1205.699951171875,1206.949951171875,1186.0,1192.699951171875,1138.8970947265625,64681.0
2023-01-19,1185.0,1192.0,1170.050048828125,1173.1500244140625,1120.2293701171875,94513.0
2023-01-20,1179.050048828125,1191.699951171875,1161.25,1176.300048828125,1123.2371826171875,141162.0
2023-01-23,1182.1500244140625,1222.449951171875,1136.199951171875,1142.199951171875,1090.6751708984375,968232.0
2023-01-24,1178.0,1295.3499755859375,1148.0999755859375,1229.75,1174.27587890625,5281952.0
2023-01-25,1232.550048828125,1287.449951171875,1232.25,1246.9000244140625,1190.6522216796875,1745900.0
2023-01-27,1249.0,1259.550048828125,1176.4000244140625,1204.949951171875,1150.5947265625,633503.0
2023-01-30,1214.699951171875,1229.9000244140625,1157.3499755859375,1164.699951171875,1112.1602783203125,254876.0
2023-01-31,1176.0,1268.3499755859375,1165.9000244140625,1230.25,1174.75341796875,1281350.0
2023-02-01,1233.5,1269.9000244140625,1190.0,1211.199951171875,1156.5628662109375,360553.0
2023-02-02,1198.0,1235.75,1193.0,1201.550048828125,1147.34814453125,164891.0
2023-02-03,1209.0,1222.0999755859375,1166.0999755859375,1188.3499755859375,1134.74365234375,216624.0
2023-02-06,1188.699951171875,1207.699951171875,1177.25,1192.199951171875,1138.419921875,150145.0
2023-02-07,1192.199951171875,1197.949951171875,1167.0,1176.800048828125,1129.3984375,130929.0
2023-02-08,1175.050048828125,1212.0,1170.8499755859375,1176.4000244140625,1129.0147705078125,301309.0
2023-02-09,1183.0,1262.75,1168.050048828125,1250.0,1199.650146484375,859976.0
2023-02-10,1238.8499755859375,1288.0,1234.0,1269.800048828125,1218.652587890625,485760.0
2023-02-13,1275.75,1298.9000244140625,1247.199951171875,1260.25,1209.4869384765625,313375.0
2023-02-14,1258.0,1263.0,1222.5,1248.3499755859375,1198.066650390625,256410.0
2023-02-15,1248.0,1267.75,1233.0,1252.550048828125,1202.097412109375,136484.0
2023-02-16,1255.800048828125,1321.0,1255.75,1308.4000244140625,1255.697509765625,441585.0
2023-02-17,1302.0,1334.0,1292.0,1328.800048828125,1275.27587890625,442020.0
2023-02-20,1328.800048828125,1360.9000244140625,1316.699951171875,1325.949951171875,1272.54052734375,260523.0
2023-02-21,1329.0,1348.5,1328.0,1333.300048828125,1279.5947265625,99871.0
2023-02-22,1330.9000244140625,1330.9000244140625,1292.050048828125,1309.699951171875,1256.9451904296875,168354.0
2023-02-23,1330.0,1361.4000244140625,1303.0,1357.5999755859375,1302.915771484375,348767.0
2023-02-24,1364.4000244140625,1373.050048828125,1324.199951171875,1336.9000244140625,1283.0496826171875,223785.0
2023-02-27,1338.25,1346.5,1295.9000244140625,1339.6500244140625,1285.6890869140625,166397.0
2023-02-28,1343.699951171875,1367.1500244140625,1321.199951171875,1344.5999755859375,1290.439697265625,140698.0
2023-03-01,1351.949951171875,1365.699951171875,1336.0,1338.8499755859375,1284.921142578125,91312.0
2023-03-02,1345.0,1353.699951171875,1311.0,1315.0999755859375,1262.127685546875,86345.0
2023-03-03,1324.5,1336.300048828125,1314.050048828125,1319.5,1266.3505859375,57368.0
2023-03-06,1328.0,1355.0,1318.0,1322.550048828125,1269.2779541015625,122687.0
2023-03-08,1311.0,1342.949951171875,1302.5,1314.0,1261.0723876953125,137000.0
2023-03-09,1317.300048828125,1339.5,1292.699951171875,1311.050048828125,1258.240966796875,170878.0
2023-03-10,1299.0,1358.0,1282.300048828125,1348.300048828125,1293.990478515625,242859.0
2023-03-13,1348.300048828125,1369.9000244140625,1318.199951171875,1347.300048828125,1293.0306396484375,362969.0
2023-03-14,1352.550048828125,1354.0,1311.0,1316.4000244140625,1263.37548828125,212453.0
2023-03-15,1327.0,1338.0,1271.0,1283.699951171875,1231.9925537109375,130061.0
2023-03-16,1276.0,1287.5999755859375,1232.699951171875,1265.449951171875,1214.4779052734375,121093.0
2023-03-17,1273.949951171875,1306.5999755859375,1272.0,1284.949951171875,1233.1923828125,143820.0
2023-03-20,1282.199951171875,1355.5999755859375,1266.550048828125,1346.8499755859375,1292.5989990234375,460800.0
2023-03-21,1346.300048828125,1366.5,1320.0,1353.449951171875,1298.9329833984375,190630.0
2023-03-22,1355.0,1362.949951171875,1325.0,1334.5,1280.74609375,131876.0
2023-03-23,1332.75,1344.5,1316.300048828125,1335.75,1281.9459228515625,134189.0
2023-03-24,1327.0,1339.550048828125,1300.800048828125,1315.6500244140625,1262.6558837890625,125205.0
2023-03-27,1313.0,1341.0,1295.050048828125,1319.8499755859375,1266.6865234375,155480.0
2023-03-28,1320.0,1369.0,1316.5999755859375,1360.4000244140625,1305.60302734375,377183.0
2023-03-29,1360.0,1385.1500244140625,1343.0,1350.9000244140625,1296.4854736328125,305710.0
2023-03-31,1353.1500244140625,1377.550048828125,1353.0,1365.9000244140625,1310.8817138671875,158823.0
2023-04-03,1365.0,1391.449951171875,1345.0,1354.800048828125,1300.228515625,157509.0
2023-04-05,1364.0,1379.0,1321.0999755859375,1330.0999755859375,1276.5234375,132634.0
2023-04-06,1334.949951171875,1337.6500244140625,1275.050048828125,1276.75,1225.322509765625,282828.0
2023-04-10,1283.0,1289.800048828125,1250.3499755859375,1257.5,1206.847900390625,195938.0
2023-04-11,1267.1500244140625,1274.0,1212.0,1215.75,1166.7794189453125,474570.0
2023-04-12,1223.300048828125,1277.9000244140625,1209.0,1271.050048828125,1219.8521728515625,1027130.0
2023-04-13,1275.0,1280.9000244140625,1252.699951171875,1270.199951171875,1219.03662109375,168968.0
2023-04-17,1262.949951171875,1285.0,1251.050048828125,1269.5,1218.3646240234375,123478.0
2023-04-18,1272.0,1275.800048828125,1241.75,1251.300048828125,1200.8978271484375,496367.0
2023-04-19,1265.949951171875,1292.800048828125,1265.949951171875,1278.25,1226.76220703125,205978.0
2023-04-20,1286.699951171875,1286.699951171875,1248.199951171875,1255.300048828125,1204.736572265625,165218.0
2023-04-21,1262.0999755859375,1262.0999755859375,1237.0,1246.9000244140625,1196.6749267578125,93011.0
2023-04-24,1257.0,1268.9000244140625,1241.800048828125,1254.050048828125,1203.5369873046875,103998.0
2023-04-25,1265.0,1266.0,1249.0,1251.5999755859375,1201.185791015625,75689.0
2023-04-26,1256.5999755859375,1256.5999755859375,1238.0,1246.5999755859375,1196.38671875,73589.0
2023-04-27,1247.5,1270.6500244140625,1238.5,1263.0,1212.1263427734375,135233.0
2023-04-28,1265.9000244140625,1274.300048828125,1259.0999755859375,1270.75,1219.5643310546875,89727.0
2023-05-02,1275.0,1294.0,1266.550048828125,1287.75,1235.87939453125,191415.0
2023-05-03,1291.0,1292.5,1253.0,1259.5,1208.767578125,109628.0
2023-05-04,1262.0,1278.0,1255.050048828125,1265.0,1214.0458984375,76415.0
2023-05-05,1265.0,1291.9000244140625,1265.0,1284.050048828125,1232.32861328125,212800.0
2023-05-08,1292.0,1308.0,1281.050048828125,1290.8499755859375,1238.854736328125,136748.0
2023-05-09,1291.0,1300.0,1285.0,1290.0,1238.0386962890625,66433.0
2023-05-10,1294.800048828125,1294.800048828125,1277.0,1284.300048828125,1232.568603515625,46757.0
2023-05-11,1285.0,1303.0999755859375,1278.5,1292.25,1240.1981201171875,190932.0
2023-05-12,1286.300048828125,1305.699951171875,1280.25,1301.050048828125,1248.6436767578125,103804.0
2023-05-15,1304.699951171875,1379.0999755859375,1298.0,1365.199951171875,1310.20947265625,620065.0
2023-05-16,1378.8499755859375,1427.9000244140625,1372.25,1381.199951171875,1325.5654296875,597504.0
2023-05-17,1381.199951171875,1424.550048828125,1365.0,1389.1500244140625,1333.195068359375,257134.0
2023-05-18,1396.5999755859375,1412.0,1372.0,1383.0,1327.2928466796875,124636.0
2023-05-19,1389.9000244140625,1442.4000244140625,1355.0,1398.199951171875,1341.88037109375,816178.0
2023-05-22,1435.0,1474.949951171875,1390.0,1406.5,1349.8463134765625,935960.0
2023-05-23,1412.800048828125,1529.5999755859375,1409.1500244140625,1468.3499755859375,1409.2049560546875,2188211.0
2023-05-24,1461.449951171875,1468.9000244140625,1431.9000244140625,1452.25,1393.753173828125,417464.0
2023-05-25,1455.4000244140625,1488.5999755859375,1446.0,1459.300048828125,1400.519287109375,217651.0
2023-05-26,1464.699951171875,1464.699951171875,1427.0,1440.75,1382.716552734375,153817.0
2023-05-29,1443.5,1479.0,1427.3499755859375,1462.050048828125,1403.1588134765625,285075.0
2023-05-30,1459.0,1465.0,1421.0,1431.550048828125,1373.8870849609375,193083.0
2023-05-31,1427.0,1455.0,1406.25,1437.1500244140625,1379.2615966796875,303239.0
2023-06-01,1444.199951171875,1478.0,1442.8499755859375,1456.75,1398.0723876953125,220218.0
2023-06-02,1465.0,1509.75,1462.449951171875,1498.0999755859375,1437.7567138671875,473477.0
2023-06-05,1506.5,1519.0,1477.75,1494.050048828125,1433.86962890625,145802.0
2023-06-06,1494.5,1546.949951171875,1490.6500244140625,1519.8499755859375,1458.63037109375,440065.0
2023-06-07,1525.0,1542.0,1521.75,1531.050048828125,1469.3795166015625,172722.0
2023-06-08,1535.5999755859375,1537.5,1476.5999755859375,1484.25,1424.464599609375,156705.0
2023-06-09,1484.4000244140625,1496.550048828125,1452.0,1491.0,1430.9423828125,296836.0
2023-06-12,1495.800048828125,1518.949951171875,1486.25,1498.050048828125,1437.7086181640625,141626.0
2023-06-13,1500.6500244140625,1524.75,1500.0,1503.949951171875,1443.37109375,163687.0
2023-06-14,1508.699951171875,1553.800048828125,1508.0,1529.8499755859375,1468.2276611328125,227433.0
2023-06-15,1552.949951171875,1583.800048828125,1542.0,1561.4000244140625,1498.5069580078125,382133.0
2023-06-16,1563.4000244140625,1597.050048828125,1559.5999755859375,1574.3499755859375,1510.9351806640625,244049.0
2023-06-19,1579.4000244140625,1596.0,1562.3499755859375,1573.449951171875,1510.0714111328125,176982.0
2023-06-20,1575.949951171875,1645.4000244140625,1568.050048828125,1642.1500244140625,1576.004150390625,625935.0
2023-06-21,1646.0,1655.0,1609.050048828125,1616.0999755859375,1551.0032958984375,274593.0
2023-06-22,1618.0,1627.1500244140625,1566.050048828125,1575.300048828125,1511.8470458984375,153924.0
2023-06-23,1577.3499755859375,1607.949951171875,1540.050048828125,1554.050048828125,1491.452880859375,197862.0
2023-06-26,1557.699951171875,1638.0,1554.050048828125,1602.8499755859375,1538.287109375,452742.0
2023-06-27,1607.0,1618.449951171875,1590.800048828125,1595.5,1531.2333984375,229665.0
2023-06-28,1602.0,1622.0,1586.050048828125,1590.5999755859375,1526.530517578125,142145.0
2023-06-30,1596.0999755859375,1619.800048828125,1584.5999755859375,1593.0999755859375,1528.9298095703125,100041.0
2023-07-03,1602.0,1647.699951171875,1601.949951171875,1607.4000244140625,1542.65380859375,286699.0
2023-07-04,1613.949951171875,1638.6500244140625,1594.050048828125,1610.3499755859375,1545.485107421875,152871.0
2023-07-05,1610.0,1633.6500244140625,1595.0999755859375,1609.300048828125,1544.4775390625,110042.0
2023-07-06,1609.699951171875,1633.0,1599.1500244140625,1612.300048828125,1547.3565673828125,189156.0
2023-07-07,1605.199951171875,1614.0,1576.0,1580.75,1517.0775146484375,181676.0
2023-07-10,1585.0,1597.0,1546.050048828125,1553.1500244140625,1490.589111328125,166636.0
2023-07-11,1553.1500244140625,1595.699951171875,1551.0,1592.550048828125,1528.4022216796875,130994.0
2023-07-12,1599.0,1628.8499755859375,1589.4000244140625,1612.050048828125,1547.116943359375,498023.0
2023-07-13,1615.75,1698.0,1615.75,1636.449951171875,1570.53369140625,869282.0
2023-07-14,1641.4000244140625,1673.9000244140625,1620.449951171875,1625.3499755859375,1559.8809814453125,204637.0
2023-07-17,1640.0,1759.9000244140625,1474.0,1488.0,1428.0633544921875,7393624.0
2023-07-18,1490.0,1549.0,1471.0999755859375,1489.8499755859375,1429.8389892578125,2630509.0
2023-07-19,1500.0,1510.9000244140625,1484.4000244140625,1489.75,1429.7431640625,523426.0
2023-07-20,1493.0,1511.25,1486.3499755859375,1489.3499755859375,1429.3590087890625,351434.0
2023-07-21,1488.699951171875,1496.050048828125,1478.6500244140625,1490.4000244140625,1430.3668212890625,287268.0
2023-07-24,1489.8499755859375,1505.4000244140625,1485.0,1490.699951171875,1430.6546630859375,208369.0
2023-07-25,1496.699951171875,1500.0,1485.0999755859375,1486.5999755859375,1426.7198486328125,241149.0
2023-07-26,1488.050048828125,1536.800048828125,1485.050048828125,1527.75,1466.2122802734375,497634.0
2023-07-27,1530.1500244140625,1544.949951171875,1527.75,1537.699951171875,1475.7613525390625,224898.0
2023-07-28,1540.0,1559.699951171875,1490.0,1500.800048828125,1440.3477783203125,964205.0
2023-07-31,1500.949951171875,1516.5,1490.0,1500.0999755859375,1439.6761474609375,302028.0
2023-08-01,1504.0,1529.0,1492.0,1525.0,1463.5733642578125,480733.0
2023-08-02,1523.4000244140625,1536.9000244140625,1492.0,1498.75,1438.3807373046875,394510.0
2023-08-03,1490.4000244140625,1499.550048828125,1480.050048828125,1493.050048828125,1432.9100341796875,195783.0
2023-08-04,1499.4000244140625,1507.949951171875,1479.0,1481.300048828125,1424.49560546875,612143.0
2023-08-07,1481.300048828125,1491.800048828125,1472.0,1481.5999755859375,1424.7841796875,167105.0
2023-08-08,1489.699951171875,1489.699951171875,1466.4000244140625,1473.5999755859375,1417.0908203125,411441.0
2023-08-09,1480.0,1519.5999755859375,1480.0,1512.4000244140625,1454.4029541015625,394438.0
2023-08-10,1510.0,1524.9000244140625,1502.449951171875,1519.3499755859375,1461.086181640625,283767.0
2023-08-11,1527.0,1531.3499755859375,1510.0999755859375,1514.699951171875,1456.6146240234375,220168.0
2023-08-14,1510.0,1528.0,1499.050048828125,1520.050048828125,1461.759521484375,151252.0
2023-08-16,1519.699951171875,1542.0999755859375,1511.050048828125,1533.0999755859375,1474.30908203125,147956.0
2023-08-17,1530.550048828125,1539.0,1515.0999755859375,1530.8499755859375,1472.1451416015625,247046.0
2023-08-18,1534.5,1557.800048828125,1521.949951171875,1535.5999755859375,1476.713134765625,315697.0
2023-08-21,1560.0,1560.0,1532.0,1535.199951171875,1476.32861328125,229188.0
2023-08-22,1545.050048828125,1554.0,1541.0,1545.3499755859375,1486.0892333984375,164042.0
2023-08-23,1549.699951171875,1559.800048828125,1546.0,1557.75,1498.0137939453125,157431.0
2023-08-24,1560.8499755859375,1562.9000244140625,1543.449951171875,1548.5999755859375,1489.2147216796875,131949.0
2023-08-25,1554.800048828125,1559.050048828125,1522.0,1529.699951171875,1471.03955078125,187501.0
2023-08-28,1530.0,1543.050048828125,1522.199951171875,1523.1500244140625,1464.74072265625,95696.0
2023-08-29,1530.0,1548.0,1528.0,1531.449951171875,1472.7225341796875,83339.0
2023-08-30,1532.550048828125,1563.949951171875,1532.550048828125,1559.0999755859375,1499.31201171875,228768.0
2023-08-31,1555.0,1578.6500244140625,1544.0999755859375,1570.5,1510.2747802734375,234810.0
2023-09-01,1574.0,1574.699951171875,1542.0,1553.6500244140625,1494.071044921875,257927.0
2023-09-04,1558.0,1560.0,1546.0,1548.3499755859375,1488.97412109375,106036.0
2023-09-05,1548.699951171875,1558.0,1546.699951171875,1553.25,1493.6865234375,94633.0
2023-09-06,1557.1500244140625,1560.3499755859375,1541.0,1547.5999755859375,1490.1719970703125,67829.0
2023-09-07,1543.949951171875,1561.1500244140625,1543.949951171875,1551.6500244140625,1494.071533203125,159022.0
2023-09-08,1555.1500244140625,1569.0,1550.4000244140625,1565.0,1506.92626953125,132443.0
2023-09-11,1565.0,1614.8499755859375,1565.0,1590.800048828125,1531.76904296875,572147.0
2023-09-12,1595.0,1602.4000244140625,1555.0,1568.550048828125,1510.344482421875,333852.0
2023-09-13,1564.9000244140625,1594.9000244140625,1544.800048828125,1580.9000244140625,1522.236083984375,214355.0
2023-09-14,1596.449951171875,1600.0,1580.0,1594.300048828125,1535.138916015625,148459.0
2023-09-15,1595.949951171875,1603.550048828125,1578.0,1591.699951171875,1532.63525390625,172525.0
2023-09-18,1595.0,1598.699951171875,1565.75,1580.4000244140625,1521.754638671875,89031.0
2023-09-20,1576.0,1593.9000244140625,1571.0,1578.300048828125,1519.7325439453125,77944.0
2023-09-21,1575.0,1580.0,1552.0,1568.699951171875,1510.489013671875,91951.0
2023-09-22,1563.0,1585.0,1563.0,1577.0999755859375,1518.5772705078125,109983.0
2023-09-25,1577.0999755859375,1599.800048828125,1561.199951171875,1562.1500244140625,1504.181884765625,106878.0
2023-09-26,1565.0,1569.9000244140625,1550.0,1551.550048828125,1493.9752197265625,107948.0
2023-09-27,1555.0,1566.449951171875,1553.6500244140625,1560.800048828125,1502.88232421875,146785.0
2023-09-28,1560.0,1584.5,1558.75,1578.050048828125,1519.491943359375,257457.0
2023-09-29,1583.1500244140625,1594.0,1566.0,1590.550048828125,1531.5281982421875,187280.0
2023-10-03,1585.0,1586.300048828125,1561.0,1562.800048828125,1504.8077392578125,78996.0
2023-10-04,1561.9000244140625,1567.8499755859375,1550.6500244140625,1559.75,1501.8709716796875,104999.0
2023-10-05,1559.75,1566.4000244140625,1552.25,1562.449951171875,1504.4708251953125,87112.0
2023-10-06,1562.050048828125,1569.0,1555.6500244140625,1557.8499755859375,1500.04150390625,63922.0
2023-10-09,1552.5,1563.0,1542.800048828125,1557.3499755859375,1499.5601806640625,95571.0
2023-10-10,1559.949951171875,1563.0,1552.0,1560.550048828125,1502.6412353515625,66099.0
2023-10-11,1560.550048828125,1573.0,1553.0,1556.0999755859375,1498.3564453125,87760.0
2023-10-12,1564.5,1589.800048828125,1556.1500244140625,1583.449951171875,1524.6917724609375,181051.0
2023-10-13,1582.25,1583.0999755859375,1566.699951171875,1574.25,1515.8330078125,52014.0
2023-10-16,1565.0,1584.4000244140625,1562.050048828125,1582.300048828125,1523.584228515625,89020.0
2023-10-17,1585.050048828125,1598.800048828125,1580.0999755859375,1583.449951171875,1524.6917724609375,184513.0
2023-10-18,1593.0,1593.0,1581.5999755859375,1582.75,1524.0174560546875,76483.0
2023-10-19,1582.75,1592.3499755859375,1569.75,1573.3499755859375,1514.96630859375,125142.0
2023-10-20,1571.0,1581.4000244140625,1562.6500244140625,1568.0999755859375,1509.9110107421875,56798.0
2023-10-23,1569.949951171875,1584.0,1556.0,1558.050048828125,1500.2342529296875,161472.0
2023-10-25,1559.949951171875,1576.0,1556.0,1562.050048828125,1504.085693359375,104377.0
2023-10-26,1557.949951171875,1564.949951171875,1544.0,1553.0999755859375,1495.4678955078125,130366.0
2023-10-27,1560.449951171875,1585.0,1559.0999755859375,1579.199951171875,1520.59912109375,169414.0
2023-10-30,1595.0,1597.6500244140625,1565.199951171875,1567.199951171875,1509.0443115234375,96066.0
2023-10-31,1575.0,1575.199951171875,1549.0,1553.199951171875,1495.5640869140625,171136.0
2023-11-01,1550.6500244140625,1572.0,1550.199951171875,1557.1500244140625,1499.36767578125,83322.0
2023-11-02,1561.5999755859375,1571.949951171875,1558.0,1567.0999755859375,1508.9483642578125,53702.0
2023-11-03,1570.0,1572.949951171875,1554.0,1556.6500244140625,1501.760986328125,37006.0
2023-11-06,1560.0,1568.0,1551.5,1559.75,1504.751708984375,64054.0
2023-11-07,1559.75,1565.300048828125,1554.0,1558.800048828125,1503.8353271484375,108754.0
2023-11-08,1558.800048828125,1567.25,1552.5,1558.9000244140625,1503.9317626953125,40914.0
2023-11-09,1564.0,1566.0,1553.25,1555.0,1500.169189453125,32164.0
2023-11-10,1550.0,1559.75,1549.0,1555.0999755859375,1500.2655029296875,34072.0
2023-11-13,1552.0,1559.949951171875,1552.0,1554.4000244140625,1499.5904541015625,40532.0
2023-11-15,1555.449951171875,1564.5,1553.0,1560.449951171875,1505.427001953125,54768.0
2023-11-16,1564.0,1568.9000244140625,1550.6500244140625,1558.050048828125,1503.111572265625,91195.0
2023-11-17,1566.5,1571.0,1553.050048828125,1556.9000244140625,1502.002197265625,89409.0
2023-11-20,1552.0,1555.800048828125,1548.3499755859375,1550.0,1495.345703125,63626.0
2023-11-21,1551.0,1563.9000244140625,1548.0,1553.0,1498.2398681640625,45157.0
2023-11-22,1553.5,1555.050048828125,1545.199951171875,1548.4000244140625,1493.802001953125,44135.0
2023-11-23,1549.4000244140625,1562.1500244140625,1546.25,1556.4000244140625,1501.5198974609375,66888.0
2023-11-24,1555.050048828125,1557.699951171875,1535.0,1540.3499755859375,1486.03564453125,71403.0
2023-11-28,1540.3499755859375,1542.0,1528.300048828125,1530.5999755859375,1476.6295166015625,130457.0
2023-11-29,1530.0,1543.6500244140625,1526.050048828125,1537.5999755859375,1483.3828125,152571.0
2023-11-30,1544.9000244140625,1564.800048828125,1529.699951171875,1550.300048828125,1495.6348876953125,190073.0
2023-12-01,1563.0,1563.0,1536.050048828125,1539.9000244140625,1485.6016845703125,106196.0
2023-12-04,1550.0,1560.0,1534.0,1556.25,1501.3751220703125,103265.0
2023-12-05,1555.050048828125,1556.199951171875,1547.9000244140625,1554.949951171875,1500.1209716796875,61425.0
2023-12-06,1560.0,1563.949951171875,1550.050048828125,1560.300048828125,1505.282470703125,119883.0
2023-12-07,1553.0,1559.5999755859375,1541.0999755859375,1553.5,1498.72216796875,114034.0
2023-12-08,1554.5,1557.8499755859375,1540.6500244140625,1543.1500244140625,1488.737060546875,98012.0
2023-12-11,1540.0,1563.550048828125,1537.3499755859375,1554.8499755859375,1500.0244140625,95437.0
2023-12-12,1559.0,1563.3499755859375,1548.1500244140625,1560.050048828125,1505.0411376953125,97398.0
2023-12-13,1560.199951171875,1564.0,1550.050048828125,1562.1500244140625,1507.0670166015625,103907.0
2023-12-14,1568.5999755859375,1590.0,1567.550048828125,1581.9000244140625,1526.12060546875,280800.0
2023-12-15,1590.0,1621.0,1586.1500244140625,1613.050048828125,1556.17236328125,519332.0
2023-12-18,1612.050048828125,1625.0,1602.0999755859375,1610.0,1553.229736328125,185641.0
2023-12-19,1605.050048828125,1628.5,1602.0999755859375,1606.5999755859375,1549.9498291015625,164564.0
2023-12-20,1606.5999755859375,1627.3499755859375,1575.0999755859375,1583.449951171875,1527.615966796875,239699.0
2023-12-21,1575.0,1599.0,1575.0,1586.050048828125,1530.124267578125,81934.0
2023-12-22,1607.75,1607.75,1580.050048828125,1595.0999755859375,1538.855224609375,55416.0
2023-12-26,1600.0,1607.0,1585.0,1594.25,1538.03515625,90138.0
2023-12-27,1600.0,1602.8499755859375,1575.050048828125,1581.300048828125,1525.5419921875,56440.0
2023-12-28,1597.0,1597.0,1579.4000244140625,1588.8499755859375,1532.8255615234375,64181.0
2023-12-29,1588.8499755859375,1607.0,1576.0,1598.550048828125,1542.1837158203125,265178.0
2024-01-01,1608.550048828125,1684.0,1590.699951171875,1668.75,1609.908203125,685849.0
2024-01-02,1674.25,1735.0,1660.0,1679.1500244140625,1619.9415283203125,811967.0
2024-01-03,1675.9000244140625,1689.4000244140625,1655.0999755859375,1680.199951171875,1620.9544677734375,171190.0
2024-01-04,1685.0,1687.0,1636.0,1646.199951171875,1588.1534423828125,147222.0
2024-01-05,1646.0999755859375,1703.3499755859375,1643.5,1669.9000244140625,1611.017578125,169901.0
2024-01-08,1678.0,1678.0,1630.0,1632.949951171875,1575.37060546875,65096.0
2024-01-09,1643.949951171875,1644.4000244140625,1617.0,1639.5999755859375,1581.7861328125,120346.0
2024-01-10,1643.0,1649.800048828125,1625.9000244140625,1633.6500244140625,1576.0458984375,82125.0
2024-01-11,1647.0,1657.699951171875,1616.5,1645.699951171875,1587.6710205078125,117672.0
2024-01-12,1649.800048828125,1677.0,1642.699951171875,1648.6500244140625,1590.51708984375,169217.0
2024-01-15,1648.6500244140625,1648.6500244140625,1648.6500244140625,1648.6500244140625,1590.51708984375,0.0
2024-01-16,1651.0,1664.699951171875,1628.0999755859375,1652.3499755859375,1594.086669921875,147804.0
2024-01-17,1635.5,1642.3499755859375,1621.0999755859375,1624.9000244140625,1567.6044921875,104248.0
2024-01-18,1624.949951171875,1632.9000244140625,1590.0,1594.1500244140625,1537.938720703125,113969.0
2024-01-19,1599.9000244140625,1630.0,1599.9000244140625,1616.800048828125,1559.7899169921875,87142.0
2024-01-23,1654.949951171875,1654.949951171875,1595.0,1623.6500244140625,1566.3985595703125,120466.0
2024-01-24,1601.050048828125,1605.8499755859375,1560.0,1565.300048828125,1510.1060791015625,711423.0
2024-01-25,1575.0,1587.5999755859375,1565.0,1575.5,1519.9461669921875,163839.0
2024-01-29,1587.75,1587.75,1565.1500244140625,1570.1500244140625,1514.7847900390625,458266.0
2024-01-30,1585.0,1585.0,1562.4000244140625,1571.800048828125,1516.3768310546875,94838.0
2024-01-31,1571.800048828125,1603.25,1566.0,1592.9000244140625,1536.73291015625,249915.0
2024-02-01,1599.9000244140625,1599.9000244140625,1577.0,1579.199951171875,1526.390625,56377.0
2024-02-02,1579.25,1594.800048828125,1574.3499755859375,1582.25,1529.338623046875,90973.0
2024-02-05,1589.9000244140625,1597.8499755859375,1571.0,1577.25,1524.5057373046875,108598.0
2024-02-06,1580.25,1622.800048828125,1579.0,1602.8499755859375,1549.249755859375,164673.0
2024-02-07,1606.0,1619.199951171875,1603.0,1613.800048828125,1559.83349609375,123469.0
2024-02-08,1619.0,1624.949951171875,1610.0,1613.75,1559.785400390625,127431.0
2024-02-09,1613.050048828125,1613.050048828125,1586.0,1596.8499755859375,1543.450439453125,77671.0
2024-02-12,1597.199951171875,1612.3499755859375,1585.0,1595.5999755859375,1542.2420654296875,88947.0
2024-02-13,1590.0999755859375,1601.949951171875,1585.0,1591.8499755859375,1538.617431640625,75619.0
2024-02-14,1586.0,1589.8499755859375,1581.0,1587.050048828125,1533.97802734375,71937.0
2024-02-15,1590.0,1609.0,1587.0,1602.550048828125,1548.9598388671875,65244.0
2024-02-16,1605.0,1608.6500244140625,1595.0999755859375,1600.800048828125,1547.268310546875,104335.0
2024-02-19,1602.0,1619.699951171875,1600.0,1612.25,1558.33544921875,94802.0
2024-02-20,1620.0,1672.6500244140625,1620.0,1621.75,1567.517822265625,379761.0
2024-02-21,1629.949951171875,1629.949951171875,1591.5999755859375,1596.1500244140625,1542.7738037109375,217435.0
2024-02-22,1591.0,1610.6500244140625,1591.0,1606.699951171875,1552.970947265625,147586.0
2024-02-23,1610.0,1610.0,1589.199951171875,1600.1500244140625,1546.64013671875,495792.0
2024-02-26,1604.8499755859375,1607.9000244140625,1595.300048828125,1597.0,1543.5953369140625,455451.0
2024-02-27,1596.0,1615.0,1592.550048828125,1597.199951171875,1543.78857421875,362684.0
2024-02-28,1605.0,1607.949951171875,1595.0,1599.800048828125,1546.3018798828125,94446.0
2024-02-29,1609.8499755859375,1609.8499755859375,1580.0999755859375,1595.050048828125,1541.710693359375,123359.0
2024-03-01,1600.0,1600.0,1589.300048828125,1594.300048828125,1540.985595703125,95023.0
2024-03-04,1590.0,1598.9000244140625,1579.800048828125,1581.300048828125,1528.4205322265625,219545.0
2024-03-05,1581.8499755859375,1598.0,1575.199951171875,1588.699951171875,1535.57275390625,83019.0
2024-03-06,1581.0999755859375,1599.9000244140625,1577.0,1591.25,1538.03759765625,81877.0
2024-03-07,1583.0,1590.0,1578.25,1585.25,1532.2381591796875,42569.0
2024-03-11,1593.5,1593.5,1577.0,1578.25,1525.4722900390625,165337.0
2024-03-12,1575.0,1581.199951171875,1567.0,1576.8499755859375,1524.119140625,193183.0
2024-03-13,1570.5,1579.8499755859375,1553.75,1569.449951171875,1516.966552734375,234366.0
2024-03-14,1570.949951171875,1595.0,1550.5,1557.800048828125,1505.706298828125,461509.0
2024-03-15,1558.0,1575.0,1552.6500244140625,1567.050048828125,1514.64697265625,152887.0
2024-03-18,1565.0999755859375,1589.800048828125,1564.75,1584.199951171875,1531.223388671875,176074.0
2024-03-19,1584.0,1584.1500244140625,1571.75,1578.75,1525.95556640625,150696.0
2024-03-20,1602.1500244140625,1624.75,1600.0,1610.9000244140625,1557.0306396484375,594736.0
2024-03-21,1615.0,1617.9000244140625,1599.949951171875,1603.449951171875,1549.8297119140625,936416.0
2024-03-22,1600.0,1606.9000244140625,1595.050048828125,1600.550048828125,1547.026611328125,265822.0
2024-03-26,1600.550048828125,1611.800048828125,1599.0999755859375,1600.5,1546.97802734375,183443.0
2024-03-27,1608.0,1608.0,1600.0999755859375,1600.449951171875,1546.9298095703125,174559.0
2024-03-28,1601.0999755859375,1612.800048828125,1599.9000244140625,1602.25,1548.669677734375,165818.0
2024-04-01,1602.25,1624.699951171875,1602.25,1616.6500244140625,1562.588134765625,92534.0
2024-04-02,1616.6500244140625,1627.5,1616.0,1617.75,1563.6513671875,93823.0
2024-04-03,1620.0,1622.300048828125,1610.300048828125,1616.8499755859375,1562.781494140625,70053.0
2024-04-04,1611.0999755859375,1622.0,1611.0999755859375,1617.949951171875,1563.8446044921875,120594.0
2024-04-05,1610.800048828125,1624.5999755859375,1610.800048828125,1612.699951171875,1558.7703857421875,169277.0
2024-04-08,1614.5,1621.949951171875,1611.0,1612.9000244140625,1558.9637451171875,166163.0
2024-04-09,1615.0,1616.0,1608.050048828125,1612.5,1558.5770263671875,710926.0
2024-04-10,1623.0,1623.0,1590.0,1610.199951171875,1556.353759765625,467414.0
2024-04-12,1599.9000244140625,1609.9000244140625,1576.4000244140625,1601.3499755859375,1547.7998046875,89994.0
2024-04-15,1597.199951171875,1601.0,1560.0,1563.300048828125,1511.0224609375,91270.0
2024-04-16,1571.5,1591.0,1556.0999755859375,1576.8499755859375,1524.119140625,78302.0
2024-04-18,1579.5,1586.25,1535.0,1537.699951171875,1486.2784423828125,75741.0
2024-04-19,1536.9000244140625,1552.4000244140625,1511.1500244140625,1539.25,1487.776611328125,44530.0
2024-04-22,1533.0,1548.199951171875,1512.0,1526.199951171875,1475.1629638671875,73513.0
2024-04-23,1524.0,1530.0,1514.0999755859375,1519.9000244140625,1469.07373046875,37963.0
2024-04-24,1515.75,1555.0,1515.5999755859375,1546.8499755859375,1495.1224365234375,57416.0
2024-04-25,1551.0,1569.9000244140625,1534.550048828125,1559.949951171875,1507.7841796875,45792.0
2024-04-26,1558.5999755859375,1559.949951171875,1531.0,1537.699951171875,1486.2784423828125,44969.0
2024-04-29,1537.800048828125,1546.6500244140625,1520.9000244140625,1524.800048828125,1473.8096923828125,49258.0
2024-04-30,1510.5,1539.9000244140625,1510.5,1523.949951171875,1472.988037109375,39001.0
2024-05-02,1539.800048828125,1564.9000244140625,1521.0,1550.699951171875,1498.843505859375,57700.0
2024-05-03,1553.0999755859375,1553.0999755859375,1521.0,1525.5,1474.4864501953125,45900.0
2024-05-06,1536.199951171875,1547.0,1525.0,1534.949951171875,1483.6202392578125,49571.0
2024-05-07,1500.0,1504.25,1450.0,1456.699951171875,1407.9871826171875,254427.0
2024-05-08,1441.0,1462.0,1414.6500244140625,1421.449951171875,1373.91552734375,88260.0
2024-05-09,1420.0,1471.449951171875,1401.199951171875,1406.9000244140625,1359.852294921875,77725.0
2024-05-10,1428.0,1446.0,1411.199951171875,1424.0999755859375,1376.4771728515625,71161.0
2024-05-13,1430.0,1430.0,1406.0,1419.5,1372.0311279296875,37166.0
2024-05-14,1415.0,1425.9000244140625,1411.9000244140625,1418.199951171875,1370.7742919921875,37148.0
2024-05-15,1418.0,1437.1500244140625,1415.199951171875,1421.1500244140625,1373.6258544921875,39969.0
2024-05-16,1421.1500244140625,1446.0,1421.050048828125,1435.75,1387.737548828125,28852.0
2024-05-17,1447.0,1449.6500244140625,1430.0,1446.550048828125,1398.1763916015625,28697.0
2024-05-21,1445.0,1455.0,1430.050048828125,1443.75,1395.4700927734375,36722.0
2024-05-22,1443.75,1454.0,1434.75,1437.5,1389.428955078125,32904.0
2024-05-23,1454.3499755859375,1454.3499755859375,1430.0,1438.25,1390.1539306640625,25959.0
2024-05-24,1430.25,1453.75,1424.0,1437.199951171875,1389.1390380859375,40628.0
2024-05-27,1438.0,1439.25,1412.4000244140625,1429.8499755859375,1382.034912109375,58301.0
2024-05-28,1434.800048828125,1439.0,1414.0,1419.949951171875,1372.4659423828125,40483.0
2024-05-29,1419.949951171875,1425.0,1409.550048828125,1414.75,1367.43994140625,30294.0
2024-05-30,1414.949951171875,1414.949951171875,1396.0,1400.9000244140625,1354.0528564453125,41940.0
2024-05-31,1402.050048828125,1525.0,1390.0999755859375,1476.5,1427.125,168193.0
2024-06-03,1520.0,1532.199951171875,1454.449951171875,1460.5,1411.6600341796875,73410.0
2024-06-04,1460.5,1467.550048828125,1386.050048828125,1432.800048828125,1384.8863525390625,66643.0
2024-06-05,1430.0,1432.300048828125,1387.0,1421.050048828125,1373.5291748046875,56592.0
2024-06-06,1446.8499755859375,1502.0,1446.8499755859375,1476.550048828125,1427.1732177734375,86403.0
2024-06-07,1489.0,1517.0,1480.0,1494.8499755859375,1444.861328125,167804.0
2024-06-10,1520.0,1590.0,1510.550048828125,1576.9000244140625,1524.1676025390625,327896.0
2024-06-11,1575.0,1590.199951171875,1550.050048828125,1556.5999755859375,1504.5462646484375,53996.0
2024-06-12,1590.0,1590.0,1535.050048828125,1549.25,1497.442138671875,45535.0
2024-06-13,1550.8499755859375,1559.9000244140625,1530.050048828125,1535.8499755859375,1484.4901123046875,30063.0
2024-06-14,1538.050048828125,1548.699951171875,1525.550048828125,1530.75,1479.5606689453125,28907.0
2024-06-18,1530.0,1571.0,1510.949951171875,1557.449951171875,1505.36767578125,57869.0
2024-06-19,1570.0,1574.0,1532.0999755859375,1547.6500244140625,1495.8956298828125,31532.0
2024-06-20,1549.949951171875,1550.75,1500.0,1517.1500244140625,1466.4156494140625,115072.0
2024-06-21,1512.8499755859375,1549.0,1512.8499755859375,1529.800048828125,1478.6427001953125,74044.0
2024-06-24,1529.8499755859375,1798.699951171875,1510.25,1750.050048828125,1691.52734375,4609348.0
2024-06-25,1720.0,1728.0,1670.0,1681.75,1625.510986328125,693938.0
2024-06-26,1680.0,1681.449951171875,1632.699951171875,1645.0,1589.9901123046875,204415.0
2024-06-27,1647.0,1930.0,1620.25,1879.550048828125,1816.6966552734375,6753245.0
2024-06-28,1850.0,1877.0,1805.050048828125,1823.4000244140625,1762.42431640625,1109677.0
2024-07-01,1814.449951171875,1910.699951171875,1803.1500244140625,1835.949951171875,1774.5548095703125,680769.0
2024-07-02,1835.949951171875,1869.300048828125,1809.0,1816.699951171875,1755.9483642578125,283852.0
2024-07-03,1828.0,1828.0,1761.0,1771.5999755859375,1712.3565673828125,240193.0
2024-07-04,1780.0,1817.949951171875,1763.050048828125,1770.8499755859375,1711.631591796875,248183.0
2024-07-05,1771.0,1780.0,1754.6500244140625,1765.199951171875,1706.1705322265625,103999.0
2024-07-08,1765.0999755859375,1819.0,1751.25,1797.0999755859375,1737.0037841796875,232919.0
2024-07-09,1804.699951171875,1812.800048828125,1767.5,1803.75,1743.4315185546875,134031.0
2024-07-10,1814.949951171875,1846.6500244140625,1755.0,1772.300048828125,1713.0330810546875,206830.0
2024-07-11,1779.0,1779.0,1753.5,1767.6500244140625,1710.468994140625,75990.0
2024-07-12,1776.4000244140625,1810.0,1761.0,1775.050048828125,1717.6295166015625,161949.0
2024-07-15,1786.0,1942.449951171875,1785.0,1822.199951171875,1763.2542724609375,1706122.0
2024-07-16,1828.0,1840.8499755859375,1780.449951171875,1819.3499755859375,1760.4964599609375,170585.0
2024-07-18,1800.0,1867.949951171875,1793.75,1827.8499755859375,1768.721435546875,223777.0
2024-07-19,1834.0,1839.8499755859375,1752.1500244140625,1763.5999755859375,1706.5498046875,143560.0
2024-07-22,1705.0,1794.25,1674.199951171875,1755.300048828125,1698.5184326171875,230071.0
2024-07-23,1757.0,1814.0,1700.0,1710.25,1654.9256591796875,199894.0
2024-07-24,1718.0,1791.0,1710.25,1768.0999755859375,1710.9041748046875,117862.0
2024-07-25,1754.0,1759.449951171875,1723.5999755859375,1728.5999755859375,1672.6820068359375,56352.0
2024-07-26,1735.050048828125,1760.0,1636.0,1642.300048828125,1589.173828125,2395639.0
2024-07-29,1644.6500244140625,1676.800048828125,1611.0,1618.5,1566.1436767578125,303107.0
2024-07-30,1618.5,1674.0,1616.25,1668.0,1614.0423583984375,353991.0
2024-07-31,1677.0,1684.3499755859375,1622.9000244140625,1627.5,1574.8526611328125,146944.0
2024-08-01,1637.699951171875,1649.949951171875,1622.550048828125,1628.4000244140625,1575.7235107421875,103468.0
2024-08-02,1619.0,1634.5999755859375,1602.0999755859375,1605.699951171875,1553.7578125,67853.0
2024-08-05,1580.699951171875,1603.300048828125,1530.0,1533.550048828125,1483.941650390625,128101.0
2024-08-06,1560.4000244140625,1574.949951171875,1515.0,1525.1500244140625,1475.8135986328125,87419.0
2024-08-07,1548.9000244140625,1548.9000244140625,1491.0,1500.5999755859375,1452.0576171875,151521.0
2024-08-08,1584.0,1650.6500244140625,1551.0,1625.4000244140625,1572.820556640625,1307536.0
2024-08-09,1649.800048828125,1649.800048828125,1581.050048828125,1592.449951171875,1540.9364013671875,164573.0
2024-08-12,1584.0,1584.0,1539.0999755859375,1542.75,1492.8441162109375,137481.0
2024-08-13,1580.0,1580.0,1519.0,1523.699951171875,1474.410400390625,130556.0
2024-08-14,1529.0,1539.449951171875,1502.25,1528.949951171875,1479.490478515625,121585.0
2024-08-16,1550.0,1550.0,1520.0,1531.949951171875,1482.393310546875,68913.0
2024-08-19,1538.949951171875,1552.5,1526.5999755859375,1532.6500244140625,1483.071044921875,65103.0
2024-08-20,1545.949951171875,1559.949951171875,1515.0999755859375,1539.449951171875,1489.6507568359375,91163.0
2024-08-21,1543.9000244140625,1570.0,1536.699951171875,1563.0,1512.4388427734375,84862.0
2024-08-22,1578.699951171875,1589.6500244140625,1562.4000244140625,1567.699951171875,1516.9869384765625,70499.0
2024-08-23,1567.699951171875,1595.0,1562.1500244140625,1591.25,1539.775146484375,109182.0
2024-08-26,1597.0,1630.0,1590.0,1594.199951171875,1542.629638671875,142510.0
2024-08-27,1599.0,1600.0,1576.4000244140625,1581.949951171875,1530.77587890625,53298.0
2024-08-28,1589.699951171875,1601.0,1564.199951171875,1578.949951171875,1527.8731689453125,72108.0
2024-08-29,1584.4000244140625,1591.449951171875,1561.5999755859375,1582.9000244140625,1531.6954345703125,65359.0
2024-08-30,1575.0999755859375,1590.800048828125,1569.4000244140625,1581.0,1529.8565673828125,50005.0
2024-09-02,1593.699951171875,1593.699951171875,1562.0,1577.199951171875,1526.1796875,68196.0
2024-09-03,1577.199951171875,1588.0,1566.5,1579.9000244140625,1528.7923583984375,41643.0
2024-09-04,1569.25,1621.0999755859375,1555.5999755859375,1582.4000244140625,1531.2115478515625,188681.0
2024-09-05,1590.0,1638.0,1590.0,1611.0999755859375,1558.9832763671875,219742.0
2024-09-06,1612.0,1662.0,1590.0,1598.050048828125,1546.3553466796875,204602.0
2024-09-09,1598.0,1598.0,1560.699951171875,1574.6500244140625,1523.7122802734375,83395.0
2024-09-10,1577.0,1630.0,1568.300048828125,1627.0,1574.3687744140625,305398.0
2024-09-11,1635.9000244140625,1647.0,1610.0999755859375,1638.9000244140625,1585.8837890625,178857.0
2024-09-12,1670.050048828125,1680.0,1645.1500244140625,1660.800048828125,1607.075439453125,470363.0
2024-09-13,1702.050048828125,1707.0,1673.949951171875,1695.5,1640.6529541015625,337577.0
2024-09-16,1699.0,1707.0,1667.800048828125,1681.0,1626.6219482421875,259652.0
2024-09-17,1670.050048828125,1677.0,1645.699951171875,1673.3499755859375,1619.2193603515625,232130.0
2024-09-18,1673.300048828125,1673.300048828125,1628.0,1637.5,1584.529052734375,190289.0
2024-09-19,1657.0,1657.4000244140625,1591.0,1601.75,1549.935546875,148503.0
2024-09-20,1622.0,1622.0,1591.75,1598.5999755859375,1546.8875732421875,110088.0
2024-09-23,1611.050048828125,1618.0999755859375,1586.0,1598.5999755859375,1546.8875732421875,86912.0
2024-09-24,1591.0,1607.949951171875,1591.0,1595.0,1543.40380859375,83957.0
2024-09-25,1600.0,1605.0,1560.0,1565.1500244140625,1514.51953125,78758.0
2024-09-26,1574.0,1601.949951171875,1561.0,1592.8499755859375,1541.3233642578125,90157.0
2024-09-27,1592.5,1608.800048828125,1530.0,1537.5,1487.763916015625,148304.0
2024-09-30,1537.5,1579.0,1530.300048828125,1565.199951171875,1514.56787109375,117129.0
2024-10-01,1565.199951171875,1601.550048828125,1556.449951171875,1579.3499755859375,1528.2601318359375,94322.0
2024-10-03,1571.9000244140625,1587.0,1561.050048828125,1571.6500244140625,1520.8092041015625,85497.0
2024-10-04,1553.0,1580.0,1535.199951171875,1552.199951171875,1501.9884033203125,82657.0
2024-10-07,1556.0,1563.050048828125,1510.0,1518.800048828125,1469.6688232421875,125292.0
2024-10-08,1524.699951171875,1530.0,1505.1500244140625,1525.9000244140625,1476.539306640625,59927.0
2024-10-09,1528.0,1557.9000244140625,1528.0,1538.8499755859375,1489.0703125,42733.0
2024-10-10,1544.050048828125,1575.0,1542.0,1565.5,1514.858154296875,53261.0
2024-10-11,1574.0,1579.800048828125,1551.0,1563.1500244140625,1512.5843505859375,43551.0
2024-10-14,1574.699951171875,1579.75,1550.050048828125,1559.949951171875,1509.4876708984375,37952.0
2024-10-15,1562.0,1582.800048828125,1549.300048828125,1558.25,1507.8427734375,51685.0
2024-10-16,1558.25,1595.9000244140625,1539.9000244140625,1581.75,1530.58251953125,82336.0
2024-10-17,1582.0999755859375,1589.949951171875,1555.0,1558.300048828125,1507.8912353515625,41001.0
2024-10-18,1557.699951171875,1566.0,1540.5999755859375,1550.949951171875,1500.77880859375,38541.0
2024-10-21,1552.0,1594.800048828125,1552.0,1567.5999755859375,1516.8902587890625,120472.0
2024-10-22,1589.800048828125,1607.699951171875,1525.0,1532.949951171875,1483.3609619140625,256826.0
2024-10-23,1521.199951171875,1553.949951171875,1506.199951171875,1522.550048828125,1473.297607421875,62261.0
2024-10-24,1525.5,1539.949951171875,1500.0,1503.449951171875,1454.8154296875,58365.0
2024-10-25,1511.699951171875,1520.0,1486.1500244140625,1507.699951171875,1458.9281005859375,94976.0
2024-10-28,1519.699951171875,1529.0,1496.050048828125,1505.699951171875,1456.9925537109375,59987.0
2024-10-29,1509.0,1523.949951171875,1491.5,1507.800048828125,1464.862060546875,39365.0
2024-10-30,1506.9000244140625,1547.0,1503.0,1523.449951171875,1480.0662841796875,60139.0
2024-10-31,1522.0,1544.0,1514.5,1523.449951171875,1480.0662841796875,62295.0
2024-11-01,1530.0,1549.0,1521.050048828125,1538.5,1494.6876220703125,10533.0
2024-11-04,1540.0,1542.0,1495.0,1503.75,1460.92724609375,47016.0
2024-11-05,1509.699951171875,1531.800048828125,1496.050048828125,1500.0,1457.2843017578125,294153.0
2024-11-06,1524.0,1534.3499755859375,1497.699951171875,1504.449951171875,1461.607421875,461353.0
2024-11-07,1520.0,1520.0,1490.0,1494.949951171875,1452.3779296875,72849.0
2024-11-08,1495.0,1504.9000244140625,1461.0,1464.8499755859375,1423.1351318359375,58948.0
2024-11-11,1464.0,1471.949951171875,1451.0,1461.5,1419.88037109375,36108.0
2024-11-12,1460.699951171875,1484.449951171875,1450.0,1453.5,1412.1083984375,48004.0
2024-11-13,1454.699951171875,1457.699951171875,1420.0,1424.550048828125,1383.9827880859375,58797.0
2024-11-14,1424.5,1444.25,1409.300048828125,1414.0,1373.733154296875,46907.0
2024-11-18,1415.0,1418.0,1334.0,1392.1500244140625,1352.50537109375,163469.0
2024-11-19,1388.050048828125,1443.699951171875,1388.050048828125,1414.8499755859375,1374.5589599609375,48529.0
2024-11-21,1414.8499755859375,1419.050048828125,1382.5999755859375,1389.4000244140625,1349.833740234375,36436.0
2024-11-22,1374.050048828125,1414.0,1374.050048828125,1409.699951171875,1369.5557861328125,28698.0
2024-11-25,1432.0,1446.0,1401.0,1407.800048828125,1367.709716796875,159162.0
2024-11-26,1418.699951171875,1467.0,1411.5,1461.3499755859375,1419.73486328125,78233.0
2024-11-27,1469.949951171875,1489.949951171875,1456.0999755859375,1472.5999755859375,1430.6644287109375,33182.0
2024-11-28,1478.699951171875,1482.0,1455.0,1466.3499755859375,1424.59228515625,45125.0
2024-11-29,1466.949951171875,1471.199951171875,1436.0,1440.5,1399.478515625,29919.0
2024-12-02,1431.0,1469.699951171875,1412.0,1454.9000244140625,1413.468505859375,84813.0
2024-12-03,1454.9000244140625,1464.9000244140625,1436.0,1444.6500244140625,1403.5103759765625,47523.0
2024-12-04,1448.699951171875,1453.75,1436.1500244140625,1443.5999755859375,1402.490234375,37806.0
2024-12-05,1445.0,1470.449951171875,1440.0,1467.3499755859375,1425.5638427734375,56174.0
2024-12-06,1471.050048828125,1479.75,1445.9000244140625,1453.25,1411.865478515625,162616.0
2024-12-09,1459.949951171875,1505.199951171875,1452.0,1485.9000244140625,1443.5858154296875,104182.0
2024-12-10,1496.0,1499.9000244140625,1418.0,1424.050048828125,1383.496826171875,403155.0
2024-12-11,1429.699951171875,1450.0,1429.699951171875,1444.949951171875,1403.8017578125,85750.0
2024-12-12,1446.0999755859375,1449.949951171875,1430.050048828125,1438.8499755859375,1397.8753662109375,45262.0
2024-12-13,1439.9000244140625,1443.6500244140625,1422.050048828125,1428.3499755859375,1387.674560546875,41937.0
2024-12-16,1428.949951171875,1438.699951171875,1422.0,1431.5,1390.7347412109375,165274.0
2024-12-17,1450.0,1450.9000244140625,1425.0,1427.550048828125,1386.8973388671875,32229.0
2024-12-18,1448.949951171875,1487.8499755859375,1421.0,1427.699951171875,1387.0430908203125,255588.0
2024-12-19,1417.050048828125,1428.0,1408.0,1414.5999755859375,1374.3162841796875,66100.0
2024-12-20,1435.800048828125,1435.800048828125,1357.3499755859375,1368.3499755859375,1329.3831787109375,96385.0
2024-12-23,1369.9000244140625,1380.1500244140625,1355.5,1361.9000244140625,1323.116943359375,72552.0
2024-12-24,1366.0,1395.0,1355.0,1390.449951171875,1350.8536376953125,37815.0
2024-12-26,1400.0,1400.0,1365.050048828125,1369.050048828125,1330.0633544921875,30920.0
2024-12-27,1365.4000244140625,1382.449951171875,1364.0999755859375,1370.4000244140625,1331.3748779296875,31804.0
2024-12-30,1389.0,1426.3499755859375,1365.300048828125,1415.6500244140625,1375.336181640625,78781.0
2024-12-31,1402.300048828125,1414.75,1390.449951171875,1392.8499755859375,1353.185302734375,49021.0
2025-01-01,1399.0,1412.699951171875,1390.1500244140625,1402.3499755859375,1362.4149169921875,22586.0
2025-01-02,1409.0,1409.800048828125,1396.0,1405.3499755859375,1365.3294677734375,21875.0
2025-01-03,1410.3499755859375,1410.3499755859375,1394.0,1396.300048828125,1356.5372314453125,30163.0
2025-01-06,1415.949951171875,1442.0,1344.75,1350.9000244140625,1312.4300537109375,133498.0
2025-01-07,1351.0999755859375,1383.800048828125,1351.0999755859375,1373.6500244140625,1334.5323486328125,28511.0
2025-01-08,1373.6500244140625,1419.8499755859375,1352.0,1357.050048828125,1318.4049072265625,180211.0
2025-01-09,1371.0,1371.0,1353.0,1357.9000244140625,1319.2308349609375,22494.0
2025-01-10,1368.9000244140625,1369.0,1311.0,1323.25,1285.567626953125,74616.0
2025-01-13,1304.0,1319.75,1275.0,1285.0,1248.40673828125,56348.0
2025-01-14,1285.0,1327.9000244140625,1280.0,1323.9000244140625,1286.19921875,38085.0
2025-01-15,1327.0,1335.0,1288.3499755859375,1292.199951171875,1255.401611328125,40842.0
2025-01-16,1311.5999755859375,1319.0,1292.0,1299.3499755859375,1262.3480224609375,35774.0
2025-01-17,1307.0,1307.0,1292.3499755859375,1301.5999755859375,1264.533935546875,27289.0
2025-01-20,1300.5999755859375,1313.9000244140625,1292.75,1299.8499755859375,1262.8338623046875,29627.0
2025-01-21,1304.0,1326.4000244140625,1294.0,1297.6500244140625,1260.6966552734375,24491.0
2025-01-22,1302.8499755859375,1306.550048828125,1241.0,1249.699951171875,1214.11181640625,77544.0
2025-01-23,1255.9000244140625,1303.3499755859375,1232.050048828125,1296.5,1259.5791015625,113624.0
2025-01-24,1297.5,1307.5,1240.0,1245.1500244140625,1209.6915283203125,60957.0
2025-01-27,1245.0,1248.4000244140625,1191.25,1199.5,1165.341552734375,125820.0
2025-01-28,1195.0,1211.800048828125,1131.0999755859375,1191.4000244140625,1157.4722900390625,334125.0
2025-01-29,1190.0,1217.0,1156.300048828125,1202.25,1168.01318359375,75170.0
2025-01-30,1200.3499755859375,1238.0,1181.5,1190.699951171875,1156.792236328125,40959.0
2025-01-31,1195.0,1204.0,1185.0,1197.0,1165.850341796875,58988.0
2025-02-01,1215.949951171875,1219.949951171875,1194.800048828125,1202.9000244140625,1171.5966796875,20788.0
2025-02-03,1186.050048828125,1212.949951171875,1171.0999755859375,1181.199951171875,1150.4613037109375,55975.0
2025-02-04,1194.0,1199.0,1184.800048828125,1192.8499755859375,1161.8082275390625,26280.0
2025-02-05,1199.3499755859375,1209.550048828125,1187.300048828125,1195.1500244140625,1164.048583984375,72969.0
2025-02-06,1195.1500244140625,1260.0,1185.0,1197.699951171875,1166.531982421875,256051.0
2025-02-07,1200.050048828125,1214.9000244140625,1179.199951171875,1190.4000244140625,1159.421875,62410.0
2025-02-10,1196.0,1201.050048828125,1154.050048828125,1176.199951171875,1145.59130859375,77767.0
2025-02-11,1160.0,1183.949951171875,1128.0,1131.949951171875,1102.492919921875,59505.0
2025-02-12,1129.0,1149.0,1090.0,1104.699951171875,1075.9520263671875,164201.0
2025-02-13,1121.25,1121.25,1092.0,1099.050048828125,1070.44921875,87282.0
2025-02-14,1110.9000244140625,1117.949951171875,1041.0,1061.4000244140625,1033.7789306640625,129120.0
2025-02-17,1060.0,1078.449951171875,1039.449951171875,1070.25,1042.398681640625,75439.0
2025-02-18,1087.199951171875,1088.4000244140625,1023.0499877929688,1029.949951171875,1003.1472778320312,71690.0
2025-02-19,1027.0,1059.550048828125,1011.5499877929688,1046.5999755859375,1019.3639526367188,127405.0
2025-02-20,1049.800048828125,1060.0,1026.9000244140625,1028.800048828125,1002.02734375,96548.0
2025-02-21,1028.75,1057.5,1025.0,1039.949951171875,1012.886962890625,92442.0
2025-02-24,1039.949951171875,1044.949951171875,1015.0,1023.1500244140625,996.5243530273438,74277.0
2025-02-25,1022.0499877929688,1038.8499755859375,1008.0,1015.2000122070312,988.7811889648438,86146.0
2025-02-27,1015.4000244140625,1025.0,995.0,1000.4500122070312,974.4149780273438,72714.0
2025-02-28,1009.0,1009.0999755859375,961.9000244140625,980.0999755859375,954.5946044921875,136639.0
2025-03-03,984.9500122070312,989.9000244140625,953.0,968.0,942.8095703125,152659.0
2025-03-04,955.0,999.0499877929688,953.0,984.75,959.12353515625,77316.0
2025-03-05,998.5,1015.3499755859375,987.5999755859375,1001.1500244140625,975.0968627929688,87610.0
2025-03-06,1029.3499755859375,1120.0,1025.0,1034.4000244140625,1007.4816284179688,3129426.0
2025-03-07,1033.4000244140625,1040.050048828125,1015.0,1019.5999755859375,993.066650390625,213964.0
2025-03-10,1014.0,1021.6500244140625,965.0,975.0499877929688,949.676025390625,190248.0
2025-03-11,965.0,982.4000244140625,954.5,969.8499755859375,944.611328125,127941.0
2025-03-12,969.8499755859375,984.8499755859375,953.9500122070312,980.5499877929688,955.0328979492188,148599.0
2025-03-13,975.1500244140625,983.8499755859375,950.0,957.0,932.095703125,183554.0
2025-03-17,952.0499877929688,980.0,914.9500122070312,926.75,902.6329956054688,251298.0
2025-03-18,926.75,926.75,926.75,926.75,902.6329956054688,0.0
2025-03-19,957.8499755859375,984.7000122070312,951.5499877929688,964.1500244140625,939.0597534179688,184297.0
2025-03-20,969.0,992.6500244140625,966.5499877929688,978.4500122070312,952.987548828125,127528.0
2025-03-21,980.0,1012.5499877929688,973.0,999.3499755859375,973.3436889648438,168078.0
2025-03-24,999.4000244140625,1015.9500122070312,993.9000244140625,999.4500122070312,973.4411010742188,130904.0
2025-03-25,999.4500122070312,1011.7999877929688,970.0,977.75,952.3058471679688,136863.0
2025-03-26,972.4500122070312,983.0,947.5,951.8499755859375,927.0797119140625,162433.0
2025-03-27,964.7999877929688,969.9500122070312,939.7000122070312,950.3499755859375,925.6187133789062,231146.0
2025-03-28,945.3499755859375,966.1500244140625,927.0,932.2000122070312,907.9412231445312,230043.0
2025-04-01,928.0,984.0,924.5,976.1500244140625,950.7473754882812,296012.0
2025-04-02,974.3499755859375,976.1500244140625,952.2999877929688,965.5,940.37451171875,53365.0
2025-04-03,950.0,979.0,950.0,975.75,950.3577880859375,62008.0
2025-04-04,970.3499755859375,970.3499755859375,931.0,940.9000244140625,916.4147338867188,100599.0
2025-04-07,864.0999755859375,934.9500122070312,861.9000244140625,921.2000122070312,897.2274169921875,143961.0
2025-04-08,930.9500122070312,941.6500244140625,911.0499877929688,923.4500122070312,899.4188842773438,78046.0
2025-04-09,923.5499877929688,996.0,911.0,975.4000244140625,950.0169067382812,545112.0
2025-04-11,983.0,985.0999755859375,964.6500244140625,975.4000244140625,950.0169067382812,102753.0
2025-04-15,985.0,991.4500122070312,969.5999755859375,980.4000244140625,954.8867797851562,75569.0
2025-04-16,975.0499877929688,995.9500122070312,971.7999877929688,981.7999877929688,956.2503051757812,63526.0
2025-04-17,976.5,1030.0,976.4000244140625,1022.75,996.134765625,229279.0
2025-04-21,1022.75,1030.699951171875,1011.0499877929688,1017.5,991.0213012695312,117977.0
2025-04-22,1013.1500244140625,1026.449951171875,1005.5,1010.2999877929688,984.0086669921875,62667.0
2025-04-23,1013.2999877929688,1040.0,1003.0,1009.2000122070312,982.9373779296875,146451.0
2025-04-24,1011.2000122070312,1040.0,1011.2000122070312,1018.7999877929688,992.2874755859375,128932.0
2025-04-25,1021.7000122070312,1025.5,962.4500122070312,972.5999755859375,947.2897338867188,181588.0
2025-04-28,975.2000122070312,988.7999877929688,970.9500122070312,977.5499877929688,952.1109619140625,83049.0
2025-04-29,977.5499877929688,992.0,966.5499877929688,971.8499755859375,946.5592651367188,57674.0
2025-04-30,967.0,974.9500122070312,945.5,950.9500122070312,926.2032470703125,62179.0
2025-05-02,951.9500122070312,979.8499755859375,943.2999877929688,970.8499755859375,945.5852661132812,68153.0
2025-05-05,969.6500244140625,983.9500122070312,968.8499755859375,975.6500244140625,950.2604370117188,42701.0
2025-05-06,975.6500244140625,988.1500244140625,951.0,953.2999877929688,928.4920043945312,67093.0
2025-05-07,948.0999755859375,974.25,935.5999755859375,959.5,934.5307006835938,95971.0
2025-05-08,945.0999755859375,1004.0,935.5499877929688,943.1500244140625,918.606201171875,321674.0
2025-05-09,900.0,932.0999755859375,900.0,912.4000244140625,888.6564331054688,118290.0
2025-05-12,960.0,960.0,935.2999877929688,939.5,915.0511474609375,184782.0
2025-05-13,940.2000122070312,956.2999877929688,935.1500244140625,938.6500244140625,914.2233276367188,106575.0
2025-05-14,941.0,970.0,938.6500244140625,946.25,921.6255493164062,180614.0
2025-05-15,950.7000122070312,959.3499755859375,943.0999755859375,950.2999877929688,925.570068359375,112681.0
2025-05-16,953.0499877929688,986.2999877929688,951.9000244140625,981.6500244140625,956.1043701171875,141669.0
2025-05-19,986.0,993.0,965.5999755859375,971.5999755859375,946.3158569335938,93442.0
2025-05-20,975.0,981.4500122070312,956.0,958.75,933.8001708984375,65263.0
2025-05-21,958.75,970.0,952.25,959.75,934.7742309570312,43568.0
2025-05-22,959.0,978.0,954.8499755859375,972.5999755859375,947.2897338867188,71809.0
2025-05-23,971.7999877929688,984.4000244140625,958.0,966.6500244140625,941.49462890625,100918.0
2025-05-26,967.0,978.5,946.9000244140625,958.7000122070312,933.75146484375,76563.0
2025-05-27,960.5,969.25,944.0499877929688,950.4500122070312,925.7161865234375,138413.0
2025-05-28,954.0,971.0,953.2999877929688,966.9000244140625,941.7381591796875,73329.0
2025-05-29,966.9500122070312,976.7999877929688,951.0,960.0,935.0176391601562,136648.0
2025-05-30,961.5,970.6500244140625,945.0499877929688,949.25,924.5474243164062,103267.0
2025-06-02,955.0,972.0,945.1500244140625,957.7000122070312,932.7775268554688,90686.0
2025-06-03,961.75,970.0,950.0,954.1500244140625,929.3199462890625,116988.0
2025-06-04,955.0499877929688,964.4500122070312,945.9500122070312,949.75,925.034423828125,83988.0
2025-06-05,951.5999755859375,971.0,951.5999755859375,963.7999877929688,938.7186889648438,81532.0
2025-06-06,966.0,1025.0999755859375,966.0,1021.3499755859375,994.7711181640625,1298387.0
2025-06-09,1041.0,1061.0,1027.75,1044.449951171875,1017.2698364257812,487094.0
2025-06-10,1050.8499755859375,1060.0,1024.0,1027.8499755859375,1001.1019287109375,198086.0
2025-06-11,1030.0,1039.6500244140625,1007.0,1027.0,1000.274169921875,131959.0
2025-06-12,1031.949951171875,1158.0,1027.0,1077.5999755859375,1049.557373046875,8342471.0
2025-06-13,1048.0,1096.800048828125,1030.0999755859375,1086.25,1057.982177734375,936153.0
2025-06-16,1070.699951171875,1085.25,1043.300048828125,1062.1500244140625,1034.5093994140625,368241.0
2025-06-17,1062.1500244140625,1094.8499755859375,1050.0999755859375,1056.699951171875,1029.2010498046875,429526.0
2025-06-18,1051.0,1061.300048828125,1034.050048828125,1045.5,1018.2926635742188,188063.0
2025-06-19,1040.949951171875,1043.1500244140625,993.1500244140625,999.0999755859375,973.1001586914062,248497.0
2025-06-20,1002.7999877929688,1017.4000244140625,969.0999755859375,981.25,955.7147216796875,511733.0
2025-06-23,982.0,991.4000244140625,971.75,984.5499877929688,958.9287719726562,138407.0
2025-06-24,999.0,999.0,962.5499877929688,965.3499755859375,940.2284545898438,307453.0
2025-06-25,972.0,992.1500244140625,963.0499877929688,986.9000244140625,961.2177124023438,179001.0
2025-06-26,993.9000244140625,1002.8499755859375,987.5499877929688,993.9500122070312,968.0841674804688,118703.0
2025-06-27,1000.0,1014.0,987.5,999.2999877929688,973.2949829101562,197744.0
2025-06-30,1011.0,1039.9000244140625,1007.0,1023.75,997.108642578125,331207.0
2025-07-01,1024.0999755859375,1034.5,1010.0,1026.300048828125,999.5924072265625,123139.0
2025-07-02,1026.800048828125,1026.800048828125,1003.2000122070312,1012.7000122070312,986.3462524414062,94851.0
2025-07-03,1014.2999877929688,1024.199951171875,1007.2000122070312,1016.9000244140625,990.43701171875,133123.0
2025-07-04,1019.7999877929688,1034.0,1007.0,1019.2000122070312,992.6771240234375,92338.0
2025-07-07,1023.9000244140625,1024.4000244140625,1006.0,1011.0,984.6904296875,62976.0
2025-07-08,1011.0,1014.4000244140625,995.0,1003.2000122070312,977.0935668945312,87416.0
2025-07-09,1006.0,1018.0,985.0999755859375,990.2000122070312,964.4318237304688,119325.0
2025-07-10,993.5999755859375,1005.2000122070312,992.5999755859375,1001.0,974.9506225585938,74227.0
2025-07-11,995.0,1001.7999877929688,985.7000122070312,989.4000244140625,963.652587890625,51927.0
2025-07-14,985.0,988.7999877929688,975.0,984.2000122070312,958.587890625,52389.0
2025-07-15,984.9000244140625,1007.7000122070312,984.5999755859375,1002.2000122070312,976.1194458007812,84717.0
2025-07-16,1003.2000122070312,1022.0,1003.2000122070312,1012.2999877929688,985.9566650390625,93238.0
2025-07-17,1014.7999877929688,1028.0,1005.4000244140625,1009.5999755859375,983.326904296875,91827.0
2025-07-18,998.0,998.0,956.2000122070312,959.5999755859375,934.6280517578125,478485.0
2025-07-21,932.0,960.5,932.0,938.5999755859375,914.1746215820312,196551.0
2025-07-22,943.0,949.9000244140625,935.0,936.5999755859375,912.2265625,104650.0
2025-07-23,937.9000244140625,945.4000244140625,930.0999755859375,932.7999877929688,911.4449462890625,89058.0
2025-07-24,932.7999877929688,944.4000244140625,930.0,933.2999877929688,911.9335327148438,69315.0
2025-07-25,933.4000244140625,936.0,920.0,926.0999755859375,904.8983154296875,71568.0
2025-07-28,930.0,930.0,905.0,908.2999877929688,887.5057983398438,72692.0
2025-07-29,908.0,917.0999755859375,899.0999755859375,910.5,889.6554565429688,66856.0
2025-07-30,914.7999877929688,923.2999877929688,908.0,912.2999877929688,891.4142456054688,46869.0
2025-07-31,909.9000244140625,909.9000244140625,894.5999755859375,902.2999877929688,881.6431274414062,63213.0
2025-08-01,906.7999877929688,906.7999877929688,883.0,884.3499755859375,864.1040649414062,107008.0
2025-08-04,887.9500122070312,887.9500122070312,873.0999755859375,878.0999755859375,857.9971923828125,76681.0
2025-08-05,878.5499877929688,885.0,871.75,882.5499877929688,862.3453369140625,47492.0
2025-08-06,885.9000244140625,888.9500122070312,872.5,878.25,858.1437377929688,40564.0
2025-08-07,876.0,880.0,865.0,874.5,854.4796142578125,66540.0
2025-08-08,872.0499877929688,878.5999755859375,861.0,863.4000244140625,843.6337280273438,62939.0
2025-08-11,864.75,871.25,856.2000122070312,867.4000244140625,847.5421142578125,47189.0
2025-08-12,871.4000244140625,878.0999755859375,860.2999877929688,862.9500122070312,843.1940307617188,42659.0
2025-08-13,868.9000244140625,894.9000244140625,861.7000122070312,884.25,864.0064697265625,135170.0
2025-08-14,884.25,896.4500122070312,869.0499877929688,871.5,851.5482788085938,45783.0
2025-08-18,874.0,896.0,867.4000244140625,889.8499755859375,869.4781494140625,60879.0
2025-08-19,889.3499755859375,916.9500122070312,877.6500244140625,902.3499755859375,881.6920166015625,85683.0
2025-08-20,902.3499755859375,921.5999755859375,902.0,905.0,884.2813720703125,66680.0
2025-08-21,905.0,907.0499877929688,888.0499877929688,892.3499755859375,871.9209594726562,56012.0
2025-08-22,894.0,894.7999877929688,878.1500244140625,880.2999877929688,860.1468505859375,49338.0
2025-08-25,883.2999877929688,885.0,871.7999877929688,874.4000244140625,854.3818969726562,63663.0
2025-08-26,875.9000244140625,876.0499877929688,859.3499755859375,860.4500122070312,840.7512817382812,79316.0
2025-08-28,859.2000122070312,862.2999877929688,850.0,855.4500122070312,837.8131103515625,69863.0
2025-08-29,851.0499877929688,872.0,847.0,847.9500122070312,830.4677734375,67492.0
2025-09-01,847.0,860.5999755859375,841.25,852.4500122070312,834.875,78457.0
2025-09-02,853.9500122070312,878.0999755859375,851.0,855.0,837.3723754882812,131700.0
2025-09-03,857.0,857.6500244140625,849.2000122070312,850.2999877929688,832.769287109375,88532.0
2025-09-04,859.4000244140625,870.0499877929688,849.0,855.7999877929688,838.1559448242188,167273.0
2025-09-05,860.0,869.9000244140625,852.25,861.0499877929688,843.2977294921875,89311.0
2025-09-08,868.0,874.0,858.0,867.0,849.125,59253.0
2025-09-09,865.0,867.5999755859375,857.9000244140625,860.25,842.51416015625,44001.0
2025-09-10,870.0,875.0,859.25,862.0999755859375,844.3259887695312,96728.0
2025-09-11,864.9000244140625,870.0,852.0499877929688,855.8499755859375,838.204833984375,67372.0
2025-09-12,865.2999877929688,890.4000244140625,854.0,871.7000122070312,853.7280883789062,241310.0
2025-09-15,873.0,873.0,858.9500122070312,862.0999755859375,844.3259887695312,74541.0
2025-09-16,863.2000122070312,879.4000244140625,859.2999877929688,872.2000122070312,854.2177734375,86788.0
2025-09-17,872.9500122070312,880.0,864.8499755859375,867.9000244140625,850.0064086914062,98386.0
2025-09-18,875.0,890.0,870.2000122070312,875.4000244140625,857.3518676757812,90334.0
2025-09-19,879.2999877929688,879.9500122070312,851.7000122070312,855.5999755859375,837.9600830078125,150786.0
2025-09-22,855.75,857.75,839.4000244140625,841.0999755859375,823.7589721679688,174564.0
2025-09-23,845.2999877929688,850.0,839.0,845.6500244140625,828.2152099609375,88423.0
2025-09-24,846.0,850.0,839.5,841.5,824.1507568359375,86183.0
2025-09-25,842.0,845.6500244140625,825.8499755859375,829.4000244140625,812.3002319335938,88603.0
2025-09-26,833.0,842.0,789.2999877929688,799.5,783.0166015625,182092.0
2025-09-29,810.0,819.75,780.2000122070312,787.7000122070312,771.4599609375,359184.0
2025-09-30,787.9000244140625,803.0999755859375,784.0,791.5499877929688,775.23046875,69787.0
2025-10-01,788.0,815.0,785.5999755859375,797.9500122070312,781.4985961914062,61130.0
2025-10-03,799.5,809.0,790.4000244140625,794.5999755859375,778.2177124023438,92037.0
2025-10-06,797.4000244140625,799.2000122070312,779.6500244140625,783.75,767.5913696289062,116120.0
2025-10-07,789.0,797.1500244140625,765.5,773.5999755859375,757.650634765625,198998.0
2025-10-08,775.5,789.3499755859375,770.0499877929688,771.8499755859375,755.9367065429688,99120.0
2025-10-09,771.8499755859375,775.7000122070312,759.0,761.5,745.800048828125,135623.0
2025-10-10,763.0,766.0,758.2000122070312,760.5499877929688,744.8696899414062,155733.0
2025-10-13,764.9500122070312,764.9500122070312,753.0499877929688,754.2999877929688,738.7484741210938,97221.0
2025-10-14,754.5999755859375,758.7999877929688,739.4000244140625,742.5,727.1918334960938,122019.0
2025-10-15,745.9000244140625,746.25,728.5499877929688,735.5999755859375,720.4340209960938,140933.0
2025-10-16,737.0,744.5999755859375,731.9000244140625,733.75,718.6222534179688,183484.0
2025-10-17,741.0999755859375,741.0999755859375,730.2000122070312,731.8499755859375,716.7614135742188,124498.0
2025-10-20,731.8499755859375,733.2000122070312,714.2000122070312,722.8499755859375,707.9468994140625,220520.0
2025-10-21,740.0,741.0,730.0999755859375,737.5,722.2949829101562,60636.0
2025-10-23,741.0,741.0499877929688,726.0499877929688,728.8499755859375,713.8232421875,158198.0
2025-10-24,731.5499877929688,731.5999755859375,722.7999877929688,724.25,709.3180541992188,110464.0
2025-10-27,728.0,733.75,720.25,731.5999755859375,716.5165405273438,133087.0
2025-10-28,734.0,735.0,725.0,727.7000122070312,712.697021484375,119140.0
2025-10-29,727.9000244140625,740.0,724.5,736.7999877929688,721.609375,223755.0
2025-10-30,743.0,743.0,720.2000122070312,721.75,706.8695678710938,239531.0
2025-10-31,725.0,740.0,710.6500244140625,712.25,697.5654907226562,190115.0
2025-11-03,714.0,726.0,705.5499877929688,723.8499755859375,708.92626953125,275065.0
2025-11-04,710.0,745.5499877929688,705.5499877929688,711.8499755859375,697.1737060546875,576209.0
2025-11-06,710.25,714.5,699.0,705.6500244140625,691.1015625,207646.0
2025-11-07,704.9500122070312,704.9500122070312,692.0499877929688,696.5999755859375,682.2381591796875,113391.0
2025-11-10,693.0,694.2999877929688,680.0,682.4000244140625,671.2216796875,179149.0
2025-11-11,683.5,683.5,660.1500244140625,672.0,660.9920043945312,217034.0
2025-11-12,675.4000244140625,716.9500122070312,674.8499755859375,707.75,696.1563110351562,566025.0
2025-11-13,708.25,733.4000244140625,702.2999877929688,712.5499877929688,700.877685546875,295840.0
2025-11-14,713.9500122070312,713.9500122070312,690.0999755859375,692.0499877929688,680.7135009765625,156091.0
2025-11-17,690.0,696.7999877929688,685.2000122070312,689.25,677.9594116210938,110498.0
2025-11-18,689.25,698.9000244140625,683.4000244140625,692.9500122070312,681.5988159179688,173850.0
2025-11-19,690.0,690.0,680.0,680.5499877929688,669.4019165039062,100858.0
2025-11-20,684.7999877929688,684.7999877929688,673.5,678.5999755859375,667.4837646484375,109771.0
2025-11-21,678.9000244140625,682.8499755859375,668.0,669.9000244140625,658.9263916015625,112435.0
2025-11-24,669.5,669.5,636.4500122070312,642.0,631.4833984375,547497.0
2025-11-25,640.0,680.9500122070312,638.0499877929688,668.1500244140625,657.205078125,793918.0
2025-11-26,672.75,673.4000244140625,657.25,662.0499877929688,651.2049560546875,162736.0
2025-11-27,668.0,669.0,660.9000244140625,663.5999755859375,652.7295532226562,68119.0
2025-11-28,665.0,668.5999755859375,660.0,666.7999877929688,655.8771362304688,71428.0
2025-12-01,667.5999755859375,672.0,664.0,665.8499755859375,654.9426879882812,106945.0
2025-12-02,669.0,670.0,657.0499877929688,668.2000122070312,657.2542114257812,67546.0
2025-12-03,668.2000122070312,752.2000122070312,668.2000122070312,704.2999877929688,692.7628173828125,15852901.0
2025-12-04,710.7999877929688,722.4500122070312,705.5,718.0,706.2384643554688,1336184.0
2025-12-05,710.0,714.0,673.9500122070312,680.5499877929688,669.4019165039062,799319.0
2025-12-08,680.5,688.75,652.5499877929688,656.0499877929688,645.30322265625,375059.0
2025-12-09,655.2999877929688,700.0,645.0,691.5999755859375,680.2708740234375,393628.0
2025-12-10,691.5999755859375,691.5999755859375,668.0,671.5,660.5001220703125,165832.0
2025-12-11,671.5,686.0,660.2999877929688,681.2000122070312,670.041259765625,155020.0
2025-12-12,682.0499877929688,682.8499755859375,673.5,675.5999755859375,664.5330200195312,88196.0
2025-12-15,671.75,688.25,671.75,685.8499755859375,674.6150512695312,136094.0
2025-12-16,680.0,713.4000244140625,678.75,695.5499877929688,684.1561889648438,299388.0
2025-12-17,695.0499877929688,695.0499877929688,677.2999877929688,680.5,669.3527221679688,100445.0
2025-12-18,680.5,769.4500122070312,680.0,729.9000244140625,717.9435424804688,9795381.0
2025-12-19,725.0,726.5,713.7000122070312,719.9000244140625,708.1072998046875,564725.0
2025-12-22,720.0,727.2999877929688,714.0,716.2999877929688,704.5662231445312,255495.0
2025-12-23,720.0,724.5499877929688,710.1500244140625,714.9500122070312,703.2384033203125,162986.0
2025-12-24,718.8499755859375,720.0,703.0499877929688,706.0,694.4349975585938,134128.0
2025-12-26,706.0,707.75,696.0,697.7999877929688,686.3693237304688,108969.0
2025-12-29,697.7999877929688,703.7999877929688,689.4500122070312,694.1500244140625,682.7791137695312,135434.0
2025-12-30,694.1500244140625,706.8499755859375,688.6500244140625,702.1500244140625,690.6481323242188,152210.0
2025-12-31,704.2000122070312,711.5499877929688,698.0499877929688,701.7999877929688,690.3038330078125,72840.0
2026-01-01,710.0,710.9500122070312,695.0,696.1500244140625,684.7463989257812,64799.0
2026-01-02,696.1500244140625,712.9000244140625,691.0,710.3499755859375,698.7137451171875,154336.0
2026-01-05,710.3499755859375,713.0,700.1500244140625,703.9000244140625,692.3694458007812,93375.0
2026-01-06,708.0999755859375,709.0,693.0,695.1500244140625,683.7627563476562,77369.0
2026-01-07,696.3499755859375,707.7000122070312,690.5499877929688,704.0999755859375,692.5661010742188,97239.0
2026-01-08,708.5,708.5,690.0,693.7999877929688,682.434814453125,102412.0
2026-01-09,691.2000122070312,691.9000244140625,667.0,669.9500122070312,658.9755859375,167192.0
2026-01-12,668.5999755859375,668.9500122070312,656.0499877929688,660.0,649.1885986328125,115753.0
2026-01-13,663.0,663.0,647.4000244140625,649.6500244140625,639.0081787109375,129234.0
2026-01-14,649.6500244140625,650.0499877929688,641.0,642.4500122070312,631.926025390625,86829.0
2026-01-15,642.4500122070312,642.4500122070312,642.4500122070312,642.4500122070312,631.926025390625,0.0
2026-01-16,645.0,652.4500122070312,638.5499877929688,641.5,630.9916381835938,130031.0
2026-01-19,641.4000244140625,641.9000244140625,628.2999877929688,631.75,621.4013061523438,117615.0
2026-01-20,631.75,631.7999877929688,610.4000244140625,613.5999755859375,603.548583984375,115102.0
2026-01-21,613.5999755859375,616.5499877929688,599.5499877929688,607.75,597.79443359375,127168.0
2026-01-22,613.0,622.0,607.0999755859375,617.9500122070312,607.827392578125,101141.0
2026-01-23,621.9000244140625,621.9000244140625,596.3499755859375,600.4000244140625,590.5648803710938,86962.0
2026-01-27,600.4000244140625,600.4000244140625,561.0,574.4500122070312,565.0399169921875,367684.0
2026-01-28,578.5,603.1500244140625,574.4500122070312,600.9500122070312,591.1058349609375,133657.0
2026-01-29,601.0,602.1500244140625,580.9000244140625,583.8499755859375,574.2859497070312,86280.0
2026-01-30,583.8499755859375,598.0999755859375,572.4500122070312,595.25,585.4991455078125,145675.0
2026-02-02,591.0,594.7999877929688,575.0999755859375,586.8499755859375,577.23681640625,85824.0
2026-02-03,604.0,607.0,588.9000244140625,591.9000244140625,582.2041015625,157690.0
2026-02-04,591.9000244140625,591.9000244140625,577.7999877929688,587.4000244140625,577.77783203125,136825.0
2026-02-05,589.7999877929688,601.6500244140625,577.0,580.2000122070312,570.6957397460938,152449.0
2026-02-06,580.2000122070312,580.4500122070312,569.5,574.4500122070312,565.0399169921875,86061.0
2026-02-09,580.0,592.2000122070312,573.2999877929688,585.4000244140625,575.8106079101562,188423.0
2026-02-10,614.6500244140625,655.0,572.0,576.7999877929688,567.3513793945312,4230167.0
2026-02-11,579.6500244140625,585.9000244140625,569.4000244140625,576.5499877929688,567.1055297851562,503717.0
2026-02-12,575.0,576.5499877929688,565.0,568.0499877929688,558.7447509765625,226474.0
2026-02-13,564.7000122070312,564.7000122070312,547.0,549.2000122070312,543.0715942382812,244445.0
2026-02-16,549.0,549.2000122070312,532.5999755859375,533.9500122070312,527.9918212890625,280489.0
2026-02-17,535.2000122070312,548.5999755859375,529.0,540.1500244140625,534.1226196289062,198415.0
2026-02-18,541.2000122070312,546.0,525.0999755859375,529.0999755859375,523.1958618164062,248129.0
2026-02-19,531.6500244140625,536.7999877929688,521.0,522.1500244140625,516.323486328125,196344.0
2026-02-20,522.9500122070312,527.9500122070312,512.0,514.75,509.00604248046875,234643.0
2026-02-23,518.0499877929688,522.4500122070312,507.95001220703125,509.8500061035156,504.1607360839844,199964.0
2026-02-24,508.6499938964844,509.8500061035156,491.8999938964844,494.70001220703125,489.1797790527344,249605.0
2026-02-25,495.3999938964844,502.45001220703125,487.0,491.1499938964844,485.6694030761719,205636.0
2026-02-26,492.79998779296875,514.2999877929688,484.6000061035156,502.20001220703125,496.5960998535156,321940.0
2026-02-27,502.29998779296875,513.25,498.79998779296875,507.95001220703125,502.2819519042969,179550.0
2026-03-02,485.0,497.75,484.54998779296875,489.29998779296875,483.84002685546875,184294.0
2026-03-04,485.3999938964844,488.1000061035156,472.29998779296875,474.70001220703125,469.4029541015625,242287.0
2026-03-05,477.5,485.0,471.0,479.3500061035156,474.0010681152344,174337.0
2026-03-06,479.3500061035156,488.70001220703125,476.0,478.45001220703125,473.1111145019531,137430.0
2026-03-09,475.04998779296875,476.0,460.3500061035156,466.70001220703125,461.4922180175781,151321.0
2026-03-10,472.8999938964844,482.0,464.45001220703125,480.3500061035156,474.9898986816406,183058.0
2026-03-11,484.0,489.95001220703125,480.54998779296875,481.70001220703125,476.3248291015625,141518.0
2026-03-12,484.5,484.5,471.1499938964844,475.95001220703125,470.6390075683594,137857.0
2026-03-13,474.70001220703125,474.70001220703125,458.0,460.6000061035156,455.4602966308594,214905.0
2026-03-16,460.6000061035156,462.29998779296875,446.0,456.25,451.1588439941406,185717.0
2026-03-17,456.25,457.0,443.0,445.45001220703125,440.4793395996094,279708.0
2026-03-18,450.1000061035156,507.6000061035156,450.1000061035156,480.70001220703125,475.33599853515625,9671786.0
2026-03-19,467.79998779296875,486.45001220703125,462.0,477.0,471.6772766113281,602871.0
2026-03-20,478.8500061035156,485.1499938964844,464.8500061035156,468.0,462.7777404785156,258049.0
2026-03-23,460.0,462.0,443.0,445.45001220703125,440.4793395996094,247101.0
2026-03-24,452.0,465.0,443.0,460.25,455.11419677734375,338106.0
2026-03-25,463.8999938964844,474.0,456.54998779296875,459.6499938964844,454.5209045410156,253862.0
2026-03-27,459.5,459.70001220703125,437.0,440.6499938964844,435.73291015625,280815.0
2026-03-30,439.79998779296875,439.79998779296875,410.70001220703125,415.6000061035156,410.96246337890625,420600.0
2026-04-01,430.54998779296875,452.95001220703125,428.04998779296875,451.29998779296875,446.2640686035156,348165.0
2026-04-02,441.45001220703125,462.0,434.79998779296875,459.20001220703125,454.075927734375,173258.0
2026-04-06,461.3500061035156,470.0,449.04998779296875,464.0,458.8223571777344,133058.0
2026-04-07,462.0,480.0,458.0,467.29998779296875,462.08551025390625,234942.0
2026-04-08,481.0,494.29998779296875,471.0,488.45001220703125,482.9995422363281,335998.0
2026-04-09,490.0,496.29998779296875,479.54998779296875,483.75,478.3519592285156,168492.0
2026-04-10,491.0,494.0,483.25,485.54998779296875,480.1318664550781,264682.0
2026-04-13,472.54998779296875,486.8999938964844,468.3999938964844,481.8500061035156,476.4731750488281,124594.0
2026-04-15,489.8999938964844,508.3999938964844,485.1000061035156,498.6000061035156,493.0362854003906,552996.0
2026-04-16,505.0,518.5999755859375,501.04998779296875,507.04998779296875,501.3919677734375,479385.0
2026-04-17,507.04998779296875,516.25,506.1000061035156,513.25,507.5227966308594,171379.0
2026-04-20,516.0,516.0,501.0,502.3500061035156,496.7444152832031,186816.0
2026-04-21,503.95001220703125,512.2999877929688,499.29998779296875,508.75,503.072998046875,126359.0
2026-04-22,504.1499938964844,521.7999877929688,502.79998779296875,518.75,512.96142578125,222283.0
2026-04-23,510.0,520.5,510.0,513.75,508.0172119140625,147624.0
2026-04-24,513.75,518.0,495.1000061035156,497.6000061035156,492.04742431640625,154275.0
2026-04-27,500.0,543.0,500.0,531.5999755859375,525.66796875,1507335.0
2026-04-28,537.4000244140625,539.0499877929688,523.0,530.0,524.0858764648438,230300.0
2026-04-29,531.0,534.3499755859375,528.0,529.9500122070312,524.0364990234375,204668.0
2026-04-30,529.9500122070312,533.7000122070312,524.7000122070312,527.1500244140625,521.2677001953125,153689.0
2026-05-01,527.1500244140625,527.1500244140625,527.1500244140625,527.1500244140625,521.2677001953125,0.0
2026-05-04,534.9000244140625,548.4000244140625,529.2999877929688,544.8499755859375,538.7701416015625,344796.0
2026-05-05,544.9000244140625,562.0,544.0,559.2000122070312,552.9600219726562,422826.0
2026-05-06,568.0,568.0,555.7999877929688,560.9000244140625,554.6410522460938,224249.0
2026-05-07,566.4000244140625,580.2000122070312,560.0,577.6500244140625,571.2041625976562,428004.0
2026-05-08,575.0,577.5,550.5999755859375,552.5,546.3348388671875,572927.0
2026-05-11,555.0,557.4000244140625,533.0999755859375,535.5499877929688,529.573974609375,279440.0
2026-05-12,532.9000244140625,538.0999755859375,508.0,509.6499938964844,503.96295166015625,292068.0
2026-05-13,509.20001220703125,531.5,503.20001220703125,519.6500244140625,513.8513793945312,279237.0
2026-05-14,521.0,526.0,504.1000061035156,506.3500061035156,500.6997985839844,149217.0
2026-05-15,506.3500061035156,508.8999938964844,501.1499938964844,503.54998779296875,497.9310302734375,131202.0
2026-05-18,504.0,505.95001220703125,492.5,500.79998779296875,495.2117004394531,102953.0
2026-05-19,505.79998779296875,528.2000122070312,505.3500061035156,519.7000122070312,513.9008178710938,300384.0
2026-05-20,518.1500244140625,518.1500244140625,508.1000061035156,514.4500122070312,508.7093811035156,126888.0
2026-05-21,516.0,523.0499877929688,513.0,516.7000122070312,510.9342956542969,68049.0
2026-05-22,516.7000122070312,517.4000244140625,507.3999938964844,511.3500061035156,505.6440124511719,70676.0
2026-05-25,515.0499877929688,524.0499877929688,511.45001220703125,516.5499877929688,510.78594970703125,170225.0
2026-05-26,515.0499877929688,527.6500244140625,511.25,514.0499877929688,508.3138427734375,154838.0
2026-05-27,516.8499755859375,517.9500122070312,511.29998779296875,514.75,509.00604248046875,105654.0
2026-05-28,514.75,514.75,514.75,514.75,509.00604248046875,0.0
2026-05-29,518.5,521.0499877929688,505.0,507.54998779296875,501.8863525390625,95466.0
2026-06-01,508.1000061035156,515.7999877929688,501.29998779296875,504.1000061035156,498.4748840332031,77557.0
2026-06-02,506.0,541.75,502.0,536.0999755859375,530.1177368164062,1068917.0
2026-06-03,541.4500122070312,541.9500122070312,520.0,527.6500244140625,521.7621459960938,230325.0
2026-06-04,520.2000122070312,533.0,520.2000122070312,526.6500244140625,520.7732543945312,105100.0
2026-06-05,530.0,532.75,522.7000122070312,525.4500122070312,519.5866088867188,72224.0
2026-06-08,517.0,520.9500122070312,508.29998779296875,511.0,505.2978820800781,85021.0
2026-06-09,511.0,539.7000122070312,509.45001220703125,533.0499877929688,527.1018676757812,218903.0
2026-06-10,533.0499877929688,534.9000244140625,517.0,518.3499755859375,512.5658569335938,82762.0
2026-06-11,518.3499755859375,518.7000122070312,507.1499938964844,509.54998779296875,503.86407470703125,79947.0
2026-06-12,518.0,530.4000244140625,512.4500122070312,521.9000244140625,516.0762939453125,96667.0
2026-06-15,525.2999877929688,545.2999877929688,521.7999877929688,526.5,520.6249389648438,165865.0
2026-06-16,530.0,549.5,526.8499755859375,541.9000244140625,535.8531494140625,360055.0
2026-06-17,545.0,550.75,537.5,538.9500122070312,532.93603515625,137993.0
2026-06-18,541.0499877929688,541.0499877929688,533.9000244140625,538.2000122070312,532.1943969726562,63588.0
2026-06-19,535.0,548.5,523.9500122070312,545.5,539.4129638671875,175811.0
2026-06-22,543.5499877929688,552.3499755859375,538.5499877929688,540.0,533.9743041992188,86533.0
2026-06-23,540.2000122070312,542.9000244140625,531.6500244140625,533.1500244140625,527.2007446289062,64832.0
2026-06-24,530.7999877929688,543.0,529.0,533.3499755859375,527.3984375,64288.0
2026-06-25,534.5,538.9500122070312,522.8499755859375,525.0,519.1416625976562,111886.0
2026-06-26,525.0,525.0,525.0,525.0,519.1416625976562,0.0
2026-06-29,525.75,525.75,516.0,517.7999877929688,512.02197265625,77559.0
2026-06-30,518.6500244140625,524.2999877929688,517.5,519.0,513.2086181640625,85773.0
2026-07-01,519.0999755859375,554.9000244140625,519.0999755859375,532.0499877929688,526.1129760742188,468608.0
2026-07-02,535.0,553.5,534.7000122070312,543.1500244140625,537.0891723632812,283788.0
2026-07-03,543.4000244140625,564.25,540.0,553.4500122070312,547.274169921875,404221.0
2026-07-06,554.0,555.0,542.0999755859375,549.4500122070312,543.31884765625,122458.0
2026-07-07,552.0,558.9500122070312,546.9000244140625,555.0,548.8069458007812,147990.0
2026-07-08,555.0,556.5999755859375,531.2000122070312,533.5499877929688,527.5962524414062,115069.0
2026-07-09,535.75,542.7000122070312,532.5,537.9000244140625,531.897705078125,104400.0
2026-07-10,542.0,549.4000244140625,542.0,546.25,540.154541015625,104153.0
2026-07-13,546.0,589.4500122070312,538.0,582.8499755859375,576.3460693359375,2194753.0
2026-07-14,589.0,597.6500244140625,564.0999755859375,569.4000244140625,563.0462646484375,1024850.0
2026-07-15,573.9000244140625,596.7999877929688,567.0,577.8499755859375,571.40185546875,651893.0
2026-07-16,581.7999877929688,589.25,564.75,568.4500122070312,562.1068115234375,217357.0
2026-07-17,568.9500122070312,571.7999877929688,555.0,561.2999877929688,555.03662109375,167441.0
2026-07-20,561.2999877929688,568.4000244140625,555.0,562.2000122070312,555.9265747070312,100237.0
2026-07-21,562.2000122070312,577.7999877929688,560.0,575.9500122070312,569.5231323242188,158039.0
2026-07-22,579.4000244140625,579.4000244140625,565.0,567.0499877929688,560.722412109375,112525.0
2026-07-23,578.4000244140625,649.9500122070312,567.9000244140625,600.4500122070312,593.749755859375,29573957.0
2026-07-24,589.5,609.9000244140625,562.0,568.5499877929688,562.2056884765625,4437820.0
2026-07-27,570.0,571.6500244140625,535.3499755859375,540.5999755859375,534.5675659179688,1114587.0
2026-07-28,540.5999755859375,564.6500244140625,535.75,551.3499755859375,545.1976318359375,941502.0
2026-07-29,548.7999877929688,553.2000122070312,541.6500244140625,548.5499877929688,546.3928833007812,249595.0
2026-07-30,550.0,571.0,545.5499877929688,549.2999877929688,547.1399536132812,494682.0
2026-07-31,551.0,551.0,536.5,540.0,537.8765258789062,274375.0
2026-08-03,540.0,549.5,531.0999755859375,537.0499877929688,534.9381103515625,488967.0
2026-08-04,535.0,540.0,530.3499755859375,532.5999755859375,530.505615234375,207965.0
2026-08-05,536.0499877929688,539.7999877929688,529.5499877929688,532.2999877929688,530.206787109375,272633.0
2026-08-06,534.7999877929688,535.4500122070312,531.0,533.5,531.402099609375,124345.0
2026-08-07,535.4500122070312,538.0,527.5,528.2999877929688,526.2225341796875,132452.0
2026-08-10,528.3499755859375,539.5499877929688,521.8499755859375,535.5,533.3942260742188,296025.0
2026-08-11,534.7999877929688,534.7999877929688,526.3499755859375,530.0999755859375,528.0154418945312,115526.0
2026-08-12,531.0499877929688,531.1500244140625,515.7000122070312,518.5499877929688,516.5108642578125,146149.0
2026-08-13,518.7000122070312,520.0,512.0999755859375,514.5999755859375,512.5763549804688,167622.0
2026-08-14,514.0,514.0,504.0,505.25,503.26318359375,183802.0
2026-08-17,505.95001220703125,513.0499877929688,502.0,508.6000061035156,506.6000061035156,195632.0
2026-08-18,507.29998779296875,507.5,497.20001220703125,499.45001220703125,499.45001220703125,159772.0
2026-08-19,499.5,505.8999938964844,498.0,501.5,501.5,112307.0
2026-08-20,502.5,513.2999877929688,500.1000061035156,503.3500061035156,503.3500061035156,176913.0
2026-08-21,503.5,505.1000061035156,498.54998779296875,502.29998779296875,502.29998779296875,94020.0
2026-08-24,501.0,504.8999938964844,491.0,493.25,493.25,222957.0
2026-08-25,494.25,512.5,486.6499938964844,507.6000061035156,507.6000061035156,441857.0
2026-08-26,507.6000061035156,534.4000244140625,506.5,523.4500122070312,523.4500122070312,610327.0
2026-08-27,524.0,531.0,508.04998779296875,509.0,509.0,220945.0
2026-08-28,511.75,516.0,508.1000061035156,509.3500061035156,509.3500061035156,128361.0
2026-08-31,507.25,507.95001220703125,497.8999938964844,500.0,500.0,117673.0
2026-09-01,500.0,511.6499938964844,495.95001220703125,501.95001220703125,501.95001220703125,143191.0
2026-09-02,501.1000061035156,507.6000061035156,495.5,499.70001220703125,499.70001220703125,115619.0
2026-09-03,501.29998779296875,515.0,501.29998779296875,503.6499938964844,503.6499938964844,115028.0
2026-09-04,503.6499938964844,508.0,500.5,501.54998779296875,501.54998779296875,76123.0
2026-09-08,512.0499877929688,512.0999755859375,500.54998779296875,502.54998779296875,502.54998779296875,56368.0
2026-09-09,500.0,506.29998779296875,497.1000061035156,502.75,502.75,76517.0
2026-09-10,501.1000061035156,506.95001220703125,499.20001220703125,500.75,500.75,59372.0
2026-09-11,499.95001220703125,502.0,491.0,493.54998779296875,493.54998779296875,158844.0
2026-09-15,496.45001220703125,505.8999938964844,480.0,481.8999938964844,481.8999938964844,216129.0
