date,open,high,low,close,adjclose,volume
2021-09-15,222.8000030517578,231.0,220.0,221.1999969482422,214.43450927734375,204654.0
2021-09-16,222.89999389648438,235.1999969482422,222.14999389648438,226.25,220.32611083984375,275768.0
2021-09-17,226.0,230.60000610351562,211.1999969482422,218.0500030517578,212.3408203125,256471.0
2021-09-20,217.85000610351562,222.6999969482422,206.3000030517578,207.64999389648438,202.21310424804688,230721.0
2021-09-21,210.0,219.89999389648438,201.6999969482422,216.35000610351562,210.68531799316406,251805.0
2021-09-22,219.89999389648438,225.0,214.3000030517578,222.39999389648438,216.576904296875,222783.0
2021-09-23,224.8000030517578,227.89999389648438,220.5,223.89999389648438,218.0376434326172,175019.0
2021-09-24,224.9499969482422,232.89999389648438,216.85000610351562,227.85000610351562,221.8842315673828,271356.0
2021-09-27,229.0,230.0,219.0,221.39999389648438,215.60308837890625,133467.0
2021-09-28,221.39999389648438,223.8000030517578,216.60000610351562,219.5,213.7528533935547,101646.0
2021-09-29,219.5,226.4499969482422,217.10000610351562,219.3000030517578,213.55807495117188,89749.0
2021-09-30,220.0500030517578,225.25,219.5,222.6999969482422,216.86904907226562,75076.0
2021-10-01,220.0,235.0,219.14999389648438,226.9499969482422,221.00778198242188,374299.0
2021-10-04,228.1999969482422,237.0,228.1999969482422,233.9499969482422,227.82449340820312,239118.0
2021-10-05,236.85000610351562,274.45001220703125,236.85000610351562,262.3999938964844,255.52957153320312,2213155.0
2021-10-06,273.0,274.8999938964844,261.0,262.8500061035156,255.96780395507812,775427.0
2021-10-07,265.5,267.75,255.89999389648438,256.6499938964844,249.9301300048828,220461.0
2021-10-08,258.45001220703125,261.70001220703125,248.0500030517578,250.3000030517578,243.74642944335938,193403.0
2021-10-11,251.75,254.89999389648438,245.25,248.35000610351562,241.84747314453125,133256.0
2021-10-12,245.5,260.0,245.5,254.1999969482422,247.54429626464844,171655.0
2021-10-13,252.0,255.8000030517578,245.0,245.6999969482422,239.266845703125,126177.0
2021-10-14,247.0,250.3000030517578,238.0,238.8000030517578,232.54751586914062,87105.0
2021-10-18,241.0,242.5,235.0,236.10000610351562,229.91822814941406,74550.0
2021-10-19,236.60000610351562,241.9499969482422,221.1999969482422,226.0500030517578,220.13134765625,145926.0
2021-10-20,222.3000030517578,229.0,215.0500030517578,218.1999969482422,212.4868927001953,145586.0
2021-10-21,219.0,226.0,214.0,219.14999389648438,213.4119873046875,83394.0
2021-10-22,223.0,223.5,209.0,212.0,206.44921875,153257.0
2021-10-25,213.8000030517578,228.75,204.1999969482422,218.6999969482422,212.97378540039062,199181.0
2021-10-26,218.89999389648438,232.0,215.0,223.8000030517578,217.94027709960938,116485.0
2021-10-27,225.5,233.0,218.10000610351562,220.8000030517578,215.01881408691406,187884.0
2021-10-28,222.4499969482422,222.4499969482422,210.1999969482422,212.89999389648438,207.3256378173828,165598.0
2021-10-29,212.5,219.35000610351562,209.0,211.5500030517578,206.01101684570312,89676.0
2021-11-01,210.75,215.85000610351562,208.85000610351562,210.5,204.9884796142578,147695.0
2021-11-02,211.0,217.8000030517578,211.0,216.4499969482422,210.78269958496094,87812.0
2021-11-03,213.60000610351562,219.0,211.5,212.5,206.9361114501953,130939.0
2021-11-04,214.60000610351562,223.1999969482422,211.14999389648438,218.5500030517578,212.8277130126953,31679.0
2021-11-08,223.0,228.39999389648438,214.35000610351562,225.89999389648438,219.98526000976562,98411.0
2021-11-09,225.89999389648438,226.75,221.0,224.10000610351562,218.23240661621094,135209.0
2021-11-10,222.5,232.5,222.4499969482422,229.10000610351562,223.1014862060547,153174.0
2021-11-11,239.6999969482422,239.6999969482422,225.10000610351562,228.3000030517578,222.3224334716797,123599.0
2021-11-12,234.0,234.0,222.4499969482422,225.3000030517578,219.4010009765625,49699.0
2021-11-15,227.0,236.35000610351562,225.0,232.64999389648438,226.55853271484375,84461.0
2021-11-16,234.6999969482422,234.6999969482422,227.14999389648438,228.14999389648438,222.1763458251953,50613.0
2021-11-17,229.8000030517578,237.35000610351562,227.60000610351562,232.6999969482422,226.60723876953125,76816.0
2021-11-18,235.0,235.0,225.10000610351562,227.3000030517578,221.34861755371094,34494.0
2021-11-22,230.0,230.0,195.1999969482422,205.85000610351562,200.4602508544922,235974.0
2021-11-23,206.9499969482422,215.60000610351562,205.25,214.39999389648438,208.78636169433594,65803.0
2021-11-24,211.60000610351562,215.85000610351562,208.9499969482422,210.85000610351562,205.32933044433594,51904.0
2021-11-25,214.64999389648438,215.3000030517578,212.0,213.4499969482422,207.8612518310547,30429.0
2021-11-26,210.3000030517578,213.39999389648438,205.10000610351562,206.1999969482422,200.80108642578125,80039.0
2021-11-29,205.0,205.0,196.14999389648438,200.3000030517578,195.0555419921875,70707.0
2021-11-30,200.3000030517578,209.0,200.0,200.5,195.2503204345703,42146.0
2021-12-01,207.5,207.5,201.60000610351562,204.0,198.65867614746094,34048.0
2021-12-02,205.0,210.0,203.9499969482422,209.6999969482422,204.2094268798828,35685.0
2021-12-03,209.64999389648438,219.5500030517578,207.14999389648438,210.4499969482422,204.93980407714844,82526.0
2021-12-06,210.4499969482422,214.0,205.0,205.5,200.11941528320312,35426.0
2021-12-07,207.25,211.6999969482422,207.25,210.8000030517578,205.2806396484375,27801.0
2021-12-08,214.8000030517578,218.5,212.14999389648438,216.5500030517578,210.8800811767578,37411.0
2021-12-09,214.5,218.4499969482422,212.75,213.10000610351562,207.52041625976562,33399.0
2021-12-10,213.10000610351562,225.0,211.89999389648438,223.64999389648438,217.794189453125,80639.0
2021-12-13,222.60000610351562,226.0,216.0,216.60000610351562,210.92877197265625,44162.0
2021-12-14,216.60000610351562,225.5500030517578,216.60000610351562,222.3000030517578,216.4795379638672,49914.0
2021-12-15,224.89999389648438,224.89999389648438,216.10000610351562,217.10000610351562,211.4156951904297,35608.0
2021-12-16,217.3000030517578,218.85000610351562,211.89999389648438,212.9499969482422,207.3743438720703,35311.0
2021-12-17,213.89999389648438,213.89999389648438,206.35000610351562,207.5,202.06703186035156,43090.0
2021-12-20,205.10000610351562,205.10000610351562,193.0500030517578,195.1999969482422,190.08908081054688,80461.0
2021-12-21,202.4499969482422,203.35000610351562,196.0,198.75,193.546142578125,29779.0
2021-12-22,201.1999969482422,204.75,199.25,202.9499969482422,197.6361846923828,31605.0
2021-12-23,201.1999969482422,211.0,201.1999969482422,209.9499969482422,204.452880859375,46922.0
2021-12-24,212.8000030517578,212.8000030517578,201.89999389648438,205.25,199.87594604492188,33564.0
2021-12-27,207.0,207.5500030517578,202.4499969482422,203.6999969482422,198.3665313720703,14904.0
2021-12-28,204.35000610351562,210.5,204.10000610351562,208.0500030517578,202.60264587402344,21664.0
2021-12-29,210.0,210.89999389648438,205.0,205.4499969482422,200.0707244873047,22525.0
2021-12-30,207.89999389648438,210.85000610351562,205.0500030517578,209.8000030517578,204.30682373046875,31402.0
2021-12-31,201.8000030517578,216.89999389648438,201.8000030517578,212.10000610351562,206.54661560058594,50929.0
2022-01-03,210.1999969482422,215.39999389648438,210.1999969482422,214.1999969482422,208.5915985107422,32187.0
2022-01-04,215.3000030517578,225.5500030517578,214.5500030517578,222.5500030517578,216.7229766845703,94774.0
2022-01-05,225.0,235.0,219.9499969482422,231.6999969482422,225.63340759277344,163887.0
2022-01-06,228.14999389648438,230.0,223.39999389648438,226.60000610351562,220.66696166992188,45431.0
2022-01-07,229.8000030517578,232.1999969482422,223.60000610351562,224.4499969482422,218.5732421875,51354.0
2022-01-10,224.85000610351562,233.0,222.5,230.9499969482422,224.9030303955078,76194.0
2022-01-11,226.14999389648438,233.0,225.10000610351562,226.3000030517578,220.3748016357422,42576.0
2022-01-12,228.6999969482422,232.0,223.10000610351562,224.25,218.37847900390625,45745.0
2022-01-13,226.5,258.8999938964844,224.25,253.10000610351562,246.47311401367188,926944.0
2022-01-14,250.8000030517578,251.85000610351562,241.25,243.1999969482422,236.83230590820312,185034.0
2022-01-17,244.0,256.8999938964844,241.0500030517578,246.1999969482422,239.75375366210938,188704.0
2022-01-18,252.0,252.0,236.9499969482422,239.64999389648438,233.375244140625,133737.0
2022-01-19,236.4499969482422,249.8000030517578,236.4499969482422,240.64999389648438,234.34906005859375,117073.0
2022-01-20,241.0,245.3000030517578,236.9499969482422,239.60000610351562,233.32656860351562,43932.0
2022-01-21,238.9499969482422,244.8000030517578,226.0,230.0,223.97792053222656,95378.0
2022-01-24,231.0,231.14999389648438,214.0,217.25,211.56175231933594,98357.0
2022-01-25,215.0,227.1999969482422,211.25,225.5500030517578,219.64443969726562,53161.0
2022-01-27,220.25,226.0,220.25,223.64999389648438,217.794189453125,38699.0
2022-01-28,225.5500030517578,239.0,222.14999389648438,224.4499969482422,218.5732421875,80043.0
2022-01-31,224.1999969482422,230.60000610351562,222.10000610351562,226.0500030517578,220.13134765625,36796.0
2022-02-01,229.0,239.89999389648438,225.5,237.1999969482422,230.98939514160156,118829.0
2022-02-02,238.1999969482422,238.9499969482422,231.0500030517578,234.35000610351562,228.21405029296875,36074.0
2022-02-03,235.0500030517578,236.5500030517578,230.10000610351562,231.39999389648438,225.34124755859375,15717.0
2022-02-04,230.60000610351562,233.3000030517578,228.0,230.10000610351562,224.07530212402344,28680.0
2022-02-07,230.0,233.35000610351562,227.25,231.14999389648438,225.09780883789062,34909.0
2022-02-08,229.9499969482422,243.60000610351562,229.9499969482422,231.0,224.95172119140625,106156.0
2022-02-09,231.0500030517578,247.0,231.0,240.1999969482422,233.91085815429688,131715.0
2022-02-10,241.0,244.64999389648438,237.14999389648438,238.60000610351562,232.35276794433594,70063.0
2022-02-11,238.5,244.0,199.60000610351562,210.60000610351562,205.08587646484375,271244.0
2022-02-14,203.0,215.0,198.35000610351562,205.89999389648438,200.50892639160156,99454.0
2022-02-15,205.0,211.4499969482422,201.0,208.4499969482422,202.99215698242188,261203.0
2022-02-16,212.35000610351562,238.0,211.9499969482422,228.5,222.51719665527344,282197.0
2022-02-17,231.0,241.0,230.4499969482422,238.60000610351562,232.35276794433594,223434.0
2022-02-18,238.60000610351562,246.85000610351562,233.0500030517578,235.60000610351562,229.43130493164062,181453.0
2022-02-21,235.60000610351562,244.6999969482422,223.1999969482422,226.4499969482422,220.5208740234375,122062.0
2022-02-22,218.0,227.5,214.85000610351562,217.14999389648438,211.46438598632812,140000.0
2022-02-23,218.0,223.10000610351562,218.0,218.4499969482422,212.73033142089844,45593.0
2022-02-24,210.0,213.1999969482422,196.0,198.9499969482422,193.74090576171875,192991.0
2022-02-25,213.0,218.0,206.9499969482422,212.5500030517578,206.98480224609375,95027.0
2022-02-28,212.0,220.14999389648438,205.5,217.0500030517578,211.36700439453125,63221.0
2022-03-02,213.3000030517578,224.0,213.3000030517578,220.89999389648438,215.11618041992188,71492.0
2022-03-03,222.0,228.35000610351562,215.6999969482422,220.8000030517578,215.01881408691406,60758.0
2022-03-04,220.64999389648438,223.14999389648438,217.0,221.0500030517578,215.2622528076172,29922.0
2022-03-07,213.3000030517578,220.89999389648438,208.89999389648438,215.10000610351562,209.46804809570312,57733.0
2022-03-08,217.8000030517578,222.85000610351562,212.8000030517578,215.14999389648438,209.51673889160156,65024.0
2022-03-09,218.0,221.4499969482422,215.25,220.60000610351562,214.82406616210938,53834.0
2022-03-10,225.0,229.0,221.0,222.25,216.43084716796875,43041.0
2022-03-11,220.0,230.0,218.8000030517578,228.14999389648438,222.1763458251953,57955.0
2022-03-14,232.0,252.39999389648438,230.6999969482422,246.39999389648438,239.94851684570312,242286.0
2022-03-15,252.1999969482422,258.70001220703125,240.0,242.9499969482422,236.58885192871094,141992.0
2022-03-16,246.39999389648438,270.0,241.5500030517578,263.1000061035156,256.2112731933594,731753.0
2022-03-17,263.8999938964844,277.0,251.60000610351562,264.25,257.3311767578125,1038415.0
2022-03-21,267.79998779296875,297.70001220703125,266.0,278.5,271.2080383300781,747862.0
2022-03-22,281.0,289.5,275.0,284.6000061035156,277.1483459472656,206018.0
2022-03-23,286.70001220703125,286.70001220703125,272.20001220703125,272.8999938964844,265.7546691894531,100598.0
2022-03-24,273.0,301.8500061035156,272.6499938964844,286.79998779296875,279.29071044921875,774776.0
2022-03-25,286.79998779296875,293.79998779296875,278.29998779296875,281.3500061035156,273.9834289550781,169684.0
2022-03-28,283.0,307.29998779296875,271.0,293.29998779296875,285.6205139160156,613403.0
2022-03-29,293.45001220703125,303.70001220703125,290.1000061035156,292.8999938964844,285.23101806640625,294075.0
2022-03-30,295.75,299.0,285.54998779296875,288.0,280.4593200683594,101010.0
2022-03-31,289.0,293.79998779296875,277.0,280.25,272.9122009277344,104004.0
2022-04-01,280.0,284.0,275.3500061035156,277.54998779296875,270.2829284667969,163718.0
2022-04-04,277.54998779296875,280.45001220703125,270.1000061035156,274.5,267.3127746582031,209241.0
2022-04-05,276.6499938964844,288.5,275.1499938964844,277.79998779296875,270.5263671875,202039.0
2022-04-06,276.3999938964844,285.0,275.0,281.1000061035156,273.7399597167969,138037.0
2022-04-07,282.8999938964844,282.8999938964844,272.0,273.8999938964844,266.7284851074219,160325.0
2022-04-08,275.0,290.25,273.5,283.75,276.32061767578125,233926.0
2022-04-11,283.45001220703125,292.54998779296875,283.0,285.29998779296875,277.83001708984375,160181.0
2022-04-12,280.1499938964844,299.0,276.8999938964844,293.8500061035156,286.1561584472656,230645.0
2022-04-13,296.79998779296875,314.45001220703125,296.79998779296875,308.25,300.1791076660156,589217.0
2022-04-18,315.0,324.0,303.29998779296875,314.95001220703125,306.70367431640625,511866.0
2022-04-19,317.6499938964844,319.1499938964844,283.1499938964844,292.6499938964844,284.987548828125,191522.0
2022-04-20,292.8999938964844,299.0,286.29998779296875,294.75,287.0325622558594,155290.0
2022-04-21,299.0,303.29998779296875,294.20001220703125,295.70001220703125,287.95770263671875,79949.0
2022-04-22,295.0,303.0,288.6499938964844,291.5,283.86767578125,74194.0
2022-04-25,288.0,290.6000061035156,280.0,281.75,274.3729248046875,96373.0
2022-04-26,288.0,289.1499938964844,278.0,282.75,275.3467712402344,68625.0
2022-04-27,276.0,287.79998779296875,274.0,281.29998779296875,273.9347229003906,89761.0
2022-04-28,284.20001220703125,285.45001220703125,276.5,279.04998779296875,271.7436828613281,43679.0
2022-04-29,282.79998779296875,293.0,277.0,278.8999938964844,271.5975646972656,95252.0
2022-05-02,278.0,280.6499938964844,268.25,272.20001220703125,265.0730285644531,74513.0
2022-05-04,268.5,279.25,266.5,269.20001220703125,262.15155029296875,74309.0
2022-05-05,272.70001220703125,274.0,247.1999969482422,249.4499969482422,242.91867065429688,127881.0
2022-05-06,242.5,257.6499938964844,240.0,252.39999389648438,245.79141235351562,101956.0
2022-05-09,250.0,283.0,238.4499969482422,277.3999938964844,270.1368408203125,248406.0
2022-05-10,275.25,281.0,257.1499938964844,262.54998779296875,255.6756591796875,225196.0
2022-05-11,262.45001220703125,266.3500061035156,242.89999389648438,258.45001220703125,251.68304443359375,127025.0
2022-05-12,251.0,273.3999938964844,247.64999389648438,258.3999938964844,251.6343231201172,234479.0
2022-05-13,259.0,284.3500061035156,259.0,272.0,264.87823486328125,146679.0
2022-05-16,278.0,278.0,271.0,275.75,268.5300598144531,36506.0
2022-05-17,276.29998779296875,282.54998779296875,274.3999938964844,280.04998779296875,272.71746826171875,39927.0
2022-05-18,281.25,292.45001220703125,274.54998779296875,284.95001220703125,277.48919677734375,87594.0
2022-05-19,280.0,280.04998779296875,266.0,272.6499938964844,265.5111999511719,31973.0
2022-05-20,276.6499938964844,284.0,271.25,272.70001220703125,265.5599365234375,63946.0
2022-05-23,280.0,280.0,260.25,262.04998779296875,255.18873596191406,75162.0
2022-05-24,264.8999938964844,266.1499938964844,245.25,249.5,242.96734619140625,99742.0
2022-05-25,252.39999389648438,253.0,240.0,241.8000030517578,235.46897888183594,69930.0
2022-05-26,243.0,249.89999389648438,233.3000030517578,240.6999969482422,234.3977508544922,112317.0
2022-05-27,244.0,249.0,242.1999969482422,243.85000610351562,237.46530151367188,40207.0
2022-05-30,246.89999389648438,262.95001220703125,245.0,256.6000061035156,249.88145446777344,113404.0
2022-05-31,259.95001220703125,261.95001220703125,252.0,254.39999389648438,247.73907470703125,45037.0
2022-06-01,257.3500061035156,266.0,254.8000030517578,259.04998779296875,252.2672882080078,54019.0
2022-06-02,260.0,267.70001220703125,255.5500030517578,257.29998779296875,250.56312561035156,30634.0
2022-06-03,261.3999938964844,262.6000061035156,252.25,253.60000610351562,246.96002197265625,19285.0
2022-06-06,256.8999938964844,256.8999938964844,248.25,253.5500030517578,246.9113311767578,28475.0
2022-06-07,253.89999389648438,257.54998779296875,250.25,252.1999969482422,245.59666442871094,22021.0
2022-06-08,253.25,258.5,249.0,251.0,244.42808532714844,34619.0
2022-06-09,253.0,267.8500061035156,246.0,254.5,247.83644104003906,128009.0
2022-06-10,252.10000610351562,260.79998779296875,251.4499969482422,255.14999389648438,248.46942138671875,56225.0
2022-06-13,249.9499969482422,253.6999969482422,238.0,241.3000030517578,234.9820556640625,38608.0
2022-06-14,240.0,246.0,237.89999389648438,240.4499969482422,234.154296875,30801.0
2022-06-15,243.5500030517578,244.6999969482422,241.0,241.64999389648438,235.32289123535156,15191.0
2022-06-16,245.0,246.0,225.10000610351562,230.8000030517578,224.75697326660156,27962.0
2022-06-17,231.0,231.64999389648438,222.0,224.14999389648438,218.2810821533203,52669.0
2022-06-20,228.0,229.3000030517578,216.5,222.5500030517578,216.7229766845703,82896.0
2022-06-21,226.9499969482422,232.64999389648438,219.25,231.0500030517578,225.0004425048828,39817.0
2022-06-22,232.60000610351562,232.60000610351562,216.5,217.9499969482422,212.24343872070312,86312.0
2022-06-23,220.0,226.4499969482422,218.0,222.1999969482422,216.38214111328125,35118.0
2022-06-24,221.89999389648438,233.8000030517578,221.89999389648438,230.5,224.46482849121094,44893.0
2022-06-27,233.89999389648438,238.3000030517578,231.5500030517578,233.5500030517578,227.43496704101562,30909.0
2022-06-28,232.14999389648438,244.0,232.14999389648438,240.89999389648438,234.59251403808594,43879.0
2022-06-29,235.25,244.0,235.25,241.35000610351562,235.03074645996094,20212.0
2022-06-30,239.60000610351562,246.4499969482422,238.1999969482422,240.14999389648438,233.86216735839844,17551.0
2022-07-01,241.0,246.14999389648438,234.0500030517578,240.39999389648438,234.10562133789062,34087.0
2022-07-04,241.60000610351562,245.25,239.5,243.25,236.8809814453125,17400.0
2022-07-05,244.1999969482422,245.8000030517578,236.0,237.5,231.2815399169922,25807.0
2022-07-06,237.5,255.9499969482422,236.9499969482422,251.4499969482422,244.86630249023438,50984.0
2022-07-07,254.89999389648438,254.89999389648438,247.10000610351562,248.39999389648438,241.89614868164062,22785.0
2022-07-08,251.39999389648438,253.35000610351562,246.8000030517578,248.8000030517578,242.2856903076172,20295.0
2022-07-11,251.89999389648438,258.8999938964844,248.1999969482422,257.1000061035156,250.36837768554688,34514.0
2022-07-12,257.0,264.20001220703125,253.0,253.89999389648438,247.2521514892578,46547.0
2022-07-13,254.0,255.89999389648438,241.10000610351562,243.0500030517578,236.6862335205078,50741.0
2022-07-14,246.60000610351562,248.75,242.85000610351562,245.60000610351562,239.16946411132812,20302.0
2022-07-15,246.6999969482422,248.25,241.39999389648438,245.1999969482422,238.7799530029297,12485.0
2022-07-18,248.0,253.10000610351562,245.25,251.39999389648438,244.81761169433594,19822.0
2022-07-19,251.3000030517578,258.45001220703125,250.0500030517578,251.9499969482422,245.35321044921875,40708.0
2022-07-20,253.89999389648438,258.0,250.5,251.35000610351562,244.76893615722656,27000.0
2022-07-21,252.8000030517578,255.4499969482422,245.0,246.6999969482422,240.2406463623047,42485.0
2022-07-22,249.5500030517578,254.0,246.4499969482422,252.8000030517578,246.1809539794922,40619.0
2022-07-25,251.9499969482422,260.0,248.9499969482422,250.60000610351562,244.03855895996094,148810.0
2022-07-26,250.0,253.89999389648438,244.0,244.9499969482422,238.53648376464844,40631.0
2022-07-27,245.0,245.0,238.0,240.75,234.4464569091797,37175.0
2022-07-28,241.89999389648438,245.75,240.1999969482422,241.89999389648438,235.5663604736328,25398.0
2022-07-29,243.10000610351562,246.0,241.5500030517578,242.6999969482422,236.34539794921875,28844.0
2022-08-01,245.8000030517578,246.75,239.10000610351562,240.5500030517578,234.25169372558594,46154.0
2022-08-02,244.5,244.5,236.5,237.8000030517578,231.57371520996094,43323.0
2022-08-03,238.8000030517578,238.8000030517578,215.5500030517578,218.8000030517578,213.07118225097656,241847.0
2022-08-04,219.9499969482422,224.0,214.0,217.25,211.56175231933594,168437.0
2022-08-05,218.4499969482422,224.3000030517578,217.89999389648438,223.4499969482422,217.5994110107422,79323.0
2022-08-08,224.0,229.0,223.5,227.5,221.5433807373047,65340.0
2022-08-10,227.0,227.5,219.89999389648438,220.60000610351562,214.82406616210938,63543.0
2022-08-11,223.39999389648438,224.1999969482422,218.60000610351562,220.35000610351562,214.5806121826172,45961.0
2022-08-12,221.0,222.5,217.1999969482422,218.0500030517578,212.3408203125,36178.0
2022-08-16,218.39999389648438,225.0,218.39999389648438,222.89999389648438,217.06382751464844,55769.0
2022-08-17,224.6999969482422,224.9499969482422,220.25,222.4499969482422,216.62559509277344,63108.0
2022-08-18,220.85000610351562,226.5500030517578,220.10000610351562,222.35000610351562,216.52821350097656,63159.0
2022-08-19,224.0,229.0,222.8000030517578,227.35000610351562,221.39732360839844,78190.0
2022-08-22,227.35000610351562,229.39999389648438,220.0,221.1999969482422,215.40834045410156,46595.0
2022-08-23,220.5,229.0,218.6999969482422,227.0,221.05648803710938,63902.0
2022-08-24,228.25,235.8000030517578,227.0,234.0500030517578,227.921875,84302.0
2022-08-25,235.60000610351562,238.0,233.1999969482422,234.0500030517578,227.921875,53685.0
2022-08-26,234.39999389648438,236.89999389648438,227.3000030517578,229.6999969482422,223.68577575683594,76526.0
2022-08-29,224.9499969482422,229.0,222.0,227.0,221.05648803710938,50903.0
2022-08-30,227.5,237.5,227.5,233.9499969482422,227.82449340820312,97610.0
2022-09-01,232.0,240.6999969482422,229.0,232.75,226.6559295654297,67886.0
2022-09-02,232.60000610351562,256.1000061035156,232.60000610351562,253.60000610351562,246.96002197265625,185494.0
2022-09-05,255.9499969482422,269.0,253.89999389648438,262.6499938964844,255.77304077148438,294105.0
2022-09-06,265.0,265.25,251.64999389648438,252.89999389648438,246.27833557128906,101723.0
2022-09-07,260.29998779296875,279.0,255.60000610351562,258.1499938964844,251.39085388183594,710180.0
2022-09-08,259.95001220703125,263.1000061035156,254.60000610351562,256.54998779296875,249.832763671875,84872.0
2022-09-09,258.29998779296875,263.1000061035156,252.35000610351562,258.29998779296875,251.5369110107422,92185.0
2022-09-12,261.3999938964844,262.45001220703125,253.60000610351562,256.20001220703125,249.491943359375,65020.0
2022-09-13,258.45001220703125,259.6000061035156,253.0,253.64999389648438,247.00869750976562,42599.0
2022-09-14,251.0500030517578,261.0,246.4499969482422,251.75,245.158447265625,92460.0
2022-09-15,251.0,254.4499969482422,245.0,246.9499969482422,240.48411560058594,98792.0
2022-09-16,247.6999969482422,253.6999969482422,238.64999389648438,243.10000610351562,236.73492431640625,74321.0
2022-09-19,242.0,245.85000610351562,241.0,244.6999969482422,238.2930450439453,39486.0
2022-09-20,247.89999389648438,253.0,243.9499969482422,251.89999389648438,245.30450439453125,68091.0
2022-09-21,252.6999969482422,253.0,239.0500030517578,243.3000030517578,238.8258819580078,68540.0
2022-09-22,242.64999389648438,248.0,240.3000030517578,245.60000610351562,241.08358764648438,47609.0
2022-09-23,243.0500030517578,247.14999389648438,231.9499969482422,237.25,232.88714599609375,73464.0
2022-09-26,232.75,234.85000610351562,215.5500030517578,222.39999389648438,218.31021118164062,153688.0
2022-09-27,225.0,233.75,222.5500030517578,230.4499969482422,226.21217346191406,64043.0
2022-09-28,230.4499969482422,232.85000610351562,223.1999969482422,224.75,220.61700439453125,60043.0
2022-09-29,227.0,230.9499969482422,225.0,227.60000610351562,223.4145965576172,20554.0
2022-09-30,226.1999969482422,231.25,225.25,230.3000030517578,226.06494140625,32580.0
2022-10-03,232.4499969482422,234.0,226.0,229.0500030517578,224.83792114257812,30125.0
2022-10-04,232.39999389648438,233.4499969482422,228.5,229.8000030517578,225.57412719726562,25927.0
2022-10-06,231.5,236.1999969482422,231.1999969482422,234.1999969482422,229.89320373535156,22231.0
2022-10-07,233.8000030517578,251.0,233.3000030517578,248.14999389648438,243.58668518066406,154541.0
2022-10-10,245.0,246.6999969482422,241.0,242.25,237.79518127441406,42512.0
2022-10-11,242.85000610351562,243.1999969482422,226.14999389648438,231.5500030517578,227.29196166992188,58844.0
2022-10-12,231.5,248.6999969482422,230.0500030517578,243.6999969482422,239.21852111816406,144563.0
2022-10-13,245.0,245.0,236.60000610351562,238.25,233.86874389648438,38982.0
2022-10-14,240.1999969482422,243.0,234.25,238.10000610351562,233.72149658203125,41727.0
2022-10-17,240.0,241.60000610351562,233.14999389648438,239.64999389648438,235.2429962158203,38050.0
2022-10-18,239.64999389648438,244.0,234.1999969482422,235.5,231.1693115234375,36894.0
2022-10-19,236.89999389648438,241.39999389648438,234.9499969482422,235.5,231.1693115234375,31326.0
2022-10-20,234.0,239.1999969482422,232.10000610351562,233.75,229.45150756835938,31271.0
2022-10-21,235.0,237.75,231.14999389648438,231.9499969482422,227.68460083007812,16243.0
2022-10-24,235.0,242.85000610351562,232.64999389648438,239.64999389648438,235.2429962158203,42188.0
2022-10-25,237.10000610351562,243.25,233.5,235.3000030517578,230.97300720214844,59227.0
2022-10-27,235.89999389648438,239.3000030517578,233.5,236.1999969482422,231.85643005371094,19561.0
2022-10-28,237.39999389648438,237.39999389648438,229.3000030517578,231.39999389648438,227.14471435546875,49140.0
2022-10-31,232.89999389648438,235.0,230.0,230.89999389648438,226.65390014648438,17578.0
2022-11-01,233.0,237.5,231.64999389648438,233.4499969482422,229.15699768066406,34291.0
2022-11-02,235.0,235.39999389648438,230.5500030517578,231.25,226.99746704101562,19821.0
2022-11-03,233.1999969482422,235.89999389648438,231.0,233.75,229.45150756835938,30555.0
2022-11-04,235.6999969482422,242.6999969482422,233.8000030517578,239.75,235.34117126464844,69787.0
2022-11-07,243.0,243.89999389648438,233.9499969482422,235.1999969482422,230.8748321533203,38883.0
2022-11-09,236.1999969482422,242.89999389648438,233.9499969482422,237.89999389648438,233.52517700195312,59807.0
2022-11-10,237.0,239.6999969482422,232.5,234.5500030517578,230.23680114746094,24196.0
2022-11-11,236.5,238.5500030517578,227.85000610351562,228.85000610351562,224.64161682128906,45577.0
2022-11-14,230.6999969482422,230.75,204.6999969482422,207.35000610351562,203.5369873046875,193142.0
2022-11-15,208.0,214.0,206.64999389648438,211.25,207.36526489257812,88793.0
2022-11-16,212.89999389648438,214.1999969482422,205.75,209.6999969482422,205.84376525878906,108806.0
2022-11-17,210.39999389648438,212.1999969482422,206.0,207.0,203.1934051513672,46553.0
2022-11-18,208.39999389648438,208.39999389648438,202.5,204.14999389648438,200.39581298828125,42297.0
2022-11-21,204.14999389648438,204.14999389648438,192.9499969482422,195.5500030517578,191.9539794921875,151807.0
2022-11-22,196.89999389648438,198.0,190.0,191.85000610351562,188.32200622558594,57848.0
2022-11-23,192.64999389648438,202.6999969482422,192.64999389648438,199.60000610351562,195.92950439453125,63177.0
2022-11-24,201.5,201.85000610351562,195.10000610351562,195.8000030517578,192.19937133789062,37332.0
2022-11-25,195.85000610351562,200.0,195.8000030517578,196.6999969482422,193.08282470703125,25838.0
2022-11-28,198.0,202.1999969482422,196.0,197.64999389648438,194.01535034179688,42300.0
2022-11-29,200.0,200.64999389648438,195.10000610351562,196.60000610351562,192.9846649169922,39527.0
2022-11-30,198.5500030517578,198.8000030517578,194.25,195.3000030517578,191.7085723876953,30693.0
2022-12-01,195.5,197.9499969482422,191.60000610351562,192.85000610351562,189.3036346435547,34853.0
2022-12-02,195.0,197.0500030517578,192.0500030517578,196.25,192.64109802246094,34011.0
2022-12-05,197.5,204.3000030517578,196.39999389648438,201.39999389648438,197.69639587402344,73066.0
2022-12-06,202.8000030517578,205.0,199.8000030517578,203.14999389648438,199.41419982910156,48765.0
2022-12-07,204.89999389648438,204.89999389648438,200.5,201.1999969482422,197.50006103515625,20117.0
2022-12-08,202.5,203.89999389648438,194.64999389648438,197.0,193.37730407714844,29994.0
2022-12-09,195.35000610351562,198.85000610351562,195.35000610351562,196.64999389648438,193.0337371826172,16341.0
2022-12-12,196.64999389648438,197.6999969482422,193.0,194.35000610351562,190.77603149414062,47562.0
2022-12-13,196.35000610351562,199.10000610351562,188.35000610351562,189.85000610351562,186.35879516601562,91216.0
2022-12-14,190.5,191.9499969482422,186.0,187.89999389648438,184.44464111328125,66606.0
2022-12-15,187.0,195.0,187.0,191.14999389648438,187.63487243652344,77640.0
2022-12-16,191.10000610351562,194.4499969482422,188.75,189.64999389648438,186.16244506835938,32785.0
2022-12-19,190.0,193.85000610351562,188.39999389648438,191.9499969482422,188.42018127441406,25411.0
2022-12-20,190.10000610351562,194.4499969482422,189.5,190.35000610351562,186.84959411621094,34713.0
2022-12-21,191.89999389648438,191.89999389648438,178.0,179.8000030517578,176.4936065673828,73936.0
2022-12-22,182.4499969482422,182.60000610351562,171.0500030517578,173.5500030517578,170.35855102539062,55614.0
2022-12-23,172.85000610351562,172.85000610351562,162.5,163.35000610351562,160.3461151123047,103247.0
2022-12-26,162.6999969482422,177.25,162.4499969482422,174.14999389648438,170.94749450683594,60645.0
2022-12-27,174.14999389648438,177.4499969482422,172.25,176.14999389648438,172.9107208251953,23632.0
2022-12-28,177.89999389648438,183.1999969482422,175.0,181.39999389648438,178.06417846679688,53285.0
2022-12-29,184.25,188.64999389648438,180.9499969482422,182.14999389648438,178.80038452148438,113250.0
2022-12-30,182.14999389648438,188.0,182.0,186.39999389648438,182.97222900390625,64430.0
2023-01-02,183.60000610351562,190.0,183.10000610351562,188.14999389648438,184.69004821777344,40045.0
2023-01-03,186.1999969482422,188.9499969482422,180.5,184.5500030517578,181.15625,32714.0
2023-01-04,185.5500030517578,191.4499969482422,182.0,185.3000030517578,181.89247131347656,31389.0
2023-01-05,183.39999389648438,187.14999389648438,183.39999389648438,184.9499969482422,181.54888916015625,10914.0
2023-01-06,187.5500030517578,187.5500030517578,181.8000030517578,183.0,179.63475036621094,9240.0
2023-01-09,183.0500030517578,186.1999969482422,179.10000610351562,179.60000610351562,176.2972869873047,17846.0
2023-01-10,179.0,179.9499969482422,176.1999969482422,179.3000030517578,176.00279235839844,18686.0
2023-01-11,178.64999389648438,188.10000610351562,178.0500030517578,185.64999389648438,182.2360076904297,21786.0
2023-01-12,186.35000610351562,187.25,182.0,183.4499969482422,180.07647705078125,18945.0
2023-01-13,183.4499969482422,184.89999389648438,179.3000030517578,181.35000610351562,178.01510620117188,25386.0
2023-01-16,184.60000610351562,190.60000610351562,181.0,188.8000030517578,185.32810974121094,73514.0
2023-01-17,188.8000030517578,195.0,187.89999389648438,191.1999969482422,187.6839599609375,67429.0
2023-01-18,184.75,184.75,175.8000030517578,177.89999389648438,174.62852478027344,160134.0
2023-01-19,180.5500030517578,182.4499969482422,177.5,178.39999389648438,175.11932373046875,43704.0
2023-01-20,181.25,181.25,175.0,176.4499969482422,173.2052001953125,32389.0
2023-01-23,177.5500030517578,177.5500030517578,171.60000610351562,172.25,169.0824432373047,32949.0
2023-01-24,172.5,174.9499969482422,171.0500030517578,171.9499969482422,168.78794860839844,14590.0
2023-01-25,174.1999969482422,174.1999969482422,168.0,169.64999389648438,166.53025817871094,18010.0
2023-01-27,171.0500030517578,172.64999389648438,165.0,165.6999969482422,162.6528778076172,23884.0
2023-01-30,164.0,168.3000030517578,162.8000030517578,163.9499969482422,160.93507385253906,19329.0
2023-01-31,165.0,169.60000610351562,160.10000610351562,164.3000030517578,161.2786407470703,39659.0
2023-02-01,163.89999389648438,169.5500030517578,158.0,160.60000610351562,157.6466827392578,42112.0
2023-02-02,162.0,162.0,152.1999969482422,155.14999389648438,152.29689025878906,43252.0
2023-02-03,156.25,158.89999389648438,155.35000610351562,156.5,153.62205505371094,23861.0
2023-02-06,156.14999389648438,168.0,156.14999389648438,165.9499969482422,162.89828491210938,53104.0
2023-02-07,168.35000610351562,174.8000030517578,160.8000030517578,170.35000610351562,167.21739196777344,65622.0
2023-02-08,172.0,179.0,169.14999389648438,177.35000610351562,174.08865356445312,55689.0
2023-02-09,179.5,179.5,174.8000030517578,176.0500030517578,172.81256103515625,19352.0
2023-02-10,176.1999969482422,182.3000030517578,176.0,179.4499969482422,176.15003967285156,40202.0
2023-02-13,183.0,183.0,175.0,175.25,172.02728271484375,28761.0
2023-02-14,171.0,175.1999969482422,169.5500030517578,171.0,167.8554229736328,24930.0
2023-02-15,173.0,173.0500030517578,169.10000610351562,169.9499969482422,166.82473754882812,17659.0
2023-02-16,170.1999969482422,171.85000610351562,170.10000610351562,171.14999389648438,168.00265502929688,4949.0
2023-02-17,167.60000610351562,174.39999389648438,167.60000610351562,172.5500030517578,169.37693786621094,23204.0
2023-02-20,174.5,181.89999389648438,173.0500030517578,179.0500030517578,175.75738525390625,29535.0
2023-02-21,179.10000610351562,186.8000030517578,178.0,182.0500030517578,178.7022247314453,65269.0
2023-02-22,182.0,182.0,174.0,175.39999389648438,172.1745147705078,15477.0
2023-02-23,176.1999969482422,176.1999969482422,170.39999389648438,172.89999389648438,169.72048950195312,30315.0
2023-02-24,173.0,177.5500030517578,170.4499969482422,175.60000610351562,172.370849609375,26803.0
2023-02-27,171.6999969482422,174.39999389648438,164.35000610351562,167.89999389648438,164.8124237060547,15538.0
2023-02-28,170.35000610351562,170.35000610351562,165.5,168.3000030517578,165.205078125,12168.0
2023-03-01,167.5,173.0,167.10000610351562,169.10000610351562,165.99037170410156,18612.0
2023-03-02,171.25,173.75,165.5500030517578,167.89999389648438,164.8124237060547,22826.0
2023-03-03,168.0,170.6999969482422,167.35000610351562,168.35000610351562,165.25416564941406,11342.0
2023-03-06,171.6999969482422,171.6999969482422,167.39999389648438,168.89999389648438,165.79405212402344,15482.0
2023-03-08,169.3000030517578,171.9499969482422,168.0500030517578,171.0500030517578,167.90451049804688,12863.0
2023-03-09,170.14999389648438,173.89999389648438,167.75,171.3000030517578,168.14991760253906,20960.0
2023-03-10,169.60000610351562,172.9499969482422,169.0500030517578,171.6999969482422,168.54254150390625,21501.0
2023-03-13,171.1999969482422,171.35000610351562,165.0,167.89999389648438,164.8124237060547,18576.0
2023-03-14,169.6999969482422,169.6999969482422,162.0500030517578,162.39999389648438,159.41355895996094,35836.0
2023-03-15,162.89999389648438,163.35000610351562,155.75,158.35000610351562,155.4380645751953,27701.0
2023-03-16,157.85000610351562,164.25,155.35000610351562,159.4499969482422,156.517822265625,44599.0
2023-03-17,160.0,162.1999969482422,158.0,159.3000030517578,156.37059020996094,52859.0
2023-03-20,160.64999389648438,162.0500030517578,151.8000030517578,153.9499969482422,151.11895751953125,33668.0
2023-03-21,156.25,158.39999389648438,153.5500030517578,155.9499969482422,153.08218383789062,23360.0
2023-03-22,157.89999389648438,162.0,156.0500030517578,159.6999969482422,156.7632293701172,40661.0
2023-03-23,161.0,162.0500030517578,155.0500030517578,156.3000030517578,153.42576599121094,18164.0
2023-03-24,158.39999389648438,159.39999389648438,154.89999389648438,155.0,152.149658203125,16513.0
2023-03-27,157.0,158.39999389648438,147.1999969482422,148.4499969482422,145.72010803222656,49035.0
2023-03-28,150.64999389648438,150.64999389648438,140.4499969482422,142.89999389648438,140.27215576171875,94597.0
2023-03-29,144.85000610351562,153.0,144.25,151.10000610351562,148.3213653564453,61677.0
2023-03-31,153.0,157.14999389648438,147.14999389648438,148.1999969482422,145.47471618652344,41780.0
2023-04-03,150.35000610351562,154.4499969482422,146.64999389648438,149.0,146.25999450683594,130219.0
2023-04-05,149.25,158.10000610351562,149.25,154.14999389648438,151.31529235839844,47728.0
2023-04-06,154.25,161.89999389648438,154.25,159.3000030517578,156.37059020996094,31556.0
2023-04-10,159.39999389648438,161.60000610351562,157.5,158.5500030517578,155.63438415527344,18433.0
2023-04-11,160.0,161.39999389648438,158.4499969482422,159.0500030517578,156.12518310546875,7438.0
2023-04-12,161.35000610351562,174.3000030517578,161.14999389648438,169.8000030517578,166.677490234375,76910.0
2023-04-13,172.0,172.0,165.35000610351562,166.39999389648438,163.3400115966797,22224.0
2023-04-17,168.85000610351562,168.85000610351562,162.35000610351562,163.14999389648438,160.14976501464844,13507.0
2023-04-18,164.89999389648438,166.39999389648438,161.0,162.1999969482422,159.21725463867188,15848.0
2023-04-19,163.0,165.0,160.3000030517578,162.4499969482422,159.46266174316406,20834.0
2023-04-20,163.0,168.0,161.8000030517578,166.0,162.94737243652344,15113.0
2023-04-21,167.0,167.0,162.6999969482422,164.85000610351562,161.8185272216797,14277.0
2023-04-24,167.0,167.0,161.0,163.10000610351562,160.10069274902344,22780.0
2023-04-25,165.0,169.5,164.3000030517578,168.4499969482422,165.35231018066406,18930.0
2023-04-26,169.1999969482422,171.10000610351562,165.85000610351562,167.0,163.92898559570312,22671.0
2023-04-27,167.10000610351562,169.25,165.10000610351562,165.9499969482422,162.89828491210938,16612.0
2023-04-28,165.14999389648438,168.3000030517578,164.5500030517578,165.0500030517578,162.01483154296875,29070.0
2023-05-02,165.10000610351562,169.75,165.10000610351562,166.5,163.43817138671875,14222.0
2023-05-03,165.10000610351562,169.39999389648438,165.10000610351562,168.5,165.40139770507812,10738.0
2023-05-04,165.8000030517578,175.85000610351562,165.5500030517578,173.4499969482422,170.2603759765625,61294.0
2023-05-05,172.60000610351562,173.9499969482422,170.1999969482422,172.64999389648438,169.47508239746094,25567.0
2023-05-08,171.0,174.4499969482422,170.0,172.35000610351562,169.18060302734375,19063.0
2023-05-09,170.39999389648438,174.35000610351562,170.39999389648438,172.85000610351562,169.67141723632812,20844.0
2023-05-10,173.0,176.89999389648438,169.6999969482422,175.14999389648438,171.92909240722656,36372.0
2023-05-11,178.0,179.6999969482422,174.10000610351562,174.75,171.53648376464844,25911.0
2023-05-12,176.0,176.0,171.0,171.9499969482422,168.78794860839844,22371.0
2023-05-15,174.0,178.39999389648438,171.0500030517578,176.39999389648438,173.15611267089844,30830.0
2023-05-16,176.89999389648438,179.8000030517578,171.60000610351562,172.4499969482422,169.27874755859375,24708.0
2023-05-17,172.14999389648438,176.1999969482422,171.89999389648438,173.39999389648438,170.21128845214844,33829.0
2023-05-18,174.0,180.35000610351562,174.0,179.5500030517578,176.24819946289062,49887.0
2023-05-19,179.5500030517578,184.89999389648438,177.89999389648438,183.14999389648438,179.78199768066406,53077.0
2023-05-22,182.1999969482422,185.0,180.1999969482422,184.35000610351562,180.95993041992188,37688.0
2023-05-23,186.0,188.39999389648438,184.10000610351562,184.9499969482422,181.54888916015625,26654.0
2023-05-24,185.89999389648438,193.6999969482422,185.4499969482422,189.5,186.01524353027344,65956.0
2023-05-25,190.0,193.1999969482422,187.8000030517578,190.64999389648438,187.14407348632812,31469.0
2023-05-26,190.89999389648438,193.14999389648438,185.89999389648438,188.25,184.78822326660156,52526.0
2023-05-29,185.25,191.0500030517578,185.0,186.5,183.0703887939453,32846.0
2023-05-30,186.39999389648438,187.1999969482422,183.1999969482422,184.35000610351562,180.95993041992188,17525.0
2023-05-31,182.60000610351562,187.5,181.6999969482422,182.10000610351562,178.75131225585938,26314.0
2023-06-01,183.0,185.6999969482422,181.5,183.10000610351562,179.73292541503906,29998.0
2023-06-02,184.60000610351562,198.6999969482422,184.60000610351562,196.64999389648438,193.0337371826172,217321.0
2023-06-05,198.6999969482422,206.8000030517578,196.75,202.14999389648438,198.43260192871094,143816.0
2023-06-06,202.89999389648438,202.89999389648438,190.39999389648438,194.89999389648438,191.31593322753906,82387.0
2023-06-07,195.8000030517578,201.85000610351562,195.35000610351562,199.39999389648438,195.73316955566406,51071.0
2023-06-08,201.39999389648438,205.4499969482422,196.10000610351562,197.64999389648438,194.01535034179688,47107.0
2023-06-09,199.64999389648438,200.39999389648438,195.5500030517578,196.4499969482422,192.83741760253906,22471.0
2023-06-12,196.5,199.5,187.6999969482422,189.5,186.01524353027344,98550.0
2023-06-13,190.60000610351562,191.8000030517578,182.3000030517578,183.9499969482422,180.56727600097656,137757.0
2023-06-14,184.8000030517578,191.89999389648438,182.6999969482422,185.89999389648438,182.48141479492188,121053.0
2023-06-15,185.89999389648438,187.9499969482422,182.0500030517578,184.1999969482422,180.8126983642578,35111.0
2023-06-16,184.89999389648438,188.9499969482422,184.75,186.5,183.0703887939453,45628.0
2023-06-19,190.0,190.0,186.0500030517578,187.14999389648438,183.70843505859375,20906.0
2023-06-20,185.5,188.10000610351562,185.5,187.25,183.8065948486328,12830.0
2023-06-21,187.60000610351562,193.0,186.9499969482422,188.5,185.0336151123047,63500.0
2023-06-22,186.60000610351562,195.0,186.60000610351562,191.6999969482422,188.17477416992188,115405.0
2023-06-23,191.6999969482422,192.1999969482422,184.3000030517578,185.10000610351562,181.69615173339844,64855.0
2023-06-26,183.1999969482422,186.5500030517578,183.1999969482422,184.35000610351562,180.95993041992188,16400.0
2023-06-27,185.35000610351562,188.6999969482422,184.89999389648438,186.14999389648438,182.72682189941406,15017.0
2023-06-28,187.14999389648438,187.4499969482422,182.9499969482422,183.39999389648438,180.02740478515625,18521.0
2023-06-30,186.14999389648438,186.14999389648438,183.39999389648438,183.85000610351562,180.46913146972656,16442.0
2023-07-03,184.75,191.25,183.5500030517578,189.9499969482422,186.45693969726562,46302.0
2023-07-04,192.89999389648438,193.4499969482422,185.3000030517578,188.35000610351562,184.88638305664062,39706.0
2023-07-05,194.0,203.85000610351562,194.0,197.5500030517578,193.9171905517578,255236.0
2023-07-06,198.4499969482422,202.75,197.25,199.64999389648438,195.9785614013672,56375.0
2023-07-07,199.35000610351562,199.39999389648438,194.0,196.6999969482422,193.08282470703125,35316.0
2023-07-10,197.85000610351562,199.89999389648438,189.0500030517578,190.25,186.75144958496094,39163.0
2023-07-11,191.0500030517578,193.8000030517578,186.35000610351562,188.3000030517578,184.83729553222656,36649.0
2023-07-12,188.75,190.9499969482422,186.35000610351562,187.3000030517578,183.85569763183594,24532.0
2023-07-13,188.75,192.89999389648438,185.39999389648438,186.85000610351562,183.41397094726562,34722.0
2023-07-14,186.85000610351562,189.6999969482422,185.0,187.0500030517578,183.61029052734375,29278.0
2023-07-17,189.85000610351562,189.89999389648438,185.64999389648438,186.35000610351562,182.92315673828125,25435.0
2023-07-18,186.39999389648438,188.60000610351562,183.10000610351562,184.39999389648438,181.00900268554688,34704.0
2023-07-19,184.1999969482422,186.0,182.3000030517578,183.64999389648438,180.27279663085938,44105.0
2023-07-20,185.0,188.8000030517578,183.6999969482422,183.89999389648438,180.51820373535156,28799.0
2023-07-21,183.0,186.3000030517578,183.0,183.75,180.37095642089844,20527.0
2023-07-24,185.60000610351562,186.1999969482422,183.10000610351562,183.5,180.1255645751953,31806.0
2023-07-25,184.10000610351562,186.0,183.1999969482422,184.35000610351562,180.95993041992188,20425.0
2023-07-26,184.5,187.60000610351562,183.6999969482422,186.10000610351562,182.67776489257812,23762.0
2023-07-27,187.0,188.6999969482422,183.1999969482422,183.75,180.37095642089844,25512.0
2023-07-28,184.10000610351562,187.89999389648438,183.1999969482422,184.1999969482422,180.8126983642578,28779.0
2023-07-31,184.0,193.0,184.0,189.9499969482422,186.45693969726562,82687.0
2023-08-01,190.64999389648438,203.0,189.60000610351562,201.8000030517578,198.08905029296875,183576.0
2023-08-02,201.8000030517578,203.89999389648438,194.5500030517578,196.5500030517578,192.93557739257812,69465.0
2023-08-03,196.3000030517578,199.35000610351562,192.75,193.64999389648438,190.08889770507812,43133.0
2023-08-04,195.8000030517578,196.75,190.0,190.75,187.24224853515625,57251.0
2023-08-07,191.5,194.39999389648438,184.5,186.25,182.8249969482422,51682.0
2023-08-08,187.14999389648438,198.0,185.8000030517578,196.64999389648438,193.0337371826172,74818.0
2023-08-09,198.89999389648438,199.60000610351562,191.0,191.75,188.22384643554688,38289.0
2023-08-10,192.0,194.8000030517578,187.5,188.85000610351562,185.377197265625,34767.0
2023-08-11,182.0,186.39999389648438,182.0,184.39999389648438,181.00900268554688,52824.0
2023-08-14,185.0,189.25,183.3000030517578,185.4499969482422,182.03970336914062,44444.0
2023-08-16,188.25,196.0,184.35000610351562,191.3000030517578,187.78213500976562,75820.0
2023-08-17,192.9499969482422,211.0,191.9499969482422,210.25,206.38363647460938,426808.0
2023-08-18,218.6999969482422,222.0,211.35000610351562,212.64999389648438,208.73951721191406,513189.0
2023-08-21,224.0,224.4499969482422,210.0,213.0,209.08306884765625,205935.0
2023-08-22,214.5,217.4499969482422,212.60000610351562,213.9499969482422,210.01560974121094,96845.0
2023-08-23,217.8000030517578,217.8000030517578,207.10000610351562,210.5,206.62904357910156,70697.0
2023-08-24,210.64999389648438,214.0,207.1999969482422,210.14999389648438,206.28549194335938,66907.0
2023-08-25,209.60000610351562,213.8000030517578,205.39999389648438,208.5500030517578,204.7149200439453,65695.0
2023-08-28,209.85000610351562,214.0,203.6999969482422,204.85000610351562,201.0829620361328,78326.0
2023-08-29,206.89999389648438,223.6999969482422,206.89999389648438,219.9499969482422,215.90525817871094,435098.0
2023-08-30,222.9499969482422,228.4499969482422,214.0,216.5500030517578,212.56781005859375,310034.0
2023-08-31,219.5,223.0,215.89999389648438,217.60000610351562,213.59849548339844,100481.0
2023-09-01,219.8000030517578,220.8000030517578,216.1999969482422,217.5500030517578,213.54940795898438,81837.0
2023-09-04,219.89999389648438,222.0,213.25,214.35000610351562,210.40826416015625,112039.0
2023-09-05,214.5,219.14999389648438,208.1999969482422,209.25,205.40203857421875,92606.0
2023-09-06,211.3000030517578,212.5,205.89999389648438,209.60000610351562,205.74559020996094,62830.0
2023-09-07,209.60000610351562,221.0,208.6999969482422,217.0500030517578,213.05860900878906,113150.0
2023-09-08,218.10000610351562,219.85000610351562,213.5,214.89999389648438,210.9481201171875,42107.0
2023-09-11,215.9499969482422,219.89999389648438,210.10000610351562,212.0,208.10147094726562,62633.0
2023-09-12,212.25,213.25,192.85000610351562,196.60000610351562,192.9846649169922,155775.0
2023-09-13,196.60000610351562,205.0,194.0,202.3000030517578,198.57984924316406,88539.0
2023-09-14,204.14999389648438,209.6999969482422,203.0500030517578,205.64999389648438,201.86822509765625,55590.0
2023-09-15,205.0,210.0,203.3000030517578,206.9499969482422,203.1443328857422,35423.0
2023-09-18,205.0,215.0,205.0,209.1999969482422,205.3529510498047,95101.0
2023-09-20,209.14999389648438,214.39999389648438,206.0500030517578,212.0500030517578,208.15054321289062,35348.0
2023-09-21,212.0500030517578,213.5,206.0,206.5500030517578,202.75169372558594,28004.0
2023-09-22,208.0,208.0500030517578,203.64999389648438,204.64999389648438,202.35617065429688,20922.0
2023-09-25,206.60000610351562,217.5,206.5500030517578,210.64999389648438,208.28892517089844,108839.0
2023-09-26,212.0,216.0,207.25,209.75,207.3990020751953,59456.0
2023-09-27,209.0,215.8000030517578,204.8000030517578,210.64999389648438,208.28892517089844,58255.0
2023-09-28,212.0,217.89999389648438,208.0,209.9499969482422,207.5967559814453,46047.0
2023-09-29,210.85000610351562,211.75,206.14999389648438,207.39999389648438,205.07534790039062,23828.0
2023-10-03,211.89999389648438,211.89999389648438,204.10000610351562,205.0500030517578,202.75169372558594,34695.0
2023-10-04,206.64999389648438,206.75,202.5500030517578,205.5,203.19664001464844,40139.0
2023-10-05,205.5500030517578,208.25,202.8000030517578,204.3000030517578,202.01010131835938,30165.0
2023-10-06,204.85000610351562,205.10000610351562,201.5,202.9499969482422,200.6752166748047,34004.0
2023-10-09,200.0,200.0,184.6999969482422,195.1999969482422,193.0120849609375,40058.0
2023-10-10,195.1999969482422,205.0,195.1999969482422,201.25,198.99427795410156,32713.0
2023-10-11,202.0,210.0,200.10000610351562,208.85000610351562,206.5091094970703,56609.0
2023-10-12,208.89999389648438,213.9499969482422,206.85000610351562,210.60000610351562,208.23948669433594,40395.0
2023-10-13,206.3000030517578,215.0,206.0,212.4499969482422,210.06874084472656,41631.0
2023-10-16,215.8000030517578,219.39999389648438,210.0500030517578,216.1999969482422,213.77670288085938,121058.0
2023-10-17,215.0500030517578,222.8000030517578,214.0,218.9499969482422,216.49588012695312,136475.0
2023-10-18,221.14999389648438,222.64999389648438,211.5,214.14999389648438,211.74969482421875,70803.0
2023-10-19,215.0,215.0,205.64999389648438,207.10000610351562,204.77871704101562,97992.0
2023-10-20,208.5,212.89999389648438,207.10000610351562,208.5500030517578,206.21246337890625,28109.0
2023-10-23,210.0,210.0,188.0,192.0,189.84796142578125,122190.0
2023-10-25,194.64999389648438,196.9499969482422,184.6999969482422,187.75,185.64559936523438,61058.0
2023-10-26,183.0500030517578,188.89999389648438,181.5,186.75,184.65679931640625,50493.0
2023-10-27,188.10000610351562,195.6999969482422,188.0500030517578,194.4499969482422,192.27049255371094,31396.0
2023-10-30,195.0,199.64999389648438,191.8000030517578,197.75,195.53350830078125,24576.0
2023-10-31,196.25,199.39999389648438,191.25,192.10000610351562,189.9468536376953,45236.0
2023-11-01,192.0500030517578,195.14999389648438,190.0,191.39999389648438,189.2546844482422,19956.0
2023-11-02,193.0500030517578,196.60000610351562,185.39999389648438,188.6999969482422,186.58494567871094,62591.0
2023-11-03,189.0,198.0,186.0,192.0500030517578,189.89739990234375,126304.0
2023-11-06,192.6999969482422,192.6999969482422,186.0500030517578,189.75,187.62318420410156,71358.0
2023-11-07,189.75,194.0,188.5500030517578,190.89999389648438,188.76028442382812,26418.0
2023-11-08,190.89999389648438,194.75,189.5500030517578,190.5,188.36477661132812,33563.0
2023-11-09,191.85000610351562,197.39999389648438,191.1999969482422,193.10000610351562,190.93563842773438,32422.0
2023-11-10,192.85000610351562,193.10000610351562,189.4499969482422,190.64999389648438,188.51309204101562,27292.0
2023-11-13,192.0500030517578,192.5,189.0,189.60000610351562,187.47486877441406,36259.0
2023-11-15,191.0500030517578,204.64999389648438,189.35000610351562,194.5,192.31993103027344,122855.0
2023-11-16,193.0,199.39999389648438,192.9499969482422,197.39999389648438,195.18743896484375,54381.0
2023-11-17,197.4499969482422,201.0,194.1999969482422,194.8000030517578,192.6165771484375,61985.0
2023-11-20,196.3000030517578,196.4499969482422,191.8000030517578,192.60000610351562,190.4412384033203,29704.0
2023-11-21,192.64999389648438,193.60000610351562,185.89999389648438,186.60000610351562,184.5084991455078,122938.0
2023-11-22,187.0,192.10000610351562,187.0,191.14999389648438,189.0074920654297,52050.0
2023-11-23,192.4499969482422,192.4499969482422,189.0,190.5,188.36477661132812,35072.0
2023-11-24,191.5,192.0,188.89999389648438,189.39999389648438,187.277099609375,15345.0
2023-11-28,190.0,193.89999389648438,186.3000030517578,187.75,185.64559936523438,61606.0
2023-11-29,189.39999389648438,190.9499969482422,187.0,188.0500030517578,185.94223022460938,32842.0
2023-11-30,188.0500030517578,190.4499969482422,186.14999389648438,189.4499969482422,187.3265380859375,34398.0
2023-12-01,190.8000030517578,191.14999389648438,188.0,188.9499969482422,186.83213806152344,27316.0
2023-12-04,191.9499969482422,194.64999389648438,189.89999389648438,192.39999389648438,190.2434844970703,58565.0
2023-12-05,193.6999969482422,193.75,189.5,191.75,189.6007537841797,39958.0
2023-12-06,193.0,200.89999389648438,191.1999969482422,197.39999389648438,195.18743896484375,112080.0
2023-12-07,199.0,201.89999389648438,195.10000610351562,198.8000030517578,196.57174682617188,51306.0
2023-12-08,200.10000610351562,203.89999389648438,195.5500030517578,196.64999389648438,194.4458465576172,40749.0
2023-12-11,196.10000610351562,210.6999969482422,196.10000610351562,205.89999389648438,203.5921630859375,191954.0
2023-12-12,208.5500030517578,211.0,196.0,199.14999389648438,196.91781616210938,97479.0
2023-12-13,202.14999389648438,211.85000610351562,199.85000610351562,209.25,206.9046173095703,87942.0
2023-12-14,211.60000610351562,225.0,207.8000030517578,216.35000610351562,213.925048828125,421865.0
2023-12-15,217.75,223.39999389648438,211.0,212.4499969482422,210.06874084472656,241131.0
2023-12-18,212.5,218.0,210.10000610351562,211.39999389648438,209.030517578125,72140.0
2023-12-19,213.3000030517578,226.75,210.35000610351562,223.10000610351562,220.59938049316406,253510.0
2023-12-20,224.64999389648438,234.89999389648438,211.60000610351562,216.85000610351562,214.41943359375,820029.0
2023-12-21,214.0,226.0500030517578,212.0,216.25,213.82615661621094,296181.0
2023-12-22,217.85000610351562,224.4499969482422,217.64999389648438,221.6999969482422,219.21505737304688,115836.0
2023-12-26,223.3000030517578,234.89999389648438,222.0500030517578,232.64999389648438,230.04232788085938,303007.0
2023-12-27,234.0,242.0,224.0,230.3000030517578,227.7186737060547,425732.0
2023-12-28,232.1999969482422,234.25,228.64999389648438,230.64999389648438,228.0647430419922,119647.0
2023-12-29,231.89999389648438,232.0,223.89999389648438,224.60000610351562,222.08258056640625,96530.0
2024-01-01,225.10000610351562,230.5,224.25,225.75,223.21966552734375,71634.0
2024-01-02,226.0500030517578,226.9499969482422,220.0,223.25,220.74769592285156,107096.0
2024-01-03,222.4499969482422,229.0,219.35000610351562,226.0,223.4668731689453,162674.0
2024-01-04,227.6999969482422,235.0,226.14999389648438,230.39999389648438,227.81753540039062,183716.0
2024-01-05,229.14999389648438,232.1999969482422,222.1999969482422,224.6999969482422,222.18142700195312,76164.0
2024-01-08,224.6999969482422,224.6999969482422,215.10000610351562,216.10000610351562,213.67784118652344,107851.0
2024-01-09,218.89999389648438,221.64999389648438,214.10000610351562,214.8000030517578,212.3924102783203,47420.0
2024-01-10,215.75,218.0,211.60000610351562,213.1999969482422,210.81033325195312,70980.0
2024-01-11,213.3000030517578,218.39999389648438,213.3000030517578,215.8000030517578,213.38119506835938,61903.0
2024-01-12,216.8000030517578,217.75,214.0,214.75,212.3429718017578,26226.0
2024-01-15,216.3000030517578,221.8000030517578,211.1999969482422,219.0,216.5453338623047,117935.0
2024-01-16,218.89999389648438,218.89999389648438,212.0,213.0500030517578,210.66201782226562,49214.0
2024-01-17,209.0,215.5,209.0,210.4499969482422,208.09115600585938,45713.0
2024-01-18,210.5500030517578,216.9499969482422,208.25,209.3000030517578,206.9540557861328,102153.0
2024-01-19,210.4499969482422,214.0500030517578,208.0500030517578,208.85000610351562,206.5091094970703,35007.0
2024-01-23,219.0,219.0,205.0500030517578,206.10000610351562,203.78993225097656,73625.0
2024-01-24,207.0,209.25,202.0,205.85000610351562,203.54273986816406,62322.0
2024-01-25,207.0,212.10000610351562,206.0500030517578,211.1999969482422,208.83274841308594,27914.0
2024-01-29,212.8000030517578,215.0,206.0,209.25,206.9046173095703,72290.0
2024-01-30,209.5500030517578,210.85000610351562,198.35000610351562,201.14999389648438,198.89540100097656,119301.0
2024-01-31,201.8000030517578,208.8000030517578,201.8000030517578,203.89999389648438,201.6145782470703,65291.0
2024-02-01,204.10000610351562,207.0,200.0,201.39999389648438,199.14260864257812,57507.0
2024-02-02,202.89999389648438,205.5,200.10000610351562,201.4499969482422,199.19203186035156,55657.0
2024-02-05,201.4499969482422,205.5,198.14999389648438,202.39999389648438,200.1313934326172,113848.0
2024-02-06,202.1999969482422,202.39999389648438,192.4499969482422,193.89999389648438,191.72666931152344,147486.0
2024-02-07,193.89999389648438,196.9499969482422,189.0,190.5,188.36477661132812,142800.0
2024-02-08,191.89999389648438,193.85000610351562,190.0,192.14999389648438,189.99627685546875,50423.0
2024-02-09,192.0,194.0,186.0,193.14999389648438,190.98507690429688,56207.0
2024-02-12,193.0,195.1999969482422,185.0,187.39999389648438,185.2995147705078,65650.0
2024-02-13,187.8000030517578,199.0,180.9499969482422,183.8000030517578,181.7398681640625,167761.0
2024-02-14,183.6999969482422,188.4499969482422,182.0,183.25,181.19602966308594,59728.0
2024-02-15,182.0500030517578,194.8000030517578,182.0500030517578,187.60000610351562,185.49728393554688,183436.0
2024-02-16,188.9499969482422,189.85000610351562,181.5500030517578,184.60000610351562,182.53091430664062,211659.0
2024-02-19,185.60000610351562,194.5,182.89999389648438,190.6999969482422,188.56251525878906,109267.0
2024-02-20,191.3000030517578,195.75,185.75,193.35000610351562,191.18283081054688,181510.0
2024-02-21,194.64999389648438,196.75,187.10000610351562,188.75,186.63438415527344,108372.0
2024-02-22,190.1999969482422,193.25,186.64999389648438,190.5500030517578,188.41421508789062,49441.0
2024-02-23,191.8000030517578,193.6999969482422,189.3000030517578,190.60000610351562,188.4636688232422,34845.0
2024-02-26,191.0,192.0,186.0,187.39999389648438,185.2995147705078,48409.0
2024-02-27,188.39999389648438,189.64999389648438,186.10000610351562,187.25,185.1511993408203,38739.0
2024-02-28,188.3000030517578,188.85000610351562,183.0,183.64999389648438,181.591552734375,50010.0
2024-02-29,182.1999969482422,187.0,181.6999969482422,183.8000030517578,181.7398681640625,37062.0
2024-03-01,183.5,187.3000030517578,183.5,184.89999389648438,182.82754516601562,28969.0
2024-03-04,187.39999389648438,190.39999389648438,184.0,185.5500030517578,183.4702606201172,55118.0
2024-03-05,186.3000030517578,189.6999969482422,184.5500030517578,185.4499969482422,183.37136840820312,51592.0
2024-03-06,185.0500030517578,186.39999389648438,175.89999389648438,179.0,176.99366760253906,92358.0
2024-03-07,179.1999969482422,183.0,179.0,180.39999389648438,178.3779754638672,46427.0
2024-03-11,178.3000030517578,179.39999389648438,170.10000610351562,171.5,169.57772827148438,65441.0
2024-03-12,173.0,173.5500030517578,165.60000610351562,169.10000610351562,167.20465087890625,71930.0
2024-03-13,169.10000610351562,172.6999969482422,157.14999389648438,158.8000030517578,157.02008056640625,136312.0
2024-03-14,161.85000610351562,168.8000030517578,157.8000030517578,167.4499969482422,165.57313537597656,75752.0
2024-03-15,169.5,171.6999969482422,163.8000030517578,166.0,164.13937377929688,90163.0
2024-03-18,166.6999969482422,171.60000610351562,164.75,167.0,165.128173828125,50878.0
2024-03-19,167.8000030517578,169.5500030517578,165.5500030517578,166.1999969482422,164.33714294433594,49122.0
2024-03-20,167.3000030517578,171.6999969482422,166.5,168.4499969482422,166.56192016601562,67201.0
2024-03-21,169.89999389648438,171.4499969482422,165.5500030517578,166.14999389648438,164.28770446777344,91725.0
2024-03-22,166.14999389648438,173.4499969482422,166.14999389648438,169.8000030517578,167.89678955078125,109319.0
2024-03-26,169.8000030517578,171.25,166.0,166.39999389648438,164.53489685058594,51595.0
2024-03-27,167.8000030517578,169.9499969482422,155.14999389648438,159.1999969482422,157.4156036376953,148146.0
2024-03-28,155.8000030517578,166.0,155.8000030517578,158.75,156.97064208984375,134231.0
2024-04-01,160.60000610351562,173.9499969482422,160.60000610351562,171.8000030517578,169.87437438964844,51671.0
2024-04-02,172.5500030517578,179.5,170.0,177.6999969482422,175.70823669433594,74491.0
2024-04-03,177.39999389648438,185.1999969482422,174.6999969482422,182.39999389648438,180.35556030273438,71650.0
2024-04-04,182.5,186.0,180.75,184.4499969482422,182.382568359375,26934.0
2024-04-05,185.39999389648438,193.6999969482422,182.0500030517578,187.0,184.9040069580078,51444.0
2024-04-08,188.0,189.6999969482422,175.0,182.85000610351562,180.80052185058594,62747.0
2024-04-09,184.6999969482422,185.4499969482422,179.0,180.64999389648438,178.62518310546875,23957.0
2024-04-10,182.0,188.6999969482422,178.5500030517578,184.9499969482422,182.87696838378906,49190.0
2024-04-12,184.85000610351562,184.85000610351562,177.64999389648438,179.64999389648438,177.63638305664062,20387.0
2024-04-15,176.0,179.14999389648438,171.0,173.85000610351562,171.90139770507812,63637.0
2024-04-16,174.75,178.0,173.0500030517578,175.3000030517578,173.33514404296875,43117.0
2024-04-18,176.6999969482422,179.14999389648438,174.85000610351562,176.0,174.0272979736328,23628.0
2024-04-19,176.89999389648438,176.89999389648438,171.3000030517578,172.60000610351562,170.66542053222656,43767.0
2024-04-22,173.85000610351562,179.39999389648438,173.85000610351562,178.10000610351562,176.10377502441406,24839.0
2024-04-23,179.0,185.39999389648438,177.39999389648438,182.5,180.45443725585938,49007.0
2024-04-24,182.5,190.0,182.5,186.39999389648438,184.31072998046875,85101.0
2024-04-25,186.4499969482422,188.1999969482422,181.8000030517578,184.89999389648438,182.82754516601562,23878.0
2024-04-26,185.3000030517578,186.25,181.8000030517578,183.4499969482422,181.39378356933594,29768.0
2024-04-29,184.14999389648438,187.60000610351562,182.85000610351562,185.3000030517578,183.22305297851562,40653.0
2024-04-30,185.0,186.35000610351562,179.5,180.4499969482422,178.4274139404297,34592.0
2024-05-02,180.4499969482422,180.75,175.10000610351562,176.35000610351562,174.37338256835938,56103.0
2024-05-03,177.1999969482422,179.0,171.64999389648438,173.5,171.55531311035156,49843.0
2024-05-06,174.85000610351562,178.89999389648438,170.3000030517578,176.1999969482422,174.2250518798828,39086.0
2024-05-07,176.0,177.5,168.0,175.1999969482422,173.2362518310547,67373.0
2024-05-08,174.6999969482422,176.64999389648438,173.14999389648438,174.64999389648438,172.6924285888672,18335.0
2024-05-09,174.5,178.0,170.64999389648438,172.39999389648438,170.4676513671875,39981.0
2024-05-10,172.0,174.1999969482422,170.5500030517578,171.8000030517578,169.87437438964844,17279.0
2024-05-13,170.0,179.6999969482422,170.0,177.10000610351562,175.11497497558594,45958.0
2024-05-14,177.10000610351562,179.5,172.0,172.89999389648438,170.9620361328125,34613.0
2024-05-15,174.0500030517578,176.5500030517578,170.60000610351562,172.25,170.31932067871094,51294.0
2024-05-16,172.5500030517578,199.4499969482422,171.8000030517578,196.0,193.80313110351562,832491.0
2024-05-17,196.6999969482422,196.6999969482422,186.39999389648438,188.5500030517578,186.43663024902344,207607.0
2024-05-21,191.85000610351562,191.9499969482422,182.0,182.5,180.45443725585938,97449.0
2024-05-22,183.25,185.35000610351562,177.60000610351562,178.85000610351562,176.84536743164062,75678.0
2024-05-23,179.1999969482422,181.89999389648438,176.1999969482422,177.5,175.51048278808594,61627.0
2024-05-24,177.8000030517578,181.8000030517578,177.25,180.39999389648438,178.3779754638672,49101.0
2024-05-27,180.85000610351562,181.39999389648438,177.35000610351562,178.4499969482422,176.4498291015625,22379.0
2024-05-28,179.1999969482422,181.64999389648438,176.5500030517578,177.0500030517578,175.06553649902344,30062.0
2024-05-29,177.10000610351562,178.4499969482422,174.25,175.1999969482422,173.2362518310547,35214.0
2024-05-30,174.0500030517578,177.1999969482422,173.0500030517578,175.10000610351562,173.13739013671875,30825.0
2024-05-31,174.14999389648438,175.89999389648438,170.75,172.4499969482422,170.51708984375,51102.0
2024-06-03,175.89999389648438,177.39999389648438,167.5500030517578,169.1999969482422,167.3035125732422,99191.0
2024-06-04,171.60000610351562,171.60000610351562,157.0500030517578,166.60000610351562,164.732666015625,80712.0
2024-06-05,172.8000030517578,172.8000030517578,166.85000610351562,169.75,167.84735107421875,33548.0
2024-06-06,170.5,177.0,170.5,172.8000030517578,170.8631591796875,54265.0
2024-06-07,171.5500030517578,177.5,171.5500030517578,175.60000610351562,173.6317901611328,27238.0
2024-06-10,175.0500030517578,192.0,175.0,189.7100067138672,187.58363342285156,180170.0
2024-06-11,191.39999389648438,195.5,187.6199951171875,192.75999450683594,190.5994415283203,128471.0
2024-06-12,194.2100067138672,196.5,190.47000122070312,193.41000366210938,191.24215698242188,62597.0
2024-06-13,193.75,201.75,191.0,200.30999755859375,198.0648193359375,267434.0
2024-06-14,200.0,210.0,200.0,204.8000030517578,202.50450134277344,273020.0
2024-06-18,207.0,213.5,200.1999969482422,209.5500030517578,207.2012481689453,263281.0
2024-06-19,210.1699981689453,216.47999572753906,205.0,211.22000122070312,208.85252380371094,476242.0
2024-06-20,210.10000610351562,234.89999389648438,210.08999633789062,223.57000732421875,221.06411743164062,798760.0
2024-06-21,223.10000610351562,229.24000549316406,213.00999450683594,223.32000732421875,220.81690979003906,285108.0
2024-06-24,222.0,222.22999572753906,214.25999450683594,215.0800018310547,212.66928100585938,91558.0
2024-06-25,215.88999938964844,216.4499969482422,205.10000610351562,206.8699951171875,204.55128479003906,90180.0
2024-06-26,207.5,209.0,201.41000366210938,202.74000549316406,200.46759033203125,79286.0
2024-06-27,203.39999389648438,205.02999877929688,196.80999755859375,199.0800018310547,196.84861755371094,78406.0
2024-06-28,200.10000610351562,212.8000030517578,198.41000366210938,210.5500030517578,208.19004821777344,115805.0
2024-07-01,212.0,215.0,207.69000244140625,211.08999633789062,208.72398376464844,67118.0
2024-07-02,211.5500030517578,216.6999969482422,207.6300048828125,211.74000549316406,209.36671447753906,78589.0
2024-07-03,211.85000610351562,229.39999389648438,210.0,225.8800048828125,223.3482208251953,394083.0
2024-07-04,227.89999389648438,230.0,219.97999572753906,223.8000030517578,221.29153442382812,153881.0
2024-07-05,224.8000030517578,244.97000122070312,219.1999969482422,241.74000549316406,239.0304412841797,716590.0
2024-07-08,244.13999938964844,249.4499969482422,237.41000366210938,245.6199951171875,242.86695861816406,460799.0
2024-07-09,247.0,250.0,230.94000244140625,246.25999450683594,243.49978637695312,454185.0
2024-07-10,247.0,254.0,232.25,252.3000030517578,249.4720916748047,544693.0
2024-07-11,254.99000549316406,260.0,250.10000610351562,250.91000366210938,248.09767150878906,217664.0
2024-07-12,252.3000030517578,252.63999938964844,245.83999633789062,246.2100067138672,243.4503631591797,92417.0
2024-07-15,247.5,247.63999938964844,236.0,239.5399932861328,236.8551025390625,103456.0
2024-07-16,240.0,242.3800048828125,234.25,235.10000610351562,232.4648895263672,87859.0
2024-07-18,232.0,242.0,230.67999267578125,231.24000549316406,228.6481475830078,92908.0
2024-07-19,231.5,231.5,220.35000610351562,220.80999755859375,218.3350372314453,71758.0
2024-07-22,217.60000610351562,225.64999389648438,214.80999755859375,221.30999755859375,218.8294219970703,72523.0
2024-07-23,222.39999389648438,229.14999389648438,211.80999755859375,219.63999938964844,217.17816162109375,102793.0
2024-07-24,220.8000030517578,229.9600067138672,219.0,225.3699951171875,222.84393310546875,54687.0
2024-07-25,222.60000610351562,244.89999389648438,220.99000549316406,243.05999755859375,240.3356475830078,158430.0
2024-07-26,243.00999450683594,252.97000122070312,240.0,241.8300018310547,239.11944580078125,154007.0
2024-07-29,244.0,250.0800018310547,239.83999633789062,246.30999755859375,243.54922485351562,92401.0
2024-07-30,246.85000610351562,247.60000610351562,240.10000610351562,242.2899932861328,239.57427978515625,78595.0
2024-07-31,242.3000030517578,249.0,241.41000366210938,248.33999633789062,245.5564727783203,65900.0
2024-08-01,248.9499969482422,259.0,248.02000427246094,256.42999267578125,253.5557861328125,320942.0
2024-08-02,252.60000610351562,269.70001220703125,251.99000549316406,264.95001220703125,261.9803161621094,418199.0
2024-08-05,258.05999755859375,258.5899963378906,242.0,244.02999877929688,241.29478454589844,358355.0
2024-08-06,248.6999969482422,255.8000030517578,235.75999450683594,237.97000122070312,235.30270385742188,175359.0
2024-08-07,242.0,253.17999267578125,239.92999267578125,250.97999572753906,248.16688537597656,276566.0
2024-08-08,248.0,254.61000061035156,236.0,239.4600067138672,236.77601623535156,206308.0
2024-08-09,242.25,249.89999389648438,235.85000610351562,245.1699981689453,242.42201232910156,263076.0
2024-08-12,253.0,271.04998779296875,248.16000366210938,249.77000427246094,246.97044372558594,476449.0
2024-08-13,250.0,257.010009765625,241.63999938964844,243.4499969482422,240.72128295898438,176329.0
2024-08-14,245.0,254.0,239.6199951171875,245.33999633789062,242.590087890625,90939.0
2024-08-16,247.9499969482422,251.0,236.6999969482422,238.39999389648438,235.72787475585938,87742.0
2024-08-19,238.1999969482422,247.27999877929688,238.0,246.33999633789062,243.57888793945312,84402.0
2024-08-20,246.5,252.7899932861328,243.3000030517578,249.72999572753906,246.93089294433594,132490.0
2024-08-21,250.89999389648438,257.29998779296875,248.11000061035156,252.5800018310547,249.7489471435547,93975.0
2024-08-22,253.0,264.0,253.0,260.32000732421875,257.4021911621094,222121.0
2024-08-23,262.3500061035156,266.29998779296875,251.94000244140625,256.3500061035156,253.47669982910156,124655.0
2024-08-26,256.0,265.3500061035156,251.4499969482422,257.55999755859375,254.67312622070312,205257.0
2024-08-27,256.8999938964844,280.0,253.2100067138672,274.9800109863281,271.89788818359375,575148.0
2024-08-28,274.9800109863281,278.239990234375,266.1000061035156,267.489990234375,264.4918212890625,143837.0
2024-08-29,267.1000061035156,270.57000732421875,248.10000610351562,251.72999572753906,248.90847778320312,205387.0
2024-08-30,250.1699981689453,262.20001220703125,249.0,256.7900085449219,253.91175842285156,51714.0
2024-09-02,260.0,264.8500061035156,244.0,260.1000061035156,257.1846618652344,60678.0
2024-09-03,250.0,257.8999938964844,250.0,253.4499969482422,250.60919189453125,14559.0
2024-09-04,249.0,257.95001220703125,247.0,248.1999969482422,245.41802978515625,30328.0
2024-09-05,250.0,256.70001220703125,241.0,251.5,248.68106079101562,42739.0
2024-09-06,256.0,256.0,243.5,251.85000610351562,249.0271453857422,59530.0
2024-09-09,245.10000610351562,250.0,240.0,241.25,238.5459442138672,42710.0
2024-09-10,244.0,253.3000030517578,240.0,246.35000610351562,243.5887908935547,36884.0
2024-09-11,247.0,258.6499938964844,247.0,249.0,246.20907592773438,45564.0
2024-09-12,244.1999969482422,261.45001220703125,244.1999969482422,261.45001220703125,258.51953125,166374.0
2024-09-13,262.0,274.5,258.0,261.6499938964844,258.71728515625,71853.0
2024-09-16,256.20001220703125,273.6000061035156,256.20001220703125,259.54998779296875,256.64080810546875,41399.0
2024-09-17,256.29998779296875,269.5,254.3000030517578,257.45001220703125,254.5643768310547,24563.0
2024-09-18,255.0,260.0,252.0,254.1999969482422,251.3507843017578,39339.0
2024-09-19,259.0,260.0,251.0,251.6999969482422,248.87879943847656,46425.0
2024-09-20,246.1999969482422,260.6000061035156,246.1999969482422,251.25,249.9232635498047,21871.0
2024-09-23,255.0,255.9499969482422,245.0,251.85000610351562,250.5200958251953,46394.0
2024-09-24,248.0,254.0,242.6999969482422,247.89999389648438,246.5909423828125,16192.0
2024-09-25,247.0,253.0,244.5,247.0500030517578,245.7454376220703,10556.0
2024-09-26,246.0,251.6999969482422,239.6999969482422,243.89999389648438,242.612060546875,41611.0
2024-09-27,247.0,250.5,240.0,243.89999389648438,242.612060546875,22483.0
2024-09-30,249.9499969482422,249.9499969482422,236.60000610351562,242.60000610351562,241.31893920898438,20974.0
2024-10-01,237.0,252.60000610351562,237.0,250.44000244140625,249.11753845214844,62883.0
2024-10-03,250.6999969482422,257.25,244.0,256.7300109863281,255.37432861328125,63153.0
2024-10-04,260.0,260.0,251.10000610351562,256.4700012207031,255.11569213867188,29120.0
2024-10-07,248.25,260.0,243.63999938964844,243.63999938964844,242.3534393310547,25720.0
2024-10-08,243.63999938964844,247.60000610351562,240.0,242.47999572753906,241.19956970214844,11883.0
2024-10-09,243.0,254.60000610351562,243.0,252.69000244140625,251.35565185546875,22891.0
2024-10-10,257.739990234375,260.5,250.0,252.92999267578125,251.59437561035156,18122.0
2024-10-11,258.989990234375,262.95001220703125,250.00999450683594,252.6300048828125,251.2959747314453,24168.0
2024-10-14,251.0,265.0,251.0,263.9800109863281,262.5860595703125,48156.0
2024-10-15,263.9800109863281,269.0,256.29998779296875,266.0299987792969,264.6252136230469,14455.0
2024-10-16,260.010009765625,272.0,259.79998779296875,267.7099914550781,266.29632568359375,23332.0
2024-10-17,272.5,272.5,260.20001220703125,264.30999755859375,262.914306640625,22167.0
2024-10-18,264.0,273.0,260.0,271.5799865722656,270.1459045410156,40670.0
2024-10-21,275.70001220703125,275.70001220703125,258.29998779296875,269.80999755859375,268.38525390625,14645.0
2024-10-22,269.79998779296875,274.5,256.30999755859375,257.0400085449219,255.6826934814453,20542.0
2024-10-23,248.0500030517578,264.70001220703125,245.5,251.22999572753906,249.9033660888672,14619.0
2024-10-24,256.0,261.0,247.0500030517578,256.6600036621094,255.30470275878906,24068.0
2024-10-25,250.61000061035156,256.6600036621094,243.82000732421875,244.55999755859375,243.26858520507812,14433.0
2024-10-28,236.05999755859375,256.489990234375,236.05999755859375,248.52000427246094,247.2076873779297,5694.0
2024-10-29,254.38999938964844,258.0,250.0,253.6999969482422,252.36032104492188,11263.0
2024-10-30,257.70001220703125,263.3999938964844,254.10000610351562,259.7200012207031,258.3485412597656,6100.0
2024-10-31,264.3999938964844,264.3999938964844,251.25,259.70001220703125,258.3286437988281,27343.0
2024-11-01,262.95001220703125,266.8999938964844,251.25,264.25,262.8546142578125,7569.0
2024-11-04,263.95001220703125,270.0,252.60000610351562,260.1000061035156,258.7265319824219,10604.0
2024-11-05,260.1000061035156,268.0,256.0,261.29998779296875,259.920166015625,15235.0
2024-11-06,261.29998779296875,267.70001220703125,255.5,265.20001220703125,263.79962158203125,21293.0
2024-11-07,267.3999938964844,274.0,262.04998779296875,265.75,264.3466796875,22742.0
2024-11-08,271.0,271.1000061035156,261.6000061035156,270.3999938964844,268.9721374511719,25041.0
2024-11-11,270.3999938964844,283.8999938964844,263.1000061035156,282.3500061035156,280.8590393066406,102805.0
2024-11-12,290.0,295.20001220703125,275.5,280.3500061035156,278.8695983886719,78787.0
2024-11-13,281.29998779296875,282.0,266.3500061035156,266.3500061035156,264.94354248046875,33484.0
2024-11-14,253.0500030517578,270.0,253.0500030517578,264.54998779296875,263.15301513671875,40227.0
2024-11-18,260.0,277.0,251.5500030517578,262.45001220703125,261.0641174316406,19301.0
2024-11-19,262.45001220703125,275.54998779296875,257.75,273.75,272.304443359375,40733.0
2024-11-21,261.0,274.0,260.1000061035156,269.6499938964844,268.2261047363281,22504.0
2024-11-22,269.95001220703125,273.3999938964844,261.0,265.6000061035156,264.1974792480469,14383.0
2024-11-25,266.1000061035156,278.8500061035156,266.1000061035156,277.3999938964844,275.9351806640625,39756.0
2024-11-26,282.95001220703125,290.8999938964844,274.1000061035156,289.3500061035156,287.82208251953125,91660.0
2024-11-27,296.0,300.8500061035156,279.0,299.5,297.9184875488281,60025.0
2024-11-28,300.0,308.3999938964844,296.0,299.79998779296875,298.2168884277344,38730.0
2024-11-29,299.79998779296875,303.0,291.1000061035156,300.6000061035156,299.0126647949219,23043.0
2024-12-02,304.1000061035156,360.70001220703125,293.8999938964844,348.0,346.162353515625,862807.0
2024-12-03,344.8999938964844,352.8999938964844,331.04998779296875,343.54998779296875,341.73583984375,217000.0
2024-12-04,348.0,349.3999938964844,336.04998779296875,338.54998779296875,336.76226806640625,44742.0
2024-12-05,343.8999938964844,350.5,335.95001220703125,345.1499938964844,343.3274230957031,107487.0
2024-12-06,351.0,351.0,335.0,339.04998779296875,337.2596130371094,47193.0
2024-12-09,344.8500061035156,346.0,339.0,341.95001220703125,340.1443176269531,50542.0
2024-12-10,344.3999938964844,349.45001220703125,340.0,341.0,339.1993408203125,50477.0
2024-12-11,342.0,346.5,326.75,339.25,337.45855712890625,59584.0
2024-12-12,341.0,373.95001220703125,341.0,359.6499938964844,357.7508544921875,423582.0
2024-12-13,359.54998779296875,368.04998779296875,350.29998779296875,364.1000061035156,362.1773681640625,104086.0
2024-12-16,364.8999938964844,384.79998779296875,364.8999938964844,372.8500061035156,370.88116455078125,252922.0
2024-12-17,372.5,377.3999938964844,357.20001220703125,359.6000061035156,357.70111083984375,96032.0
2024-12-18,359.29998779296875,367.0,349.1000061035156,351.75,349.892578125,101667.0
2024-12-19,341.29998779296875,351.95001220703125,332.6000061035156,337.6000061035156,335.8172912597656,121450.0
2024-12-20,338.45001220703125,347.1499938964844,319.6499938964844,323.75,322.0404357910156,125211.0
2024-12-23,327.0,328.95001220703125,312.8500061035156,319.8999938964844,318.21075439453125,75250.0
2024-12-24,318.1000061035156,328.6000061035156,311.79998779296875,314.8999938964844,313.2371520996094,59754.0
2024-12-26,315.20001220703125,319.0,305.1000061035156,307.3999938964844,305.7767639160156,62282.0
2024-12-27,310.8500061035156,330.0,305.54998779296875,326.54998779296875,324.82562255859375,119380.0
2024-12-30,328.0,335.95001220703125,322.6000061035156,326.04998779296875,324.3282775878906,71171.0
2024-12-31,321.1499938964844,326.6000061035156,317.6000061035156,321.70001220703125,320.0012512207031,27136.0
2025-01-01,324.3999938964844,334.0,317.45001220703125,331.1000061035156,329.35162353515625,36426.0
2025-01-02,334.79998779296875,337.0,322.1000061035156,326.20001220703125,324.4775085449219,30536.0
2025-01-03,327.20001220703125,328.0,319.04998779296875,320.0,318.3102111816406,31413.0
2025-01-06,315.0,318.6000061035156,297.1000061035156,306.95001220703125,305.3291320800781,67446.0
2025-01-07,303.0,313.6000061035156,299.54998779296875,304.25,302.6434020996094,51811.0
2025-01-08,301.8999938964844,315.6499938964844,299.20001220703125,313.70001220703125,312.0434875488281,64207.0
2025-01-09,310.0,342.0,302.5,304.6000061035156,302.9915466308594,253691.0
2025-01-10,307.70001220703125,308.6000061035156,291.04998779296875,303.8999938964844,302.29522705078125,65819.0
2025-01-13,299.3500061035156,303.5,283.0,287.70001220703125,286.1807861328125,164432.0
2025-01-14,289.95001220703125,318.70001220703125,287.54998779296875,307.8500061035156,306.2243957519531,40459.0
2025-01-15,310.0,318.29998779296875,295.04998779296875,296.54998779296875,294.9840393066406,75951.0
2025-01-16,301.79998779296875,313.95001220703125,301.04998779296875,309.95001220703125,308.31329345703125,30926.0
2025-01-17,307.6499938964844,324.79998779296875,302.54998779296875,319.29998779296875,317.6139221191406,44536.0
2025-01-20,318.0,319.6499938964844,301.0,308.3999938964844,306.771484375,51232.0
2025-01-21,308.0,311.70001220703125,298.1000061035156,300.0,298.41583251953125,17660.0
2025-01-22,300.04998779296875,302.6000061035156,283.04998779296875,289.45001220703125,287.92156982421875,31729.0
2025-01-23,294.79998779296875,296.20001220703125,285.1000061035156,286.1000061035156,284.5892333984375,44714.0
2025-01-24,288.0,288.0,266.0,269.8999938964844,268.4747619628906,98418.0
2025-01-27,268.0,271.0,254.5,260.3999938964844,259.0249328613281,92376.0
2025-01-28,263.79998779296875,274.45001220703125,250.0,263.54998779296875,262.1582946777344,95153.0
2025-01-29,260.0,278.0,259.29998779296875,270.5,269.0716247558594,70110.0
2025-01-30,274.54998779296875,275.54998779296875,266.1000061035156,269.95001220703125,268.5245361328125,35554.0
2025-01-31,265.5,277.8500061035156,265.5,274.8500061035156,273.3986511230469,18832.0
2025-02-01,274.8500061035156,278.0,267.5,274.6499938964844,273.1996765136719,13310.0
2025-02-03,268.3999938964844,282.5,260.1000061035156,279.5,278.0240783691406,36428.0
2025-02-04,277.79998779296875,287.79998779296875,272.8999938964844,277.3500061035156,275.88543701171875,34140.0
2025-02-05,280.0,301.95001220703125,277.79998779296875,299.8999938964844,298.31634521484375,148031.0
2025-02-06,298.8500061035156,307.8500061035156,293.8999938964844,297.6499938964844,296.0782470703125,64445.0
2025-02-07,294.04998779296875,296.79998779296875,288.0,289.8500061035156,288.3194274902344,21571.0
2025-02-10,294.1499938964844,296.6499938964844,272.0,278.25,276.78070068359375,88450.0
2025-02-11,281.04998779296875,284.0,269.5,278.6499938964844,277.1785583496094,78502.0
2025-02-12,279.20001220703125,301.45001220703125,279.20001220703125,298.29998779296875,296.72479248046875,260534.0
2025-02-13,297.5,339.0,297.5,326.5,324.7759094238281,611400.0
2025-02-14,320.0,323.5,290.1000061035156,307.79998779296875,306.17462158203125,168538.0
2025-02-17,301.0,331.6499938964844,301.0,320.25,318.55889892578125,251982.0
2025-02-18,317.0,339.0,307.1000061035156,309.8999938964844,308.2635498046875,271097.0
2025-02-19,314.54998779296875,338.8999938964844,313.6000061035156,331.1499938964844,329.4013366699219,278193.0
2025-02-20,327.20001220703125,351.70001220703125,324.04998779296875,343.6000061035156,341.7856140136719,366153.0
2025-02-21,347.0,353.95001220703125,333.20001220703125,342.6499938964844,340.8406066894531,272523.0
2025-02-24,334.5,352.8999938964844,329.54998779296875,348.6499938964844,346.8089294433594,308310.0
2025-02-25,343.5,358.8500061035156,324.04998779296875,330.1499938964844,328.4066162109375,228540.0
2025-02-27,329.79998779296875,332.75,303.1000061035156,304.79998779296875,303.1904602050781,189696.0
2025-02-28,306.0,314.95001220703125,284.0,286.5,284.98712158203125,122402.0
2025-03-03,290.79998779296875,304.70001220703125,272.5,295.5,293.9396057128906,166340.0
2025-03-04,295.0,328.0,295.0,306.5,304.8815002441406,157018.0
2025-03-05,306.0,328.75,305.54998779296875,318.95001220703125,317.2657775878906,111283.0
2025-03-06,326.3999938964844,333.6000061035156,309.1000061035156,312.54998779296875,310.8995361328125,158455.0
2025-03-07,318.0,326.79998779296875,311.6000061035156,317.8999938964844,316.2213134765625,156872.0
2025-03-10,316.04998779296875,325.0,295.54998779296875,299.29998779296875,297.7195129394531,92159.0
2025-03-11,298.70001220703125,308.75,287.1499938964844,298.25,296.6750793457031,110646.0
2025-03-12,302.6499938964844,303.0,287.1000061035156,289.3500061035156,287.82208251953125,68844.0
2025-03-13,293.3999938964844,297.20001220703125,288.1000061035156,290.45001220703125,288.9162902832031,52722.0
2025-03-17,290.45001220703125,292.45001220703125,275.0,279.45001220703125,277.974365234375,83569.0
2025-03-18,279.45001220703125,279.45001220703125,279.45001220703125,279.45001220703125,277.974365234375,0.0
2025-03-19,291.0,301.29998779296875,288.0,293.0,291.4527893066406,75434.0
2025-03-20,293.0,300.45001220703125,275.54998779296875,283.45001220703125,281.9532470703125,71857.0
2025-03-21,283.1499938964844,297.8500061035156,282.8500061035156,293.25,291.70147705078125,67213.0
2025-03-24,293.3500061035156,306.25,293.04998779296875,295.20001220703125,293.6412048339844,63658.0
2025-03-25,296.70001220703125,299.54998779296875,277.8999938964844,281.79998779296875,280.3119201660156,69994.0
2025-03-26,280.95001220703125,289.1499938964844,279.29998779296875,280.45001220703125,278.9690856933594,79545.0
2025-03-27,279.04998779296875,284.1499938964844,253.8000030517578,258.45001220703125,257.08526611328125,191958.0
2025-03-28,262.0,277.5,262.0,266.29998779296875,264.8937683105469,152701.0
2025-04-01,264.3999938964844,269.79998779296875,260.70001220703125,265.95001220703125,264.545654296875,73856.0
2025-04-02,266.0,270.45001220703125,258.04998779296875,263.3500061035156,261.9593811035156,52395.0
2025-04-03,263.54998779296875,269.54998779296875,257.54998779296875,265.54998779296875,264.1477355957031,48193.0
2025-04-04,265.0,275.0,250.10000610351562,252.35000610351562,251.0174560546875,64910.0
2025-04-07,225.0,235.0,220.5,227.4499969482422,226.24893188476562,294744.0
2025-04-08,233.5,242.0,226.35000610351562,237.25,235.9971923828125,93837.0
2025-04-09,237.0,240.14999389648438,224.89999389648438,226.60000610351562,225.40342712402344,108286.0
2025-04-11,233.25,239.8000030517578,228.0,231.85000610351562,230.62571716308594,70993.0
2025-04-15,234.8000030517578,251.8000030517578,234.8000030517578,248.4499969482422,247.13804626464844,82281.0
2025-04-16,249.3000030517578,256.5,249.0500030517578,252.9499969482422,251.61428833007812,57404.0
2025-04-17,254.39999389648438,261.1000061035156,246.5,249.75,248.43118286132812,73084.0
2025-04-21,249.75,252.35000610351562,238.0,248.25,246.93910217285156,132301.0
2025-04-22,248.25,258.3999938964844,245.1999969482422,252.60000610351562,251.26614379882812,58110.0
2025-04-23,254.60000610351562,257.6499938964844,247.6999969482422,252.3000030517578,250.96771240234375,43870.0
2025-04-24,248.64999389648438,263.6499938964844,248.64999389648438,257.70001220703125,256.3392028808594,69701.0
2025-04-25,256.04998779296875,259.0,238.0,243.14999389648438,241.86602783203125,45836.0
2025-04-28,244.0,250.8000030517578,240.0,243.35000610351562,242.0649871826172,33052.0
2025-04-29,242.35000610351562,250.75,242.1999969482422,244.0,242.7115478515625,27530.0
2025-04-30,245.0,245.5,231.0,235.1999969482422,233.9580078125,72601.0
2025-05-02,233.0,238.60000610351562,230.82000732421875,233.02999877929688,231.79946899414062,23172.0
2025-05-05,237.8000030517578,240.99000549316406,230.2100067138672,240.0399932861328,238.77244567871094,30623.0
2025-05-06,240.64999389648438,240.82000732421875,230.1999969482422,232.27000427246094,231.04348754882812,35661.0
2025-05-07,227.6999969482422,241.08999633789062,227.6999969482422,238.32000732421875,237.06153869628906,40963.0
2025-05-08,235.75,246.35000610351562,235.75,242.58999633789062,241.30899047851562,55369.0
2025-05-09,237.4199981689453,237.55999755859375,231.61000061035156,234.42999267578125,233.19207763671875,31003.0
2025-05-12,238.0,251.89999389648438,238.0,249.64999389648438,248.3317108154297,38483.0
2025-05-13,252.0,260.3999938964844,249.6999969482422,256.510009765625,255.15550231933594,76795.0
2025-05-14,256.510009765625,267.0,256.5,263.5,262.10858154296875,95598.0
2025-05-15,263.54998779296875,283.42999267578125,263.54998779296875,279.32000732421875,277.84503173828125,120014.0
2025-05-16,279.3500061035156,301.20001220703125,279.3500061035156,296.95001220703125,295.3819580078125,135484.0
2025-05-19,300.0,317.3399963378906,291.260009765625,293.0199890136719,291.4726867675781,173338.0
2025-05-20,295.3599853515625,297.989990234375,287.3299865722656,294.1199951171875,292.5668640136719,50957.0
2025-05-21,294.8500061035156,298.6000061035156,288.0199890136719,291.05999755859375,289.5230407714844,40022.0
2025-05-22,290.6000061035156,304.1499938964844,287.04998779296875,301.07000732421875,299.4801940917969,67996.0
2025-05-23,301.07000732421875,310.6000061035156,296.010009765625,304.20001220703125,302.5936584472656,61782.0
2025-05-26,301.5,303.8800048828125,295.5,297.69000244140625,296.1180419921875,29062.0
2025-05-27,298.5,301.2099914550781,293.1000061035156,294.3999938964844,292.84539794921875,26218.0
2025-05-28,291.45001220703125,310.79998779296875,291.45001220703125,306.2300109863281,304.6129455566406,62043.0
2025-05-29,306.2300109863281,307.8800048828125,301.04998779296875,302.7900085449219,301.19110107421875,20882.0
2025-05-30,303.04998779296875,305.5400085449219,296.0,300.9700012207031,299.3807067871094,25850.0
2025-06-02,300.3999938964844,306.8500061035156,296.3999938964844,299.8500061035156,298.2666320800781,27599.0
2025-06-03,300.1000061035156,329.8999938964844,297.3999938964844,328.0,326.2679748535156,577512.0
2025-06-04,328.0,339.0,322.0,328.3999938964844,326.6658630371094,318481.0
2025-06-05,328.3999938964844,345.0,322.1499938964844,326.8500061035156,325.1240539550781,475748.0
2025-06-06,325.3999938964844,337.5,319.1000061035156,329.0,327.2626953125,214351.0
2025-06-09,330.95001220703125,347.0,327.1499938964844,328.95001220703125,327.2129821777344,313898.0
2025-06-10,331.54998779296875,346.75,329.8500061035156,335.04998779296875,333.2807312011719,237819.0
2025-06-11,336.95001220703125,347.45001220703125,332.54998779296875,334.95001220703125,333.1813049316406,180972.0
2025-06-12,336.75,336.75,317.20001220703125,321.70001220703125,320.0012512207031,110768.0
2025-06-13,314.95001220703125,328.25,311.54998779296875,318.25,316.5694580078125,95567.0
2025-06-16,317.25,325.70001220703125,313.25,321.79998779296875,320.1007080078125,54606.0
2025-06-17,324.1000061035156,325.0,299.1000061035156,308.20001220703125,306.5725402832031,104464.0
2025-06-18,309.79998779296875,317.0,306.1000061035156,314.45001220703125,312.78955078125,49446.0
2025-06-19,317.6000061035156,318.45001220703125,301.75,303.3999938964844,301.7978820800781,55355.0
2025-06-20,305.1499938964844,311.0,302.04998779296875,305.8999938964844,304.28466796875,39103.0
2025-06-23,305.1000061035156,305.5,292.8999938964844,296.6499938964844,295.0835266113281,77834.0
2025-06-24,300.0,313.8999938964844,300.0,311.04998779296875,309.407470703125,48334.0
2025-06-25,311.04998779296875,314.3999938964844,308.0,312.45001220703125,310.80010986328125,25113.0
2025-06-26,312.45001220703125,316.8999938964844,308.1499938964844,310.5,308.8603820800781,28883.0
2025-06-27,310.0,334.3500061035156,309.79998779296875,330.8999938964844,329.15264892578125,237917.0
2025-06-30,336.70001220703125,346.0,335.8999938964844,341.04998779296875,339.2490539550781,372069.0
2025-07-01,341.1000061035156,364.0,341.04998779296875,357.04998779296875,355.16455078125,702404.0
2025-07-02,357.8999938964844,362.5,345.79998779296875,352.3500061035156,350.4894104003906,134395.0
2025-07-03,355.8500061035156,369.75,347.3500061035156,350.29998779296875,348.4501953125,450880.0
2025-07-04,350.20001220703125,353.1499938964844,336.79998779296875,341.6499938964844,339.84588623046875,131390.0
2025-07-07,343.95001220703125,343.95001220703125,330.8500061035156,332.6000061035156,330.84368896484375,48685.0
2025-07-08,330.3500061035156,341.45001220703125,327.25,329.95001220703125,328.20770263671875,76156.0
2025-07-09,332.45001220703125,349.0,329.20001220703125,346.1000061035156,344.27239990234375,127944.0
2025-07-10,344.0,361.70001220703125,341.1499938964844,355.20001220703125,353.3243713378906,166280.0
2025-07-11,352.29998779296875,354.04998779296875,346.20001220703125,351.75,349.892578125,71671.0
2025-07-14,348.25,356.5,344.04998779296875,352.1000061035156,350.24072265625,54542.0
2025-07-15,357.0,366.75,353.0,358.04998779296875,356.1592712402344,133064.0
2025-07-16,354.45001220703125,364.0,350.1499938964844,358.45001220703125,356.55718994140625,77986.0
2025-07-17,360.0,370.8999938964844,350.79998779296875,364.04998779296875,362.1275939941406,136057.0
2025-07-18,365.0,377.3999938964844,359.3999938964844,363.79998779296875,361.8789367675781,136574.0
2025-07-21,363.0,383.70001220703125,361.79998779296875,376.0,374.0145263671875,283877.0
2025-07-22,376.1000061035156,380.0,363.0,369.79998779296875,367.84722900390625,104995.0
2025-07-23,371.5,372.54998779296875,356.29998779296875,367.1499938964844,365.21124267578125,97366.0
2025-07-24,369.0,377.8500061035156,366.79998779296875,370.45001220703125,368.49383544921875,76075.0
2025-07-25,368.1000061035156,375.5,362.8500061035156,367.04998779296875,365.11175537109375,131723.0
2025-07-28,365.70001220703125,398.79998779296875,361.1000061035156,376.1499938964844,374.1637268066406,684909.0
2025-07-29,375.0,403.0,375.0,398.95001220703125,396.84332275390625,401762.0
2025-07-30,402.0,410.29998779296875,383.8999938964844,397.45001220703125,395.35125732421875,252586.0
2025-07-31,396.0,397.0,376.6000061035156,386.6499938964844,384.6082763671875,121112.0
2025-08-01,390.5,409.8500061035156,381.25,384.1000061035156,382.0717468261719,281451.0
2025-08-04,384.8999938964844,408.1000061035156,384.6000061035156,403.04998779296875,400.9216613769531,159818.0
2025-08-05,404.0,406.8500061035156,379.1000061035156,381.3999938964844,379.385986328125,147222.0
2025-08-06,384.3999938964844,386.3500061035156,343.29998779296875,347.75,345.9136962890625,342559.0
2025-08-07,346.95001220703125,361.29998779296875,341.5,358.3999938964844,356.5074462890625,310926.0
2025-08-08,359.8999938964844,375.0,358.45001220703125,368.20001220703125,366.2557067871094,294430.0
2025-08-11,368.20001220703125,398.25,366.45001220703125,393.1499938964844,391.0739440917969,299701.0
2025-08-12,399.0,407.0,392.0,401.0,398.88250732421875,205305.0
2025-08-13,404.95001220703125,405.0,336.5,340.5,338.70196533203125,815843.0
2025-08-14,348.0,365.0,346.0,348.20001220703125,346.361328125,460665.0
2025-08-18,356.20001220703125,362.70001220703125,352.04998779296875,353.1499938964844,351.28515625,148501.0
2025-08-19,355.8500061035156,358.20001220703125,350.20001220703125,351.95001220703125,350.0915222167969,51086.0
2025-08-20,352.0,356.0,335.3500061035156,338.54998779296875,336.76226806640625,163418.0
2025-08-21,341.25,345.6000061035156,340.0,343.6000061035156,341.7856140136719,49220.0
2025-08-22,344.0,345.95001220703125,331.45001220703125,334.1000061035156,332.3357849121094,84985.0
2025-08-25,334.5,338.20001220703125,330.6499938964844,332.04998779296875,330.29656982421875,44833.0
2025-08-26,332.0,332.0,317.3999938964844,319.8999938964844,318.21075439453125,102911.0
2025-08-28,320.0,335.0,315.0,320.54998779296875,318.8572998046875,138930.0
2025-08-29,317.3999938964844,322.3500061035156,312.1000061035156,313.79998779296875,312.1429443359375,56368.0
2025-09-01,312.0,318.6499938964844,311.0,315.04998779296875,313.3863525390625,75420.0
2025-09-02,315.1000061035156,321.8999938964844,312.0,313.3500061035156,311.6953430175781,113498.0
2025-09-03,314.3999938964844,329.75,313.6000061035156,328.25,326.51666259765625,91415.0
2025-09-04,330.5,350.0,330.5,344.5,342.68084716796875,278923.0
2025-09-05,346.25,350.8999938964844,340.0,348.25,346.4110412597656,102398.0
2025-09-08,350.0,352.75,342.6499938964844,345.3500061035156,343.5263671875,102132.0
2025-09-09,342.70001220703125,346.3500061035156,328.8999938964844,329.95001220703125,328.20770263671875,92870.0
2025-09-10,332.0,338.79998779296875,328.29998779296875,337.25,335.4691467285156,56924.0
2025-09-11,335.0,340.29998779296875,328.1000061035156,329.29998779296875,327.56109619140625,43692.0
2025-09-12,330.95001220703125,335.45001220703125,330.0,331.45001220703125,329.69976806640625,31368.0
2025-09-15,344.8999938964844,397.70001220703125,340.0,394.20001220703125,392.118408203125,4840727.0
2025-09-16,400.0,429.8999938964844,388.5,404.45001220703125,402.3143005371094,7485027.0
2025-09-17,393.0,397.3999938964844,380.79998779296875,384.25,382.220947265625,479567.0
2025-09-18,383.0,393.0,375.1000061035156,378.75,376.75,323371.0
2025-09-19,392.70001220703125,401.20001220703125,376.29998779296875,384.20001220703125,384.20001220703125,646961.0
2025-09-22,384.20001220703125,461.0,380.54998779296875,451.8999938964844,451.8999938964844,6639451.0
2025-09-23,461.79998779296875,476.0,444.1499938964844,454.75,454.75,2412057.0
2025-09-24,448.0,472.5,446.29998779296875,454.6499938964844,454.6499938964844,605194.0
2025-09-25,454.6499938964844,459.3999938964844,442.8500061035156,447.20001220703125,447.20001220703125,231360.0
2025-09-26,448.0,448.04998779296875,428.8500061035156,437.1499938964844,437.1499938964844,228048.0
2025-09-29,439.0,458.1000061035156,437.1499938964844,440.54998779296875,440.54998779296875,254506.0
2025-09-30,443.0,459.8500061035156,438.8999938964844,444.29998779296875,444.29998779296875,239581.0
2025-10-01,448.79998779296875,475.8500061035156,438.1000061035156,445.29998779296875,445.29998779296875,570546.0
2025-10-03,445.8500061035156,447.8999938964844,431.1000061035156,437.45001220703125,437.45001220703125,163496.0
2025-10-06,439.79998779296875,446.0,414.0,429.29998779296875,429.29998779296875,182902.0
2025-10-07,432.8999938964844,434.8999938964844,419.0,420.45001220703125,420.45001220703125,63254.0
2025-10-08,419.0,428.0,416.20001220703125,417.8999938964844,417.8999938964844,69174.0
2025-10-09,417.0,432.70001220703125,401.0,424.5,424.5,135286.0
2025-10-10,425.45001220703125,442.8999938964844,410.0,415.79998779296875,415.79998779296875,235560.0
2025-10-13,415.79998779296875,417.1499938964844,404.0,409.29998779296875,409.29998779296875,65724.0
2025-10-14,408.29998779296875,415.6000061035156,391.95001220703125,397.8999938964844,397.8999938964844,119458.0
2025-10-15,398.04998779296875,431.6499938964844,398.04998779296875,423.6499938964844,423.6499938964844,139383.0
2025-10-16,424.3999938964844,427.0,413.0,415.25,415.25,74473.0
2025-10-17,416.20001220703125,416.20001220703125,396.3500061035156,401.5,401.5,116091.0
2025-10-20,403.79998779296875,404.5,397.54998779296875,402.95001220703125,402.95001220703125,58836.0
2025-10-21,403.5,411.79998779296875,401.5,409.5,409.5,20190.0
2025-10-23,412.3500061035156,439.29998779296875,397.29998779296875,423.8500061035156,423.8500061035156,205187.0
2025-10-24,427.25,429.70001220703125,412.04998779296875,415.29998779296875,415.29998779296875,110335.0
2025-10-27,420.0,422.0,410.5,414.45001220703125,414.45001220703125,29635.0
2025-10-28,414.45001220703125,428.6000061035156,410.1000061035156,421.1000061035156,421.1000061035156,70269.0
2025-10-29,425.29998779296875,428.0,413.79998779296875,426.79998779296875,426.79998779296875,82533.0
2025-10-30,426.5,428.0,417.3500061035156,419.45001220703125,419.45001220703125,32484.0
2025-10-31,420.0,428.0,385.54998779296875,399.25,399.25,154204.0
2025-11-03,402.79998779296875,409.3999938964844,397.5,399.5,399.5,96876.0
2025-11-04,403.45001220703125,405.3500061035156,385.0,393.75,393.75,91260.0
2025-11-06,399.6499938964844,399.6499938964844,385.29998779296875,388.5,388.5,60166.0
2025-11-07,386.5,403.3500061035156,386.45001220703125,393.20001220703125,393.20001220703125,75913.0
2025-11-10,399.79998779296875,413.20001220703125,373.6000061035156,377.04998779296875,377.04998779296875,225249.0
2025-11-11,378.0,392.0,367.54998779296875,389.1000061035156,389.1000061035156,127064.0
2025-11-12,392.0,404.6499938964844,386.6000061035156,401.0,401.0,70566.0
2025-11-13,402.0,406.75,394.0,400.8500061035156,400.8500061035156,48689.0
2025-11-14,400.8500061035156,423.3999938964844,396.1499938964844,412.70001220703125,412.70001220703125,128594.0
2025-11-17,411.5,419.79998779296875,402.1000061035156,405.95001220703125,405.95001220703125,90225.0
2025-11-18,406.79998779296875,419.5,398.1499938964844,417.45001220703125,417.45001220703125,83885.0
2025-11-19,416.8999938964844,417.3999938964844,404.29998779296875,410.6000061035156,410.6000061035156,38471.0
2025-11-20,411.0,418.6000061035156,407.3500061035156,412.8500061035156,412.8500061035156,49541.0
2025-11-21,411.0,429.0,406.8500061035156,410.79998779296875,410.79998779296875,132012.0
2025-11-24,412.0,413.0,391.25,392.5,392.5,70762.0
2025-11-25,392.5,417.0,390.20001220703125,410.0,410.0,66899.0
2025-11-26,405.54998779296875,419.3500061035156,403.6000061035156,406.04998779296875,406.04998779296875,40671.0
2025-11-27,407.79998779296875,417.95001220703125,401.1000061035156,403.3500061035156,403.3500061035156,34782.0
2025-11-28,405.0,416.0,398.0,400.6000061035156,400.6000061035156,49547.0
2025-12-01,402.3999938964844,408.5,390.25,398.3999938964844,398.3999938964844,53095.0
2025-12-02,398.79998779296875,412.79998779296875,394.0,405.8500061035156,405.8500061035156,48068.0
2025-12-03,405.0,405.20001220703125,394.79998779296875,397.1000061035156,397.1000061035156,37010.0
2025-12-04,397.8500061035156,405.0,395.1499938964844,401.95001220703125,401.95001220703125,42591.0
2025-12-05,401.79998779296875,403.79998779296875,393.29998779296875,396.1499938964844,396.1499938964844,25885.0
2025-12-08,395.0,400.0,370.0,378.5,378.5,132103.0
2025-12-09,378.45001220703125,392.0,368.1499938964844,388.1000061035156,388.1000061035156,67844.0
2025-12-10,385.3500061035156,392.75,376.1499938964844,378.1000061035156,378.1000061035156,24245.0
2025-12-11,379.45001220703125,379.45001220703125,368.0,373.75,373.75,35076.0
2025-12-12,374.0,386.0,374.0,383.70001220703125,383.70001220703125,25140.0
2025-12-15,381.79998779296875,382.75,374.45001220703125,375.95001220703125,375.95001220703125,26663.0
2025-12-16,375.3999938964844,382.1499938964844,374.8500061035156,379.8500061035156,379.8500061035156,16090.0
2025-12-17,378.75,378.75,362.54998779296875,369.54998779296875,369.54998779296875,34259.0
2025-12-18,370.0,373.0,361.0,364.25,364.25,19216.0
2025-12-19,364.6000061035156,379.79998779296875,364.0,377.95001220703125,377.95001220703125,31301.0
2025-12-22,377.5,394.95001220703125,377.5,392.1000061035156,392.1000061035156,39877.0
2025-12-23,391.75,399.0,390.04998779296875,392.1499938964844,392.1499938964844,27328.0
2025-12-24,397.5,398.1000061035156,385.5,387.29998779296875,387.29998779296875,22229.0
2025-12-26,388.3999938964844,389.25,379.20001220703125,380.8500061035156,380.8500061035156,14211.0
2025-12-29,385.0,390.79998779296875,376.75,378.70001220703125,378.70001220703125,33238.0
2025-12-30,384.95001220703125,384.95001220703125,374.54998779296875,376.75,376.75,11216.0
2025-12-31,374.3999938964844,399.79998779296875,374.3999938964844,394.75,394.75,41600.0
2026-01-01,399.0,399.5,375.6000061035156,377.04998779296875,377.04998779296875,70512.0
2026-01-02,378.0,383.0,372.0,378.54998779296875,378.54998779296875,74140.0
2026-01-05,375.1499938964844,379.45001220703125,365.20001220703125,367.20001220703125,367.20001220703125,66290.0
2026-01-06,367.0,368.0,354.5,355.8500061035156,355.8500061035156,46661.0
2026-01-07,355.45001220703125,361.3999938964844,354.0,354.8500061035156,354.8500061035156,31780.0
2026-01-08,351.29998779296875,355.70001220703125,337.45001220703125,339.3999938964844,339.3999938964844,58229.0
2026-01-09,344.45001220703125,345.20001220703125,336.1499938964844,338.20001220703125,338.20001220703125,48374.0
2026-01-12,338.0,338.20001220703125,325.45001220703125,331.25,331.25,48270.0
2026-01-13,331.25,341.8999938964844,316.20001220703125,334.8500061035156,334.8500061035156,58235.0
2026-01-14,329.8500061035156,333.3999938964844,328.5,330.8999938964844,330.8999938964844,14720.0
2026-01-15,330.8999938964844,330.8999938964844,330.8999938964844,330.8999938964844,330.8999938964844,0.0
2026-01-16,329.0,341.45001220703125,328.8999938964844,334.1499938964844,334.1499938964844,27075.0
2026-01-19,334.1499938964844,334.45001220703125,324.20001220703125,327.79998779296875,327.79998779296875,17237.0
2026-01-20,325.70001220703125,329.79998779296875,310.0,316.3500061035156,316.3500061035156,43779.0
2026-01-21,313.6000061035156,335.20001220703125,313.0,332.45001220703125,332.45001220703125,74241.0
2026-01-22,332.70001220703125,353.95001220703125,332.70001220703125,351.6000061035156,351.6000061035156,49574.0
2026-01-23,348.20001220703125,350.25,337.79998779296875,339.95001220703125,339.95001220703125,22585.0
2026-01-27,338.1000061035156,338.1000061035156,321.5,326.3999938964844,326.3999938964844,51722.0
2026-01-28,328.8999938964844,331.8500061035156,321.70001220703125,323.29998779296875,323.29998779296875,29098.0
2026-01-29,323.6000061035156,324.6499938964844,318.25,320.79998779296875,320.79998779296875,10397.0
2026-01-30,316.04998779296875,331.75,315.29998779296875,329.8999938964844,329.8999938964844,27257.0
2026-02-02,350.1000061035156,350.5,332.8500061035156,337.5,337.5,35299.0
2026-02-03,350.0,363.0,344.0,352.45001220703125,352.45001220703125,102869.0
2026-02-04,351.0,358.0,345.1000061035156,349.20001220703125,349.20001220703125,25695.0
2026-02-05,349.54998779296875,350.45001220703125,337.0,338.3500061035156,338.3500061035156,25935.0
2026-02-06,337.5,337.5,325.1499938964844,330.70001220703125,330.70001220703125,28816.0
2026-02-09,337.79998779296875,366.0,330.0,359.6499938964844,359.6499938964844,80072.0
2026-02-10,360.70001220703125,360.70001220703125,351.04998779296875,353.25,353.25,20267.0
2026-02-11,354.54998779296875,359.0,345.20001220703125,347.95001220703125,347.95001220703125,33433.0
2026-02-12,345.04998779296875,369.75,343.0,349.45001220703125,349.45001220703125,75971.0
2026-02-13,348.0,415.25,336.5,364.5,364.5,2715656.0
2026-02-16,363.04998779296875,367.8500061035156,349.79998779296875,353.1000061035156,353.1000061035156,107797.0
2026-02-17,355.8999938964844,362.8500061035156,352.1000061035156,354.3999938964844,354.3999938964844,40573.0
2026-02-18,354.0,358.1000061035156,349.25,353.1499938964844,353.1499938964844,29743.0
2026-02-19,360.8999938964844,360.8999938964844,348.0,349.8999938964844,349.8999938964844,36636.0
2026-02-20,348.70001220703125,350.8500061035156,329.5,333.95001220703125,333.95001220703125,78578.0
2026-02-23,335.8999938964844,337.5,313.8999938964844,318.25,318.25,256095.0
2026-02-24,320.3500061035156,324.95001220703125,303.29998779296875,307.0,307.0,123024.0
2026-02-25,312.0,317.0,307.1000061035156,314.3999938964844,314.3999938964844,37412.0
2026-02-26,313.0,321.3999938964844,311.5,317.54998779296875,317.54998779296875,42186.0
2026-02-27,315.95001220703125,322.3500061035156,311.1000061035156,317.6499938964844,317.6499938964844,33441.0
2026-03-02,313.3999938964844,313.3999938964844,299.20001220703125,310.20001220703125,310.20001220703125,65392.0
2026-03-04,301.0,309.0,301.0,306.75,306.75,28871.0
2026-03-05,308.04998779296875,310.79998779296875,299.8999938964844,302.70001220703125,302.70001220703125,47424.0
2026-03-06,302.70001220703125,309.3999938964844,297.1000061035156,299.6000061035156,299.6000061035156,45294.0
2026-03-09,294.20001220703125,307.8999938964844,294.20001220703125,300.0,300.0,63300.0
2026-03-10,306.29998779296875,321.0,304.25,318.29998779296875,318.29998779296875,74790.0
2026-03-11,320.0,322.6000061035156,313.5,318.1000061035156,318.1000061035156,35241.0
2026-03-12,318.5,322.8999938964844,308.0,320.25,320.25,44471.0
2026-03-13,318.6499938964844,321.54998779296875,303.75,306.1000061035156,306.1000061035156,66273.0
2026-03-16,306.1000061035156,306.1000061035156,287.0,296.1499938964844,296.1499938964844,103968.0
2026-03-17,300.6000061035156,307.1499938964844,294.6000061035156,303.3500061035156,303.3500061035156,32162.0
2026-03-18,303.3500061035156,311.8999938964844,300.20001220703125,308.25,308.25,28680.0
2026-03-19,303.5,309.8999938964844,298.79998779296875,305.3999938964844,305.3999938964844,23834.0
2026-03-20,307.1000061035156,309.3999938964844,297.0,298.5,298.5,32387.0
2026-03-23,299.0,299.0,272.45001220703125,275.70001220703125,275.70001220703125,88920.0
2026-03-24,279.8500061035156,291.79998779296875,276.04998779296875,289.5,289.5,62960.0
2026-03-25,290.95001220703125,333.95001220703125,290.95001220703125,311.95001220703125,311.95001220703125,307026.0
2026-03-27,307.25,313.8500061035156,298.79998779296875,307.45001220703125,307.45001220703125,48111.0
2026-03-30,301.8500061035156,313.95001220703125,295.54998779296875,301.29998779296875,301.29998779296875,136528.0
2026-04-01,301.79998779296875,332.45001220703125,301.79998779296875,321.04998779296875,321.04998779296875,100375.0
2026-04-02,314.8999938964844,319.5,306.6000061035156,311.29998779296875,311.29998779296875,57491.0
2026-04-06,309.20001220703125,330.0,308.04998779296875,327.5,327.5,56499.0
2026-04-07,324.0,339.45001220703125,323.6499938964844,332.8500061035156,332.8500061035156,59580.0
2026-04-08,336.5,357.1000061035156,336.04998779296875,348.1000061035156,348.1000061035156,104457.0
2026-04-09,353.5,359.1499938964844,343.29998779296875,351.54998779296875,351.54998779296875,41718.0
2026-04-10,358.75,358.75,336.20001220703125,338.3500061035156,338.3500061035156,69542.0
2026-04-13,329.95001220703125,348.0,325.5,334.70001220703125,334.70001220703125,73152.0
2026-04-15,336.25,343.70001220703125,336.0,339.29998779296875,339.29998779296875,35229.0
2026-04-16,340.20001220703125,352.8999938964844,339.5,344.3999938964844,344.3999938964844,39043.0
2026-04-17,345.3999938964844,352.1499938964844,338.75,346.8999938964844,346.8999938964844,33707.0
2026-04-20,346.8999938964844,347.0,340.1000061035156,345.8999938964844,345.8999938964844,24168.0
2026-04-21,346.8500061035156,353.0,341.0,342.3999938964844,342.3999938964844,30830.0
2026-04-22,342.0,347.1499938964844,335.54998779296875,336.3500061035156,336.3500061035156,22271.0
2026-04-23,337.0,365.0,335.3500061035156,359.6499938964844,359.6499938964844,152658.0
2026-04-24,363.75,412.0,362.3999938964844,391.79998779296875,391.79998779296875,8311613.0
2026-04-27,394.0,402.79998779296875,385.70001220703125,396.75,396.75,433259.0
2026-04-28,399.0,399.0,380.04998779296875,382.95001220703125,382.95001220703125,118939.0
2026-04-29,389.79998779296875,390.8500061035156,380.79998779296875,382.20001220703125,382.20001220703125,60580.0
2026-04-30,382.20001220703125,400.95001220703125,372.70001220703125,395.0,395.0,121185.0
2026-05-01,395.0,395.0,395.0,395.0,395.0,0.0
2026-05-04,399.95001220703125,402.0,385.1000061035156,386.79998779296875,386.79998779296875,38155.0
2026-05-05,385.3999938964844,399.0,379.3500061035156,391.5,391.5,47344.0
2026-05-06,399.0,399.0,383.04998779296875,390.25,390.25,51485.0
2026-05-07,390.0,402.0,386.1499938964844,388.04998779296875,388.04998779296875,69052.0
2026-05-08,389.6000061035156,423.0,387.95001220703125,411.79998779296875,411.79998779296875,358723.0
2026-05-11,408.0,410.95001220703125,383.20001220703125,388.29998779296875,388.29998779296875,149336.0
2026-05-12,385.1000061035156,388.75,364.8999938964844,368.25,368.25,72360.0
2026-05-13,368.25,374.04998779296875,362.0,363.20001220703125,363.20001220703125,65412.0
2026-05-14,363.20001220703125,372.79998779296875,355.5,370.45001220703125,370.45001220703125,87023.0
2026-05-15,378.0,407.45001220703125,378.0,390.70001220703125,390.70001220703125,441551.0
2026-05-18,386.8500061035156,394.0,368.04998779296875,385.6499938964844,385.6499938964844,72610.0
2026-05-19,370.0,380.79998779296875,362.0,369.79998779296875,369.79998779296875,141540.0
2026-05-20,367.25,367.3500061035156,354.1000061035156,357.0,357.0,70060.0
2026-05-21,363.0,367.04998779296875,340.75,342.04998779296875,342.04998779296875,126193.0
2026-05-22,341.0,358.20001220703125,333.3999938964844,346.75,346.75,242216.0
2026-05-25,349.70001220703125,354.0,345.79998779296875,348.6000061035156,348.6000061035156,48929.0
2026-05-26,346.0,367.8999938964844,343.0,358.6000061035156,358.6000061035156,95675.0
2026-05-27,360.70001220703125,367.6499938964844,356.3500061035156,365.20001220703125,365.20001220703125,36306.0
2026-05-28,365.20001220703125,365.20001220703125,365.20001220703125,365.20001220703125,365.20001220703125,0.0
2026-05-29,364.1499938964844,372.0,357.0,364.95001220703125,364.95001220703125,100396.0
2026-06-01,365.04998779296875,372.79998779296875,350.0,357.3500061035156,357.3500061035156,44704.0
2026-06-02,357.3500061035156,370.54998779296875,356.54998779296875,363.29998779296875,363.29998779296875,50033.0
2026-06-03,364.0,368.45001220703125,357.6000061035156,364.70001220703125,364.70001220703125,24229.0
2026-06-04,360.70001220703125,382.0,360.70001220703125,371.54998779296875,371.54998779296875,71909.0
2026-06-05,370.8999938964844,373.29998779296875,356.3500061035156,359.3500061035156,359.3500061035156,49871.0
2026-06-08,356.1000061035156,363.29998779296875,351.75,353.6499938964844,353.6499938964844,31087.0
2026-06-09,353.0,358.79998779296875,350.1499938964844,353.1499938964844,353.1499938964844,18298.0
2026-06-10,354.1499938964844,359.0,352.04998779296875,355.54998779296875,355.54998779296875,23624.0
2026-06-11,353.79998779296875,355.54998779296875,349.54998779296875,353.3999938964844,353.3999938964844,14202.0
2026-06-12,356.3500061035156,358.8999938964844,353.54998779296875,357.6499938964844,357.6499938964844,10585.0
2026-06-15,360.8999938964844,389.0,360.8999938964844,385.6499938964844,385.6499938964844,150688.0
2026-06-16,387.45001220703125,393.0,377.1000061035156,380.29998779296875,380.29998779296875,30289.0
2026-06-17,383.70001220703125,387.3999938964844,374.8999938964844,377.8999938964844,377.8999938964844,23956.0
2026-06-18,384.1499938964844,398.0,380.3500061035156,389.1000061035156,389.1000061035156,76620.0
2026-06-19,389.1000061035156,398.8500061035156,382.1499938964844,396.0,396.0,32285.0
2026-06-22,395.1000061035156,400.45001220703125,392.0,396.45001220703125,396.45001220703125,28786.0
2026-06-23,392.8999938964844,399.1499938964844,382.3500061035156,385.79998779296875,385.79998779296875,27147.0
2026-06-24,385.0,398.95001220703125,383.95001220703125,394.6000061035156,394.6000061035156,21866.0
2026-06-25,390.0,417.6499938964844,388.5,403.1499938964844,403.1499938964844,106699.0
2026-06-26,403.1499938964844,403.1499938964844,403.1499938964844,403.1499938964844,403.1499938964844,0.0
2026-06-29,397.6499938964844,414.5,392.04998779296875,407.8999938964844,407.8999938964844,54573.0
2026-06-30,405.8500061035156,410.0,400.0,407.5,407.5,20957.0
2026-07-01,409.8999938964844,410.54998779296875,400.0,407.29998779296875,407.29998779296875,25314.0
2026-07-02,408.8500061035156,409.95001220703125,395.0,399.29998779296875,399.29998779296875,35657.0
2026-07-03,400.75,407.6499938964844,396.1000061035156,404.1000061035156,404.1000061035156,43872.0
2026-07-06,407.1000061035156,421.0,402.20001220703125,418.3500061035156,418.3500061035156,77547.0
2026-07-07,421.45001220703125,428.0,416.45001220703125,421.5,421.5,106185.0
2026-07-08,419.3500061035156,433.95001220703125,411.04998779296875,424.6499938964844,424.6499938964844,111167.0
2026-07-09,428.95001220703125,438.0,413.0,431.95001220703125,431.95001220703125,155520.0
2026-07-10,438.0,448.0,425.0,426.95001220703125,426.95001220703125,99367.0
2026-07-13,424.95001220703125,428.0,401.0,417.6000061035156,417.6000061035156,86974.0
2026-07-14,413.0,418.8999938964844,400.04998779296875,405.3999938964844,405.3999938964844,58058.0
2026-07-15,408.20001220703125,410.3999938964844,389.79998779296875,393.0,393.0,56182.0
2026-07-16,396.95001220703125,399.29998779296875,388.04998779296875,396.25,396.25,34061.0
2026-07-17,394.3500061035156,413.8999938964844,386.3500061035156,407.8999938964844,407.8999938964844,61504.0
2026-07-20,408.70001220703125,417.0,398.54998779296875,411.75,411.75,32363.0
2026-07-21,413.0,413.0,400.6499938964844,406.45001220703125,406.45001220703125,24149.0
2026-07-22,405.95001220703125,406.3999938964844,387.1000061035156,388.8999938964844,388.8999938964844,41277.0
2026-07-23,390.0,396.54998779296875,386.5,390.3999938964844,390.3999938964844,26094.0
2026-07-24,388.6499938964844,390.0,381.75,386.8500061035156,386.8500061035156,33695.0
2026-07-27,390.04998779296875,395.3999938964844,383.0,388.1499938964844,388.1499938964844,31992.0
2026-07-28,386.70001220703125,395.6000061035156,382.0,393.8999938964844,393.8999938964844,20003.0
2026-07-29,394.1000061035156,399.1499938964844,387.0,389.20001220703125,389.20001220703125,21928.0
2026-07-30,386.3999938964844,396.1000061035156,385.1000061035156,394.04998779296875,394.04998779296875,17830.0
2026-07-31,394.1499938964844,403.20001220703125,389.0,396.75,396.75,20564.0
2026-08-03,396.75,408.0,396.0,405.8500061035156,405.8500061035156,33426.0
2026-08-04,408.95001220703125,426.0,404.0,421.95001220703125,421.95001220703125,47361.0
2026-08-05,426.0,426.0,411.0,416.45001220703125,416.45001220703125,22758.0
2026-08-06,416.45001220703125,430.0,408.1000061035156,424.75,424.75,36584.0
2026-08-07,424.8999938964844,424.8999938964844,405.0,407.1000061035156,407.1000061035156,22284.0
2026-08-10,405.20001220703125,418.3999938964844,405.20001220703125,411.3999938964844,411.3999938964844,18569.0
2026-08-11,410.0,417.8500061035156,408.0,413.6000061035156,413.6000061035156,18171.0
2026-08-12,415.3999938964844,417.70001220703125,398.0,400.8999938964844,400.8999938964844,35145.0
2026-08-13,397.20001220703125,397.25,368.1000061035156,370.0,370.0,218796.0
2026-08-14,376.54998779296875,387.79998779296875,371.0,384.29998779296875,384.29998779296875,56016.0
2026-08-17,386.0,387.20001220703125,374.54998779296875,376.3500061035156,376.3500061035156,32509.0
2026-08-18,376.3500061035156,380.1000061035156,375.1499938964844,376.8999938964844,376.8999938964844,15558.0
2026-08-19,376.8999938964844,391.0,376.8999938964844,385.79998779296875,385.79998779296875,37475.0
2026-08-20,381.95001220703125,410.0,381.8999938964844,406.6499938964844,406.6499938964844,92655.0
2026-08-21,403.29998779296875,409.0,399.0,401.1499938964844,401.1499938964844,24688.0
2026-08-24,400.0,434.79998779296875,396.1000061035156,426.8999938964844,426.8999938964844,257589.0
2026-08-25,427.5,459.5,424.04998779296875,454.1000061035156,454.1000061035156,258194.0
2026-08-26,452.0,467.45001220703125,444.75,452.1499938964844,452.1499938964844,154216.0
2026-08-27,457.1000061035156,481.5,449.3500061035156,452.25,452.25,309322.0
2026-08-28,455.3999938964844,455.8500061035156,449.5,451.3999938964844,451.3999938964844,42110.0
2026-08-31,450.0,491.0,440.79998779296875,470.5,470.5,238347.0
2026-09-01,470.0,470.25,450.0,464.45001220703125,464.45001220703125,55798.0
2026-09-02,464.45001220703125,477.20001220703125,455.75,468.04998779296875,468.04998779296875,71193.0
2026-09-03,469.04998779296875,489.0,464.1000061035156,477.45001220703125,477.45001220703125,121293.0
2026-09-04,482.20001220703125,483.0,465.0,475.25,475.25,50352.0
2026-09-07,480.3999938964844,535.4000244140625,478.0,514.9000244140625,514.9000244140625,399174.0
2026-09-08,528.0,545.2000122070312,505.1000061035156,510.04998779296875,510.04998779296875,233531.0
2026-09-09,513.4000244140625,513.9000244140625,499.1000061035156,501.20001220703125,501.20001220703125,46803.0
2026-09-10,503.3999938964844,511.45001220703125,489.1000061035156,491.6000061035156,491.6000061035156,85810.0
2026-09-11,495.54998779296875,506.45001220703125,478.79998779296875,486.8999938964844,486.8999938964844,157309.0
2026-09-15,487.5,524.0,470.0,501.45001220703125,501.45001220703125,310943.0
