date,open,high,low,close,adjclose,volume
2021-09-15,383.0,387.3999938964844,378.1499938964844,379.3500061035156,342.0182800292969,44791.0
2021-09-16,381.79998779296875,397.79998779296875,381.25,382.1499938964844,344.5426940917969,72102.0
2021-09-17,384.0,385.04998779296875,371.70001220703125,377.8500061035156,340.66595458984375,43156.0
2021-09-20,373.5,376.3500061035156,362.04998779296875,365.25,329.3058776855469,29258.0
2021-09-21,365.0,375.0,362.3500061035156,371.95001220703125,335.3465270996094,33813.0
2021-09-22,372.75,381.0,372.75,376.70001220703125,339.6291198730469,47335.0
2021-09-23,380.0,385.0,372.5,375.8500061035156,338.86273193359375,50028.0
2021-09-24,378.70001220703125,383.0,366.29998779296875,368.0,331.7852783203125,34898.0
2021-09-27,375.0,375.0,366.29998779296875,367.45001220703125,331.2893981933594,26940.0
2021-09-28,373.8999938964844,379.0,370.0,374.95001220703125,338.05133056640625,42060.0
2021-09-29,371.0,375.54998779296875,366.0,373.6000061035156,336.8341979980469,24779.0
2021-09-30,370.0,378.0,368.0,370.8500061035156,334.3547668457031,31021.0
2021-10-01,368.0,385.0,367.6499938964844,374.45001220703125,337.60052490234375,194902.0
2021-10-04,404.8999938964844,418.25,399.3500061035156,409.6499938964844,369.33648681640625,656048.0
2021-10-05,409.6499938964844,430.0,404.25,426.0,384.0774841308594,255079.0
2021-10-06,428.0,439.8999938964844,412.1000061035156,419.29998779296875,378.0367736816406,290819.0
2021-10-07,424.0,427.0,414.0,421.6499938964844,380.15557861328125,100427.0
2021-10-08,425.0,431.25,412.20001220703125,416.1499938964844,375.19677734375,105969.0
2021-10-11,419.3999938964844,424.8999938964844,408.0,420.29998779296875,378.9383850097656,74026.0
2021-10-12,419.79998779296875,429.79998779296875,417.04998779296875,418.8500061035156,377.6310729980469,87325.0
2021-10-13,421.70001220703125,424.6499938964844,415.0,418.1000061035156,376.9549560546875,99627.0
2021-10-14,415.1000061035156,426.0,415.1000061035156,419.95001220703125,378.6229248046875,79054.0
2021-10-18,419.95001220703125,450.0,419.95001220703125,436.3500061035156,393.408935546875,376616.0
2021-10-19,439.8500061035156,467.5,420.3999938964844,443.5,399.8553466796875,441234.0
2021-10-20,443.0,448.29998779296875,424.3500061035156,432.5,389.93780517578125,130631.0
2021-10-21,433.0,443.0,423.04998779296875,439.75,396.4743347167969,94171.0
2021-10-22,444.20001220703125,466.8999938964844,441.0,450.5,406.1664733886719,352962.0
2021-10-25,474.0,475.29998779296875,451.0,463.70001220703125,418.0674743652344,440054.0
2021-10-26,475.0,500.0,469.0,492.3500061035156,443.8980407714844,840713.0
2021-10-27,510.0,517.7999877929688,466.3999938964844,479.0,431.8617858886719,619635.0
2021-10-28,481.20001220703125,482.5,453.0,457.95001220703125,412.88330078125,191330.0
2021-10-29,457.95001220703125,470.0,442.20001220703125,461.1499938964844,415.76837158203125,157214.0
2021-11-01,465.0,502.70001220703125,458.8999938964844,470.29998779296875,424.0179443359375,172632.0
2021-11-02,471.0,472.3999938964844,461.45001220703125,467.5,424.1993713378906,101936.0
2021-11-03,470.8999938964844,471.25,463.1000061035156,465.5,422.3846740722656,99955.0
2021-11-04,468.70001220703125,474.20001220703125,460.5,472.54998779296875,428.78155517578125,29929.0
2021-11-08,473.79998779296875,479.70001220703125,459.0,464.54998779296875,421.5225830078125,110538.0
2021-11-09,462.0,469.29998779296875,462.0,467.1000061035156,423.83648681640625,46384.0
2021-11-10,467.1000061035156,485.0,462.0,476.79998779296875,432.6380310058594,283030.0
2021-11-11,477.0,477.5,458.25,460.79998779296875,418.1199645996094,148748.0
2021-11-12,461.95001220703125,462.79998779296875,447.0,451.8999938964844,410.0442810058594,77687.0
2021-11-15,454.6000061035156,469.5,443.79998779296875,464.3999938964844,421.38653564453125,102847.0
2021-11-16,467.8999938964844,467.8999938964844,460.0,461.29998779296875,418.5735778808594,80533.0
2021-11-17,463.95001220703125,479.95001220703125,461.20001220703125,466.54998779296875,423.33740234375,329699.0
2021-11-18,473.79998779296875,473.79998779296875,448.3999938964844,454.1000061035156,412.0405578613281,214620.0
2021-11-22,459.0,460.45001220703125,436.1000061035156,441.8500061035156,400.9252014160156,104336.0
2021-11-23,444.0,462.70001220703125,435.54998779296875,460.75,418.07464599609375,102573.0
2021-11-24,464.0,467.1499938964844,453.5,460.5,417.8477478027344,272303.0
2021-11-25,465.0,473.8500061035156,460.0,462.95001220703125,420.07086181640625,221281.0
2021-11-26,459.8999938964844,461.20001220703125,440.0,443.20001220703125,402.15008544921875,113958.0
2021-11-29,438.0,449.0,416.8500061035156,424.5,385.1821594238281,219254.0
2021-11-30,420.0,445.75,420.0,426.95001220703125,387.40521240234375,106361.0
2021-12-01,434.8999938964844,444.8999938964844,428.70001220703125,440.79998779296875,399.972412109375,53099.0
2021-12-02,444.0,456.70001220703125,438.5,448.1499938964844,406.6416320800781,105010.0
2021-12-03,451.5,454.95001220703125,437.0,439.75,399.0196533203125,84445.0
2021-12-06,444.3999938964844,451.5,430.54998779296875,439.70001220703125,398.97430419921875,104646.0
2021-12-07,444.0,453.20001220703125,443.0,449.6000061035156,407.957275390625,59413.0
2021-12-08,454.6000061035156,458.95001220703125,447.3500061035156,453.8500061035156,411.8136901855469,54009.0
2021-12-09,457.70001220703125,457.8500061035156,449.6499938964844,451.0,409.2276306152344,37779.0
2021-12-10,456.0,460.29998779296875,449.29998779296875,455.6499938964844,413.44696044921875,56323.0
2021-12-13,461.95001220703125,463.45001220703125,447.5,449.20001220703125,407.5943603515625,53757.0
2021-12-14,445.5,473.1499938964844,445.0,462.0,419.2087707519531,334480.0
2021-12-15,467.8999938964844,470.0,453.70001220703125,457.1000061035156,414.7626953125,82858.0
2021-12-16,459.3999938964844,478.95001220703125,454.45001220703125,468.8999938964844,425.4697265625,295113.0
2021-12-17,469.8999938964844,472.8500061035156,438.04998779296875,444.95001220703125,403.7380065917969,125875.0
2021-12-20,436.0,436.0,398.0,407.6000061035156,369.8473815917969,196471.0
2021-12-21,412.3500061035156,424.0,407.1000061035156,416.0,377.4693908691406,139573.0
2021-12-22,418.8999938964844,423.8999938964844,410.6000061035156,414.95001220703125,376.51666259765625,91652.0
2021-12-23,419.5,434.95001220703125,415.3999938964844,419.75,380.87213134765625,89803.0
2021-12-24,422.1499938964844,423.25,413.79998779296875,415.75,377.2425842285156,42109.0
2021-12-27,416.20001220703125,422.0,407.5,416.1499938964844,377.6054992675781,31153.0
2021-12-28,418.25,428.0,418.20001220703125,421.25,382.2330627441406,40753.0
2021-12-29,422.79998779296875,432.45001220703125,422.0,425.95001220703125,386.4978332519531,48174.0
2021-12-30,434.8999938964844,442.5,430.3999938964844,437.04998779296875,396.5696716308594,65695.0
2021-12-31,439.0,443.70001220703125,430.25,433.29998779296875,393.16705322265625,65449.0
2022-01-03,433.0,439.95001220703125,430.04998779296875,435.0,394.7096252441406,42786.0
2022-01-04,435.0,443.95001220703125,425.75,440.20001220703125,399.427978515625,123603.0
2022-01-05,436.1000061035156,450.45001220703125,435.6499938964844,444.8999938964844,403.692626953125,89001.0
2022-01-06,442.0,446.95001220703125,436.04998779296875,442.1000061035156,401.1520690917969,37473.0
2022-01-07,441.0,451.0,441.0,448.79998779296875,407.2314453125,63637.0
2022-01-10,450.0,479.29998779296875,450.0,460.75,418.07464599609375,319204.0
2022-01-11,452.0,467.70001220703125,452.0,456.04998779296875,413.8099060058594,92534.0
2022-01-12,458.25,460.3999938964844,446.0,447.54998779296875,406.0971374511719,63845.0
2022-01-13,445.04998779296875,449.79998779296875,440.29998779296875,444.79998779296875,403.6019287109375,52670.0
2022-01-14,447.04998779296875,462.0,445.6000061035156,455.6000061035156,413.4015808105469,112897.0
2022-01-17,455.6000061035156,464.5,452.1000061035156,458.75,416.2598876953125,117575.0
2022-01-18,461.3999938964844,461.45001220703125,447.20001220703125,449.5,407.8665466308594,55192.0
2022-01-19,451.0,463.0,446.29998779296875,458.54998779296875,416.078369140625,115021.0
2022-01-20,458.8999938964844,461.25,451.25,453.6499938964844,411.6322326660156,52759.0
2022-01-21,449.0,455.8500061035156,432.04998779296875,438.70001220703125,398.0669250488281,78715.0
2022-01-24,438.1000061035156,440.79998779296875,401.0,406.54998779296875,368.8946533203125,82138.0
2022-01-25,401.70001220703125,438.45001220703125,394.3500061035156,434.20001220703125,393.9837646484375,79794.0
2022-01-27,428.0,448.75,423.1000061035156,442.29998779296875,401.33349609375,64032.0
2022-01-28,444.54998779296875,452.1499938964844,440.5,444.3500061035156,403.193603515625,47730.0
2022-01-31,482.0,499.0,470.5,483.29998779296875,438.5360107421875,964600.0
2022-02-01,490.95001220703125,495.0,465.79998779296875,471.6000061035156,427.9196472167969,134431.0
2022-02-02,479.45001220703125,512.0,479.45001220703125,509.1000061035156,461.9464111328125,607043.0
2022-02-03,514.5,531.5999755859375,500.1499938964844,506.25,459.3603515625,834759.0
2022-02-04,501.1000061035156,518.0,498.25,511.5,466.89080810546875,244305.0
2022-02-07,514.0,514.6500244140625,500.0,506.6499938964844,462.4637756347656,167174.0
2022-02-08,508.0,516.5499877929688,474.45001220703125,481.6000061035156,439.5984802246094,232424.0
2022-02-09,485.25,503.75,485.25,488.25,445.66851806640625,96982.0
2022-02-10,490.70001220703125,495.0,482.1000061035156,485.70001220703125,443.34088134765625,89507.0
2022-02-11,482.04998779296875,485.70001220703125,470.5,476.6000061035156,435.0345764160156,76961.0
2022-02-14,460.0,468.0,435.25,443.6499938964844,404.95819091796875,136979.0
2022-02-15,445.8999938964844,478.20001220703125,445.8999938964844,474.45001220703125,433.0719909667969,191613.0
2022-02-16,479.0,495.1000061035156,478.95001220703125,484.45001220703125,442.199951171875,146001.0
2022-02-17,484.79998779296875,492.0,477.04998779296875,480.45001220703125,438.54876708984375,77328.0
2022-02-18,479.45001220703125,487.29998779296875,460.0,463.54998779296875,423.1226501464844,85926.0
2022-02-21,452.5,462.79998779296875,441.3999938964844,443.1000061035156,404.4561767578125,118019.0
2022-02-22,443.0,445.8999938964844,426.20001220703125,430.70001220703125,393.1375732421875,102830.0
2022-02-23,431.0,450.0,431.0,439.8500061035156,401.48956298828125,67336.0
2022-02-24,424.70001220703125,439.8999938964844,410.0,419.54998779296875,382.9600524902344,162117.0
2022-02-25,424.0,464.75,424.0,456.75,416.9156799316406,154078.0
2022-02-28,443.5,464.0,433.8500061035156,460.3999938964844,420.24737548828125,142238.0
2022-03-02,457.0,466.0,440.0,451.0,411.6671447753906,89732.0
2022-03-03,453.29998779296875,462.8999938964844,445.0,448.70001220703125,409.5677795410156,62255.0
2022-03-04,440.20001220703125,474.75,440.20001220703125,464.54998779296875,424.035400390625,130377.0
2022-03-07,455.0,455.0,423.20001220703125,426.70001220703125,389.4864807128906,177042.0
2022-03-08,428.8500061035156,437.5,421.0,428.79998779296875,391.4032897949219,116022.0
2022-03-09,430.95001220703125,442.95001220703125,427.0,437.3500061035156,399.2076416015625,129662.0
2022-03-10,445.0,454.75,439.0,446.29998779296875,407.3771057128906,114022.0
2022-03-11,445.0,446.20001220703125,436.04998779296875,441.95001220703125,403.406494140625,106508.0
2022-03-14,441.95001220703125,451.6000061035156,431.5,434.20001220703125,396.3323974609375,92537.0
2022-03-15,438.0,439.25,427.1000061035156,429.1499938964844,391.7227478027344,103089.0
2022-03-16,434.8999938964844,437.8999938964844,428.04998779296875,429.95001220703125,392.4530029296875,64731.0
2022-03-17,434.8999938964844,441.25,432.20001220703125,437.70001220703125,399.527099609375,90882.0
2022-03-21,440.0,440.0,421.79998779296875,423.54998779296875,386.61114501953125,153149.0
2022-03-22,425.1000061035156,426.3999938964844,417.54998779296875,421.5,384.73992919921875,86649.0
2022-03-23,422.0,436.6000061035156,422.0,432.6000061035156,394.8718566894531,130745.0
2022-03-24,438.70001220703125,438.70001220703125,424.5,426.3999938964844,389.212646484375,67242.0
2022-03-25,428.54998779296875,434.1499938964844,422.1000061035156,423.75,386.7937316894531,98903.0
2022-03-28,421.0,422.95001220703125,409.3999938964844,414.8500061035156,378.6698913574219,88878.0
2022-03-29,416.95001220703125,424.5,414.8999938964844,417.95001220703125,381.49957275390625,55204.0
2022-03-30,421.0,425.0,412.29998779296875,415.6000061035156,379.3544921875,81865.0
2022-03-31,419.45001220703125,423.5,415.0,419.5,382.9143371582031,63441.0
2022-04-01,420.20001220703125,442.45001220703125,419.95001220703125,437.20001220703125,399.0706787109375,137546.0
2022-04-04,439.3999938964844,474.0,439.3999938964844,466.75,426.04364013671875,300715.0
2022-04-05,476.45001220703125,497.70001220703125,468.0,488.3999938964844,445.805419921875,305809.0
2022-04-06,475.20001220703125,545.0,475.20001220703125,517.0999755859375,472.00244140625,760913.0
2022-04-07,516.0999755859375,531.7000122070312,511.25,517.4500122070312,472.3219299316406,224297.0
2022-04-08,517.7000122070312,557.2000122070312,517.7000122070312,551.2999877929688,503.2197570800781,460121.0
2022-04-11,610.0,610.0,575.2999877929688,593.9000244140625,542.1045532226562,641267.0
2022-04-12,595.9000244140625,699.9000244140625,573.4500122070312,642.9500122070312,586.876708984375,688607.0
2022-04-13,688.0,694.9000244140625,652.2999877929688,669.9000244140625,611.4763793945312,554471.0
2022-04-18,660.0,665.0,630.0499877929688,635.75,580.3047485351562,180617.0
2022-04-19,635.75,649.0,590.0,616.2000122070312,562.4596557617188,116901.0
2022-04-20,617.0,645.0,616.3499755859375,627.0,572.3178100585938,101795.0
2022-04-21,632.7000122070312,637.2000122070312,611.8499755859375,622.4500122070312,568.1647338867188,62359.0
2022-04-22,619.0,642.0,611.7999877929688,614.5999755859375,560.9992065429688,73371.0
2022-04-25,608.1500244140625,624.7000122070312,570.0499877929688,580.25,529.6448974609375,139995.0
2022-04-26,596.0,637.6500244140625,596.0,631.5499877929688,576.4710083007812,156344.0
2022-04-27,626.4500122070312,695.0,620.0,675.9500122070312,616.9987182617188,449071.0
2022-04-28,684.4500122070312,689.0,662.0,669.5,611.111328125,186165.0
2022-04-29,675.4500122070312,680.4500122070312,652.5499877929688,661.2999877929688,603.62646484375,128447.0
2022-05-02,655.0,696.7999877929688,641.0499877929688,668.4500122070312,610.1528930664062,234111.0
2022-05-04,669.5,674.7000122070312,621.0,631.8499755859375,576.7448120117188,110367.0
2022-05-05,645.0,648.0,605.5499877929688,613.4500122070312,559.949462890625,108916.0
2022-05-06,590.0,636.0,585.0499877929688,619.4000244140625,565.380615234375,158357.0
2022-05-09,647.2999877929688,659.0,608.1500244140625,616.5,562.7335205078125,390010.0
2022-05-10,615.0,629.0,563.5999755859375,577.2000122070312,526.8609619140625,100831.0
2022-05-11,585.0,597.0,536.0,589.2000122070312,537.8143920898438,137257.0
2022-05-12,570.0,576.5499877929688,545.7000122070312,552.75,504.543212890625,75609.0
2022-05-13,569.8499755859375,577.6500244140625,536.0,540.4000244140625,493.2703857421875,65594.0
2022-05-16,540.0,563.4500122070312,529.0,551.2000122070312,503.1285400390625,99199.0
2022-05-17,564.9000244140625,579.9000244140625,553.5499877929688,570.4500122070312,520.69970703125,126978.0
2022-05-18,570.0,590.0,563.9000244140625,581.3499755859375,530.64892578125,105873.0
2022-05-19,560.0,566.7999877929688,540.2000122070312,550.8499755859375,502.8089294433594,73471.0
2022-05-20,559.0,569.4000244140625,553.7000122070312,559.5499877929688,510.750244140625,60728.0
2022-05-23,563.8499755859375,574.5999755859375,541.0,552.9500122070312,504.72589111328125,64501.0
2022-05-24,552.9500122070312,554.5,512.2000122070312,520.1500244140625,474.78643798828125,137573.0
2022-05-25,527.75,530.0499877929688,499.54998779296875,508.5,464.15240478515625,95518.0
2022-05-26,508.5,508.5,480.54998779296875,493.3999938964844,450.3693542480469,117668.0
2022-05-27,502.20001220703125,545.9000244140625,495.5,497.3999938964844,454.02056884765625,73585.0
2022-05-30,505.0,543.7000122070312,504.95001220703125,512.4500122070312,467.75799560546875,147748.0
2022-05-31,513.0,519.6500244140625,506.0,516.5,471.45477294921875,65908.0
2022-06-01,518.4000244140625,533.0,511.04998779296875,521.9000244140625,476.3838806152344,114619.0
2022-06-02,526.4000244140625,568.9000244140625,526.4000244140625,549.5999755859375,501.6679992675781,311760.0
2022-06-03,553.0,565.1500244140625,534.4000244140625,538.7000122070312,491.71868896484375,138864.0
2022-06-06,525.0,534.75,511.6499938964844,519.3499755859375,474.0561828613281,126194.0
2022-06-07,514.5,524.5,500.0,502.20001220703125,458.40191650390625,136075.0
2022-06-08,502.25,508.75,487.8500061035156,498.25,454.79638671875,147379.0
2022-06-09,493.5,510.0,481.0,497.0,453.6553649902344,58646.0
2022-06-10,490.25,500.0,489.1499938964844,493.8999938964844,450.82574462890625,53555.0
2022-06-13,486.0,487.0,470.0,473.79998779296875,432.478759765625,85597.0
2022-06-14,470.0,488.45001220703125,468.54998779296875,483.75,441.56103515625,43000.0
2022-06-15,489.0,505.0,484.6499938964844,500.95001220703125,457.26092529296875,73724.0
2022-06-16,505.3999938964844,534.0,501.0,506.79998779296875,462.6007080078125,359128.0
2022-06-17,506.79998779296875,514.9500122070312,490.3500061035156,505.5,461.41412353515625,106143.0
2022-06-20,499.95001220703125,529.9000244140625,438.8999938964844,450.20001220703125,410.93695068359375,458283.0
2022-06-21,450.20001220703125,488.3500061035156,450.20001220703125,478.54998779296875,436.814453125,134685.0
2022-06-22,475.5,491.70001220703125,469.29998779296875,483.29998779296875,441.1502380371094,141795.0
2022-06-23,481.0,493.8999938964844,463.1000061035156,468.3999938964844,427.5496826171875,150123.0
2022-06-24,474.8999938964844,491.20001220703125,472.04998779296875,481.0,439.0507507324219,135240.0
2022-06-27,489.0,503.95001220703125,483.3500061035156,494.25,451.14520263671875,88762.0
2022-06-28,495.0,495.8999938964844,485.1000061035156,489.5,446.8094787597656,30865.0
2022-06-29,486.20001220703125,508.8999938964844,480.8999938964844,496.5,453.19903564453125,73223.0
2022-06-30,497.5,513.6500244140625,492.1000061035156,510.8500061035156,466.2974853515625,104400.0
2022-07-01,506.8500061035156,528.4500122070312,503.79998779296875,523.5499877929688,480.90234375,240263.0
2022-07-04,526.7999877929688,536.4000244140625,525.0,529.6500244140625,486.5055236816406,110820.0
2022-07-05,535.0,546.4000244140625,520.25,522.6500244140625,480.07568359375,103870.0
2022-07-06,525.0,530.5,516.2999877929688,523.7000122070312,481.0401611328125,48076.0
2022-07-07,528.4000244140625,528.4000244140625,514.5499877929688,518.8499755859375,476.5851135253906,72832.0
2022-07-08,526.6500244140625,526.6500244140625,508.0,512.5499877929688,470.7983703613281,86540.0
2022-07-11,514.2000122070312,536.4000244140625,506.79998779296875,529.3499755859375,486.2298278808594,103767.0
2022-07-12,526.5,533.7000122070312,511.1499938964844,515.4000244140625,473.4162292480469,82826.0
2022-07-13,516.0,522.7999877929688,501.25,503.8999938964844,462.8529968261719,50705.0
2022-07-14,506.6000061035156,523.2000122070312,503.04998779296875,518.4000244140625,476.17193603515625,106774.0
2022-07-15,522.7000122070312,524.4500122070312,506.3500061035156,516.5999755859375,474.5184326171875,210036.0
2022-07-18,516.5999755859375,538.7000122070312,513.25,530.5999755859375,487.3780822753906,153889.0
2022-07-19,529.5,536.5,521.0,525.2000122070312,482.4179382324219,195016.0
2022-07-20,529.0,540.75,523.5,527.5999755859375,484.6223449707031,261034.0
2022-07-21,532.0999755859375,560.0,527.4500122070312,554.9000244140625,509.69866943359375,249629.0
2022-07-22,570.0,588.0,568.0,572.2999877929688,525.6810913085938,434705.0
2022-07-25,572.2999877929688,572.2999877929688,546.4500122070312,552.4000244140625,507.4022216796875,130390.0
2022-07-26,552.4000244140625,556.6500244140625,516.0,518.9000244140625,476.631103515625,268760.0
2022-07-27,515.5,534.9000244140625,510.25,533.25,489.8121337890625,144060.0
2022-07-28,537.4500122070312,541.9500122070312,521.2999877929688,533.2000122070312,489.766357421875,156664.0
2022-07-29,534.0,542.0,530.0,532.1500244140625,488.80181884765625,63506.0
2022-08-01,532.1500244140625,552.9000244140625,527.2000122070312,545.7000122070312,501.2480773925781,184654.0
2022-08-02,545.0,548.9500122070312,537.0,540.2999877929688,496.28778076171875,116401.0
2022-08-03,540.2999877929688,545.3499755859375,531.0,536.0499877929688,492.3841247558594,43345.0
2022-08-04,540.9000244140625,544.9000244140625,516.9000244140625,525.9500122070312,483.10675048828125,117881.0
2022-08-05,529.5999755859375,537.0,525.0,534.1500244140625,490.63885498046875,61056.0
2022-08-08,538.7999877929688,538.9000244140625,515.0,517.5999755859375,475.43701171875,109272.0
2022-08-10,497.1499938964844,506.8999938964844,492.75,501.1499938964844,460.3270263671875,323291.0
2022-08-11,508.0,508.75,495.1000061035156,498.45001220703125,457.8469543457031,69148.0
2022-08-12,499.0,504.3999938964844,496.04998779296875,498.29998779296875,457.7091369628906,39058.0
2022-08-16,504.0,507.79998779296875,495.1000061035156,501.54998779296875,460.6943664550781,66830.0
2022-08-17,507.8999938964844,518.7000122070312,500.04998779296875,509.3999938964844,467.9049987792969,61838.0
2022-08-18,511.3999938964844,518.7999877929688,507.0,515.9500122070312,473.9214172363281,62788.0
2022-08-19,515.0999755859375,518.0,500.70001220703125,502.1499938964844,461.24554443359375,94899.0
2022-08-22,496.0,507.54998779296875,494.5,498.04998779296875,457.4795227050781,60088.0
2022-08-23,497.0,507.0,494.0,500.70001220703125,459.91363525390625,45402.0
2022-08-24,503.8999938964844,512.75,497.75,499.54998779296875,458.85736083984375,55794.0
2022-08-25,507.04998779296875,507.04998779296875,496.0,497.54998779296875,457.0202331542969,43136.0
2022-08-26,500.6000061035156,507.6000061035156,496.0,501.54998779296875,460.6943664550781,33780.0
2022-08-29,490.0,506.6000061035156,485.0,503.0,462.02630615234375,71593.0
2022-08-30,505.5,510.54998779296875,502.20001220703125,506.04998779296875,464.8278503417969,53206.0
2022-09-01,508.8999938964844,508.95001220703125,499.20001220703125,503.0,462.02630615234375,46129.0
2022-09-02,502.1000061035156,505.0,498.0,499.04998779296875,458.3980407714844,38372.0
2022-09-05,500.04998779296875,504.8500061035156,490.0,496.20001220703125,455.7802734375,50348.0
2022-09-06,492.5,504.0,492.5,499.70001220703125,458.9951477050781,44003.0
2022-09-07,501.3999938964844,501.3999938964844,496.1499938964844,497.5,456.9743957519531,55173.0
2022-09-08,503.95001220703125,505.0,496.0,502.1000061035156,461.1996154785156,42798.0
2022-09-09,505.5,506.8999938964844,497.95001220703125,500.04998779296875,459.3166198730469,27509.0
2022-09-12,497.5,499.8999938964844,472.0,481.1000061035156,441.9103088378906,297889.0
2022-09-13,484.0,496.95001220703125,481.0,484.29998779296875,444.84954833984375,104507.0
2022-09-14,470.04998779296875,474.95001220703125,463.29998779296875,467.70001220703125,429.601806640625,270520.0
2022-09-15,467.3500061035156,469.20001220703125,454.6499938964844,456.8500061035156,419.6356506347656,160589.0
2022-09-16,454.8500061035156,464.45001220703125,446.0,458.04998779296875,420.7378234863281,164125.0
2022-09-19,457.0,465.0,448.0,461.75,424.1365051269531,125220.0
2022-09-20,461.0,465.0,448.1000061035156,449.95001220703125,413.2977294921875,122760.0
2022-09-21,453.0,479.1499938964844,450.04998779296875,467.5,429.4181213378906,323997.0
2022-09-22,467.45001220703125,470.70001220703125,462.45001220703125,465.04998779296875,427.1676330566406,51028.0
2022-09-23,464.0,465.0,450.04998779296875,451.6000061035156,414.8132629394531,51729.0
2022-09-26,447.04998779296875,447.04998779296875,435.8999938964844,437.70001220703125,402.04559326171875,53358.0
2022-09-27,444.45001220703125,454.0,440.04998779296875,444.45001220703125,408.2457275390625,45657.0
2022-09-28,443.0,446.8500061035156,428.0,431.0,395.89129638671875,60961.0
2022-09-29,445.0,445.0,429.0,432.0,396.8099365234375,29968.0
2022-09-30,433.1000061035156,440.3500061035156,426.5,436.6499938964844,401.0810852050781,31722.0
2022-10-03,431.5,451.6499938964844,431.0,433.95001220703125,398.6010437011719,307355.0
2022-10-04,440.0,451.3500061035156,436.5,449.3500061035156,412.7466125488281,88973.0
2022-10-06,455.0,477.5,449.04998779296875,475.70001220703125,436.9501953125,290768.0
2022-10-07,477.95001220703125,486.54998779296875,472.1000061035156,483.0,443.655517578125,108779.0
2022-10-10,481.5,481.5,474.04998779296875,476.75,437.9145812988281,43256.0
2022-10-11,480.3500061035156,484.45001220703125,461.20001220703125,463.79998779296875,426.0194396972656,46951.0
2022-10-12,467.29998779296875,471.8500061035156,456.79998779296875,462.6000061035156,424.917236328125,31512.0
2022-10-13,465.5,468.8999938964844,455.0,458.54998779296875,421.1971435546875,30153.0
2022-10-14,465.0,472.95001220703125,450.25,456.8999938964844,419.6815490722656,137177.0
2022-10-17,457.0,460.04998779296875,450.0,454.6000061035156,417.5689392089844,52151.0
2022-10-18,459.0,465.70001220703125,455.3500061035156,459.20001220703125,421.7942199707031,43457.0
2022-10-19,458.1000061035156,466.70001220703125,455.5,456.8500061035156,419.6356506347656,23656.0
2022-10-20,458.0,462.95001220703125,451.54998779296875,456.29998779296875,419.1304016113281,31409.0
2022-10-21,459.95001220703125,461.5,432.1000061035156,439.79998779296875,403.9744873046875,67335.0
2022-10-24,450.0,450.0,443.79998779296875,447.8999938964844,411.4146728515625,9374.0
2022-10-25,446.3999938964844,454.6499938964844,440.45001220703125,443.95001220703125,407.78643798828125,26229.0
2022-10-27,448.3999938964844,460.0,440.1000061035156,447.70001220703125,411.2309875488281,32272.0
2022-10-28,452.1499938964844,452.54998779296875,443.6499938964844,448.20001220703125,411.69024658203125,16483.0
2022-10-31,451.0,452.0,433.5,439.20001220703125,403.4234313964844,44362.0
2022-11-01,442.5,446.0,437.29998779296875,441.3500061035156,405.39825439453125,32726.0
2022-11-02,441.3500061035156,481.95001220703125,441.3500061035156,478.04998779296875,439.1086730957031,403831.0
2022-11-03,475.0,481.0,472.5,474.20001220703125,435.57232666015625,68793.0
2022-11-04,525.7000122070312,568.0,510.0,541.25,497.1604309082031,2453123.0
2022-11-07,546.0,547.9500122070312,529.7000122070312,534.9000244140625,491.3277587890625,271239.0
2022-11-09,534.9000244140625,539.4500122070312,520.0499877929688,527.7000122070312,484.71429443359375,96591.0
2022-11-10,525.0,530.0,510.1000061035156,518.75,476.4933166503906,128879.0
2022-11-11,528.0,528.0,500.54998779296875,518.0499877929688,479.548095703125,133822.0
2022-11-14,523.0,524.4500122070312,505.6000061035156,508.8999938964844,471.0780944824219,90955.0
2022-11-15,514.1500244140625,517.0,501.0,507.1000061035156,469.41192626953125,70576.0
2022-11-16,507.1000061035156,514.0,502.6000061035156,507.8500061035156,470.10614013671875,56061.0
2022-11-17,507.8500061035156,531.9500122070312,505.0,523.5499877929688,484.6392822265625,150131.0
2022-11-18,519.6500244140625,522.6500244140625,506.0,508.04998779296875,470.2912902832031,85249.0
2022-11-21,505.25,515.0,493.0,496.5,459.5997314453125,51885.0
2022-11-22,496.5,500.20001220703125,489.0,490.6499938964844,454.1844482421875,42893.0
2022-11-23,493.8999938964844,494.3999938964844,485.0,489.3500061035156,452.9810791015625,43015.0
2022-11-24,492.45001220703125,499.79998779296875,487.1499938964844,491.8500061035156,455.2952575683594,35014.0
2022-11-25,495.1499938964844,497.95001220703125,485.1499938964844,488.25,451.9627685546875,37467.0
2022-11-28,496.70001220703125,520.0,488.04998779296875,517.7999877929688,479.31658935546875,374699.0
2022-11-29,521.4000244140625,527.0,514.9500122070312,518.7000122070312,480.1497802734375,63983.0
2022-11-30,515.3499755859375,528.0,512.9500122070312,522.5,483.6673583984375,63699.0
2022-12-01,526.2999877929688,536.0,516.4500122070312,529.0999755859375,489.7767639160156,97685.0
2022-12-02,535.0,559.5,529.0,546.0499877929688,505.4671936035156,451799.0
2022-12-05,547.7999877929688,592.0,541.5499877929688,573.25,530.6454467773438,683638.0
2022-12-06,572.6500244140625,575.2000122070312,559.25,568.9000244140625,526.618896484375,158033.0
2022-12-07,569.3499755859375,573.4500122070312,546.0999755859375,552.5,511.43768310546875,106377.0
2022-12-08,560.7999877929688,574.4500122070312,557.6500244140625,564.25,522.314453125,295847.0
2022-12-09,568.4000244140625,574.3499755859375,548.5999755859375,555.25,513.9832763671875,209845.0
2022-12-12,549.9000244140625,567.75,543.4000244140625,561.9000244140625,520.1392211914062,141989.0
2022-12-13,561.9500122070312,573.8499755859375,558.7999877929688,566.0999755859375,524.0269165039062,71150.0
2022-12-14,563.9000244140625,582.8499755859375,562.5499877929688,566.5999755859375,524.48974609375,127906.0
2022-12-15,565.0,571.7999877929688,556.5499877929688,563.5999755859375,521.7127685546875,54250.0
2022-12-16,563.2000122070312,563.2999877929688,550.0,553.4000244140625,512.270751953125,86834.0
2022-12-19,558.0,569.9000244140625,553.4000244140625,564.2999877929688,522.3606567382812,91160.0
2022-12-20,564.0,578.1500244140625,560.4000244140625,567.3499755859375,525.1840209960938,235462.0
2022-12-21,566.0,589.7999877929688,546.4000244140625,550.2999877929688,509.401123046875,312481.0
2022-12-22,550.0,555.4500122070312,521.5499877929688,526.2000122070312,487.0923767089844,100562.0
2022-12-23,520.4000244140625,524.4500122070312,497.04998779296875,511.1000061035156,473.1145935058594,129311.0
2022-12-26,512.0499877929688,559.0999755859375,508.29998779296875,537.6500244140625,497.69134521484375,86147.0
2022-12-27,542.0,547.9000244140625,516.0,519.1500244140625,480.56634521484375,128595.0
2022-12-28,522.7999877929688,522.7999877929688,514.5,516.5499877929688,478.1595764160156,67883.0
2022-12-29,520.0,531.8499755859375,519.5499877929688,526.5499877929688,487.4163513183594,74153.0
2022-12-30,529.2000122070312,539.0,521.5499877929688,526.1500244140625,487.0461120605469,56607.0
2023-01-02,531.0,540.9000244140625,526.5,535.5999755859375,495.793701171875,56968.0
2023-01-03,541.0,541.9000244140625,525.75,528.5499877929688,489.26776123046875,36919.0
2023-01-04,532.9500122070312,533.25,524.0,527.0499877929688,487.8791198730469,30554.0
2023-01-05,531.0,535.6500244140625,524.9500122070312,526.0999755859375,486.999755859375,27029.0
2023-01-06,526.0999755859375,530.6500244140625,511.54998779296875,513.5499877929688,475.3824768066406,59202.0
2023-01-09,519.0,534.0,505.79998779296875,513.4000244140625,475.2437438964844,45941.0
2023-01-10,513.3499755859375,523.0,501.29998779296875,519.9000244140625,481.2605895996094,36539.0
2023-01-11,524.5,533.0,512.1500244140625,525.3499755859375,486.3055114746094,74409.0
2023-01-12,525.9500122070312,532.1500244140625,521.0,526.7999877929688,487.6477966308594,28660.0
2023-01-13,530.0,530.0,520.0,525.9500122070312,486.86090087890625,26124.0
2023-01-16,530.0,552.8499755859375,523.8499755859375,544.4500122070312,503.9859313964844,186891.0
2023-01-17,540.0,546.8499755859375,530.0,533.9500122070312,494.2663879394531,67411.0
2023-01-18,539.2999877929688,548.0499877929688,533.2999877929688,541.6500244140625,501.3941650390625,108380.0
2023-01-19,544.0,544.0,536.2000122070312,538.8499755859375,498.80218505859375,29630.0
2023-01-20,544.25,578.7999877929688,533.1500244140625,567.0499877929688,524.9063110351562,526643.0
2023-01-23,584.0,590.0,567.0999755859375,571.4000244140625,528.9330444335938,280283.0
2023-01-24,576.0,579.0,560.0,563.4500122070312,521.5740356445312,86669.0
2023-01-25,563.4500122070312,580.75,557.4500122070312,566.0999755859375,524.0269165039062,144266.0
2023-01-27,561.5,573.5999755859375,532.0499877929688,540.5999755859375,500.4221496582031,151217.0
2023-01-30,503.0,509.0,450.54998779296875,492.1499938964844,455.572998046875,601659.0
2023-01-31,499.0,520.8499755859375,477.6499938964844,508.8999938964844,471.0780944824219,198332.0
2023-02-01,513.2000122070312,521.0499877929688,485.0,511.5,473.48486328125,97399.0
2023-02-02,502.0,511.0,450.0,505.1499938964844,467.6067810058594,176948.0
2023-02-03,502.3999938964844,506.3500061035156,487.0,491.54998779296875,455.017578125,104905.0
2023-02-06,489.0,490.0,480.04998779296875,485.8999938964844,452.54949951171875,49010.0
2023-02-07,484.5,489.95001220703125,470.0,471.6499938964844,439.27752685546875,64691.0
2023-02-08,476.3999938964844,501.0,470.1000061035156,491.6499938964844,457.90478515625,69445.0
2023-02-09,494.95001220703125,497.0,485.0,490.04998779296875,456.4145812988281,42522.0
2023-02-10,488.0,490.0,484.6499938964844,487.1000061035156,453.6671142578125,21924.0
2023-02-13,487.6499938964844,493.75,469.95001220703125,479.8500061035156,446.9147033691406,70414.0
2023-02-14,484.6000061035156,484.6000061035156,468.1499938964844,469.25,437.042236328125,68344.0
2023-02-15,473.79998779296875,473.79998779296875,462.20001220703125,467.6499938964844,435.5520324707031,116778.0
2023-02-16,469.0,473.0,465.0,468.29998779296875,436.1574401855469,49427.0
2023-02-17,468.70001220703125,471.5,462.8999938964844,465.6000061035156,433.6427917480469,47653.0
2023-02-20,465.6000061035156,468.5,465.04998779296875,466.45001220703125,434.4344177246094,50783.0
2023-02-21,469.20001220703125,474.25,467.1499938964844,468.5,436.3437194824219,50669.0
2023-02-22,471.79998779296875,471.79998779296875,461.29998779296875,462.25,430.5226745605469,25174.0
2023-02-23,462.25,466.1499938964844,453.3999938964844,462.5,430.7554931640625,28107.0
2023-02-24,462.6499938964844,475.45001220703125,455.29998779296875,465.6499938964844,433.6893310546875,53767.0
2023-02-27,461.04998779296875,464.5,451.5,452.70001220703125,421.62823486328125,31951.0
2023-02-28,457.0,464.0,450.54998779296875,452.8500061035156,421.7679138183594,33726.0
2023-03-01,453.29998779296875,466.3500061035156,453.29998779296875,462.0,430.28985595703125,35425.0
2023-03-02,464.0,471.0,460.95001220703125,465.20001220703125,433.2702331542969,18683.0
2023-03-03,465.20001220703125,482.20001220703125,465.0,477.1499938964844,444.4000549316406,61855.0
2023-03-06,475.0,479.3999938964844,465.0,467.29998779296875,435.2261047363281,79881.0
2023-03-08,467.29998779296875,476.0,467.29998779296875,470.45001220703125,438.159912109375,34051.0
2023-03-09,474.79998779296875,474.95001220703125,464.8500061035156,465.3500061035156,433.4099426269531,34926.0
2023-03-10,463.3999938964844,473.0,462.0,470.95001220703125,438.6255798339844,32775.0
2023-03-13,467.29998779296875,477.0,462.04998779296875,474.29998779296875,441.74566650390625,88407.0
2023-03-14,473.95001220703125,473.95001220703125,464.20001220703125,467.8999938964844,435.7848815917969,33325.0
2023-03-15,468.1000061035156,472.20001220703125,465.0,466.54998779296875,434.52752685546875,39117.0
2023-03-16,466.1499938964844,466.20001220703125,439.0,444.8500061035156,414.3170471191406,229938.0
2023-03-17,449.75,459.95001220703125,433.0,435.79998779296875,405.8881530761719,122890.0
2023-03-20,438.45001220703125,440.6499938964844,416.0,432.70001220703125,403.0009460449219,94944.0
2023-03-21,436.0,441.6000061035156,424.5,429.5,400.02056884765625,83705.0
2023-03-22,429.5,435.1499938964844,426.0,428.04998779296875,398.6700744628906,52701.0
2023-03-23,427.0,430.0,409.54998779296875,414.8500061035156,386.3760986328125,100571.0
2023-03-24,419.04998779296875,432.8500061035156,410.1000061035156,428.1499938964844,398.7632141113281,122809.0
2023-03-27,425.1499938964844,425.1499938964844,409.95001220703125,412.70001220703125,384.3736267089844,99965.0
2023-03-28,412.6000061035156,413.95001220703125,400.5,403.54998779296875,375.8516540527344,66292.0
2023-03-29,405.0,414.8500061035156,399.29998779296875,413.1499938964844,384.79278564453125,90085.0
2023-03-31,414.45001220703125,423.95001220703125,413.3999938964844,416.20001220703125,387.6334533691406,58911.0
2023-04-03,421.29998779296875,436.8999938964844,419.6499938964844,430.6000061035156,401.0450744628906,59407.0
2023-04-05,435.0,446.6000061035156,431.04998779296875,442.54998779296875,412.1748046875,85207.0
2023-04-06,444.0,451.0,433.0,437.45001220703125,407.4248962402344,74598.0
2023-04-10,442.5,454.70001220703125,439.0,451.25,420.2777099609375,198935.0
2023-04-11,452.75,468.54998779296875,449.0,466.04998779296875,434.0618896484375,110021.0
2023-04-12,467.0,473.04998779296875,460.0,469.54998779296875,437.3216857910156,101215.0
2023-04-13,468.0,501.0,468.0,496.54998779296875,462.468505859375,213990.0
2023-04-17,496.54998779296875,508.70001220703125,484.0,495.1000061035156,461.1179504394531,104259.0
2023-04-18,491.0,501.04998779296875,485.25,488.70001220703125,455.15728759765625,51648.0
2023-04-19,486.0,492.5,476.5,477.79998779296875,445.00543212890625,48806.0
2023-04-20,478.1000061035156,486.1000061035156,471.95001220703125,475.8999938964844,443.2358093261719,58580.0
2023-04-21,479.29998779296875,480.8999938964844,461.0,467.04998779296875,434.9932861328125,60434.0
2023-04-24,469.8999938964844,484.54998779296875,467.54998779296875,478.45001220703125,445.6108093261719,123806.0
2023-04-25,481.79998779296875,484.6000061035156,475.20001220703125,478.5,445.65740966796875,44964.0
2023-04-26,478.5,484.0,476.04998779296875,481.8500061035156,448.7774353027344,49176.0
2023-04-27,483.70001220703125,504.0,482.8500061035156,495.20001220703125,461.21112060546875,141813.0
2023-04-28,500.1000061035156,504.70001220703125,484.0,489.54998779296875,455.9489440917969,100350.0
2023-05-02,491.8999938964844,516.0499877929688,486.95001220703125,509.6499938964844,474.66937255859375,205048.0
2023-05-03,511.04998779296875,516.4000244140625,505.29998779296875,510.0,474.995361328125,131418.0
2023-05-04,512.0,518.4500122070312,508.79998779296875,515.4500122070312,480.0712585449219,160843.0
2023-05-05,516.2999877929688,541.0,511.3999938964844,529.2999877929688,492.9706726074219,200854.0
2023-05-08,528.0,533.7000122070312,517.0,521.1500244140625,485.3800354003906,91736.0
2023-05-09,523.5499877929688,527.6500244140625,515.0999755859375,517.9500122070312,482.399658203125,66802.0
2023-05-10,516.0,521.5499877929688,509.0,510.1499938964844,475.135009765625,55043.0
2023-05-11,512.0,522.5499877929688,510.3999938964844,516.2000122070312,480.7697448730469,50850.0
2023-05-12,517.9000244140625,529.1500244140625,513.3499755859375,521.6500244140625,485.845703125,68151.0
2023-05-15,515.2000122070312,529.7000122070312,511.1000061035156,514.0499877929688,478.7673034667969,77234.0
2023-05-16,516.6500244140625,528.0,512.0,515.4000244140625,480.0247497558594,103768.0
2023-05-17,530.0,536.0,519.0,526.9000244140625,490.7353210449219,241422.0
2023-05-18,530.0,578.5499877929688,527.25,574.6500244140625,535.2080078125,1023039.0
2023-05-19,574.5999755859375,580.0,561.2000122070312,567.6500244140625,528.6883544921875,300666.0
2023-05-22,573.0,577.5999755859375,561.5,568.75,529.7129516601562,117614.0
2023-05-23,569.0,584.5999755859375,541.0999755859375,544.2999877929688,506.9411315917969,334102.0
2023-05-24,544.2999877929688,552.5,523.3499755859375,528.75,492.4584045410156,230823.0
2023-05-25,531.9000244140625,545.0,523.0,537.9500122070312,501.0269470214844,163336.0
2023-05-26,541.0,541.0,525.0,526.2999877929688,490.176513671875,95944.0
2023-05-29,530.5,537.4500122070312,527.9500122070312,532.4500122070312,495.9043884277344,94604.0
2023-05-30,533.9500122070312,538.5499877929688,529.1500244140625,531.0499877929688,494.60052490234375,56567.0
2023-05-31,530.0,532.4000244140625,516.0,525.7000122070312,489.61773681640625,120035.0
2023-06-01,527.75,533.75,519.0,520.1500244140625,484.4486999511719,168961.0
2023-06-02,521.0,529.0,519.0,524.7000122070312,488.6864013671875,93066.0
2023-06-05,530.0,533.5,526.1500244140625,528.0,491.75982666015625,77756.0
2023-06-06,531.9000244140625,531.9000244140625,526.0999755859375,529.4000244140625,493.0638122558594,41136.0
2023-06-07,530.7000122070312,543.75,529.5499877929688,540.0,502.93621826171875,142124.0
2023-06-08,547.0,561.0,539.9000244140625,544.5,507.1274108886719,220741.0
2023-06-09,549.9000244140625,560.0,543.2000122070312,547.7000122070312,510.1077880859375,98056.0
2023-06-12,550.0,561.0,549.5,556.2999877929688,518.1174926757812,128249.0
2023-06-13,560.9000244140625,567.7000122070312,556.0,559.5,521.0978393554688,102417.0
2023-06-14,562.2999877929688,565.0,545.3499755859375,548.4000244140625,510.75970458984375,79572.0
2023-06-15,548.5999755859375,559.0,546.8499755859375,549.5,511.7841796875,114770.0
2023-06-16,554.4000244140625,564.0,550.0499877929688,552.5999755859375,514.6714477539062,79670.0
2023-06-19,557.7000122070312,559.0,545.0,551.9500122070312,514.0660400390625,75078.0
2023-06-20,551.9500122070312,560.0,550.0,553.8499755859375,515.83544921875,96577.0
2023-06-21,558.0,559.1500244140625,542.5999755859375,543.9500122070312,506.6150817871094,120650.0
2023-06-22,544.5999755859375,551.75,538.5,539.2999877929688,502.2842102050781,80827.0
2023-06-23,535.0999755859375,540.7999877929688,532.5499877929688,535.2000122070312,498.46575927734375,40446.0
2023-06-26,532.5999755859375,542.8499755859375,530.2000122070312,535.5499877929688,498.7915954589844,55892.0
2023-06-27,537.9500122070312,540.0,532.0,534.8499755859375,498.13970947265625,34013.0
2023-06-28,535.1500244140625,543.7999877929688,533.0,535.9000244140625,499.11761474609375,36872.0
2023-06-30,535.9000244140625,555.25,530.5,541.2000122070312,504.0538635253906,91576.0
2023-07-03,545.0,554.7000122070312,536.0,539.4000244140625,502.3774719238281,79241.0
2023-07-04,540.0999755859375,545.7000122070312,534.0999755859375,538.3499755859375,501.3994140625,48898.0
2023-07-05,539.9000244140625,553.0,535.1500244140625,546.5499877929688,509.03662109375,114337.0
2023-07-06,546.5499877929688,562.8499755859375,544.3499755859375,557.2000122070312,518.9556274414062,138589.0
2023-07-07,560.0,565.6500244140625,551.5999755859375,558.5999755859375,520.2595825195312,132840.0
2023-07-10,563.9500122070312,572.5,552.2000122070312,561.7999877929688,523.2399291992188,170530.0
2023-07-11,562.0,575.0,558.0999755859375,562.5499877929688,523.9384155273438,131850.0
2023-07-12,567.9000244140625,573.9500122070312,555.0499877929688,566.0499877929688,527.1981811523438,120786.0
2023-07-13,566.0,569.9500122070312,554.0,559.2000122070312,520.8182983398438,80406.0
2023-07-14,560.2000122070312,568.0,556.7000122070312,558.9500122070312,520.5855712890625,56550.0
2023-07-17,560.0,570.0,555.8499755859375,559.9000244140625,521.4703369140625,104326.0
2023-07-18,564.0,570.0,549.2999877929688,558.4000244140625,520.0733642578125,114422.0
2023-07-19,563.0,569.0,549.0,553.7999877929688,515.7891235351562,93900.0
2023-07-20,558.7999877929688,563.0,552.0999755859375,554.5,516.4410400390625,79155.0
2023-07-21,554.9000244140625,564.9000244140625,553.0,557.6500244140625,519.374755859375,66457.0
2023-07-24,558.9000244140625,560.0,551.0499877929688,552.2999877929688,518.1083374023438,55478.0
2023-07-25,556.0,558.0,550.0499877929688,551.6500244140625,517.49853515625,52593.0
2023-07-26,556.0,557.6500244140625,548.0999755859375,550.6500244140625,516.5604248046875,55730.0
2023-07-27,552.9000244140625,556.4000244140625,540.6500244140625,542.75,509.1495361328125,77686.0
2023-07-28,547.5499877929688,547.7000122070312,538.0999755859375,539.4000244140625,506.0070495605469,45100.0
2023-07-31,549.0,555.2999877929688,537.0999755859375,551.7000122070312,517.54541015625,102682.0
2023-08-01,553.0,555.9000244140625,549.8499755859375,552.1500244140625,517.9677124023438,53881.0
2023-08-02,552.0,558.4500122070312,538.7000122070312,541.5,507.97686767578125,81543.0
2023-08-03,537.0999755859375,547.3499755859375,537.0999755859375,541.0,507.5078125,36147.0
2023-08-04,546.5,549.25,540.0999755859375,541.2999877929688,507.78924560546875,49178.0
2023-08-07,544.9000244140625,549.9500122070312,542.1500244140625,544.5499877929688,510.83807373046875,34467.0
2023-08-08,547.25,561.8499755859375,538.9500122070312,557.7999877929688,523.2677612304688,140528.0
2023-08-09,561.0,561.5499877929688,548.0999755859375,549.4000244140625,515.387939453125,42286.0
2023-08-10,563.0,564.5999755859375,550.25,554.75,520.4066162109375,127451.0
2023-08-11,557.0499877929688,565.0,548.0,551.0,516.8887939453125,145333.0
2023-08-14,539.5999755859375,539.5999755859375,500.1000061035156,526.9500122070312,494.32769775390625,374608.0
2023-08-16,525.0999755859375,527.0999755859375,515.4500122070312,524.9000244140625,492.4046630859375,80971.0
2023-08-17,527.0,533.0999755859375,524.0,527.7999877929688,495.12506103515625,70075.0
2023-08-18,524.0,529.9500122070312,524.0,527.1500244140625,494.5152893066406,50349.0
2023-08-21,529.5,540.4000244140625,528.0,535.2999877929688,502.1607360839844,83464.0
2023-08-22,538.0,542.0,530.0,533.5499877929688,500.5191650390625,83257.0
2023-08-23,536.0,543.1500244140625,532.4500122070312,535.6500244140625,502.48919677734375,81463.0
2023-08-24,538.4000244140625,539.9500122070312,532.7999877929688,534.6500244140625,501.55108642578125,45444.0
2023-08-25,535.9000244140625,539.0,531.0,536.5,503.2864685058594,42719.0
2023-08-28,537.0,539.0,527.5,530.2000122070312,497.3765563964844,74993.0
2023-08-29,530.2000122070312,537.5499877929688,524.2000122070312,526.6500244140625,494.0463562011719,183865.0
2023-08-30,528.0,537.0,525.0,527.0,494.3746643066406,113755.0
2023-08-31,530.0,536.2000122070312,530.0,533.7999877929688,500.75360107421875,61268.0
2023-09-01,536.0,539.2999877929688,532.6500244140625,534.2999877929688,501.2226257324219,70611.0
2023-09-04,535.0,542.9000244140625,533.2999877929688,540.75,507.2734375,75375.0
2023-09-05,545.4000244140625,557.5,540.0499877929688,542.75,509.1495361328125,129500.0
2023-09-06,545.4500122070312,555.7999877929688,543.0499877929688,554.0,519.703125,141016.0
2023-09-07,554.0,563.7000122070312,549.25,557.7000122070312,523.174072265625,157376.0
2023-09-08,561.7000122070312,609.8499755859375,560.0,596.5999755859375,559.6656494140625,1379111.0
2023-09-11,607.0,612.0,595.5999755859375,597.4000244140625,560.4163818359375,359072.0
2023-09-12,607.75,608.0999755859375,562.75,570.5499877929688,535.2285766601562,263356.0
2023-09-13,571.8499755859375,583.2000122070312,564.9000244140625,575.25,539.6375732421875,128476.0
2023-09-14,581.7999877929688,602.0,581.75,588.5999755859375,552.1610717773438,213504.0
2023-09-15,620.0,635.0,610.9000244140625,613.75,575.7542114257812,1049998.0
2023-09-18,611.9000244140625,611.9000244140625,589.0,598.5,561.4481811523438,219855.0
2023-09-20,590.0,600.0,590.0,593.1500244140625,556.4293823242188,84849.0
2023-09-21,592.7999877929688,595.2999877929688,566.0,575.0,539.4029541015625,130577.0
2023-09-22,581.7000122070312,589.2000122070312,574.5499877929688,578.5499877929688,542.7333374023438,88599.0
2023-09-25,585.0,595.0999755859375,580.5999755859375,583.9000244140625,547.7520751953125,88647.0
2023-09-26,583.0,588.9000244140625,580.7000122070312,583.7000122070312,547.564453125,46164.0
2023-09-27,584.0,585.5,574.1500244140625,577.25,541.5137939453125,41233.0
2023-09-28,580.4500122070312,582.0,567.5,569.5999755859375,534.3372802734375,48744.0
2023-09-29,575.0,575.0,565.4500122070312,570.1500244140625,534.8533935546875,32862.0
2023-10-03,575.0,575.0,566.5499877929688,569.5,534.2435302734375,43104.0
2023-10-04,565.0,573.2000122070312,557.2000122070312,568.1500244140625,532.9771118164062,42567.0
2023-10-05,572.0,573.75,561.9500122070312,564.7999877929688,529.83447265625,30631.0
2023-10-06,563.0,575.0,559.5499877929688,571.1500244140625,535.7913818359375,50826.0
2023-10-09,551.5999755859375,563.8499755859375,542.75,550.7999877929688,516.7012939453125,78414.0
2023-10-10,548.0,567.9500122070312,546.0,558.9500122070312,524.3467407226562,57864.0
2023-10-11,555.0,558.5999755859375,551.2000122070312,554.0999755859375,519.796875,81272.0
2023-10-12,555.9500122070312,557.8499755859375,547.0499877929688,549.7000122070312,515.6693725585938,39817.0
2023-10-13,549.7000122070312,552.9500122070312,541.0,543.2999877929688,509.66552734375,52308.0
2023-10-16,544.0499877929688,548.9000244140625,541.2000122070312,547.25,513.3710327148438,36452.0
2023-10-17,547.9000244140625,569.4000244140625,547.9000244140625,560.9000244140625,526.1759033203125,163589.0
2023-10-18,563.0,564.25,552.9500122070312,559.4500122070312,524.8156127929688,37120.0
2023-10-19,555.0,559.5499877929688,552.5,556.25,521.8137817382812,29170.0
2023-10-20,553.0,557.4500122070312,548.0,550.2999877929688,516.2321166992188,18002.0
2023-10-23,553.0999755859375,553.0999755859375,496.0,506.29998779296875,474.95611572265625,105062.0
2023-10-25,509.75,529.4000244140625,500.1499938964844,526.0499877929688,493.4833984375,128751.0
2023-10-26,515.6500244140625,530.5499877929688,500.0,523.2000122070312,490.8099060058594,91287.0
2023-10-27,527.9000244140625,533.5499877929688,517.0,519.0,486.869873046875,38005.0
2023-10-30,524.0,532.5499877929688,516.0,521.75,489.4495849609375,36253.0
2023-10-31,535.0,536.0,515.2000122070312,530.0999755859375,497.28271484375,144522.0
2023-11-01,532.5,534.7000122070312,512.0,514.3499755859375,482.5077819824219,73937.0
2023-11-02,520.6500244140625,523.9500122070312,509.3999938964844,515.0999755859375,483.21124267578125,51906.0
2023-11-03,523.0,529.9500122070312,518.25,520.2999877929688,488.08935546875,75075.0
2023-11-06,521.0499877929688,547.75,519.0,539.2999877929688,505.9130859375,155404.0
2023-11-07,537.9000244140625,544.7999877929688,529.0,532.9000244140625,503.6448669433594,77757.0
2023-11-08,535.0,539.0,529.7000122070312,533.5499877929688,504.2592468261719,56351.0
2023-11-09,531.5,535.75,525.0999755859375,526.5499877929688,497.6434326171875,54804.0
2023-11-10,528.7999877929688,531.5999755859375,515.8499755859375,521.2999877929688,492.68170166015625,69971.0
2023-11-13,529.5999755859375,533.6500244140625,521.25,528.0999755859375,499.1084289550781,35199.0
2023-11-15,530.75,533.0,522.4000244140625,530.0,500.9041442871094,134544.0
2023-11-16,533.8499755859375,555.9500122070312,526.2999877929688,551.3499755859375,521.0820922851562,336144.0
2023-11-17,551.0,555.5999755859375,536.6500244140625,539.9000244140625,510.2606506347656,172282.0
2023-11-20,542.5999755859375,555.0,529.25,551.7000122070312,521.412841796875,178092.0
2023-11-21,552.0,567.9000244140625,541.0999755859375,549.3499755859375,519.1918334960938,265169.0
2023-11-22,550.0,563.5999755859375,548.4500122070312,557.6500244140625,527.0362548828125,159134.0
2023-11-23,556.0,564.1500244140625,554.0,556.5499877929688,525.9965209960938,81193.0
2023-11-24,556.5499877929688,562.0,548.0,552.5999755859375,522.2633666992188,71491.0
2023-11-28,555.0,555.2000122070312,545.1500244140625,547.0499877929688,517.0181274414062,50970.0
2023-11-29,550.0,554.9500122070312,546.7999877929688,550.0499877929688,519.853271484375,45468.0
2023-11-30,549.0,552.2000122070312,539.3499755859375,543.4500122070312,513.6156616210938,56227.0
2023-12-01,546.2000122070312,549.4500122070312,539.0,541.0,511.30029296875,78074.0
2023-12-04,545.0499877929688,549.75,542.0,543.2999877929688,513.4739379882812,52920.0
2023-12-05,545.0,547.0,538.0,541.2999877929688,511.58380126953125,61921.0
2023-12-06,545.0,545.5,535.0,537.0,507.51983642578125,58952.0
2023-12-07,537.5,547.0499877929688,535.3499755859375,543.0,513.1903686523438,72692.0
2023-12-08,544.9500122070312,546.0,535.7999877929688,544.4500122070312,514.5609130859375,42106.0
2023-12-11,540.0999755859375,547.9000244140625,539.0499877929688,544.4000244140625,514.5135498046875,50860.0
2023-12-12,547.0,547.1500244140625,536.4000244140625,539.5499877929688,509.92987060546875,55978.0
2023-12-13,541.9500122070312,541.9500122070312,532.9000244140625,536.0499877929688,506.6219482421875,40875.0
2023-12-14,538.75,542.0,534.0,537.4000244140625,507.8979187011719,55074.0
2023-12-15,540.0,540.9000244140625,533.0,536.7000122070312,507.2362976074219,67998.0
2023-12-18,537.0,542.0,535.0,535.75,506.3385009765625,40920.0
2023-12-19,538.0999755859375,572.2000122070312,533.4000244140625,550.0999755859375,519.9005737304688,328937.0
2023-12-20,550.5,555.0,530.0,535.7000122070312,506.2912902832031,172495.0
2023-12-21,530.2000122070312,540.5499877929688,529.5499877929688,538.0499877929688,508.51214599609375,40654.0
2023-12-22,538.0499877929688,543.8499755859375,535.0,537.5,507.99224853515625,51956.0
2023-12-26,540.2000122070312,543.6500244140625,534.7999877929688,540.0499877929688,510.40234375,62716.0
2023-12-27,537.2000122070312,542.7999877929688,535.0,538.7999877929688,509.22100830078125,62771.0
2023-12-28,539.5,540.0,535.0,538.2000122070312,508.6540222167969,53800.0
2023-12-29,539.2999877929688,539.2999877929688,531.1500244140625,534.5499877929688,505.20428466796875,63701.0
2024-01-01,535.0,538.2999877929688,533.2999877929688,535.6500244140625,506.2439880371094,44676.0
2024-01-02,537.9500122070312,539.9500122070312,531.25,536.8499755859375,507.37811279296875,51795.0
2024-01-03,537.0,537.0,532.5,533.75,504.4482421875,33930.0
2024-01-04,534.5999755859375,536.4500122070312,520.9000244140625,527.6500244140625,498.6831359863281,125545.0
2024-01-05,529.5999755859375,534.0,524.5,530.5999755859375,501.4710998535156,58153.0
2024-01-08,533.4000244140625,536.0,526.2999877929688,530.6500244140625,501.51849365234375,122429.0
2024-01-09,533.3499755859375,535.0,527.2999877929688,528.5499877929688,499.53375244140625,56271.0
2024-01-10,529.0499877929688,536.0,526.2999877929688,533.8499755859375,504.5427551269531,79840.0
2024-01-11,531.7000122070312,542.0999755859375,528.7000122070312,533.2999877929688,504.0229797363281,113202.0
2024-01-12,538.0,538.0,530.2999877929688,532.3499755859375,503.1250915527344,36399.0
2024-01-15,535.0,538.4500122070312,530.0,533.9500122070312,504.6372375488281,88011.0
2024-01-16,535.0999755859375,555.0,535.0,538.75,509.1737976074219,201151.0
2024-01-17,536.9500122070312,541.0,532.5,535.75,506.3385009765625,127652.0
2024-01-18,535.0,536.0499877929688,524.25,534.5499877929688,505.20428466796875,53012.0
2024-01-19,536.9000244140625,539.5,533.0,534.1500244140625,504.8262939453125,43050.0
2024-01-23,538.0,538.0,521.0499877929688,524.25,495.4697570800781,58338.0
2024-01-24,525.0,535.0,520.75,534.0,504.6845703125,40624.0
2024-01-25,533.0,536.0,522.25,528.4500122070312,499.4392395019531,48556.0
2024-01-29,535.0,538.9000244140625,529.6500244140625,536.8499755859375,507.37811279296875,68923.0
2024-01-30,539.0,539.0,530.0,531.9000244140625,502.6998596191406,41960.0
2024-01-31,533.75,537.0,530.0999755859375,531.3499755859375,502.1800231933594,48936.0
2024-02-01,532.0999755859375,547.5,532.0999755859375,542.25,512.4815673828125,165872.0
2024-02-02,546.0,548.5,537.1500244140625,543.3499755859375,513.521240234375,120226.0
2024-02-05,545.0,545.75,538.0,539.7999877929688,510.1660461425781,53502.0
2024-02-06,535.0499877929688,542.0,534.0999755859375,539.75,510.11883544921875,46763.0
2024-02-07,542.4500122070312,550.0,538.0999755859375,547.5,517.443359375,102180.0
2024-02-08,550.0,554.9000244140625,535.5499877929688,540.7999877929688,511.1112060546875,72482.0
2024-02-09,521.0,529.9500122070312,505.5,512.5,484.3648376464844,162152.0
2024-02-12,514.9000244140625,517.9500122070312,500.0,504.5,476.8039855957031,76722.0
2024-02-13,502.1000061035156,515.0,492.45001220703125,504.95001220703125,477.2293395996094,71244.0
2024-02-14,508.0,514.0,500.79998779296875,509.20001220703125,481.2459716796875,28951.0
2024-02-15,510.0,518.0,509.3500061035156,511.8999938964844,483.7977294921875,20161.0
2024-02-16,514.5,538.0,509.1000061035156,531.25,505.04534912109375,131251.0
2024-02-19,531.5499877929688,533.8499755859375,521.9000244140625,527.6500244140625,501.62286376953125,38923.0
2024-02-20,525.0999755859375,527.1500244140625,518.0,519.7999877929688,494.16009521484375,23736.0
2024-02-21,522.4000244140625,522.4000244140625,510.0,512.25,486.98248291015625,37789.0
2024-02-22,513.0499877929688,514.9500122070312,505.0,509.5,484.3681640625,27142.0
2024-02-23,513.8499755859375,521.9500122070312,510.04998779296875,513.5999755859375,488.26593017578125,35827.0
2024-02-26,515.8499755859375,516.3499755859375,501.5,503.95001220703125,479.0919494628906,59199.0
2024-02-27,507.8999938964844,519.4000244140625,503.1000061035156,507.8999938964844,482.8470458984375,34503.0
2024-02-28,513.0,513.0,500.04998779296875,501.6499938964844,476.9053649902344,27923.0
2024-02-29,504.20001220703125,504.20001220703125,493.5,501.54998779296875,476.8102722167969,29667.0
2024-03-01,500.20001220703125,507.0,500.20001220703125,503.1499938964844,478.3313903808594,22230.0
2024-03-04,504.1000061035156,504.95001220703125,498.25,501.04998779296875,476.3349914550781,20549.0
2024-03-05,501.1000061035156,503.3999938964844,491.54998779296875,494.6499938964844,470.2507019042969,28280.0
2024-03-06,492.0,498.79998779296875,481.25,486.75,462.7403259277344,41400.0
2024-03-07,490.0,492.25,484.6000061035156,485.6499938964844,461.6945495605469,32715.0
2024-03-11,486.0,489.6000061035156,465.0,469.54998779296875,446.3887023925781,47647.0
2024-03-12,470.3999938964844,503.20001220703125,465.1499938964844,488.20001220703125,464.1188049316406,187580.0
2024-03-13,487.5,487.95001220703125,452.1000061035156,453.45001220703125,431.0829162597656,96775.0
2024-03-14,455.0,477.0,451.3999938964844,472.6499938964844,449.3357849121094,34657.0
2024-03-15,472.0,474.3500061035156,453.0,463.29998779296875,440.4470520019531,52442.0
2024-03-18,463.0,468.6499938964844,459.04998779296875,460.75,438.0228271484375,41911.0
2024-03-19,462.8999938964844,462.8999938964844,441.1000061035156,448.04998779296875,425.9492492675781,45410.0
2024-03-20,450.29998779296875,475.0,441.70001220703125,443.54998779296875,421.6712646484375,94897.0
2024-03-21,446.0,455.5,446.0,450.95001220703125,428.7062072753906,39276.0
2024-03-22,451.0,454.1000061035156,447.45001220703125,448.3500061035156,426.2344665527344,37263.0
2024-03-26,449.0,449.95001220703125,435.54998779296875,437.79998779296875,416.2048645019531,81807.0
2024-03-27,438.04998779296875,447.0,433.29998779296875,437.6000061035156,416.0147399902344,110759.0
2024-03-28,437.95001220703125,446.0,431.1000061035156,438.8999938964844,417.2506103515625,131920.0
2024-04-01,445.0,462.8999938964844,444.95001220703125,456.0,433.5071716308594,61161.0
2024-04-02,456.0,468.95001220703125,456.0,463.8999938964844,441.0174560546875,45978.0
2024-04-03,464.3500061035156,478.0,460.3500061035156,475.6499938964844,452.1878356933594,49107.0
2024-04-04,481.29998779296875,489.95001220703125,471.0,480.70001220703125,456.98876953125,52142.0
2024-04-05,481.5,482.1499938964844,475.04998779296875,478.8500061035156,455.22998046875,23076.0
2024-04-08,481.25,484.0,473.25,475.75,452.2828674316406,30321.0
2024-04-09,475.8999938964844,478.04998779296875,470.6000061035156,471.29998779296875,448.0524597167969,19286.0
2024-04-10,475.6499938964844,475.6499938964844,469.45001220703125,472.79998779296875,449.4784240722656,20790.0
2024-04-12,475.0,475.20001220703125,465.1000061035156,471.20001220703125,447.9573669433594,37915.0
2024-04-15,460.8999938964844,468.25,455.70001220703125,465.70001220703125,442.7286376953125,26339.0
2024-04-16,463.0,472.70001220703125,457.95001220703125,467.0,443.9645690917969,24767.0
2024-04-18,469.3500061035156,469.79998779296875,459.6499938964844,460.3500061035156,437.642578125,48996.0
2024-04-19,459.0,474.1499938964844,458.8500061035156,469.70001220703125,446.5313720703125,55026.0
2024-04-22,472.0,476.5,467.0,473.6499938964844,450.2864990234375,27330.0
2024-04-23,471.45001220703125,490.0,470.0,470.8999938964844,447.67218017578125,31442.0
2024-04-24,471.95001220703125,480.3999938964844,469.79998779296875,473.75,450.381591796875,47712.0
2024-04-25,473.70001220703125,483.8500061035156,472.1499938964844,477.8999938964844,454.3268737792969,50108.0
2024-04-26,480.25,480.25,471.04998779296875,473.3500061035156,450.0013122558594,20256.0
2024-04-29,475.0,477.0,466.79998779296875,468.45001220703125,445.3430480957031,55522.0
2024-04-30,470.79998779296875,472.04998779296875,465.0,467.3999938964844,444.34478759765625,32923.0
2024-05-02,469.0,471.04998779296875,461.25,465.1499938964844,442.2057800292969,38438.0
2024-05-03,465.0,466.95001220703125,455.29998779296875,460.3500061035156,437.642578125,95950.0
2024-05-06,464.0,464.0,459.3500061035156,460.95001220703125,438.2130126953125,30057.0
2024-05-07,460.95001220703125,462.6499938964844,458.0,460.1499938964844,437.4523620605469,37034.0
2024-05-08,460.1499938964844,469.6499938964844,460.0,465.0,442.0632019042969,29980.0
2024-05-09,465.0,466.0,459.6000061035156,462.6499938964844,439.8291015625,30730.0
2024-05-10,462.0,463.29998779296875,457.79998779296875,460.8999938964844,438.1654357910156,35872.0
2024-05-13,465.0,470.6000061035156,459.6000061035156,465.3500061035156,442.39593505859375,55054.0
2024-05-14,465.3999938964844,477.3999938964844,463.70001220703125,470.45001220703125,447.2443542480469,45323.0
2024-05-15,472.5,474.70001220703125,463.79998779296875,465.3999938964844,442.4434814453125,21913.0
2024-05-16,462.0,468.20001220703125,454.3500061035156,456.70001220703125,434.172607421875,58596.0
2024-05-17,456.70001220703125,463.25,454.0,455.95001220703125,433.4596252441406,46575.0
2024-05-21,465.0,465.0,450.5,451.45001220703125,429.18157958984375,41943.0
2024-05-22,453.75,453.75,447.04998779296875,448.8999938964844,426.7573547363281,24687.0
2024-05-23,453.8999938964844,453.8999938964844,448.5,452.79998779296875,430.4649658203125,15638.0
2024-05-24,452.79998779296875,452.79998779296875,447.29998779296875,448.8500061035156,426.70977783203125,19789.0
2024-05-27,444.04998779296875,459.0,442.6000061035156,457.8999938964844,435.3134460449219,143909.0
2024-05-28,459.79998779296875,465.0,446.29998779296875,448.3999938964844,426.28204345703125,43882.0
2024-05-29,448.3999938964844,451.5,445.54998779296875,449.70001220703125,427.5179138183594,12172.0
2024-05-30,449.70001220703125,450.1499938964844,441.1000061035156,442.20001220703125,420.3878173828125,32707.0
2024-05-31,442.20001220703125,447.25,438.0,440.25,418.5340270996094,22960.0
2024-06-03,448.0,451.54998779296875,439.0,441.1499938964844,419.3896179199219,31683.0
2024-06-04,446.5,446.54998779296875,409.6000061035156,421.1000061035156,400.3286437988281,56990.0
2024-06-05,430.0,443.70001220703125,415.3500061035156,437.95001220703125,416.34747314453125,36804.0
2024-06-06,441.0,463.54998779296875,438.75,446.45001220703125,424.42822265625,65829.0
2024-06-07,448.3999938964844,451.75,441.0,446.3500061035156,424.3331298828125,36352.0
2024-06-10,451.8500061035156,455.0,446.54998779296875,448.8999938964844,426.7573547363281,36499.0
2024-06-11,450.0,468.0,449.95001220703125,465.45001220703125,442.49102783203125,64964.0
2024-06-12,468.8500061035156,470.0,462.20001220703125,465.1499938964844,442.2057800292969,32707.0
2024-06-13,467.5,469.70001220703125,461.0,462.04998779296875,439.2586975097656,28099.0
2024-06-14,462.04998779296875,470.0,461.1499938964844,466.20001220703125,443.2040100097656,43894.0
2024-06-18,466.3500061035156,483.0,457.1499938964844,478.75,455.1349792480469,87895.0
2024-06-19,477.5,502.0,468.04998779296875,496.1499938964844,471.6766357421875,209681.0
2024-06-20,493.8500061035156,522.0,486.6000061035156,497.54998779296875,473.0075988769531,247582.0
2024-06-21,495.04998779296875,508.0,485.29998779296875,493.0,468.68206787109375,92022.0
2024-06-24,493.29998779296875,495.0,484.1000061035156,491.04998779296875,466.8282165527344,35662.0
2024-06-25,494.0,494.0,483.6499938964844,488.04998779296875,463.97625732421875,30511.0
2024-06-26,489.8999938964844,498.1000061035156,480.0,494.0,469.6327209472656,129261.0
2024-06-27,496.5,514.0,489.0,508.8999938964844,483.7977294921875,200107.0
2024-06-28,509.79998779296875,520.0,505.25,511.1499938964844,485.9367370605469,125738.0
2024-07-01,514.5499877929688,521.9500122070312,512.5,516.1500244140625,490.6901550292969,66683.0
2024-07-02,520.4000244140625,520.4000244140625,509.29998779296875,511.8500061035156,486.60223388671875,49620.0
2024-07-03,516.0,516.7000122070312,505.0,510.70001220703125,485.50897216796875,45536.0
2024-07-04,514.8499755859375,517.0,505.1499938964844,514.6500244140625,489.2641296386719,58963.0
2024-07-05,514.6500244140625,534.5499877929688,510.3999938964844,523.9500122070312,498.10540771484375,304403.0
2024-07-08,526.0,550.2000122070312,526.0,530.4500122070312,504.28472900390625,259893.0
2024-07-09,530.4500122070312,532.7000122070312,524.2999877929688,526.9000244140625,500.9099426269531,39516.0
2024-07-10,529.5499877929688,532.75,501.20001220703125,520.9000244140625,495.20587158203125,111152.0
2024-07-11,523.5499877929688,529.7999877929688,515.0499877929688,524.0999755859375,498.2479553222656,58944.0
2024-07-12,529.9500122070312,529.9500122070312,508.04998779296875,510.8500061035156,485.65155029296875,53611.0
2024-07-15,513.4000244140625,522.0499877929688,500.0,514.8499755859375,493.3169860839844,56240.0
2024-07-16,514.8499755859375,524.75,508.29998779296875,511.54998779296875,490.15496826171875,94839.0
2024-07-18,514.5,516.5,499.79998779296875,510.04998779296875,488.71771240234375,52239.0
2024-07-19,510.04998779296875,511.8999938964844,485.0,487.25,466.871337890625,73962.0
2024-07-22,480.04998779296875,489.75,478.5,480.3500061035156,460.2598876953125,54692.0
2024-07-23,484.0,490.1499938964844,465.25,482.1000061035156,461.93670654296875,74346.0
2024-07-24,484.29998779296875,509.0,480.79998779296875,507.0,485.7952575683594,74436.0
2024-07-25,500.0,513.0,495.0,507.04998779296875,485.84320068359375,38715.0
2024-07-26,510.3999938964844,530.0,507.79998779296875,520.0499877929688,498.29949951171875,72368.0
2024-07-29,524.25,532.0,516.2000122070312,523.5499877929688,501.6531066894531,69520.0
2024-07-30,525.0,534.9500122070312,524.0,527.0,504.9587707519531,52966.0
2024-07-31,531.9500122070312,532.0,517.3499755859375,522.0999755859375,500.2637023925781,48503.0
2024-08-01,524.75,528.5,510.0,518.7000122070312,497.0060119628906,42430.0
2024-08-02,524.8499755859375,524.8499755859375,506.0,508.1000061035156,486.8492736816406,43260.0
2024-08-05,485.5,490.0,465.5,470.8999938964844,451.2051086425781,134159.0
2024-08-06,475.0,522.9000244140625,473.0,496.70001220703125,475.92608642578125,485895.0
2024-08-07,505.45001220703125,533.0,497.25,505.95001220703125,484.7892150878906,715524.0
2024-08-08,504.8999938964844,528.7999877929688,500.04998779296875,507.8500061035156,486.6097412109375,211068.0
2024-08-09,509.8999938964844,527.0,496.1000061035156,500.29998779296875,479.37554931640625,170991.0
2024-08-12,497.0,501.70001220703125,485.0,488.75,468.3085632324219,93925.0
2024-08-13,489.0,494.5,478.95001220703125,482.75,462.5594787597656,54456.0
2024-08-14,481.0,489.75,473.0,481.25,461.12225341796875,39352.0
2024-08-16,484.8999938964844,493.1499938964844,484.8999938964844,488.1499938964844,467.733642578125,30559.0
2024-08-19,486.04998779296875,496.20001220703125,486.04998779296875,490.8500061035156,470.3207092285156,38629.0
2024-08-20,494.1000061035156,502.0,484.79998779296875,486.45001220703125,466.10479736328125,52685.0
2024-08-21,488.8500061035156,491.0,485.0,488.25,467.8294982910156,32540.0
2024-08-22,490.0,504.8999938964844,487.3500061035156,499.79998779296875,478.8963928222656,102954.0
2024-08-23,499.79998779296875,504.8999938964844,494.0,497.8999938964844,477.0758972167969,50349.0
2024-08-26,504.0,512.4500122070312,500.0,504.95001220703125,483.8310546875,87107.0
2024-08-27,509.6000061035156,510.95001220703125,500.70001220703125,502.1000061035156,481.1001892089844,33864.0
2024-08-28,502.0,508.20001220703125,486.5,490.3999938964844,469.88958740234375,56016.0
2024-08-29,491.0,496.04998779296875,479.70001220703125,482.1000061035156,461.93670654296875,46330.0
2024-08-30,484.54998779296875,491.5,484.0,487.29998779296875,466.919189453125,23851.0
2024-09-02,489.75,491.1499938964844,478.0,482.1499938964844,461.984619140625,41989.0
2024-09-03,485.0,487.3500061035156,479.25,481.1499938964844,461.02642822265625,29253.0
2024-09-04,478.0,484.0,477.6000061035156,481.8500061035156,461.6971740722656,27998.0
2024-09-05,484.25,485.0,479.79998779296875,481.54998779296875,461.40966796875,30036.0
2024-09-06,483.95001220703125,484.8999938964844,476.20001220703125,477.79998779296875,457.8165588378906,34054.0
2024-09-09,482.0,485.0,472.5,484.04998779296875,463.8051452636719,50654.0
2024-09-10,484.04998779296875,492.70001220703125,480.54998779296875,483.95001220703125,463.7093505859375,39532.0
2024-09-11,484.0,490.25,471.6000061035156,476.70001220703125,456.7626037597656,37003.0
2024-09-12,482.70001220703125,496.0,475.3999938964844,490.95001220703125,470.41656494140625,71666.0
2024-09-13,492.20001220703125,493.20001220703125,485.45001220703125,491.45001220703125,470.8956604003906,33764.0
2024-09-16,497.8500061035156,511.0,492.3500061035156,506.1000061035156,484.9329528808594,103076.0
2024-09-17,513.7000122070312,518.4000244140625,500.0,504.70001220703125,483.59149169921875,91788.0
2024-09-18,506.6000061035156,508.3999938964844,490.0,491.79998779296875,471.2310791015625,29365.0
2024-09-19,496.6000061035156,497.6499938964844,480.3500061035156,486.5,466.15264892578125,36114.0
2024-09-20,492.0,492.0,477.0,482.79998779296875,462.6073913574219,29418.0
2024-09-23,478.1000061035156,493.20001220703125,478.1000061035156,486.0,465.6736145019531,27087.0
2024-09-24,486.0,489.45001220703125,481.29998779296875,483.04998779296875,462.84698486328125,29210.0
2024-09-25,484.6499938964844,491.0,481.0,483.8999938964844,463.6614074707031,27182.0
2024-09-26,485.0,486.3500061035156,479.1000061035156,480.6499938964844,460.54736328125,19125.0
2024-09-27,480.6499938964844,489.8999938964844,476.79998779296875,478.8999938964844,458.87054443359375,28559.0
2024-09-30,476.1000061035156,486.95001220703125,469.95001220703125,479.75,459.6850280761719,75683.0
2024-10-01,482.1499938964844,485.0,474.75,480.25,460.1640930175781,27738.0
2024-10-03,481.0,484.0,468.0,469.79998779296875,450.1510925292969,39506.0
2024-10-04,473.45001220703125,491.8999938964844,467.0,481.70001220703125,461.5534362792969,51599.0
2024-10-07,485.04998779296875,505.0,479.75,487.3999938964844,467.0150451660156,354871.0
2024-10-08,480.29998779296875,509.79998779296875,478.45001220703125,505.20001220703125,484.070556640625,173369.0
2024-10-09,530.0,538.0,521.1500244140625,524.0499877929688,502.1322326660156,655824.0
2024-10-10,528.5999755859375,528.5999755859375,521.0499877929688,524.6500244140625,502.7071533203125,97858.0
2024-10-11,524.75,534.9000244140625,523.4500122070312,526.7999877929688,504.7672119140625,111371.0
2024-10-14,532.5499877929688,532.5499877929688,518.0,523.7999877929688,501.8926086425781,99077.0
2024-10-15,527.2999877929688,527.2999877929688,510.0,512.0999755859375,490.68194580078125,50198.0
2024-10-16,510.0,547.0,508.70001220703125,539.2999877929688,516.744384765625,271531.0
2024-10-17,543.0,552.0,525.0,529.6500244140625,507.4980163574219,132801.0
2024-10-18,526.0,531.9500122070312,510.0,520.25,498.4910888671875,115980.0
2024-10-21,520.5,525.3499755859375,502.0,505.95001220703125,484.7892150878906,51025.0
2024-10-22,508.0,551.8499755859375,505.1000061035156,507.79998779296875,486.5617980957031,225854.0
2024-10-23,506.0,518.0,489.95001220703125,502.04998779296875,481.05230712890625,102703.0
2024-10-24,550.0,550.8499755859375,530.25,538.3499755859375,515.8341064453125,710947.0
2024-10-25,542.0,542.0,520.0,533.3499755859375,511.0432434082031,188276.0
2024-10-28,538.0,548.0,525.25,535.3499755859375,512.9595336914062,186332.0
2024-10-29,535.3499755859375,549.9000244140625,530.5499877929688,541.2999877929688,518.6607055664062,123690.0
2024-10-30,542.0,552.0,533.5999755859375,541.2000122070312,518.5650024414062,90537.0
2024-10-31,536.0,551.0,536.0,548.5499877929688,525.6074829101562,141111.0
2024-11-01,550.0,578.0,550.0,571.2999877929688,547.4059448242188,291668.0
2024-11-04,570.9000244140625,627.5,570.0,616.4000244140625,590.6198120117188,1952357.0
2024-11-05,613.0,656.0,605.0,648.5499877929688,621.425048828125,1064420.0
2024-11-06,648.2999877929688,665.4000244140625,633.4500122070312,658.6500244140625,635.019287109375,470687.0
2024-11-07,661.0,694.4500122070312,652.25,686.7000122070312,662.0628662109375,613313.0
2024-11-08,685.0499877929688,743.0,676.0,702.0999755859375,676.9103393554688,1095941.0
2024-11-11,701.8499755859375,731.4000244140625,696.0999755859375,715.5999755859375,689.9259643554688,524017.0
2024-11-12,711.0,715.4500122070312,670.1500244140625,676.7999877929688,652.51806640625,259667.0
2024-11-13,666.0,688.2000122070312,648.0499877929688,654.5999755859375,631.1145629882812,287002.0
2024-11-14,658.5999755859375,689.0,657.0499877929688,684.75,660.1829223632812,284326.0
2024-11-18,688.5499877929688,699.9500122070312,651.6500244140625,655.7999877929688,632.2715454101562,240276.0
2024-11-19,659.0499877929688,720.0,659.0499877929688,687.5499877929688,662.88232421875,787659.0
2024-11-21,681.0499877929688,694.8499755859375,665.0,668.4000244140625,644.41943359375,243810.0
2024-11-22,669.9000244140625,687.0,665.0,683.8499755859375,659.3151245117188,149407.0
2024-11-25,702.0,710.0,685.0,688.0499877929688,663.3644409179688,154134.0
2024-11-26,688.2999877929688,789.0,688.2999877929688,778.4000244140625,750.4729614257812,2087919.0
2024-11-27,784.0,796.5499877929688,767.0,785.5,757.3180541992188,534991.0
2024-11-28,785.4500122070312,804.2999877929688,757.0,770.3499755859375,742.7117309570312,361972.0
2024-11-29,773.5,797.0,763.0,772.4000244140625,744.6881713867188,320199.0
2024-12-02,774.9000244140625,878.4500122070312,770.0499877929688,866.8499755859375,835.74951171875,2561535.0
2024-12-03,867.0,875.0,852.0499877929688,863.1500244140625,832.1823120117188,511790.0
2024-12-04,860.0,877.0,846.0999755859375,871.0999755859375,839.8471069335938,305626.0
2024-12-05,874.0,874.7999877929688,825.0,828.9500122070312,799.2092895507812,246368.0
2024-12-06,834.9000244140625,875.0,811.0,867.6500244140625,836.5208740234375,306437.0
2024-12-09,887.0,887.0,857.5,861.2999877929688,830.3986206054688,205409.0
2024-12-10,865.0,880.0,842.0,875.75,844.3302001953125,203746.0
2024-12-11,880.0,884.9500122070312,855.2000122070312,861.2999877929688,830.3986206054688,114687.0
2024-12-12,861.0999755859375,874.0,835.0,837.9500122070312,807.8864135742188,103877.0
2024-12-13,849.0,986.0,845.0999755859375,969.0499877929688,934.2828369140625,3956411.0
2024-12-16,958.1500244140625,1162.8499755859375,945.0,1134.5,1093.796875,5622287.0
2024-12-17,1126.300048828125,1175.0,1103.199951171875,1117.800048828125,1077.696044921875,2199771.0
2024-12-18,1117.25,1117.25,1026.0,1039.1500244140625,1001.8679809570312,698510.0
2024-12-19,991.1500244140625,1064.0,991.1500244140625,1024.25,987.50244140625,481025.0
2024-12-20,1031.449951171875,1039.6500244140625,930.0,937.5999755859375,903.961181640625,493626.0
2024-12-23,955.0,1015.0,911.5499877929688,958.2999877929688,923.91845703125,672222.0
2024-12-24,960.0,1000.0,925.9000244140625,933.9000244140625,900.3939819335938,352161.0
2024-12-26,935.0999755859375,947.1500244140625,869.0499877929688,893.6500244140625,861.5880126953125,579174.0
2024-12-27,907.5999755859375,928.0499877929688,869.5,873.1500244140625,841.823486328125,216177.0
2024-12-30,874.9000244140625,886.0,851.0,853.6500244140625,823.023193359375,155267.0
2024-12-31,853.0,918.5999755859375,842.4000244140625,864.2000122070312,833.1946411132812,544862.0
2025-01-01,867.0,884.5999755859375,860.4500122070312,875.5999755859375,844.1854858398438,152220.0
2025-01-02,882.4000244140625,963.1500244140625,875.8499755859375,963.1500244140625,928.594482421875,704178.0
2025-01-03,962.0,999.0,940.5499877929688,949.7000122070312,915.6270141601562,349858.0
2025-01-06,953.0,953.0,861.0,865.5999755859375,834.5443725585938,294156.0
2025-01-07,876.0,924.0,869.5499877929688,899.0,866.74609375,277059.0
2025-01-08,899.9500122070312,904.6500244140625,855.75,886.0999755859375,854.3087158203125,156397.0
2025-01-09,881.9000244140625,969.4000244140625,861.0,942.7999877929688,908.974609375,429204.0
2025-01-10,935.9500122070312,939.0,871.1500244140625,881.6500244140625,850.0185546875,298346.0
2025-01-13,860.0,893.7000122070312,825.0499877929688,862.6500244140625,831.7001953125,247051.0
2025-01-14,880.9500122070312,926.0,870.0,910.4500122070312,877.7852783203125,234765.0
2025-01-15,927.7000122070312,988.0,919.0499877929688,948.7000122070312,914.6629638671875,579506.0
2025-01-16,965.4000244140625,984.9000244140625,935.0,976.0,940.9835205078125,206111.0
2025-01-17,982.0,1028.949951171875,956.25,991.1500244140625,955.5900268554688,516104.0
2025-01-20,991.3499755859375,994.9500122070312,927.4500122070312,952.3499755859375,918.1820068359375,196128.0
2025-01-21,952.3499755859375,958.9000244140625,908.4000244140625,916.8499755859375,883.95556640625,137307.0
2025-01-22,923.9500122070312,960.0,863.0,935.0,901.4544677734375,253826.0
2025-01-23,935.0,988.0,921.2999877929688,971.9000244140625,937.0305786132812,257441.0
2025-01-24,975.0,980.5999755859375,935.5999755859375,954.0499877929688,919.8209838867188,150640.0
2025-01-27,890.1500244140625,899.0,858.6500244140625,858.75,827.9400634765625,211052.0
2025-01-28,865.0999755859375,872.9500122070312,772.9000244140625,808.2999877929688,779.3001098632812,371025.0
2025-01-29,809.0,867.4000244140625,809.0,831.5,801.6677856445312,172415.0
2025-01-30,836.9500122070312,846.4500122070312,750.75,769.8499755859375,742.2296142578125,254016.0
2025-01-31,775.7000122070312,799.0,764.1500244140625,768.6500244140625,741.0726928710938,134269.0
2025-02-01,773.2000122070312,805.0,751.25,794.9500122070312,766.4291381835938,157284.0
2025-02-03,788.0499877929688,792.7000122070312,752.3499755859375,752.3499755859375,728.105224609375,92451.0
2025-02-04,760.0999755859375,768.0,716.25,719.5499877929688,696.3621826171875,128462.0
2025-02-05,725.5,739.0,700.0,706.5499877929688,683.7811889648438,161879.0
2025-02-06,722.0,739.5,713.2999877929688,717.4500122070312,694.3298950195312,107410.0
2025-02-07,719.9500122070312,719.9500122070312,693.0499877929688,701.2999877929688,678.7003173828125,77091.0
2025-02-10,700.0,719.9000244140625,674.0,692.8499755859375,670.5225830078125,232870.0
2025-02-11,693.0999755859375,715.0,687.1500244140625,709.5499877929688,686.6844482421875,184358.0
2025-02-12,706.0,710.9500122070312,674.0999755859375,684.7999877929688,662.7320556640625,115191.0
2025-02-13,684.9000244140625,715.0,680.75,687.4500122070312,665.296630859375,79961.0
2025-02-14,690.0,695.4000244140625,653.0999755859375,653.9500122070312,632.876220703125,66980.0
2025-02-17,650.0,665.2999877929688,630.0,656.25,635.10205078125,99739.0
2025-02-18,660.0,661.4500122070312,623.4500122070312,623.4500122070312,603.359130859375,44632.0
2025-02-19,617.7999877929688,654.5999755859375,611.9000244140625,649.9000244140625,628.956787109375,68234.0
2025-02-20,648.3499755859375,655.7999877929688,634.9000244140625,653.2000122070312,632.150390625,60890.0
2025-02-21,656.0,678.75,643.0,650.5999755859375,629.6342163085938,81840.0
2025-02-24,640.0,664.0,625.2000122070312,656.0,634.860107421875,47766.0
2025-02-25,659.9500122070312,659.9500122070312,636.3499755859375,642.25,621.55322265625,35994.0
2025-02-27,649.5999755859375,649.5999755859375,610.1500244140625,614.9000244140625,595.0846557617188,45323.0
2025-02-28,608.7999877929688,611.7999877929688,590.2000122070312,599.4000244140625,580.0841064453125,51521.0
2025-03-03,599.4000244140625,614.9000244140625,571.0999755859375,605.9500122070312,586.423095703125,59619.0
2025-03-04,604.0,623.7999877929688,596.5,615.3499755859375,595.5201416015625,49393.0
2025-03-05,616.0,646.0999755859375,616.0,634.75,614.2949829101562,59687.0
2025-03-06,635.0,666.4500122070312,635.0,666.4500122070312,644.973388671875,53632.0
2025-03-07,678.0,699.75,676.6500244140625,699.75,677.2002563476562,54844.0
2025-03-10,710.0,725.0,664.7999877929688,666.25,644.7798461914062,138430.0
2025-03-11,666.25,683.9500122070312,643.2999877929688,649.2000122070312,628.279296875,89916.0
2025-03-12,649.7000122070312,664.5999755859375,617.1500244140625,628.2999877929688,608.0527954101562,94936.0
2025-03-13,632.4000244140625,639.0,606.1500244140625,614.0499877929688,594.261962890625,65516.0
2025-03-17,615.9500122070312,629.0,586.8499755859375,605.1500244140625,585.6488037109375,55447.0
2025-03-18,605.1500244140625,605.1500244140625,605.1500244140625,605.1500244140625,585.6488037109375,0.0
2025-03-19,667.1500244140625,667.1500244140625,654.9500122070312,667.1500244140625,645.65087890625,25191.0
2025-03-20,686.0,700.0,656.5499877929688,674.5,652.7640380859375,205467.0
2025-03-21,689.9500122070312,693.9000244140625,666.2000122070312,672.2000122070312,650.5381469726562,68177.0
2025-03-24,682.4000244140625,695.4000244140625,670.25,673.25,651.5542602539062,74572.0
2025-03-25,675.0,680.4500122070312,639.5999755859375,648.6500244140625,627.7470703125,138279.0
2025-03-26,648.6500244140625,663.5,640.25,642.75,622.0370483398438,85293.0
2025-03-27,645.0,674.0,634.0499877929688,667.2999877929688,645.7960205078125,111561.0
2025-03-28,662.0,677.5499877929688,650.0999755859375,656.2999877929688,635.1504516601562,55398.0
2025-04-01,642.0,689.0999755859375,642.0,672.0499877929688,650.3928833007812,50887.0
2025-04-02,668.25,705.6500244140625,656.7999877929688,705.2999877929688,682.5714721679688,90844.0
2025-04-03,700.2999877929688,740.5499877929688,694.8499755859375,740.5499877929688,716.6854858398438,273880.0
2025-04-04,765.0,773.2999877929688,725.5499877929688,743.2000122070312,719.2500610351562,355017.0
2025-04-07,625.0,704.0,625.0,694.25,671.8775634765625,151198.0
2025-04-08,729.0,729.0,684.4000244140625,687.75,665.5869140625,80665.0
2025-04-09,688.0,694.9500122070312,656.4000244140625,666.6500244140625,645.1669921875,46165.0
2025-04-11,704.0,724.4000244140625,685.5499877929688,693.7999877929688,671.4420166015625,71316.0
2025-04-15,700.0,746.0,700.0,737.1500244140625,713.3950805664062,122280.0
2025-04-16,748.9000244140625,748.9000244140625,728.0,736.5,712.7660522460938,63597.0
2025-04-17,738.4000244140625,747.8499755859375,730.2000122070312,732.7000122070312,709.0885009765625,41958.0
2025-04-21,737.7000122070312,747.7000122070312,728.2000122070312,735.5499877929688,711.8466186523438,56640.0
2025-04-22,738.5,743.0,724.3499755859375,732.6500244140625,709.0401000976562,60782.0
2025-04-23,740.5,754.9000244140625,712.6500244140625,751.4000244140625,727.1859130859375,217358.0
2025-04-24,754.9000244140625,754.9000244140625,725.0999755859375,734.5999755859375,710.92724609375,104664.0
2025-04-25,734.7999877929688,738.0,684.0,707.9500122070312,685.1360473632812,146090.0
2025-04-28,700.0499877929688,718.9000244140625,695.4500122070312,704.4500122070312,681.7488403320312,66454.0
2025-04-29,707.9000244140625,710.0499877929688,678.9500122070312,684.6500244140625,662.5869750976562,68886.0
2025-04-30,685.0,687.2999877929688,652.4000244140625,667.9000244140625,646.376708984375,101712.0
2025-05-02,668.0,691.9000244140625,663.6500244140625,671.3499755859375,649.7154541015625,53136.0
2025-05-05,665.0,694.0,664.0499877929688,679.0999755859375,657.2156982421875,28512.0
2025-05-06,683.0,687.9500122070312,645.2000122070312,648.5499877929688,627.6502075195312,43995.0
2025-05-07,652.0,726.7999877929688,651.9000244140625,679.3499755859375,657.4575805664062,435875.0
2025-05-08,682.9000244140625,697.4500122070312,652.25,658.1500244140625,636.94091796875,138510.0
2025-05-09,651.0,656.9500122070312,635.9500122070312,651.2999877929688,630.3115844726562,76338.0
2025-05-12,684.9500122070312,712.2999877929688,670.6500244140625,701.7000122070312,679.0874633789062,172571.0
2025-05-13,700.0,736.7999877929688,693.3499755859375,708.7999877929688,685.9586791992188,216011.0
2025-05-14,713.9500122070312,737.9000244140625,710.0,734.0999755859375,710.443359375,121129.0
2025-05-15,735.9500122070312,742.7000122070312,722.4500122070312,726.9000244140625,703.475341796875,71775.0
2025-05-16,729.9500122070312,738.0,720.0999755859375,724.4500122070312,701.1043090820312,81837.0
2025-05-19,750.0,798.0,740.0,783.0999755859375,757.8643188476562,541273.0
2025-05-20,794.0,799.0,746.2000122070312,751.1500244140625,726.9439697265625,153401.0
2025-05-21,749.0,769.0999755859375,739.0499877929688,763.0499877929688,738.4603881835938,135403.0
2025-05-22,747.5999755859375,763.0,747.5999755859375,753.0499877929688,728.7825927734375,57211.0
2025-05-23,760.0,780.0,748.6500244140625,758.75,734.2990112304688,121266.0
2025-05-26,752.0,767.9500122070312,752.0,755.0999755859375,730.7666015625,50158.0
2025-05-27,755.0999755859375,760.0499877929688,734.75,737.25,713.4918823242188,77724.0
2025-05-28,743.1500244140625,749.9500122070312,724.5999755859375,738.2999877929688,714.5079956054688,162474.0
2025-05-29,744.9500122070312,744.9500122070312,724.0999755859375,728.4500122070312,704.9754638671875,62135.0
2025-05-30,730.0,732.0499877929688,715.7000122070312,718.4500122070312,695.2977294921875,51033.0
2025-06-02,711.0,740.9500122070312,705.0,735.7999877929688,712.088623046875,177323.0
2025-06-03,736.0,736.0,712.2000122070312,714.25,691.2330322265625,87138.0
2025-06-04,715.0,723.8499755859375,703.25,707.4000244140625,684.603759765625,113769.0
2025-06-05,710.2000122070312,719.4000244140625,702.2000122070312,704.3499755859375,681.6519775390625,52643.0
2025-06-06,708.9500122070312,710.8499755859375,691.6500244140625,696.9500122070312,674.4905395507812,80256.0
2025-06-09,700.0,710.0,697.2999877929688,702.2999877929688,679.6681518554688,61814.0
2025-06-10,707.7999877929688,746.0,702.8499755859375,735.9000244140625,712.1852416992188,254330.0
2025-06-11,742.0,751.0,721.0,727.5,704.0560302734375,146015.0
2025-06-12,731.0499877929688,734.0,704.0499877929688,708.5499877929688,685.7166748046875,76980.0
2025-06-13,694.8499755859375,708.0,686.0,701.4500122070312,678.8455200195312,72205.0
2025-06-16,704.9500122070312,706.6500244140625,689.7000122070312,700.0,677.4422607421875,52642.0
2025-06-17,700.0,719.9000244140625,692.9000244140625,695.3499755859375,672.9420776367188,73464.0
2025-06-18,699.0,703.75,688.0,690.5499877929688,668.2967529296875,33432.0
2025-06-19,685.0999755859375,693.0,660.0,665.25,643.81201171875,97301.0
2025-06-20,665.0,683.7999877929688,657.0499877929688,670.7000122070312,649.0864868164062,60112.0
2025-06-23,660.0,677.2000122070312,660.0,667.1500244140625,645.65087890625,72575.0
2025-06-24,677.0,692.5999755859375,676.5999755859375,681.5,659.5384521484375,56288.0
2025-06-25,684.0,698.0,681.8499755859375,694.0499877929688,671.6839599609375,46079.0
2025-06-26,697.0,714.0999755859375,694.0999755859375,699.6500244140625,677.1035766601562,134440.0
2025-06-27,699.6500244140625,708.7000122070312,696.0999755859375,698.3499755859375,675.8453979492188,34393.0
2025-06-30,702.5,710.7999877929688,701.4000244140625,706.5,683.7327880859375,48361.0
2025-07-01,710.0,710.0,696.0499877929688,703.3499755859375,680.6842651367188,45510.0
2025-07-02,705.0,709.4500122070312,690.0999755859375,694.0999755859375,671.7323608398438,37897.0
2025-07-03,694.9000244140625,709.0,685.0499877929688,706.25,683.4907836914062,60341.0
2025-07-04,713.9500122070312,722.4500122070312,708.0,713.75,690.7491455078125,103958.0
2025-07-07,713.5,714.75,695.0,700.0999755859375,677.5390014648438,37544.0
2025-07-08,712.0,790.0,710.4000244140625,732.7999877929688,709.1852416992188,3502491.0
2025-07-09,740.0,754.2999877929688,738.0499877929688,742.6500244140625,718.7178344726562,259212.0
2025-07-10,748.7000122070312,750.0499877929688,727.0,729.7000122070312,706.1851196289062,112628.0
2025-07-11,730.7000122070312,737.75,717.0,720.4500122070312,697.2332763671875,62938.0
2025-07-14,716.1500244140625,728.0,713.0999755859375,722.2000122070312,698.9268798828125,63347.0
2025-07-15,724.9000244140625,736.3499755859375,720.0,722.6500244140625,699.3623046875,54521.0
2025-07-16,723.0999755859375,732.7000122070312,716.5999755859375,720.25,697.0396728515625,74990.0
2025-07-17,726.9500122070312,732.9500122070312,721.0,723.9500122070312,700.6204223632812,49019.0
2025-07-18,729.0,734.0,711.7000122070312,716.6500244140625,693.5556640625,55816.0
2025-07-21,714.4000244140625,728.0,705.2999877929688,723.5499877929688,700.2332763671875,61222.0
2025-07-22,722.0,724.75,708.0,709.9000244140625,691.8038940429688,56624.0
2025-07-23,714.9000244140625,714.9000244140625,700.6500244140625,707.2000122070312,689.1726684570312,52474.0
2025-07-24,707.0,729.5,707.0,720.7000122070312,702.3285522460938,74874.0
2025-07-25,720.0499877929688,722.1500244140625,687.0999755859375,691.0499877929688,673.434326171875,84583.0
2025-07-28,691.0499877929688,696.5999755859375,652.0,660.0499877929688,643.2245483398438,118513.0
2025-07-29,662.0,683.0,662.0,677.6500244140625,660.3759765625,151188.0
2025-07-30,680.9500122070312,680.9500122070312,628.5999755859375,645.8499755859375,629.3865356445312,406193.0
2025-07-31,639.4000244140625,640.8499755859375,625.9500122070312,629.0499877929688,613.0147705078125,94403.0
2025-08-01,626.5,638.8499755859375,610.0,613.0,597.3739013671875,61191.0
2025-08-04,620.0,622.8499755859375,608.2999877929688,613.2000122070312,597.5689086914062,52496.0
2025-08-05,613.25,622.7999877929688,612.0,616.4000244140625,600.6873168945312,23098.0
2025-08-06,616.0,621.75,592.1500244140625,597.1500244140625,581.9280395507812,64917.0
2025-08-07,588.2000122070312,611.1500244140625,580.8499755859375,596.75,581.5381469726562,81646.0
2025-08-08,599.9000244140625,603.2000122070312,580.0,583.3499755859375,568.4796142578125,52927.0
2025-08-11,582.0,585.0499877929688,568.0999755859375,581.7999877929688,566.96923828125,75223.0
2025-08-12,584.9000244140625,603.0,572.0,575.3499755859375,560.6836547851562,69323.0
2025-08-13,575.9000244140625,585.0,573.0999755859375,581.75,566.9204711914062,36993.0
2025-08-14,584.0,588.0,555.0999755859375,569.7000122070312,555.177734375,67744.0
2025-08-18,571.7999877929688,600.25,571.7999877929688,595.25,580.0764770507812,66148.0
2025-08-19,599.0,637.2999877929688,598.0,630.7000122070312,614.6227416992188,200368.0
2025-08-20,633.0,634.0,620.0,622.2000122070312,606.3394165039062,41829.0
2025-08-21,624.5,637.7999877929688,620.0999755859375,623.0,607.1190795898438,47201.0
2025-08-22,620.2000122070312,624.0499877929688,611.5499877929688,614.25,598.592041015625,26593.0
2025-08-25,619.0,639.7000122070312,607.0,633.1500244140625,617.01025390625,112338.0
2025-08-26,630.0,633.0,614.7000122070312,621.1500244140625,605.316162109375,44445.0
2025-08-28,615.0,618.0999755859375,605.0,608.4000244140625,592.8912353515625,38049.0
2025-08-29,611.5999755859375,630.0,610.0499877929688,614.7999877929688,599.1280517578125,46364.0
2025-09-01,615.5,625.0,612.4500122070312,619.1500244140625,603.3671875,20880.0
2025-09-02,626.0,639.0,623.0,633.9000244140625,617.7412109375,37039.0
2025-09-03,633.9000244140625,669.2999877929688,631.0499877929688,660.5,643.6631469726562,104248.0
2025-09-04,663.0,664.2000122070312,647.4500122070312,656.9500122070312,640.20361328125,54311.0
2025-09-05,656.9500122070312,665.0,645.5,659.7999877929688,642.9808959960938,30001.0
2025-09-08,664.0,664.0,648.25,652.2999877929688,635.672119140625,32300.0
2025-09-09,652.2999877929688,659.0,641.9500122070312,653.7999877929688,637.1339111328125,18368.0
2025-09-10,657.5,685.4000244140625,656.0,671.3499755859375,654.2365112304688,94039.0
2025-09-11,674.0,678.4000244140625,664.7999877929688,674.9000244140625,657.6961059570312,62413.0
2025-09-12,674.9000244140625,682.5999755859375,668.0999755859375,673.0,655.8444213867188,36882.0
2025-09-15,676.5,680.0,669.5,676.75,659.4988403320312,31971.0
2025-09-16,677.0999755859375,715.0,673.5,683.0499877929688,665.6383056640625,201345.0
2025-09-17,688.5,698.2000122070312,683.9500122070312,694.2999877929688,676.6015014648438,70360.0
2025-09-18,695.0,702.7999877929688,685.0,691.0499877929688,673.434326171875,35444.0
2025-09-19,690.0,692.4500122070312,680.0,681.6500244140625,664.2739868164062,22814.0
2025-09-22,688.0,693.5,667.25,672.9500122070312,655.7957153320312,34667.0
2025-09-23,671.0,678.4500122070312,669.0499877929688,671.0,653.8954467773438,15476.0
2025-09-24,673.7000122070312,677.0,665.0,669.1500244140625,652.0925903320312,15579.0
2025-09-25,663.5499877929688,675.0,663.5499877929688,670.7999877929688,653.7005615234375,22584.0
2025-09-26,665.0,665.2999877929688,641.3499755859375,648.2999877929688,631.7741088867188,28653.0
2025-09-29,645.0,657.0499877929688,640.0,645.6500244140625,629.191650390625,25537.0
2025-09-30,650.0,655.6500244140625,645.9500122070312,651.2000122070312,634.6001586914062,17885.0
2025-10-01,655.0,656.0,645.0,651.4500122070312,634.84375,21536.0
2025-10-03,650.7999877929688,699.5999755859375,650.7999877929688,696.0499877929688,678.306884765625,128197.0
2025-10-06,695.0,729.9000244140625,690.1500244140625,714.3499755859375,696.140380859375,214521.0
2025-10-07,714.9500122070312,754.0,707.4500122070312,748.5499877929688,729.4685668945312,345926.0
2025-10-08,749.7999877929688,764.4500122070312,732.0,734.8499755859375,716.1178588867188,116950.0
2025-10-09,730.0,753.0499877929688,730.0,738.5,719.6747436523438,78568.0
2025-10-10,738.0999755859375,742.0,725.7000122070312,728.5999755859375,710.0271606445312,30793.0
2025-10-13,720.0,724.7999877929688,710.0,718.1500244140625,699.8436279296875,44431.0
2025-10-14,718.0,737.7999877929688,710.0999755859375,714.0999755859375,695.8967895507812,52889.0
2025-10-15,715.0,757.2000122070312,715.0,726.4000244140625,707.88330078125,162739.0
2025-10-16,729.25,753.9000244140625,729.2000122070312,746.7999877929688,727.76318359375,93312.0
2025-10-17,745.0,753.1500244140625,735.1500244140625,744.1500244140625,725.1807861328125,54782.0
2025-10-20,746.1500244140625,752.8499755859375,738.0,746.9500122070312,727.9093627929688,61295.0
2025-10-21,753.0,753.0,746.9500122070312,750.7000122070312,731.5637817382812,19560.0
2025-10-23,760.0,780.0,746.25,752.0499877929688,732.8793334960938,146472.0
2025-10-24,748.5,751.7999877929688,725.0,731.8499755859375,713.1942749023438,58813.0
2025-10-27,734.0999755859375,740.6500244140625,727.6500244140625,729.9500122070312,711.3427124023438,49446.0
2025-10-28,728.0,765.0,728.0,757.5999755859375,738.2879638671875,89315.0
2025-10-29,758.0,765.8499755859375,749.5,755.7999877929688,736.5337524414062,56793.0
2025-10-30,756.0,770.0,750.5,757.5499877929688,738.2391967773438,75568.0
2025-10-31,765.0,765.0,747.5499877929688,751.4000244140625,732.2459716796875,86710.0
2025-11-03,746.5999755859375,778.0,746.5999755859375,773.2999877929688,753.5877075195312,198391.0
2025-11-04,771.0,848.7999877929688,760.0,826.3499755859375,805.2853393554688,1952849.0
2025-11-06,820.0,820.0,775.0,790.3499755859375,770.2030639648438,583982.0
2025-11-07,784.5,796.6500244140625,766.2999877929688,781.9000244140625,761.968505859375,216836.0
2025-11-10,798.9500122070312,836.7000122070312,774.7000122070312,781.5499877929688,761.62744140625,322549.0
2025-11-11,775.0499877929688,785.2000122070312,757.75,764.0499877929688,748.40380859375,158462.0
2025-11-12,767.9000244140625,810.0,767.9000244140625,799.9500122070312,783.5686645507812,206907.0
2025-11-13,803.0,803.6500244140625,774.0,780.2999877929688,764.321044921875,121955.0
2025-11-14,779.8499755859375,792.9500122070312,776.4500122070312,790.1500244140625,773.9693603515625,112035.0
2025-11-17,793.2999877929688,810.0,784.0999755859375,792.7000122070312,776.4671020507812,230630.0
2025-11-18,799.7999877929688,799.7999877929688,771.0999755859375,773.6500244140625,757.8073120117188,96046.0
2025-11-19,778.0,778.5999755859375,752.5999755859375,760.4500122070312,744.8775634765625,72809.0
2025-11-20,769.7000122070312,786.0,764.5,783.0499877929688,767.0147705078125,159340.0
2025-11-21,780.0,780.0,754.6500244140625,761.9000244140625,746.2978515625,61513.0
2025-11-24,765.0,765.0,740.25,743.0499877929688,727.8338623046875,57324.0
2025-11-25,743.0499877929688,751.2000122070312,735.0999755859375,737.5,722.3975219726562,50883.0
2025-11-26,743.0,749.7999877929688,732.0999755859375,738.5499877929688,723.4259643554688,54466.0
2025-11-27,742.7000122070312,742.7000122070312,705.0499877929688,707.9500122070312,693.45263671875,121097.0
2025-11-28,710.0,722.1500244140625,695.9500122070312,719.7000122070312,704.9619750976562,202205.0
2025-12-01,729.0,729.0,699.0999755859375,704.0,689.5835571289062,58305.0
2025-12-02,706.0499877929688,708.0,695.0,701.5999755859375,687.232666015625,38938.0
2025-12-03,707.0,707.0,687.0999755859375,692.5,678.3190307617188,39635.0
2025-12-04,694.3499755859375,696.3499755859375,681.0999755859375,685.5,671.4623413085938,37370.0
2025-12-05,685.4500122070312,685.4500122070312,651.0499877929688,666.0,652.3616943359375,92312.0
2025-12-08,673.7999877929688,679.9500122070312,652.0499877929688,657.0499877929688,643.594970703125,46033.0
2025-12-09,655.25,674.5,639.9500122070312,671.25,657.504150390625,73894.0
2025-12-10,666.0,681.0,643.0,647.25,633.99560546875,88998.0
2025-12-11,652.4000244140625,655.5,638.0,647.0499877929688,633.7997436523438,68657.0
2025-12-12,648.7999877929688,662.4000244140625,646.0499877929688,650.0499877929688,636.73828125,47091.0
2025-12-15,652.75,656.0,642.9000244140625,652.2999877929688,638.9421997070312,26272.0
2025-12-16,652.0999755859375,652.2999877929688,638.0,639.8499755859375,626.7471923828125,31223.0
2025-12-17,639.8499755859375,641.6500244140625,630.5999755859375,633.75,620.7720947265625,55994.0
2025-12-18,630.0,630.0,617.9000244140625,620.4500122070312,607.7445068359375,39256.0
2025-12-19,625.0,634.7999877929688,621.5499877929688,631.7999877929688,618.862060546875,35515.0
2025-12-22,630.0499877929688,639.75,624.3499755859375,627.7999877929688,614.9439697265625,42430.0
2025-12-23,629.5,639.0,626.0,633.5999755859375,620.6251220703125,62429.0
2025-12-24,645.0,655.0,642.0,649.0499877929688,635.7587890625,106563.0
2025-12-26,650.5999755859375,654.4000244140625,646.1500244140625,648.1500244140625,634.8772583007812,25423.0
2025-12-29,648.0,650.0499877929688,624.5999755859375,631.5999755859375,618.6660766601562,42125.0
2025-12-30,635.0,635.0,624.0,629.1500244140625,616.266357421875,26506.0
2025-12-31,630.8499755859375,636.2999877929688,626.4500122070312,632.25,619.3028564453125,30211.0
2026-01-01,638.0,638.0,621.0,631.5999755859375,618.6660766601562,27467.0
2026-01-02,632.0,643.0,629.2000122070312,637.9500122070312,624.8861083984375,34623.0
2026-01-05,636.0,639.5499877929688,622.1500244140625,625.5999755859375,612.7890014648438,41114.0
2026-01-06,621.5,627.7000122070312,601.0,607.3499755859375,594.9127197265625,71751.0
2026-01-07,607.3499755859375,614.7000122070312,603.0,607.4000244140625,594.9617309570312,66645.0
2026-01-08,607.4000244140625,615.4500122070312,592.5,597.9500122070312,585.7052001953125,56429.0
2026-01-09,600.5999755859375,601.2000122070312,582.4000244140625,585.0499877929688,573.0693359375,72983.0
2026-01-12,585.0499877929688,608.4000244140625,571.2999877929688,593.5,581.3463745117188,53207.0
2026-01-13,595.25,613.7999877929688,592.2999877929688,610.2999877929688,597.8023071289062,41130.0
2026-01-14,611.0,611.8499755859375,600.1500244140625,606.0999755859375,593.6882934570312,49343.0
2026-01-15,606.0999755859375,606.0999755859375,606.0999755859375,606.0999755859375,593.6882934570312,0.0
2026-01-16,607.2999877929688,617.1500244140625,600.0,602.0,589.6723022460938,44729.0
2026-01-19,594.0,601.9500122070312,583.1500244140625,585.0499877929688,573.0693359375,61540.0
2026-01-20,584.7000122070312,587.4000244140625,560.3499755859375,565.75,554.1646118164062,48908.0
2026-01-21,561.0,589.0,548.7999877929688,573.9000244140625,562.1477661132812,69409.0
2026-01-22,575.0999755859375,590.0,570.0,574.6500244140625,562.88232421875,49290.0
2026-01-23,578.9500122070312,584.8499755859375,558.8499755859375,561.25,549.7567749023438,34285.0
2026-01-27,570.0999755859375,572.4500122070312,550.6500244140625,557.0999755859375,545.6917114257812,70168.0
2026-01-28,550.0,560.0999755859375,501.25,521.8499755859375,511.16357421875,539814.0
2026-01-29,520.8499755859375,525.0499877929688,494.1000061035156,505.6499938964844,495.2953186035156,189474.0
2026-01-30,505.95001220703125,534.7999877929688,499.5,521.2999877929688,510.62481689453125,115577.0
2026-02-02,514.4500122070312,516.0,496.3999938964844,509.8999938964844,502.3492431640625,54077.0
2026-02-03,575.0,582.4000244140625,533.3499755859375,572.4000244140625,563.9237670898438,540749.0
2026-02-04,569.0499877929688,605.0,560.0,596.25,587.4205322265625,209400.0
2026-02-05,595.0,598.9500122070312,563.0999755859375,566.7999877929688,558.4066162109375,114600.0
2026-02-06,558.0,567.1500244140625,555.0499877929688,560.4500122070312,552.1506958007812,44368.0
2026-02-09,567.9000244140625,586.7999877929688,560.0,581.7999877929688,573.1845092773438,276220.0
2026-02-10,573.3499755859375,584.0,571.5499877929688,577.5999755859375,569.0466918945312,78601.0
2026-02-11,578.0,578.1500244140625,562.2000122070312,572.0,563.5296630859375,52314.0
2026-02-12,574.7999877929688,583.0,562.4500122070312,576.25,567.7166748046875,58668.0
2026-02-13,573.0,584.7999877929688,558.3499755859375,570.8499755859375,562.3966674804688,80902.0
2026-02-16,561.2999877929688,567.7999877929688,555.2000122070312,559.0499877929688,550.7713623046875,35583.0
2026-02-17,554.5,578.0,552.5499877929688,572.5999755859375,564.1207275390625,37555.0
2026-02-18,572.5,575.2999877929688,555.0999755859375,558.4500122070312,550.1802978515625,58113.0
2026-02-19,558.4500122070312,564.4000244140625,542.0999755859375,548.9000244140625,540.771728515625,31348.0
2026-02-20,547.2000122070312,553.5,540.0,551.7000122070312,543.5302734375,27629.0
2026-02-23,556.75,564.75,543.0,548.2000122070312,540.0820922851562,35772.0
2026-02-24,550.0,550.0,535.3499755859375,539.9500122070312,531.9542236328125,33820.0
2026-02-25,538.0,546.2000122070312,530.5999755859375,535.2000122070312,527.2745971679688,42354.0
2026-02-26,535.75,542.9500122070312,530.5499877929688,533.8499755859375,525.9445190429688,22195.0
2026-02-27,533.0499877929688,541.9500122070312,530.0999755859375,531.5499877929688,523.6785888671875,21899.0
2026-03-02,505.0,525.0,505.0,520.9000244140625,513.1864013671875,45931.0
2026-03-04,508.0,543.9500122070312,506.0,516.2000122070312,508.5559387207031,87189.0
2026-03-05,519.9000244140625,531.0,505.70001220703125,521.2000122070312,513.48193359375,81274.0
2026-03-06,518.5999755859375,525.25,509.0,510.29998779296875,502.7432861328125,36382.0
2026-03-09,503.04998779296875,507.8999938964844,484.29998779296875,493.5,486.19207763671875,68257.0
2026-03-10,497.79998779296875,513.0,490.20001220703125,498.1000061035156,490.7239990234375,70567.0
2026-03-11,499.8500061035156,511.54998779296875,496.1000061035156,497.6000061035156,490.23138427734375,58539.0
2026-03-12,494.5,507.3999938964844,483.0,497.5,490.1328430175781,72187.0
2026-03-13,497.5,500.0,485.0,485.8500061035156,478.6553649902344,56241.0
2026-03-16,485.8500061035156,490.1000061035156,467.3999938964844,474.45001220703125,467.4242248535156,72485.0
2026-03-17,476.0,479.3999938964844,470.29998779296875,472.95001220703125,465.9464111328125,57985.0
2026-03-18,477.1499938964844,495.45001220703125,471.0,490.8500061035156,483.5813293457031,72654.0
2026-03-19,484.0,489.20001220703125,468.3500061035156,471.29998779296875,464.3208312988281,45426.0
2026-03-20,472.0,486.70001220703125,472.0,475.3500061035156,468.3108825683594,37877.0
2026-03-23,472.5,481.3999938964844,455.20001220703125,468.8999938964844,461.9563903808594,436369.0
2026-03-24,473.0,496.8999938964844,465.3500061035156,483.25,476.0938720703125,90115.0
2026-03-25,488.1000061035156,498.0,483.6000061035156,490.70001220703125,483.4335632324219,89696.0
2026-03-27,490.0,490.6499938964844,456.0,459.6000061035156,452.7940979003906,154367.0
2026-03-30,452.0,468.0,433.3500061035156,435.79998779296875,429.3465270996094,127124.0
2026-04-01,442.04998779296875,478.0,442.04998779296875,473.8999938964844,466.88232421875,54982.0
2026-04-02,469.0,483.6000061035156,454.0,480.20001220703125,473.08905029296875,62277.0
2026-04-06,489.8999938964844,508.3999938964844,472.8500061035156,506.5,498.99957275390625,95245.0
2026-04-07,507.5,515.9500122070312,498.0,511.8500061035156,504.2703552246094,69963.0
2026-04-08,524.0999755859375,541.2999877929688,513.4000244140625,537.2999877929688,529.343505859375,120313.0
2026-04-09,536.5,539.7999877929688,523.1500244140625,525.3499755859375,517.5703735351562,73974.0
2026-04-10,535.0,537.5,525.3499755859375,532.2000122070312,524.3190307617188,74110.0
2026-04-13,529.5499877929688,535.0,510.0,524.0499877929688,516.2896728515625,34261.0
2026-04-15,535.0,548.0,531.5999755859375,544.0999755859375,536.0427856445312,45862.0
2026-04-16,548.4000244140625,554.9000244140625,534.0,541.7000122070312,533.6783447265625,38179.0
2026-04-17,544.7999877929688,551.0,537.0,544.25,536.1905517578125,29608.0
2026-04-20,547.1500244140625,570.0499877929688,535.4000244140625,560.2999877929688,552.0028686523438,72401.0
2026-04-21,561.5499877929688,582.2999877929688,557.0999755859375,575.2999877929688,566.78076171875,132323.0
2026-04-22,571.0,579.0,563.3499755859375,576.0499877929688,567.5196533203125,48832.0
2026-04-23,576.0499877929688,595.0,568.5999755859375,588.5999755859375,579.8837890625,113731.0
2026-04-24,594.8499755859375,594.8499755859375,560.3499755859375,564.75,556.3870239257812,56712.0
2026-04-27,564.75,580.8499755859375,564.75,567.5999755859375,559.19482421875,64089.0
2026-04-28,568.0,582.0,568.0,576.0499877929688,567.5196533203125,51289.0
2026-04-29,570.5,591.0999755859375,570.5,578.0499877929688,569.4900512695312,57515.0
2026-04-30,573.0,574.7999877929688,564.0999755859375,569.0499877929688,560.6233520507812,32530.0
2026-05-01,569.0499877929688,569.0499877929688,569.0499877929688,569.0499877929688,560.6233520507812,0.0
2026-05-04,574.7000122070312,594.7999877929688,570.0,580.6500244140625,572.0515747070312,101249.0
2026-05-05,583.5999755859375,588.3499755859375,558.4000244140625,575.75,567.22412109375,108151.0
2026-05-06,576.0999755859375,579.5,561.0,569.5499877929688,561.1159057617188,116651.0
2026-05-07,571.5499877929688,610.0,570.7000122070312,601.1500244140625,592.248046875,255471.0
2026-05-08,607.0,612.0,592.3499755859375,594.5499877929688,585.7457275390625,93773.0
2026-05-11,585.5,594.9000244140625,576.7000122070312,584.25,575.5982666015625,72060.0
2026-05-12,583.0,583.0,558.4500122070312,560.75,552.4462280273438,55136.0
2026-05-13,563.0,570.0,555.4500122070312,558.7000122070312,550.4265747070312,39051.0
2026-05-14,559.9000244140625,567.5999755859375,542.0999755859375,548.4000244140625,540.2791748046875,52983.0
2026-05-15,549.0,583.0,544.0999755859375,572.9500122070312,564.4656372070312,102341.0
2026-05-18,585.0,605.7000122070312,575.0,602.0,593.0853881835938,509137.0
2026-05-19,602.0,618.7999877929688,597.0,611.7000122070312,602.6417846679688,313522.0
2026-05-20,600.0,600.0,570.0999755859375,573.25,564.7611694335938,581991.0
2026-05-21,584.4000244140625,598.9500122070312,574.5499877929688,590.75,582.0020141601562,372211.0
2026-05-22,599.0,599.9000244140625,589.0,593.4500122070312,584.6619873046875,102326.0
2026-05-25,595.0,609.0,593.4500122070312,601.7000122070312,596.8125,166909.0
2026-05-26,601.7000122070312,606.0,587.9000244140625,591.0499877929688,586.2490234375,70473.0
2026-05-27,592.75,593.9000244140625,576.0999755859375,579.75,575.0408325195312,71598.0
2026-05-28,579.75,579.75,579.75,579.75,575.0408325195312,0.0
2026-05-29,582.0499877929688,588.5999755859375,570.6500244140625,573.5999755859375,568.9407348632812,72542.0
2026-06-01,589.8499755859375,599.0,570.0999755859375,575.5999755859375,570.9244995117188,134149.0
2026-06-02,571.0,585.75,567.0,584.1500244140625,579.4050903320312,58296.0
2026-06-03,589.0,594.0499877929688,580.3499755859375,592.2999877929688,587.4888305664062,60827.0
2026-06-04,572.2999877929688,633.4500122070312,572.2999877929688,621.3499755859375,616.3028564453125,313085.0
2026-06-05,624.4500122070312,630.5499877929688,607.5999755859375,615.6500244140625,610.6492309570312,73506.0
2026-06-08,605.0,626.0,593.5999755859375,605.9500122070312,601.0280151367188,103756.0
2026-06-09,606.5499877929688,637.7000122070312,606.5499877929688,628.8499755859375,623.741943359375,109681.0
2026-06-10,628.8499755859375,638.7999877929688,602.4000244140625,606.3499755859375,601.4247436523438,91828.0
2026-06-11,605.9000244140625,616.4500122070312,594.0499877929688,600.8499755859375,595.9693603515625,44869.0
2026-06-12,615.4500122070312,622.1500244140625,605.5,617.9500122070312,612.9305419921875,47148.0
2026-06-15,630.0,638.9500122070312,620.4000244140625,632.5,627.3623046875,85673.0
2026-06-16,638.7999877929688,638.7999877929688,622.0,627.2000122070312,622.1054077148438,31757.0
2026-06-17,629.7000122070312,635.7000122070312,607.0499877929688,615.0499877929688,610.0540771484375,80054.0
2026-06-18,623.0,647.0,620.0,638.7999877929688,633.6111450195312,109880.0
2026-06-19,635.5499877929688,639.4000244140625,626.0499877929688,631.5999755859375,626.4696044921875,47821.0
2026-06-22,645.0,646.0,625.9500122070312,630.5499877929688,625.4281616210938,42900.0
2026-06-23,635.0,635.0,618.0,621.5999755859375,616.5508422851562,46682.0
2026-06-24,622.75,645.0,620.5999755859375,636.7999877929688,631.6273803710938,98793.0
2026-06-25,641.2999877929688,668.0999755859375,637.0999755859375,645.2999877929688,640.058349609375,253374.0
2026-06-26,645.2999877929688,645.2999877929688,645.2999877929688,645.2999877929688,640.058349609375,0.0
2026-06-29,645.2999877929688,650.2000122070312,632.3499755859375,635.7999877929688,630.635498046875,43962.0
2026-06-30,635.7999877929688,646.3499755859375,631.4000244140625,638.1500244140625,632.9664306640625,32253.0
2026-07-01,640.0,651.0,632.0499877929688,636.8499755859375,631.6769409179688,56976.0
2026-07-02,641.4000244140625,643.4500122070312,624.0,633.7999877929688,628.6517333984375,40750.0
2026-07-03,634.3499755859375,648.7999877929688,633.7999877929688,638.9000244140625,633.7103881835938,47545.0
2026-07-06,638.9000244140625,641.0999755859375,625.2999877929688,629.1500244140625,624.03955078125,33938.0
2026-07-07,625.8499755859375,645.0,608.5999755859375,630.2999877929688,625.18017578125,159647.0
2026-07-08,621.4500122070312,634.9500122070312,605.0,611.5499877929688,606.5824584960938,44349.0
2026-07-09,611.9500122070312,641.4500122070312,611.9500122070312,635.0,629.842041015625,69429.0
2026-07-10,644.75,647.7000122070312,632.7000122070312,645.0,639.7608032226562,37475.0
2026-07-13,640.1500244140625,655.0499877929688,635.0999755859375,649.5999755859375,644.3234252929688,67345.0
2026-07-14,647.9500122070312,655.0,636.5,647.2999877929688,642.0421142578125,64345.0
2026-07-15,650.5,656.0999755859375,636.0999755859375,639.4000244140625,634.206298828125,34607.0
2026-07-16,641.6500244140625,647.9500122070312,625.5999755859375,630.4500122070312,625.3289794921875,29795.0
2026-07-17,628.0999755859375,639.0,616.0999755859375,631.4500122070312,626.3208618164062,39213.0
2026-07-20,632.0,659.5,629.7999877929688,644.7999877929688,639.5623779296875,113530.0
2026-07-21,643.0,645.2999877929688,633.2000122070312,636.9000244140625,631.7266235351562,26987.0
2026-07-22,644.7999877929688,644.7999877929688,624.6500244140625,627.8499755859375,622.7500610351562,35183.0
2026-07-23,627.8499755859375,633.5999755859375,612.0,615.5499877929688,610.5499877929688,49163.0
2026-07-24,612.9500122070312,615.0,595.0499877929688,609.4500122070312,609.4500122070312,34666.0
2026-07-27,609.7000122070312,626.5999755859375,609.7000122070312,624.7000122070312,624.7000122070312,29239.0
2026-07-28,630.0,631.9000244140625,616.0,619.5999755859375,619.5999755859375,27311.0
2026-07-29,622.2999877929688,628.8499755859375,615.0,617.0499877929688,617.0499877929688,17623.0
2026-07-30,620.1500244140625,627.75,587.1500244140625,602.2999877929688,602.2999877929688,56545.0
2026-07-31,598.5,609.8499755859375,591.0,602.2999877929688,602.2999877929688,52033.0
2026-08-03,611.3499755859375,634.0,605.75,629.2999877929688,629.2999877929688,128794.0
2026-08-04,629.7000122070312,638.7999877929688,620.0,622.9000244140625,622.9000244140625,59367.0
2026-08-05,625.0,636.9000244140625,625.0,628.0,628.0,55413.0
2026-08-06,628.0,637.9000244140625,623.5,628.1500244140625,628.1500244140625,18900.0
2026-08-07,628.1500244140625,636.0,621.0499877929688,625.3499755859375,625.3499755859375,25073.0
2026-08-10,633.5499877929688,633.5499877929688,606.0,620.0,620.0,44216.0
2026-08-11,620.0,634.6500244140625,618.0499877929688,632.25,632.25,86951.0
2026-08-12,632.9000244140625,638.0,624.9000244140625,630.9000244140625,630.9000244140625,47589.0
2026-08-13,635.7000122070312,647.0,630.0,641.4000244140625,641.4000244140625,48625.0
2026-08-14,646.0999755859375,646.0999755859375,633.4000244140625,637.4000244140625,637.4000244140625,51075.0
2026-08-17,639.0,661.0,626.0,632.5999755859375,632.5999755859375,133073.0
2026-08-18,634.4500122070312,651.8499755859375,632.0,643.75,643.75,93139.0
2026-08-19,643.9500122070312,646.4500122070312,631.0,632.7999877929688,632.7999877929688,40379.0
2026-08-20,640.0,652.0,634.5499877929688,647.5499877929688,647.5499877929688,96914.0
2026-08-21,635.0,645.5,599.9500122070312,606.3499755859375,606.3499755859375,198798.0
2026-08-24,601.0,608.3499755859375,586.0999755859375,588.4500122070312,588.4500122070312,70809.0
2026-08-25,592.9500122070312,593.9500122070312,562.0999755859375,567.2000122070312,567.2000122070312,85777.0
2026-08-26,569.2000122070312,579.4500122070312,565.0,570.9000244140625,570.9000244140625,34898.0
2026-08-27,572.0499877929688,574.1500244140625,561.5499877929688,564.7999877929688,564.7999877929688,26972.0
2026-08-28,561.0999755859375,569.9500122070312,561.0999755859375,567.5499877929688,567.5499877929688,23148.0
2026-08-31,567.5499877929688,568.9500122070312,553.1500244140625,563.5499877929688,563.5499877929688,32641.0
2026-09-01,564.7000122070312,564.7000122070312,550.0999755859375,554.4500122070312,554.4500122070312,40245.0
2026-09-02,553.5499877929688,558.7000122070312,542.1500244140625,550.3499755859375,550.3499755859375,39032.0
2026-09-03,550.25,561.7999877929688,550.25,558.6500244140625,558.6500244140625,24396.0
2026-09-04,558.6500244140625,558.9000244140625,549.9500122070312,552.6500244140625,552.6500244140625,28594.0
2026-09-08,564.0499877929688,569.25,551.2000122070312,554.0499877929688,554.0499877929688,25896.0
2026-09-09,550.0999755859375,553.8499755859375,527.0999755859375,530.4500122070312,530.4500122070312,80328.0
2026-09-10,533.9000244140625,551.0,533.0999755859375,547.0,547.0,34024.0
2026-09-11,540.4500122070312,543.75,528.6500244140625,535.1500244140625,535.1500244140625,38397.0
2026-09-15,535.6500244140625,539.5999755859375,516.4000244140625,520.9500122070312,520.9500122070312,26519.0
