date,open,high,low,close,adjclose,volume
2021-09-15,116.80000305175781,117.0,113.30000305175781,114.0,114.0,634016.0
2021-09-16,114.55000305175781,117.0999984741211,111.30000305175781,112.3499984741211,112.3499984741211,882884.0
2021-09-17,113.1500015258789,113.55000305175781,107.0,108.05000305175781,108.05000305175781,1041871.0
2021-09-20,107.69999694824219,111.5,103.5,104.6500015258789,104.6500015258789,620202.0
2021-09-21,105.1500015258789,108.0,102.5,106.0999984741211,106.0999984741211,1088898.0
2021-09-22,105.55000305175781,109.30000305175781,105.55000305175781,108.19999694824219,108.19999694824219,396280.0
2021-09-23,108.80000305175781,112.0,107.5,109.44999694824219,109.44999694824219,677875.0
2021-09-24,111.6500015258789,119.4000015258789,108.69999694824219,114.8499984741211,114.8499984741211,2730395.0
2021-09-27,115.0,119.5,114.0999984741211,117.6500015258789,117.6500015258789,1177386.0
2021-09-28,117.5,117.69999694824219,112.3499984741211,113.55000305175781,113.55000305175781,560044.0
2021-09-29,112.0,116.19999694824219,112.0,113.5,113.5,540017.0
2021-09-30,113.4000015258789,130.25,113.4000015258789,127.1500015258789,127.1500015258789,7037248.0
2021-10-01,125.0,135.25,123.4000015258789,129.4499969482422,129.4499969482422,4644876.0
2021-10-04,130.0,134.8000030517578,126.55000305175781,132.5,132.5,1336019.0
2021-10-05,131.0,134.5,128.60000610351562,129.5500030517578,129.5500030517578,911046.0
2021-10-06,129.0,138.5,128.8000030517578,132.3000030517578,132.3000030517578,2238249.0
2021-10-07,133.1999969482422,134.4499969482422,128.3000030517578,129.39999389648438,129.39999389648438,744297.0
2021-10-08,128.6999969482422,137.1999969482422,128.6999969482422,131.8000030517578,131.8000030517578,1210676.0
2021-10-11,130.10000610351562,132.8000030517578,126.69999694824219,127.30000305175781,127.30000305175781,740094.0
2021-10-12,127.19999694824219,128.4499969482422,123.19999694824219,124.3499984741211,124.3499984741211,511872.0
2021-10-13,125.5999984741211,133.64999389648438,123.0,126.8499984741211,126.8499984741211,1236083.0
2021-10-14,127.9000015258789,129.75,125.1500015258789,125.55000305175781,125.55000305175781,501445.0
2021-10-18,127.0,132.9499969482422,126.05000305175781,131.0,131.0,1456599.0
2021-10-19,131.64999389648438,134.89999389648438,127.6500015258789,131.8000030517578,131.8000030517578,1489062.0
2021-10-20,131.6999969482422,131.6999969482422,125.19999694824219,127.5,127.5,768615.0
2021-10-21,128.0,129.60000610351562,123.0,123.80000305175781,123.80000305175781,502152.0
2021-10-22,124.0,129.5500030517578,117.0,119.80000305175781,119.80000305175781,1003745.0
2021-10-25,120.0,120.9000015258789,114.0,115.0,115.0,547359.0
2021-10-26,115.0,123.69999694824219,115.0,120.55000305175781,120.55000305175781,660168.0
2021-10-27,120.9000015258789,128.8000030517578,120.0999984741211,126.94999694824219,126.94999694824219,940378.0
2021-10-28,126.0,129.35000610351562,118.30000305175781,119.9000015258789,119.9000015258789,980413.0
2021-10-29,119.80000305175781,128.0,116.25,125.5999984741211,125.5999984741211,928090.0
2021-11-01,126.9000015258789,137.89999389648438,119.55000305175781,135.5,135.5,1961268.0
2021-11-02,134.0,135.5500030517578,128.5500030517578,129.8000030517578,129.8000030517578,894674.0
2021-11-03,130.5,134.8000030517578,128.0,128.85000610351562,128.85000610351562,798851.0
2021-11-04,128.85000610351562,130.0,128.5,129.3000030517578,129.3000030517578,154407.0
2021-11-08,130.0,132.3000030517578,127.44999694824219,130.3000030517578,130.3000030517578,466577.0
2021-11-09,130.5,139.60000610351562,130.0500030517578,136.35000610351562,136.35000610351562,1877314.0
2021-11-10,136.4499969482422,142.6999969482422,134.60000610351562,141.0,141.0,1616621.0
2021-11-11,142.0,144.3000030517578,135.0500030517578,137.8000030517578,137.8000030517578,1002499.0
2021-11-12,138.85000610351562,141.8000030517578,137.1999969482422,138.4499969482422,138.4499969482422,603232.0
2021-11-15,132.0,132.0,115.19999694824219,119.3499984741211,119.3499984741211,2222128.0
2021-11-16,120.0,123.1500015258789,115.5,117.5999984741211,117.5999984741211,953150.0
2021-11-17,118.44999694824219,119.05000305175781,115.05000305175781,116.25,116.25,514406.0
2021-11-18,116.69999694824219,118.44999694824219,108.30000305175781,109.55000305175781,109.55000305175781,965909.0
2021-11-22,109.75,115.25,106.0999984741211,112.4000015258789,112.4000015258789,934224.0
2021-11-23,111.9000015258789,118.0999984741211,110.0,115.05000305175781,115.05000305175781,675007.0
2021-11-24,115.9000015258789,117.19999694824219,111.5999984741211,112.19999694824219,112.19999694824219,518724.0
2021-11-25,112.25,114.8499984741211,112.0,112.30000305175781,112.30000305175781,232863.0
2021-11-26,110.0,111.8499984741211,106.8499984741211,107.30000305175781,107.30000305175781,386407.0
2021-11-29,107.0,107.0,98.69999694824219,99.6500015258789,99.6500015258789,766967.0
2021-11-30,100.55000305175781,105.0,100.0999984741211,100.5999984741211,100.5999984741211,429095.0
2021-12-01,102.75,103.6500015258789,98.80000305175781,99.3499984741211,99.3499984741211,447254.0
2021-12-02,99.0,104.19999694824219,98.44999694824219,101.30000305175781,101.30000305175781,658380.0
2021-12-03,100.8499984741211,106.0,100.8499984741211,103.55000305175781,103.55000305175781,507715.0
2021-12-06,104.80000305175781,110.6500015258789,102.3499984741211,103.80000305175781,103.80000305175781,1177273.0
2021-12-07,105.05000305175781,108.25,104.55000305175781,105.94999694824219,105.94999694824219,573585.0
2021-12-08,106.4000015258789,108.9000015258789,106.4000015258789,107.30000305175781,107.30000305175781,282162.0
2021-12-09,108.5,111.30000305175781,107.80000305175781,109.30000305175781,109.30000305175781,371850.0
2021-12-10,109.0,110.75,108.25,109.5999984741211,109.5999984741211,204782.0
2021-12-13,108.5999984741211,111.75,108.44999694824219,109.19999694824219,109.19999694824219,251180.0
2021-12-14,108.4000015258789,109.25,107.0,107.69999694824219,107.69999694824219,209155.0
2021-12-15,108.0,114.0,108.0,109.4000015258789,109.4000015258789,554692.0
2021-12-16,110.1500015258789,111.44999694824219,106.0999984741211,106.5999984741211,106.5999984741211,294445.0
2021-12-17,106.9000015258789,106.9000015258789,101.0999984741211,101.69999694824219,101.69999694824219,311757.0
2021-12-20,101.0,101.0,96.0,97.4000015258789,97.4000015258789,371868.0
2021-12-21,98.0,103.25,98.0,99.30000305175781,99.30000305175781,281960.0
2021-12-22,100.0,104.9000015258789,100.0,101.5999984741211,101.5999984741211,474322.0
2021-12-23,102.4000015258789,103.69999694824219,101.80000305175781,102.25,102.25,203974.0
2021-12-24,103.0,103.0,98.8499984741211,99.0999984741211,99.0999984741211,253083.0
2021-12-27,98.80000305175781,101.0,96.94999694824219,98.75,98.75,245665.0
2021-12-28,99.94999694824219,102.80000305175781,99.44999694824219,101.8499984741211,101.8499984741211,277425.0
2021-12-29,101.0999984741211,102.75,99.55000305175781,100.19999694824219,100.19999694824219,205126.0
2021-12-30,100.9000015258789,102.0,99.05000305175781,99.4000015258789,99.4000015258789,136783.0
2021-12-31,100.0,101.1500015258789,98.8499984741211,99.25,99.25,199030.0
2022-01-03,99.94999694824219,109.5,99.6500015258789,107.4000015258789,107.4000015258789,757333.0
2022-01-04,109.19999694824219,109.19999694824219,104.0,104.6500015258789,104.6500015258789,504530.0
2022-01-05,105.0,108.0,104.5999984741211,106.25,106.25,301868.0
2022-01-06,104.80000305175781,107.69999694824219,103.9000015258789,105.9000015258789,105.9000015258789,274076.0
2022-01-07,106.0,109.4000015258789,105.4000015258789,107.19999694824219,107.19999694824219,521479.0
2022-01-10,107.25,108.69999694824219,106.0,106.4000015258789,106.4000015258789,277258.0
2022-01-11,106.0,106.94999694824219,104.0,105.0,105.0,281572.0
2022-01-12,105.30000305175781,113.69999694824219,105.30000305175781,112.30000305175781,112.30000305175781,1337533.0
2022-01-13,113.0,113.1500015258789,107.94999694824219,108.80000305175781,108.80000305175781,790581.0
2022-01-14,108.0,110.0999984741211,106.4000015258789,108.19999694824219,108.19999694824219,474926.0
2022-01-17,108.1500015258789,110.1500015258789,106.44999694824219,107.55000305175781,107.55000305175781,524619.0
2022-01-18,107.94999694824219,109.94999694824219,104.80000305175781,105.6500015258789,105.6500015258789,439968.0
2022-01-19,105.0,105.0,101.0,101.55000305175781,101.55000305175781,780083.0
2022-01-20,102.44999694824219,104.80000305175781,101.5,103.0,103.0,290387.0
2022-01-21,102.30000305175781,103.94999694824219,99.05000305175781,99.94999694824219,99.94999694824219,430475.0
2022-01-24,100.80000305175781,101.75,94.0999984741211,96.3499984741211,96.3499984741211,398558.0
2022-01-25,94.5999984741211,99.0,92.5999984741211,97.69999694824219,97.69999694824219,199708.0
2022-01-27,97.0,97.6500015258789,95.0,97.05000305175781,97.05000305175781,190932.0
2022-01-28,97.94999694824219,101.5999984741211,97.94999694824219,98.5999984741211,98.5999984741211,182316.0
2022-01-31,101.0,101.0,97.55000305175781,98.05000305175781,98.05000305175781,172989.0
2022-02-01,99.0999984741211,99.94999694824219,97.4000015258789,99.0999984741211,99.0999984741211,155135.0
2022-02-02,100.0,102.19999694824219,99.55000305175781,100.75,100.75,243500.0
2022-02-03,101.69999694824219,103.4000015258789,99.19999694824219,99.94999694824219,99.94999694824219,209251.0
2022-02-04,99.9000015258789,101.30000305175781,98.05000305175781,98.5999984741211,98.5999984741211,182040.0
2022-02-07,99.30000305175781,100.0,97.4000015258789,97.8499984741211,97.8499984741211,154822.0
2022-02-08,98.69999694824219,99.3499984741211,94.94999694824219,96.75,96.75,175250.0
2022-02-09,98.69999694824219,99.6500015258789,97.25,98.0,98.0,119605.0
2022-02-10,96.0,98.5999984741211,95.9000015258789,96.6500015258789,96.6500015258789,226453.0
2022-02-11,96.0,96.44999694824219,95.0,95.05000305175781,95.05000305175781,170236.0
2022-02-14,94.9000015258789,94.9000015258789,80.19999694824219,84.44999694824219,84.44999694824219,486881.0
2022-02-15,83.9000015258789,90.0,83.5999984741211,88.5,88.5,450635.0
2022-02-16,89.0,92.0,88.19999694824219,90.0999984741211,90.0999984741211,221879.0
2022-02-17,90.75,91.4000015258789,88.0,88.3499984741211,88.3499984741211,110993.0
2022-02-18,89.0,89.55000305175781,84.6500015258789,85.25,85.25,327697.0
2022-02-21,84.30000305175781,85.25,81.94999694824219,83.1500015258789,83.1500015258789,152010.0
2022-02-22,80.19999694824219,81.5999984741211,78.44999694824219,79.80000305175781,79.80000305175781,332973.0
2022-02-23,81.4000015258789,82.5,79.8499984741211,80.30000305175781,80.30000305175781,188978.0
2022-02-24,77.9000015258789,78.8499984741211,72.0,73.25,73.25,340181.0
2022-02-25,75.30000305175781,78.30000305175781,74.80000305175781,77.05000305175781,77.05000305175781,250399.0
2022-02-28,76.5,81.0999984741211,74.80000305175781,80.30000305175781,80.30000305175781,369783.0
2022-03-02,79.80000305175781,81.25,78.44999694824219,79.4000015258789,79.4000015258789,138153.0
2022-03-03,81.0,81.55000305175781,77.5999984741211,78.5999984741211,78.5999984741211,169411.0
2022-03-04,78.94999694824219,79.3499984741211,77.19999694824219,78.05000305175781,78.05000305175781,184422.0
2022-03-07,74.55000305175781,77.25,73.3499984741211,76.25,76.25,166576.0
2022-03-08,77.3499984741211,78.4000015258789,75.4000015258789,76.94999694824219,76.94999694824219,186207.0
2022-03-09,77.80000305175781,80.4000015258789,77.1500015258789,79.9000015258789,79.9000015258789,232468.0
2022-03-10,84.3499984741211,84.4000015258789,81.0,81.6500015258789,81.6500015258789,485960.0
2022-03-11,80.3499984741211,82.5999984741211,79.80000305175781,80.80000305175781,80.80000305175781,148106.0
2022-03-14,80.94999694824219,82.0,79.94999694824219,81.0,81.0,221625.0
2022-03-15,81.19999694824219,82.9000015258789,78.80000305175781,79.55000305175781,79.55000305175781,646568.0
2022-03-16,80.5999984741211,81.0999984741211,79.0,79.5999984741211,79.5999984741211,232019.0
2022-03-17,80.80000305175781,89.69999694824219,80.5999984741211,84.75,84.75,1500770.0
2022-03-21,85.44999694824219,85.5999984741211,82.19999694824219,82.55000305175781,82.55000305175781,262499.0
2022-03-22,83.0,85.19999694824219,81.25,83.30000305175781,83.30000305175781,285959.0
2022-03-23,83.9000015258789,91.19999694824219,82.5,82.8499984741211,82.8499984741211,378901.0
2022-03-24,82.8499984741211,83.9000015258789,82.3499984741211,82.6500015258789,82.6500015258789,196917.0
2022-03-25,84.0999984741211,84.9000015258789,79.75,82.19999694824219,82.19999694824219,462469.0
2022-03-28,82.0,82.6500015258789,79.0999984741211,79.94999694824219,79.94999694824219,276607.0
2022-03-29,79.94999694824219,82.0,79.0,79.19999694824219,79.19999694824219,755448.0
2022-03-30,80.05000305175781,83.5,80.05000305175781,81.3499984741211,81.3499984741211,335089.0
2022-03-31,82.0,83.0,80.0,80.3499984741211,80.3499984741211,258958.0
2022-04-01,80.4000015258789,85.25,80.4000015258789,84.1500015258789,84.1500015258789,362260.0
2022-04-04,84.5,87.0,84.1500015258789,86.5999984741211,86.5999984741211,369497.0
2022-04-05,87.25,90.4000015258789,86.0999984741211,88.80000305175781,88.80000305175781,581773.0
2022-04-06,88.0,91.0,87.44999694824219,89.8499984741211,89.8499984741211,405203.0
2022-04-07,89.9000015258789,91.8499984741211,87.05000305175781,87.75,87.75,384206.0
2022-04-08,87.75,89.8499984741211,87.75,88.6500015258789,88.6500015258789,172206.0
2022-04-11,88.6500015258789,89.9000015258789,88.0999984741211,88.5,88.5,183812.0
2022-04-12,88.69999694824219,88.69999694824219,85.5999984741211,86.6500015258789,86.6500015258789,145783.0
2022-04-13,87.5999984741211,91.5,86.80000305175781,88.9000015258789,88.9000015258789,387615.0
2022-04-18,88.0,88.4000015258789,86.5999984741211,87.25,87.25,121560.0
2022-04-19,87.94999694824219,92.19999694824219,85.0,88.5,88.5,558567.0
2022-04-20,89.80000305175781,98.30000305175781,86.69999694824219,96.69999694824219,96.69999694824219,2063201.0
2022-04-21,97.25,97.80000305175781,93.19999694824219,93.8499984741211,93.8499984741211,640789.0
2022-04-22,94.1500015258789,97.55000305175781,92.0,92.1500015258789,92.1500015258789,539118.0
2022-04-25,92.3499984741211,92.3499984741211,88.0,88.5999984741211,88.5999984741211,544577.0
2022-04-26,90.0,92.3499984741211,89.1500015258789,89.5999984741211,89.5999984741211,234370.0
2022-04-27,88.80000305175781,89.44999694824219,87.30000305175781,88.0,88.0,170520.0
2022-04-28,89.25,95.30000305175781,88.44999694824219,90.1500015258789,90.1500015258789,1620485.0
2022-04-29,90.5999984741211,91.80000305175781,87.25,87.69999694824219,87.69999694824219,273810.0
2022-05-02,86.0,87.5999984741211,85.0999984741211,86.69999694824219,86.69999694824219,190116.0
2022-05-04,87.19999694824219,88.0999984741211,83.1500015258789,83.55000305175781,83.55000305175781,183910.0
2022-05-05,84.5,86.5,82.69999694824219,84.3499984741211,84.3499984741211,138380.0
2022-05-06,82.0999984741211,84.5,81.0,82.0,82.0,198005.0
2022-05-09,81.75,82.4000015258789,78.5,79.19999694824219,79.19999694824219,197762.0
2022-05-10,79.69999694824219,81.4000015258789,76.80000305175781,78.25,78.25,104296.0
2022-05-11,78.0,78.80000305175781,74.19999694824219,75.44999694824219,75.44999694824219,197154.0
2022-05-12,75.4000015258789,75.4000015258789,70.5,73.05000305175781,73.05000305175781,164363.0
2022-05-13,73.44999694824219,82.0,72.69999694824219,78.8499984741211,78.8499984741211,748571.0
2022-05-16,79.6500015258789,84.0,77.4000015258789,77.80000305175781,77.80000305175781,124582.0
2022-05-17,78.0,80.0,77.5999984741211,79.55000305175781,79.55000305175781,117947.0
2022-05-18,81.30000305175781,81.6500015258789,78.05000305175781,78.19999694824219,78.19999694824219,140658.0
2022-05-19,76.55000305175781,76.55000305175781,74.30000305175781,74.5999984741211,74.5999984741211,111821.0
2022-05-20,76.19999694824219,79.0,76.0,77.0999984741211,77.0999984741211,119048.0
2022-05-23,77.69999694824219,78.0999984741211,76.1500015258789,76.69999694824219,76.69999694824219,66571.0
2022-05-24,76.55000305175781,78.0,74.0999984741211,74.75,74.75,67234.0
2022-05-25,75.5,76.4000015258789,72.5999984741211,73.30000305175781,73.30000305175781,155517.0
2022-05-26,74.30000305175781,74.4000015258789,70.5,73.0,73.0,129064.0
2022-05-27,73.80000305175781,74.5999984741211,73.0999984741211,73.80000305175781,73.80000305175781,87715.0
2022-05-30,74.5,76.5,74.4000015258789,76.19999694824219,76.19999694824219,86926.0
2022-05-31,76.6500015258789,76.80000305175781,74.05000305175781,75.19999694824219,75.19999694824219,93331.0
2022-06-01,75.4000015258789,76.5999984741211,74.4000015258789,75.80000305175781,75.80000305175781,94642.0
2022-06-02,76.0,78.5999984741211,75.5999984741211,77.3499984741211,77.3499984741211,171712.0
2022-06-03,77.9000015258789,79.55000305175781,74.5999984741211,75.25,75.25,131916.0
2022-06-06,75.25,76.69999694824219,73.8499984741211,74.9000015258789,74.9000015258789,55253.0
2022-06-07,75.4000015258789,76.25,73.44999694824219,73.69999694824219,73.69999694824219,141361.0
2022-06-08,74.05000305175781,75.25,73.19999694824219,74.05000305175781,74.05000305175781,71544.0
2022-06-09,74.5,75.3499984741211,73.5,74.75,74.75,59420.0
2022-06-10,74.05000305175781,74.44999694824219,73.0999984741211,73.75,73.75,37696.0
2022-06-13,73.0999984741211,73.1500015258789,69.0,70.3499984741211,70.3499984741211,136498.0
2022-06-14,70.05000305175781,71.9000015258789,69.69999694824219,69.9000015258789,69.9000015258789,62666.0
2022-06-15,70.4000015258789,70.55000305175781,69.5,69.80000305175781,69.80000305175781,41036.0
2022-06-16,70.5,71.25,65.4000015258789,66.55000305175781,66.55000305175781,106556.0
2022-06-17,66.9000015258789,68.69999694824219,64.94999694824219,66.55000305175781,66.55000305175781,96120.0
2022-06-20,66.19999694824219,67.4000015258789,62.20000076293945,63.25,63.25,111896.0
2022-06-21,64.44999694824219,66.9000015258789,63.54999923706055,65.80000305175781,65.80000305175781,87479.0
2022-06-22,65.80000305175781,65.9000015258789,63.5,64.1500015258789,64.1500015258789,43540.0
2022-06-23,64.1500015258789,67.5,63.5,66.8499984741211,66.8499984741211,63695.0
2022-06-24,67.4000015258789,69.5,67.1500015258789,68.4000015258789,68.4000015258789,71536.0
2022-06-27,69.44999694824219,72.30000305175781,68.9000015258789,71.1500015258789,71.1500015258789,120227.0
2022-06-28,71.0,73.75,71.0,72.55000305175781,72.55000305175781,86208.0
2022-06-29,73.0,73.44999694824219,70.1500015258789,70.9000015258789,70.9000015258789,63530.0
2022-06-30,71.05000305175781,71.9000015258789,69.30000305175781,69.5,69.5,35953.0
2022-07-01,69.9000015258789,70.4000015258789,68.5999984741211,69.94999694824219,69.94999694824219,42018.0
2022-07-04,70.5,71.9000015258789,69.8499984741211,70.6500015258789,70.6500015258789,50422.0
2022-07-05,70.94999694824219,73.4000015258789,70.19999694824219,70.9000015258789,70.9000015258789,75965.0
2022-07-06,70.19999694824219,71.3499984741211,69.6500015258789,70.5,70.5,66900.0
2022-07-07,70.94999694824219,72.4000015258789,70.9000015258789,72.0,72.0,42063.0
2022-07-08,72.0,74.69999694824219,71.5999984741211,72.44999694824219,72.44999694824219,150447.0
2022-07-11,72.5999984741211,75.8499984741211,72.5999984741211,75.25,75.25,164969.0
2022-07-12,74.9000015258789,75.0,71.9000015258789,72.0999984741211,72.0999984741211,157866.0
2022-07-13,72.6500015258789,73.0,69.94999694824219,70.55000305175781,70.55000305175781,214765.0
2022-07-14,70.6500015258789,71.30000305175781,69.69999694824219,70.05000305175781,70.05000305175781,96240.0
2022-07-15,70.44999694824219,71.5,69.69999694824219,70.55000305175781,70.55000305175781,45645.0
2022-07-18,71.0,71.80000305175781,69.9000015258789,70.25,70.25,142622.0
2022-07-19,70.30000305175781,72.4000015258789,69.8499984741211,70.1500015258789,70.1500015258789,208498.0
2022-07-20,70.4000015258789,72.25,70.4000015258789,71.4000015258789,71.4000015258789,103267.0
2022-07-21,72.1500015258789,72.1500015258789,71.19999694824219,71.9000015258789,71.9000015258789,159118.0
2022-07-22,71.9000015258789,74.5,71.80000305175781,73.75,73.75,358571.0
2022-07-25,74.0999984741211,74.0999984741211,72.05000305175781,72.19999694824219,72.19999694824219,60623.0
2022-07-26,72.30000305175781,72.30000305175781,70.4000015258789,70.5999984741211,70.5999984741211,89788.0
2022-07-27,70.94999694824219,72.30000305175781,70.25,71.25,71.25,83291.0
2022-07-28,71.44999694824219,72.9000015258789,71.0999984741211,71.6500015258789,71.6500015258789,85583.0
2022-07-29,72.30000305175781,72.80000305175781,70.80000305175781,71.4000015258789,71.4000015258789,155607.0
2022-08-01,71.0999984741211,74.0,71.0999984741211,73.25,73.25,140705.0
2022-08-02,73.25,75.6500015258789,72.75,74.94999694824219,74.94999694824219,201232.0
2022-08-03,75.0,78.69999694824219,75.0,77.19999694824219,77.19999694824219,387122.0
2022-08-04,77.8499984741211,79.05000305175781,76.94999694824219,77.5999984741211,77.5999984741211,321222.0
2022-08-05,78.0,78.44999694824219,74.9000015258789,76.0,76.0,161962.0
2022-08-08,76.44999694824219,76.5999984741211,75.0,75.80000305175781,75.80000305175781,107082.0
2022-08-10,75.25,75.80000305175781,74.44999694824219,74.5999984741211,74.5999984741211,57255.0
2022-08-11,75.0999984741211,75.4000015258789,72.4000015258789,73.6500015258789,73.6500015258789,239521.0
2022-08-12,73.6500015258789,74.80000305175781,73.4000015258789,73.80000305175781,73.80000305175781,71376.0
2022-08-16,74.44999694824219,74.75,72.3499984741211,73.0999984741211,73.0999984741211,88014.0
2022-08-17,74.0,77.44999694824219,73.8499984741211,76.5,76.5,328661.0
2022-08-18,76.3499984741211,78.75,75.80000305175781,77.44999694824219,77.44999694824219,159418.0
2022-08-19,77.5,78.3499984741211,75.80000305175781,76.05000305175781,76.05000305175781,87928.0
2022-08-22,75.8499984741211,75.8499984741211,72.80000305175781,73.05000305175781,73.05000305175781,87284.0
2022-08-23,73.0,74.5,71.8499984741211,73.44999694824219,73.44999694824219,86998.0
2022-08-24,73.8499984741211,74.5,73.5,73.8499984741211,73.8499984741211,37386.0
2022-08-25,74.4000015258789,76.5,74.25,75.19999694824219,75.19999694824219,111982.0
2022-08-26,75.4000015258789,76.75,74.30000305175781,76.19999694824219,76.19999694824219,113419.0
2022-08-29,75.19999694824219,75.25,73.9000015258789,74.8499984741211,74.8499984741211,80580.0
2022-08-30,75.0,80.80000305175781,75.0,79.1500015258789,79.1500015258789,504180.0
2022-09-01,78.80000305175781,80.0,78.44999694824219,79.0,79.0,299702.0
2022-09-02,79.75,82.30000305175781,78.1500015258789,78.3499984741211,78.3499984741211,235372.0
2022-09-05,77.75,80.80000305175781,77.69999694824219,79.30000305175781,79.30000305175781,218791.0
2022-09-06,80.5,84.0,80.5,81.75,81.75,901485.0
2022-09-07,81.5,83.9000015258789,81.5,82.5,82.5,306493.0
2022-09-08,83.05000305175781,83.5,81.05000305175781,81.4000015258789,81.4000015258789,232388.0
2022-09-09,81.9000015258789,83.69999694824219,80.55000305175781,80.94999694824219,80.94999694824219,174571.0
2022-09-12,81.5999984741211,81.9000015258789,80.6500015258789,81.4000015258789,81.4000015258789,103083.0
2022-09-13,81.9000015258789,83.19999694824219,80.94999694824219,81.25,81.25,222008.0
2022-09-14,80.0999984741211,81.69999694824219,78.80000305175781,80.8499984741211,80.8499984741211,128798.0
2022-09-15,80.3499984741211,82.25,80.1500015258789,81.19999694824219,81.19999694824219,170254.0
2022-09-16,80.3499984741211,81.5,77.69999694824219,78.4000015258789,78.4000015258789,147061.0
2022-09-19,78.5,79.0,77.30000305175781,77.5999984741211,77.5999984741211,64931.0
2022-09-20,79.19999694824219,81.9000015258789,78.19999694824219,80.19999694824219,80.19999694824219,213577.0
2022-09-21,80.9000015258789,80.9000015258789,77.5,77.8499984741211,77.8499984741211,122478.0
2022-09-22,77.5,83.4000015258789,76.5,81.0,81.0,1532183.0
2022-09-23,80.5,81.19999694824219,76.5,77.05000305175781,77.05000305175781,257499.0
2022-09-26,76.5,76.5,73.19999694824219,73.6500015258789,73.6500015258789,155309.0
2022-09-27,74.0,75.94999694824219,74.0,75.0,75.0,103075.0
2022-09-28,75.0,80.5,74.19999694824219,76.9000015258789,76.9000015258789,406182.0
2022-09-29,78.19999694824219,78.55000305175781,75.5999984741211,76.4000015258789,76.4000015258789,96322.0
2022-09-30,77.19999694824219,77.80000305175781,75.5,76.94999694824219,76.94999694824219,88562.0
2022-10-03,76.94999694824219,77.80000305175781,74.9000015258789,75.1500015258789,75.1500015258789,91328.0
2022-10-04,76.0999984741211,77.19999694824219,74.8499984741211,75.6500015258789,75.6500015258789,134873.0
2022-10-06,76.44999694824219,81.0999984741211,76.44999694824219,80.5999984741211,80.5999984741211,659153.0
2022-10-07,80.25,81.0,78.0,79.55000305175781,79.55000305175781,265169.0
2022-10-10,78.1500015258789,78.8499984741211,76.0999984741211,76.5,76.5,300459.0
2022-10-11,76.80000305175781,76.80000305175781,74.3499984741211,74.69999694824219,74.69999694824219,165933.0
2022-10-12,75.19999694824219,75.5,73.1500015258789,74.05000305175781,74.05000305175781,114503.0
2022-10-13,74.0,74.80000305175781,72.8499984741211,73.25,73.25,142251.0
2022-10-14,74.0999984741211,74.69999694824219,72.5999984741211,73.30000305175781,73.30000305175781,160029.0
2022-10-17,73.0999984741211,73.30000305175781,72.0,72.9000015258789,72.9000015258789,75006.0
2022-10-18,73.55000305175781,73.9000015258789,72.44999694824219,72.8499984741211,72.8499984741211,116811.0
2022-10-19,73.30000305175781,74.69999694824219,72.75,74.05000305175781,74.05000305175781,97276.0
2022-10-20,73.3499984741211,73.9000015258789,72.5,72.75,72.75,55338.0
2022-10-21,73.05000305175781,73.5,72.05000305175781,72.30000305175781,72.30000305175781,63709.0
2022-10-24,72.5,73.9000015258789,72.05000305175781,73.3499984741211,73.3499984741211,24775.0
2022-10-25,73.75,73.75,72.55000305175781,72.80000305175781,72.80000305175781,54068.0
2022-10-27,72.6500015258789,74.5,72.6500015258789,73.6500015258789,73.6500015258789,176219.0
2022-10-28,72.80000305175781,73.75,72.5999984741211,72.94999694824219,72.94999694824219,47815.0
2022-10-31,73.44999694824219,74.05000305175781,72.5999984741211,72.94999694824219,72.94999694824219,43248.0
2022-11-01,73.0,74.0,72.8499984741211,73.5999984741211,73.5999984741211,102425.0
2022-11-02,73.5999984741211,74.55000305175781,72.19999694824219,73.05000305175781,73.05000305175781,59870.0
2022-11-03,72.94999694824219,74.4000015258789,72.80000305175781,73.30000305175781,73.30000305175781,55744.0
2022-11-04,73.5,75.44999694824219,72.94999694824219,73.0999984741211,73.0999984741211,171832.0
2022-11-07,73.75,74.80000305175781,73.0,74.19999694824219,74.19999694824219,120922.0
2022-11-09,74.19999694824219,75.0,72.4000015258789,72.75,72.75,107592.0
2022-11-10,73.0,73.25,71.1500015258789,71.9000015258789,71.9000015258789,93007.0
2022-11-11,73.6500015258789,73.69999694824219,72.19999694824219,73.4000015258789,73.4000015258789,81793.0
2022-11-14,73.80000305175781,73.9000015258789,69.9000015258789,70.6500015258789,70.6500015258789,247447.0
2022-11-15,70.6500015258789,70.9000015258789,68.4000015258789,68.80000305175781,68.80000305175781,222347.0
2022-11-16,70.25,70.6500015258789,68.80000305175781,69.19999694824219,69.19999694824219,122732.0
2022-11-17,68.5999984741211,69.44999694824219,68.19999694824219,68.80000305175781,68.80000305175781,85656.0
2022-11-18,69.0,70.4000015258789,69.0,69.5999984741211,69.5999984741211,94637.0
2022-11-21,69.8499984741211,70.25,68.80000305175781,69.05000305175781,69.05000305175781,49323.0
2022-11-22,69.94999694824219,69.94999694824219,68.0999984741211,68.5,68.5,75840.0
2022-11-23,69.4000015258789,69.80000305175781,68.69999694824219,69.0999984741211,69.0999984741211,57621.0
2022-11-24,69.69999694824219,70.30000305175781,68.5999984741211,69.0,69.0,101630.0
2022-11-25,69.44999694824219,71.8499984741211,69.0,71.4000015258789,71.4000015258789,157431.0
2022-11-28,71.0999984741211,71.8499984741211,69.9000015258789,70.55000305175781,70.55000305175781,137412.0
2022-11-29,70.5999984741211,71.05000305175781,67.75,68.5999984741211,68.5999984741211,273717.0
2022-11-30,68.94999694824219,70.19999694824219,68.80000305175781,69.30000305175781,69.30000305175781,70997.0
2022-12-01,69.8499984741211,71.0,69.19999694824219,70.69999694824219,70.69999694824219,103860.0
2022-12-02,70.69999694824219,70.9000015258789,68.8499984741211,69.0,69.0,270119.0
2022-12-05,69.30000305175781,70.5999984741211,68.75,69.05000305175781,69.05000305175781,286971.0
2022-12-06,69.19999694824219,70.4000015258789,69.0,69.0999984741211,69.0999984741211,205882.0
2022-12-07,69.1500015258789,69.75,69.05000305175781,69.4000015258789,69.4000015258789,87607.0
2022-12-08,69.4000015258789,71.80000305175781,69.25,70.75,70.75,192161.0
2022-12-09,71.0,71.5999984741211,69.05000305175781,69.5999984741211,69.5999984741211,109763.0
2022-12-12,69.94999694824219,70.5,68.80000305175781,69.0999984741211,69.0999984741211,97456.0
2022-12-13,69.4000015258789,69.80000305175781,68.9000015258789,69.0999984741211,69.0999984741211,107672.0
2022-12-14,69.5,72.69999694824219,68.9000015258789,70.94999694824219,70.94999694824219,314281.0
2022-12-15,71.0,71.94999694824219,69.5999984741211,69.94999694824219,69.94999694824219,123886.0
2022-12-16,69.9000015258789,71.5,69.8499984741211,70.0,70.0,99178.0
2022-12-19,70.5,70.69999694824219,69.3499984741211,69.5,69.5,58582.0
2022-12-20,69.94999694824219,69.94999694824219,68.5999984741211,69.25,69.25,56391.0
2022-12-21,69.8499984741211,70.4000015258789,67.19999694824219,67.94999694824219,67.94999694824219,122897.0
2022-12-22,68.94999694824219,68.94999694824219,64.5,65.30000305175781,65.30000305175781,157629.0
2022-12-23,65.3499984741211,65.4000015258789,62.5,62.900001525878906,62.900001525878906,141542.0
2022-12-26,62.900001525878906,66.05000305175781,62.900001525878906,64.4000015258789,64.4000015258789,124968.0
2022-12-27,65.4000015258789,65.9000015258789,63.5,65.55000305175781,65.55000305175781,75619.0
2022-12-28,65.94999694824219,67.8499984741211,65.44999694824219,66.75,66.75,87298.0
2022-12-29,67.5999984741211,67.5999984741211,65.30000305175781,65.94999694824219,65.94999694824219,89371.0
2022-12-30,66.05000305175781,67.5,64.9000015258789,65.19999694824219,65.19999694824219,147820.0
2023-01-02,65.19999694824219,66.9000015258789,65.0999984741211,66.1500015258789,66.1500015258789,45243.0
2023-01-03,66.19999694824219,67.0,65.80000305175781,66.0,66.0,57053.0
2023-01-04,66.5,66.55000305175781,64.94999694824219,65.55000305175781,65.55000305175781,78829.0
2023-01-05,65.94999694824219,66.19999694824219,64.80000305175781,65.30000305175781,65.30000305175781,52223.0
2023-01-06,66.0,66.0,63.349998474121094,64.0999984741211,64.0999984741211,83700.0
2023-01-09,64.5,65.19999694824219,64.0999984741211,64.19999694824219,64.19999694824219,55823.0
2023-01-10,64.5,64.80000305175781,63.0,63.54999923706055,63.54999923706055,59999.0
2023-01-11,63.70000076293945,64.44999694824219,63.650001525878906,63.900001525878906,63.900001525878906,36079.0
2023-01-12,64.0,64.75,63.349998474121094,64.0999984741211,64.0999984741211,46332.0
2023-01-13,64.30000305175781,65.0,64.0,64.1500015258789,64.1500015258789,46026.0
2023-01-16,65.1500015258789,65.5999984741211,64.0,64.1500015258789,64.1500015258789,92947.0
2023-01-17,64.94999694824219,76.94999694824219,64.9000015258789,75.3499984741211,75.3499984741211,4797096.0
2023-01-18,75.5,76.5,72.05000305175781,72.3499984741211,72.3499984741211,1281255.0
2023-01-19,71.75,76.30000305175781,71.5999984741211,73.3499984741211,73.3499984741211,780716.0
2023-01-20,73.6500015258789,74.25,71.0999984741211,71.55000305175781,71.55000305175781,215102.0
2023-01-23,72.3499984741211,73.25,70.19999694824219,71.05000305175781,71.05000305175781,236748.0
2023-01-24,71.05000305175781,75.94999694824219,70.44999694824219,71.1500015258789,71.1500015258789,865940.0
2023-01-25,71.5999984741211,71.94999694824219,69.8499984741211,70.30000305175781,70.30000305175781,152595.0
2023-01-27,70.94999694824219,71.05000305175781,67.30000305175781,68.30000305175781,68.30000305175781,180741.0
2023-01-30,69.19999694824219,69.80000305175781,66.0,67.8499984741211,67.8499984741211,211831.0
2023-01-31,68.0,69.0999984741211,67.55000305175781,68.4000015258789,68.4000015258789,176984.0
2023-02-01,68.69999694824219,69.8499984741211,66.0999984741211,66.8499984741211,66.8499984741211,92869.0
2023-02-02,66.30000305175781,68.4000015258789,66.19999694824219,66.6500015258789,66.6500015258789,81680.0
2023-02-03,67.0,67.4000015258789,65.0999984741211,66.05000305175781,66.05000305175781,112596.0
2023-02-06,65.5999984741211,66.9000015258789,65.5999984741211,66.0999984741211,66.0999984741211,60331.0
2023-02-07,66.30000305175781,66.6500015258789,64.4000015258789,64.94999694824219,64.94999694824219,77054.0
2023-02-08,65.5999984741211,66.6500015258789,65.19999694824219,65.75,65.75,47247.0
2023-02-09,66.0,66.3499984741211,65.0999984741211,65.25,65.25,79819.0
2023-02-10,65.3499984741211,67.05000305175781,65.30000305175781,65.69999694824219,65.69999694824219,104163.0
2023-02-13,65.69999694824219,69.69999694824219,64.8499984741211,68.94999694824219,68.94999694824219,302789.0
2023-02-14,68.94999694824219,69.9000015258789,66.19999694824219,67.5,67.5,361850.0
2023-02-15,66.80000305175781,66.8499984741211,65.0,65.9000015258789,65.9000015258789,75270.0
2023-02-16,67.0,67.19999694824219,64.55000305175781,64.94999694824219,64.94999694824219,133721.0
2023-02-17,64.44999694824219,66.0,64.30000305175781,64.8499984741211,64.8499984741211,91563.0
2023-02-20,65.6500015258789,65.69999694824219,63.900001525878906,64.1500015258789,64.1500015258789,48143.0
2023-02-21,64.25,64.25,63.5,63.70000076293945,63.70000076293945,48638.0
2023-02-22,64.30000305175781,64.30000305175781,62.099998474121094,62.5,62.5,95641.0
2023-02-23,63.45000076293945,63.45000076293945,62.099998474121094,62.45000076293945,62.45000076293945,75236.0
2023-02-24,63.0,63.0,61.150001525878906,61.650001525878906,61.650001525878906,84527.0
2023-02-27,61.349998474121094,61.54999923706055,60.0,60.099998474121094,60.099998474121094,109714.0
2023-02-28,60.099998474121094,60.29999923706055,59.150001525878906,59.75,59.75,77306.0
2023-03-01,59.599998474121094,61.900001525878906,59.599998474121094,61.5,61.5,65200.0
2023-03-02,62.150001525878906,62.150001525878906,60.54999923706055,61.099998474121094,61.099998474121094,65743.0
2023-03-03,61.54999923706055,61.900001525878906,60.29999923706055,61.04999923706055,61.04999923706055,108111.0
2023-03-06,60.5,62.099998474121094,60.5,61.29999923706055,61.29999923706055,280341.0
2023-03-08,61.29999923706055,61.70000076293945,61.04999923706055,61.150001525878906,61.150001525878906,147811.0
2023-03-09,61.5,62.650001525878906,61.20000076293945,61.5,61.5,128827.0
2023-03-10,61.400001525878906,61.79999923706055,60.70000076293945,60.95000076293945,60.95000076293945,95916.0
2023-03-13,60.599998474121094,61.900001525878906,58.599998474121094,59.20000076293945,59.20000076293945,228858.0
2023-03-14,59.79999923706055,59.79999923706055,57.650001525878906,58.04999923706055,58.04999923706055,113196.0
2023-03-15,59.20000076293945,59.20000076293945,57.349998474121094,57.54999923706055,57.54999923706055,78528.0
2023-03-16,57.599998474121094,58.0,56.400001525878906,56.79999923706055,56.79999923706055,66652.0
2023-03-17,56.79999923706055,57.95000076293945,56.45000076293945,57.5,57.5,114521.0
2023-03-20,58.400001525878906,58.45000076293945,57.0,57.400001525878906,57.400001525878906,117552.0
2023-03-21,57.45000076293945,58.099998474121094,56.79999923706055,57.54999923706055,57.54999923706055,252744.0
2023-03-22,58.0,58.5,57.0,57.20000076293945,57.20000076293945,90148.0
2023-03-23,57.70000076293945,60.400001525878906,57.349998474121094,59.95000076293945,59.95000076293945,312845.0
2023-03-24,59.79999923706055,59.79999923706055,57.29999923706055,58.349998474121094,58.349998474121094,205916.0
2023-03-27,58.349998474121094,58.349998474121094,54.400001525878906,55.20000076293945,55.20000076293945,236528.0
2023-03-28,55.25,56.70000076293945,53.349998474121094,54.04999923706055,54.04999923706055,195816.0
2023-03-29,53.25,55.20000076293945,51.45000076293945,52.70000076293945,52.70000076293945,534509.0
2023-03-31,54.099998474121094,54.54999923706055,51.5,51.79999923706055,51.79999923706055,312896.0
2023-04-03,52.849998474121094,56.900001525878906,52.5,56.400001525878906,56.400001525878906,291634.0
2023-04-05,57.20000076293945,57.900001525878906,56.20000076293945,57.650001525878906,57.650001525878906,147557.0
2023-04-06,57.849998474121094,59.5,57.099998474121094,59.150001525878906,59.150001525878906,177702.0
2023-04-10,58.25,59.400001525878906,57.20000076293945,57.400001525878906,57.400001525878906,84533.0
2023-04-11,57.54999923706055,58.29999923706055,56.599998474121094,57.0,57.0,68081.0
2023-04-12,57.0,57.900001525878906,56.400001525878906,57.20000076293945,57.20000076293945,62395.0
2023-04-13,56.099998474121094,57.849998474121094,56.099998474121094,57.349998474121094,57.349998474121094,52934.0
2023-04-17,57.0,57.599998474121094,56.54999923706055,57.20000076293945,57.20000076293945,48410.0
2023-04-18,57.0,59.849998474121094,57.0,58.650001525878906,58.650001525878906,178873.0
2023-04-19,59.0,59.400001525878906,57.5,57.75,57.75,143244.0
2023-04-20,57.95000076293945,58.5,57.599998474121094,57.95000076293945,57.95000076293945,48530.0
2023-04-21,57.95000076293945,58.599998474121094,57.5,58.150001525878906,58.150001525878906,35515.0
2023-04-24,58.45000076293945,58.54999923706055,57.5,57.79999923706055,57.79999923706055,31089.0
2023-04-25,58.0,58.95000076293945,56.849998474121094,57.20000076293945,57.20000076293945,82797.0
2023-04-26,57.5,58.75,57.5,58.5,58.5,54182.0
2023-04-27,58.5,59.099998474121094,58.150001525878906,58.599998474121094,58.599998474121094,52265.0
2023-04-28,58.900001525878906,60.900001525878906,58.900001525878906,60.099998474121094,60.099998474121094,186182.0
2023-05-02,60.400001525878906,61.75,60.25,60.95000076293945,60.95000076293945,214297.0
2023-05-03,61.0,61.349998474121094,60.0,60.150001525878906,60.150001525878906,55783.0
2023-05-04,60.900001525878906,63.400001525878906,60.45000076293945,62.70000076293945,62.70000076293945,307474.0
2023-05-05,62.70000076293945,66.69999694824219,62.45000076293945,63.0,63.0,301168.0
2023-05-08,63.20000076293945,63.599998474121094,61.54999923706055,62.099998474121094,62.099998474121094,101248.0
2023-05-09,62.0,63.45000076293945,60.650001525878906,61.0,61.0,87221.0
2023-05-10,60.70000076293945,62.20000076293945,60.349998474121094,60.900001525878906,60.900001525878906,73261.0
2023-05-11,61.04999923706055,62.900001525878906,61.04999923706055,62.0,62.0,92311.0
2023-05-12,62.0,62.25,60.849998474121094,61.150001525878906,61.150001525878906,53388.0
2023-05-15,61.150001525878906,61.79999923706055,60.79999923706055,61.0,61.0,43372.0
2023-05-16,60.79999923706055,61.900001525878906,60.79999923706055,61.349998474121094,61.349998474121094,46310.0
2023-05-17,61.349998474121094,62.0,60.5,61.45000076293945,61.45000076293945,40116.0
2023-05-18,61.45000076293945,63.0,61.349998474121094,61.70000076293945,61.70000076293945,97432.0
2023-05-19,61.79999923706055,62.900001525878906,61.25,62.04999923706055,62.04999923706055,40590.0
2023-05-22,62.0,62.20000076293945,60.79999923706055,61.0,61.0,49489.0
2023-05-23,58.70000076293945,60.900001525878906,58.599998474121094,59.79999923706055,59.79999923706055,197401.0
2023-05-24,60.79999923706055,60.79999923706055,58.099998474121094,58.70000076293945,58.70000076293945,0.0
2023-05-25,59.0,59.5,57.599998474121094,57.849998474121094,57.849998474121094,89525.0
2023-05-26,57.849998474121094,58.900001525878906,57.20000076293945,57.45000076293945,57.45000076293945,72841.0
2023-05-29,57.75,58.099998474121094,57.150001525878906,57.45000076293945,57.45000076293945,46117.0
2023-05-30,58.099998474121094,58.54999923706055,57.5,57.75,57.75,43732.0
2023-05-31,58.0,58.0,56.5,57.150001525878906,57.150001525878906,59231.0
2023-06-01,57.150001525878906,58.45000076293945,57.150001525878906,58.0,58.0,56851.0
2023-06-02,58.29999923706055,63.0,57.849998474121094,62.349998474121094,62.349998474121094,503840.0
2023-06-05,62.54999923706055,62.54999923706055,60.95000076293945,61.400001525878906,61.400001525878906,125710.0
2023-06-06,61.70000076293945,61.70000076293945,60.599998474121094,60.849998474121094,60.849998474121094,40938.0
2023-06-07,60.95000076293945,65.0,60.900001525878906,63.45000076293945,63.45000076293945,492751.0
2023-06-08,63.900001525878906,64.44999694824219,61.95000076293945,62.099998474121094,62.099998474121094,109744.0
2023-06-09,62.25,64.55000305175781,61.650001525878906,63.599998474121094,63.599998474121094,142068.0
2023-06-12,64.30000305175781,64.30000305175781,62.75,63.099998474121094,63.099998474121094,53779.0
2023-06-13,63.900001525878906,64.9000015258789,63.0,63.150001525878906,63.150001525878906,118629.0
2023-06-14,62.54999923706055,64.5,62.54999923706055,63.20000076293945,63.20000076293945,115633.0
2023-06-15,63.150001525878906,68.4000015258789,63.150001525878906,67.94999694824219,67.94999694824219,959004.0
2023-06-16,68.0,69.4000015258789,66.55000305175781,68.25,68.25,309320.0
2023-06-19,68.25,68.5,65.6500015258789,66.05000305175781,66.05000305175781,128146.0
2023-06-20,67.05000305175781,67.9000015258789,65.6500015258789,67.05000305175781,67.05000305175781,117457.0
2023-06-21,67.0,68.3499984741211,65.05000305175781,65.5999984741211,65.5999984741211,136941.0
2023-06-22,65.9000015258789,66.19999694824219,63.400001525878906,63.900001525878906,63.900001525878906,128985.0
2023-06-23,64.25,64.44999694824219,62.79999923706055,63.400001525878906,63.400001525878906,75135.0
2023-06-26,63.5,64.4000015258789,60.79999923706055,61.849998474121094,61.849998474121094,162837.0
2023-06-27,62.95000076293945,63.349998474121094,62.29999923706055,62.70000076293945,62.70000076293945,61610.0
2023-06-28,62.95000076293945,63.5,62.400001525878906,62.75,62.75,32178.0
2023-06-30,62.75,63.5,62.0,62.900001525878906,62.900001525878906,113949.0
2023-07-03,63.0,64.25,62.0,62.25,62.25,127087.0
2023-07-04,62.5,62.900001525878906,60.95000076293945,61.599998474121094,61.599998474121094,127695.0
2023-07-05,62.20000076293945,62.849998474121094,61.0,61.599998474121094,61.599998474121094,151156.0
2023-07-06,62.0,64.55000305175781,61.70000076293945,63.0,63.0,272473.0
2023-07-07,63.70000076293945,63.70000076293945,61.849998474121094,62.25,62.25,176412.0
2023-07-10,62.29999923706055,62.599998474121094,61.650001525878906,61.70000076293945,61.70000076293945,116857.0
2023-07-11,61.75,64.05000305175781,61.70000076293945,61.79999923706055,61.79999923706055,160159.0
2023-07-12,62.400001525878906,62.400001525878906,61.5,61.70000076293945,61.70000076293945,65607.0
2023-07-13,61.70000076293945,62.150001525878906,60.54999923706055,60.79999923706055,60.79999923706055,142487.0
2023-07-14,61.0,61.349998474121094,60.349998474121094,60.70000076293945,60.70000076293945,111588.0
2023-07-17,60.849998474121094,61.79999923706055,59.70000076293945,60.04999923706055,60.04999923706055,240112.0
2023-07-18,60.54999923706055,61.20000076293945,59.900001525878906,60.25,60.25,88380.0
2023-07-19,60.45000076293945,61.25,59.79999923706055,60.45000076293945,60.45000076293945,137107.0
2023-07-20,61.0,61.0,59.900001525878906,60.29999923706055,60.29999923706055,76274.0
2023-07-21,60.0,61.25,57.900001525878906,59.900001525878906,59.900001525878906,277554.0
2023-07-24,59.900001525878906,61.04999923706055,59.900001525878906,60.25,60.25,167069.0
2023-07-25,60.25,60.95000076293945,60.0,60.45000076293945,60.45000076293945,151561.0
2023-07-26,60.45000076293945,62.900001525878906,60.04999923706055,61.79999923706055,61.79999923706055,398655.0
2023-07-27,61.79999923706055,62.099998474121094,60.849998474121094,61.099998474121094,61.099998474121094,56456.0
2023-07-28,60.95000076293945,63.04999923706055,60.900001525878906,62.849998474121094,62.849998474121094,288338.0
2023-07-31,63.20000076293945,63.25,60.5,61.75,61.75,290461.0
2023-08-01,62.150001525878906,63.400001525878906,61.95000076293945,62.20000076293945,62.20000076293945,179582.0
2023-08-02,62.20000076293945,62.79999923706055,60.400001525878906,60.70000076293945,60.70000076293945,165733.0
2023-08-03,60.099998474121094,61.5,60.099998474121094,60.95000076293945,60.95000076293945,69758.0
2023-08-04,61.0,64.80000305175781,60.95000076293945,63.20000076293945,63.20000076293945,540498.0
2023-08-07,63.5,63.79999923706055,62.5,63.29999923706055,63.29999923706055,148853.0
2023-08-08,63.0,66.5999984741211,62.5,65.1500015258789,65.1500015258789,1044095.0
2023-08-09,65.5999984741211,66.44999694824219,64.0,65.8499984741211,65.8499984741211,304601.0
2023-08-10,66.9000015258789,66.94999694824219,61.849998474121094,62.5,62.5,427519.0
2023-08-11,62.900001525878906,63.29999923706055,61.5,61.900001525878906,61.900001525878906,179647.0
2023-08-14,61.900001525878906,61.900001525878906,59.79999923706055,60.150001525878906,60.150001525878906,243224.0
2023-08-16,60.79999923706055,60.79999923706055,60.0,60.099998474121094,60.099998474121094,146970.0
2023-08-17,60.5,60.79999923706055,59.400001525878906,59.650001525878906,59.650001525878906,196772.0
2023-08-18,60.0,60.599998474121094,58.5,58.849998474121094,58.849998474121094,219887.0
2023-08-21,59.95000076293945,59.95000076293945,58.349998474121094,59.349998474121094,59.349998474121094,148729.0
2023-08-22,59.45000076293945,61.25,59.04999923706055,59.75,59.75,219144.0
2023-08-23,60.5,60.70000076293945,59.400001525878906,59.79999923706055,59.79999923706055,108169.0
2023-08-24,60.650001525878906,61.0,59.599998474121094,59.849998474121094,59.849998474121094,192415.0
2023-08-25,60.0,61.70000076293945,59.79999923706055,60.150001525878906,60.150001525878906,372983.0
2023-08-28,61.54999923706055,61.54999923706055,60.20000076293945,60.45000076293945,60.45000076293945,88387.0
2023-08-29,61.0,61.099998474121094,59.95000076293945,60.150001525878906,60.150001525878906,155082.0
2023-08-30,60.5,63.25,60.5,62.25,62.25,546494.0
2023-08-31,62.900001525878906,63.20000076293945,61.25,61.45000076293945,61.45000076293945,174535.0
2023-09-01,61.45000076293945,62.400001525878906,61.150001525878906,61.400001525878906,61.400001525878906,172589.0
2023-09-04,61.900001525878906,65.94999694824219,61.150001525878906,65.1500015258789,65.1500015258789,1277835.0
2023-09-05,65.9000015258789,66.8499984741211,62.0,65.0,65.0,598707.0
2023-09-06,65.5,72.5,64.9000015258789,70.05000305175781,70.05000305175781,2769730.0
2023-09-07,69.80000305175781,74.8499984741211,69.0999984741211,72.6500015258789,72.6500015258789,1540953.0
2023-09-08,72.05000305175781,74.5,71.0,71.6500015258789,71.6500015258789,480766.0
2023-09-11,71.6500015258789,72.80000305175781,70.55000305175781,70.69999694824219,70.69999694824219,264443.0
2023-09-12,71.4000015258789,71.9000015258789,65.0999984741211,65.6500015258789,65.6500015258789,474137.0
2023-09-13,65.75,71.9000015258789,65.75,70.44999694824219,70.44999694824219,696460.0
2023-09-14,72.0,72.30000305175781,69.25,69.94999694824219,69.94999694824219,326150.0
2023-09-15,70.0,71.25,68.0999984741211,68.5,68.5,247460.0
2023-09-18,69.30000305175781,72.5,69.0,71.9000015258789,71.9000015258789,516866.0
2023-09-20,71.6500015258789,73.4000015258789,70.0,71.75,71.75,337752.0
2023-09-21,71.75,72.30000305175781,68.5,68.9000015258789,68.9000015258789,198503.0
2023-09-22,70.0,77.5999984741211,70.0,75.1500015258789,75.1500015258789,3627513.0
2023-09-25,75.4000015258789,75.80000305175781,71.6500015258789,72.0999984741211,72.0999984741211,558013.0
2023-09-26,72.5,73.19999694824219,70.5,71.19999694824219,71.19999694824219,288324.0
2023-09-27,71.5999984741211,72.80000305175781,70.69999694824219,71.44999694824219,71.44999694824219,149719.0
2023-09-28,71.5,71.9000015258789,69.19999694824219,70.05000305175781,70.05000305175781,130213.0
2023-09-29,70.19999694824219,72.25,69.8499984741211,70.69999694824219,70.69999694824219,206340.0
2023-10-03,70.0,71.0999984741211,69.5,69.8499984741211,69.8499984741211,146766.0
2023-10-04,70.55000305175781,72.5999984741211,67.4000015258789,68.5,68.5,307247.0
2023-10-05,69.19999694824219,70.55000305175781,68.94999694824219,70.0,70.0,170320.0
2023-10-06,70.05000305175781,71.5999984741211,69.6500015258789,70.0,70.0,162662.0
2023-10-09,69.0999984741211,69.44999694824219,66.0999984741211,66.9000015258789,66.9000015258789,140457.0
2023-10-10,67.19999694824219,70.05000305175781,66.75,67.30000305175781,67.30000305175781,370103.0
2023-10-11,68.30000305175781,70.55000305175781,67.6500015258789,70.0,70.0,205475.0
2023-10-12,70.0,70.3499984741211,68.5,69.0,69.0,81536.0
2023-10-13,68.5999984741211,72.5,68.4000015258789,69.3499984741211,69.3499984741211,413998.0
2023-10-16,69.75,71.05000305175781,68.5,69.69999694824219,69.69999694824219,142976.0
2023-10-17,70.0,71.4000015258789,68.69999694824219,68.94999694824219,68.94999694824219,160477.0
2023-10-18,70.0,70.55000305175781,68.25,68.8499984741211,68.8499984741211,224881.0
2023-10-19,68.80000305175781,69.5,68.25,68.5999984741211,68.5999984741211,77250.0
2023-10-20,68.0,71.4000015258789,66.44999694824219,69.69999694824219,69.69999694824219,444544.0
2023-10-23,69.80000305175781,70.69999694824219,65.19999694824219,66.8499984741211,66.8499984741211,465806.0
2023-10-25,66.9000015258789,67.5999984741211,64.0,65.9000015258789,65.9000015258789,179849.0
2023-10-26,65.25,65.25,63.04999923706055,64.55000305175781,64.55000305175781,96962.0
2023-10-27,65.44999694824219,67.0,65.44999694824219,65.94999694824219,65.94999694824219,75351.0
2023-10-30,66.4000015258789,68.6500015258789,65.6500015258789,67.8499984741211,67.8499984741211,111834.0
2023-10-31,67.8499984741211,69.0,67.0999984741211,67.5,67.5,108308.0
2023-11-01,67.55000305175781,69.19999694824219,65.0999984741211,65.44999694824219,65.44999694824219,104196.0
2023-11-02,66.44999694824219,67.94999694824219,65.80000305175781,66.80000305175781,66.80000305175781,145529.0
2023-11-03,66.94999694824219,69.94999694824219,66.75,68.8499984741211,68.8499984741211,130763.0
2023-11-06,70.0,70.0,67.4000015258789,68.25,68.25,128141.0
2023-11-07,68.69999694824219,70.0999984741211,68.30000305175781,68.8499984741211,68.8499984741211,105391.0
2023-11-08,68.44999694824219,72.3499984741211,68.4000015258789,69.80000305175781,69.80000305175781,400942.0
2023-11-09,69.75,70.0,68.19999694824219,68.55000305175781,68.55000305175781,164884.0
2023-11-10,68.69999694824219,68.69999694824219,66.8499984741211,67.05000305175781,67.05000305175781,87343.0
2023-11-13,67.55000305175781,68.30000305175781,66.8499984741211,67.05000305175781,67.05000305175781,66667.0
2023-11-15,67.69999694824219,67.75,65.5,65.6500015258789,65.6500015258789,200890.0
2023-11-16,65.94999694824219,70.19999694824219,65.9000015258789,67.8499984741211,67.8499984741211,243576.0
2023-11-17,68.0,68.1500015258789,66.9000015258789,67.0,67.0,75939.0
2023-11-20,67.0,67.75,65.4000015258789,66.05000305175781,66.05000305175781,109052.0
2023-11-21,66.75,67.0999984741211,65.9000015258789,66.05000305175781,66.05000305175781,76012.0
2023-11-22,66.5,69.75,65.94999694824219,68.30000305175781,68.30000305175781,223798.0
2023-11-23,68.69999694824219,69.5,67.05000305175781,67.44999694824219,67.44999694824219,224419.0
2023-11-24,67.80000305175781,75.80000305175781,67.80000305175781,73.80000305175781,73.80000305175781,2322582.0
2023-11-28,74.25,79.80000305175781,74.25,78.94999694824219,78.94999694824219,2099143.0
2023-11-29,79.0999984741211,83.3499984741211,78.80000305175781,80.5999984741211,80.5999984741211,1711908.0
2023-11-30,80.0,81.94999694824219,76.94999694824219,77.75,77.75,707688.0
2023-12-01,78.8499984741211,80.44999694824219,77.05000305175781,77.80000305175781,77.80000305175781,370841.0
2023-12-04,79.05000305175781,81.9000015258789,77.1500015258789,77.55000305175781,77.55000305175781,310734.0
2023-12-05,78.25,91.75,78.19999694824219,87.05000305175781,87.05000305175781,5869877.0
2023-12-06,87.0,102.0,85.30000305175781,95.4000015258789,95.4000015258789,7488061.0
2023-12-07,97.5,105.94999694824219,96.30000305175781,100.6500015258789,100.6500015258789,3814389.0
2023-12-08,102.69999694824219,120.0,102.5,117.30000305175781,117.30000305175781,9501612.0
2023-12-11,120.5,124.0,114.19999694824219,115.80000305175781,115.80000305175781,2474317.0
2023-12-12,118.0,124.0,116.44999694824219,122.3499984741211,122.3499984741211,2503631.0
2023-12-13,122.5,122.5999984741211,110.19999694824219,116.55000305175781,116.55000305175781,1425739.0
2023-12-14,116.80000305175781,125.0,112.0999984741211,120.75,120.75,1293458.0
2023-12-15,121.3499984741211,124.44999694824219,118.0999984741211,121.0999984741211,121.0999984741211,730286.0
2023-12-18,118.5,121.55000305175781,115.0,116.75,116.75,635108.0
2023-12-19,117.0999984741211,120.19999694824219,111.94999694824219,116.05000305175781,116.05000305175781,1435441.0
2023-12-20,116.0,118.3499984741211,105.19999694824219,106.69999694824219,106.69999694824219,1157099.0
2023-12-21,104.0,111.5999984741211,104.0,109.6500015258789,109.6500015258789,521396.0
2023-12-22,110.5999984741211,114.0,106.5,110.05000305175781,110.05000305175781,414800.0
2023-12-26,110.9000015258789,112.80000305175781,105.0,106.25,106.25,397349.0
2023-12-27,106.25,108.5999984741211,104.0,104.9000015258789,104.9000015258789,510534.0
2023-12-28,105.9000015258789,112.0,105.25,107.75,107.75,655730.0
2023-12-29,108.0,109.94999694824219,106.1500015258789,107.75,107.75,205700.0
2024-01-01,108.19999694824219,112.0,107.0,109.05000305175781,109.05000305175781,274936.0
2024-01-02,110.0,114.0999984741211,106.94999694824219,108.3499984741211,108.3499984741211,444730.0
2024-01-03,107.80000305175781,108.9000015258789,104.1500015258789,104.9000015258789,104.9000015258789,243611.0
2024-01-04,106.05000305175781,108.0,104.5999984741211,105.3499984741211,105.3499984741211,255632.0
2024-01-05,106.05000305175781,108.0,102.30000305175781,104.19999694824219,104.19999694824219,253072.0
2024-01-08,105.5,107.9000015258789,102.6500015258789,104.5999984741211,104.5999984741211,232866.0
2024-01-09,105.0,107.0,102.0,102.4000015258789,102.4000015258789,186838.0
2024-01-10,103.25,103.25,99.5,100.94999694824219,100.94999694824219,424979.0
2024-01-11,101.5999984741211,111.0,101.55000305175781,106.9000015258789,106.9000015258789,1125363.0
2024-01-12,106.9000015258789,109.4000015258789,103.0,104.8499984741211,104.8499984741211,310308.0
2024-01-15,106.1500015258789,107.69999694824219,100.94999694824219,101.5999984741211,101.5999984741211,465760.0
2024-01-16,102.5,104.0,98.4000015258789,99.25,99.25,384940.0
2024-01-17,98.8499984741211,104.55000305175781,98.25,101.55000305175781,101.55000305175781,427907.0
2024-01-18,101.55000305175781,105.94999694824219,97.80000305175781,103.44999694824219,103.44999694824219,839226.0
2024-01-19,103.05000305175781,108.55000305175781,101.9000015258789,104.0999984741211,104.0999984741211,701883.0
2024-01-23,116.0,121.4000015258789,110.30000305175781,116.5999984741211,116.5999984741211,2854059.0
2024-01-24,116.69999694824219,121.0,112.69999694824219,113.8499984741211,113.8499984741211,890692.0
2024-01-25,115.0,125.0,115.0,120.0,120.0,2793065.0
2024-01-29,121.0,131.9499969482422,121.0,127.19999694824219,127.19999694824219,3063075.0
2024-01-30,128.10000610351562,129.60000610351562,120.4000015258789,123.1500015258789,123.1500015258789,1121383.0
2024-01-31,123.1500015258789,133.0,122.4000015258789,130.14999389648438,130.14999389648438,2141005.0
2024-02-01,131.75,139.3000030517578,126.5999984741211,136.10000610351562,136.10000610351562,3709429.0
2024-02-02,136.0,136.0,122.5,122.5,122.5,2326422.0
2024-02-05,126.0,126.0,110.55000305175781,113.5999984741211,113.5999984741211,1332627.0
2024-02-06,114.0,118.69999694824219,111.8499984741211,117.1500015258789,117.1500015258789,733157.0
2024-02-07,119.30000305175781,132.0,118.94999694824219,124.1500015258789,124.1500015258789,2228175.0
2024-02-08,125.0999984741211,130.0,121.5,126.30000305175781,126.30000305175781,779282.0
2024-02-09,126.30000305175781,128.1999969482422,118.0,121.05000305175781,121.05000305175781,701923.0
2024-02-12,121.19999694824219,122.80000305175781,113.25,114.69999694824219,114.69999694824219,484046.0
2024-02-13,115.5,115.5,109.19999694824219,110.80000305175781,110.80000305175781,396687.0
2024-02-14,109.0,115.80000305175781,108.80000305175781,115.25,115.25,243780.0
2024-02-15,114.30000305175781,125.55000305175781,114.0,122.75,122.75,1050156.0
2024-02-16,123.0,124.80000305175781,119.55000305175781,121.19999694824219,121.19999694824219,324955.0
2024-02-19,120.55000305175781,127.3499984741211,119.0,125.5999984741211,125.5999984741211,878523.0
2024-02-20,125.05000305175781,126.69999694824219,118.19999694824219,119.69999694824219,119.69999694824219,611057.0
2024-02-21,119.0999984741211,121.3499984741211,116.25,117.8499984741211,117.8499984741211,456675.0
2024-02-22,117.0,125.0,113.75,118.69999694824219,118.69999694824219,1069192.0
2024-02-23,117.5,121.19999694824219,117.5,120.19999694824219,120.19999694824219,279245.0
2024-02-26,119.05000305175781,119.8499984741211,114.5,115.3499984741211,115.3499984741211,268389.0
2024-02-27,115.9000015258789,117.8499984741211,113.0999984741211,113.94999694824219,113.94999694824219,323854.0
2024-02-28,114.0,117.44999694824219,110.1500015258789,111.75,111.75,353782.0
2024-02-29,112.0999984741211,115.0,108.75,114.75,114.75,351703.0
2024-03-01,115.4000015258789,117.05000305175781,112.0999984741211,113.0,113.0,647882.0
2024-03-04,114.0,114.05000305175781,109.0999984741211,110.1500015258789,110.1500015258789,202582.0
2024-03-05,110.5,111.0,105.1500015258789,106.55000305175781,106.55000305175781,458954.0
2024-03-06,106.0,108.3499984741211,101.8499984741211,106.30000305175781,106.30000305175781,392369.0
2024-03-07,106.5,109.0,105.44999694824219,106.19999694824219,106.19999694824219,213073.0
2024-03-11,107.80000305175781,107.8499984741211,101.5999984741211,102.55000305175781,102.55000305175781,540255.0
2024-03-12,103.19999694824219,104.0,96.0,97.4000015258789,97.4000015258789,516489.0
2024-03-13,97.55000305175781,100.3499984741211,88.19999694824219,89.55000305175781,89.55000305175781,520159.0
2024-03-14,87.3499984741211,97.05000305175781,85.80000305175781,94.94999694824219,94.94999694824219,406553.0
2024-03-15,94.5999984741211,96.9000015258789,87.80000305175781,89.80000305175781,89.80000305175781,936669.0
2024-03-18,89.94999694824219,92.19999694824219,87.30000305175781,88.8499984741211,88.8499984741211,473995.0
2024-03-19,89.19999694824219,91.0,87.5,88.0999984741211,88.0999984741211,194275.0
2024-03-20,88.25,92.1500015258789,85.94999694824219,91.3499984741211,91.3499984741211,368640.0
2024-03-21,93.0,94.30000305175781,89.19999694824219,90.0,90.0,1227689.0
2024-03-22,90.44999694824219,93.3499984741211,89.8499984741211,91.30000305175781,91.30000305175781,716039.0
2024-03-26,91.5,92.5999984741211,86.80000305175781,87.75,87.75,1246793.0
2024-03-27,87.75,94.8499984741211,87.75,90.9000015258789,90.9000015258789,1276797.0
2024-03-28,92.25,94.55000305175781,90.5999984741211,91.30000305175781,91.30000305175781,500636.0
2024-04-01,92.80000305175781,98.5999984741211,92.1500015258789,97.6500015258789,97.6500015258789,520384.0
2024-04-02,98.1500015258789,103.0,96.9000015258789,101.6500015258789,101.6500015258789,550473.0
2024-04-03,102.6500015258789,104.25,100.4000015258789,102.9000015258789,102.9000015258789,322635.0
2024-04-04,103.05000305175781,107.05000305175781,102.19999694824219,105.55000305175781,105.55000305175781,454159.0
2024-04-05,105.94999694824219,107.94999694824219,104.19999694824219,106.1500015258789,106.1500015258789,394115.0
2024-04-08,107.25,107.25,102.6500015258789,103.4000015258789,103.4000015258789,224244.0
2024-04-09,103.94999694824219,106.0999984741211,100.0999984741211,100.69999694824219,100.69999694824219,294413.0
2024-04-10,101.69999694824219,102.94999694824219,99.05000305175781,99.69999694824219,99.69999694824219,312068.0
2024-04-12,98.9000015258789,100.75,97.0,97.55000305175781,97.55000305175781,289701.0
2024-04-15,95.25,96.80000305175781,92.25,95.0,95.0,184290.0
2024-04-16,93.8499984741211,96.94999694824219,93.55000305175781,95.4000015258789,95.4000015258789,162356.0
2024-04-18,95.4000015258789,100.0,95.4000015258789,98.44999694824219,98.44999694824219,279465.0
2024-04-19,98.19999694824219,101.6500015258789,95.4000015258789,98.80000305175781,98.80000305175781,212694.0
2024-04-22,99.0,103.8499984741211,98.30000305175781,102.19999694824219,102.19999694824219,290572.0
2024-04-23,103.0,106.19999694824219,102.5999984741211,104.8499984741211,104.8499984741211,387947.0
2024-04-24,104.8499984741211,106.55000305175781,100.0,102.69999694824219,102.69999694824219,192667.0
2024-04-25,103.5,107.19999694824219,102.69999694824219,104.44999694824219,104.44999694824219,202069.0
2024-04-26,104.6500015258789,105.0,102.0999984741211,102.4000015258789,102.4000015258789,140059.0
2024-04-29,104.0,106.0999984741211,102.05000305175781,102.30000305175781,102.30000305175781,260421.0
2024-04-30,102.55000305175781,103.80000305175781,100.05000305175781,101.0,101.0,127405.0
2024-05-02,101.05000305175781,102.19999694824219,98.0999984741211,98.6500015258789,98.6500015258789,218523.0
2024-05-03,99.5999984741211,100.0,97.0,97.30000305175781,97.30000305175781,126274.0
2024-05-06,97.80000305175781,98.5,93.4000015258789,94.9000015258789,94.9000015258789,188926.0
2024-05-07,95.4000015258789,95.8499984741211,91.0,93.19999694824219,93.19999694824219,300418.0
2024-05-08,94.5999984741211,97.8499984741211,91.80000305175781,94.9000015258789,94.9000015258789,401413.0
2024-05-09,95.1500015258789,95.8499984741211,90.0,91.25,91.25,207609.0
2024-05-10,91.30000305175781,93.9000015258789,91.05000305175781,91.55000305175781,91.55000305175781,143332.0
2024-05-13,90.80000305175781,99.69999694824219,86.25,98.19999694824219,98.19999694824219,1333697.0
2024-05-14,98.0999984741211,98.19999694824219,91.80000305175781,92.94999694824219,92.94999694824219,349424.0
2024-05-15,93.19999694824219,94.94999694824219,92.1500015258789,92.9000015258789,92.9000015258789,153576.0
2024-05-16,93.0,95.05000305175781,92.4000015258789,92.75,92.75,138307.0
2024-05-17,93.4000015258789,96.69999694824219,92.5,94.5,94.5,164110.0
2024-05-21,94.05000305175781,94.5999984741211,92.0,92.25,92.25,91102.0
2024-05-22,92.80000305175781,96.44999694824219,91.75,94.4000015258789,94.4000015258789,180284.0
2024-05-23,93.5,94.69999694824219,91.8499984741211,92.55000305175781,92.55000305175781,116299.0
2024-05-24,92.5,93.0,89.25,89.6500015258789,89.6500015258789,145215.0
2024-05-27,89.6500015258789,90.4000015258789,84.5,85.1500015258789,85.1500015258789,609459.0
2024-05-28,84.5,87.0999984741211,83.6500015258789,85.44999694824219,85.44999694824219,285145.0
2024-05-29,84.80000305175781,87.5,84.30000305175781,86.4000015258789,86.4000015258789,125821.0
2024-05-30,85.4000015258789,86.5,83.05000305175781,83.3499984741211,83.3499984741211,141140.0
2024-05-31,84.30000305175781,85.0,80.9000015258789,81.30000305175781,81.30000305175781,233943.0
2024-06-03,84.9000015258789,86.05000305175781,81.69999694824219,82.5999984741211,82.5999984741211,207652.0
2024-06-04,82.5,83.0,73.55000305175781,76.69999694824219,76.69999694824219,502030.0
2024-06-05,77.0999984741211,83.94999694824219,76.0,83.0,83.0,244758.0
2024-06-06,83.0,88.80000305175781,83.0,86.55000305175781,86.55000305175781,256243.0
2024-06-07,86.5,88.0,82.94999694824219,85.4000015258789,85.4000015258789,180027.0
2024-06-10,86.4000015258789,88.70999908447266,85.19999694824219,86.36000061035156,86.36000061035156,186975.0
2024-06-11,86.30000305175781,89.0,86.16000366210938,87.62999725341797,87.62999725341797,133999.0
2024-06-12,87.81999969482422,89.0,87.69999694824219,87.9000015258789,87.9000015258789,135873.0
2024-06-13,88.9000015258789,88.9000015258789,86.55999755859375,87.54000091552734,87.54000091552734,118269.0
2024-06-14,87.88999938964844,94.26000213623047,87.88999938964844,91.9000015258789,91.9000015258789,1842962.0
2024-06-18,93.94000244140625,93.94000244140625,90.72000122070312,91.83000183105469,91.83000183105469,250758.0
2024-06-19,91.5,92.9000015258789,88.30000305175781,88.94000244140625,88.94000244140625,156867.0
2024-06-20,88.94000244140625,94.25,88.80000305175781,93.29000091552734,93.29000091552734,597652.0
2024-06-21,94.44999694824219,94.5,91.58000183105469,91.87000274658203,91.87000274658203,151641.0
2024-06-24,91.9000015258789,93.5,89.91000366210938,91.30999755859375,91.30999755859375,193395.0
2024-06-25,91.5,92.9000015258789,89.5,89.77999877929688,89.77999877929688,117266.0
2024-06-26,89.77999877929688,98.94000244140625,89.16000366210938,94.9000015258789,94.9000015258789,922965.0
2024-06-27,95.75,95.75,90.5,91.41000366210938,91.41000366210938,312798.0
2024-06-28,92.5,93.25,89.95999908447266,90.20999908447266,90.20999908447266,273851.0
2024-07-01,91.0,93.77999877929688,89.88999938964844,90.66000366210938,90.66000366210938,325950.0
2024-07-02,91.0,92.58999633789062,88.61000061035156,89.0999984741211,89.0999984741211,223232.0
2024-07-03,89.80000305175781,90.30000305175781,86.55000305175781,87.66999816894531,87.66999816894531,445181.0
2024-07-04,88.30000305175781,88.7699966430664,86.02999877929688,86.37999725341797,86.37999725341797,334919.0
2024-07-05,86.5,88.58000183105469,85.38999938964844,86.77999877929688,86.77999877929688,469732.0
2024-07-08,87.5999984741211,89.25,85.0999984741211,85.47000122070312,85.47000122070312,206654.0
2024-07-09,85.19999694824219,87.5199966430664,81.20999908447266,82.11000061035156,82.11000061035156,873140.0
2024-07-10,82.69999694824219,85.5,81.0,84.05000305175781,84.05000305175781,419745.0
2024-07-11,84.44999694824219,85.12000274658203,83.55000305175781,83.91999816894531,83.91999816894531,227175.0
2024-07-12,84.0999984741211,84.98999786376953,81.75,82.0,82.0,259028.0
2024-07-15,83.0,85.9000015258789,83.0,83.45999908447266,83.45999908447266,274957.0
2024-07-16,83.8499984741211,87.0999984741211,83.19999694824219,83.5199966430664,83.5199966430664,839267.0
2024-07-18,83.80000305175781,83.94999694824219,79.11000061035156,80.44999694824219,80.44999694824219,376867.0
2024-07-19,80.73999786376953,81.83999633789062,76.5,77.58000183105469,77.58000183105469,330372.0
2024-07-22,76.0,79.87999725341797,76.0,78.7300033569336,78.7300033569336,227468.0
2024-07-23,79.55999755859375,80.4800033569336,75.0,79.13999938964844,79.13999938964844,380053.0
2024-07-24,79.30000305175781,81.79000091552734,77.41999816894531,79.91999816894531,79.91999816894531,283833.0
2024-07-25,79.91999816894531,83.9000015258789,78.98999786376953,82.80000305175781,82.80000305175781,257356.0
2024-07-26,83.0999984741211,84.0,81.51000213623047,82.37999725341797,82.37999725341797,197463.0
2024-07-29,82.94999694824219,82.94999694824219,79.61000061035156,79.91000366210938,79.91000366210938,429120.0
2024-07-30,80.4000015258789,83.5999984741211,79.69999694824219,82.95999908447266,82.95999908447266,404287.0
2024-07-31,82.9000015258789,88.1500015258789,82.0999984741211,87.13999938964844,87.13999938964844,991997.0
2024-08-01,88.87999725341797,89.0,84.44000244140625,85.2699966430664,85.2699966430664,397970.0
2024-08-02,84.05999755859375,85.3499984741211,83.19000244140625,84.19999694824219,84.19999694824219,245421.0
2024-08-05,82.0,88.5999984741211,80.08000183105469,86.29000091552734,86.29000091552734,1226156.0
2024-08-06,86.0,88.5,83.0,83.88999938964844,83.88999938964844,598986.0
2024-08-07,84.94999694824219,87.25,84.19999694824219,85.25,85.25,377258.0
2024-08-08,86.55000305175781,87.73999786376953,83.0999984741211,83.58000183105469,83.58000183105469,301905.0
2024-08-09,85.0,95.0,85.0,91.44999694824219,91.44999694824219,3472668.0
2024-08-12,92.5,96.93000030517578,91.41000366210938,94.05000305175781,94.05000305175781,1500819.0
2024-08-13,94.69999694824219,95.05000305175781,88.0999984741211,88.52999877929688,88.52999877929688,696865.0
2024-08-14,88.69999694824219,91.80000305175781,85.5199966430664,89.88999938964844,89.88999938964844,570374.0
2024-08-16,90.13999938964844,93.04000091552734,88.26000213623047,89.52999877929688,89.52999877929688,368112.0
2024-08-19,89.52999877929688,94.30000305175781,88.8499984741211,92.04000091552734,92.04000091552734,762111.0
2024-08-20,92.3499984741211,92.94000244140625,89.72000122070312,90.44000244140625,90.44000244140625,354883.0
2024-08-21,92.0,98.0,91.45999908447266,95.4800033569336,95.4800033569336,1556090.0
2024-08-22,96.0,100.5,94.55000305175781,96.69999694824219,96.69999694824219,1182608.0
2024-08-23,96.0999984741211,97.23999786376953,94.05999755859375,95.44000244140625,95.44000244140625,463962.0
2024-08-26,96.0999984741211,107.5999984741211,96.0999984741211,100.62000274658203,100.62000274658203,4012053.0
2024-08-27,101.1500015258789,114.4800033569336,101.0,111.33999633789062,111.33999633789062,6939612.0
2024-08-28,111.33000183105469,115.9000015258789,106.5,107.73999786376953,107.73999786376953,2195510.0
2024-08-29,107.73999786376953,109.94999694824219,100.30000305175781,102.86000061035156,102.86000061035156,1377099.0
2024-08-30,103.9000015258789,108.0,101.9000015258789,104.30999755859375,104.30999755859375,998804.0
2024-09-02,105.69999694824219,106.69999694824219,99.5999984741211,100.38999938964844,100.38999938964844,553850.0
2024-09-03,100.37999725341797,102.44999694824219,97.06999969482422,98.23999786376953,98.23999786376953,786010.0
2024-09-04,97.7699966430664,104.51000213623047,96.5,100.36000061035156,100.36000061035156,1219874.0
2024-09-05,100.80000305175781,104.9000015258789,100.11000061035156,104.0999984741211,104.0999984741211,800373.0
2024-09-06,106.0,106.0,99.9000015258789,100.55999755859375,100.55999755859375,669817.0
2024-09-09,101.75,103.9000015258789,98.72000122070312,100.48999786376953,100.48999786376953,472390.0
2024-09-10,101.29000091552734,106.0,100.94999694824219,103.94000244140625,103.94000244140625,933861.0
2024-09-11,103.94000244140625,108.4000015258789,102.9000015258789,103.86000061035156,103.86000061035156,1222994.0
2024-09-12,104.0,105.9000015258789,101.80000305175781,102.69000244140625,102.69000244140625,420999.0
2024-09-13,102.80000305175781,106.33999633789062,101.3499984741211,101.83999633789062,101.83999633789062,600611.0
2024-09-16,102.4000015258789,102.6500015258789,99.0999984741211,99.76000213623047,99.76000213623047,443748.0
2024-09-17,100.48999786376953,101.30000305175781,97.41000366210938,98.06999969482422,98.06999969482422,365478.0
2024-09-18,98.58999633789062,98.94999694824219,95.0,97.12999725341797,97.12999725341797,550071.0
2024-09-19,98.5,108.80000305175781,94.25,107.18000030517578,107.18000030517578,3125162.0
2024-09-20,108.5999984741211,112.5,104.5,105.55000305175781,105.55000305175781,5053968.0
2024-09-23,107.0,107.05000305175781,103.58999633789062,104.30000305175781,104.30000305175781,631458.0
2024-09-24,104.48999786376953,107.08999633789062,103.7300033569336,104.83000183105469,104.83000183105469,606141.0
2024-09-25,105.4000015258789,108.98999786376953,101.25,107.81999969482422,107.81999969482422,1420994.0
2024-09-26,107.94999694824219,108.8499984741211,103.05999755859375,103.66000366210938,103.66000366210938,505672.0
2024-09-27,104.9000015258789,110.9000015258789,103.0,106.7300033569336,106.7300033569336,1498185.0
2024-09-30,106.55000305175781,110.5,105.16000366210938,107.25,107.25,980554.0
2024-10-01,107.69999694824219,109.80000305175781,104.08000183105469,107.66999816894531,107.66999816894531,553935.0
2024-10-03,105.19999694824219,109.0,102.0,102.88999938964844,102.88999938964844,761062.0
2024-10-04,103.04000091552734,104.48999786376953,97.80999755859375,100.0199966430664,100.0199966430664,848868.0
2024-10-07,99.44999694824219,100.58999633789062,93.55999755859375,94.22000122070312,94.22000122070312,576882.0
2024-10-08,94.19999694824219,101.69999694824219,93.18000030517578,101.18000030517578,101.18000030517578,583296.0
2024-10-09,102.0,103.16999816894531,99.5,100.55999755859375,100.55999755859375,285587.0
2024-10-10,101.44999694824219,102.19000244140625,98.80000305175781,99.56999969482422,99.56999969482422,211354.0
2024-10-11,99.88999938964844,101.38999938964844,98.5999984741211,99.79000091552734,99.79000091552734,210548.0
2024-10-14,100.25,100.80000305175781,98.77999877929688,99.62999725341797,99.62999725341797,193836.0
2024-10-15,100.0999984741211,101.9800033569336,98.29000091552734,98.8499984741211,98.8499984741211,167377.0
2024-10-16,99.0,102.75,98.29000091552734,101.87000274658203,101.87000274658203,274704.0
2024-10-17,101.9000015258789,103.87999725341797,99.41999816894531,100.2300033569336,100.2300033569336,386991.0
2024-10-18,99.9000015258789,99.94999694824219,97.0199966430664,97.69000244140625,97.69000244140625,330308.0
2024-10-21,97.69000244140625,98.08999633789062,94.20999908447266,95.31999969482422,95.31999969482422,395983.0
2024-10-22,95.0999984741211,95.52999877929688,87.63999938964844,88.80000305175781,88.80000305175781,420094.0
2024-10-23,89.51000213623047,93.01000213623047,87.98999786376953,89.31999969482422,89.31999969482422,428135.0
2024-10-24,89.97000122070312,90.9000015258789,88.9800033569336,89.95999908447266,89.95999908447266,266455.0
2024-10-25,90.0,91.0,85.80000305175781,87.44999694824219,87.44999694824219,369614.0
2024-10-28,87.79000091552734,90.4800033569336,86.11000061035156,90.01000213623047,90.01000213623047,218553.0
2024-10-29,90.01000213623047,93.0,89.4000015258789,92.31999969482422,92.31999969482422,186702.0
2024-10-30,92.62000274658203,95.9800033569336,91.72000122070312,94.86000061035156,94.86000061035156,238106.0
2024-10-31,93.94999694824219,95.20999908447266,92.61000061035156,93.91000366210938,93.91000366210938,134717.0
2024-11-01,94.19999694824219,96.37000274658203,92.5999984741211,93.86000061035156,93.86000061035156,154075.0
2024-11-04,94.0,94.0,90.55999755859375,91.93000030517578,91.93000030517578,155579.0
2024-11-05,91.9000015258789,92.9000015258789,90.68000030517578,92.58000183105469,92.58000183105469,114830.0
2024-11-06,93.0,98.0,90.31999969482422,93.63999938964844,93.63999938964844,472027.0
2024-11-07,92.5999984741211,97.2699966430664,92.0999984741211,94.9800033569336,94.9800033569336,436949.0
2024-11-08,94.9800033569336,95.6500015258789,89.44000244140625,90.56999969482422,90.56999969482422,241142.0
2024-11-11,90.0,90.80000305175781,87.56999969482422,87.81999969482422,87.81999969482422,270295.0
2024-11-12,87.5,89.5,86.0999984741211,86.7699966430664,86.7699966430664,107627.0
2024-11-13,86.4800033569336,87.44000244140625,82.1500015258789,82.69000244140625,82.69000244140625,171491.0
2024-11-14,83.12000274658203,84.98999786376953,82.01000213623047,82.36000061035156,82.36000061035156,158820.0
2024-11-18,82.48999786376953,83.33999633789062,79.80999755859375,81.63999938964844,81.63999938964844,230869.0
2024-11-19,81.94000244140625,84.9000015258789,81.01000213623047,83.26000213623047,83.26000213623047,111297.0
2024-11-21,83.4000015258789,83.4000015258789,80.01000213623047,80.87000274658203,80.87000274658203,90394.0
2024-11-22,80.87000274658203,82.02999877929688,79.75,81.18000030517578,81.18000030517578,232476.0
2024-11-25,82.0,86.94000244140625,82.0,83.9000015258789,83.9000015258789,263693.0
2024-11-26,83.94999694824219,86.0999984741211,83.8499984741211,85.7699966430664,85.7699966430664,116033.0
2024-11-27,85.94000244140625,87.16999816894531,85.0,86.44999694824219,86.44999694824219,106317.0
2024-11-28,86.80000305175781,87.70999908447266,85.12999725341797,85.44999694824219,85.44999694824219,99398.0
2024-11-29,85.75,86.5,85.0999984741211,85.56999969482422,85.56999969482422,67626.0
2024-12-02,86.0,86.5999984741211,84.19000244140625,85.87999725341797,85.87999725341797,386839.0
2024-12-03,85.87999725341797,89.0,85.87999725341797,88.0199966430664,88.0199966430664,238912.0
2024-12-04,87.94999694824219,88.75,86.58000183105469,87.73999786376953,87.73999786376953,153865.0
2024-12-05,87.0199966430664,88.44999694824219,87.0,87.29000091552734,87.29000091552734,107142.0
2024-12-06,87.0999984741211,91.8499984741211,86.63999938964844,91.37999725341797,91.37999725341797,422523.0
2024-12-09,91.30000305175781,92.5,89.3499984741211,90.4000015258789,90.4000015258789,296665.0
2024-12-10,90.83999633789062,92.01000213623047,90.33999633789062,90.91999816894531,90.91999816894531,237398.0
2024-12-11,90.91999816894531,97.30000305175781,90.91999816894531,93.56999969482422,93.56999969482422,911993.0
2024-12-12,93.5,93.80000305175781,90.5999984741211,90.88999938964844,90.88999938964844,162109.0
2024-12-13,90.79000091552734,90.79000091552734,87.95999908447266,88.88999938964844,88.88999938964844,158835.0
2024-12-16,88.88999938964844,90.79000091552734,86.0199966430664,86.36000061035156,86.36000061035156,362290.0
2024-12-17,86.44999694824219,87.31999969482422,85.0199966430664,85.5,85.5,128703.0
2024-12-18,85.94000244140625,86.94000244140625,84.26000213623047,84.98999786376953,84.98999786376953,105386.0
2024-12-19,84.5,84.94999694824219,83.5,84.4000015258789,84.4000015258789,68645.0
2024-12-20,84.05000305175781,84.9000015258789,82.37000274658203,82.91000366210938,82.91000366210938,229791.0
2024-12-23,83.0,83.43000030517578,81.25,81.86000061035156,81.86000061035156,67681.0
2024-12-24,81.25,83.23999786376953,80.61000061035156,81.91000366210938,81.91000366210938,99748.0
2024-12-26,81.45999908447266,82.94999694824219,81.20999908447266,82.05000305175781,82.05000305175781,65599.0
2024-12-27,81.4000015258789,83.16999816894531,81.4000015258789,82.61000061035156,82.61000061035156,60492.0
2024-12-30,82.0999984741211,83.4800033569336,79.95999908447266,80.4000015258789,80.4000015258789,93433.0
2024-12-31,80.30000305175781,81.81999969482422,80.05000305175781,81.26000213623047,81.26000213623047,35606.0
2025-01-01,81.5,83.5,80.94000244140625,82.33000183105469,82.33000183105469,167179.0
2025-01-02,83.30000305175781,84.0,82.0199966430664,83.06999969482422,83.06999969482422,75244.0
2025-01-03,84.19000244140625,96.37000274658203,84.0,89.87000274658203,89.87000274658203,1929155.0
2025-01-06,90.72000122070312,90.73999786376953,82.8499984741211,83.12000274658203,83.12000274658203,308290.0
2025-01-07,84.0,88.0,82.94999694824219,87.7300033569336,87.7300033569336,234858.0
2025-01-08,87.0,93.0,86.0999984741211,88.16999816894531,88.16999816894531,441416.0
2025-01-09,88.94999694824219,91.44999694824219,86.5999984741211,87.72000122070312,87.72000122070312,233980.0
2025-01-10,87.72000122070312,87.7699966430664,83.51000213623047,84.43000030517578,84.43000030517578,152218.0
2025-01-13,83.25,83.9800033569336,80.5,81.62000274658203,81.62000274658203,186333.0
2025-01-14,81.4000015258789,92.86000061035156,81.01000213623047,90.80999755859375,90.80999755859375,334894.0
2025-01-15,93.0,94.48999786376953,89.63999938964844,92.61000061035156,92.61000061035156,816503.0
2025-01-16,92.4000015258789,94.9000015258789,84.9000015258789,85.91999816894531,85.91999816894531,1618621.0
2025-01-17,86.30000305175781,90.44000244140625,83.0,84.41000366210938,84.41000366210938,956300.0
2025-01-20,85.5,86.69999694824219,84.0,84.75,84.75,231967.0
2025-01-21,84.5,84.5,82.16000366210938,82.73999786376953,82.73999786376953,204104.0
2025-01-22,82.83999633789062,86.4000015258789,81.45999908447266,83.0999984741211,83.0999984741211,279992.0
2025-01-23,82.20999908447266,83.9000015258789,82.20999908447266,83.1500015258789,83.1500015258789,68954.0
2025-01-24,83.0,83.98999786376953,81.88999938964844,83.23999786376953,83.23999786376953,146895.0
2025-01-27,83.0,83.0,80.0199966430664,80.62000274658203,80.62000274658203,236830.0
2025-01-28,81.75,81.75,78.08999633789062,78.62999725341797,78.62999725341797,175500.0
2025-01-29,79.94999694824219,81.4800033569336,78.5,79.4800033569336,79.4800033569336,91478.0
2025-01-30,79.9000015258789,83.30000305175781,79.3499984741211,80.47000122070312,80.47000122070312,218227.0
2025-01-31,80.80000305175781,81.5999984741211,79.41000366210938,80.12999725341797,80.12999725341797,126133.0
2025-02-01,80.5999984741211,83.9000015258789,79.11000061035156,82.41999816894531,82.41999816894531,345344.0
2025-02-03,81.62000274658203,86.5,80.76000213623047,85.72000122070312,85.72000122070312,540482.0
2025-02-04,85.55999755859375,87.69999694824219,84.11000061035156,84.4000015258789,84.4000015258789,165806.0
2025-02-05,85.23999786376953,86.41000366210938,83.5,83.97000122070312,83.97000122070312,158596.0
2025-02-06,83.98999786376953,84.83999633789062,82.3499984741211,82.63999938964844,82.63999938964844,111785.0
2025-02-07,83.8499984741211,83.8499984741211,80.80000305175781,81.19000244140625,81.19000244140625,87657.0
2025-02-10,82.33999633789062,82.33999633789062,75.70999908447266,77.6500015258789,77.6500015258789,149812.0
2025-02-11,77.5999984741211,80.4800033569336,77.4000015258789,77.69000244140625,77.69000244140625,249669.0
2025-02-12,77.1500015258789,78.0,75.25,77.61000061035156,77.61000061035156,161174.0
2025-02-13,77.5,78.4000015258789,73.05000305175781,73.61000061035156,73.61000061035156,262369.0
2025-02-14,73.69999694824219,74.5,68.98999786376953,71.16999816894531,71.16999816894531,266493.0
2025-02-17,71.3499984741211,74.58999633789062,69.6500015258789,74.06999969482422,74.06999969482422,329049.0
2025-02-18,73.0999984741211,73.5,70.20999908447266,70.76000213623047,70.76000213623047,141301.0
2025-02-19,69.30000305175781,73.63999938964844,69.1500015258789,70.94999694824219,70.94999694824219,160793.0
2025-02-20,72.26000213623047,73.94999694824219,71.0,72.91000366210938,72.91000366210938,75977.0
2025-02-21,72.6500015258789,74.3499984741211,71.5999984741211,72.02999877929688,72.02999877929688,83498.0
2025-02-24,72.5999984741211,74.94999694824219,67.0,72.79000091552734,72.79000091552734,362247.0
2025-02-25,71.69999694824219,73.79000091552734,71.30000305175781,71.55999755859375,71.55999755859375,63762.0
2025-02-27,71.55000305175781,71.69000244140625,67.01000213623047,69.45999908447266,69.45999908447266,203825.0
2025-02-28,68.5,69.83999633789062,62.11000061035156,64.06999969482422,64.06999969482422,259020.0
2025-03-03,65.05000305175781,65.62999725341797,58.959999084472656,61.86000061035156,61.86000061035156,435993.0
2025-03-04,61.04999923706055,63.58000183105469,60.5099983215332,61.91999816894531,61.91999816894531,212805.0
2025-03-05,62.22999954223633,65.5,62.220001220703125,64.76000213623047,64.76000213623047,197020.0
2025-03-06,65.0,67.5,64.25,64.79000091552734,64.79000091552734,234752.0
2025-03-07,65.26000213623047,67.26000213623047,65.1500015258789,67.02999877929688,67.02999877929688,243118.0
2025-03-10,66.3499984741211,67.44999694824219,63.0,63.540000915527344,63.540000915527344,249186.0
2025-03-11,63.5,64.41000366210938,62.0099983215332,62.66999816894531,62.66999816894531,250301.0
2025-03-12,62.9900016784668,63.79999923706055,57.0,58.13999938964844,58.13999938964844,751432.0
2025-03-13,58.4900016784668,59.849998474121094,57.31999969482422,57.849998474121094,57.849998474121094,265874.0
2025-03-17,58.04999923706055,58.439998626708984,55.150001525878906,55.7599983215332,55.7599983215332,254909.0
2025-03-18,55.7599983215332,55.7599983215332,55.7599983215332,55.7599983215332,55.7599983215332,0.0
2025-03-19,57.599998474121094,60.63999938964844,57.599998474121094,59.5099983215332,59.5099983215332,533347.0
2025-03-20,60.25,66.54000091552734,60.25,65.19000244140625,65.19000244140625,926683.0
2025-03-21,64.1500015258789,66.9000015258789,63.08000183105469,65.41999816894531,65.41999816894531,529316.0
2025-03-24,66.0,67.98999786376953,65.61000061035156,67.12000274658203,67.12000274658203,312374.0
2025-03-25,68.1500015258789,68.44000244140625,65.5,65.91000366210938,65.91000366210938,535399.0
2025-03-26,65.98999786376953,67.4000015258789,64.19999694824219,64.5199966430664,64.5199966430664,345562.0
2025-03-27,64.01000213623047,66.01000213623047,64.0,64.5,64.5,330284.0
2025-03-28,64.94999694824219,66.88999938964844,64.0,64.16999816894531,64.16999816894531,345694.0
2025-04-01,65.05000305175781,66.86000061035156,64.69999694824219,65.91000366210938,65.91000366210938,135047.0
2025-04-02,66.5999984741211,67.5999984741211,64.01000213623047,66.16999816894531,66.16999816894531,222278.0
2025-04-03,66.0,69.20999908447266,65.11000061035156,68.1500015258789,68.1500015258789,234649.0
2025-04-04,68.08999633789062,68.08999633789062,64.4000015258789,64.83999633789062,64.83999633789062,157030.0
2025-04-07,62.0,63.849998474121094,60.099998474121094,63.02000045776367,63.02000045776367,277201.0
2025-04-08,63.20000076293945,64.19000244140625,62.34000015258789,63.650001525878906,63.650001525878906,91600.0
2025-04-09,63.29999923706055,63.45000076293945,61.709999084472656,62.2400016784668,62.2400016784668,179342.0
2025-04-11,63.150001525878906,63.56999969482422,62.5,63.0099983215332,63.0099983215332,63552.0
2025-04-15,63.54999923706055,65.69999694824219,63.54999923706055,65.23999786376953,65.23999786376953,102906.0
2025-04-16,64.80999755859375,68.38999938964844,64.80999755859375,67.70999908447266,67.70999908447266,106585.0
2025-04-17,67.47000122070312,69.69999694824219,66.8499984741211,69.02999877929688,69.02999877929688,142107.0
2025-04-21,68.98999786376953,70.5,67.70999908447266,69.44999694824219,69.44999694824219,258827.0
2025-04-22,69.8499984741211,70.18000030517578,68.19999694824219,68.5999984741211,68.5999984741211,107220.0
2025-04-23,69.38999938964844,69.9800033569336,67.45999908447266,69.5,69.5,226541.0
2025-04-24,69.19999694824219,71.98999786376953,68.5999984741211,68.97000122070312,68.97000122070312,161450.0
2025-04-25,69.05000305175781,69.41999816894531,66.1500015258789,66.51000213623047,66.51000213623047,68736.0
2025-04-28,66.94999694824219,66.94999694824219,63.33000183105469,64.45999908447266,64.45999908447266,253454.0
2025-04-29,63.79999923706055,65.45999908447266,62.849998474121094,63.97999954223633,63.97999954223633,82385.0
2025-04-30,63.75,64.19999694824219,62.33000183105469,62.599998474121094,62.599998474121094,61277.0
2025-05-02,61.79999923706055,64.20999908447266,61.79999923706055,62.459999084472656,62.459999084472656,67970.0
2025-05-05,62.349998474121094,64.01000213623047,61.720001220703125,63.279998779296875,63.279998779296875,65037.0
2025-05-06,63.27000045776367,63.779998779296875,60.66999816894531,61.040000915527344,61.040000915527344,86149.0
2025-05-07,60.08000183105469,62.29999923706055,60.08000183105469,60.849998474121094,60.849998474121094,68695.0
2025-05-08,61.0099983215332,63.25,59.849998474121094,61.130001068115234,61.130001068115234,181803.0
2025-05-09,57.54999923706055,60.900001525878906,57.54999923706055,59.83000183105469,59.83000183105469,109392.0
2025-05-12,61.45000076293945,64.16999816894531,61.45000076293945,63.29999923706055,63.29999923706055,71992.0
2025-05-13,63.59000015258789,64.48999786376953,63.04999923706055,63.38999938964844,63.38999938964844,37073.0
2025-05-14,63.04999923706055,66.5,63.04999923706055,65.38999938964844,65.38999938964844,179893.0
2025-05-15,65.91999816894531,66.75,64.83999633789062,65.87000274658203,65.87000274658203,115910.0
2025-05-16,64.5,65.48999786376953,63.40999984741211,64.66000366210938,64.66000366210938,203193.0
2025-05-19,67.13999938964844,70.0,65.5,67.25,67.25,563755.0
2025-05-20,68.20999908447266,68.30000305175781,64.80000305175781,65.36000061035156,65.36000061035156,221204.0
2025-05-21,65.08000183105469,66.0,64.69999694824219,65.66999816894531,65.66999816894531,82725.0
2025-05-22,65.94999694824219,66.44999694824219,64.79000091552734,64.98999786376953,64.98999786376953,103424.0
2025-05-23,65.8499984741211,66.94000244140625,65.19999694824219,65.76000213623047,65.76000213623047,184117.0
2025-05-26,65.75,66.12000274658203,64.25,64.54000091552734,64.54000091552734,78067.0
2025-05-27,64.80000305175781,64.94999694824219,63.70000076293945,64.12000274658203,64.12000274658203,61068.0
2025-05-28,64.19999694824219,65.0999984741211,64.1500015258789,64.44999694824219,64.44999694824219,68097.0
2025-05-29,64.75,70.19000244140625,62.900001525878906,64.0199966430664,64.0199966430664,1347346.0
2025-05-30,64.30000305175781,64.6500015258789,63.45000076293945,64.27999877929688,64.27999877929688,134520.0
2025-06-02,64.25,64.48999786376953,63.060001373291016,63.560001373291016,63.560001373291016,128419.0
2025-06-03,64.0,64.0,62.619998931884766,63.189998626708984,63.189998626708984,128376.0
2025-06-04,63.189998626708984,66.94999694824219,57.709999084472656,60.310001373291016,60.310001373291016,1335968.0
2025-06-05,60.5,62.47999954223633,60.5,62.16999816894531,62.16999816894531,240604.0
2025-06-06,62.400001525878906,62.400001525878906,60.90999984741211,61.22999954223633,61.22999954223633,157137.0
2025-06-09,62.150001525878906,64.4000015258789,61.59000015258789,62.529998779296875,62.529998779296875,342324.0
2025-06-10,63.0,65.19999694824219,62.15999984741211,64.77999877929688,64.77999877929688,387586.0
2025-06-11,64.79000091552734,66.80000305175781,64.0999984741211,65.0199966430664,65.0199966430664,490159.0
2025-06-12,65.19999694824219,66.19999694824219,63.09000015258789,63.4900016784668,63.4900016784668,157407.0
2025-06-13,62.5099983215332,63.4900016784668,61.86000061035156,62.61000061035156,62.61000061035156,79236.0
2025-06-16,62.0099983215332,63.599998474121094,61.720001220703125,63.060001373291016,63.060001373291016,83045.0
2025-06-17,63.5,64.75,62.04999923706055,62.349998474121094,62.349998474121094,160208.0
2025-06-18,62.099998474121094,67.79000091552734,61.65999984741211,65.18000030517578,65.18000030517578,713691.0
2025-06-19,64.62000274658203,65.69999694824219,62.0,62.25,62.25,217319.0
2025-06-20,61.810001373291016,63.400001525878906,61.810001373291016,62.40999984741211,62.40999984741211,190024.0
2025-06-23,62.04999923706055,62.599998474121094,60.849998474121094,61.15999984741211,61.15999984741211,204568.0
2025-06-24,62.0,63.900001525878906,62.0,62.38999938964844,62.38999938964844,134471.0
2025-06-25,62.5099983215332,63.79999923706055,62.15999984741211,62.959999084472656,62.959999084472656,137275.0
2025-06-26,62.349998474121094,64.44999694824219,62.349998474121094,63.70000076293945,63.70000076293945,130028.0
2025-06-27,63.90999984741211,66.0,63.5099983215332,64.5199966430664,64.5199966430664,291862.0
2025-06-30,64.5,65.0,63.0,63.95000076293945,63.95000076293945,125703.0
2025-07-01,64.5999984741211,64.91000366210938,63.5,64.08999633789062,64.08999633789062,108141.0
2025-07-02,64.75,64.75,62.279998779296875,62.91999816894531,62.91999816894531,188224.0
2025-07-03,62.79999923706055,63.630001068115234,61.58000183105469,61.869998931884766,61.869998931884766,268265.0
2025-07-04,62.5,62.90999984741211,61.619998931884766,62.2599983215332,62.2599983215332,118356.0
2025-07-07,62.29999923706055,62.7599983215332,60.86000061035156,61.209999084472656,61.209999084472656,124925.0
2025-07-08,61.02000045776367,61.90999984741211,61.02000045776367,61.31999969482422,61.31999969482422,77204.0
2025-07-09,61.33000183105469,61.84000015258789,60.599998474121094,60.83000183105469,60.83000183105469,120691.0
2025-07-10,61.470001220703125,61.47999954223633,60.79999923706055,60.95000076293945,60.95000076293945,61822.0
2025-07-11,61.5,62.709999084472656,60.400001525878906,61.650001525878906,61.650001525878906,325162.0
2025-07-14,61.70000076293945,61.900001525878906,60.70000076293945,61.540000915527344,61.540000915527344,104533.0
2025-07-15,61.20000076293945,62.099998474121094,60.79999923706055,60.97999954223633,60.97999954223633,127927.0
2025-07-16,61.439998626708984,61.75,59.709999084472656,60.34000015258789,60.34000015258789,234215.0
2025-07-17,60.79999923706055,63.41999816894531,60.54999923706055,61.880001068115234,61.880001068115234,204362.0
2025-07-18,61.88999938964844,62.09000015258789,60.81999969482422,61.790000915527344,61.790000915527344,149178.0
2025-07-21,61.79999923706055,62.0,60.650001525878906,60.97999954223633,60.97999954223633,67934.0
2025-07-22,61.0,61.70000076293945,60.880001068115234,61.38999938964844,61.38999938964844,66991.0
2025-07-23,61.5099983215332,62.20000076293945,60.790000915527344,61.540000915527344,61.540000915527344,62341.0
2025-07-24,61.63999938964844,61.70000076293945,60.52000045776367,60.599998474121094,60.599998474121094,66023.0
2025-07-25,61.4900016784668,62.27000045776367,60.02000045776367,60.90999984741211,60.90999984741211,233533.0
2025-07-28,61.029998779296875,61.040000915527344,59.209999084472656,60.40999984741211,60.40999984741211,151021.0
2025-07-29,60.150001525878906,60.810001373291016,59.900001525878906,60.20000076293945,60.20000076293945,32562.0
2025-07-30,60.65999984741211,61.47999954223633,59.29999923706055,59.79999923706055,59.79999923706055,139490.0
2025-07-31,58.54999923706055,59.470001220703125,58.0,58.310001373291016,58.310001373291016,91904.0
2025-08-01,59.189998626708984,59.189998626708984,57.25,57.5,57.5,67618.0
2025-08-04,57.11000061035156,59.099998474121094,57.04999923706055,57.779998779296875,57.779998779296875,83228.0
2025-08-05,57.5,58.13999938964844,57.099998474121094,57.20000076293945,57.20000076293945,45208.0
2025-08-06,57.0099983215332,57.2599983215332,55.29999923706055,55.540000915527344,55.540000915527344,89051.0
2025-08-07,55.25,56.45000076293945,55.0,55.2400016784668,55.2400016784668,78342.0
2025-08-08,55.52000045776367,55.75,53.7599983215332,54.150001525878906,54.150001525878906,77986.0
2025-08-11,54.16999816894531,56.400001525878906,53.849998474121094,55.779998779296875,55.779998779296875,80752.0
2025-08-12,54.619998931884766,56.59000015258789,54.540000915527344,56.130001068115234,56.130001068115234,55895.0
2025-08-13,56.900001525878906,57.45000076293945,56.31999969482422,56.86000061035156,56.86000061035156,38109.0
2025-08-14,55.54999923706055,57.5,55.54999923706055,55.75,55.75,61031.0
2025-08-18,56.900001525878906,57.790000915527344,56.0,56.290000915527344,56.290000915527344,77825.0
2025-08-19,57.09000015258789,57.380001068115234,55.81999969482422,56.310001373291016,56.310001373291016,90529.0
2025-08-20,56.9900016784668,62.0,56.060001373291016,60.529998779296875,60.529998779296875,358360.0
2025-08-21,61.380001068115234,61.4900016784668,59.70000076293945,60.25,60.25,99565.0
2025-08-22,59.349998474121094,60.779998779296875,57.70000076293945,58.2599983215332,58.2599983215332,95476.0
2025-08-25,58.88999938964844,60.47999954223633,58.13999938964844,59.689998626708984,59.689998626708984,98378.0
2025-08-26,58.900001525878906,59.79999923706055,57.11000061035156,57.88999938964844,57.88999938964844,58053.0
2025-08-28,57.58000183105469,58.400001525878906,56.25,56.459999084472656,56.459999084472656,68419.0
2025-08-29,56.0099983215332,57.58000183105469,56.0,56.54999923706055,56.54999923706055,56426.0
2025-09-01,56.15999984741211,58.84000015258789,55.060001373291016,57.36000061035156,57.36000061035156,119021.0
2025-09-02,57.75,58.400001525878906,57.63999938964844,58.119998931884766,58.119998931884766,43048.0
2025-09-03,58.0099983215332,59.33000183105469,57.40999984741211,58.06999969482422,58.06999969482422,103289.0
2025-09-04,58.400001525878906,64.0,56.70000076293945,60.040000915527344,60.040000915527344,524092.0
2025-09-05,60.099998474121094,60.66999816894531,58.20000076293945,58.5,58.5,154095.0
2025-09-08,58.5,59.68000030517578,58.0,58.95000076293945,58.95000076293945,114687.0
2025-09-09,59.25,60.0,58.86000061035156,59.209999084472656,59.209999084472656,48436.0
2025-09-10,59.45000076293945,59.810001373291016,57.95000076293945,58.400001525878906,58.400001525878906,78190.0
2025-09-11,58.5,59.29999923706055,57.79999923706055,57.97999954223633,57.97999954223633,48647.0
2025-09-12,57.5099983215332,58.5099983215332,56.900001525878906,57.189998626708984,57.189998626708984,91680.0
2025-09-15,57.189998626708984,58.529998779296875,57.189998626708984,57.970001220703125,57.970001220703125,78630.0
2025-09-16,57.970001220703125,59.15999984741211,57.63999938964844,58.40999984741211,58.40999984741211,83499.0
2025-09-17,58.720001220703125,59.75,57.9900016784668,58.11000061035156,58.11000061035156,129685.0
2025-09-18,58.439998626708984,58.75,57.060001373291016,57.189998626708984,57.189998626708984,121839.0
2025-09-19,57.45000076293945,57.779998779296875,56.709999084472656,56.880001068115234,56.880001068115234,115241.0
2025-09-22,56.880001068115234,57.400001525878906,56.52000045776367,56.689998626708984,56.689998626708984,83686.0
2025-09-23,57.0,57.150001525878906,55.79999923706055,56.20000076293945,56.20000076293945,59016.0
2025-09-24,56.2400016784668,56.38999938964844,55.5,55.63999938964844,55.63999938964844,45170.0
2025-09-25,55.77000045776367,56.29999923706055,54.45000076293945,54.81999969482422,54.81999969482422,107850.0
2025-09-26,55.29999923706055,55.29999923706055,53.400001525878906,53.959999084472656,53.959999084472656,55368.0
2025-09-29,54.70000076293945,55.470001220703125,53.77000045776367,55.08000183105469,55.08000183105469,72093.0
2025-09-30,55.310001373291016,56.279998779296875,54.099998474121094,55.720001220703125,55.720001220703125,84189.0
2025-10-01,55.119998931884766,56.20000076293945,55.119998931884766,56.0,56.0,20544.0
2025-10-03,55.11000061035156,59.0,55.099998474121094,57.189998626708984,57.189998626708984,171200.0
2025-10-06,57.20000076293945,61.400001525878906,56.9900016784668,59.09000015258789,59.09000015258789,406732.0
2025-10-07,59.09000015258789,59.099998474121094,57.7400016784668,58.56999969482422,58.56999969482422,106374.0
2025-10-08,58.540000915527344,59.08000183105469,56.52000045776367,56.84000015258789,56.84000015258789,117535.0
2025-10-09,57.45000076293945,58.040000915527344,55.75,56.029998779296875,56.029998779296875,80843.0
2025-10-10,56.029998779296875,56.540000915527344,54.9900016784668,55.86000061035156,55.86000061035156,112179.0
2025-10-13,55.7400016784668,56.25,53.900001525878906,54.68000030517578,54.68000030517578,89298.0
2025-10-14,55.45000076293945,55.45000076293945,53.5,53.650001525878906,53.650001525878906,64603.0
2025-10-15,54.130001068115234,54.15999984741211,53.400001525878906,53.599998474121094,53.599998474121094,63706.0
2025-10-16,53.599998474121094,54.790000915527344,52.95000076293945,53.47999954223633,53.47999954223633,141161.0
2025-10-17,53.47999954223633,54.0,52.400001525878906,52.939998626708984,52.939998626708984,153307.0
2025-10-20,53.0,53.0,51.5,51.63999938964844,51.63999938964844,205382.0
2025-10-21,52.0,53.47999954223633,51.709999084472656,52.7400016784668,52.7400016784668,13605.0
2025-10-23,53.47999954223633,53.47999954223633,50.5099983215332,50.7400016784668,50.7400016784668,356146.0
2025-10-24,50.9900016784668,51.66999816894531,50.7400016784668,50.97999954223633,50.97999954223633,103282.0
2025-10-27,50.529998779296875,52.5,50.400001525878906,51.58000183105469,51.58000183105469,268528.0
2025-10-28,51.61000061035156,54.099998474121094,51.61000061035156,52.439998626708984,52.439998626708984,258525.0
2025-10-29,52.439998626708984,53.5,52.060001373291016,52.84000015258789,52.84000015258789,83339.0
2025-10-30,52.84000015258789,52.95000076293945,51.5,51.81999969482422,51.81999969482422,105318.0
2025-10-31,52.599998474121094,52.599998474121094,50.810001373291016,51.04999923706055,51.04999923706055,115930.0
2025-11-03,51.5,51.5,50.0099983215332,50.31999969482422,50.31999969482422,80938.0
2025-11-04,50.060001373291016,51.150001525878906,49.91999816894531,50.0,50.0,101311.0
2025-11-06,50.0,50.0099983215332,48.220001220703125,48.630001068115234,48.630001068115234,177341.0
2025-11-07,48.630001068115234,48.630001068115234,46.81999969482422,46.97999954223633,46.97999954223633,172727.0
2025-11-10,46.97999954223633,47.11000061035156,45.900001525878906,46.0099983215332,46.0099983215332,215289.0
2025-11-11,45.0,45.97999954223633,44.619998931884766,45.560001373291016,45.560001373291016,139116.0
2025-11-12,45.560001373291016,46.779998779296875,44.9900016784668,46.380001068115234,46.380001068115234,135274.0
2025-11-13,46.849998474121094,47.31999969482422,46.29999923706055,46.75,46.75,57447.0
2025-11-14,46.02000045776367,46.81999969482422,46.02000045776367,46.27000045776367,46.27000045776367,41430.0
2025-11-17,45.81999969482422,46.54999923706055,45.79999923706055,46.209999084472656,46.209999084472656,62332.0
2025-11-18,45.810001373291016,48.47999954223633,45.810001373291016,47.18000030517578,47.18000030517578,142729.0
2025-11-19,46.56999969482422,47.0099983215332,45.560001373291016,46.47999954223633,46.47999954223633,127423.0
2025-11-20,46.0,46.630001068115234,45.0,45.209999084472656,45.209999084472656,53773.0
2025-11-21,45.209999084472656,45.900001525878906,43.900001525878906,45.08000183105469,45.08000183105469,133504.0
2025-11-24,45.099998474121094,45.5,44.06999969482422,44.459999084472656,44.459999084472656,109855.0
2025-11-25,44.16999816894531,48.0,43.209999084472656,45.810001373291016,45.810001373291016,152159.0
2025-11-26,46.0,47.599998474121094,45.52000045776367,46.709999084472656,46.709999084472656,82349.0
2025-11-27,46.22999954223633,46.90999984741211,45.79999923706055,46.040000915527344,46.040000915527344,49481.0
2025-11-28,46.70000076293945,46.70000076293945,45.310001373291016,46.220001220703125,46.220001220703125,30144.0
2025-12-01,46.650001525878906,46.650001525878906,43.9900016784668,44.310001373291016,44.310001373291016,75881.0
2025-12-02,44.380001068115234,45.709999084472656,43.40999984741211,44.209999084472656,44.209999084472656,125629.0
2025-12-03,43.83000183105469,44.70000076293945,42.54999923706055,42.880001068115234,42.880001068115234,112944.0
2025-12-04,42.95000076293945,44.2400016784668,42.86000061035156,43.150001525878906,43.150001525878906,78475.0
2025-12-05,43.70000076293945,43.70000076293945,42.0,42.900001525878906,42.900001525878906,42631.0
2025-12-08,43.439998626708984,43.439998626708984,40.0099983215332,40.209999084472656,40.209999084472656,81089.0
2025-12-09,40.90999984741211,41.5099983215332,39.86000061035156,41.130001068115234,41.130001068115234,84112.0
2025-12-10,41.33000183105469,42.20000076293945,41.33000183105469,41.7400016784668,41.7400016784668,134470.0
2025-12-11,41.02000045776367,42.150001525878906,40.81999969482422,41.40999984741211,41.40999984741211,205521.0
2025-12-12,41.310001373291016,42.2599983215332,41.29999923706055,41.77000045776367,41.77000045776367,30027.0
2025-12-15,41.150001525878906,42.349998474121094,40.20000076293945,41.09000015258789,41.09000015258789,51758.0
2025-12-16,41.11000061035156,42.20000076293945,40.75,41.2400016784668,41.2400016784668,43140.0
2025-12-17,40.560001373291016,41.560001373291016,40.5,40.61000061035156,40.61000061035156,25011.0
2025-12-18,40.61000061035156,41.119998931884766,39.97999954223633,40.20000076293945,40.20000076293945,57325.0
2025-12-19,39.86000061035156,41.0,39.86000061035156,40.880001068115234,40.880001068115234,32361.0
2025-12-22,40.54999923706055,41.790000915527344,40.54999923706055,41.31999969482422,41.31999969482422,45176.0
2025-12-23,41.310001373291016,42.380001068115234,41.310001373291016,42.20000076293945,42.20000076293945,88922.0
2025-12-24,42.20000076293945,42.97999954223633,41.52000045776367,41.63999938964844,41.63999938964844,20619.0
2025-12-26,41.84000015258789,42.83000183105469,41.79999923706055,42.029998779296875,42.029998779296875,32904.0
2025-12-29,42.029998779296875,42.47999954223633,41.02000045776367,41.2599983215332,41.2599983215332,31598.0
2025-12-30,41.75,41.75,40.5099983215332,40.90999984741211,40.90999984741211,36778.0
2025-12-31,41.099998474121094,41.849998474121094,40.880001068115234,41.150001525878906,41.150001525878906,34934.0
2026-01-01,41.2599983215332,41.720001220703125,41.2599983215332,41.369998931884766,41.369998931884766,26857.0
2026-01-02,41.36000061035156,42.380001068115234,40.810001373291016,41.65999984741211,41.65999984741211,74727.0
2026-01-05,41.0099983215332,41.939998626708984,41.0099983215332,41.13999938964844,41.13999938964844,21511.0
2026-01-06,41.83000183105469,41.88999938964844,41.0099983215332,41.560001373291016,41.560001373291016,45592.0
2026-01-07,41.72999954223633,42.09000015258789,40.900001525878906,41.220001220703125,41.220001220703125,28415.0
2026-01-08,41.5,41.5,39.70000076293945,39.810001373291016,39.810001373291016,86348.0
2026-01-09,40.20000076293945,40.33000183105469,38.65999984741211,39.040000915527344,39.040000915527344,62251.0
2026-01-12,39.38999938964844,39.4900016784668,36.86000061035156,36.959999084472656,36.959999084472656,118114.0
2026-01-13,37.380001068115234,38.47999954223633,36.709999084472656,38.349998474121094,38.349998474121094,53630.0
2026-01-14,38.79999923706055,38.79999923706055,37.81999969482422,38.279998779296875,38.279998779296875,26210.0
2026-01-15,38.279998779296875,38.279998779296875,38.279998779296875,38.279998779296875,38.279998779296875,0.0
2026-01-16,38.02000045776367,38.599998474121094,37.25,37.939998626708984,37.939998626708984,16749.0
2026-01-19,37.52000045776367,38.689998626708984,36.400001525878906,36.63999938964844,36.63999938964844,86858.0
2026-01-20,37.0,37.0,34.41999816894531,34.75,34.75,80248.0
2026-01-21,34.220001220703125,35.290000915527344,33.52000045776367,33.77000045776367,33.77000045776367,75586.0
2026-01-22,34.0,35.70000076293945,34.0,35.099998474121094,35.099998474121094,33989.0
2026-01-23,35.099998474121094,35.52000045776367,30.25,31.479999542236328,31.479999542236328,244788.0
2026-01-27,31.479999542236328,32.2400016784668,30.010000228881836,30.260000228881836,30.260000228881836,143480.0
2026-01-28,30.31999969482422,34.9900016784668,30.31999969482422,34.400001525878906,34.400001525878906,289679.0
2026-01-29,34.95000076293945,35.15999984741211,32.540000915527344,32.83000183105469,32.83000183105469,201498.0
2026-01-30,32.83000183105469,36.400001525878906,32.5099983215332,35.400001525878906,35.400001525878906,183483.0
2026-02-02,36.0,36.369998931884766,33.400001525878906,34.0099983215332,34.0099983215332,74125.0
2026-02-03,35.150001525878906,36.560001373291016,35.11000061035156,35.720001220703125,35.720001220703125,151456.0
2026-02-04,36.18000030517578,41.7400016784668,35.79999923706055,40.619998931884766,40.619998931884766,361860.0
2026-02-05,40.900001525878906,41.20000076293945,39.099998474121094,39.5099983215332,39.5099983215332,117339.0
2026-02-06,39.470001220703125,39.540000915527344,38.0,38.619998931884766,38.619998931884766,50774.0
2026-02-09,38.20000076293945,39.619998931884766,37.310001373291016,38.04999923706055,38.04999923706055,82093.0
2026-02-10,38.0,39.689998626708984,37.52000045776367,39.16999816894531,39.16999816894531,63248.0
2026-02-11,39.0,39.900001525878906,35.650001525878906,36.45000076293945,36.45000076293945,239995.0
2026-02-12,36.45000076293945,36.900001525878906,36.0,36.2599983215332,36.2599983215332,45840.0
2026-02-13,36.0,36.47999954223633,34.61000061035156,35.06999969482422,35.06999969482422,73248.0
2026-02-16,34.900001525878906,35.290000915527344,34.349998474121094,34.54999923706055,34.54999923706055,51046.0
2026-02-17,34.79999923706055,35.65999984741211,34.22999954223633,35.34000015258789,35.34000015258789,34072.0
2026-02-18,35.5,35.95000076293945,33.400001525878906,34.599998474121094,34.599998474121094,45538.0
2026-02-19,34.599998474121094,35.900001525878906,34.0099983215332,34.599998474121094,34.599998474121094,86247.0
2026-02-20,34.599998474121094,35.279998779296875,34.040000915527344,34.470001220703125,34.470001220703125,68790.0
2026-02-23,35.0,35.0,34.0,34.130001068115234,34.130001068115234,45785.0
2026-02-24,34.0,34.34000015258789,32.81999969482422,33.130001068115234,33.130001068115234,73016.0
2026-02-25,33.97999954223633,33.97999954223633,33.04999923706055,33.45000076293945,33.45000076293945,35502.0
2026-02-26,34.47999954223633,34.47999954223633,32.599998474121094,33.0099983215332,33.0099983215332,100485.0
2026-02-27,33.0,33.630001068115234,32.54999923706055,32.970001220703125,32.970001220703125,58487.0
2026-03-02,32.619998931884766,33.0,32.13999938964844,32.29999923706055,32.29999923706055,43910.0
2026-03-04,32.29999923706055,32.45000076293945,31.110000610351562,31.459999084472656,31.459999084472656,48623.0
2026-03-05,32.2400016784668,32.2400016784668,31.030000686645508,31.6200008392334,31.6200008392334,46090.0
2026-03-06,33.25,33.25,31.0,31.059999465942383,31.059999465942383,62347.0
2026-03-09,31.059999465942383,33.290000915527344,30.520000457763672,31.049999237060547,31.049999237060547,127612.0
2026-03-10,31.049999237060547,32.540000915527344,31.049999237060547,31.520000457763672,31.520000457763672,62939.0
2026-03-11,31.739999771118164,32.31999969482422,31.06999969482422,31.489999771118164,31.489999771118164,100339.0
2026-03-12,31.479999542236328,31.84000015258789,30.84000015258789,31.1200008392334,31.1200008392334,126884.0
2026-03-13,30.950000762939453,31.729999542236328,30.25,31.360000610351562,31.360000610351562,158305.0
2026-03-16,30.520000457763672,31.860000610351562,29.899999618530273,30.059999465942383,30.059999465942383,93621.0
2026-03-17,30.010000228881836,31.6200008392334,28.950000762939453,29.040000915527344,29.040000915527344,230291.0
2026-03-18,28.6299991607666,31.239999771118164,28.6299991607666,29.729999542236328,29.729999542236328,272800.0
2026-03-19,29.020000457763672,30.1299991607666,29.020000457763672,29.25,29.25,167117.0
2026-03-20,29.25,29.90999984741211,29.25,29.479999542236328,29.479999542236328,300514.0
2026-03-23,29.020000457763672,29.020000457763672,27.809999465942383,27.950000762939453,27.950000762939453,451880.0
2026-03-24,28.399999618530273,28.700000762939453,27.829999923706055,28.100000381469727,28.100000381469727,506509.0
2026-03-25,28.510000228881836,29.389999389648438,27.760000228881836,28.139999389648438,28.139999389648438,389483.0
2026-03-27,27.950000762939453,27.950000762939453,26.649999618530273,26.860000610351562,26.860000610351562,388714.0
2026-03-30,26.989999771118164,26.989999771118164,24.3799991607666,24.579999923706055,24.579999923706055,278298.0
2026-04-01,25.809999465942383,28.280000686645508,25.809999465942383,27.979999542236328,27.979999542236328,106820.0
2026-04-02,27.979999542236328,30.979999542236328,27.360000610351562,30.049999237060547,30.049999237060547,190533.0
2026-04-06,30.639999389648438,31.190000534057617,29.40999984741211,30.299999237060547,30.299999237060547,149259.0
2026-04-07,30.43000030517578,30.600000381469727,29.139999389648438,29.260000228881836,29.260000228881836,105619.0
2026-04-08,30.989999771118164,31.280000686645508,29.8700008392334,30.75,30.75,195718.0
2026-04-09,31.0,32.47999954223633,30.209999084472656,31.780000686645508,31.780000686645508,91194.0
2026-04-10,31.6299991607666,34.400001525878906,31.6299991607666,33.849998474121094,33.849998474121094,145957.0
2026-04-13,33.5,33.5,30.549999237060547,32.650001525878906,32.650001525878906,135859.0
2026-04-15,33.400001525878906,35.08000183105469,33.310001373291016,34.41999816894531,34.41999816894531,197665.0
2026-04-16,34.400001525878906,35.400001525878906,34.38999938964844,34.84000015258789,34.84000015258789,148488.0
2026-04-17,34.9900016784668,36.0,34.86000061035156,35.25,35.25,163044.0
2026-04-20,35.380001068115234,35.400001525878906,34.0,34.52000045776367,34.52000045776367,68162.0
2026-04-21,35.119998931884766,35.25,34.470001220703125,34.72999954223633,34.72999954223633,31117.0
2026-04-22,35.15999984741211,35.38999938964844,34.0,34.16999816894531,34.16999816894531,67660.0
2026-04-23,34.5,34.9900016784668,33.91999816894531,34.150001525878906,34.150001525878906,60182.0
2026-04-24,34.790000915527344,34.790000915527344,32.75,33.119998931884766,33.119998931884766,59173.0
2026-04-27,33.2599983215332,34.77000045776367,33.0099983215332,34.09000015258789,34.09000015258789,54127.0
2026-04-28,34.13999938964844,35.040000915527344,33.599998474121094,33.93000030517578,33.93000030517578,27317.0
2026-04-29,33.650001525878906,34.689998626708984,33.2599983215332,33.70000076293945,33.70000076293945,65538.0
2026-04-30,33.75,34.83000183105469,33.5,34.599998474121094,34.599998474121094,52254.0
2026-05-01,34.599998474121094,34.599998474121094,34.599998474121094,34.599998474121094,34.599998474121094,0.0
2026-05-04,34.77000045776367,38.0,34.77000045776367,35.7599983215332,35.7599983215332,432015.0
2026-05-05,36.45000076293945,36.95000076293945,35.25,35.619998931884766,35.619998931884766,110517.0
2026-05-06,35.9900016784668,36.20000076293945,35.0099983215332,35.4900016784668,35.4900016784668,45849.0
2026-05-07,36.0,41.900001525878906,36.0,40.529998779296875,40.529998779296875,755193.0
2026-05-08,40.9900016784668,41.95000076293945,40.099998474121094,40.619998931884766,40.619998931884766,236919.0
2026-05-11,40.25,40.400001525878906,38.599998474121094,39.209999084472656,39.209999084472656,66382.0
2026-05-12,38.75,39.59000015258789,35.70000076293945,36.27000045776367,36.27000045776367,82956.0
2026-05-13,36.04999923706055,37.650001525878906,36.04999923706055,37.54999923706055,37.54999923706055,41607.0
2026-05-14,37.209999084472656,38.0,36.20000076293945,37.16999816894531,37.16999816894531,63377.0
2026-05-15,36.900001525878906,37.45000076293945,35.220001220703125,35.41999816894531,35.41999816894531,92955.0
2026-05-18,35.29999923706055,35.29999923706055,33.84000015258789,34.2599983215332,34.2599983215332,45853.0
2026-05-19,33.560001373291016,38.27000045776367,33.560001373291016,37.20000076293945,37.20000076293945,168782.0
2026-05-20,36.66999816894531,37.18000030517578,35.86000061035156,36.52000045776367,36.52000045776367,37645.0
2026-05-21,36.41999816894531,38.20000076293945,36.41999816894531,37.54999923706055,37.54999923706055,66809.0
2026-05-22,37.0,37.439998626708984,36.599998474121094,36.75,36.75,45293.0
2026-05-25,36.25,37.66999816894531,36.25,37.45000076293945,37.45000076293945,46667.0
2026-05-26,36.63999938964844,37.970001220703125,36.52000045776367,37.709999084472656,37.709999084472656,53784.0
2026-05-27,37.849998474121094,37.849998474121094,36.5099983215332,36.900001525878906,36.900001525878906,50931.0
2026-05-28,36.900001525878906,36.900001525878906,36.900001525878906,36.900001525878906,36.900001525878906,0.0
2026-05-29,36.900001525878906,37.40999984741211,36.900001525878906,37.29999923706055,37.29999923706055,41865.0
2026-06-01,37.29999923706055,37.880001068115234,36.0,36.40999984741211,36.40999984741211,55181.0
2026-06-02,36.029998779296875,36.27000045776367,34.34000015258789,34.79999923706055,34.79999923706055,58302.0
2026-06-03,34.79999923706055,35.40999984741211,34.220001220703125,34.880001068115234,34.880001068115234,46934.0
2026-06-04,35.0,36.5,34.099998474121094,35.9900016784668,35.9900016784668,195872.0
2026-06-05,36.439998626708984,38.0,36.099998474121094,36.560001373291016,36.560001373291016,113805.0
2026-06-08,35.9900016784668,36.54999923706055,35.900001525878906,36.29999923706055,36.29999923706055,36164.0
2026-06-09,36.58000183105469,36.869998931884766,34.61000061035156,35.56999969482422,35.56999969482422,91037.0
2026-06-10,36.22999954223633,37.29999923706055,35.599998474121094,35.95000076293945,35.95000076293945,102664.0
2026-06-11,35.5099983215332,35.95000076293945,34.400001525878906,34.70000076293945,34.70000076293945,32678.0
2026-06-12,34.900001525878906,36.900001525878906,34.720001220703125,36.619998931884766,36.619998931884766,52535.0
2026-06-15,36.619998931884766,37.150001525878906,36.25,36.880001068115234,36.880001068115234,69084.0
2026-06-16,37.150001525878906,37.880001068115234,36.33000183105469,37.38999938964844,37.38999938964844,77461.0
2026-06-17,37.38999938964844,37.70000076293945,36.70000076293945,37.0,37.0,48446.0
2026-06-18,37.029998779296875,37.65999984741211,36.529998779296875,37.029998779296875,37.029998779296875,72771.0
2026-06-19,37.31999969482422,37.5,36.81999969482422,37.06999969482422,37.06999969482422,37967.0
2026-06-22,37.11000061035156,38.5,37.11000061035156,37.619998931884766,37.619998931884766,89572.0
2026-06-23,37.5,39.20000076293945,37.310001373291016,37.75,37.75,89999.0
2026-06-24,38.97999954223633,38.97999954223633,36.79999923706055,37.029998779296875,37.029998779296875,76464.0
2026-06-25,38.290000915527344,38.290000915527344,35.79999923706055,36.0,36.0,69875.0
2026-06-26,36.0,36.0,36.0,36.0,36.0,0.0
2026-06-29,35.810001373291016,37.439998626708984,35.099998474121094,35.36000061035156,35.36000061035156,56932.0
2026-06-30,35.70000076293945,35.880001068115234,35.02000045776367,35.40999984741211,35.40999984741211,40787.0
2026-07-01,35.099998474121094,36.20000076293945,35.099998474121094,35.380001068115234,35.380001068115234,53945.0
2026-07-02,35.209999084472656,36.279998779296875,35.209999084472656,35.90999984741211,35.90999984741211,44031.0
2026-07-03,36.630001068115234,38.75,36.13999938964844,36.810001373291016,36.810001373291016,65963.0
2026-07-06,36.599998474121094,37.970001220703125,36.5,37.08000183105469,37.08000183105469,36873.0
2026-07-07,36.970001220703125,37.310001373291016,36.0,36.099998474121094,36.099998474121094,17889.0
2026-07-08,36.5,36.599998474121094,34.599998474121094,35.08000183105469,35.08000183105469,43697.0
2026-07-09,35.06999969482422,35.70000076293945,34.45000076293945,34.630001068115234,34.630001068115234,47136.0
2026-07-10,35.25,35.65999984741211,34.810001373291016,34.970001220703125,34.970001220703125,26008.0
2026-07-13,34.959999084472656,35.650001525878906,34.709999084472656,35.38999938964844,35.38999938964844,15789.0
2026-07-14,35.31999969482422,35.38999938964844,34.70000076293945,34.77000045776367,34.77000045776367,20384.0
2026-07-15,35.369998931884766,35.66999816894531,34.349998474121094,34.56999969482422,34.56999969482422,33389.0
2026-07-16,35.58000183105469,35.58000183105469,34.66999816894531,35.130001068115234,35.130001068115234,25047.0
2026-07-17,35.08000183105469,35.5,34.75,34.81999969482422,34.81999969482422,42641.0
2026-07-20,34.81999969482422,35.689998626708984,34.400001525878906,35.459999084472656,35.459999084472656,35422.0
2026-07-21,34.349998474121094,35.849998474121094,34.349998474121094,35.34000015258789,35.34000015258789,24342.0
2026-07-22,35.16999816894531,35.380001068115234,34.25,34.47999954223633,34.47999954223633,21156.0
2026-07-23,34.47999954223633,35.189998626708984,34.08000183105469,34.349998474121094,34.349998474121094,26456.0
2026-07-24,34.70000076293945,34.9900016784668,32.40999984741211,33.060001373291016,33.060001373291016,145222.0
2026-07-27,33.06999969482422,34.38999938964844,32.119998931884766,33.459999084472656,33.459999084472656,102442.0
2026-07-28,33.619998931884766,33.619998931884766,32.209999084472656,32.86000061035156,32.86000061035156,51646.0
2026-07-29,34.0,34.15999984741211,32.810001373291016,33.27000045776367,33.27000045776367,30103.0
2026-07-30,32.560001373291016,33.43000030517578,32.38999938964844,32.61000061035156,32.61000061035156,38233.0
2026-07-31,32.25,33.41999816894531,32.220001220703125,32.900001525878906,32.900001525878906,21477.0
2026-08-03,33.47999954223633,34.040000915527344,32.81999969482422,33.22999954223633,33.22999954223633,53604.0
2026-08-04,33.06999969482422,33.9900016784668,32.04999923706055,32.20000076293945,32.20000076293945,57523.0
2026-08-05,33.150001525878906,33.150001525878906,32.04999923706055,32.84000015258789,32.84000015258789,47909.0
2026-08-06,32.84000015258789,33.439998626708984,32.209999084472656,33.0099983215332,33.0099983215332,18158.0
2026-08-07,33.400001525878906,33.400001525878906,32.20000076293945,32.439998626708984,32.439998626708984,43876.0
2026-08-10,32.439998626708984,32.790000915527344,31.799999237060547,32.02000045776367,32.02000045776367,52669.0
2026-08-11,32.18000030517578,32.970001220703125,30.649999618530273,31.530000686645508,31.530000686645508,94328.0
2026-08-12,31.610000610351562,32.439998626708984,31.3700008392334,31.780000686645508,31.780000686645508,98221.0
2026-08-13,31.950000762939453,32.79999923706055,31.25,32.0,32.0,38623.0
2026-08-14,32.779998779296875,32.97999954223633,30.299999237060547,30.770000457763672,30.770000457763672,64377.0
2026-08-17,31.299999237060547,32.900001525878906,31.200000762939453,31.270000457763672,31.270000457763672,36658.0
2026-08-18,31.889999389648438,31.889999389648438,31.0,31.15999984741211,31.15999984741211,29193.0
2026-08-19,31.200000762939453,31.200000762939453,30.219999313354492,30.56999969482422,30.56999969482422,60074.0
2026-08-20,30.709999084472656,31.200000762939453,30.5,30.530000686645508,30.530000686645508,21094.0
2026-08-21,30.899999618530273,31.299999237060547,30.260000228881836,30.399999618530273,30.399999618530273,46157.0
2026-08-24,30.399999618530273,31.690000534057617,30.31999969482422,30.579999923706055,30.579999923706055,76871.0
2026-08-25,30.3700008392334,31.25,28.459999084472656,30.06999969482422,30.06999969482422,111526.0
2026-08-26,30.299999237060547,30.600000381469727,29.100000381469727,30.100000381469727,30.100000381469727,33619.0
2026-08-27,30.399999618530273,30.420000076293945,29.219999313354492,29.709999084472656,29.709999084472656,35225.0
2026-08-28,29.40999984741211,30.110000610351562,29.299999237060547,29.889999389648438,29.889999389648438,36202.0
2026-08-31,29.31999969482422,29.979999542236328,29.31999969482422,29.760000228881836,29.760000228881836,20176.0
2026-09-01,29.899999618530273,30.25,28.809999465942383,28.889999389648438,28.889999389648438,61481.0
2026-09-02,29.100000381469727,29.610000610351562,28.399999618530273,28.510000228881836,28.510000228881836,36449.0
2026-09-03,28.40999984741211,29.899999618530273,28.0,28.56999969482422,28.56999969482422,60781.0
2026-09-04,29.399999618530273,29.399999618530273,28.1200008392334,28.5,28.5,24318.0
2026-09-08,28.450000762939453,29.700000762939453,28.450000762939453,29.40999984741211,29.40999984741211,20201.0
2026-09-09,29.889999389648438,29.979999542236328,29.0,29.219999313354492,29.219999313354492,9742.0
2026-09-10,29.5,29.799999237060547,28.149999618530273,28.639999389648438,28.639999389648438,81409.0
2026-09-11,28.559999465942383,28.649999618530273,27.0,28.299999237060547,28.299999237060547,121748.0
2026-09-15,28.5,28.989999771118164,27.5,27.940000534057617,27.940000534057617,30686.0
