date,open,high,low,close,adjclose,volume
2021-09-15,344.0,357.29998779296875,344.0,353.0,342.54608154296875,63864.0
2021-09-16,356.0,357.8500061035156,348.04998779296875,348.54998779296875,338.2278747558594,42633.0
2021-09-17,350.1000061035156,352.3999938964844,331.70001220703125,333.1000061035156,323.2353820800781,47610.0
2021-09-20,335.0,335.0,322.5,324.75,315.1327209472656,42068.0
2021-09-21,325.1499938964844,329.5,318.0,321.20001220703125,311.6878356933594,20107.0
2021-09-22,324.0,342.3500061035156,324.0,338.95001220703125,332.0131530761719,53669.0
2021-09-23,341.0,349.6000061035156,338.0,340.8999938964844,333.9232177734375,40186.0
2021-09-24,346.95001220703125,346.95001220703125,333.0,335.25,328.3888854980469,19361.0
2021-09-27,345.0,350.70001220703125,336.0,338.3500061035156,331.4254455566406,25868.0
2021-09-28,344.0,344.0,330.54998779296875,333.25,326.4298400878906,15592.0
2021-09-29,330.95001220703125,337.0,329.8500061035156,332.1000061035156,325.3033447265625,12716.0
2021-09-30,335.95001220703125,337.8500061035156,328.3999938964844,329.79998779296875,323.0504150390625,13698.0
2021-10-01,332.04998779296875,356.5,330.79998779296875,346.95001220703125,339.84942626953125,45471.0
2021-10-04,353.5,389.0,353.0,382.04998779296875,374.2310485839844,227158.0
2021-10-05,390.0,410.0,380.04998779296875,403.1499938964844,394.8992919921875,194105.0
2021-10-06,404.8999938964844,408.79998779296875,378.0,383.1499938964844,375.3085632324219,94250.0
2021-10-07,385.5,390.0,372.0,377.25,369.5293273925781,38495.0
2021-10-08,378.0,392.95001220703125,373.8500061035156,386.6499938964844,378.7369384765625,34609.0
2021-10-11,390.0,391.79998779296875,375.0,379.20001220703125,371.439453125,23444.0
2021-10-12,376.6000061035156,380.0,355.95001220703125,363.6499938964844,356.2076416015625,58492.0
2021-10-13,365.0,371.29998779296875,345.1000061035156,351.20001220703125,344.0124206542969,55319.0
2021-10-14,354.0,364.70001220703125,353.8500061035156,354.70001220703125,347.4408264160156,45309.0
2021-10-18,358.25,369.0,346.0,347.95001220703125,340.8290100097656,63232.0
2021-10-19,345.04998779296875,348.1000061035156,338.0,340.6000061035156,333.6294250488281,33067.0
2021-10-20,334.54998779296875,345.54998779296875,332.5,337.29998779296875,330.39691162109375,34616.0
2021-10-21,338.8999938964844,343.0,336.1499938964844,339.95001220703125,332.9927062988281,13678.0
2021-10-22,342.5,342.95001220703125,330.95001220703125,334.0,327.1644592285156,35159.0
2021-10-25,336.5,347.0,319.1499938964844,338.5,331.5723571777344,46872.0
2021-10-26,343.5,349.79998779296875,333.0,345.54998779296875,338.4780578613281,24961.0
2021-10-27,351.5,351.5,332.1499938964844,335.75,328.878662109375,16236.0
2021-10-28,333.95001220703125,341.79998779296875,328.5,331.5,324.71563720703125,11113.0
2021-10-29,326.0,339.0,321.20001220703125,334.95001220703125,328.09503173828125,10119.0
2021-11-01,334.95001220703125,356.6499938964844,331.75,349.1499938964844,342.0044250488281,24300.0
2021-11-02,352.45001220703125,352.79998779296875,344.79998779296875,346.0,338.91888427734375,31464.0
2021-11-03,345.3500061035156,346.29998779296875,338.6000061035156,341.04998779296875,334.0701904296875,7961.0
2021-11-04,340.0,353.8999938964844,340.0,347.04998779296875,339.9473876953125,8515.0
2021-11-08,345.0,352.5,343.0,345.1499938964844,338.0863037109375,14441.0
2021-11-09,346.0,349.0,341.3500061035156,342.75,335.7353820800781,12220.0
2021-11-10,341.3999938964844,349.70001220703125,340.8500061035156,343.5,336.47003173828125,8463.0
2021-11-11,340.1000061035156,348.0,340.1000061035156,345.8999938964844,338.8209228515625,9212.0
2021-11-12,347.29998779296875,348.75,338.29998779296875,340.1000061035156,333.1396179199219,14220.0
2021-11-15,348.0,348.0,327.1000061035156,330.04998779296875,323.2952880859375,14141.0
2021-11-16,331.1000061035156,345.0,324.04998779296875,334.45001220703125,327.6052551269531,14675.0
2021-11-17,339.0,339.0,327.0,328.3500061035156,321.630126953125,11112.0
2021-11-18,326.1000061035156,330.79998779296875,315.1000061035156,318.04998779296875,311.5408935546875,16050.0
2021-11-22,321.5,321.5,303.29998779296875,305.6499938964844,299.3946533203125,13552.0
2021-11-23,308.5,333.0,303.79998779296875,326.25,319.57305908203125,15782.0
2021-11-24,326.25,333.3999938964844,321.0,323.5,316.87933349609375,4961.0
2021-11-25,324.95001220703125,335.6499938964844,319.0,329.95001220703125,323.1973571777344,6173.0
2021-11-26,330.0,332.0,312.54998779296875,316.75,310.26751708984375,10199.0
2021-11-29,306.0,315.3999938964844,301.70001220703125,307.54998779296875,301.2557678222656,11574.0
2021-11-30,307.54998779296875,321.0,303.1000061035156,306.79998779296875,300.5211486816406,9881.0
2021-12-01,305.20001220703125,314.8500061035156,305.20001220703125,312.8500061035156,306.44732666015625,4571.0
2021-12-02,314.0,322.0,309.3999938964844,320.54998779296875,313.9897155761719,8611.0
2021-12-03,323.0,331.95001220703125,315.0,323.25,316.6344909667969,15753.0
2021-12-06,329.75,329.75,311.6000061035156,313.04998779296875,306.6432189941406,13209.0
2021-12-07,313.5,323.0,313.5,319.6000061035156,313.0591735839844,6351.0
2021-12-08,322.0,324.0,315.79998779296875,322.54998779296875,315.9487609863281,7702.0
2021-12-09,328.5,328.5,320.1000061035156,323.6499938964844,317.0262756347656,5612.0
2021-12-10,329.5,336.3500061035156,323.5,328.8999938964844,322.1688537597656,10182.0
2021-12-13,334.0,394.6499938964844,324.79998779296875,362.20001220703125,354.787353515625,179636.0
2021-12-14,359.0,370.04998779296875,351.3500061035156,355.29998779296875,348.0285339355469,39724.0
2021-12-15,356.0,356.0,339.0,341.3500061035156,334.3640441894531,18198.0
2021-12-16,344.79998779296875,348.6499938964844,331.25,334.5,327.65423583984375,11772.0
2021-12-17,334.04998779296875,337.3500061035156,326.6499938964844,329.20001220703125,322.4627380371094,10754.0
2021-12-20,319.5,329.20001220703125,314.0,320.8999938964844,314.33258056640625,19576.0
2021-12-21,324.75,332.0,314.0,317.95001220703125,311.4429626464844,10585.0
2021-12-22,318.8999938964844,327.25,317.0,320.79998779296875,314.2345886230469,11071.0
2021-12-23,329.79998779296875,330.0,320.8999938964844,326.3500061035156,319.6710510253906,6934.0
2021-12-24,324.25,325.8999938964844,319.0,323.1499938964844,316.5364990234375,4239.0
2021-12-27,326.8999938964844,335.0,320.20001220703125,327.8500061035156,321.1403503417969,9535.0
2021-12-28,328.0,335.45001220703125,327.8999938964844,330.20001220703125,323.4422607421875,6452.0
2021-12-29,336.0,336.0,327.0,333.1499938964844,326.33184814453125,5360.0
2021-12-30,332.5,338.6499938964844,325.54998779296875,330.8999938964844,324.1278991699219,11588.0
2021-12-31,332.1000061035156,338.70001220703125,328.20001220703125,330.8999938964844,324.1278991699219,10633.0
2022-01-03,338.0,345.0,329.20001220703125,340.95001220703125,333.9722595214844,19682.0
2022-01-04,341.1000061035156,346.95001220703125,333.0,335.25,328.3888854980469,18506.0
2022-01-05,338.95001220703125,339.70001220703125,327.6499938964844,331.8999938964844,325.1073913574219,8310.0
2022-01-06,332.0,336.04998779296875,328.0,334.3500061035156,327.5072937011719,6788.0
2022-01-07,334.75,343.0,331.1000061035156,332.45001220703125,325.6462097167969,18478.0
2022-01-10,331.6499938964844,338.79998779296875,331.6000061035156,336.29998779296875,329.4173583984375,13313.0
2022-01-11,333.1000061035156,339.8999938964844,333.1000061035156,334.95001220703125,328.09503173828125,10250.0
2022-01-12,336.5,354.0,336.5,347.8999938964844,340.77996826171875,39068.0
2022-01-13,354.0,354.8999938964844,343.75,345.20001220703125,338.1352844238281,12611.0
2022-01-14,352.0,352.0,340.0,343.1000061035156,336.0782470703125,14714.0
2022-01-17,343.0,359.0,340.20001220703125,356.8500061035156,349.5468444824219,47656.0
2022-01-18,361.8999938964844,361.95001220703125,347.20001220703125,348.04998779296875,340.9269104003906,13698.0
2022-01-19,353.0,353.0,335.6000061035156,340.25,333.28656005859375,16144.0
2022-01-20,346.8999938964844,352.0,343.8999938964844,349.0,341.85748291015625,8908.0
2022-01-21,350.45001220703125,351.0,336.0,340.1499938964844,333.1886291503906,12190.0
2022-01-24,344.79998779296875,344.79998779296875,321.54998779296875,325.95001220703125,319.2792053222656,16248.0
2022-01-25,325.95001220703125,331.75,300.0,328.79998779296875,322.0708923339844,7176.0
2022-01-27,329.8999938964844,339.6000061035156,324.1000061035156,328.45001220703125,321.7280578613281,11938.0
2022-01-28,328.45001220703125,340.0,328.45001220703125,337.20001220703125,330.29901123046875,5417.0
2022-01-31,342.8999938964844,342.8999938964844,335.0,336.3500061035156,329.46636962890625,5085.0
2022-02-01,334.0,342.0,331.0,334.1499938964844,327.3114013671875,7143.0
2022-02-02,337.70001220703125,354.5,337.0,349.75,342.5921325683594,24091.0
2022-02-03,354.8999938964844,356.0,346.04998779296875,351.1000061035156,343.91455078125,13543.0
2022-02-04,347.20001220703125,353.8999938964844,347.20001220703125,350.6499938964844,343.4737243652344,6690.0
2022-02-07,351.0,358.0,338.04998779296875,339.75,332.7967834472656,10300.0
2022-02-08,345.0,345.0,330.29998779296875,332.45001220703125,325.6462097167969,12831.0
2022-02-09,334.0,338.0,325.0,327.29998779296875,320.6015930175781,14564.0
2022-02-10,324.25,338.8999938964844,324.25,337.45001220703125,330.54388427734375,7793.0
2022-02-11,326.20001220703125,342.8500061035156,326.20001220703125,337.29998779296875,330.39691162109375,9712.0
2022-02-14,338.0,340.45001220703125,329.6499938964844,331.95001220703125,325.15643310546875,24082.0
2022-02-15,351.3500061035156,395.0,345.1000061035156,387.6499938964844,379.71649169921875,369868.0
2022-02-16,403.0,422.5,390.6499938964844,398.25,390.0995178222656,256567.0
2022-02-17,402.6499938964844,404.8999938964844,363.1000061035156,369.3500061035156,361.791015625,75378.0
2022-02-18,373.0,438.75,370.75,434.95001220703125,426.0484619140625,503514.0
2022-02-21,441.45001220703125,459.3999938964844,405.29998779296875,410.8500061035156,402.44171142578125,357028.0
2022-02-22,390.0,421.70001220703125,382.1000061035156,405.1499938964844,396.85833740234375,123866.0
2022-02-23,419.45001220703125,425.0,403.0,407.29998779296875,398.96429443359375,58552.0
2022-02-24,385.25,396.8500061035156,346.54998779296875,354.04998779296875,346.80413818359375,147199.0
2022-02-25,364.0,420.0,364.0,386.8500061035156,378.9328308105469,188789.0
2022-02-28,390.0,404.6499938964844,380.45001220703125,394.3500061035156,386.2793884277344,48799.0
2022-03-02,384.0,441.95001220703125,384.0,424.54998779296875,415.86126708984375,188831.0
2022-03-03,436.0,436.5,397.0,401.1000061035156,392.8912353515625,99395.0
2022-03-04,395.0,415.0,390.0,408.29998779296875,399.94384765625,45693.0
2022-03-07,408.0,408.0,391.0,396.54998779296875,388.434326171875,32838.0
2022-03-08,399.1000061035156,418.95001220703125,399.1000061035156,410.0,401.60906982421875,67529.0
2022-03-09,410.8999938964844,425.0,407.6000061035156,419.04998779296875,410.4738464355469,44696.0
2022-03-10,425.0,441.70001220703125,416.20001220703125,420.04998779296875,411.4533996582031,102684.0
2022-03-11,420.04998779296875,424.5,413.0,416.8500061035156,408.3188781738281,27239.0
2022-03-14,424.0,433.8999938964844,413.45001220703125,425.6499938964844,416.9387512207031,40978.0
2022-03-15,427.70001220703125,510.75,427.70001220703125,487.1000061035156,477.13116455078125,606430.0
2022-03-16,503.54998779296875,518.9500122070312,474.3999938964844,502.79998779296875,492.5098571777344,263115.0
2022-03-17,505.0,508.79998779296875,485.0,487.5,477.5229797363281,65824.0
2022-03-21,489.8999938964844,523.0,485.04998779296875,494.25,484.1348571777344,135241.0
2022-03-22,500.70001220703125,508.70001220703125,485.25,495.1000061035156,484.9674377441406,50595.0
2022-03-23,505.0,513.6500244140625,470.0,477.0,467.2379150390625,68823.0
2022-03-24,479.79998779296875,484.79998779296875,470.0,475.1000061035156,465.3767395019531,32809.0
2022-03-25,480.0,487.75,469.0,472.75,463.0748596191406,23473.0
2022-03-28,475.8999938964844,478.20001220703125,454.0,458.3999938964844,449.0185241699219,49661.0
2022-03-29,464.95001220703125,509.95001220703125,464.0,493.29998779296875,483.20428466796875,111399.0
2022-03-30,500.70001220703125,505.1000061035156,478.04998779296875,482.5,472.6253662109375,28627.0
2022-03-31,483.0,493.25,471.0,473.5,463.8095397949219,24791.0
2022-04-01,475.0,492.0,449.0,458.8999938964844,449.50830078125,118063.0
2022-04-04,460.0,481.0,460.0,464.29998779296875,454.79779052734375,72109.0
2022-04-05,466.0,471.95001220703125,460.0,460.3500061035156,450.9286193847656,28991.0
2022-04-06,460.29998779296875,474.20001220703125,458.45001220703125,462.04998779296875,452.5938415527344,40260.0
2022-04-07,462.04998779296875,466.5,449.3500061035156,452.45001220703125,443.1903076171875,35106.0
2022-04-08,459.3999938964844,464.20001220703125,450.1000061035156,455.5,446.17791748046875,27472.0
2022-04-11,458.75,469.0,453.1499938964844,454.04998779296875,444.7575378417969,23339.0
2022-04-12,458.54998779296875,459.8999938964844,440.20001220703125,443.3500061035156,434.27655029296875,26536.0
2022-04-13,440.1499938964844,454.70001220703125,440.1000061035156,446.75,437.60699462890625,29563.0
2022-04-18,458.0,478.0,451.6499938964844,474.1000061035156,464.397216796875,69650.0
2022-04-19,483.8500061035156,488.0,460.0,464.29998779296875,454.79779052734375,39525.0
2022-04-20,474.5,474.5,450.0,451.6000061035156,442.35772705078125,24729.0
2022-04-21,466.0,466.0,447.0,451.54998779296875,442.3087158203125,20887.0
2022-04-22,455.0,455.8999938964844,445.0,447.75,438.58648681640625,15142.0
2022-04-25,448.1000061035156,457.0,440.0,443.70001220703125,434.6194152832031,19109.0
2022-04-26,448.04998779296875,466.0,438.0,457.20001220703125,447.8431091308594,18562.0
2022-04-27,461.29998779296875,481.0,456.6499938964844,475.70001220703125,465.9645080566406,44627.0
2022-04-28,480.0,493.1499938964844,471.6000061035156,475.1499938964844,465.42572021484375,28102.0
2022-04-29,479.8500061035156,486.25,466.0,470.0,460.3811340332031,17871.0
2022-05-02,477.54998779296875,477.54998779296875,468.0,474.3500061035156,464.6421203613281,10068.0
2022-05-04,479.0,483.0,442.04998779296875,446.29998779296875,437.16619873046875,17460.0
2022-05-05,450.04998779296875,475.0,426.6499938964844,431.54998779296875,422.7180480957031,22335.0
2022-05-06,426.0,431.45001220703125,415.0,423.70001220703125,415.0287170410156,21469.0
2022-05-09,411.0,423.70001220703125,406.3999938964844,412.04998779296875,403.61712646484375,15067.0
2022-05-10,415.0,415.0,382.25,386.3500061035156,378.443115234375,21228.0
2022-05-11,387.3500061035156,393.6000061035156,365.3999938964844,377.75,370.01910400390625,33836.0
2022-05-12,377.70001220703125,377.8500061035156,365.1000061035156,370.6000061035156,363.0154113769531,15896.0
2022-05-13,374.25,401.5,372.6000061035156,387.29998779296875,379.3736267089844,24619.0
2022-05-16,387.29998779296875,397.8999938964844,379.8500061035156,383.95001220703125,376.09222412109375,7694.0
2022-05-17,387.70001220703125,424.95001220703125,387.70001220703125,423.04998779296875,414.3919677734375,30381.0
2022-05-18,426.0,434.0,402.0,403.5,395.24212646484375,29335.0
2022-05-19,397.0,419.0,388.29998779296875,407.70001220703125,399.3561706542969,18423.0
2022-05-20,411.95001220703125,427.6499938964844,411.95001220703125,421.54998779296875,412.9226379394531,15553.0
2022-05-23,425.75,425.75,396.1499938964844,400.6499938964844,392.450439453125,7844.0
2022-05-24,404.6499938964844,408.54998779296875,391.70001220703125,395.6000061035156,387.5037841796875,7512.0
2022-05-25,399.54998779296875,406.0,380.0,381.6000061035156,373.7903137207031,9175.0
2022-05-26,381.8999938964844,420.1000061035156,365.5,396.75,388.6302795410156,16241.0
2022-05-27,407.0,417.0,393.0,411.04998779296875,402.6375732421875,12643.0
2022-05-30,413.0,435.75,413.0,419.70001220703125,411.11053466796875,16587.0
2022-05-31,460.0,494.0,460.0,472.0,462.3402404785156,208632.0
2022-06-01,476.79998779296875,481.0,460.0,465.70001220703125,456.1691589355469,33162.0
2022-06-02,465.8999938964844,498.0,458.04998779296875,469.3500061035156,459.7444152832031,86259.0
2022-06-03,475.95001220703125,480.70001220703125,460.0,461.45001220703125,452.0061340332031,21034.0
2022-06-06,466.04998779296875,468.8500061035156,450.0,453.25,443.97393798828125,14798.0
2022-06-07,462.25,462.8999938964844,454.04998779296875,460.8999938964844,451.46734619140625,8933.0
2022-06-08,464.8999938964844,471.5,454.3999938964844,464.6000061035156,455.0916748046875,12991.0
2022-06-09,473.0,473.0,451.20001220703125,454.70001220703125,445.394287109375,11242.0
2022-06-10,445.54998779296875,454.95001220703125,445.0,448.04998779296875,438.8803405761719,6844.0
2022-06-13,439.0,448.5,430.1000061035156,434.0,425.1178894042969,24413.0
2022-06-14,425.0,453.1000061035156,425.0,436.45001220703125,427.51776123046875,11562.0
2022-06-15,440.75,448.25,435.29998779296875,439.54998779296875,430.5542907714844,7917.0
2022-06-16,445.95001220703125,455.0,425.0,426.79998779296875,418.06524658203125,12512.0
2022-06-17,428.0,450.0,410.0,416.1000061035156,407.584228515625,12356.0
2022-06-20,416.8999938964844,418.79998779296875,385.95001220703125,393.6499938964844,385.59368896484375,14927.0
2022-06-21,400.0,410.0,400.0,409.79998779296875,401.41314697265625,8063.0
2022-06-22,405.1000061035156,412.0,398.0,399.25,391.0791015625,4191.0
2022-06-23,403.54998779296875,410.95001220703125,400.0,401.75,393.5279235839844,5139.0
2022-06-24,405.8999938964844,416.0,405.8999938964844,412.6499938964844,404.2048034667969,6711.0
2022-06-27,419.70001220703125,430.1000061035156,417.29998779296875,421.95001220703125,413.3145446777344,8854.0
2022-06-28,420.20001220703125,436.75,416.1499938964844,434.6000061035156,425.70562744140625,13176.0
2022-06-29,427.70001220703125,439.8999938964844,421.25,425.8999938964844,417.1836853027344,5329.0
2022-06-30,428.75,436.75,423.0,424.6499938964844,415.9592590332031,3273.0
2022-07-01,427.0,427.95001220703125,412.1000061035156,414.79998779296875,406.31085205078125,7872.0
2022-07-04,415.0,431.45001220703125,413.20001220703125,417.1499938964844,408.6127624511719,7114.0
2022-07-05,422.8999938964844,430.0,420.1000061035156,422.6499938964844,414.00018310546875,9148.0
2022-07-06,423.20001220703125,428.0,416.0,417.70001220703125,409.1514892578125,4602.0
2022-07-07,414.5,451.70001220703125,414.5,441.95001220703125,432.90521240234375,81453.0
2022-07-08,442.0,446.6000061035156,435.29998779296875,440.29998779296875,431.2889709472656,20783.0
2022-07-11,442.0,454.8999938964844,438.0,440.8500061035156,431.82769775390625,13901.0
2022-07-12,439.8999938964844,444.0,432.1000061035156,441.1499938964844,432.1215515136719,7972.0
2022-07-13,449.0,478.79998779296875,435.3999938964844,467.6499938964844,458.0792236328125,94626.0
2022-07-14,473.8999938964844,477.0,457.0,468.79998779296875,459.2056579589844,30569.0
2022-07-15,471.95001220703125,485.0,470.0,479.95001220703125,470.1275329589844,41746.0
2022-07-18,486.70001220703125,490.04998779296875,459.95001220703125,465.70001220703125,456.1691589355469,32055.0
2022-07-19,464.6000061035156,477.3999938964844,460.1000061035156,473.29998779296875,463.61358642578125,21421.0
2022-07-20,480.0,490.0,475.20001220703125,478.6000061035156,468.80511474609375,16026.0
2022-07-21,476.45001220703125,481.8500061035156,470.0,472.5,462.8299560546875,8843.0
2022-07-22,476.95001220703125,558.7000122070312,476.95001220703125,551.4000244140625,540.1152954101562,436594.0
2022-07-25,559.8499755859375,587.0,557.2999877929688,570.5999755859375,558.9223022460938,327628.0
2022-07-26,576.9000244140625,585.0,553.1500244140625,561.0,549.5187377929688,80119.0
2022-07-27,558.7999877929688,609.5999755859375,554.5499877929688,603.6500244140625,591.2959594726562,184282.0
2022-07-28,613.75,613.75,565.0,569.6500244140625,557.9917602539062,75236.0
2022-07-29,575.0999755859375,669.0,572.0499877929688,651.8499755859375,638.5094604492188,371964.0
2022-08-01,658.5,664.0,635.0999755859375,639.7000122070312,626.6080932617188,84581.0
2022-08-02,626.0,674.5,607.6500244140625,656.5999755859375,643.1622314453125,117877.0
2022-08-03,657.8499755859375,677.0,649.2999877929688,663.2999877929688,649.72509765625,85820.0
2022-08-04,660.0,682.0,642.0,651.0,637.6768188476562,75662.0
2022-08-05,654.9500122070312,672.9000244140625,650.0,653.9000244140625,640.5175170898438,56840.0
2022-08-08,659.25,718.7999877929688,653.9000244140625,702.25,687.8779907226562,168870.0
2022-08-10,708.5999755859375,737.4000244140625,705.4500122070312,725.1500244140625,710.309326171875,112216.0
2022-08-11,734.9000244140625,820.0,730.5,803.2000122070312,786.7620239257812,339036.0
2022-08-12,812.0,836.0,772.2000122070312,782.9500122070312,766.9263305664062,259811.0
2022-08-16,750.0,792.4000244140625,704.7000122070312,704.7000122070312,690.27783203125,192981.0
2022-08-17,685.0,728.0,666.5999755859375,677.9000244140625,664.0263061523438,137915.0
2022-08-18,688.9500122070312,736.9500122070312,684.0499877929688,722.7000122070312,707.9094848632812,130908.0
2022-08-19,729.75,749.0,708.0499877929688,730.9000244140625,715.941650390625,74470.0
2022-08-22,735.0499877929688,739.9500122070312,700.0,704.7000122070312,690.27783203125,44376.0
2022-08-23,700.0,715.0,687.2999877929688,689.9500122070312,675.8297729492188,29659.0
2022-08-24,692.9000244140625,734.0,692.5999755859375,725.9000244140625,711.0440063476562,62929.0
2022-08-25,731.6500244140625,798.4500122070312,725.9000244140625,793.8499755859375,777.6033325195312,172332.0
2022-08-26,805.0,834.7999877929688,794.25,812.0499877929688,795.4308471679688,126052.0
2022-08-29,789.0,820.0,762.0499877929688,798.2999877929688,781.9622802734375,50049.0
2022-08-30,803.9500122070312,825.0,795.0,809.5499877929688,792.98193359375,37120.0
2022-09-01,809.0,815.7999877929688,785.0,792.1500244140625,775.9381713867188,37259.0
2022-09-02,799.25,817.0,771.0499877929688,774.0999755859375,758.2575073242188,32870.0
2022-09-05,777.0,784.2999877929688,732.5,741.75,726.569580078125,80574.0
2022-09-06,741.75,777.9000244140625,741.75,769.7000122070312,753.9476318359375,43914.0
2022-09-07,770.3499755859375,790.0,752.4500122070312,765.8499755859375,750.1763305664062,48965.0
2022-09-08,776.3499755859375,776.3499755859375,755.5499877929688,767.7000122070312,751.9885864257812,36334.0
2022-09-09,774.0,776.0,746.4500122070312,749.9000244140625,734.5529174804688,26308.0
2022-09-12,762.0,769.0499877929688,744.0,760.7999877929688,745.229736328125,29267.0
2022-09-13,761.5499877929688,836.8499755859375,760.2999877929688,836.8499755859375,819.7232666015625,140461.0
2022-09-14,837.5499877929688,920.5,837.5499877929688,910.5499877929688,891.9149169921875,260718.0
2022-09-15,908.7999877929688,951.9000244140625,859.9500122070312,873.5,855.6232299804688,186653.0
2022-09-16,873.5,900.0,802.5,837.9000244140625,820.7518310546875,85344.0
2022-09-19,873.0,902.0,811.4500122070312,888.2000122070312,870.0223999023438,70809.0
2022-09-20,912.0,925.0,867.6500244140625,872.6500244140625,854.7906494140625,45686.0
2022-09-21,876.1500244140625,882.4000244140625,830.0,845.7999877929688,831.826416015625,42339.0
2022-09-22,830.0,859.0,826.0,843.0499877929688,829.1218872070312,21027.0
2022-09-23,851.0,851.0,799.9500122070312,812.3499755859375,798.9290161132812,34154.0
2022-09-26,829.0,829.0,758.0,762.0999755859375,749.5092163085938,69732.0
2022-09-27,794.9000244140625,829.0999755859375,762.0999755859375,819.5999755859375,806.0592651367188,51481.0
2022-09-28,824.0,824.0,780.0,784.0499877929688,771.0965576171875,34549.0
2022-09-29,807.9500122070312,810.6500244140625,790.0,799.75,786.5372314453125,19377.0
2022-09-30,799.75,819.3499755859375,790.1500244140625,798.5999755859375,785.4061889648438,26009.0
2022-10-03,812.7000122070312,812.7000122070312,770.0,775.9500122070312,763.1304321289062,15276.0
2022-10-04,790.0,805.9000244140625,786.0,791.8499755859375,778.7677001953125,14731.0
2022-10-06,805.0,829.9000244140625,801.0,804.8499755859375,791.552978515625,16686.0
2022-10-07,804.8499755859375,809.75,784.75,792.5499877929688,779.4561157226562,22157.0
2022-10-10,804.0,840.0,792.8499755859375,802.75,789.4876098632812,41126.0
2022-10-11,809.0,809.0,774.0,778.4500122070312,765.5891723632812,18206.0
2022-10-12,779.0,784.0499877929688,750.0,767.2999877929688,754.623291015625,18578.0
2022-10-13,752.0,783.9500122070312,742.0,747.0,734.65869140625,15841.0
2022-10-14,759.8499755859375,786.0,733.5999755859375,739.9500122070312,727.7252807617188,13488.0
2022-10-17,740.0,754.9000244140625,710.0,717.0999755859375,705.252685546875,23258.0
2022-10-18,729.75,749.9500122070312,721.0,726.0999755859375,714.10400390625,18490.0
2022-10-19,726.0999755859375,745.0,722.0,735.2000122070312,723.0536499023438,8818.0
2022-10-20,735.2000122070312,738.0,700.25,710.9500122070312,699.204345703125,22572.0
2022-10-21,710.9500122070312,725.0,675.2000122070312,682.0,670.7326049804688,29395.0
2022-10-24,685.0,706.0,650.5,669.5499877929688,658.48828125,19508.0
2022-10-25,669.5499877929688,725.0,669.5499877929688,703.8499755859375,692.2215576171875,35516.0
2022-10-27,711.9000244140625,720.0,697.0,708.25,696.5488891601562,16596.0
2022-10-28,716.0,716.8499755859375,702.0,704.4000244140625,692.7625122070312,7039.0
2022-10-31,717.7000122070312,717.7000122070312,682.0,686.5499877929688,675.2073974609375,12619.0
2022-11-01,695.0,703.5499877929688,680.0,690.5499877929688,679.1412963867188,13846.0
2022-11-02,695.9500122070312,714.9500122070312,692.0,698.7000122070312,687.1566772460938,14433.0
2022-11-03,700.9000244140625,708.1500244140625,695.0,700.1500244140625,688.582763671875,7813.0
2022-11-04,705.0,730.0,692.0,694.8499755859375,683.3703002929688,9189.0
2022-11-07,710.0,710.0,692.0,699.5,687.9434204101562,7097.0
2022-11-09,701.0,710.0,692.2999877929688,695.25,683.763671875,19018.0
2022-11-10,699.25,705.9500122070312,683.0,685.75,674.420654296875,11054.0
2022-11-11,695.0,695.0,667.0,681.0999755859375,669.847412109375,10817.0
2022-11-14,690.0,690.0,650.0,656.5999755859375,645.752197265625,21419.0
2022-11-15,636.5999755859375,686.4500122070312,613.5999755859375,647.6500244140625,636.9501342773438,38153.0
2022-11-16,647.7000122070312,662.75,640.1500244140625,645.0,634.3438110351562,13371.0
2022-11-17,649.5999755859375,660.0,641.5999755859375,647.4500122070312,636.75341796875,9066.0
2022-11-18,658.7000122070312,658.7000122070312,607.0999755859375,617.3499755859375,607.150634765625,28458.0
2022-11-21,617.3499755859375,636.4500122070312,604.7000122070312,614.25,604.1018676757812,18526.0
2022-11-22,627.0,627.0,575.5,582.7000122070312,573.0731201171875,32742.0
2022-11-23,588.0,625.0,580.6500244140625,584.3499755859375,574.6958618164062,24216.0
2022-11-24,587.0,599.0,568.3499755859375,578.0499877929688,568.4999389648438,23714.0
2022-11-25,582.0,585.0,541.0499877929688,552.4500122070312,543.3229370117188,57695.0
2022-11-28,570.0,589.0,554.9500122070312,560.0499877929688,550.79736328125,56278.0
2022-11-29,565.0,573.4500122070312,549.7000122070312,558.2000122070312,548.9779052734375,21704.0
2022-11-30,562.0,567.0,545.5,550.5499877929688,541.4542846679688,21007.0
2022-12-01,559.6500244140625,560.0,535.5999755859375,537.5999755859375,528.71826171875,34019.0
2022-12-02,537.5999755859375,545.0999755859375,530.0,534.1500244140625,525.3252563476562,34277.0
2022-12-05,545.7999877929688,559.7999877929688,541.5999755859375,548.1500244140625,539.093994140625,31843.0
2022-12-06,556.2999877929688,573.0,552.25,557.0499877929688,547.8468627929688,41320.0
2022-12-07,563.7000122070312,563.7000122070312,546.0,558.4500122070312,549.2237548828125,17826.0
2022-12-08,564.0,569.9500122070312,547.0,551.2999877929688,542.19189453125,14745.0
2022-12-09,559.8499755859375,559.8499755859375,541.0,542.0499877929688,533.0946655273438,14523.0
2022-12-12,551.0,554.0,539.0,541.5499877929688,532.6029663085938,7234.0
2022-12-13,549.7999877929688,549.7999877929688,537.0499877929688,538.9000244140625,529.9967651367188,6862.0
2022-12-14,544.0,547.9500122070312,530.0,531.5499877929688,522.7681884765625,18414.0
2022-12-15,539.0,557.0,535.0499877929688,547.9000244140625,538.8480834960938,22472.0
2022-12-16,548.7999877929688,552.4500122070312,536.7999877929688,541.75,532.7996215820312,8100.0
2022-12-19,545.0,547.9500122070312,534.0999755859375,538.4500122070312,529.55419921875,8101.0
2022-12-20,554.0,554.0,525.0,528.7000122070312,519.9652709960938,13934.0
2022-12-21,533.9500122070312,539.2000122070312,508.0,513.5499877929688,505.0655517578125,10316.0
2022-12-22,524.4500122070312,524.4500122070312,476.1000061035156,485.3999938964844,477.3806457519531,28367.0
2022-12-23,477.0,486.0,454.29998779296875,459.75,452.1544189453125,26910.0
2022-12-26,474.95001220703125,505.70001220703125,466.0,504.5,496.1650695800781,27472.0
2022-12-27,525.9000244140625,528.0,492.0,513.5499877929688,505.0655517578125,22388.0
2022-12-28,518.6500244140625,523.0,510.6000061035156,515.7000122070312,507.1800842285156,10332.0
2022-12-29,523.4500122070312,530.0,512.0999755859375,523.25,514.6052856445312,16875.0
2022-12-30,523.25,529.4000244140625,505.0,512.0499877929688,503.59033203125,12665.0
2023-01-02,520.0,535.0,513.0499877929688,534.0999755859375,525.2760009765625,14299.0
2023-01-03,538.0,545.5499877929688,520.5999755859375,528.9000244140625,520.1619873046875,14143.0
2023-01-04,518.7999877929688,537.9500122070312,514.3499755859375,518.5,509.93377685546875,13076.0
2023-01-05,522.0,538.9500122070312,515.0,533.0999755859375,524.2925415039062,15079.0
2023-01-06,533.0999755859375,539.0,516.25,522.9000244140625,514.2611694335938,10748.0
2023-01-09,530.7000122070312,530.7000122070312,515.0,518.8499755859375,510.27801513671875,5691.0
2023-01-10,520.0,523.6500244140625,510.04998779296875,513.7000122070312,505.2131042480469,6457.0
2023-01-11,518.0,524.9000244140625,509.0,520.4000244140625,511.8023986816406,9370.0
2023-01-12,520.4000244140625,527.0,519.0,519.9500122070312,511.35980224609375,4776.0
2023-01-13,526.0,528.0,519.9000244140625,523.6500244140625,514.9987182617188,6864.0
2023-01-16,528.7000122070312,529.0,521.0,524.5999755859375,515.9330444335938,5136.0
2023-01-17,524.0499877929688,526.2999877929688,514.0999755859375,517.5,508.9503173828125,9065.0
2023-01-18,518.5,524.5499877929688,516.1500244140625,517.7000122070312,509.14703369140625,6807.0
2023-01-19,517.7000122070312,520.0,503.0,510.1499938964844,501.72174072265625,7600.0
2023-01-20,513.0,516.5499877929688,502.0,509.5,501.0824890136719,7270.0
2023-01-23,516.0,516.0,495.04998779296875,499.3500061035156,491.1001892089844,10239.0
2023-01-24,506.95001220703125,506.95001220703125,496.04998779296875,499.3999938964844,491.1493225097656,8449.0
2023-01-25,499.6000061035156,501.6499938964844,475.0,479.45001220703125,471.5289611816406,20956.0
2023-01-27,489.0,489.0,450.04998779296875,455.45001220703125,447.9254455566406,35574.0
2023-01-30,478.95001220703125,478.95001220703125,458.0,464.70001220703125,457.02264404296875,13553.0
2023-01-31,479.95001220703125,485.0,464.29998779296875,479.75,471.8240051269531,6969.0
2023-02-01,487.8999938964844,490.5,470.0,479.3500061035156,471.43060302734375,11550.0
2023-02-02,462.04998779296875,480.70001220703125,460.04998779296875,474.29998779296875,466.4640197753906,9661.0
2023-02-03,474.0,482.20001220703125,460.54998779296875,467.8500061035156,460.12060546875,5383.0
2023-02-06,467.8500061035156,477.95001220703125,463.70001220703125,472.6000061035156,464.7921142578125,4075.0
2023-02-07,481.6000061035156,487.45001220703125,464.1000061035156,476.25,468.3818054199219,8229.0
2023-02-08,477.1000061035156,484.0,465.04998779296875,467.70001220703125,459.97308349609375,8202.0
2023-02-09,471.3500061035156,484.95001220703125,467.3500061035156,480.0,472.06988525390625,8734.0
2023-02-10,485.5,517.0,483.3999938964844,513.0,504.524658203125,48041.0
2023-02-13,518.9000244140625,532.4500122070312,498.0,513.5499877929688,505.0655517578125,39932.0
2023-02-14,518.0,518.0499877929688,495.20001220703125,497.3500061035156,489.13323974609375,15945.0
2023-02-15,491.1000061035156,491.1000061035156,458.0,467.95001220703125,460.2189636230469,41735.0
2023-02-16,473.1000061035156,473.1000061035156,457.54998779296875,459.75,452.1544189453125,23403.0
2023-02-17,467.0,474.45001220703125,457.1000061035156,463.79998779296875,456.1374816894531,19077.0
2023-02-20,465.04998779296875,468.8500061035156,440.54998779296875,447.5,440.1067810058594,22498.0
2023-02-21,447.95001220703125,451.6499938964844,433.79998779296875,435.6000061035156,428.4034118652344,16596.0
2023-02-22,431.25,440.0,425.3500061035156,429.79998779296875,422.69921875,13656.0
2023-02-23,433.0,435.3999938964844,421.0,423.5,416.5032958984375,14122.0
2023-02-24,425.0,457.8999938964844,424.20001220703125,446.20001220703125,438.8282775878906,28347.0
2023-02-27,450.0,453.0,430.0,433.8500061035156,426.68231201171875,25631.0
2023-02-28,438.8500061035156,438.8500061035156,423.1000061035156,427.45001220703125,420.3880615234375,8789.0
2023-03-01,432.3500061035156,435.0,424.1000061035156,425.3500061035156,418.32275390625,9190.0
2023-03-02,429.54998779296875,429.8999938964844,411.0,414.79998779296875,407.947021484375,24828.0
2023-03-03,423.0,427.25,420.1499938964844,422.20001220703125,415.2247619628906,13011.0
2023-03-06,427.0,450.0,424.0,431.95001220703125,424.813720703125,24450.0
2023-03-08,432.1000061035156,444.0,429.04998779296875,435.70001220703125,428.5017395019531,15231.0
2023-03-09,440.70001220703125,443.95001220703125,426.79998779296875,430.29998779296875,423.1909484863281,16548.0
2023-03-10,430.8500061035156,430.8500061035156,422.0,424.20001220703125,417.1917419433594,10631.0
2023-03-13,428.95001220703125,428.95001220703125,399.95001220703125,407.8500061035156,401.11187744140625,23355.0
2023-03-14,404.54998779296875,426.79998779296875,404.54998779296875,416.20001220703125,409.32391357421875,14145.0
2023-03-15,420.8999938964844,429.0,415.54998779296875,421.29998779296875,414.3396301269531,16761.0
2023-03-16,426.04998779296875,426.04998779296875,405.3500061035156,410.6499938964844,403.8655700683594,16793.0
2023-03-17,415.3500061035156,420.54998779296875,408.0,409.29998779296875,402.5378723144531,13956.0
2023-03-20,409.29998779296875,422.3999938964844,404.1499938964844,417.54998779296875,410.651611328125,14327.0
2023-03-21,422.29998779296875,422.29998779296875,413.25,414.54998779296875,407.7011413574219,9164.0
2023-03-22,415.0,428.3500061035156,415.0,421.20001220703125,414.2413024902344,12857.0
2023-03-23,421.0,427.79998779296875,409.0,411.54998779296875,404.750732421875,12092.0
2023-03-24,412.5,416.45001220703125,405.0,405.95001220703125,399.2432556152344,12868.0
2023-03-27,401.04998779296875,407.0,391.70001220703125,394.5,387.982421875,19980.0
2023-03-28,386.04998779296875,397.95001220703125,375.0,377.29998779296875,371.0665588378906,34099.0
2023-03-29,382.3999938964844,409.79998779296875,377.0,402.95001220703125,396.2928161621094,35872.0
2023-03-31,406.95001220703125,425.25,405.8500061035156,410.0,403.226318359375,23668.0
2023-04-03,423.79998779296875,440.0,416.1499938964844,431.54998779296875,424.4202880859375,29479.0
2023-04-05,434.20001220703125,456.04998779296875,433.1000061035156,451.0,443.5489501953125,25627.0
2023-04-06,464.3500061035156,477.0,460.70001220703125,465.29998779296875,457.6127014160156,50265.0
2023-04-10,472.29998779296875,480.04998779296875,471.04998779296875,473.8999938964844,466.0706481933594,22636.0
2023-04-11,478.6499938964844,484.0,457.20001220703125,464.3500061035156,456.67840576171875,23395.0
2023-04-12,464.5,557.2000122070312,464.5,509.3500061035156,500.9349670410156,424026.0
2023-04-13,509.3500061035156,523.7999877929688,499.04998779296875,512.5999755859375,504.1312561035156,93197.0
2023-04-17,512.5999755859375,535.0999755859375,510.1499938964844,524.4500122070312,515.7855224609375,45425.0
2023-04-18,531.25,533.7000122070312,506.0,509.0,500.5907287597656,37929.0
2023-04-19,513.9000244140625,523.9500122070312,508.5,511.8999938964844,503.44281005859375,29981.0
2023-04-20,514.0,519.1500244140625,496.0,500.75,492.47705078125,40647.0
2023-04-21,505.70001220703125,505.75,488.45001220703125,498.45001220703125,490.2150573730469,28638.0
2023-04-24,503.20001220703125,503.20001220703125,490.0,492.1499938964844,484.01910400390625,14520.0
2023-04-25,483.0,502.45001220703125,483.0,495.3999938964844,487.21539306640625,20161.0
2023-04-26,500.0,500.0,474.0,476.04998779296875,468.18511962890625,59712.0
2023-04-27,480.75,487.79998779296875,479.79998779296875,482.04998779296875,474.0859375,15526.0
2023-04-28,486.8500061035156,488.95001220703125,482.04998779296875,483.0,475.02032470703125,19807.0
2023-05-02,487.70001220703125,525.0499877929688,485.04998779296875,507.54998779296875,499.1647033691406,61220.0
2023-05-03,508.0,512.5499877929688,496.3999938964844,500.29998779296875,492.03448486328125,18797.0
2023-05-04,504.0,510.0,498.6000061035156,501.25,492.9687805175781,16972.0
2023-05-05,502.0,513.6500244140625,498.1000061035156,501.70001220703125,493.411376953125,19781.0
2023-05-08,505.0,510.95001220703125,497.29998779296875,504.79998779296875,496.46014404296875,14323.0
2023-05-09,509.75,516.7000122070312,498.0,500.5,492.2311706542969,31563.0
2023-05-10,505.5,505.5,488.6000061035156,493.54998779296875,485.3959655761719,14571.0
2023-05-11,495.95001220703125,503.8999938964844,490.25,495.8999938964844,487.7071533203125,19395.0
2023-05-12,503.3500061035156,503.3500061035156,484.45001220703125,487.75,479.6918029785156,19210.0
2023-05-15,494.1499938964844,494.1499938964844,481.6000061035156,483.6000061035156,475.6103820800781,13640.0
2023-05-16,486.0,490.0,481.3999938964844,482.29998779296875,474.33184814453125,11566.0
2023-05-17,480.70001220703125,485.0,467.75,473.0,465.1855163574219,21102.0
2023-05-18,478.79998779296875,482.1499938964844,472.5,475.25,467.3983154296875,13454.0
2023-05-19,475.25,480.8999938964844,459.1000061035156,464.6499938964844,456.97344970703125,24368.0
2023-05-22,465.0,474.45001220703125,465.0,468.6499938964844,460.9073486328125,15367.0
2023-05-23,465.0,478.0,458.79998779296875,468.79998779296875,461.05487060546875,29106.0
2023-05-24,470.3999938964844,483.8999938964844,465.04998779296875,478.3999938964844,470.49627685546875,11234.0
2023-05-25,471.0,518.7999877929688,470.70001220703125,502.3500061035156,494.05059814453125,64844.0
2023-05-26,504.95001220703125,515.0,491.1000061035156,493.25,485.1009521484375,23018.0
2023-05-29,499.3500061035156,506.6499938964844,491.20001220703125,498.1499938964844,489.91998291015625,15544.0
2023-05-30,500.04998779296875,504.45001220703125,483.8500061035156,487.6499938964844,479.5934753417969,16770.0
2023-05-31,550.0,573.0,513.0999755859375,550.75,541.6510009765625,987456.0
2023-06-01,559.0,567.0,552.5,556.4500122070312,547.2568359375,164732.0
2023-06-02,564.4000244140625,575.0,558.0,563.7000122070312,554.3870239257812,140511.0
2023-06-05,574.0,645.0,569.0,626.4500122070312,616.100341796875,623067.0
2023-06-06,638.0499877929688,644.7000122070312,612.0,618.4000244140625,608.183349609375,173355.0
2023-06-07,627.0,670.7999877929688,616.0,654.0499877929688,643.2443237304688,205389.0
2023-06-08,662.0,666.7999877929688,620.5,635.4500122070312,624.95166015625,81522.0
2023-06-09,641.5,643.4500122070312,611.2000122070312,621.8499755859375,611.5763549804688,51743.0
2023-06-12,624.9000244140625,648.7999877929688,621.0499877929688,639.3499755859375,628.7871704101562,62728.0
2023-06-13,644.6500244140625,648.7999877929688,630.5999755859375,635.5,625.0008544921875,27724.0
2023-06-14,639.2000122070312,645.6500244140625,625.0499877929688,628.5499877929688,618.1655883789062,19560.0
2023-06-15,630.0,654.3499755859375,630.0,642.9000244140625,632.278564453125,44986.0
2023-06-16,654.0,654.0,627.0,632.0999755859375,621.656982421875,44782.0
2023-06-19,639.9000244140625,644.4500122070312,627.2999877929688,632.2999877929688,621.8536376953125,33022.0
2023-06-20,634.0,637.4500122070312,621.9500122070312,623.75,613.4449462890625,44761.0
2023-06-21,630.6500244140625,638.9000244140625,612.0,615.0499877929688,604.888671875,39383.0
2023-06-22,611.0,630.3499755859375,611.0,613.2000122070312,603.0692138671875,33229.0
2023-06-23,616.0,617.0,590.0,593.2999877929688,583.4979858398438,38029.0
2023-06-26,587.4000244140625,606.2999877929688,587.4000244140625,595.1500244140625,585.3175048828125,39906.0
2023-06-27,602.0,639.8499755859375,601.9000244140625,631.0999755859375,620.6734619140625,165668.0
2023-06-28,639.8499755859375,751.0,632.7999877929688,730.7999877929688,718.7263793945312,1172078.0
2023-06-30,736.0,742.7999877929688,712.1500244140625,715.7000122070312,703.8758544921875,182638.0
2023-07-03,715.9500122070312,741.5499877929688,711.6500244140625,718.0999755859375,706.2362060546875,75340.0
2023-07-04,723.0,738.0,690.2000122070312,693.7000122070312,682.2393188476562,89379.0
2023-07-05,693.7000122070312,722.5,688.0999755859375,697.1500244140625,685.63232421875,71949.0
2023-07-06,702.0,713.7999877929688,692.9000244140625,700.75,689.1728515625,39338.0
2023-07-07,703.0,725.0,692.0499877929688,710.0,698.27001953125,84921.0
2023-07-10,723.0,798.0,711.9000244140625,764.3499755859375,751.7221069335938,278732.0
2023-07-11,775.0499877929688,787.0,751.0499877929688,770.2999877929688,757.5737915039062,105092.0
2023-07-12,777.8499755859375,778.5999755859375,765.0999755859375,769.75,757.0328369140625,47754.0
2023-07-13,780.0,795.8499755859375,745.0,754.9000244140625,742.42822265625,85598.0
2023-07-14,758.9500122070312,768.7000122070312,736.0,754.2999877929688,741.8380737304688,62176.0
2023-07-17,754.2999877929688,807.6500244140625,751.8499755859375,782.3499755859375,769.4246826171875,133949.0
2023-07-18,789.0499877929688,799.9500122070312,764.3499755859375,777.5,764.6548461914062,73934.0
2023-07-19,777.5,784.0,764.0499877929688,767.9500122070312,755.2625732421875,37283.0
2023-07-20,772.9500122070312,775.3499755859375,757.6500244140625,761.2999877929688,748.722412109375,29821.0
2023-07-21,759.0,775.0,736.0,740.0999755859375,727.8726806640625,54496.0
2023-07-24,736.0,785.0,735.0,766.0499877929688,753.3939819335938,73084.0
2023-07-25,766.0499877929688,780.9500122070312,742.0,747.0499877929688,734.7078857421875,48581.0
2023-07-26,750.0,765.0,745.0,760.25,747.6898193359375,32120.0
2023-07-27,761.9000244140625,778.9500122070312,745.6500244140625,748.2999877929688,735.9371948242188,28631.0
2023-07-28,749.4500122070312,753.5499877929688,720.0,724.7999877929688,712.8255004882812,47874.0
2023-07-31,732.7999877929688,762.0,726.2999877929688,758.3499755859375,745.8211669921875,53347.0
2023-08-01,766.5,771.0,744.0,754.5999755859375,742.1331176757812,39187.0
2023-08-02,753.7999877929688,763.9000244140625,727.6500244140625,753.0,740.5595703125,42340.0
2023-08-03,755.0,768.0,735.5,740.5999755859375,728.3644409179688,54988.0
2023-08-04,742.0,756.9000244140625,736.5999755859375,741.5999755859375,729.347900390625,38687.0
2023-08-07,745.9000244140625,766.9500122070312,741.5999755859375,752.0,739.5760498046875,50690.0
2023-08-08,752.0,814.0,752.0,785.4500122070312,772.4735107421875,233260.0
2023-08-09,788.7000122070312,812.75,777.0,798.0999755859375,784.9144897460938,90553.0
2023-08-10,799.9500122070312,799.9500122070312,775.5,782.6500244140625,769.7197265625,61188.0
2023-08-11,787.5,791.7999877929688,706.7000122070312,716.0499877929688,704.2200317382812,141688.0
2023-08-14,717.7000122070312,739.7999877929688,699.0999755859375,703.1500244140625,691.533203125,96448.0
2023-08-16,646.0499877929688,656.8499755859375,595.0,601.3499755859375,591.4149780273438,321676.0
2023-08-17,604.9500122070312,646.7000122070312,604.9500122070312,614.1500244140625,604.0035400390625,163079.0
2023-08-18,618.4000244140625,627.8499755859375,594.0,596.5999755859375,586.7434692382812,71143.0
2023-08-21,607.0,617.6500244140625,594.0,596.3499755859375,586.49755859375,88106.0
2023-08-22,597.0,610.0,595.7999877929688,597.0499877929688,587.18603515625,40067.0
2023-08-23,602.0,603.25,590.0,591.5999755859375,581.8261108398438,39833.0
2023-08-24,591.5999755859375,595.75,567.0499877929688,573.9500122070312,564.4677124023438,89465.0
2023-08-25,579.9500122070312,589.5,574.5499877929688,578.7999877929688,569.237548828125,37082.0
2023-08-28,580.3499755859375,587.6500244140625,568.0,571.9500122070312,562.500732421875,45801.0
2023-08-29,574.5999755859375,610.7999877929688,574.5999755859375,605.4500122070312,595.447265625,99622.0
2023-08-30,612.9000244140625,623.4500122070312,610.0,613.7000122070312,603.56103515625,54596.0
2023-08-31,617.0,623.4000244140625,595.2000122070312,604.5499877929688,594.5621337890625,43884.0
2023-09-01,605.0,613.0,600.6500244140625,605.3499755859375,595.348876953125,34619.0
2023-09-04,610.0,618.5,608.0,613.7000122070312,603.56103515625,31890.0
2023-09-05,618.2999877929688,621.3499755859375,595.0,599.0,589.1038208007812,49985.0
2023-09-06,599.9000244140625,641.6500244140625,599.0,637.5,626.9677734375,98818.0
2023-09-07,644.7000122070312,658.9000244140625,638.0,640.0499877929688,629.4756469726562,102945.0
2023-09-08,639.0,652.7999877929688,634.0499877929688,643.2000122070312,632.5736083984375,39408.0
2023-09-11,644.5,648.5,630.0,631.9500122070312,621.5094604492188,24309.0
2023-09-12,634.5999755859375,639.7000122070312,600.0,606.75,596.7257690429688,42970.0
2023-09-13,610.0,620.5,588.7000122070312,615.3499755859375,605.1837158203125,33716.0
2023-09-14,621.0,627.75,613.0,618.9000244140625,608.6751098632812,17378.0
2023-09-15,618.9000244140625,623.9500122070312,606.7000122070312,614.3499755859375,604.2001953125,16239.0
2023-09-18,620.0499877929688,620.0499877929688,603.0,606.2000122070312,600.092041015625,32330.0
2023-09-20,610.5499877929688,617.3499755859375,606.9000244140625,613.1500244140625,606.9720458984375,17819.0
2023-09-21,612.9500122070312,618.2000122070312,604.5999755859375,607.4500122070312,601.3294677734375,15090.0
2023-09-22,611.25,618.5999755859375,596.7000122070312,608.9000244140625,602.764892578125,13946.0
2023-09-25,608.0,609.9000244140625,600.9500122070312,603.3499755859375,597.270751953125,12075.0
2023-09-26,607.25,617.9500122070312,601.0,607.2999877929688,601.1809692382812,13883.0
2023-09-27,607.0,614.75,606.5999755859375,611.3499755859375,605.1901245117188,10904.0
2023-09-28,615.0,616.7999877929688,589.5499877929688,600.2000122070312,594.152587890625,18939.0
2023-09-29,604.0,611.4000244140625,597.9500122070312,608.2000122070312,602.0718994140625,21235.0
2023-10-03,615.0,615.0,599.7000122070312,602.2999877929688,596.2313232421875,16917.0
2023-10-04,596.2999877929688,612.4500122070312,594.6500244140625,596.75,590.7373046875,26992.0
2023-10-05,602.2000122070312,607.8499755859375,596.0,600.75,594.6969604492188,13283.0
2023-10-06,596.0,604.9000244140625,594.0499877929688,599.4500122070312,593.4100952148438,11966.0
2023-10-09,585.5,593.7999877929688,580.5,585.9500122070312,580.046142578125,17538.0
2023-10-10,582.0,595.0,582.0,589.8499755859375,583.9067993164062,12259.0
2023-10-11,596.0,604.9000244140625,592.5499877929688,598.75,592.7171630859375,15367.0
2023-10-12,605.0,606.2000122070312,595.5999755859375,597.5,591.479736328125,9842.0
2023-10-13,600.0,605.0,595.25,600.9000244140625,594.8455200195312,14445.0
2023-10-16,600.9000244140625,606.7999877929688,593.0,594.9500122070312,588.9554443359375,22544.0
2023-10-17,602.0,611.6500244140625,599.0999755859375,604.0499877929688,597.9637451171875,30947.0
2023-10-18,605.7999877929688,608.5499877929688,594.9500122070312,597.5499877929688,591.5291748046875,19852.0
2023-10-19,598.0,600.5499877929688,591.0,591.9000244140625,585.9361572265625,23729.0
2023-10-20,597.5,600.0,584.75,586.9000244140625,580.986572265625,19002.0
2023-10-23,580.1500244140625,586.9000244140625,553.0,566.1500244140625,560.4456176757812,29423.0
2023-10-25,562.4500122070312,575.25,539.5999755859375,546.2000122070312,540.6966552734375,33403.0
2023-10-26,548.6500244140625,549.4500122070312,532.0499877929688,545.2999877929688,539.8056640625,19624.0
2023-10-27,552.0499877929688,576.2000122070312,552.0499877929688,564.75,559.0596923828125,18317.0
2023-10-30,572.0499877929688,574.2000122070312,554.6500244140625,560.5499877929688,554.9020385742188,11195.0
2023-10-31,564.5,566.9000244140625,557.0,559.25,553.6151123046875,8404.0
2023-11-01,562.5,562.5,551.0,552.5,546.9331665039062,7459.0
2023-11-02,556.4500122070312,564.0,551.5499877929688,556.5499877929688,550.9423217773438,9378.0
2023-11-03,555.5499877929688,563.25,536.0999755859375,546.7999877929688,541.29052734375,28198.0
2023-11-06,552.3499755859375,560.9500122070312,551.0499877929688,557.6500244140625,552.03125,12421.0
2023-11-07,562.0,562.5,551.1500244140625,555.4000244140625,549.803955078125,12902.0
2023-11-08,560.0,565.1500244140625,555.0499877929688,563.2999877929688,557.6243286132812,6657.0
2023-11-09,570.0,570.5,549.4000244140625,553.0499877929688,547.4776000976562,17364.0
2023-11-10,552.0,565.0,550.5499877929688,560.8499755859375,555.198974609375,11084.0
2023-11-13,572.4000244140625,575.0499877929688,557.0,573.2999877929688,567.5235595703125,11367.0
2023-11-15,545.5,557.0,532.0,538.5999755859375,533.1732177734375,102598.0
2023-11-16,538.6500244140625,550.0499877929688,538.0,548.7999877929688,543.2703857421875,26411.0
2023-11-17,545.5,554.6500244140625,543.5499877929688,552.2999877929688,546.7351684570312,13673.0
2023-11-20,552.2999877929688,556.5999755859375,552.0999755859375,552.9500122070312,547.3786010742188,9921.0
2023-11-21,555.0,556.5999755859375,550.0,550.8499755859375,545.2997436523438,13496.0
2023-11-22,550.5,550.5,541.5999755859375,544.5999755859375,539.1127319335938,11364.0
2023-11-23,543.0999755859375,550.0,542.2000122070312,544.9000244140625,539.4097290039062,10888.0
2023-11-24,542.0,552.0,542.0,548.5499877929688,543.02294921875,13455.0
2023-11-28,552.0,552.0,530.0,533.7999877929688,528.4215698242188,39351.0
2023-11-29,540.0,540.0,510.1499938964844,516.8499755859375,511.642333984375,51394.0
2023-11-30,521.4500122070312,529.5499877929688,502.6000061035156,514.8499755859375,509.6625061035156,31779.0
2023-12-01,521.0,526.75,515.5499877929688,520.75,515.5030517578125,18657.0
2023-12-04,529.4000244140625,540.5499877929688,520.0999755859375,527.4000244140625,522.0860595703125,31385.0
2023-12-05,532.5499877929688,537.4500122070312,525.5999755859375,528.2999877929688,522.9769897460938,16056.0
2023-12-06,533.5499877929688,594.0,528.0499877929688,579.2999877929688,573.463134765625,231117.0
2023-12-07,582.9000244140625,584.7999877929688,559.0499877929688,564.2000122070312,558.5152587890625,48182.0
2023-12-08,569.7000122070312,575.4500122070312,557.0499877929688,561.1500244140625,555.4960327148438,19652.0
2023-12-11,562.0499877929688,576.5,559.1500244140625,561.9000244140625,556.2384643554688,24117.0
2023-12-12,564.9000244140625,623.0999755859375,564.9000244140625,605.6500244140625,599.547607421875,142995.0
2023-12-13,606.0,615.0499877929688,589.25,598.2000122070312,592.1727294921875,34564.0
2023-12-14,605.0,605.0,581.9500122070312,586.4000244140625,580.4915771484375,23690.0
2023-12-15,587.4500122070312,601.0,584.4000244140625,590.5,584.5502319335938,19764.0
2023-12-18,592.75,600.5499877929688,583.0999755859375,585.5,579.6006469726562,22167.0
2023-12-19,587.6500244140625,593.0999755859375,581.0,585.2000122070312,579.3037109375,17419.0
2023-12-20,587.4000244140625,588.7000122070312,542.0499877929688,547.9500122070312,542.428955078125,69060.0
2023-12-21,550.1500244140625,573.9000244140625,542.3499755859375,568.2000122070312,562.4749755859375,26763.0
2023-12-22,571.5999755859375,577.5,565.0,571.0,565.2467651367188,22616.0
2023-12-26,568.5499877929688,581.1500244140625,562.0,575.25,569.4539184570312,34058.0
2023-12-27,578.5,589.0,567.2999877929688,571.1500244140625,565.395263671875,39278.0
2023-12-28,573.4500122070312,578.5499877929688,560.0,561.9000244140625,556.2384643554688,24646.0
2023-12-29,564.0499877929688,568.75,556.0499877929688,561.0,555.3474731445312,19801.0
2024-01-01,560.0,588.0,560.0,576.9500122070312,571.1367797851562,26588.0
2024-01-02,582.7000122070312,585.7000122070312,567.5499877929688,582.25,576.3834228515625,27184.0
2024-01-03,582.4000244140625,595.0,576.6500244140625,588.6500244140625,582.7189331054688,28612.0
2024-01-04,594.5499877929688,594.5499877929688,582.5,584.9500122070312,579.0562133789062,18599.0
2024-01-05,588.2000122070312,597.8499755859375,580.8499755859375,587.0499877929688,581.135009765625,21747.0
2024-01-08,598.0,648.7999877929688,590.0,625.7000122070312,619.3956298828125,221073.0
2024-01-09,635.0,644.3499755859375,607.0499877929688,612.4000244140625,606.2296142578125,73415.0
2024-01-10,614.0,620.9500122070312,600.75,606.4500122070312,600.3395385742188,28444.0
2024-01-11,609.7999877929688,627.5499877929688,609.4000244140625,616.0999755859375,609.8922729492188,32839.0
2024-01-12,619.2000122070312,620.4000244140625,601.0,605.8499755859375,599.74560546875,39062.0
2024-01-15,608.4000244140625,614.0999755859375,600.0,603.9500122070312,597.86474609375,28371.0
2024-01-16,608.75,611.9500122070312,597.2999877929688,599.5499877929688,593.509033203125,22893.0
2024-01-17,602.25,602.75,585.0,595.4500122070312,589.4503784179688,14495.0
2024-01-18,595.4500122070312,607.5499877929688,578.9000244140625,596.1500244140625,590.1433715820312,32698.0
2024-01-19,596.4500122070312,605.0,590.0,597.0999755859375,591.083740234375,19397.0
2024-01-23,588.2000122070312,595.7000122070312,575.6500244140625,583.4500122070312,577.5712890625,29170.0
2024-01-24,590.0,590.0,576.0,583.1500244140625,577.2743530273438,13080.0
2024-01-25,589.2999877929688,604.0,582.5999755859375,591.9500122070312,585.9856567382812,16579.0
2024-01-29,595.2000122070312,598.7000122070312,581.7000122070312,587.9500122070312,582.0260009765625,22329.0
2024-01-30,584.0499877929688,594.5,579.9000244140625,584.2999877929688,578.4127197265625,17602.0
2024-01-31,587.7999877929688,590.0,583.0,586.8499755859375,580.93701171875,16561.0
2024-02-01,592.1500244140625,599.0,582.0,588.1500244140625,582.2239990234375,13521.0
2024-02-02,588.1500244140625,597.9500122070312,582.5499877929688,587.7999877929688,581.87744140625,21370.0
2024-02-05,583.0,589.0,556.5999755859375,563.0,557.3273315429688,51189.0
2024-02-06,565.4000244140625,568.6500244140625,551.0,553.7000122070312,548.1210327148438,26323.0
2024-02-07,556.3499755859375,567.0,553.4000244140625,556.4000244140625,550.7938842773438,21784.0
2024-02-08,560.0,574.4500122070312,556.9500122070312,567.7000122070312,561.97998046875,26654.0
2024-02-09,571.9000244140625,580.7000122070312,565.25,568.25,562.5244750976562,29920.0
2024-02-12,568.5,575.0,545.1500244140625,553.4000244140625,547.8240966796875,26966.0
2024-02-13,560.25,560.6500244140625,531.6500244140625,537.75,532.331787109375,22577.0
2024-02-14,528.4000244140625,549.4500122070312,516.5999755859375,534.5999755859375,529.2135009765625,23449.0
2024-02-15,530.0,544.2000122070312,527.9000244140625,539.5999755859375,534.1630859375,25810.0
2024-02-16,540.3499755859375,554.5499877929688,540.3499755859375,549.5999755859375,544.0623779296875,13678.0
2024-02-19,554.0,565.0,549.5999755859375,558.75,553.1201782226562,12301.0
2024-02-20,558.75,562.9500122070312,549.5499877929688,552.9000244140625,547.3291015625,11930.0
2024-02-21,558.0,564.9500122070312,550.5499877929688,553.2000122070312,547.6260986328125,10298.0
2024-02-22,555.1500244140625,562.0,539.75,550.8499755859375,545.2997436523438,19644.0
2024-02-23,549.5999755859375,557.7999877929688,540.0999755859375,544.2000122070312,538.716796875,11383.0
2024-02-26,540.0999755859375,558.0,538.0,552.2999877929688,546.7351684570312,11847.0
2024-02-27,553.4000244140625,562.5499877929688,546.5999755859375,548.8499755859375,543.3198852539062,14918.0
2024-02-28,555.5999755859375,555.5999755859375,529.6500244140625,537.4500122070312,532.0347900390625,15706.0
2024-02-29,537.4500122070312,541.2999877929688,525.0,526.8499755859375,521.5415649414062,15532.0
2024-03-01,526.7999877929688,533.75,515.0,529.7000122070312,524.3629150390625,14590.0
2024-03-04,528.0499877929688,538.7000122070312,525.0,528.6500244140625,523.323486328125,13397.0
2024-03-05,527.4000244140625,533.4000244140625,520.0999755859375,523.1500244140625,517.8788452148438,16301.0
2024-03-06,523.1500244140625,529.3499755859375,501.29998779296875,507.6499938964844,502.5350341796875,31728.0
2024-03-07,507.6499938964844,539.0,507.6499938964844,528.4500122070312,523.12548828125,23880.0
2024-03-11,530.9000244140625,534.9500122070312,508.04998779296875,515.4500122070312,510.2564697265625,18494.0
2024-03-12,515.5499877929688,523.4500122070312,501.29998779296875,510.6000061035156,505.455322265625,24224.0
2024-03-13,515.6500244140625,520.5499877929688,470.0,482.25,477.3909606933594,40820.0
2024-03-14,482.25,499.54998779296875,478.1000061035156,485.95001220703125,481.0537109375,17114.0
2024-03-15,490.25,497.0,475.8999938964844,485.70001220703125,480.80621337890625,21362.0
2024-03-18,485.70001220703125,494.8500061035156,485.1000061035156,491.6000061035156,486.6467590332031,12264.0
2024-03-19,491.6000061035156,498.0,486.95001220703125,492.3999938964844,487.4386901855469,12133.0
2024-03-20,492.20001220703125,499.45001220703125,485.0,485.6000061035156,480.70721435546875,16935.0
2024-03-21,491.75,493.95001220703125,485.0,488.25,483.33050537109375,15723.0
2024-03-22,483.20001220703125,510.1499938964844,483.20001220703125,493.1499938964844,488.1811218261719,22455.0
2024-03-26,493.0,497.29998779296875,474.75,478.1499938964844,473.3322448730469,38106.0
2024-03-27,478.0,485.0,470.54998779296875,476.29998779296875,471.50091552734375,43205.0
2024-03-28,484.0,514.0,480.0,492.29998779296875,487.3396911621094,70396.0
2024-04-01,499.0,531.5,499.0,524.5,519.2152709960938,26678.0
2024-04-02,527.7000122070312,591.0499877929688,524.1500244140625,584.3499755859375,578.4622192382812,157193.0
2024-04-03,583.0,589.7999877929688,564.75,573.4000244140625,567.6226196289062,62606.0
2024-04-04,574.6500244140625,579.0999755859375,560.2000122070312,561.5999755859375,555.94140625,23212.0
2024-04-05,561.0,580.0,560.5499877929688,576.0999755859375,570.2953491210938,25115.0
2024-04-08,583.3499755859375,588.0,564.7999877929688,573.1500244140625,567.3751220703125,18173.0
2024-04-09,577.1500244140625,584.4500122070312,556.0999755859375,561.75,556.0899047851562,25857.0
2024-04-10,563.0,575.0999755859375,562.5499877929688,570.2999877929688,564.5537719726562,15203.0
2024-04-12,573.4000244140625,583.75,563.4500122070312,570.9500122070312,565.197265625,12886.0
2024-04-15,549.0,565.2000122070312,540.1500244140625,552.25,546.6856689453125,18272.0
2024-04-16,541.0,561.4000244140625,541.0,551.1500244140625,545.5967407226562,11481.0
2024-04-18,555.0,562.3499755859375,544.0,550.0499877929688,544.5078125,14330.0
2024-04-19,545.4000244140625,554.4500122070312,539.0999755859375,549.25,543.7158813476562,11758.0
2024-04-22,556.0,557.9500122070312,548.0,554.5499877929688,548.9625244140625,9111.0
2024-04-23,560.0499877929688,561.4000244140625,532.3499755859375,546.0999755859375,540.5975952148438,23675.0
2024-04-24,546.0999755859375,577.0999755859375,546.0,559.2999877929688,553.6646118164062,21993.0
2024-04-25,564.25,564.7000122070312,550.0,559.4000244140625,553.763671875,14716.0
2024-04-26,562.5999755859375,565.9000244140625,556.4000244140625,562.0499877929688,556.3869018554688,7907.0
2024-04-29,569.0,569.2000122070312,530.0,560.1500244140625,554.506103515625,41625.0
2024-04-30,562.0,572.7000122070312,555.0999755859375,558.2999877929688,552.6746826171875,20970.0
2024-05-02,563.7999877929688,573.0999755859375,558.0499877929688,561.2000122070312,555.5455322265625,13385.0
2024-05-03,565.0,568.1500244140625,548.0999755859375,554.5499877929688,548.9625244140625,24373.0
2024-05-06,554.0999755859375,560.0499877929688,541.7000122070312,544.0499877929688,538.5682373046875,7458.0
2024-05-07,544.0499877929688,550.9000244140625,528.5999755859375,532.0,526.6396484375,14064.0
2024-05-08,531.7000122070312,545.1500244140625,525.0,537.75,532.331787109375,12394.0
2024-05-09,539.4000244140625,546.6500244140625,511.0,523.2000122070312,517.9283447265625,10606.0
2024-05-10,520.0,533.0,518.5999755859375,529.6500244140625,524.3134155273438,7919.0
2024-05-13,525.0499877929688,531.7999877929688,507.70001220703125,520.75,515.5030517578125,12889.0
2024-05-14,527.2000122070312,539.4000244140625,523.75,536.4500122070312,531.0448608398438,9583.0
2024-05-15,536.4000244140625,544.9000244140625,535.9000244140625,538.9000244140625,533.4701538085938,13110.0
2024-05-16,545.5499877929688,545.5499877929688,531.5499877929688,537.0999755859375,531.6882934570312,11865.0
2024-05-17,537.0499877929688,539.9000244140625,532.75,537.25,531.8367919921875,8252.0
2024-05-21,541.7999877929688,542.7999877929688,525.6500244140625,527.9500122070312,522.6304931640625,15624.0
2024-05-22,527.9500122070312,536.0,523.5499877929688,530.4000244140625,525.0558471679688,9005.0
2024-05-23,530.75,533.0999755859375,523.0999755859375,524.7000122070312,519.4132690429688,13601.0
2024-05-24,524.7000122070312,531.5499877929688,524.0999755859375,527.3499755859375,522.0364990234375,10382.0
2024-05-27,527.3499755859375,535.1500244140625,524.2000122070312,525.5999755859375,520.30419921875,16918.0
2024-05-28,521.5999755859375,535.0,502.25,511.25,506.0987854003906,37832.0
2024-05-29,499.95001220703125,517.5999755859375,494.95001220703125,505.3500061035156,500.2582092285156,40901.0
2024-05-30,504.6000061035156,507.75,492.6000061035156,495.29998779296875,490.3094787597656,19688.0
2024-05-31,492.0,507.1499938964844,490.5,492.8999938964844,487.93365478515625,11918.0
2024-06-03,500.0,505.1499938964844,480.0,484.3999938964844,479.5193176269531,30308.0
2024-06-04,483.3999938964844,483.3999938964844,441.0,455.25,450.6629943847656,48366.0
2024-06-05,459.8999938964844,490.6499938964844,456.1499938964844,485.45001220703125,480.5587463378906,21017.0
2024-06-06,482.0,517.5499877929688,480.0,509.5,504.36639404296875,27429.0
2024-06-07,513.9000244140625,530.0,509.0,524.3499755859375,519.0667724609375,28171.0
2024-06-10,573.9500122070312,575.7999877929688,540.4000244140625,562.4000244140625,556.7334594726562,107459.0
2024-06-11,566.2999877929688,569.0,547.6500244140625,552.2999877929688,546.7351684570312,29289.0
2024-06-12,558.9000244140625,569.9000244140625,555.0,563.75,558.0697631835938,35626.0
2024-06-13,565.0999755859375,570.9500122070312,551.0499877929688,553.4000244140625,547.8240966796875,15014.0
2024-06-14,548.0,557.9500122070312,526.9500122070312,538.3499755859375,532.9257202148438,34637.0
2024-06-18,546.4500122070312,552.1500244140625,535.0,547.7000122070312,542.1815185546875,25748.0
2024-06-19,543.9500122070312,557.7000122070312,539.1500244140625,546.5,540.9935913085938,27038.0
2024-06-20,546.5,560.0,544.25,549.4000244140625,543.8644409179688,44135.0
2024-06-21,551.7000122070312,563.2000122070312,545.0499877929688,546.75,541.2410278320312,26173.0
2024-06-24,546.2000122070312,550.0,536.0999755859375,538.25,532.8267211914062,20861.0
2024-06-25,542.9500122070312,551.9500122070312,538.3499755859375,546.7999877929688,541.29052734375,18020.0
2024-06-26,543.0,555.0,542.7999877929688,548.3499755859375,542.824951171875,27668.0
2024-06-27,550.5999755859375,554.5,545.0499877929688,547.25,541.7360229492188,18950.0
2024-06-28,547.4500122070312,556.9000244140625,545.2999877929688,551.5999755859375,546.042236328125,20676.0
2024-07-01,551.5999755859375,561.2000122070312,551.5999755859375,556.75,551.1403198242188,30928.0
2024-07-02,556.75,563.7999877929688,549.6500244140625,551.5999755859375,546.042236328125,28242.0
2024-07-03,555.5,594.0,548.9500122070312,569.7999877929688,564.058837890625,97848.0
2024-07-04,565.0,572.0999755859375,553.0,560.8499755859375,555.198974609375,30628.0
2024-07-05,572.0,578.9500122070312,560.9000244140625,573.7000122070312,567.9195556640625,25925.0
2024-07-08,590.9500122070312,633.5,590.9500122070312,604.0999755859375,598.0132446289062,383522.0
2024-07-09,608.3499755859375,638.0,605.5499877929688,624.9500122070312,618.6531982421875,125982.0
2024-07-10,625.0,637.0,593.0999755859375,631.3499755859375,624.9886474609375,95055.0
2024-07-11,631.75,641.0,615.0,618.0499877929688,611.8226928710938,55607.0
2024-07-12,617.9500122070312,629.4500122070312,609.0999755859375,612.4000244140625,606.2296142578125,40795.0
2024-07-15,620.1500244140625,624.0,593.2999877929688,597.0,590.9848022460938,46745.0
2024-07-16,594.0,604.5499877929688,581.2999877929688,583.4500122070312,577.5712890625,51560.0
2024-07-18,582.0,598.4500122070312,578.0499877929688,587.0499877929688,581.135009765625,34865.0
2024-07-19,589.9500122070312,589.9500122070312,563.7999877929688,567.8499755859375,562.12841796875,35963.0
2024-07-22,568.0,637.9500122070312,568.0,601.7000122070312,595.637451171875,245569.0
2024-07-23,604.75,616.5,580.7999877929688,598.75,592.7171630859375,74498.0
2024-07-24,598.0,634.0,598.0,629.6500244140625,623.3058471679688,87133.0
2024-07-25,628.9500122070312,656.5499877929688,618.75,646.5,639.9860229492188,128296.0
2024-07-26,648.5,679.5,641.3499755859375,646.7000122070312,640.1840209960938,85835.0
2024-07-29,651.9500122070312,662.5999755859375,632.2000122070312,642.9500122070312,636.4718017578125,50540.0
2024-07-30,643.0,660.0,630.2999877929688,643.5999755859375,637.115234375,81723.0
2024-07-31,648.9000244140625,648.9000244140625,625.5,630.25,623.8997192382812,48633.0
2024-08-01,635.0,644.0499877929688,611.0,612.9000244140625,606.724609375,54283.0
2024-08-02,610.4500122070312,624.4500122070312,601.0499877929688,603.7999877929688,597.7162475585938,30244.0
2024-08-05,580.0,590.4500122070312,565.3499755859375,572.2000122070312,566.4346923828125,53689.0
2024-08-06,572.2000122070312,587.0999755859375,552.0499877929688,555.5499877929688,549.9524536132812,43162.0
2024-08-07,562.5499877929688,581.7000122070312,562.5499877929688,580.4000244140625,574.552001953125,32372.0
2024-08-08,582.9500122070312,589.5,570.0,574.0499877929688,568.2659912109375,19036.0
2024-08-09,580.0,585.5,571.0499877929688,582.75,576.8783569335938,21538.0
2024-08-12,582.0999755859375,585.4000244140625,567.0,569.9000244140625,564.1578369140625,20116.0
2024-08-13,575.7999877929688,583.0,553.9500122070312,560.2000122070312,554.5556030273438,22863.0
2024-08-14,564.2000122070312,568.0499877929688,540.25,556.3499755859375,550.7443237304688,22864.0
2024-08-16,552.0,580.0499877929688,545.0499877929688,567.9000244140625,562.177978515625,46096.0
2024-08-19,561.0999755859375,575.0,558.4000244140625,563.3499755859375,557.673828125,25116.0
2024-08-20,568.4500122070312,571.0,564.0999755859375,569.0499877929688,563.31640625,11869.0
2024-08-21,565.0,589.9500122070312,565.0,583.0999755859375,577.2247924804688,33855.0
2024-08-22,584.5499877929688,597.0499877929688,584.5499877929688,591.7999877929688,585.837158203125,22402.0
2024-08-23,596.5499877929688,606.5,587.9500122070312,590.6500244140625,584.6987915039062,27863.0
2024-08-26,597.7000122070312,604.9000244140625,565.0,598.4500122070312,592.420166015625,25705.0
2024-08-27,598.9500122070312,620.0,597.5499877929688,607.3499755859375,601.23046875,61025.0
2024-08-28,607.0,610.9000244140625,600.0,604.6500244140625,598.5577392578125,28301.0
2024-08-29,610.0,610.0,584.0499877929688,606.0499877929688,599.943603515625,38707.0
2024-08-30,606.0499877929688,613.2999877929688,592.0499877929688,605.5,599.3991088867188,27185.0
2024-09-02,611.2000122070312,615.0,585.0,588.7000122070312,582.7684326171875,23655.0
2024-09-03,592.1500244140625,600.5499877929688,584.9500122070312,597.7999877929688,591.7766723632812,11193.0
2024-09-04,596.4000244140625,597.7999877929688,581.0999755859375,586.0999755859375,580.194580078125,18289.0
2024-09-05,593.1500244140625,596.75,578.7999877929688,586.7000122070312,580.78857421875,15999.0
2024-09-06,586.7000122070312,590.4000244140625,571.2000122070312,573.0,567.2265625,24922.0
2024-09-09,581.5999755859375,581.5999755859375,568.7999877929688,572.5,566.7316284179688,23314.0
2024-09-10,577.4000244140625,587.9000244140625,572.4500122070312,583.4000244140625,577.5217895507812,23067.0
2024-09-11,591.9500122070312,597.7000122070312,577.5,581.75,575.888427734375,10986.0
2024-09-12,586.0999755859375,586.1500244140625,570.0,578.5499877929688,575.6893920898438,14132.0
2024-09-13,578.9500122070312,584.0,563.25,570.25,567.4304809570312,15295.0
2024-09-16,570.4000244140625,585.75,569.1500244140625,578.9500122070312,576.0874633789062,19973.0
2024-09-17,579.7999877929688,580.3499755859375,572.0,576.9500122070312,574.0973510742188,12565.0
2024-09-18,580.2000122070312,583.7000122070312,563.0999755859375,566.7000122070312,563.8980102539062,19874.0
2024-09-19,569.5499877929688,571.8499755859375,550.0,558.4500122070312,555.6888427734375,19250.0
2024-09-20,559.8499755859375,603.8499755859375,551.0499877929688,580.0999755859375,577.2317504882812,118180.0
2024-09-23,601.0499877929688,674.9000244140625,601.0499877929688,641.2000122070312,638.0296630859375,1016347.0
2024-09-24,644.8499755859375,696.9000244140625,644.8499755859375,671.4500122070312,668.130126953125,705599.0
2024-09-25,674.0,694.7999877929688,665.5499877929688,674.9000244140625,671.5630493164062,179093.0
2024-09-26,674.9000244140625,760.0,674.9000244140625,751.0499877929688,747.3364868164062,1018055.0
2024-09-27,751.0499877929688,779.0,745.0999755859375,750.0999755859375,746.3911743164062,304832.0
2024-09-30,748.0999755859375,764.2999877929688,711.2000122070312,717.0999755859375,713.5543823242188,122943.0
2024-10-01,720.0,730.0,704.7000122070312,710.7000122070312,707.18603515625,44762.0
2024-10-03,701.5499877929688,727.5999755859375,681.5499877929688,691.7000122070312,688.2799682617188,72728.0
2024-10-04,692.0,794.0,681.7999877929688,766.9000244140625,763.108154296875,437878.0
2024-10-07,773.3499755859375,821.0,736.8499755859375,769.8499755859375,766.0435180664062,318977.0
2024-10-08,768.7999877929688,809.0,736.1500244140625,769.4000244140625,765.5958251953125,140060.0
2024-10-09,775.0,808.6500244140625,762.2000122070312,772.3499755859375,768.5311889648438,116531.0
2024-10-10,776.9000244140625,910.7000122070312,770.0,898.5,894.0574951171875,795625.0
2024-10-11,898.5,942.0,877.0,896.2000122070312,891.7688598632812,468428.0
2024-10-14,893.0999755859375,898.2000122070312,852.0,858.3499755859375,854.10595703125,193727.0
2024-10-15,866.7999877929688,883.2999877929688,832.0499877929688,856.3499755859375,852.1158447265625,287077.0
2024-10-16,875.0,885.0499877929688,841.5,848.4500122070312,844.2549438476562,124910.0
2024-10-17,854.0,855.6500244140625,818.0,825.0499877929688,820.9706420898438,156248.0
2024-10-18,825.0,825.0,785.0499877929688,810.0499877929688,806.0447998046875,96924.0
2024-10-21,818.0499877929688,820.1500244140625,771.9500122070312,780.0,776.1433715820312,73688.0
2024-10-22,781.2999877929688,800.0,704.0499877929688,725.3499755859375,721.7635498046875,225095.0
2024-10-23,729.5,797.8499755859375,719.0499877929688,743.7999877929688,740.1223754882812,99581.0
2024-10-24,747.1500244140625,752.0499877929688,721.2999877929688,726.5999755859375,723.0073852539062,55198.0
2024-10-25,729.0499877929688,729.9500122070312,690.0,700.3499755859375,696.8871459960938,93898.0
2024-10-28,709.5999755859375,742.0,693.9500122070312,724.4000244140625,720.8182983398438,74492.0
2024-10-29,726.7999877929688,728.7000122070312,701.0,713.1500244140625,709.6239624023438,44914.0
2024-10-30,714.8499755859375,774.0,713.1500244140625,753.9500122070312,750.22216796875,97609.0
2024-10-31,758.3499755859375,760.0,741.0,758.5999755859375,754.8491821289062,40119.0
2024-11-01,764.0,789.0,758.5999755859375,782.7999877929688,778.9295043945312,15410.0
2024-11-04,772.0,782.0,747.4000244140625,751.9500122070312,748.2320556640625,44231.0
2024-11-05,744.4000244140625,770.0999755859375,744.4000244140625,764.5,760.7200317382812,27068.0
2024-11-06,775.1500244140625,801.1500244140625,767.2999877929688,790.5499877929688,786.6412353515625,46398.0
2024-11-07,790.5499877929688,815.5999755859375,770.0,775.7000122070312,771.8646240234375,69752.0
2024-11-08,760.0,782.0,750.0,752.0499877929688,748.33154296875,38908.0
2024-11-11,741.0,748.1500244140625,710.9500122070312,720.0499877929688,716.4898071289062,47243.0
2024-11-12,722.4000244140625,728.7000122070312,695.0,703.2000122070312,699.72314453125,28422.0
2024-11-13,698.0,708.5999755859375,632.9000244140625,639.5,636.3380737304688,126761.0
2024-11-14,639.8499755859375,680.5999755859375,638.4000244140625,667.5999755859375,664.2991333007812,63141.0
2024-11-18,680.1500244140625,692.5,646.5499877929688,653.25,650.0200805664062,49016.0
2024-11-19,653.25,706.5999755859375,653.25,677.4000244140625,674.0507202148438,91233.0
2024-11-21,670.0499877929688,673.0,649.5499877929688,655.6500244140625,652.4082641601562,34717.0
2024-11-22,662.1500244140625,684.25,646.0,670.2000122070312,666.8862915039062,46056.0
2024-11-25,686.2999877929688,708.6500244140625,643.2999877929688,673.4000244140625,670.0704956054688,46194.0
2024-11-26,671.25,694.0,651.2999877929688,691.0499877929688,687.6331787109375,19811.0
2024-11-27,692.0,703.4500122070312,668.0999755859375,696.0499877929688,692.6084594726562,34234.0
2024-11-28,698.7000122070312,719.25,691.3499755859375,698.25,694.797607421875,28015.0
2024-11-29,690.7000122070312,697.7999877929688,677.0,681.3499755859375,677.9811401367188,25040.0
2024-12-02,685.7999877929688,727.5,675.25,716.75,713.2061157226562,51237.0
2024-12-03,718.5499877929688,729.0499877929688,697.2999877929688,701.0999755859375,697.6334838867188,30637.0
2024-12-04,702.8499755859375,720.0,700.0,709.9000244140625,706.3900146484375,21774.0
2024-12-05,712.0499877929688,718.4500122070312,701.0999755859375,702.6500244140625,699.1758422851562,21209.0
2024-12-06,711.0,725.2000122070312,705.0499877929688,714.25,710.7184448242188,26447.0
2024-12-09,723.7000122070312,775.0,723.7000122070312,767.5,763.7052001953125,137050.0
2024-12-10,775.0499877929688,798.0999755859375,741.2999877929688,754.3499755859375,750.6201782226562,60879.0
2024-12-11,757.3499755859375,763.6500244140625,740.1500244140625,745.7999877929688,742.1124877929688,29470.0
2024-12-12,741.0,790.0,737.9000244140625,748.6500244140625,744.9484252929688,82289.0
2024-12-13,747.0,751.9000244140625,732.0499877929688,745.75,742.062744140625,33546.0
2024-12-16,750.9000244140625,812.9000244140625,750.9000244140625,789.5499877929688,785.6461791992188,232115.0
2024-12-17,787.7999877929688,838.4000244140625,781.4000244140625,821.0999755859375,817.0401611328125,207901.0
2024-12-18,819.0,837.9500122070312,791.0,797.1500244140625,793.2086181640625,82995.0
2024-12-19,796.0,848.0,771.0499877929688,837.9000244140625,833.7571411132812,198975.0
2024-12-20,849.9000244140625,870.0,787.2999877929688,798.1500244140625,794.2036743164062,157169.0
2024-12-23,808.75,816.9500122070312,777.0999755859375,784.7000122070312,780.8201293945312,57864.0
2024-12-24,788.5499877929688,824.4500122070312,784.0499877929688,791.3499755859375,787.437255859375,50987.0
2024-12-26,791.0,805.9500122070312,777.0,786.25,782.3624877929688,27232.0
2024-12-27,791.7000122070312,858.5999755859375,789.0,812.8499755859375,808.8309326171875,263707.0
2024-12-30,812.8499755859375,820.7000122070312,767.0,769.8499755859375,766.0435180664062,59796.0
2024-12-31,775.7999877929688,786.5,769.8499755859375,776.7999877929688,772.9591674804688,36883.0
2025-01-01,783.0,795.5499877929688,768.9500122070312,779.5999755859375,775.745361328125,29068.0
2025-01-02,780.0999755859375,793.5,770.0499877929688,779.1500244140625,775.297607421875,33008.0
2025-01-03,781.9000244140625,788.3499755859375,777.0499877929688,782.0,778.1334838867188,23774.0
2025-01-06,798.7000122070312,808.0499877929688,751.0,762.9000244140625,759.1279296875,73116.0
2025-01-07,765.2000122070312,788.0,765.2000122070312,781.0499877929688,777.1881713867188,27479.0
2025-01-08,775.0,785.2000122070312,770.0,777.6500244140625,773.8050537109375,18924.0
2025-01-09,776.0,804.4500122070312,750.2999877929688,754.2999877929688,750.5704345703125,48591.0
2025-01-10,754.9000244140625,763.0,707.8499755859375,713.8499755859375,710.3204345703125,43227.0
2025-01-13,710.2000122070312,719.4000244140625,659.6500244140625,668.4500122070312,665.1449584960938,50905.0
2025-01-14,677.75,725.2000122070312,675.1500244140625,720.2000122070312,716.6390380859375,34411.0
2025-01-15,720.2000122070312,726.0,685.0,689.9500122070312,686.5386352539062,32505.0
2025-01-16,695.7999877929688,709.9000244140625,695.0,701.9500122070312,698.4793090820312,15233.0
2025-01-17,700.0999755859375,720.0,688.25,693.0999755859375,689.6730346679688,8172.0
2025-01-20,699.9000244140625,707.2000122070312,687.4500122070312,702.5,699.0265502929688,18149.0
2025-01-21,699.7000122070312,708.9000244140625,667.0,677.0499877929688,673.702392578125,22711.0
2025-01-22,682.4000244140625,684.9000244140625,656.0499877929688,663.5999755859375,660.3189086914062,23142.0
2025-01-23,660.0,688.2000122070312,660.0,684.3499755859375,680.96630859375,12448.0
2025-01-24,677.0,685.2999877929688,664.5499877929688,667.5499877929688,664.2493896484375,11375.0
2025-01-27,662.0999755859375,664.2999877929688,604.4000244140625,632.0499877929688,628.9248657226562,45696.0
2025-01-28,641.25,649.7000122070312,600.0,627.4500122070312,624.34765625,43127.0
2025-01-29,625.0,652.4000244140625,625.0,647.6500244140625,644.4478149414062,17239.0
2025-01-30,648.5,690.0,648.5,674.6500244140625,671.3142700195312,23798.0
2025-01-31,664.5499877929688,686.7000122070312,652.2000122070312,679.5499877929688,676.1900024414062,16424.0
2025-02-01,669.0499877929688,682.9000244140625,654.7999877929688,664.5499877929688,661.2642211914062,8171.0
2025-02-03,652.9500122070312,661.0499877929688,633.3499755859375,641.0,637.8306274414062,9545.0
2025-02-04,640.0,664.9000244140625,640.0,652.7000122070312,649.4728393554688,10298.0
2025-02-05,653.0,698.0,653.0,683.0999755859375,679.7224731445312,22910.0
2025-02-06,683.2000122070312,702.0,683.2000122070312,688.3499755859375,684.946533203125,12841.0
2025-02-07,693.7999877929688,699.0,668.0,678.8499755859375,675.4934692382812,15648.0
2025-02-10,677.4000244140625,677.4000244140625,656.2000122070312,661.0999755859375,657.8312377929688,6128.0
2025-02-11,660.0,660.5999755859375,615.0,621.3499755859375,618.2777709960938,17601.0
2025-02-12,622.0,649.6500244140625,601.0,633.3499755859375,630.2184448242188,18080.0
2025-02-13,621.0,645.0,616.0499877929688,620.9000244140625,617.830078125,10839.0
2025-02-14,618.0,624.9000244140625,580.5,596.8499755859375,593.89892578125,19531.0
2025-02-17,594.0,594.0,526.2999877929688,539.4000244140625,536.7330322265625,54353.0
2025-02-18,541.5499877929688,549.5499877929688,508.95001220703125,520.6500244140625,518.0757446289062,26428.0
2025-02-19,519.0,555.2000122070312,512.9000244140625,543.9500122070312,541.260498046875,12972.0
2025-02-20,544.0,571.0,540.25,560.5,557.7286987304688,16565.0
2025-02-21,555.0,571.4000244140625,537.0499877929688,545.4000244140625,542.703369140625,15910.0
2025-02-24,539.6500244140625,556.7000122070312,528.0,550.8499755859375,548.1263427734375,15121.0
2025-02-25,543.4500122070312,558.5,543.4500122070312,549.9000244140625,547.1810913085938,5340.0
2025-02-27,551.5499877929688,551.5499877929688,512.0,515.0999755859375,512.5531005859375,18988.0
2025-02-28,515.0999755859375,515.0999755859375,485.54998779296875,504.29998779296875,501.8065490722656,22850.0
2025-03-03,510.0,510.5,477.0,490.45001220703125,488.0250244140625,20413.0
2025-03-04,490.5,507.0,479.70001220703125,484.8500061035156,482.4527282714844,17271.0
2025-03-05,501.79998779296875,516.9500122070312,496.54998779296875,512.3499755859375,509.81671142578125,26490.0
2025-03-06,512.3499755859375,534.7000122070312,512.3499755859375,520.2999877929688,517.7274169921875,14527.0
2025-03-07,523.6500244140625,544.8499755859375,515.9500122070312,526.4500122070312,523.8470458984375,25733.0
2025-03-10,526.4500122070312,531.2000122070312,498.0,500.29998779296875,497.8263244628906,19831.0
2025-03-11,492.79998779296875,522.75,490.0,493.1499938964844,490.711669921875,17006.0
2025-03-12,492.0,504.8999938964844,490.0,495.1499938964844,492.7017822265625,19982.0
2025-03-13,493.04998779296875,503.6499938964844,489.25,494.5,492.05499267578125,13003.0
2025-03-17,498.20001220703125,503.6000061035156,468.0,472.54998779296875,470.2135314941406,41084.0
2025-03-18,472.54998779296875,472.54998779296875,472.54998779296875,472.54998779296875,470.2135314941406,0.0
2025-03-19,496.70001220703125,531.0,496.6499938964844,527.7999877929688,525.1903686523438,33220.0
2025-03-20,528.0,539.7000122070312,509.95001220703125,518.2000122070312,515.6378173828125,37476.0
2025-03-21,518.1500244140625,536.0,518.1500244140625,523.7000122070312,521.1106567382812,23332.0
2025-03-24,525.5999755859375,538.9500122070312,521.0,524.3499755859375,521.7573852539062,33490.0
2025-03-25,526.3499755859375,537.9500122070312,515.0,517.7999877929688,515.2398071289062,21340.0
2025-03-26,515.4000244140625,523.9500122070312,496.3500061035156,500.6499938964844,498.1745910644531,25031.0
2025-03-27,498.29998779296875,525.0,476.95001220703125,512.0999755859375,509.5679626464844,68666.0
2025-03-28,502.04998779296875,519.6500244140625,490.0,492.3500061035156,489.9156494140625,43319.0
2025-04-01,492.3500061035156,514.0,492.3500061035156,507.1499938964844,504.6424560546875,16459.0
2025-04-02,512.2000122070312,521.0,493.04998779296875,513.4500122070312,510.91131591796875,23621.0
2025-04-03,508.0,523.5499877929688,507.1000061035156,519.0999755859375,516.5333251953125,10952.0
2025-04-04,519.1500244140625,519.1500244140625,488.1000061035156,496.95001220703125,494.4928894042969,36768.0
2025-04-07,470.0,484.75,464.29998779296875,478.1499938964844,475.78582763671875,27862.0
2025-04-08,485.8999938964844,498.0,480.3500061035156,491.29998779296875,488.8708190917969,12245.0
2025-04-09,497.1499938964844,497.1499938964844,479.6000061035156,493.0,490.5624084472656,10167.0
2025-04-11,496.8999938964844,505.20001220703125,496.79998779296875,499.3500061035156,496.88104248046875,19389.0
2025-04-15,505.79998779296875,532.9000244140625,505.79998779296875,530.7999877929688,528.175537109375,28759.0
2025-04-16,532.0999755859375,543.9500122070312,525.4000244140625,539.25,536.583740234375,23093.0
2025-04-17,539.1500244140625,544.7000122070312,527.5499877929688,539.0999755859375,536.4344482421875,17218.0
2025-04-21,544.5999755859375,555.2000122070312,534.1500244140625,546.0499877929688,543.35009765625,17210.0
2025-04-22,547.3499755859375,552.4500122070312,534.0,541.8499755859375,539.1708374023438,28837.0
2025-04-23,542.0,549.25,531.5499877929688,539.75,537.081298828125,12704.0
2025-04-24,542.4500122070312,574.4500122070312,541.7999877929688,554.2000122070312,551.4598388671875,63950.0
2025-04-25,558.3499755859375,566.0,520.0,528.1500244140625,525.5386352539062,37144.0
2025-04-28,520.25,545.0,520.0499877929688,534.7999877929688,532.15576171875,16739.0
2025-04-29,536.1500244140625,545.0,512.5,520.7000122070312,518.12548828125,17593.0
2025-04-30,520.0,527.2999877929688,502.79998779296875,506.8500061035156,504.34393310546875,17083.0
2025-05-02,511.8999938964844,516.5999755859375,501.0,504.75,502.25433349609375,12193.0
2025-05-05,505.0,513.25,501.0,509.5,506.9808349609375,12298.0
2025-05-06,513.5499877929688,513.75,485.54998779296875,488.04998779296875,485.6368713378906,22764.0
2025-05-07,480.0,532.7999877929688,480.0,524.4000244140625,521.8071899414062,47425.0
2025-05-08,525.7000122070312,527.4500122070312,499.95001220703125,503.8500061035156,501.3587646484375,13924.0
2025-05-09,500.0,514.0,491.04998779296875,506.0,503.4981384277344,13939.0
2025-05-12,511.1000061035156,542.9500122070312,511.1000061035156,527.6500244140625,525.0411376953125,20375.0
2025-05-13,529.7999877929688,539.0,522.5999755859375,537.4000244140625,534.742919921875,13197.0
2025-05-14,540.7999877929688,555.9500122070312,529.0,551.8499755859375,549.1213989257812,32580.0
2025-05-15,554.8499755859375,564.9000244140625,545.0499877929688,554.25,551.5095825195312,22626.0
2025-05-16,559.7999877929688,564.0,552.2999877929688,560.4000244140625,557.6292114257812,15064.0
2025-05-19,567.5999755859375,592.0,560.4000244140625,574.5499877929688,571.7091674804688,71613.0
2025-05-20,580.4000244140625,581.0,564.25,567.5,564.694091796875,17907.0
2025-05-21,568.9500122070312,576.9500122070312,562.7999877929688,568.7999877929688,565.9876098632812,14170.0
2025-05-22,561.7000122070312,580.0,561.7000122070312,576.7999877929688,573.9480590820312,12679.0
2025-05-23,578.9500122070312,584.0499877929688,571.7000122070312,577.75,574.8933715820312,13048.0
2025-05-26,579.7000122070312,590.0,575.5499877929688,578.0,575.1421508789062,15708.0
2025-05-27,580.5999755859375,580.5999755859375,566.5499877929688,572.0999755859375,569.2713012695312,14045.0
2025-05-28,573.5499877929688,589.0,567.7999877929688,576.4500122070312,573.5997924804688,31383.0
2025-05-29,576.0999755859375,587.7999877929688,573.1500244140625,582.0,579.1223754882812,16625.0
2025-05-30,582.0,586.7000122070312,571.5499877929688,579.0999755859375,576.2366943359375,26867.0
2025-06-02,579.0999755859375,581.0499877929688,534.5999755859375,538.5999755859375,535.9369506835938,117938.0
2025-06-03,544.0,551.7999877929688,539.0,547.75,545.0416870117188,26001.0
2025-06-04,552.2999877929688,566.2999877929688,543.9500122070312,561.75,558.9724731445312,25812.0
2025-06-05,564.8499755859375,669.7999877929688,564.7999877929688,654.9500122070312,651.711669921875,726374.0
2025-06-06,650.0,659.7000122070312,630.75,635.5499877929688,632.4075927734375,97832.0
2025-06-09,627.0,659.0,627.0,648.2000122070312,644.9950561523438,153008.0
2025-06-10,651.4000244140625,662.4000244140625,636.0,642.0,638.82568359375,46386.0
2025-06-11,649.9000244140625,659.0,626.0,635.9500122070312,632.8056030273438,22386.0
2025-06-12,641.1500244140625,682.4500122070312,637.8499755859375,671.0999755859375,667.7817993164062,212290.0
2025-06-13,671.0999755859375,685.0,660.0,670.5,667.184814453125,63870.0
2025-06-16,670.5,673.2999877929688,641.8499755859375,654.25,651.01513671875,56921.0
2025-06-17,654.25,666.4500122070312,636.5,642.6500244140625,639.4725341796875,28848.0
2025-06-18,644.6500244140625,644.9000244140625,630.0,636.0,632.8553466796875,17036.0
2025-06-19,631.0,637.5999755859375,608.25,611.5999755859375,608.5759887695312,21210.0
2025-06-20,612.0,627.5999755859375,608.25,613.9500122070312,610.9144287109375,12706.0
2025-06-23,613.7999877929688,624.5999755859375,607.9500122070312,620.2999877929688,617.2329711914062,27256.0
2025-06-24,627.9000244140625,637.6500244140625,618.0499877929688,625.0,621.9097900390625,21196.0
2025-06-25,625.0999755859375,640.5499877929688,625.0999755859375,635.0499877929688,631.9100341796875,18487.0
2025-06-26,635.9500122070312,679.9000244140625,635.9500122070312,659.2000122070312,655.940673828125,133325.0
2025-06-27,666.2000122070312,680.1500244140625,646.7999877929688,655.2000122070312,651.96044921875,28281.0
2025-06-30,650.0,658.0499877929688,645.1500244140625,646.4000244140625,643.2039794921875,13705.0
2025-07-01,654.7000122070312,656.8499755859375,639.9500122070312,647.4500122070312,644.248779296875,14200.0
2025-07-02,654.2000122070312,654.2000122070312,640.0,643.1500244140625,639.9700317382812,13673.0
2025-07-03,641.0999755859375,649.0,640.5499877929688,643.0,639.8207397460938,9120.0
2025-07-04,649.4000244140625,654.0,637.0,641.1500244140625,637.9799194335938,13698.0
2025-07-07,641.4500122070312,649.7000122070312,636.5499877929688,638.2999877929688,635.1439819335938,9202.0
2025-07-08,631.0499877929688,640.0499877929688,623.2000122070312,630.1500244140625,627.0343017578125,11786.0
2025-07-09,630.1500244140625,640.0499877929688,627.3499755859375,635.2000122070312,632.059326171875,11455.0
2025-07-10,634.0,693.0,634.0,687.2999877929688,683.9017333984375,230477.0
2025-07-11,690.6500244140625,709.0,672.0,677.5,674.1502075195312,105838.0
2025-07-14,680.75,682.75,662.0,666.5,663.20458984375,37479.0
2025-07-15,671.8499755859375,696.7000122070312,670.0499877929688,680.7999877929688,677.433837890625,41488.0
2025-07-16,685.1500244140625,696.0,678.5,681.9500122070312,678.5781860351562,25954.0
2025-07-17,687.4000244140625,716.5,679.9500122070312,697.75,694.300048828125,96838.0
2025-07-18,697.75,700.5499877929688,671.75,687.7000122070312,684.2997436523438,26629.0
2025-07-21,694.5999755859375,694.5999755859375,670.2999877929688,676.2999877929688,672.9561157226562,16297.0
2025-07-22,676.2999877929688,684.4000244140625,670.2000122070312,675.5499877929688,672.2098388671875,12017.0
2025-07-23,676.4500122070312,676.4500122070312,666.5,670.5499877929688,667.2345581054688,13715.0
2025-07-24,674.2000122070312,675.0,655.0,661.4500122070312,658.1795654296875,19974.0
2025-07-25,661.3499755859375,666.2000122070312,636.0,641.8499755859375,638.6764526367188,17087.0
2025-07-28,641.0,641.0,608.25,613.7000122070312,610.6656494140625,26727.0
2025-07-29,607.3499755859375,650.6500244140625,607.3499755859375,638.2000122070312,635.0444946289062,32670.0
2025-07-30,634.5999755859375,654.0,632.5499877929688,645.5999755859375,642.4078979492188,15514.0
2025-07-31,638.4500122070312,653.8499755859375,622.2000122070312,649.9500122070312,646.7363891601562,16708.0
2025-08-01,650.25,652.75,615.9500122070312,619.9000244140625,616.8350219726562,16787.0
2025-08-04,626.4000244140625,632.0,614.6500244140625,625.5,622.4072875976562,20317.0
2025-08-05,629.9500122070312,635.0,616.0,622.1500244140625,619.0738525390625,15962.0
2025-08-06,628.0,628.0,604.5999755859375,606.5,603.501220703125,9790.0
2025-08-07,603.0,610.0,592.5499877929688,598.7000122070312,595.7398071289062,16035.0
2025-08-08,604.9000244140625,611.0,589.5499877929688,591.7999877929688,588.8739013671875,16187.0
2025-08-11,585.0999755859375,612.3499755859375,582.1500244140625,606.5999755859375,603.6007080078125,19453.0
2025-08-12,614.0,624.0,602.7999877929688,611.75,608.7252807617188,18698.0
2025-08-13,612.3499755859375,628.4500122070312,607.5,616.5999755859375,613.55126953125,13296.0
2025-08-14,616.9500122070312,621.8499755859375,590.0,619.0499877929688,615.9891967773438,9779.0
2025-08-18,619.0499877929688,629.9000244140625,617.5499877929688,623.3499755859375,620.2678833007812,14897.0
2025-08-19,620.75,623.9000244140625,615.0,619.6500244140625,616.5862426757812,8306.0
2025-08-20,619.0,628.5,616.5999755859375,618.9500122070312,615.8897094726562,10313.0
2025-08-21,622.2999877929688,624.6500244140625,606.0,612.7000122070312,609.6705932617188,13894.0
2025-08-22,615.0,621.0,595.0999755859375,607.5999755859375,604.5957641601562,17599.0
2025-08-25,614.0999755859375,614.0999755859375,595.0,599.1500244140625,596.1876220703125,15508.0
2025-08-26,601.5999755859375,601.5999755859375,585.0,588.5,585.5902099609375,9485.0
2025-08-28,594.7999877929688,594.7999877929688,575.0,576.5499877929688,573.6992797851562,20547.0
2025-08-29,575.9000244140625,584.9000244140625,572.5499877929688,578.2999877929688,575.440673828125,10186.0
2025-09-01,582.0,610.0,578.0,605.0,602.0086669921875,33539.0
2025-09-02,611.0,616.0,596.5,602.25,599.272216796875,12877.0
2025-09-03,600.0,618.0,596.25,613.4000244140625,610.3671264648438,13067.0
2025-09-04,620.0,640.0,610.0,612.0999755859375,609.0735473632812,25756.0
2025-09-05,612.0999755859375,627.0,612.0999755859375,622.2000122070312,619.1235961914062,17250.0
2025-09-08,631.0499877929688,638.0,622.0,629.7000122070312,626.5865478515625,12302.0
2025-09-09,636.5,636.5,617.5,622.3499755859375,619.2728271484375,16394.0
2025-09-10,624.7000122070312,627.2999877929688,613.2999877929688,616.7000122070312,613.6508178710938,11108.0
2025-09-11,619.1500244140625,624.2999877929688,607.5,609.7999877929688,606.784912109375,8834.0
2025-09-12,609.7999877929688,615.2999877929688,601.0999755859375,603.2000122070312,600.217529296875,12141.0
2025-09-15,603.2999877929688,609.7000122070312,602.5499877929688,605.2999877929688,602.30712890625,7627.0
2025-09-16,605.0,613.8499755859375,603.9000244140625,604.5,601.5111083984375,7843.0
2025-09-17,611.9500122070312,618.0,602.5,605.1500244140625,602.157958984375,8107.0
2025-09-18,611.4500122070312,612.5,606.0,606.75,603.75,6895.0
2025-09-19,612.0,612.0,598.7000122070312,604.4500122070312,604.4500122070312,9991.0
2025-09-22,610.9000244140625,616.2000122070312,604.0,613.5499877929688,613.5499877929688,11435.0
2025-09-23,616.5999755859375,619.9500122070312,602.5,605.6500244140625,605.6500244140625,7994.0
2025-09-24,602.7999877929688,608.9500122070312,599.0999755859375,600.4500122070312,600.4500122070312,7912.0
2025-09-25,604.4000244140625,604.4000244140625,582.7000122070312,586.7000122070312,586.7000122070312,17558.0
2025-09-26,589.6500244140625,589.6500244140625,575.5,579.7000122070312,579.7000122070312,9964.0
2025-09-29,587.1500244140625,590.9500122070312,562.1500244140625,573.75,573.75,11373.0
2025-09-30,577.9500122070312,579.5999755859375,563.9500122070312,568.2999877929688,568.2999877929688,9433.0
2025-10-01,573.0499877929688,577.0,564.7000122070312,573.7000122070312,573.7000122070312,6244.0
2025-10-03,580.7000122070312,584.5,575.5499877929688,581.1500244140625,581.1500244140625,8801.0
2025-10-06,581.7999877929688,589.2000122070312,570.5499877929688,573.7999877929688,573.7999877929688,9905.0
2025-10-07,580.7999877929688,587.0,573.7000122070312,578.9500122070312,578.9500122070312,8436.0
2025-10-08,577.9500122070312,585.0999755859375,575.4000244140625,580.5,580.5,4097.0
2025-10-09,578.8499755859375,582.25,572.0499877929688,575.5999755859375,575.5999755859375,4540.0
2025-10-10,576.4000244140625,580.9000244140625,573.5999755859375,576.0499877929688,576.0499877929688,49962.0
2025-10-13,577.75,581.0,570.0499877929688,572.8499755859375,572.8499755859375,4297.0
2025-10-14,578.9000244140625,578.9000244140625,561.0,563.9500122070312,563.9500122070312,6153.0
2025-10-15,564.0,569.9500122070312,556.0999755859375,562.4000244140625,562.4000244140625,8121.0
2025-10-16,559.6500244140625,572.0999755859375,556.0,557.5999755859375,557.5999755859375,14233.0
2025-10-17,560.5,561.3499755859375,543.0,544.8499755859375,544.8499755859375,9751.0
2025-10-20,550.5999755859375,555.9500122070312,546.2000122070312,551.4000244140625,551.4000244140625,6459.0
2025-10-21,554.0499877929688,567.0,551.5,563.1500244140625,563.1500244140625,8007.0
2025-10-23,563.1500244140625,577.0,555.0,557.2000122070312,557.2000122070312,8824.0
2025-10-24,560.2000122070312,563.9500122070312,553.0,554.8499755859375,554.8499755859375,6075.0
2025-10-27,558.4000244140625,561.7999877929688,551.7999877929688,555.9000244140625,555.9000244140625,10776.0
2025-10-28,555.9000244140625,564.0,551.0999755859375,554.5,554.5,10949.0
2025-10-29,557.0499877929688,560.4000244140625,552.0999755859375,557.0999755859375,557.0999755859375,5764.0
2025-10-30,557.75,563.5999755859375,552.0,557.2999877929688,557.2999877929688,8607.0
2025-10-31,557.0,560.0499877929688,551.0,552.2000122070312,552.2000122070312,5507.0
2025-11-03,550.2000122070312,556.0,545.5,552.2999877929688,552.2999877929688,5326.0
2025-11-04,546.0499877929688,555.0,546.0499877929688,551.7000122070312,551.7000122070312,7451.0
2025-11-06,557.5499877929688,557.5499877929688,535.0,536.5,536.5,13624.0
2025-11-07,503.0,539.0,503.0,528.9000244140625,528.9000244140625,7863.0
2025-11-10,528.0,544.7999877929688,526.5999755859375,539.0499877929688,539.0499877929688,8591.0
2025-11-11,539.0,544.7000122070312,534.8499755859375,540.6500244140625,540.6500244140625,7711.0
2025-11-12,543.3499755859375,555.0,541.4000244140625,550.25,550.25,6217.0
2025-11-13,556.0,558.5,535.5999755859375,540.75,540.75,7426.0
2025-11-14,536.0,544.5999755859375,523.0,526.1500244140625,526.1500244140625,14001.0
2025-11-17,526.1500244140625,537.5999755859375,525.6500244140625,527.3499755859375,527.3499755859375,6323.0
2025-11-18,530.3499755859375,550.0,530.3499755859375,542.7000122070312,542.7000122070312,11917.0
2025-11-19,542.7000122070312,549.0,530.4500122070312,533.0999755859375,533.0999755859375,5252.0
2025-11-20,538.4000244140625,543.7000122070312,530.0,532.9500122070312,532.9500122070312,4506.0
2025-11-21,533.3499755859375,536.7000122070312,510.0,513.6500244140625,513.6500244140625,11918.0
2025-11-24,516.0499877929688,516.9500122070312,507.70001220703125,514.9500122070312,514.9500122070312,4835.0
2025-11-25,508.0,518.0999755859375,507.04998779296875,511.45001220703125,511.45001220703125,6856.0
2025-11-26,516.7999877929688,528.8499755859375,515.0,522.3499755859375,522.3499755859375,5250.0
2025-11-27,521.0,536.0499877929688,521.0,532.7999877929688,532.7999877929688,5176.0
2025-11-28,539.2999877929688,539.2999877929688,525.6500244140625,528.2999877929688,528.2999877929688,4947.0
2025-12-01,533.9000244140625,534.0499877929688,522.0,525.5,525.5,5072.0
2025-12-02,521.0,528.2999877929688,516.7999877929688,522.5499877929688,522.5499877929688,3010.0
2025-12-03,528.0,528.0499877929688,508.0,511.25,511.25,10740.0
2025-12-04,511.29998779296875,511.29998779296875,497.0,503.1000061035156,503.1000061035156,13229.0
2025-12-05,504.0,504.25,489.0,492.1499938964844,492.1499938964844,13095.0
2025-12-08,492.0,493.0,475.0,478.8500061035156,478.8500061035156,12176.0
2025-12-09,483.54998779296875,497.95001220703125,475.04998779296875,488.6499938964844,488.6499938964844,14858.0
2025-12-10,489.70001220703125,503.5,486.1000061035156,488.3500061035156,488.3500061035156,6618.0
2025-12-11,489.0,492.3500061035156,485.1000061035156,488.6499938964844,488.6499938964844,3184.0
2025-12-12,493.70001220703125,499.0,489.0,491.0,491.0,5879.0
2025-12-15,491.0,515.5,485.6499938964844,506.79998779296875,506.79998779296875,12456.0
2025-12-16,507.0,548.9000244140625,507.0,532.7000122070312,532.7000122070312,45846.0
2025-12-17,525.5,541.0,512.4000244140625,516.2999877929688,516.2999877929688,11660.0
2025-12-18,517.0,521.0,508.75,512.6500244140625,512.6500244140625,6655.0
2025-12-19,517.9500122070312,548.0,515.0,534.4500122070312,534.4500122070312,22175.0
2025-12-22,536.0,549.4000244140625,534.0,537.2999877929688,537.2999877929688,12556.0
2025-12-23,538.75,539.5999755859375,528.5999755859375,537.2000122070312,537.2000122070312,9119.0
2025-12-24,537.25,540.1500244140625,521.0,523.5499877929688,523.5499877929688,9838.0
2025-12-26,528.5499877929688,529.4500122070312,519.6500244140625,523.4000244140625,523.4000244140625,4055.0
2025-12-29,523.3499755859375,528.1500244140625,513.0,514.8499755859375,514.8499755859375,5493.0
2025-12-30,516.6500244140625,518.0499877929688,505.0,509.79998779296875,509.79998779296875,3898.0
2025-12-31,504.1000061035156,519.5,504.1000061035156,516.7999877929688,516.7999877929688,5190.0
2026-01-01,519.4000244140625,521.9500122070312,514.0999755859375,517.0499877929688,517.0499877929688,2444.0
2026-01-02,511.0,523.9500122070312,511.0,517.5999755859375,517.5999755859375,6060.0
2026-01-05,520.2000122070312,523.9000244140625,511.8999938964844,515.3499755859375,515.3499755859375,7427.0
2026-01-06,517.4000244140625,528.5499877929688,504.0,507.45001220703125,507.45001220703125,5483.0
2026-01-07,501.5,514.5,499.54998779296875,504.29998779296875,504.29998779296875,7336.0
2026-01-08,497.70001220703125,509.3500061035156,484.70001220703125,490.1499938964844,490.1499938964844,9723.0
2026-01-09,484.04998779296875,500.8999938964844,484.04998779296875,489.8500061035156,489.8500061035156,6663.0
2026-01-12,488.0,491.95001220703125,477.70001220703125,480.95001220703125,480.95001220703125,11498.0
2026-01-13,475.04998779296875,490.0,475.0,483.75,483.75,5006.0
2026-01-14,484.0,491.6499938964844,480.6000061035156,485.75,485.75,4936.0
2026-01-15,485.75,485.75,485.75,485.75,485.75,0.0
2026-01-16,485.0,488.79998779296875,476.1000061035156,482.1499938964844,482.1499938964844,7755.0
2026-01-19,477.0,485.0,475.1000061035156,478.5,478.5,4035.0
2026-01-20,472.6000061035156,478.3500061035156,456.6000061035156,460.25,460.25,13405.0
2026-01-21,450.0,473.0,450.0,462.5,462.5,8412.0
2026-01-22,467.0,473.3500061035156,458.20001220703125,463.1499938964844,463.1499938964844,5680.0
2026-01-23,460.0,461.95001220703125,446.8999938964844,451.20001220703125,451.20001220703125,9584.0
2026-01-27,447.70001220703125,466.0,440.0,447.25,447.25,13062.0
2026-01-28,444.0,455.95001220703125,439.29998779296875,452.3500061035156,452.3500061035156,6045.0
2026-01-29,451.0,457.3500061035156,446.1000061035156,448.1000061035156,448.1000061035156,11095.0
2026-01-30,450.0,458.8999938964844,442.95001220703125,447.45001220703125,447.45001220703125,6928.0
2026-02-02,436.25,444.8500061035156,436.25,441.1499938964844,441.1499938964844,7444.0
2026-02-03,452.6000061035156,475.0,452.6000061035156,456.6000061035156,456.6000061035156,17734.0
2026-02-04,457.75,463.8999938964844,452.0,460.1000061035156,460.1000061035156,9544.0
2026-02-05,463.5,464.3500061035156,456.0,457.8999938964844,457.8999938964844,5623.0
2026-02-06,457.25,464.0,452.3500061035156,459.5,459.5,8538.0
2026-02-09,462.8999938964844,482.04998779296875,456.54998779296875,479.5,479.5,16862.0
2026-02-10,482.54998779296875,506.0,482.0,497.70001220703125,497.70001220703125,16311.0
2026-02-11,497.70001220703125,498.0,486.0,488.3500061035156,488.3500061035156,6205.0
2026-02-12,491.79998779296875,517.2000122070312,491.29998779296875,500.29998779296875,500.29998779296875,17313.0
2026-02-13,505.0,507.0,488.3500061035156,489.70001220703125,489.70001220703125,11321.0
2026-02-16,491.3999938964844,492.1000061035156,480.0,486.25,486.25,9109.0
2026-02-17,483.0,499.0,477.70001220703125,482.1499938964844,482.1499938964844,14248.0
2026-02-18,486.45001220703125,498.0,486.45001220703125,494.04998779296875,494.04998779296875,6309.0
2026-02-19,494.0,498.0,482.5,490.54998779296875,490.54998779296875,5922.0
2026-02-20,493.95001220703125,498.0,480.0,481.75,481.75,6290.0
2026-02-23,486.1000061035156,505.5,474.0,475.8500061035156,475.8500061035156,10588.0
2026-02-24,473.45001220703125,477.95001220703125,470.0,471.3999938964844,471.3999938964844,5825.0
2026-02-25,474.75,494.0,473.8500061035156,481.70001220703125,481.70001220703125,6228.0
2026-02-26,474.75,484.25,474.0,475.8500061035156,475.8500061035156,7021.0
2026-02-27,471.70001220703125,474.8999938964844,464.0,465.54998779296875,465.54998779296875,9119.0
2026-03-02,466.0,466.0,450.0,455.70001220703125,455.70001220703125,9471.0
2026-03-04,454.1499938964844,459.5,436.0,442.3500061035156,442.3500061035156,9879.0
2026-03-05,448.29998779296875,455.1000061035156,445.0,445.6499938964844,445.6499938964844,7370.0
2026-03-06,446.95001220703125,452.3500061035156,438.6000061035156,443.3500061035156,443.3500061035156,6619.0
2026-03-09,428.0,442.0,415.25,422.75,422.75,22634.0
2026-03-10,424.6000061035156,438.8500061035156,424.54998779296875,433.45001220703125,433.45001220703125,10952.0
2026-03-11,436.79998779296875,443.20001220703125,428.3500061035156,430.3999938964844,430.3999938964844,12446.0
2026-03-12,433.8500061035156,494.0,427.54998779296875,452.29998779296875,452.29998779296875,140743.0
2026-03-13,447.79998779296875,452.95001220703125,432.0,433.75,433.75,11899.0
2026-03-16,435.0,447.95001220703125,429.54998779296875,433.3500061035156,433.3500061035156,14602.0
2026-03-17,436.5,437.79998779296875,428.29998779296875,429.95001220703125,429.95001220703125,6646.0
2026-03-18,429.95001220703125,450.29998779296875,429.95001220703125,448.04998779296875,448.04998779296875,29041.0
2026-03-19,441.04998779296875,444.8500061035156,430.0,431.04998779296875,431.04998779296875,6951.0
2026-03-20,436.75,444.95001220703125,430.0,430.54998779296875,430.54998779296875,13994.0
2026-03-23,419.0,424.1000061035156,413.0,414.8500061035156,414.8500061035156,15904.0
2026-03-24,418.8999938964844,427.20001220703125,415.20001220703125,421.04998779296875,421.04998779296875,12319.0
2026-03-25,424.20001220703125,443.54998779296875,424.20001220703125,427.04998779296875,427.04998779296875,12902.0
2026-03-27,427.04998779296875,438.0,402.70001220703125,406.8500061035156,406.8500061035156,41145.0
2026-03-30,406.8500061035156,412.95001220703125,382.3999938964844,384.0,384.0,23563.0
2026-04-01,391.3999938964844,420.0,391.3999938964844,411.95001220703125,411.95001220703125,10024.0
2026-04-02,409.8999938964844,425.0,402.0,421.29998779296875,421.29998779296875,11085.0
2026-04-06,425.0,431.0,419.45001220703125,425.3999938964844,425.3999938964844,12370.0
2026-04-07,429.75,452.45001220703125,429.75,437.29998779296875,437.29998779296875,17838.0
2026-04-08,449.0,457.5,445.1000061035156,449.3999938964844,449.3999938964844,16274.0
2026-04-09,453.0,459.8999938964844,441.04998779296875,443.25,443.25,10908.0
2026-04-10,450.54998779296875,455.79998779296875,448.0,451.8999938964844,451.8999938964844,9545.0
2026-04-13,449.0,473.8999938964844,437.75,461.3500061035156,461.3500061035156,21427.0
2026-04-15,467.0,481.0,466.95001220703125,475.45001220703125,475.45001220703125,15201.0
2026-04-16,487.70001220703125,499.79998779296875,474.04998779296875,487.75,487.75,25824.0
2026-04-17,493.8500061035156,499.8500061035156,483.29998779296875,495.70001220703125,495.70001220703125,19336.0
2026-04-20,497.0,497.8500061035156,480.0,482.20001220703125,482.20001220703125,15910.0
2026-04-21,482.5,499.0,477.20001220703125,480.8500061035156,480.8500061035156,11226.0
2026-04-22,488.79998779296875,488.79998779296875,475.3500061035156,482.20001220703125,482.20001220703125,7221.0
2026-04-23,487.04998779296875,488.95001220703125,479.04998779296875,484.95001220703125,484.95001220703125,7989.0
2026-04-24,483.0,495.6499938964844,474.1499938964844,481.20001220703125,481.20001220703125,12902.0
2026-04-27,485.04998779296875,512.7000122070312,481.0,504.79998779296875,504.79998779296875,28763.0
2026-04-28,509.8999938964844,513.7999877929688,503.0,504.5,504.5,11621.0
2026-04-29,491.0,508.29998779296875,490.0,495.6000061035156,495.6000061035156,16262.0
2026-04-30,492.95001220703125,499.95001220703125,483.0,488.8999938964844,488.8999938964844,20362.0
2026-05-04,490.8999938964844,522.0,490.8999938964844,511.0,511.0,25217.0
2026-05-05,511.0,516.0,502.04998779296875,513.2999877929688,513.2999877929688,14869.0
2026-05-06,514.9000244140625,522.9000244140625,509.04998779296875,519.4000244140625,519.4000244140625,13927.0
2026-05-07,521.0,550.0,504.3500061035156,546.0,546.0,35303.0
2026-05-08,558.3499755859375,558.3499755859375,542.0499877929688,546.75,546.75,14087.0
2026-05-11,540.0,555.6500244140625,524.7999877929688,538.5499877929688,538.5499877929688,25053.0
2026-05-12,538.5499877929688,546.2000122070312,506.20001220703125,510.3999938964844,510.3999938964844,12863.0
2026-05-13,503.6499938964844,516.9500122070312,495.6000061035156,501.79998779296875,501.79998779296875,14786.0
2026-05-14,500.5,515.0,499.54998779296875,505.6499938964844,505.6499938964844,11058.0
2026-05-15,507.0,515.0,500.1000061035156,505.1000061035156,505.1000061035156,7435.0
2026-05-18,504.3500061035156,504.3500061035156,485.0,497.70001220703125,497.70001220703125,9482.0
2026-05-19,502.45001220703125,521.3499755859375,500.1000061035156,504.20001220703125,504.20001220703125,7249.0
2026-05-20,504.20001220703125,515.9500122070312,495.95001220703125,511.8500061035156,511.8500061035156,6401.0
2026-05-21,539.9000244140625,563.9500122070312,520.5,528.9500122070312,528.9500122070312,55408.0
2026-05-22,535.0,539.7999877929688,525.2000122070312,533.7999877929688,533.7999877929688,9228.0
2026-05-25,537.9000244140625,548.7999877929688,526.8499755859375,536.8499755859375,536.8499755859375,6985.0
2026-05-26,537.1500244140625,550.0,537.1500244140625,539.7999877929688,539.7999877929688,12342.0
2026-05-27,540.3499755859375,557.3499755859375,540.0499877929688,553.75,553.75,18032.0
2026-05-28,553.75,553.75,553.75,553.75,553.75,0.0
2026-05-29,554.0,554.0,541.5,544.4500122070312,544.4500122070312,15854.0
2026-06-01,536.2999877929688,536.2999877929688,501.0,505.3500061035156,505.3500061035156,21326.0
2026-06-02,508.0,516.9000244140625,506.0,510.95001220703125,510.95001220703125,4747.0
2026-06-03,512.0,516.7000122070312,501.0,511.5,511.5,11007.0
2026-06-04,515.2000122070312,517.7000122070312,505.0,506.79998779296875,506.79998779296875,9668.0
2026-06-05,506.79998779296875,511.95001220703125,503.0,505.45001220703125,505.45001220703125,7430.0
2026-06-08,505.45001220703125,520.9500122070312,499.75,501.79998779296875,501.79998779296875,8724.0
2026-06-09,506.8999938964844,512.9500122070312,499.0,500.29998779296875,500.29998779296875,8502.0
2026-06-10,500.25,507.0,490.1000061035156,494.25,494.25,4600.0
2026-06-11,498.29998779296875,498.29998779296875,481.54998779296875,486.6499938964844,486.6499938964844,5156.0
2026-06-12,490.54998779296875,502.0,490.54998779296875,499.20001220703125,499.20001220703125,7003.0
2026-06-15,504.0,510.0,496.0,497.6000061035156,497.6000061035156,7657.0
2026-06-16,501.0,505.5,497.0,497.6499938964844,497.6499938964844,8412.0
2026-06-17,501.29998779296875,504.0,480.0,486.5,486.5,44717.0
2026-06-18,490.0,501.0,486.0,490.45001220703125,490.45001220703125,11324.0
2026-06-19,492.8500061035156,493.0,485.1000061035156,490.25,490.25,5900.0
2026-06-22,493.8999938964844,504.8500061035156,488.54998779296875,496.54998779296875,496.54998779296875,14599.0
2026-06-23,498.20001220703125,498.20001220703125,487.1499938964844,491.5,491.5,5893.0
2026-06-24,491.0,495.95001220703125,488.1000061035156,493.75,493.75,4589.0
2026-06-25,497.3999938964844,500.0,484.1000061035156,486.3500061035156,486.3500061035156,5078.0
2026-06-26,486.3500061035156,486.3500061035156,486.3500061035156,486.3500061035156,486.3500061035156,0.0
2026-06-29,478.0,490.1000061035156,478.0,482.54998779296875,482.54998779296875,5394.0
2026-06-30,486.04998779296875,489.0,480.20001220703125,485.04998779296875,485.04998779296875,2110.0
2026-07-01,488.6000061035156,489.75,482.70001220703125,485.6000061035156,485.6000061035156,5862.0
2026-07-02,487.0,492.04998779296875,483.0,485.0,485.0,4760.0
2026-07-03,488.6000061035156,498.0,488.6000061035156,492.20001220703125,492.20001220703125,6035.0
2026-07-06,495.8999938964844,512.1500244140625,495.8999938964844,503.5,503.5,9738.0
2026-07-07,507.3999938964844,524.0,507.3999938964844,510.8500061035156,510.8500061035156,31323.0
2026-07-08,503.20001220703125,513.6500244140625,487.70001220703125,491.3999938964844,491.3999938964844,8635.0
2026-07-09,482.0,499.95001220703125,482.0,494.79998779296875,494.79998779296875,5147.0
2026-07-10,495.79998779296875,502.8500061035156,494.0,496.1000061035156,496.1000061035156,3674.0
2026-07-13,495.79998779296875,499.0,494.1499938964844,495.5,495.5,4138.0
2026-07-14,496.0,498.8999938964844,490.3999938964844,492.0,492.0,2450.0
2026-07-15,492.0,495.5,484.04998779296875,488.6000061035156,488.6000061035156,4265.0
2026-07-16,492.20001220703125,496.8999938964844,490.0,491.75,491.75,3080.0
2026-07-17,491.6499938964844,497.8999938964844,486.1499938964844,490.95001220703125,490.95001220703125,2474.0
2026-07-20,485.25,492.0,483.0,486.04998779296875,486.04998779296875,4666.0
2026-07-21,489.79998779296875,494.8999938964844,484.6000061035156,488.79998779296875,488.79998779296875,5410.0
2026-07-22,488.6000061035156,491.8500061035156,484.1499938964844,484.6000061035156,484.6000061035156,1517.0
2026-07-23,487.3999938964844,490.95001220703125,480.0,482.0,482.0,2935.0
2026-07-24,480.0,482.1000061035156,475.1000061035156,477.8500061035156,477.8500061035156,4090.0
2026-07-27,481.3999938964844,497.6000061035156,481.3999938964844,487.1000061035156,487.1000061035156,2326.0
2026-07-28,490.79998779296875,493.8999938964844,480.20001220703125,483.0,483.0,4437.0
2026-07-29,483.20001220703125,496.75,480.0,481.45001220703125,481.45001220703125,3093.0
2026-07-30,475.5,487.8999938964844,475.5,486.5,486.5,1801.0
2026-07-31,487.6499938964844,491.0,482.20001220703125,484.3999938964844,484.3999938964844,1152.0
2026-08-03,484.0,502.5,484.0,494.1000061035156,494.1000061035156,5423.0
2026-08-04,494.04998779296875,494.04998779296875,483.1000061035156,486.70001220703125,486.70001220703125,7152.0
2026-08-05,489.79998779296875,495.20001220703125,485.6000061035156,488.1499938964844,488.1499938964844,3157.0
2026-08-06,493.5,518.2000122070312,493.5,512.6500244140625,512.6500244140625,22054.0
2026-08-07,515.0,521.0,508.0,517.4500122070312,517.4500122070312,16562.0
2026-08-10,505.0,521.9000244140625,493.1000061035156,498.3500061035156,498.3500061035156,9085.0
2026-08-11,499.54998779296875,507.8999938964844,486.1000061035156,500.95001220703125,500.95001220703125,13055.0
2026-08-12,511.0,511.0,493.0,502.0,502.0,21324.0
2026-08-13,501.8999938964844,505.6499938964844,489.20001220703125,494.1000061035156,494.1000061035156,10446.0
2026-08-14,498.1000061035156,505.29998779296875,496.1000061035156,496.54998779296875,496.54998779296875,8658.0
2026-08-17,500.20001220703125,500.20001220703125,492.6000061035156,496.04998779296875,496.04998779296875,8874.0
2026-08-18,496.04998779296875,498.6000061035156,486.0,487.1499938964844,487.1499938964844,8821.0
2026-08-19,489.79998779296875,490.70001220703125,477.1000061035156,479.20001220703125,479.20001220703125,7779.0
2026-08-20,479.1499938964844,485.45001220703125,471.5,473.20001220703125,473.20001220703125,10656.0
2026-08-21,473.0,479.70001220703125,471.54998779296875,473.1499938964844,473.1499938964844,11011.0
2026-08-24,476.6000061035156,483.29998779296875,472.8999938964844,476.8999938964844,476.8999938964844,9947.0
2026-08-25,480.0,480.3999938964844,470.04998779296875,471.8999938964844,471.8999938964844,7472.0
2026-08-26,475.3999938964844,482.8999938964844,470.04998779296875,470.95001220703125,470.95001220703125,15143.0
2026-08-27,474.3999938964844,482.8500061035156,466.0,468.75,468.75,17832.0
2026-08-28,472.79998779296875,480.45001220703125,468.04998779296875,473.95001220703125,473.95001220703125,7101.0
2026-08-31,474.0,504.6000061035156,474.0,501.54998779296875,501.54998779296875,39367.0
2026-09-01,506.70001220703125,506.75,490.8500061035156,494.45001220703125,494.45001220703125,11022.0
2026-09-02,494.29998779296875,500.0,489.79998779296875,498.20001220703125,498.20001220703125,7917.0
2026-09-03,501.20001220703125,513.0,496.1000061035156,508.8999938964844,508.8999938964844,22896.0
2026-09-04,512.9500122070312,542.0,507.1000061035156,531.0499877929688,531.0499877929688,49199.0
2026-09-08,525.0999755859375,540.0,525.0999755859375,527.9000244140625,527.9000244140625,13080.0
2026-09-09,528.0,537.5,527.0499877929688,531.9000244140625,531.9000244140625,14320.0
2026-09-10,533.2999877929688,534.5499877929688,514.0,517.0999755859375,517.0999755859375,18403.0
2026-09-11,524.4000244140625,528.0999755859375,518.5,523.7999877929688,523.7999877929688,18998.0
2026-09-15,523.5,535.0,488.0,497.3999938964844,497.3999938964844,59413.0
