date,open,high,low,close,adjclose,volume
2021-09-15,56.29999923706055,57.599998474121094,56.220001220703125,56.59000015258789,55.296897888183594,126650.0
2021-09-16,56.93000030517578,57.68000030517578,55.119998931884766,56.08000183105469,55.18864822387695,187780.0
2021-09-17,56.20000076293945,57.0,55.20000076293945,55.33000183105469,54.4505729675293,142175.0
2021-09-20,55.20000076293945,56.91999816894531,54.400001525878906,54.75,53.87978744506836,146715.0
2021-09-21,55.0,55.86000061035156,53.47999954223633,55.4900016784668,54.60802459716797,113060.0
2021-09-22,56.0,56.86000061035156,55.02000045776367,55.540000915527344,54.65723419189453,75615.0
2021-09-23,56.58000183105469,57.79999923706055,55.45000076293945,56.06999969482422,55.17880630493164,206010.0
2021-09-24,56.7400016784668,57.11000061035156,55.20000076293945,55.369998931884766,54.48992919921875,64425.0
2021-09-27,55.369998931884766,57.400001525878906,55.369998931884766,55.91999816894531,55.031192779541016,303565.0
2021-09-28,56.79999923706055,59.70000076293945,56.34000015258789,57.810001373291016,56.891143798828125,1161955.0
2021-09-29,57.79999923706055,58.5099983215332,56.79999923706055,57.349998474121094,56.43845748901367,142880.0
2021-09-30,57.400001525878906,58.95000076293945,57.20000076293945,57.619998931884766,56.704166412353516,130075.0
2021-10-01,57.959999084472656,57.959999084472656,56.029998779296875,56.40999984741211,55.51340103149414,139950.0
2021-10-04,56.619998931884766,57.9900016784668,55.86000061035156,56.11000061035156,55.218170166015625,128365.0
2021-10-05,56.959999084472656,57.47999954223633,55.86000061035156,56.0099983215332,55.1197624206543,178595.0
2021-10-06,55.79999923706055,57.0,54.540000915527344,54.93000030517578,54.05693054199219,187215.0
2021-10-07,55.400001525878906,57.36000061035156,55.400001525878906,56.90999984741211,56.00545120239258,632460.0
2021-10-08,56.90999984741211,58.099998474121094,56.0,56.29999923706055,55.405147552490234,292405.0
2021-10-11,56.709999084472656,56.959999084472656,55.70000076293945,55.900001525878906,55.011505126953125,633885.0
2021-10-12,56.09000015258789,56.630001068115234,56.0,56.08000183105469,55.18864822387695,173070.0
2021-10-13,56.20000076293945,59.400001525878906,56.130001068115234,58.72999954223633,57.79652786254883,810045.0
2021-10-14,59.22999954223633,59.599998474121094,57.599998474121094,57.79999923706055,56.881309509277344,256745.0
2021-10-18,58.5099983215332,59.0,57.16999816894531,57.5099983215332,56.595916748046875,207435.0
2021-10-19,57.599998474121094,59.20000076293945,55.0,55.560001373291016,54.676910400390625,263455.0
2021-10-20,55.619998931884766,56.4900016784668,54.400001525878906,54.810001373291016,53.938838958740234,163025.0
2021-10-21,55.29999923706055,55.939998626708984,53.970001220703125,54.5,53.633758544921875,78210.0
2021-10-22,54.79999923706055,55.34000015258789,52.65999984741211,53.09000015258789,52.24617004394531,151505.0
2021-10-25,53.20000076293945,54.79999923706055,50.79999923706055,54.09000015258789,53.230281829833984,192440.0
2021-10-26,54.02000045776367,55.599998474121094,52.84000015258789,55.08000183105469,54.20454406738281,140120.0
2021-10-27,55.91999816894531,55.959999084472656,54.5099983215332,54.90999984741211,54.03724670410156,90755.0
2021-10-28,54.90999984741211,56.09000015258789,53.209999084472656,53.630001068115234,52.777591705322266,165340.0
2021-10-29,54.0,54.150001525878906,52.900001525878906,53.16999816894531,52.324893951416016,63890.0
2021-11-01,54.0,54.880001068115234,53.29999923706055,53.83000183105469,52.97441482543945,90340.0
2021-11-02,54.13999938964844,54.880001068115234,53.619998931884766,54.02000045776367,53.1613883972168,40185.0
2021-11-03,54.689998626708984,54.689998626708984,53.599998474121094,54.11000061035156,53.249961853027344,47870.0
2021-11-04,54.599998474121094,55.0,53.63999938964844,54.630001068115234,53.761695861816406,25375.0
2021-11-08,55.400001525878906,57.22999954223633,54.79999923706055,55.84000015258789,54.95246505737305,178880.0
2021-11-09,56.630001068115234,59.20000076293945,56.599998474121094,58.790000915527344,57.85557556152344,857815.0
2021-11-10,58.0,59.97999954223633,58.0,58.79999923706055,57.865413665771484,475645.0
2021-11-11,58.79999923706055,58.79999923706055,56.900001525878906,57.349998474121094,56.43845748901367,123150.0
2021-11-12,58.0,58.400001525878906,56.70000076293945,57.630001068115234,56.714012145996094,117165.0
2021-11-15,57.630001068115234,58.09000015258789,55.61000061035156,55.86000061035156,54.972145080566406,105520.0
2021-11-16,56.9900016784668,57.58000183105469,55.189998626708984,56.189998626708984,55.296897888183594,211605.0
2021-11-17,56.470001220703125,58.20000076293945,56.2400016784668,56.779998779296875,55.87751770019531,334220.0
2021-11-18,57.029998779296875,57.38999938964844,54.79999923706055,55.86000061035156,54.972145080566406,109550.0
2021-11-22,56.06999969482422,56.06999969482422,53.599998474121094,54.11000061035156,53.249961853027344,153095.0
2021-11-23,54.20000076293945,55.09000015258789,53.13999938964844,54.650001525878906,53.78137969970703,73420.0
2021-11-24,55.06999969482422,56.060001373291016,54.560001373291016,55.400001525878906,54.51945114135742,176095.0
2021-11-25,56.400001525878906,57.189998626708984,55.040000915527344,56.47999954223633,55.58228302001953,492445.0
2021-11-26,56.380001068115234,56.900001525878906,55.31999969482422,56.630001068115234,55.72990417480469,251090.0
2021-11-29,55.209999084472656,57.11000061035156,53.189998626708984,56.619998931884766,55.720069885253906,211005.0
2021-11-30,56.68000030517578,67.94000244140625,56.68000030517578,67.44999694824219,66.3779296875,3733385.0
2021-12-01,72.19999694824219,79.11000061035156,71.19999694824219,75.16999816894531,73.97522735595703,8892385.0
2021-12-02,76.5999984741211,78.86000061035156,71.54000091552734,73.7699966430664,72.59746551513672,3137000.0
2021-12-03,74.80000305175781,76.0,72.3499984741211,73.22000122070312,72.05622100830078,741145.0
2021-12-06,74.5999984741211,82.9800033569336,73.83000183105469,78.19000244140625,76.94723510742188,2477970.0
2021-12-07,80.80000305175781,84.4000015258789,79.4000015258789,81.83000183105469,80.52937316894531,1649775.0
2021-12-08,83.77999877929688,83.95999908447266,80.81999969482422,82.97000122070312,81.65125274658203,710230.0
2021-12-09,83.5999984741211,83.73999786376953,79.19999694824219,80.22000122070312,78.9449691772461,457820.0
2021-12-10,80.9800033569336,81.5999984741211,78.04000091552734,78.30999755859375,77.06531524658203,298185.0
2021-12-13,79.0,81.66999816894531,78.33999633789062,79.12999725341797,77.8722915649414,335790.0
2021-12-14,79.19999694824219,81.95999908447266,78.19999694824219,81.16999816894531,79.8798599243164,741710.0
2021-12-15,81.73999786376953,85.31999969482422,80.4000015258789,81.27999877929688,79.98810577392578,877200.0
2021-12-16,81.9000015258789,82.47000122070312,77.5999984741211,78.93000030517578,77.67545318603516,300410.0
2021-12-17,78.52999877929688,78.69000244140625,72.9000015258789,73.7300033569336,72.55811309814453,464900.0
2021-12-20,73.37999725341797,81.37999725341797,70.76000213623047,78.41999816894531,77.17357635498047,1091385.0
2021-12-21,77.31999969482422,80.4000015258789,75.20999908447266,76.30999755859375,75.09710693359375,375205.0
2021-12-22,76.73999786376953,82.30000305175781,76.4800033569336,79.08999633789062,77.83291625976562,744320.0
2021-12-23,79.79000091552734,80.44000244140625,76.5999984741211,77.44000244140625,76.20913696289062,234415.0
2021-12-24,78.04000091552734,78.04000091552734,74.80000305175781,75.1500015258789,73.9555435180664,180890.0
2021-12-27,75.76000213623047,78.0,75.61000061035156,76.98999786376953,75.76629638671875,186555.0
2021-12-28,77.52999877929688,83.80000305175781,77.52999877929688,80.93000030517578,79.64366912841797,1015055.0
2021-12-29,81.37999725341797,81.91999816894531,78.0,78.33999633789062,77.09483337402344,303920.0
2021-12-30,78.79000091552734,79.44999694824219,76.19999694824219,77.30999755859375,76.08121490478516,219575.0
2021-12-31,77.95999908447266,80.44000244140625,77.48999786376953,78.0999984741211,76.8586654663086,241580.0
2022-01-03,77.26000213623047,80.26000213623047,77.26000213623047,78.29000091552734,77.0456314086914,198725.0
2022-01-04,79.80000305175781,91.0,78.19999694824219,87.6500015258789,86.2568588256836,3451985.0
2022-01-05,91.4000015258789,105.18000030517578,90.80999755859375,103.5,101.85494232177734,7858330.0
2022-01-06,103.12000274658203,116.73999786376953,99.13999938964844,111.2300033569336,109.46208953857422,6239715.0
2022-01-07,112.80000305175781,122.3499984741211,112.0,121.2699966430664,119.3425064086914,4599015.0
2022-01-10,122.95999908447266,124.95999908447266,109.25,112.08999633789062,110.30840301513672,2843985.0
2022-01-11,112.08999633789062,112.80000305175781,105.19999694824219,107.55000305175781,105.84056091308594,1260290.0
2022-01-12,107.02999877929688,118.30000305175781,105.5999984741211,118.30000305175781,116.41971588134766,1555970.0
2022-01-13,126.0,130.1300048828125,120.0199966430664,122.97000122070312,121.01548767089844,3367320.0
2022-01-14,124.30000305175781,126.4000015258789,120.4000015258789,123.30000305175781,121.3402328491211,920010.0
2022-01-17,124.0999984741211,131.60000610351562,124.0999984741211,126.9000015258789,124.88301086425781,767050.0
2022-01-18,128.0,129.0,117.0,119.68000030517578,117.77777099609375,566780.0
2022-01-19,117.26000213623047,122.98999786376953,117.06999969482422,121.56999969482422,119.63772583007812,536330.0
2022-01-20,122.77999877929688,127.0,121.80000305175781,122.69999694824219,120.74976348876953,347420.0
2022-01-21,123.48999786376953,123.80000305175781,116.0,116.87999725341797,115.02227020263672,417125.0
2022-01-24,118.0,118.19999694824219,105.19999694824219,105.33999633789062,103.66569519042969,933810.0
2022-01-25,103.80000305175781,115.87000274658203,101.20999908447266,112.88999938964844,111.09569549560547,1016150.0
2022-01-27,108.4000015258789,123.76000213623047,108.0,114.0999984741211,112.28646087646484,582235.0
2022-01-28,114.0,117.1500015258789,108.5999984741211,109.47000122070312,107.73004913330078,441325.0
2022-01-31,111.5999984741211,113.0,107.05000305175781,108.69999694824219,106.9722900390625,319020.0
2022-02-01,110.0,111.58000183105469,108.18000030517578,108.77999877929688,107.05101013183594,224490.0
2022-02-02,109.93000030517578,112.4000015258789,107.69000244140625,108.81999969482422,107.09038543701172,250190.0
2022-02-03,109.66999816894531,116.04000091552734,107.91999816894531,111.97000122070312,110.19031524658203,585985.0
2022-02-04,112.69999694824219,113.97000122070312,108.16000366210938,108.7300033569336,107.00181579589844,278370.0
2022-02-07,109.5999984741211,111.5999984741211,105.43000030517578,107.02999877929688,105.3288345336914,258385.0
2022-02-08,109.80000305175781,109.80000305175781,97.01000213623047,101.47000122070312,99.8572006225586,593605.0
2022-02-09,102.4000015258789,106.0,102.4000015258789,103.18000030517578,101.54002380371094,189885.0
2022-02-10,101.4000015258789,104.0,97.0,98.87999725341797,97.30836486816406,542550.0
2022-02-11,98.5999984741211,105.19999694824219,98.01000213623047,99.68000030517578,98.09565734863281,383445.0
2022-02-14,94.19999694824219,98.9800033569336,91.0,92.83000183105469,91.35452270507812,279040.0
2022-02-15,91.0199966430664,100.97000122070312,91.0,99.29000091552734,97.71185302734375,321825.0
2022-02-16,100.37999725341797,104.9800033569336,93.33000183105469,97.01000213623047,95.46810150146484,412950.0
2022-02-17,98.79000091552734,99.70999908447266,94.69000244140625,96.30000305175781,94.76937866210938,133570.0
2022-02-18,94.20999908447266,97.5999984741211,94.20999908447266,95.62999725341797,94.3058853149414,104475.0
2022-02-21,94.5999984741211,95.52999877929688,90.31999969482422,91.5199966430664,90.2527847290039,219385.0
2022-02-22,88.0,91.0,85.91000366210938,88.0,86.78153228759766,243555.0
2022-02-23,89.76000213623047,93.47000122070312,89.0,89.86000061035156,88.61578369140625,235320.0
2022-02-24,88.0,88.79000091552734,82.56999969482422,83.30999755859375,82.15646362304688,416760.0
2022-02-25,84.5999984741211,90.4000015258789,84.5999984741211,89.66999816894531,88.42841339111328,256650.0
2022-02-28,90.0,93.58999633789062,84.0,92.19000244140625,90.91352081298828,275460.0
2022-03-02,93.58000183105469,93.5999984741211,90.87999725341797,91.83000183105469,90.55850982666016,101970.0
2022-03-03,93.80000305175781,94.5,90.66000366210938,91.29000091552734,90.02598571777344,97325.0
2022-03-04,89.88999938964844,90.95999908447266,88.19999694824219,88.93000030517578,87.69866180419922,108350.0
2022-03-07,88.0,88.0,82.97000122070312,84.33000183105469,83.162353515625,240340.0
2022-03-08,82.9000015258789,87.2300033569336,82.9000015258789,86.37000274658203,85.17410278320312,105970.0
2022-03-09,87.95999908447266,88.95999908447266,85.41999816894531,86.9800033569336,85.7756576538086,265075.0
2022-03-10,89.76000213623047,91.25,86.5999984741211,87.95999908447266,86.74208068847656,320085.0
2022-03-11,87.80000305175781,88.62999725341797,86.04000091552734,86.44999694824219,85.25299072265625,153345.0
2022-03-14,87.9800033569336,93.52999877929688,85.75,89.55000305175781,88.31008911132812,393915.0
2022-03-15,90.19999694824219,91.69999694824219,86.61000061035156,87.7300033569336,86.51527404785156,269340.0
2022-03-16,91.19999694824219,91.19999694824219,87.22000122070312,87.68000030517578,86.4659652709961,149910.0
2022-03-17,90.8499984741211,96.44000244140625,88.95999908447266,96.44000244140625,95.10467529296875,630390.0
2022-03-21,99.0,102.36000061035156,96.48999786376953,98.88999938964844,97.52075958251953,749800.0
2022-03-22,97.72000122070312,102.19000244140625,96.81999969482422,100.80999755859375,99.41415405273438,455100.0
2022-03-23,102.0,103.0,97.19999694824219,97.69999694824219,96.34721374511719,402045.0
2022-03-24,100.80000305175781,100.80000305175781,96.02999877929688,96.47000122070312,95.13426208496094,247870.0
2022-03-25,98.80000305175781,98.80000305175781,94.26000213623047,94.91999816894531,93.60572052001953,142785.0
2022-03-28,97.58000183105469,97.58000183105469,91.0,91.76000213623047,90.4894790649414,302845.0
2022-03-29,93.0,95.58999633789062,91.83000183105469,92.58000183105469,91.29813385009766,245570.0
2022-03-30,92.80000305175781,94.80000305175781,92.0199966430664,92.5,91.21922302246094,149300.0
2022-03-31,92.80000305175781,94.2699966430664,90.72000122070312,91.0,89.74000549316406,169010.0
2022-04-01,92.76000213623047,95.48999786376953,92.0,94.23999786376953,92.93513488769531,250480.0
2022-04-04,94.18000030517578,97.0,93.61000061035156,95.87000274658203,94.5425796508789,227595.0
2022-04-05,97.0,98.4000015258789,95.5199966430664,97.36000061035156,96.0119400024414,277490.0
2022-04-06,97.36000061035156,107.08999633789062,95.94999694824219,107.08999633789062,105.60720825195312,1333310.0
2022-04-07,112.80000305175781,112.80000305175781,104.0,105.52999877929688,104.06880950927734,1120300.0
2022-04-08,107.31999969482422,107.31999969482422,103.26000213623047,104.2300033569336,102.78682708740234,279800.0
2022-04-11,105.0,113.0,102.0,105.44999694824219,103.98992919921875,1000065.0
2022-04-12,104.5,106.58000183105469,100.4000015258789,101.44999694824219,100.04530334472656,273925.0
2022-04-13,102.27999877929688,107.0,101.87999725341797,103.33000183105469,101.89928436279297,445255.0
2022-04-18,103.77999877929688,104.5999984741211,100.56999969482422,101.5199966430664,100.11433410644531,213335.0
2022-04-19,103.0,108.19999694824219,99.0,101.66999816894531,100.26225280761719,568250.0
2022-04-20,103.19999694824219,103.5999984741211,97.79000091552734,99.23999786376953,97.86590576171875,326820.0
2022-04-21,100.0,102.22000122070312,100.0,101.01000213623047,99.61140441894531,148525.0
2022-04-22,99.44000244140625,103.4000015258789,99.20999908447266,99.95999908447266,98.57592010498047,221590.0
2022-04-25,99.0199966430664,99.0199966430664,90.19999694824219,96.05999755859375,94.72992706298828,195290.0
2022-04-26,98.0,101.0,96.38999938964844,96.75,95.41038513183594,180320.0
2022-04-27,97.4000015258789,97.4000015258789,93.19999694824219,93.9000015258789,92.59984588623047,209530.0
2022-04-28,96.0,96.18000030517578,93.51000213623047,94.80000305175781,93.48738098144531,261620.0
2022-04-29,95.0,99.77999877929688,94.11000061035156,95.12000274658203,93.80294799804688,205030.0
2022-05-02,93.19999694824219,94.80000305175781,91.2699966430664,92.61000061035156,91.32770538330078,145050.0
2022-05-04,95.19999694824219,95.19999694824219,87.81999969482422,88.66999816894531,87.44225311279297,174150.0
2022-05-05,91.80000305175781,92.0,88.94000244140625,89.62999725341797,88.38896179199219,101660.0
2022-05-06,88.4000015258789,89.1500015258789,85.19999694824219,86.41999816894531,85.2234115600586,222165.0
2022-05-09,86.4000015258789,87.87000274658203,82.31999969482422,83.30000305175781,82.14662170410156,202900.0
2022-05-10,84.0,87.5999984741211,83.11000061035156,84.22000122070312,83.05386352539062,465025.0
2022-05-11,85.9800033569336,85.9800033569336,80.0,82.62999725341797,81.48588562011719,232860.0
2022-05-12,80.0199966430664,81.69000244140625,78.80000305175781,80.12000274658203,79.01065826416016,118250.0
2022-05-13,81.0199966430664,86.13999938964844,81.0199966430664,82.8499984741211,81.70283508300781,138405.0
2022-05-16,83.80000305175781,87.0,81.8499984741211,85.52999877929688,84.3457260131836,93905.0
2022-05-17,86.94000244140625,89.75,85.33000183105469,88.9800033569336,87.74797821044922,137875.0
2022-05-18,91.0,91.0,86.87999725341797,87.5999984741211,86.38706970214844,83005.0
2022-05-19,86.0,86.80000305175781,84.0,84.88999938964844,83.714599609375,118705.0
2022-05-20,87.9800033569336,88.58999633789062,86.29000091552734,87.69000244140625,86.47583770751953,110255.0
2022-05-23,89.01000213623047,89.80000305175781,86.0,86.62000274658203,85.42064666748047,135595.0
2022-05-24,86.2300033569336,87.97000122070312,84.0,85.36000061035156,84.17808532714844,147705.0
2022-05-25,84.80000305175781,85.0,80.69000244140625,81.12000274658203,79.99681854248047,161345.0
2022-05-26,81.79000091552734,83.9000015258789,77.48999786376953,80.5,79.38538360595703,173805.0
2022-05-27,84.4800033569336,84.7699966430664,81.8499984741211,82.9000015258789,81.75215148925781,101435.0
2022-05-30,85.0,89.33999633789062,83.81999969482422,88.62999725341797,87.40280151367188,211330.0
2022-05-31,88.58999633789062,93.18000030517578,86.80999755859375,90.18000030517578,88.93135070800781,198825.0
2022-06-01,90.18000030517578,93.7699966430664,89.3499984741211,90.30999755859375,89.0595474243164,180125.0
2022-06-02,88.5999984741211,91.04000091552734,88.5999984741211,89.47000122070312,88.23118591308594,67875.0
2022-06-03,90.88999938964844,91.19000244140625,87.02999877929688,87.70999908447266,86.49555206298828,83175.0
2022-06-06,87.4000015258789,87.86000061035156,85.0,86.91000366210938,85.70662689208984,103090.0
2022-06-07,87.9800033569336,88.41999816894531,86.0,87.19999694824219,85.99260711669922,74885.0
2022-06-08,89.55999755859375,89.55999755859375,85.83000183105469,87.5199966430664,86.30818176269531,45505.0
2022-06-09,89.5999984741211,89.61000061035156,86.52999877929688,89.16999816894531,87.93534088134766,60350.0
2022-06-10,87.19999694824219,88.4000015258789,86.0,86.73999786376953,85.53897857666016,48530.0
2022-06-13,83.4000015258789,84.30000305175781,81.38999938964844,82.36000061035156,81.21963500976562,104710.0
2022-06-14,82.04000091552734,83.94999694824219,81.12999725341797,81.79000091552734,80.65752410888672,48315.0
2022-06-15,82.33000183105469,83.81999969482422,80.19999694824219,80.97000122070312,79.848876953125,68590.0
2022-06-16,82.0,85.19999694824219,80.08999633789062,81.06999969482422,79.9474868774414,122975.0
2022-06-17,80.80000305175781,82.19000244140625,79.30000305175781,80.93000030517578,79.8094253540039,87325.0
2022-06-20,79.31999969482422,80.95999908447266,75.5999984741211,76.86000061035156,75.79578399658203,116065.0
2022-06-21,77.2699966430664,80.79000091552734,77.2699966430664,80.33999633789062,79.22760009765625,94165.0
2022-06-22,80.33999633789062,82.9800033569336,77.4000015258789,79.11000061035156,78.01463317871094,99535.0
2022-06-23,79.4000015258789,81.97000122070312,79.4000015258789,80.7699966430664,79.65164184570312,68140.0
2022-06-24,81.80000305175781,86.55000305175781,81.68000030517578,85.3499984741211,84.16822052001953,151000.0
2022-06-27,86.93000030517578,88.0,85.98999786376953,87.62999725341797,86.41665649414062,105740.0
2022-06-28,87.0,98.19999694824219,82.81999969482422,96.55000305175781,95.21314239501953,1917015.0
2022-06-29,95.30000305175781,95.30000305175781,92.0999984741211,92.6500015258789,91.36714935302734,287615.0
2022-06-30,93.95999908447266,105.33999633789062,92.41999816894531,99.30999755859375,97.93492889404297,2868235.0
2022-07-01,98.91999816894531,102.73999786376953,97.19999694824219,101.12999725341797,99.72972106933594,834200.0
2022-07-04,100.62000274658203,104.68000030517578,97.5,102.08999633789062,100.67644500732422,503585.0
2022-07-05,102.26000213623047,105.80000305175781,99.27999877929688,100.37000274658203,98.98026275634766,538755.0
2022-07-06,101.5999984741211,102.5,100.19999694824219,100.69000244140625,99.29582977294922,188675.0
2022-07-07,102.76000213623047,107.4000015258789,101.55000305175781,102.88999938964844,101.46537780761719,1025635.0
2022-07-08,104.44000244140625,106.0,102.69999694824219,103.2300033569336,101.8006591796875,326770.0
2022-07-11,103.2300033569336,104.0,102.19999694824219,102.87999725341797,101.45550537109375,168235.0
2022-07-12,102.0,102.77999877929688,98.5199966430664,98.98999786376953,97.61936950683594,301395.0
2022-07-13,98.0199966430664,101.37999725341797,98.0199966430664,99.01000213623047,97.63908386230469,114175.0
2022-07-14,99.01000213623047,99.01000213623047,95.76000213623047,96.5999984741211,95.26245880126953,186400.0
2022-07-15,97.0,100.80000305175781,97.0,98.45999908447266,97.09669494628906,179670.0
2022-07-18,99.80000305175781,104.2300033569336,99.41000366210938,101.94000244140625,100.52851867675781,410960.0
2022-07-19,102.9800033569336,104.48999786376953,102.23999786376953,103.7699966430664,102.33318328857422,288030.0
2022-07-20,105.4000015258789,108.87999725341797,103.80000305175781,104.38999938964844,102.94458770751953,678555.0
2022-07-21,105.33000183105469,105.95999908447266,102.0,103.66000366210938,102.22471618652344,231060.0
2022-07-22,104.55999755859375,107.4000015258789,103.69999694824219,104.12000274658203,102.67833709716797,313130.0
2022-07-25,104.0,104.0,100.37999725341797,101.16999816894531,99.7691650390625,195040.0
2022-07-26,101.93000030517578,102.0,99.0999984741211,100.12000274658203,98.73371887207031,109585.0
2022-07-27,100.9000015258789,100.9000015258789,98.80999755859375,99.62999725341797,98.2505111694336,112030.0
2022-07-28,100.48999786376953,102.80000305175781,99.22000122070312,99.58999633789062,98.21105194091797,127275.0
2022-07-29,100.0,104.9800033569336,100.0,102.12999725341797,100.71588134765625,488010.0
2022-08-01,103.19999694824219,106.4000015258789,101.66000366210938,103.62000274658203,102.18524932861328,261925.0
2022-08-02,103.94999694824219,105.08999633789062,102.51000213623047,103.7699966430664,102.33318328857422,171230.0
2022-08-03,103.9800033569336,104.38999938964844,102.1500015258789,103.52999877929688,102.09651184082031,146700.0
2022-08-04,103.54000091552734,112.54000091552734,103.54000091552734,105.16999816894531,103.71379852294922,1732185.0
2022-08-05,105.86000061035156,109.0,104.52999877929688,107.7699966430664,106.27780151367188,320290.0
2022-08-08,109.13999938964844,111.94999694824219,108.11000061035156,109.48999786376953,107.9739761352539,411695.0
2022-08-10,109.9800033569336,110.45999908447266,101.0999984741211,101.79000091552734,100.38060760498047,646990.0
2022-08-11,103.0,103.31999969482422,99.69999694824219,100.0199966430664,98.63508605957031,299095.0
2022-08-12,100.5999984741211,101.77999877929688,99.0,100.12999725341797,98.74358367919922,142000.0
2022-08-16,99.0199966430664,102.1500015258789,99.0199966430664,100.3499984741211,98.96053314208984,158285.0
2022-08-17,101.0,102.58999633789062,99.63999938964844,100.25,98.8619155883789,167520.0
2022-08-18,101.5999984741211,101.5999984741211,96.91999816894531,98.19999694824219,96.84030151367188,298225.0
2022-08-19,98.19999694824219,99.23999786376953,96.5999984741211,97.18000030517578,95.83442687988281,165195.0
2022-08-22,97.69999694824219,97.69999694824219,93.66000366210938,94.16999816894531,92.86609649658203,214415.0
2022-08-23,93.91999816894531,96.4000015258789,93.20999908447266,95.20999908447266,93.89170837402344,254935.0
2022-08-24,95.8499984741211,99.19999694824219,95.69999694824219,97.94999694824219,96.59375762939453,211810.0
2022-08-25,97.5999984741211,98.55000305175781,97.0,97.26000213623047,95.9133071899414,84975.0
2022-08-26,97.4000015258789,97.97000122070312,96.0199966430664,96.2300033569336,94.8975830078125,121060.0
2022-08-29,93.0,97.0999984741211,93.0,96.54000091552734,95.20328521728516,101560.0
2022-08-30,97.26000213623047,100.4000015258789,97.19999694824219,98.55999755859375,97.19532012939453,197115.0
2022-09-01,99.4000015258789,99.76000213623047,96.80000305175781,98.41000366210938,97.04739379882812,122605.0
2022-09-02,97.19999694824219,99.1500015258789,96.73999786376953,97.0,95.65690612792969,162300.0
2022-09-05,97.0,98.0,96.12999725341797,96.48999786376953,95.15398406982422,108485.0
2022-09-06,97.38999938964844,97.38999938964844,95.86000061035156,96.20999908447266,94.87785339355469,66770.0
2022-09-07,96.7699966430664,98.41000366210938,96.51000213623047,96.69999694824219,95.36106872558594,101270.0
2022-09-08,96.97000122070312,98.4000015258789,96.97000122070312,97.22000122070312,95.8738784790039,68195.0
2022-09-09,98.0,98.27999877929688,96.19999694824219,96.36000061035156,95.02577209472656,102170.0
2022-09-12,98.0,102.0999984741211,98.0,98.83999633789062,97.47144317626953,289750.0
2022-09-13,102.0,103.0,98.18000030517578,99.44000244140625,98.0631332397461,275370.0
2022-09-14,98.0,99.38999938964844,97.01000213623047,98.02999877929688,96.67265319824219,126775.0
2022-09-15,97.4000015258789,98.5999984741211,96.41000366210938,96.95999908447266,95.91099548339844,125490.0
2022-09-16,97.58000183105469,97.58000183105469,94.4000015258789,94.95999908447266,93.93262481689453,108735.0
2022-09-19,94.0199966430664,96.0,94.0199966430664,95.58999633789062,94.5558090209961,66155.0
2022-09-20,96.19999694824219,100.0,95.58999633789062,96.16999816894531,95.1295394897461,211270.0
2022-09-21,96.0,98.2699966430664,95.58999633789062,96.0,94.96137237548828,97565.0
2022-09-22,95.58999633789062,97.12000274658203,95.11000061035156,95.98999786376953,94.95148468017578,66435.0
2022-09-23,96.0,96.36000061035156,91.80999755859375,92.25,91.251953125,108265.0
2022-09-26,92.4000015258789,92.98999786376953,88.80999755859375,90.5199966430664,89.5406494140625,130160.0
2022-09-27,92.0,92.0,89.0,89.98999786376953,89.01640319824219,57285.0
2022-09-28,88.0199966430664,90.4000015258789,87.08999633789062,87.69000244140625,86.74128723144531,67595.0
2022-09-29,89.95999908447266,90.4800033569336,87.5999984741211,88.16999816894531,87.2160873413086,51340.0
2022-09-30,89.5999984741211,96.80000305175781,88.0999984741211,94.55999755859375,93.53695678710938,241605.0
2022-10-03,94.54000091552734,94.63999938964844,91.20999908447266,92.22000122070312,91.22227478027344,99505.0
2022-10-04,93.0,94.48999786376953,92.58999633789062,93.80000305175781,92.7851791381836,72615.0
2022-10-06,93.80000305175781,95.72000122070312,93.0,93.61000061035156,92.59722900390625,244595.0
2022-10-07,95.95999908447266,101.5999984741211,95.13999938964844,98.94999694824219,97.87945556640625,664860.0
2022-10-10,98.69000244140625,101.0199966430664,96.0199966430664,98.44999694824219,97.38485717773438,314110.0
2022-10-11,98.95999908447266,99.73999786376953,94.19999694824219,94.8499984741211,93.82380676269531,278470.0
2022-10-12,96.75,96.75,92.88999938964844,94.08000183105469,93.06214141845703,133685.0
2022-10-13,95.19999694824219,96.75,94.4000015258789,94.87999725341797,93.8534927368164,68910.0
2022-10-14,97.0,98.4000015258789,96.47000122070312,96.80000305175781,95.75272369384766,110750.0
2022-10-17,97.19999694824219,97.66000366210938,94.0,94.41999816894531,93.39846801757812,84420.0
2022-10-18,95.56999969482422,96.72000122070312,94.80000305175781,95.31999969482422,94.28874206542969,102220.0
2022-10-19,96.79000091552734,96.79000091552734,94.4000015258789,94.6500015258789,93.62596893310547,60015.0
2022-10-20,93.19999694824219,95.5999984741211,93.19999694824219,93.91000366210938,92.89399719238281,62285.0
2022-10-21,95.0,98.4000015258789,94.94999694824219,96.66000366210938,95.6142349243164,165455.0
2022-10-24,97.5999984741211,99.0,97.26000213623047,97.94000244140625,96.8803939819336,71545.0
2022-10-25,98.19999694824219,98.80000305175781,97.51000213623047,97.7699966430664,96.71221923828125,76905.0
2022-10-27,98.0,100.0,95.4000015258789,95.62999725341797,94.59537506103516,172240.0
2022-10-28,95.5,96.77999877929688,92.0,93.55999755859375,92.54778289794922,177640.0
2022-10-31,95.19999694824219,95.54000091552734,93.0,94.69000244140625,93.66554260253906,102560.0
2022-11-01,95.73999786376953,95.73999786376953,93.5199966430664,94.37999725341797,93.35889434814453,65280.0
2022-11-02,94.37999725341797,96.4000015258789,94.12000274658203,95.83000183105469,94.79322052001953,104980.0
2022-11-03,94.91000366210938,98.0,94.91000366210938,97.51000213623047,96.45503997802734,98800.0
2022-11-04,98.11000061035156,99.58999633789062,97.0199966430664,97.70999908447266,96.65287017822266,178955.0
2022-11-07,99.0,99.4000015258789,96.26000213623047,97.51000213623047,96.45503997802734,87830.0
2022-11-09,97.51000213623047,99.19999694824219,96.0,96.43000030517578,95.38671875,78520.0
2022-11-10,98.0,98.4000015258789,96.31999969482422,97.16999816894531,96.11872863769531,68525.0
2022-11-11,97.16999816894531,100.0,97.16999816894531,98.5999984741211,97.53324127197266,162240.0
2022-11-14,96.0,102.0,96.0,96.62000274658203,95.5746841430664,418290.0
2022-11-15,98.4000015258789,98.4000015258789,95.04000091552734,95.76000213623047,94.72396087646484,120945.0
2022-11-16,95.4000015258789,98.76000213623047,94.19999694824219,96.91000366210938,95.86153411865234,609235.0
2022-11-17,96.80000305175781,97.29000091552734,94.6500015258789,95.51000213623047,94.47667694091797,103400.0
2022-11-18,95.4000015258789,95.7699966430664,93.0,93.3499984741211,92.34004974365234,110970.0
2022-11-21,94.80000305175781,94.80000305175781,89.33999633789062,89.73999786376953,88.76909637451172,240855.0
2022-11-22,91.13999938964844,91.13999938964844,73.95999908447266,89.04000091552734,88.07667541503906,159140.0
2022-11-23,91.0,92.56999969482422,90.0,92.26000213623047,91.26183319091797,163105.0
2022-11-24,92.36000061035156,93.69000244140625,91.0,91.62000274658203,90.6287612915039,88655.0
2022-11-25,92.98999786376953,92.98999786376953,91.44000244140625,92.38999938964844,91.39042663574219,50590.0
2022-11-28,91.73999786376953,93.62000274658203,91.73999786376953,92.0,91.0046615600586,77890.0
2022-11-29,91.25,92.9000015258789,91.25,91.55999755859375,90.56941986083984,63085.0
2022-11-30,92.98999786376953,92.98999786376953,90.86000061035156,91.4000015258789,90.4111557006836,81290.0
2022-12-01,92.79000091552734,93.4800033569336,91.66000366210938,92.56999969482422,91.56849670410156,83570.0
2022-12-02,100.0,100.18000030517578,96.05999755859375,97.91000366210938,96.85070037841797,1259520.0
2022-12-05,98.94000244140625,101.76000213623047,96.20999908447266,98.08000183105469,97.01888275146484,408915.0
2022-12-06,97.9000015258789,97.91999816894531,95.4000015258789,95.83999633789062,94.80311584472656,185570.0
2022-12-07,96.41000366210938,97.58999633789062,95.16000366210938,95.83999633789062,94.80311584472656,136885.0
2022-12-08,97.80000305175781,111.4800033569336,97.79000091552734,104.05000305175781,102.9242935180664,5796640.0
2022-12-09,106.0,106.73999786376953,102.26000213623047,104.58000183105469,103.44855499267578,956500.0
2022-12-12,104.79000091552734,105.9000015258789,102.80999755859375,103.41999816894531,102.30108642578125,285020.0
2022-12-13,103.91000366210938,104.43000030517578,102.38999938964844,102.94000244140625,101.8262939453125,259670.0
2022-12-14,103.56999969482422,103.9000015258789,102.0199966430664,103.29000091552734,102.17251586914062,200610.0
2022-12-15,104.4000015258789,107.9800033569336,100.4800033569336,104.83000183105469,103.69583892822266,628345.0
2022-12-16,104.94000244140625,105.88999938964844,102.4800033569336,103.05000305175781,101.93511962890625,238665.0
2022-12-19,103.05000305175781,104.5199966430664,102.01000213623047,102.83999633789062,101.72737121582031,155060.0
2022-12-20,102.80000305175781,110.4000015258789,101.0999984741211,108.54000091552734,107.3656997680664,792060.0
2022-12-21,110.0,118.4000015258789,107.05000305175781,108.31999969482422,107.14807891845703,3770565.0
2022-12-22,111.44999694824219,114.9000015258789,102.43000030517578,104.16000366210938,103.03309631347656,1330715.0
2022-12-23,103.54000091552734,107.38999938964844,96.02999877929688,99.01000213623047,97.93880462646484,823770.0
2022-12-26,99.73999786376953,106.72000122070312,98.45999908447266,104.13999938964844,103.01329803466797,577605.0
2022-12-27,104.80000305175781,111.19999694824219,103.04000091552734,109.79000091552734,108.60218811035156,719190.0
2022-12-28,110.5999984741211,114.31999969482422,108.19000244140625,109.33000183105469,108.14716339111328,758620.0
2022-12-29,108.16000366210938,112.77999877929688,107.19999694824219,111.31999969482422,110.11563110351562,363860.0
2022-12-30,111.69000244140625,115.80000305175781,110.0,113.62999725341797,112.400634765625,612530.0
2023-01-02,114.38999938964844,116.98999786376953,112.51000213623047,113.37000274658203,112.1434326171875,526505.0
2023-01-03,113.87999725341797,113.87999725341797,110.12999725341797,110.41000366210938,109.2154769897461,313550.0
2023-01-04,110.9800033569336,111.29000091552734,107.95999908447266,109.38999938964844,108.20650482177734,268860.0
2023-01-05,110.55999755859375,111.0,107.27999877929688,109.56999969482422,108.38455963134766,236830.0
2023-01-06,109.4000015258789,109.94000244140625,105.08999633789062,105.91000366210938,104.76416778564453,270785.0
2023-01-09,106.55999755859375,108.94000244140625,105.80000305175781,106.30999755859375,105.15983581542969,226730.0
2023-01-10,106.68000030517578,108.0,105.7699966430664,106.87999725341797,105.72366333007812,119720.0
2023-01-11,106.87999725341797,110.87999725341797,106.4000015258789,110.3499984741211,109.15612030029297,288185.0
2023-01-12,110.4000015258789,111.0,108.4000015258789,108.98999786376953,107.81082153320312,97575.0
2023-01-13,110.11000061035156,111.0,108.22000122070312,110.37999725341797,109.18579864501953,130005.0
2023-01-16,107.44999694824219,109.5999984741211,99.61000061035156,100.97000122070312,99.87760162353516,982025.0
2023-01-17,100.97000122070312,101.93000030517578,99.54000091552734,100.31999969482422,99.2346420288086,311215.0
2023-01-18,100.79000091552734,105.27999877929688,100.4000015258789,103.9800033569336,102.85504150390625,612645.0
2023-01-19,103.9800033569336,104.70999908447266,101.12000274658203,102.37000274658203,101.26245880126953,162670.0
2023-01-20,103.33000183105469,103.4800033569336,99.22000122070312,100.45999908447266,99.37310791015625,157490.0
2023-01-23,101.0,101.87000274658203,99.41000366210938,100.16999816894531,99.08625793457031,188870.0
2023-01-24,100.69999694824219,102.0,99.72000122070312,100.76000213623047,99.66987609863281,110230.0
2023-01-25,101.0,103.37999725341797,100.63999938964844,101.5999984741211,100.50078582763672,131700.0
2023-01-27,102.62000274658203,102.62000274658203,96.38999938964844,97.91999816894531,96.86061096191406,275645.0
2023-01-30,97.80000305175781,98.45999908447266,92.7699966430664,94.86000061035156,93.83370971679688,235115.0
2023-01-31,94.9000015258789,98.93000030517578,94.9000015258789,98.41999816894531,97.35517883300781,74355.0
2023-02-01,98.58999633789062,99.58000183105469,95.06999969482422,96.88999938964844,95.84175109863281,145845.0
2023-02-02,96.76000213623047,98.0,95.0,96.22000122070312,95.17898559570312,137230.0
2023-02-03,97.66000366210938,97.66000366210938,94.04000091552734,95.66999816894531,94.63494110107422,111745.0
2023-02-06,95.95999908447266,98.0,95.80000305175781,97.20999908447266,96.15827178955078,75140.0
2023-02-07,99.1500015258789,99.47000122070312,95.7300033569336,97.43000030517578,96.37590789794922,99895.0
2023-02-08,99.19999694824219,100.5,97.0,99.27999877929688,98.20588684082031,139260.0
2023-02-09,99.37999725341797,99.75,95.11000061035156,97.81999969482422,96.76168823242188,208700.0
2023-02-10,97.19999694824219,99.37999725341797,95.19999694824219,95.7699966430664,94.73385620117188,135745.0
2023-02-13,97.0,97.76000213623047,92.62000274658203,92.94000244140625,91.93447875976562,152905.0
2023-02-14,93.9800033569336,93.9800033569336,89.19999694824219,89.91999816894531,88.9471435546875,181120.0
2023-02-15,88.19999694824219,94.1500015258789,88.19999694824219,93.0199966430664,92.01361083984375,192070.0
2023-02-16,93.04000091552734,96.76000213623047,92.61000061035156,95.41999816894531,94.38764953613281,231355.0
2023-02-17,95.0,97.87000274658203,94.98999786376953,96.41000366210938,95.36693572998047,165155.0
2023-02-20,97.36000061035156,99.94999694824219,95.31999969482422,95.5999984741211,94.56571197509766,333465.0
2023-02-21,96.55999755859375,96.55999755859375,92.0,92.5,91.49922943115234,286480.0
2023-02-22,92.4800033569336,92.4800033569336,87.30000305175781,87.76000213623047,86.81053924560547,334520.0
2023-02-23,89.08000183105469,89.63999938964844,82.87000274658203,84.80999755859375,83.8924331665039,387350.0
2023-02-24,84.47000122070312,86.33000183105469,83.1500015258789,83.95999908447266,83.2479476928711,158800.0
2023-02-27,84.4000015258789,85.5199966430664,80.66999816894531,81.25,80.56092834472656,316050.0
2023-02-28,81.05000305175781,82.97000122070312,81.0199966430664,82.37999725341797,81.68135070800781,172465.0
2023-03-01,82.77999877929688,87.87999725341797,82.7699966430664,86.26000213623047,85.5284423828125,274425.0
2023-03-02,87.5,87.80000305175781,84.5999984741211,85.05000305175781,84.3287124633789,129175.0
2023-03-03,86.08000183105469,89.02999877929688,85.63999938964844,86.5,85.76641082763672,262015.0
2023-03-06,87.80000305175781,88.83999633789062,86.80000305175781,87.77999877929688,87.03555297851562,139495.0
2023-03-08,87.88999938964844,89.4000015258789,85.80000305175781,86.33999633789062,85.6077651977539,339875.0
2023-03-09,87.36000061035156,88.23999786376953,86.58999633789062,86.95999908447266,86.22250366210938,121015.0
2023-03-10,86.5999984741211,87.23999786376953,85.02999877929688,85.79000091552734,85.06243133544922,74775.0
2023-03-13,86.80000305175781,87.25,81.94999694824219,82.72000122070312,82.01847839355469,134720.0
2023-03-14,83.45999908447266,84.19000244140625,81.31999969482422,81.9000015258789,81.2054214477539,131560.0
2023-03-15,82.33000183105469,83.98999786376953,81.4000015258789,82.33000183105469,81.63178253173828,95305.0
2023-03-16,81.5999984741211,82.70999908447266,80.80000305175781,81.44000244140625,80.74932098388672,99380.0
2023-03-17,82.97000122070312,82.97000122070312,81.0,81.54000091552734,80.84848022460938,63665.0
2023-03-20,87.5999984741211,87.5999984741211,81.16999816894531,82.11000061035156,81.41362762451172,188030.0
2023-03-21,83.5199966430664,84.29000091552734,82.23999786376953,82.44999694824219,81.75074768066406,194540.0
2023-03-22,83.94000244140625,83.9800033569336,82.31999969482422,83.4000015258789,82.69269561767578,57235.0
2023-03-23,82.22000122070312,84.94000244140625,82.22000122070312,83.87999725341797,83.16863250732422,74355.0
2023-03-24,84.76000213623047,84.76000213623047,82.0,82.30000305175781,81.6020278930664,55215.0
2023-03-27,83.80000305175781,83.80000305175781,80.19999694824219,80.70999908447266,80.0255126953125,92240.0
2023-03-28,81.80999755859375,81.91999816894531,77.0,77.56999969482422,76.91214752197266,178480.0
2023-03-29,78.0,80.4800033569336,78.0,80.05000305175781,79.37110900878906,159450.0
2023-03-31,80.80000305175781,83.73999786376953,80.80000305175781,81.83000183105469,81.13601684570312,129500.0
2023-04-03,82.3499984741211,85.68000030517578,81.98999786376953,84.83000183105469,84.11058807373047,181185.0
2023-04-05,85.55000305175781,88.22000122070312,84.33000183105469,87.69000244140625,86.94631958007812,308480.0
2023-04-06,87.69000244140625,89.0,86.0,87.33000183105469,86.58936309814453,207080.0
2023-04-10,87.19999694824219,90.4800033569336,86.5999984741211,88.97000122070312,88.21546936035156,163515.0
2023-04-11,89.0,90.19000244140625,87.30999755859375,87.94999694824219,87.20410919189453,121780.0
2023-04-12,87.95999908447266,89.72000122070312,87.13999938964844,88.41000366210938,87.66020965576172,143050.0
2023-04-13,88.81999969482422,89.95999908447266,88.5999984741211,89.55999755859375,88.80045318603516,71375.0
2023-04-17,89.55000305175781,89.55000305175781,86.4000015258789,88.98999786376953,88.23529815673828,149740.0
2023-04-18,89.38999938964844,90.80000305175781,88.4000015258789,89.4800033569336,88.72113037109375,132960.0
2023-04-19,90.05999755859375,90.7699966430664,88.37999725341797,88.61000061035156,87.8585205078125,123240.0
2023-04-20,89.5,89.5,87.12000274658203,87.87999725341797,87.13469696044922,103055.0
2023-04-21,88.91000366210938,90.95999908447266,86.66000366210938,89.81999969482422,89.05826568603516,262255.0
2023-04-24,90.36000061035156,92.19999694824219,90.0,91.01000213623047,90.23816680908203,207285.0
2023-04-25,92.0,95.5999984741211,91.61000061035156,95.1500015258789,94.34305572509766,561690.0
2023-04-26,95.1500015258789,98.0,94.5999984741211,96.70999908447266,95.88981628417969,582815.0
2023-04-27,97.19999694824219,97.36000061035156,94.70999908447266,95.68000030517578,94.86854553222656,120545.0
2023-04-28,97.12999725341797,98.63999938964844,96.94000244140625,97.58999633789062,96.76235961914062,264580.0
2023-05-02,97.5999984741211,98.37999725341797,96.20999908447266,96.75,95.92947387695312,162275.0
2023-05-03,97.19999694824219,97.95999908447266,95.01000213623047,96.1500015258789,95.33456420898438,138750.0
2023-05-04,96.52999877929688,98.0,95.94000244140625,96.25,95.43373107910156,162465.0
2023-05-05,96.19999694824219,97.25,95.41999816894531,96.20999908447266,95.39405822753906,114180.0
2023-05-08,97.6500015258789,97.9800033569336,95.41000366210938,96.3499984741211,95.53286743164062,128860.0
2023-05-09,96.93000030517578,97.95999908447266,96.0,96.98999786376953,96.16744232177734,62655.0
2023-05-10,97.0199966430664,97.80000305175781,96.31999969482422,96.83000183105469,96.00880432128906,46935.0
2023-05-11,97.16000366210938,99.70999908447266,96.51000213623047,98.23999786376953,97.40685272216797,198055.0
2023-05-12,98.5999984741211,99.76000213623047,97.66999816894531,98.7699966430664,97.93234252929688,161810.0
2023-05-15,99.94000244140625,102.73999786376953,99.4000015258789,100.69000244140625,99.8360824584961,419080.0
2023-05-16,101.5999984741211,102.76000213623047,100.41999816894531,101.55000305175781,100.68877410888672,270935.0
2023-05-17,106.77999877929688,109.0,103.5999984741211,104.66999816894531,103.78231811523438,1509520.0
2023-05-18,107.77999877929688,108.0,105.12000274658203,105.94000244140625,105.04154205322266,377380.0
2023-05-19,106.33999633789062,106.33999633789062,101.16999816894531,102.97000122070312,102.09674072265625,324835.0
2023-05-22,103.91999816894531,103.91999816894531,101.13999938964844,102.0199966430664,101.15478515625,161005.0
2023-05-23,103.18000030517578,106.54000091552734,101.0,104.41999816894531,103.53443145751953,326755.0
2023-05-24,105.45999908447266,106.08000183105469,103.19999694824219,103.75,102.8701171875,162725.0
2023-05-25,104.45999908447266,104.58000183105469,101.0,103.22000122070312,102.34461975097656,183815.0
2023-05-26,103.4000015258789,103.83999633789062,102.48999786376953,103.38999938964844,102.51317596435547,91400.0
2023-05-29,106.0,108.0199966430664,104.4000015258789,107.66999816894531,106.75687408447266,499090.0
2023-05-30,108.73999786376953,108.80000305175781,106.0,106.70999908447266,105.80500793457031,215130.0
2023-05-31,107.95999908447266,116.4000015258789,104.80000305175781,113.47000122070312,112.50768280029297,2761455.0
2023-06-01,113.72000122070312,116.0,111.36000061035156,114.7300033569336,113.75699615478516,506065.0
2023-06-02,116.0,119.38999938964844,114.63999938964844,118.44000244140625,117.43553161621094,1133210.0
2023-06-05,120.4000015258789,134.9600067138672,120.4000015258789,129.3300018310547,128.23316955566406,5258115.0
2023-06-06,130.75999450683594,135.1999969482422,126.25,129.3699951171875,128.27284240722656,1667110.0
2023-06-07,130.32000732421875,133.52000427246094,124.58999633789062,125.12999725341797,124.06880187988281,1021895.0
2023-06-08,126.38999938964844,128.60000610351562,119.91000366210938,122.66000366210938,121.6197509765625,778825.0
2023-06-09,123.94999694824219,130.2899932861328,123.94999694824219,128.1199951171875,127.03343963623047,1645270.0
2023-06-12,129.24000549316406,130.8000030517578,128.44000244140625,129.5,128.4017333984375,540550.0
2023-06-13,130.35000610351562,131.11000061035156,127.19000244140625,128.7899932861328,127.69776916503906,351105.0
2023-06-14,130.60000610351562,148.35000610351562,130.32000732421875,142.8699951171875,141.65835571289062,5962575.0
2023-06-15,142.61000061035156,144.99000549316406,139.0,139.80999755859375,138.6243133544922,1337180.0
2023-06-16,140.5500030517578,142.39999389648438,136.5500030517578,138.69000244140625,137.5137939453125,742675.0
2023-06-19,139.50999450683594,140.75,137.2100067138672,138.3000030517578,137.12710571289062,299000.0
2023-06-20,138.89999389648438,148.36000061035156,136.60000610351562,143.69000244140625,142.47137451171875,1655250.0
2023-06-21,144.69000244140625,149.60000610351562,142.1999969482422,143.00999450683594,141.79718017578125,725945.0
2023-06-22,143.9600067138672,146.5800018310547,138.02000427246094,138.5800018310547,137.4047393798828,468800.0
2023-06-23,138.67999267578125,148.5,136.0500030517578,144.6199951171875,143.3935089111328,1233820.0
2023-06-26,145.67999267578125,152.69000244140625,144.64999389648438,148.13999938964844,146.88365173339844,1758380.0
2023-06-27,148.9600067138672,151.60000610351562,147.8000030517578,149.3300018310547,148.06356811523438,460170.0
2023-06-28,150.39999389648438,152.8000030517578,148.1999969482422,148.6699981689453,147.40916442871094,359260.0
2023-06-30,149.89999389648438,150.30999755859375,147.0500030517578,148.7100067138672,147.44882202148438,377245.0
2023-07-03,148.58999633789062,152.39999389648438,147.60000610351562,148.0,146.7448272705078,434650.0
2023-07-04,148.41000366210938,154.19000244140625,146.92999267578125,148.80999755859375,147.5479736328125,949350.0
2023-07-05,149.60000610351562,151.97000122070312,146.80999755859375,148.00999450683594,146.7547607421875,515930.0
2023-07-06,148.77999877929688,149.00999450683594,144.0,144.92999267578125,143.7008514404297,436870.0
2023-07-07,148.19000244140625,166.39999389648438,147.3300018310547,160.52000427246094,159.15867614746094,10437010.0
2023-07-10,163.52999877929688,169.8000030517578,160.60000610351562,164.69000244140625,163.29330444335938,2988505.0
2023-07-11,166.0,166.75999450683594,158.7100067138672,160.13999938964844,158.78187561035156,1016450.0
2023-07-12,160.8800048828125,162.63999938964844,158.9499969482422,160.64999389648438,159.2875518798828,607625.0
2023-07-13,161.75999450683594,164.50999450683594,156.3800048828125,160.85000610351562,159.48585510253906,729635.0
2023-07-14,161.60000610351562,163.36000061035156,160.24000549316406,161.83999633789062,160.46746826171875,398890.0
2023-07-17,162.97999572753906,166.0,159.60000610351562,160.92999267578125,159.565185546875,413895.0
2023-07-18,161.5800018310547,162.8000030517578,156.39999389648438,158.72000122070312,157.3739471435547,303840.0
2023-07-19,159.8800048828125,164.8000030517578,158.61000061035156,162.1699981689453,160.79466247558594,476940.0
2023-07-20,161.5500030517578,163.3800048828125,158.22999572753906,158.77000427246094,157.42352294921875,243235.0
2023-07-21,158.3699951171875,172.77999877929688,157.30999755859375,170.05999755859375,168.6177520751953,3288185.0
2023-07-24,172.0,178.1999969482422,169.41000366210938,173.3000030517578,171.8302764892578,1697130.0
2023-07-25,174.9600067138672,174.9600067138672,170.1999969482422,172.44000244140625,170.97756958007812,443885.0
2023-07-26,173.08999633789062,174.8000030517578,169.0,172.3699951171875,170.90814208984375,467300.0
2023-07-27,172.5,172.88999938964844,169.02000427246094,171.0500030517578,169.599365234375,361520.0
2023-07-28,171.10000610351562,171.5399932861328,167.7100067138672,170.52000427246094,169.07386779785156,391620.0
2023-07-31,171.19000244140625,179.8000030517578,170.22000122070312,176.4499969482422,174.95355224609375,1158385.0
2023-08-01,177.8000030517578,180.64999389648438,176.60000610351562,177.55999755859375,176.0541534423828,346975.0
2023-08-02,177.55999755859375,178.0,171.50999450683594,175.9600067138672,174.46771240234375,371305.0
2023-08-03,176.0,177.39999389648438,171.38999938964844,173.97999572753906,172.5045166015625,251010.0
2023-08-04,174.1999969482422,175.42999267578125,171.80999755859375,172.6999969482422,171.23536682128906,205845.0
2023-08-07,172.41000366210938,178.60000610351562,172.38999938964844,175.1999969482422,173.7141571044922,488695.0
2023-08-08,177.74000549316406,207.75999450683594,176.0,195.3699951171875,193.71310424804688,4255040.0
2023-08-09,209.39999389648438,221.0,204.39999389648438,206.94000244140625,205.18496704101562,8913425.0
2023-08-10,208.99000549316406,227.77999877929688,207.0,223.57000732421875,221.67393493652344,3337775.0
2023-08-11,228.60000610351562,232.6999969482422,223.57000732421875,225.88999938964844,223.97425842285156,2120220.0
2023-08-14,226.94000244140625,226.94000244140625,208.80999755859375,220.1699981689453,218.3027801513672,740260.0
2023-08-16,225.0,225.0,214.2100067138672,215.67999267578125,213.85084533691406,403905.0
2023-08-17,215.5800018310547,218.39999389648438,209.0,212.77000427246094,210.96554565429688,322645.0
2023-08-18,210.41000366210938,216.07000732421875,206.8000030517578,211.5399932861328,209.74594116210938,324220.0
2023-08-21,211.5399932861328,211.5399932861328,202.8800048828125,204.80999755859375,203.07302856445312,304145.0
2023-08-22,206.0,226.99000549316406,205.32000732421875,217.4499969482422,215.6058349609375,836185.0
2023-08-23,221.25,223.1199951171875,214.11000061035156,215.69000244140625,213.8607940673828,213625.0
2023-08-24,218.60000610351562,218.99000549316406,210.41000366210938,212.1199951171875,210.32106018066406,170665.0
2023-08-25,210.60000610351562,211.97999572753906,208.00999450683594,209.44000244140625,207.66378784179688,131250.0
2023-08-28,211.33999633789062,216.41000366210938,206.10000610351562,208.35000610351562,206.58302307128906,185560.0
2023-08-29,209.7899932861328,209.7899932861328,205.97000122070312,206.75999450683594,205.00648498535156,149565.0
2023-08-30,209.60000610351562,215.99000549316406,207.22999572753906,208.14999389648438,206.3847198486328,248850.0
2023-08-31,210.58999633789062,210.58999633789062,207.1199951171875,209.11000061035156,207.33656311035156,97765.0
2023-09-01,210.0,212.60000610351562,208.0,210.16000366210938,208.37767028808594,138695.0
2023-09-04,209.1999969482422,220.0,209.1999969482422,213.41000366210938,211.60012817382812,319840.0
2023-09-05,215.8000030517578,215.8000030517578,207.38999938964844,209.9600067138672,208.17938232421875,168570.0
2023-09-06,211.58999633789062,211.99000549316406,202.0399932861328,205.00999450683594,203.27133178710938,257470.0
2023-09-07,207.0,209.67999267578125,202.00999450683594,206.47000122070312,204.7189483642578,178755.0
2023-09-08,207.0,208.27000427246094,200.5800018310547,204.07000732421875,202.33932495117188,191115.0
2023-09-11,203.2100067138672,206.0,192.19000244140625,195.64999389648438,193.99070739746094,493530.0
2023-09-12,196.38999938964844,198.60000610351562,185.02000427246094,188.0500030517578,186.45518493652344,400855.0
2023-09-13,189.39999389648438,194.8000030517578,182.80999755859375,193.47000122070312,191.82920837402344,306420.0
2023-09-14,196.5399932861328,199.0,190.5,195.41000366210938,193.75279235839844,138505.0
2023-09-15,197.64999389648438,197.64999389648438,191.0,191.92999267578125,190.692626953125,104270.0
2023-09-18,193.38999938964844,194.55999755859375,188.22000122070312,189.3300018310547,188.10939025878906,158095.0
2023-09-20,187.10000610351562,191.86000061035156,187.0,189.11000061035156,187.89080810546875,159705.0
2023-09-21,187.8000030517578,193.2899932861328,184.27000427246094,185.50999450683594,184.3140106201172,164340.0
2023-09-22,187.1699981689453,190.1999969482422,185.0,188.5800018310547,187.3642120361328,113695.0
2023-09-25,189.75,199.0800018310547,189.41000366210938,194.61000061035156,193.35536193847656,269540.0
2023-09-26,195.86000061035156,196.60000610351562,191.10000610351562,193.00999450683594,191.76565551757812,92655.0
2023-09-27,194.36000061035156,204.60000610351562,191.41000366210938,201.25,199.9525604248047,274430.0
2023-09-28,206.0,212.10000610351562,203.24000549316406,208.0,206.65902709960938,586220.0
2023-09-29,210.8000030517578,213.97999572753906,208.00999450683594,209.17999267578125,207.83139038085938,244135.0
2023-10-03,213.00999450683594,214.0,210.0,210.75,209.3912811279297,163685.0
2023-10-04,211.0,211.0,206.00999450683594,207.2899932861328,205.95359802246094,187170.0
2023-10-05,211.1999969482422,212.69000244140625,208.0,210.0500030517578,208.69581604003906,132765.0
2023-10-06,211.57000732421875,213.58999633789062,210.0,211.80999755859375,210.4444580078125,115345.0
2023-10-09,204.80999755859375,208.0,200.63999938964844,201.1999969482422,199.90286254882812,243520.0
2023-10-10,204.11000061035156,207.74000549316406,203.7899932861328,206.55999755859375,205.22830200195312,111685.0
2023-10-11,207.60000610351562,209.0,205.50999450683594,207.41000366210938,206.07281494140625,106375.0
2023-10-12,207.97000122070312,213.0,207.97000122070312,209.22000122070312,207.87115478515625,115890.0
2023-10-13,208.38999938964844,222.57000732421875,205.39999389648438,213.9600067138672,212.58059692382812,567000.0
2023-10-16,215.75999450683594,222.19000244140625,215.75999450683594,218.11000061035156,216.70384216308594,325135.0
2023-10-17,218.1999969482422,228.0,218.1999969482422,225.05999755859375,223.60902404785156,489940.0
2023-10-18,229.60000610351562,231.5800018310547,225.25,228.63999938964844,227.16595458984375,374120.0
2023-10-19,229.60000610351562,230.0,223.3800048828125,227.0,225.53652954101562,195135.0
2023-10-20,226.97999572753906,228.8000030517578,220.39999389648438,221.22999572753906,219.8037109375,179165.0
2023-10-23,222.60000610351562,223.5,204.25999450683594,206.19000244140625,204.86068725585938,310340.0
2023-10-25,210.0,214.72999572753906,193.24000549316406,198.08999633789062,196.8129119873047,470905.0
2023-10-26,196.41000366210938,211.94000244140625,191.00999450683594,209.52999877929688,208.1791534423828,413810.0
2023-10-27,213.3000030517578,251.4499969482422,213.3000030517578,251.4499969482422,249.8289031982422,1099136.0
2023-10-30,263.0,264.0,232.10000610351562,236.10000610351562,234.57786560058594,1154833.0
2023-10-31,243.14999389648438,245.35000610351562,225.89999389648438,227.64999389648438,226.1823272705078,480524.0
2023-11-01,230.0,230.0,217.0,218.75,217.33970642089844,302434.0
2023-11-02,219.9499969482422,235.0,217.0,227.0,225.53652954101562,646832.0
2023-11-03,232.85000610351562,234.5500030517578,228.6999969482422,230.25,228.7655792236328,222667.0
2023-11-06,233.25,238.25,230.10000610351562,231.6999969482422,230.20623779296875,275119.0
2023-11-07,233.6999969482422,235.0,227.60000610351562,233.0500030517578,231.5475311279297,167409.0
2023-11-08,234.5500030517578,247.6999969482422,230.9499969482422,240.6999969482422,239.14820861816406,649489.0
2023-11-09,244.9499969482422,253.85000610351562,240.0,241.1999969482422,239.64498901367188,467941.0
2023-11-10,242.6999969482422,243.8000030517578,235.39999389648438,238.64999389648438,237.11141967773438,153848.0
2023-11-13,243.5,251.0,241.25,245.8000030517578,244.21533203125,258480.0
2023-11-15,247.25,253.0,241.5,243.75,242.17852783203125,196459.0
2023-11-16,244.89999389648438,244.9499969482422,235.10000610351562,236.89999389648438,235.37271118164062,177856.0
2023-11-17,235.5,241.85000610351562,234.0,234.75,233.23655700683594,150372.0
2023-11-20,253.4499969482422,281.70001220703125,250.0,281.70001220703125,279.8838806152344,2795304.0
2023-11-21,296.6000061035156,333.0,296.6000061035156,323.6499938964844,321.56341552734375,3776745.0
2023-11-22,335.5,346.95001220703125,308.3500061035156,314.04998779296875,312.0252685546875,1798626.0
2023-11-23,315.0,323.0,303.04998779296875,313.45001220703125,311.4291687011719,498669.0
2023-11-24,318.8999938964844,318.8999938964844,305.0,306.75,304.7723693847656,252623.0
2023-11-28,312.8999938964844,315.0,299.0,303.95001220703125,302.1875,206236.0
2023-11-29,303.95001220703125,310.0,290.0,293.8500061035156,292.1460266113281,117752.0
2023-11-30,287.29998779296875,297.95001220703125,282.0,291.1000061035156,289.4119873046875,127527.0
2023-12-01,298.0,302.0,288.0,297.8500061035156,296.1228332519531,79350.0
2023-12-04,308.79998779296875,310.0,295.0,303.04998779296875,301.292724609375,161147.0
2023-12-05,305.0,305.0,287.8999938964844,297.45001220703125,295.72515869140625,168588.0
2023-12-06,296.79998779296875,301.8999938964844,288.0,296.8500061035156,295.1286315917969,83264.0
2023-12-07,296.45001220703125,303.0,293.25,300.70001220703125,298.9563293457031,91695.0
2023-12-08,300.8999938964844,305.0,299.0,301.54998779296875,299.8013610839844,84877.0
2023-12-11,307.0,308.0,300.0,302.70001220703125,300.94476318359375,66240.0
2023-12-12,307.6499938964844,309.95001220703125,305.0,306.95001220703125,305.17010498046875,101319.0
2023-12-13,312.79998779296875,314.0,307.0,309.45001220703125,307.65557861328125,91758.0
2023-12-14,313.95001220703125,313.95001220703125,303.0,304.04998779296875,302.286865234375,83298.0
2023-12-15,306.70001220703125,309.8999938964844,301.0,304.95001220703125,303.1816711425781,43520.0
2023-12-18,307.75,308.0,301.0,302.54998779296875,300.7955627441406,58993.0
2023-12-19,302.0,306.0,299.04998779296875,299.8500061035156,298.1112976074219,59426.0
2023-12-20,300.0,304.0,285.0,288.70001220703125,287.0259094238281,98476.0
2023-12-21,285.04998779296875,299.95001220703125,275.1000061035156,296.79998779296875,295.0788879394531,88834.0
2023-12-22,301.0,306.0,300.0,303.6000061035156,301.8395080566406,76739.0
2023-12-26,311.0,314.0,300.0,303.95001220703125,302.1875,90515.0
2023-12-27,306.79998779296875,306.79998779296875,296.0,300.20001220703125,298.459228515625,59542.0
2023-12-28,301.0,304.70001220703125,297.0,299.1000061035156,297.3656005859375,48404.0
2023-12-29,300.0,303.0,294.5,298.8999938964844,297.166748046875,59935.0
2024-01-01,299.95001220703125,302.0,289.0,295.1000061035156,293.3887939453125,137850.0
2024-01-02,295.1000061035156,296.70001220703125,288.0,293.29998779296875,291.5992126464844,90233.0
2024-01-03,294.0,300.0,291.04998779296875,298.95001220703125,297.21649169921875,110459.0
2024-01-04,304.95001220703125,306.0,300.04998779296875,302.3999938964844,300.646484375,75298.0
2024-01-05,304.0,304.8999938964844,296.5,300.0,298.2603454589844,50370.0
2024-01-08,296.29998779296875,299.75,292.54998779296875,295.8999938964844,294.18414306640625,75460.0
2024-01-09,298.75,308.0,295.0,296.45001220703125,294.7309875488281,54911.0
2024-01-10,292.3999938964844,295.0,287.0,289.5,287.8212890625,99568.0
2024-01-11,289.75,293.3999938964844,285.1000061035156,289.5,287.8212890625,74779.0
2024-01-12,290.29998779296875,290.29998779296875,286.04998779296875,288.79998779296875,287.1253356933594,54429.0
2024-01-15,290.0,291.0,286.5,287.8999938964844,286.23052978515625,68872.0
2024-01-16,288.0,294.95001220703125,285.0,287.95001220703125,286.2802429199219,92850.0
2024-01-17,285.0,288.0,282.3999938964844,284.3999938964844,282.7508239746094,49298.0
2024-01-18,285.0,290.0,270.20001220703125,281.0,279.37054443359375,60232.0
2024-01-19,280.54998779296875,291.8999938964844,275.0,281.6499938964844,280.01678466796875,42737.0
2024-01-23,273.0,278.5,264.6000061035156,265.95001220703125,264.4078063964844,144011.0
2024-01-24,266.0,270.0,260.0,261.04998779296875,259.53619384765625,99016.0
2024-01-25,261.04998779296875,274.1000061035156,258.04998779296875,274.1000061035156,272.5105895996094,73190.0
2024-01-29,284.0,284.0,269.0,270.3999938964844,268.8320007324219,76262.0
2024-01-30,269.95001220703125,282.6000061035156,263.8500061035156,271.45001220703125,269.87591552734375,68053.0
2024-01-31,278.0,280.0,266.25,277.6000061035156,275.99029541015625,70663.0
2024-02-01,279.95001220703125,279.95001220703125,270.6000061035156,273.04998779296875,271.46661376953125,28572.0
2024-02-02,279.29998779296875,279.29998779296875,268.04998779296875,269.25,267.68865966796875,46410.0
2024-02-05,272.8500061035156,275.0,267.6000061035156,272.6499938964844,271.0689392089844,64916.0
2024-02-06,275.45001220703125,279.0,271.0,272.29998779296875,270.7209777832031,49095.0
2024-02-07,276.6499938964844,285.8999938964844,270.0,285.8999938964844,284.24212646484375,118476.0
2024-02-08,299.79998779296875,300.1499938964844,294.0,300.04998779296875,298.3100891113281,286637.0
2024-02-09,308.0,309.29998779296875,285.04998779296875,287.1499938964844,285.48486328125,212457.0
2024-02-12,291.95001220703125,292.5,272.79998779296875,275.79998779296875,274.20068359375,101515.0
2024-02-13,277.95001220703125,284.95001220703125,267.0,278.75,277.13360595703125,71814.0
2024-02-14,278.04998779296875,292.6000061035156,271.0,289.04998779296875,287.3738708496094,132543.0
2024-02-15,289.04998779296875,294.8999938964844,283.0,285.5,283.8444519042969,58001.0
2024-02-16,283.0,291.95001220703125,276.0,284.8500061035156,283.1982421875,75098.0
2024-02-19,287.79998779296875,299.04998779296875,284.0,298.0,296.27197265625,173653.0
2024-02-20,300.0,304.79998779296875,298.1000061035156,300.5,298.75750732421875,159883.0
2024-02-21,300.95001220703125,303.8999938964844,290.0,292.3500061035156,290.6547546386719,58443.0
2024-02-22,296.0,296.5,285.0,291.3500061035156,289.6605224609375,48715.0
2024-02-23,291.95001220703125,292.79998779296875,281.1499938964844,290.8999938964844,289.213134765625,68138.0
2024-02-26,291.95001220703125,292.0,285.25,287.25,285.5843200683594,63437.0
2024-02-27,289.8500061035156,289.95001220703125,281.79998779296875,283.1000061035156,281.4583435058594,33257.0
2024-02-28,280.25,287.3999938964844,273.0,281.0,279.37054443359375,54952.0
2024-02-29,275.25,279.95001220703125,269.8500061035156,272.8500061035156,271.2677917480469,79725.0
2024-03-01,275.95001220703125,284.0,273.0,277.95001220703125,276.3382263183594,60594.0
2024-03-04,289.0,289.0,273.1000061035156,277.5,275.89080810546875,97205.0
2024-03-05,277.5,279.75,271.8500061035156,272.29998779296875,270.7209777832031,69198.0
2024-03-06,271.04998779296875,274.70001220703125,265.0,269.1000061035156,267.5395812988281,67677.0
2024-03-07,265.1000061035156,271.0,262.0,263.29998779296875,261.7731628417969,86856.0
2024-03-11,268.79998779296875,268.79998779296875,251.0,253.3000030517578,251.83116149902344,142414.0
2024-03-12,251.0,251.0,240.64999389648438,241.64999389648438,240.24871826171875,174775.0
2024-03-13,232.0,247.1999969482422,229.60000610351562,229.60000610351562,228.26861572265625,183537.0
2024-03-14,222.0,241.0500030517578,220.1999969482422,241.0500030517578,239.6522216796875,222230.0
2024-03-15,252.0,253.10000610351562,239.5500030517578,251.75,250.2901611328125,106248.0
2024-03-18,256.6000061035156,256.6000061035156,252.0,254.4499969482422,252.97450256347656,47101.0
2024-03-19,250.10000610351562,254.9499969482422,241.89999389648438,245.3000030517578,243.8775634765625,99341.0
2024-03-20,245.0,249.3000030517578,233.0500030517578,238.60000610351562,237.21641540527344,135685.0
2024-03-21,245.0500030517578,249.75,239.0,240.60000610351562,239.20481872558594,84310.0
2024-03-22,245.0,245.0,237.9499969482422,239.0,237.6140899658203,130431.0
2024-03-26,244.0,245.0,235.0,236.3000030517578,234.92974853515625,95272.0
2024-03-27,232.14999389648438,248.10000610351562,232.14999389648438,248.10000610351562,246.66131591796875,93921.0
2024-03-28,254.0,260.5,254.0,260.5,258.9894104003906,42354.0
2024-04-01,273.5,273.5,268.5,273.5,271.9140319824219,63513.0
2024-04-02,281.0,287.1499938964844,273.0,274.3999938964844,272.8088073730469,120439.0
2024-04-03,274.3999938964844,278.0,265.0,270.29998779296875,268.7325744628906,72144.0
2024-04-04,270.29998779296875,277.8999938964844,268.1000061035156,275.3999938964844,273.8030090332031,57911.0
2024-04-05,274.3999938964844,274.3999938964844,262.0,270.54998779296875,268.98114013671875,56616.0
2024-04-08,270.54998779296875,273.0,265.20001220703125,270.1000061035156,268.5337829589844,38250.0
2024-04-09,270.1499938964844,276.5,267.0,271.8999938964844,270.3233337402344,61656.0
2024-04-10,279.0,283.95001220703125,272.0,278.54998779296875,276.93475341796875,106421.0
2024-04-12,292.0,292.0,285.0,288.3999938964844,286.7276306152344,227882.0
2024-04-15,280.0,286.0,274.0,281.20001220703125,279.56939697265625,107020.0
2024-04-16,274.95001220703125,282.25,274.0,280.6000061035156,278.9728698730469,48666.0
2024-04-18,294.6000061035156,294.6000061035156,294.6000061035156,294.6000061035156,292.89166259765625,101816.0
2024-04-19,298.0,309.29998779296875,296.0,309.29998779296875,307.5064697265625,465980.0
2024-04-22,324.75,324.75,300.0,305.29998779296875,303.5296325683594,474860.0
2024-04-23,312.95001220703125,314.70001220703125,290.04998779296875,295.45001220703125,293.7367858886719,259040.0
2024-04-24,300.0,305.0,294.6499938964844,299.6000061035156,297.8627014160156,147304.0
2024-04-25,297.0,303.54998779296875,297.0,299.0,297.2661437988281,112247.0
2024-04-26,302.8500061035156,302.8500061035156,295.1499938964844,295.75,294.0350036621094,87206.0
2024-04-29,295.75,299.95001220703125,291.0,293.25,291.5495300292969,82933.0
2024-04-30,295.20001220703125,297.75,292.0,293.3500061035156,291.64892578125,77676.0
2024-05-02,295.0,300.0,291.25,293.29998779296875,291.5992126464844,79307.0
2024-05-03,300.0,307.95001220703125,300.0,307.95001220703125,306.164306640625,351235.0
2024-05-06,313.0,316.29998779296875,294.5,298.20001220703125,296.4707946777344,153136.0
2024-05-07,300.04998779296875,303.1000061035156,284.1499938964844,291.5,289.8096618652344,96644.0
2024-05-08,290.1000061035156,295.0,287.29998779296875,290.20001220703125,288.5172119140625,43668.0
2024-05-09,294.0,296.8999938964844,280.04998779296875,284.20001220703125,282.552001953125,58991.0
2024-05-10,285.54998779296875,292.0,284.5,290.6499938964844,288.9645690917969,39264.0
2024-05-13,293.0,300.1499938964844,282.04998779296875,287.79998779296875,286.131103515625,88937.0
2024-05-14,293.1499938964844,295.04998779296875,286.79998779296875,291.04998779296875,289.3622741699219,56234.0
2024-05-15,287.54998779296875,298.0,287.3500061035156,297.1000061035156,295.3771667480469,70324.0
2024-05-16,298.79998779296875,304.95001220703125,298.0,300.1000061035156,298.35980224609375,82232.0
2024-05-17,303.0,305.0,294.54998779296875,304.29998779296875,302.53546142578125,164913.0
2024-05-21,313.0,322.6000061035156,308.8999938964844,314.8999938964844,313.0739440917969,369973.0
2024-05-22,320.0,351.0,315.75,334.29998779296875,332.3614807128906,2159211.0
2024-05-23,338.0,351.0,316.79998779296875,319.25,317.39874267578125,685673.0
2024-05-24,316.0,317.29998779296875,295.45001220703125,296.6499938964844,294.9298095703125,635073.0
2024-05-27,300.3500061035156,303.0,291.0,291.5,289.8096618652344,273070.0
2024-05-28,293.95001220703125,295.20001220703125,287.0,287.6499938964844,285.98199462890625,129334.0
2024-05-29,287.0,293.0,276.6000061035156,277.8500061035156,276.2388000488281,310671.0
2024-05-30,277.0,296.0,275.0,287.95001220703125,286.2802429199219,273292.0
2024-05-31,291.5,292.95001220703125,284.70001220703125,287.79998779296875,286.131103515625,84134.0
2024-06-03,300.0,300.0,284.3500061035156,287.1499938964844,285.48486328125,155091.0
2024-06-04,284.79998779296875,285.04998779296875,254.35000610351562,270.54998779296875,268.98114013671875,360902.0
2024-06-05,255.60000610351562,285.0,255.60000610351562,276.75,275.1451721191406,225115.0
2024-06-06,280.0,291.3999938964844,280.0,289.25,287.57269287109375,92135.0
2024-06-07,289.0,309.79998779296875,286.20001220703125,301.8500061035156,300.09967041015625,662438.0
2024-06-10,308.8500061035156,309.79998779296875,296.1000061035156,297.25,295.5263366699219,166947.0
2024-06-11,299.8999938964844,304.8999938964844,295.54998779296875,300.54998779296875,298.8071594238281,178008.0
2024-06-12,302.95001220703125,308.1499938964844,302.8500061035156,305.95001220703125,304.1759033203125,194851.0
2024-06-13,309.8999938964844,322.0,309.1499938964844,318.25,316.4045104980469,654233.0
2024-06-14,320.3999938964844,323.8999938964844,310.3500061035156,315.25,313.42193603515625,319685.0
2024-06-18,318.25,328.20001220703125,316.54998779296875,319.3500061035156,317.4981689453125,426841.0
2024-06-19,329.0,331.95001220703125,318.5,322.5,320.6298828125,457182.0
2024-06-20,323.3999938964844,335.0,323.0,324.29998779296875,322.41943359375,265194.0
2024-06-21,327.0,334.6000061035156,322.95001220703125,325.6000061035156,323.7119445800781,291804.0
2024-06-24,325.04998779296875,328.75,318.3500061035156,324.3500061035156,322.4691467285156,185036.0
2024-06-25,326.5,331.45001220703125,318.0,318.3999938964844,316.5536804199219,163045.0
2024-06-26,320.0,324.8500061035156,316.5,321.75,319.8842468261719,224059.0
2024-06-27,322.0,326.0,313.5,316.95001220703125,315.1120910644531,171793.0
2024-06-28,317.6000061035156,319.70001220703125,310.0,311.54998779296875,309.7433776855469,120193.0
2024-07-01,316.20001220703125,322.6499938964844,309.8999938964844,321.3500061035156,319.4865417480469,174214.0
2024-07-02,330.0,346.1000061035156,327.8500061035156,336.0,334.0516357421875,1340069.0
2024-07-03,341.5,345.3999938964844,336.0,344.25,342.2537536621094,556995.0
2024-07-04,348.45001220703125,360.0,335.0,336.3500061035156,334.3995666503906,880609.0
2024-07-05,336.3500061035156,345.75,330.1499938964844,340.45001220703125,338.4757995605469,343904.0
2024-07-08,344.0,344.0,332.04998779296875,340.0,338.0284423828125,230475.0
2024-07-09,341.8500061035156,354.3999938964844,334.5,338.1499938964844,336.18914794921875,327990.0
2024-07-10,341.0,383.95001220703125,321.1499938964844,373.29998779296875,371.13531494140625,4785745.0
2024-07-11,381.70001220703125,395.6000061035156,367.70001220703125,370.0,367.85443115234375,1816102.0
2024-07-12,373.8500061035156,377.79998779296875,362.20001220703125,366.54998779296875,364.4244384765625,839860.0
2024-07-15,369.79998779296875,369.79998779296875,354.0,359.79998779296875,357.713623046875,328506.0
2024-07-16,359.8999938964844,373.0,356.04998779296875,357.70001220703125,355.6257629394531,352718.0
2024-07-18,357.0,371.0,346.70001220703125,363.54998779296875,361.4418640136719,690074.0
2024-07-19,363.8999938964844,363.8999938964844,346.3500061035156,349.29998779296875,347.27447509765625,401747.0
2024-07-22,351.54998779296875,365.0,342.0,358.20001220703125,356.1229248046875,428533.0
2024-07-23,361.0,362.0,331.3500061035156,356.8500061035156,354.7807312011719,306394.0
2024-07-24,356.8999938964844,374.79998779296875,355.75,372.1000061035156,369.9422912597656,465811.0
2024-07-25,367.0,374.5,361.0,364.45001220703125,362.336669921875,224824.0
2024-07-26,366.8500061035156,381.6499938964844,360.0,361.3500061035156,359.254638671875,643438.0
2024-07-29,365.0,370.0,355.79998779296875,361.1000061035156,359.006103515625,234913.0
2024-07-30,362.0,368.3999938964844,359.5,367.20001220703125,365.0707092285156,151391.0
2024-07-31,376.0,395.79998779296875,376.0,389.75,387.48992919921875,2209249.0
2024-08-01,392.6499938964844,393.6499938964844,370.8999938964844,372.5,370.3399353027344,456035.0
2024-08-02,368.0,382.75,366.04998779296875,373.95001220703125,371.78155517578125,309565.0
2024-08-05,352.0,366.3999938964844,346.79998779296875,349.5,347.47332763671875,495843.0
2024-08-06,358.20001220703125,367.6000061035156,346.5,348.54998779296875,346.52886962890625,243792.0
2024-08-07,355.0,369.0,335.6499938964844,352.70001220703125,350.6547546386719,1141688.0
2024-08-08,347.3999938964844,355.1000061035156,345.25,348.3999938964844,346.37969970703125,203598.0
2024-08-09,350.0,362.75,350.0,356.1000061035156,354.03509521484375,361879.0
2024-08-12,353.0,356.0,348.0,350.1499938964844,348.1195373535156,143265.0
2024-08-13,356.0,359.45001220703125,343.0,346.0,343.99365234375,253281.0
2024-08-14,346.0,346.29998779296875,336.54998779296875,339.1000061035156,337.1336669921875,161081.0
2024-08-16,340.3999938964844,350.79998779296875,340.1000061035156,347.29998779296875,345.28607177734375,133763.0
2024-08-19,349.3999938964844,352.5,346.1499938964844,348.6000061035156,346.57855224609375,141222.0
2024-08-20,350.0,362.1499938964844,350.0,358.20001220703125,356.1229248046875,257188.0
2024-08-21,359.75,366.3999938964844,356.1499938964844,358.3999938964844,356.32171630859375,233749.0
2024-08-22,360.20001220703125,363.54998779296875,355.1000061035156,358.1499938964844,356.0731506347656,139885.0
2024-08-23,361.8999938964844,364.95001220703125,355.0,358.75,356.669677734375,156200.0
2024-08-26,365.0,369.8999938964844,349.45001220703125,350.75,348.71612548828125,245138.0
2024-08-27,350.75,357.3999938964844,349.79998779296875,351.95001220703125,349.9091491699219,129736.0
2024-08-28,352.0,359.95001220703125,348.0,351.95001220703125,349.9091491699219,163246.0
2024-08-29,352.95001220703125,356.0,343.0,345.70001220703125,343.6954040527344,200186.0
2024-08-30,347.0,352.79998779296875,343.25,350.3500061035156,348.3184509277344,107372.0
2024-09-02,351.1000061035156,352.5,341.0,342.0,340.0168151855469,125301.0
2024-09-03,344.0,344.95001220703125,338.1499938964844,339.8500061035156,337.8792724609375,85074.0
2024-09-04,334.75,344.04998779296875,334.0,340.75,338.7740478515625,139371.0
2024-09-05,342.79998779296875,350.20001220703125,341.0,343.8999938964844,341.90582275390625,105520.0
2024-09-06,343.8999938964844,345.6499938964844,336.0,337.29998779296875,335.34405517578125,172344.0
2024-09-09,339.0,339.0,325.0,328.20001220703125,326.296875,136076.0
2024-09-10,329.0,336.0,328.5,331.79998779296875,329.87591552734375,107544.0
2024-09-11,334.70001220703125,349.0,328.29998779296875,341.6499938964844,339.6688537597656,342510.0
2024-09-12,343.79998779296875,349.3999938964844,341.0,345.6499938964844,343.6456604003906,136257.0
2024-09-13,345.25,345.29998779296875,335.0,335.8500061035156,333.9024963378906,136014.0
2024-09-16,338.79998779296875,340.1000061035156,331.1000061035156,333.0,331.0690002441406,90609.0
2024-09-17,337.5,337.5,331.54998779296875,336.04998779296875,334.6037292480469,70827.0
2024-09-18,338.54998779296875,342.6499938964844,335.5,337.45001220703125,335.99774169921875,88744.0
2024-09-19,341.5,343.54998779296875,331.6000061035156,334.75,333.309326171875,94233.0
2024-09-20,339.25,342.95001220703125,334.1000061035156,340.1000061035156,338.63629150390625,88175.0
2024-09-23,340.1000061035156,351.04998779296875,335.3999938964844,347.6499938964844,346.1537780761719,115160.0
2024-09-24,354.0,354.0,338.1000061035156,341.29998779296875,339.8311462402344,128551.0
2024-09-25,342.0,348.0,336.45001220703125,337.8500061035156,336.39599609375,68039.0
2024-09-26,339.0,339.79998779296875,334.79998779296875,335.54998779296875,334.1058654785156,43846.0
2024-09-27,337.0,339.20001220703125,333.0,333.95001220703125,332.51275634765625,55973.0
2024-09-30,335.1000061035156,338.79998779296875,329.1000061035156,331.29998779296875,329.8741760253906,68154.0
2024-10-01,331.29998779296875,336.6499938964844,329.5,331.70001220703125,330.2724609375,62242.0
2024-10-03,320.6000061035156,330.0,320.0,320.8500061035156,319.4691467285156,114273.0
2024-10-04,320.8500061035156,331.45001220703125,312.0,317.3500061035156,315.9842224121094,102508.0
2024-10-07,315.04998779296875,326.04998779296875,300.0,301.79998779296875,300.5011291503906,169071.0
2024-10-08,301.79998779296875,325.0,299.0,321.54998779296875,320.1661071777344,94345.0
2024-10-09,325.0,329.8500061035156,323.29998779296875,326.45001220703125,325.0450439453125,72767.0
2024-10-10,326.70001220703125,327.79998779296875,321.0,323.29998779296875,321.9085693359375,52341.0
2024-10-11,323.29998779296875,324.1000061035156,316.6000061035156,319.54998779296875,318.17474365234375,45710.0
2024-10-14,319.95001220703125,323.79998779296875,315.0,317.04998779296875,315.68548583984375,53719.0
2024-10-15,317.1499938964844,318.1499938964844,310.0,311.8500061035156,310.50787353515625,62357.0
2024-10-16,311.8500061035156,319.70001220703125,309.0,316.79998779296875,315.4365539550781,99211.0
2024-10-17,318.0,318.0,304.1000061035156,308.6499938964844,307.3216552734375,102537.0
2024-10-18,312.8500061035156,312.8500061035156,301.1499938964844,305.1499938964844,303.83673095703125,85797.0
2024-10-21,305.1499938964844,312.0,292.25,293.29998779296875,292.0377197265625,106867.0
2024-10-22,302.0,342.0,294.0,313.79998779296875,312.449462890625,2581567.0
2024-10-23,306.70001220703125,316.8999938964844,301.0,309.8500061035156,308.5165100097656,232566.0
2024-10-24,312.0,314.04998779296875,305.0,305.8500061035156,304.5337219238281,70558.0
2024-10-25,306.6499938964844,306.70001220703125,293.45001220703125,297.79998779296875,296.518310546875,109061.0
2024-10-28,298.45001220703125,300.04998779296875,290.5,297.1499938964844,295.8711242675781,117918.0
2024-10-29,299.95001220703125,310.8500061035156,299.1000061035156,301.20001220703125,299.9037170410156,136972.0
2024-10-30,301.45001220703125,320.0,300.54998779296875,312.8500061035156,311.5035705566406,136278.0
2024-10-31,308.0,314.75,308.0,312.25,310.9061584472656,41071.0
2024-11-01,318.0,318.0,311.8500061035156,314.1499938964844,312.7979736328125,22133.0
2024-11-04,314.1000061035156,314.1000061035156,303.1000061035156,305.45001220703125,304.13543701171875,70801.0
2024-11-05,304.5,308.54998779296875,301.3500061035156,304.75,303.4384460449219,47155.0
2024-11-06,305.0,311.20001220703125,303.0,310.6000061035156,309.2632751464844,75314.0
2024-11-07,310.6000061035156,316.95001220703125,301.6499938964844,306.5,305.1809387207031,87614.0
2024-11-08,307.3999938964844,308.3999938964844,300.0,301.95001220703125,300.6505126953125,60920.0
2024-11-11,301.79998779296875,303.5,296.79998779296875,298.75,297.4642639160156,49181.0
2024-11-12,298.0,301.45001220703125,293.0,294.1499938964844,292.8840637207031,45583.0
2024-11-13,294.1499938964844,294.95001220703125,280.0,281.29998779296875,280.08935546875,91638.0
2024-11-14,281.29998779296875,325.95001220703125,280.70001220703125,312.95001220703125,311.6031494140625,587882.0
2024-11-18,306.95001220703125,307.6499938964844,289.20001220703125,292.79998779296875,291.53985595703125,201070.0
2024-11-19,290.0,306.6000061035156,290.0,295.79998779296875,294.5269470214844,110488.0
2024-11-21,291.3500061035156,294.8999938964844,286.3500061035156,289.29998779296875,288.0549011230469,84435.0
2024-11-22,290.1000061035156,293.1499938964844,288.29998779296875,289.8999938964844,288.6523132324219,54612.0
2024-11-25,293.79998779296875,297.45001220703125,285.0,288.0,286.7605285644531,107065.0
2024-11-26,289.29998779296875,300.8500061035156,287.8500061035156,299.1000061035156,297.8127746582031,79224.0
2024-11-27,314.04998779296875,344.0,314.04998779296875,331.54998779296875,330.1230773925781,2147737.0
2024-11-28,332.95001220703125,335.0,325.0,327.3999938964844,325.990966796875,292804.0
2024-11-29,327.3999938964844,327.3999938964844,315.8999938964844,320.1000061035156,318.9172058105469,145494.0
2024-12-02,321.54998779296875,327.0,317.29998779296875,325.1499938964844,323.94854736328125,116026.0
2024-12-03,323.04998779296875,329.79998779296875,323.0,327.45001220703125,326.24005126953125,87048.0
2024-12-04,327.5,329.95001220703125,322.0,326.8999938964844,325.69207763671875,79424.0
2024-12-05,331.6499938964844,332.8500061035156,325.0,327.6000061035156,326.3895263671875,66990.0
2024-12-06,326.1000061035156,334.0,325.0,330.70001220703125,329.4780578613281,102710.0
2024-12-09,334.6000061035156,338.3999938964844,330.0,331.54998779296875,330.32489013671875,89467.0
2024-12-10,334.8500061035156,339.79998779296875,328.3500061035156,335.29998779296875,334.06103515625,143034.0
2024-12-11,338.0,352.70001220703125,332.04998779296875,343.6000061035156,342.33038330078125,385691.0
2024-12-12,345.54998779296875,345.6000061035156,336.29998779296875,338.20001220703125,336.9503479003906,93022.0
2024-12-13,339.8500061035156,345.1499938964844,325.1000061035156,342.3999938964844,341.1347961425781,171623.0
2024-12-16,342.3999938964844,343.8500061035156,331.0,334.1499938964844,332.915283203125,117401.0
2024-12-17,336.0,336.0,330.0,330.95001220703125,329.72711181640625,54303.0
2024-12-18,330.95001220703125,331.70001220703125,322.3999938964844,324.8500061035156,323.6496276855469,54343.0
2024-12-19,320.79998779296875,338.0,316.3500061035156,331.0,329.77691650390625,90060.0
2024-12-20,331.8500061035156,331.8500061035156,315.0,317.70001220703125,316.5260925292969,76180.0
2024-12-23,317.95001220703125,321.0,309.79998779296875,317.20001220703125,316.0279235839844,69766.0
2024-12-24,315.54998779296875,318.3500061035156,310.3500061035156,313.45001220703125,312.29180908203125,40016.0
2024-12-26,313.8999938964844,314.8500061035156,306.04998779296875,307.29998779296875,306.16448974609375,52642.0
2024-12-27,304.5,313.29998779296875,303.79998779296875,308.1000061035156,306.9615478515625,48317.0
2024-12-30,305.29998779296875,307.20001220703125,299.0,299.8500061035156,298.7420349121094,62976.0
2024-12-31,297.8500061035156,304.95001220703125,294.70001220703125,299.3999938964844,298.2936706542969,137248.0
2025-01-01,297.0,307.0,296.75,304.25,303.125732421875,61696.0
2025-01-02,306.79998779296875,325.8500061035156,306.79998779296875,317.3500061035156,316.1773681640625,238793.0
2025-01-03,318.3999938964844,321.29998779296875,316.04998779296875,318.25,317.07403564453125,56509.0
2025-01-06,319.04998779296875,319.04998779296875,296.79998779296875,300.20001220703125,299.0907287597656,139267.0
2025-01-07,301.04998779296875,308.0,300.8500061035156,305.8999938964844,304.7696533203125,53512.0
2025-01-08,314.8500061035156,314.8500061035156,299.25,308.1000061035156,306.9615478515625,79563.0
2025-01-09,308.1000061035156,310.8999938964844,297.0,299.3999938964844,298.2936706542969,62421.0
2025-01-10,301.0,301.25,285.6000061035156,289.3999938964844,288.33062744140625,130408.0
2025-01-13,282.1499938964844,288.75,270.1000061035156,273.5,272.4893798828125,135743.0
2025-01-14,276.70001220703125,295.0,275.0,287.8500061035156,286.786376953125,70962.0
2025-01-15,287.0,292.3500061035156,282.8500061035156,284.95001220703125,283.8970947265625,58873.0
2025-01-16,289.1000061035156,292.75,285.6000061035156,288.5,287.4339599609375,41737.0
2025-01-17,290.8999938964844,293.3999938964844,286.0,291.25,290.1737976074219,36062.0
2025-01-20,295.5,295.5,286.0,289.25,288.1811828613281,39796.0
2025-01-21,291.45001220703125,292.29998779296875,281.25,283.20001220703125,282.153564453125,45257.0
2025-01-22,283.20001220703125,286.29998779296875,273.95001220703125,284.6000061035156,283.5483703613281,83738.0
2025-01-23,286.1000061035156,292.3999938964844,280.1499938964844,288.95001220703125,287.88232421875,38393.0
2025-01-24,287.25,287.8500061035156,278.0,280.3500061035156,279.3140869140625,51485.0
2025-01-27,276.1499938964844,278.0,262.6000061035156,270.0,269.0023193359375,97572.0
2025-01-28,270.1000061035156,292.3999938964844,270.1000061035156,279.0,277.9690856933594,320931.0
2025-01-29,277.0,295.0,276.8999938964844,292.6499938964844,291.5686340332031,95533.0
2025-01-30,291.04998779296875,292.6000061035156,284.29998779296875,288.54998779296875,287.4837951660156,27860.0
2025-01-31,290.1000061035156,290.1000061035156,285.0,286.6000061035156,285.5409851074219,41522.0
2025-02-01,291.0,294.1000061035156,282.20001220703125,290.45001220703125,289.37677001953125,37968.0
2025-02-03,289.25,291.0,285.0,288.1000061035156,287.0354309082031,25612.0
2025-02-04,286.20001220703125,294.6499938964844,283.0,289.29998779296875,288.2309875488281,32581.0
2025-02-05,292.8999938964844,294.54998779296875,288.1000061035156,291.8999938964844,290.8213806152344,34376.0
2025-02-06,293.6000061035156,293.95001220703125,289.8500061035156,292.54998779296875,291.4689636230469,34786.0
2025-02-07,296.75,296.75,286.25,288.8500061035156,287.7826843261719,23980.0
2025-02-10,290.0,290.75,283.20001220703125,285.95001220703125,284.8934020996094,34511.0
2025-02-11,284.0,289.70001220703125,259.8999938964844,267.6499938964844,266.6610412597656,110546.0
2025-02-12,269.8999938964844,272.0,252.0,259.79998779296875,258.84002685546875,92624.0
2025-02-13,258.5,265.0,250.0,251.89999389648438,250.96920776367188,55368.0
2025-02-14,253.0,254.9499969482422,234.64999389648438,240.9499969482422,240.05966186523438,121346.0
2025-02-17,235.0,236.9499969482422,217.5500030517578,226.5500030517578,225.71287536621094,282599.0
2025-02-18,227.0,229.35000610351562,219.9499969482422,221.5,220.6815185546875,115565.0
2025-02-19,221.5,238.5,219.0,237.3000030517578,236.4231414794922,86310.0
2025-02-20,237.8000030517578,243.4499969482422,234.1999969482422,241.64999389648438,240.75706481933594,98808.0
2025-02-21,242.8000030517578,249.0,235.0,236.0500030517578,235.17776489257812,66132.0
2025-02-24,238.35000610351562,240.1999969482422,226.25,229.4499969482422,228.6021728515625,109317.0
2025-02-25,230.0,234.5,225.1999969482422,227.1999969482422,226.3604736328125,117933.0
2025-02-27,228.8000030517578,228.8000030517578,222.0,223.0,222.17599487304688,55982.0
2025-02-28,220.1999969482422,221.9499969482422,210.60000610351562,215.85000610351562,215.05242919921875,93158.0
2025-03-03,215.85000610351562,221.75,200.1999969482422,211.0399932861328,210.2601776123047,177685.0
2025-03-04,209.0,218.72000122070312,209.0,213.57000732421875,212.7808380126953,95067.0
2025-03-05,213.57000732421875,229.61000061035156,213.57000732421875,221.3800048828125,220.56199645996094,107861.0
2025-03-06,221.0,230.99000549316406,221.0,228.3000030517578,227.45640563964844,87100.0
2025-03-07,230.0,237.0,227.22000122070312,231.3800048828125,230.5250244140625,129554.0
2025-03-10,231.02000427246094,238.25,222.0800018310547,223.99000549316406,223.16233825683594,101700.0
2025-03-11,220.66000366210938,223.75,213.42999267578125,216.4199981689453,215.62030029296875,107124.0
2025-03-12,218.0500030517578,223.00999450683594,208.63999938964844,210.44000244140625,209.66241455078125,113279.0
2025-03-13,213.0,213.0,207.30999755859375,209.52999877929688,208.75576782226562,120426.0
2025-03-17,212.8000030517578,222.58999633789062,211.0,212.44000244140625,211.65501403808594,218214.0
2025-03-18,215.0,254.9199981689453,215.0,246.7100067138672,245.7983856201172,1157550.0
2025-03-19,249.89999389648438,272.3800048828125,249.89999389648438,265.0299987792969,264.0506896972656,652803.0
2025-03-20,266.0199890136719,267.3500061035156,253.4600067138672,258.1600036621094,257.2060852050781,259433.0
2025-03-21,260.75,269.8999938964844,258.4700012207031,263.45001220703125,262.4765319824219,225317.0
2025-03-24,267.29998779296875,277.0,263.4599914550781,274.2900085449219,273.2764587402344,219781.0
2025-03-25,275.6499938964844,279.3900146484375,262.1000061035156,264.1600036621094,263.18389892578125,139431.0
2025-03-26,266.79998779296875,271.5799865722656,254.0399932861328,256.4599914550781,255.51235961914062,151817.0
2025-03-27,255.0,258.1000061035156,243.00999450683594,245.49000549316406,244.5828857421875,209848.0
2025-03-28,247.0,255.0,234.89999389648438,236.13999938964844,235.26744079589844,229183.0
2025-04-01,235.1999969482422,255.0,234.05999755859375,250.25,249.32528686523438,175981.0
2025-04-02,252.25,254.19000244140625,243.3699951171875,247.3300018310547,246.4160919189453,94172.0
2025-04-03,241.60000610351562,250.83999633789062,241.60000610351562,249.38999938964844,248.46847534179688,56264.0
2025-04-04,249.64999389648438,251.6999969482422,240.0,244.61000061035156,243.7061309814453,104411.0
2025-04-07,216.0,238.0,214.0,229.6699981689453,228.82135009765625,162929.0
2025-04-08,232.0,246.22000122070312,232.0,242.5500030517578,241.6537628173828,95521.0
2025-04-09,242.64999389648438,244.99000549316406,234.58999633789062,238.16000366210938,237.2799835205078,38796.0
2025-04-11,241.75,251.0,241.39999389648438,243.52000427246094,242.62017822265625,76563.0
2025-04-15,249.3000030517578,260.0,249.19000244140625,257.8999938964844,256.947021484375,89374.0
2025-04-16,260.5,263.0,255.0,262.010009765625,261.0418395996094,81980.0
2025-04-17,263.8999938964844,275.92999267578125,258.3800048828125,265.7900085449219,264.8078918457031,125428.0
2025-04-21,269.67999267578125,275.0,262.7699890136719,266.8599853515625,265.8739013671875,107331.0
2025-04-22,268.0,272.760009765625,261.30999755859375,263.5299987792969,262.55621337890625,84660.0
2025-04-23,266.3999938964844,273.8900146484375,260.0,267.760009765625,266.7705993652344,79367.0
2025-04-24,266.0,272.6000061035156,264.0,268.8299865722656,267.8366394042969,70863.0
2025-04-25,266.010009765625,268.989990234375,253.0,259.8299865722656,258.869873046875,115230.0
2025-04-28,259.70001220703125,261.2200012207031,251.19000244140625,255.8800048828125,254.9344940185547,71358.0
2025-04-29,258.1000061035156,263.5,258.0,258.57000732421875,257.6145324707031,53151.0
2025-04-30,257.0,260.0,248.60000610351562,251.47999572753906,250.55075073242188,73627.0
2025-05-02,251.9499969482422,257.20001220703125,250.14999389648438,250.3000030517578,249.3751220703125,40493.0
2025-05-05,251.1999969482422,260.04998779296875,248.60000610351562,258.75,257.7939147949219,55766.0
2025-05-06,261.5,261.6000061035156,246.9499969482422,250.25,249.32528686523438,49692.0
2025-05-07,245.10000610351562,252.0,245.10000610351562,250.8000030517578,249.87327575683594,48236.0
2025-05-08,251.35000610351562,269.8999938964844,250.10000610351562,251.35000610351562,250.42123413085938,108439.0
2025-05-09,242.5,253.0,242.1999969482422,251.39999389648438,250.47105407714844,60892.0
2025-05-12,263.95001220703125,274.3999938964844,256.6499938964844,270.70001220703125,269.69976806640625,290019.0
2025-05-13,272.5,275.5,267.04998779296875,270.75,269.74957275390625,165344.0
2025-05-14,273.0,274.54998779296875,268.29998779296875,270.8999938964844,269.89898681640625,79763.0
2025-05-15,270.0,274.0,267.1499938964844,270.6499938964844,269.64990234375,86675.0
2025-05-16,271.0,272.75,266.8500061035156,270.20001220703125,269.2015686035156,76042.0
2025-05-19,270.0,289.70001220703125,269.0,278.3999938964844,277.37127685546875,314121.0
2025-05-20,282.6000061035156,298.5,273.29998779296875,292.6499938964844,291.5686340332031,653219.0
2025-05-21,292.5,292.70001220703125,284.5,287.25,286.1885681152344,131494.0
2025-05-22,288.25,288.8999938964844,280.20001220703125,286.5,285.44134521484375,78038.0
2025-05-23,288.0,309.45001220703125,286.95001220703125,304.25,303.125732421875,620875.0
2025-05-26,304.95001220703125,310.0,297.0,299.95001220703125,298.8416748046875,316567.0
2025-05-27,298.0,298.0,281.5,282.54998779296875,281.5059509277344,373749.0
2025-05-28,288.95001220703125,302.95001220703125,285.5,292.54998779296875,291.4689636230469,509837.0
2025-05-29,291.0,294.3999938964844,287.04998779296875,290.8999938964844,289.8250732421875,101120.0
2025-05-30,291.8999938964844,294.1499938964844,284.0,286.3999938964844,285.34173583984375,118461.0
2025-06-02,284.0,302.0,283.5,294.6499938964844,293.5612487792969,369958.0
2025-06-03,296.54998779296875,298.95001220703125,286.0,288.8999938964844,287.8324890136719,116778.0
2025-06-04,289.95001220703125,294.5,285.6000061035156,293.04998779296875,291.9671325683594,113300.0
2025-06-05,296.0,296.0,286.1000061035156,287.6000061035156,286.53729248046875,90520.0
2025-06-06,287.6000061035156,290.79998779296875,283.0,285.45001220703125,284.3952331542969,79331.0
2025-06-09,286.79998779296875,288.45001220703125,282.04998779296875,286.29998779296875,285.2420959472656,106932.0
2025-06-10,287.8999938964844,301.79998779296875,286.1000061035156,298.8500061035156,297.7457580566406,351504.0
2025-06-11,318.0,323.0,304.0,306.0,304.86932373046875,1582430.0
2025-06-12,308.0,312.0,293.04998779296875,294.3999938964844,293.3121643066406,264695.0
2025-06-13,299.0,310.0,290.54998779296875,303.0,301.88037109375,1034179.0
2025-06-16,297.25,302.95001220703125,294.3999938964844,295.8999938964844,294.8066101074219,217877.0
2025-06-17,296.04998779296875,303.0,293.0,296.75,295.6534729003906,154315.0
2025-06-18,296.75,299.45001220703125,291.0,293.6499938964844,292.5649108886719,113488.0
2025-06-19,292.1499938964844,295.6000061035156,280.6000061035156,283.1499938964844,282.1037292480469,140996.0
2025-06-20,283.1499938964844,292.5,283.1000061035156,290.5,289.4265441894531,84237.0
2025-06-23,285.1000061035156,289.25,285.04998779296875,287.95001220703125,286.8860168457031,76634.0
2025-06-24,290.1499938964844,295.70001220703125,286.0,286.75,285.6904296875,112347.0
2025-06-25,289.70001220703125,294.0,288.0,292.3500061035156,291.26971435546875,85463.0
2025-06-26,294.6000061035156,294.6000061035156,287.79998779296875,289.75,288.6793518066406,53728.0
2025-06-27,291.8500061035156,293.8500061035156,288.75,289.75,288.6793518066406,79775.0
2025-06-30,289.75,305.3500061035156,289.75,302.8500061035156,301.7309265136719,343761.0
2025-07-01,309.0,311.04998779296875,300.3500061035156,302.20001220703125,301.0833435058594,173937.0
2025-07-02,302.5,304.6000061035156,295.0,296.79998779296875,295.7032470703125,110183.0
2025-07-03,296.79998779296875,304.3500061035156,295.95001220703125,301.75,300.635009765625,96291.0
2025-07-04,303.6499938964844,304.95001220703125,298.79998779296875,302.54998779296875,301.4320373535156,81195.0
2025-07-07,304.3999938964844,304.3999938964844,292.79998779296875,296.29998779296875,295.20513916015625,94706.0
2025-07-08,296.29998779296875,298.79998779296875,291.04998779296875,294.1000061035156,293.0132751464844,63835.0
2025-07-09,294.1000061035156,296.0,287.79998779296875,290.95001220703125,289.87493896484375,76045.0
2025-07-10,291.5,302.0,291.5,295.95001220703125,294.8564453125,78677.0
2025-07-11,295.95001220703125,298.8999938964844,291.6499938964844,293.25,292.1664123535156,59410.0
2025-07-14,291.3999938964844,294.70001220703125,285.6499938964844,287.75,286.6867370605469,80582.0
2025-07-15,289.8999938964844,297.8999938964844,287.6000061035156,294.45001220703125,293.36199951171875,86167.0
2025-07-16,295.20001220703125,298.5,291.8500061035156,292.8500061035156,291.7679138183594,72161.0
2025-07-17,292.79998779296875,294.3500061035156,290.29998779296875,290.95001220703125,289.87493896484375,40787.0
2025-07-18,292.6499938964844,292.6499938964844,286.0,287.25,286.1885681152344,60133.0
2025-07-21,287.0,292.1000061035156,284.1499938964844,288.3500061035156,287.2845153808594,97470.0
2025-07-22,288.54998779296875,289.5,285.04998779296875,286.3500061035156,285.29193115234375,41963.0
2025-07-23,286.3500061035156,288.1499938964844,285.04998779296875,285.8999938964844,284.84356689453125,32517.0
2025-07-24,289.8999938964844,289.8999938964844,284.79998779296875,285.25,284.1959533691406,33935.0
2025-07-25,285.25,286.79998779296875,282.0,283.04998779296875,282.00408935546875,46290.0
2025-07-28,283.04998779296875,291.0,276.3500061035156,280.0,278.9653625488281,95567.0
2025-07-29,276.1499938964844,282.1000061035156,276.1499938964844,281.20001220703125,280.1609191894531,39404.0
2025-07-30,281.20001220703125,285.04998779296875,277.04998779296875,280.79998779296875,279.76239013671875,43036.0
2025-07-31,275.54998779296875,290.95001220703125,273.54998779296875,289.04998779296875,287.9819030761719,110370.0
2025-08-01,289.04998779296875,289.04998779296875,279.20001220703125,283.6000061035156,282.55206298828125,41457.0
2025-08-04,281.25,293.1499938964844,281.25,287.70001220703125,286.6369323730469,69934.0
2025-08-05,285.70001220703125,291.1499938964844,285.1000061035156,285.75,284.69415283203125,30713.0
2025-08-06,284.29998779296875,296.5,281.79998779296875,289.29998779296875,288.2309875488281,105255.0
2025-08-07,291.0,291.0,276.20001220703125,281.1000061035156,280.0613098144531,68998.0
2025-08-08,281.1000061035156,282.0,259.6000061035156,262.8500061035156,261.8787536621094,336470.0
2025-08-11,265.79998779296875,265.79998779296875,256.0,259.29998779296875,258.3418273925781,106083.0
2025-08-12,260.0,261.54998779296875,256.25,256.8500061035156,255.90090942382812,50699.0
2025-08-13,255.0,259.6499938964844,248.14999389648438,249.4499969482422,248.52825927734375,113071.0
2025-08-14,249.4499969482422,252.35000610351562,246.1999969482422,247.85000610351562,246.93418884277344,49061.0
2025-08-18,251.0,276.54998779296875,251.0,273.1499938964844,272.14068603515625,373904.0
2025-08-19,271.79998779296875,280.0,265.04998779296875,277.8999938964844,276.8731384277344,204235.0
2025-08-20,278.0,284.6000061035156,271.95001220703125,277.0,275.9764709472656,203820.0
2025-08-21,278.8999938964844,279.25,273.04998779296875,274.3500061035156,273.3362731933594,57728.0
2025-08-22,273.95001220703125,275.70001220703125,268.29998779296875,269.3999938964844,268.404541015625,60461.0
2025-08-25,270.5,272.6000061035156,264.0,264.95001220703125,263.9709777832031,80315.0
2025-08-26,262.29998779296875,266.1499938964844,259.0,260.6499938964844,259.6868591308594,53309.0
2025-08-28,260.6499938964844,268.0,256.3999938964844,261.5,260.5337219238281,54057.0
2025-08-29,263.0,264.45001220703125,258.8999938964844,259.54998779296875,258.5909118652344,28056.0
2025-09-01,262.0,264.95001220703125,257.0,261.3999938964844,260.4341125488281,62303.0
2025-09-02,261.3999938964844,270.95001220703125,261.3999938964844,264.8500061035156,263.8713684082031,99544.0
2025-09-03,265.8999938964844,273.70001220703125,265.29998779296875,269.04998779296875,268.0558166503906,94222.0
2025-09-04,274.0,277.45001220703125,264.3999938964844,268.1000061035156,267.1093444824219,129951.0
2025-09-05,269.1499938964844,289.3500061035156,266.25,277.1000061035156,276.0760803222656,228731.0
2025-09-08,287.29998779296875,295.0,285.25,292.6000061035156,291.5188293457031,373132.0
2025-09-09,294.0,314.0,286.5,307.95001220703125,306.8121337890625,690262.0
2025-09-10,317.45001220703125,321.70001220703125,292.8500061035156,299.1000061035156,297.99481201171875,585606.0
2025-09-11,297.70001220703125,307.70001220703125,294.8500061035156,297.54998779296875,296.45050048828125,1120871.0
2025-09-12,298.95001220703125,305.8999938964844,296.5,298.5,297.8975830078125,100527.0
2025-09-15,297.1000061035156,303.3999938964844,293.3999938964844,297.3500061035156,296.7499084472656,125148.0
2025-09-16,297.8999938964844,299.5,291.0,292.79998779296875,292.2091064453125,131494.0
2025-09-17,293.5,301.6000061035156,292.3500061035156,294.75,294.1551513671875,104032.0
2025-09-18,296.8999938964844,298.29998779296875,291.25,293.75,293.1571960449219,163876.0
2025-09-19,293.75,296.5,291.04998779296875,292.6499938964844,292.05938720703125,76086.0
2025-09-22,293.5,315.0,293.45001220703125,306.45001220703125,305.83154296875,768225.0
2025-09-23,308.8999938964844,316.0,308.8999938964844,310.70001220703125,310.072998046875,356706.0
2025-09-24,309.29998779296875,314.8999938964844,303.1000061035156,312.3500061035156,311.7196350097656,288278.0
2025-09-25,312.3500061035156,326.0,295.70001220703125,297.25,296.6501159667969,1009032.0
2025-09-26,301.04998779296875,309.25,292.20001220703125,296.54998779296875,295.9515075683594,348815.0
2025-09-29,298.3500061035156,307.8999938964844,296.20001220703125,302.45001220703125,301.8396301269531,173089.0
2025-09-30,302.3999938964844,303.54998779296875,292.5,293.79998779296875,293.2070617675781,130618.0
2025-10-01,295.8999938964844,302.04998779296875,295.8500061035156,299.8999938964844,299.2947692871094,124438.0
2025-10-03,296.0,299.6000061035156,294.04998779296875,297.8999938964844,297.2987976074219,122365.0
2025-10-06,301.29998779296875,301.29998779296875,292.0,292.75,292.1592102050781,77956.0
2025-10-07,292.20001220703125,294.95001220703125,288.1000061035156,289.29998779296875,288.7161560058594,93500.0
2025-10-08,291.8999938964844,293.70001220703125,283.3500061035156,285.6000061035156,285.02362060546875,90375.0
2025-10-09,286.0,295.0,278.8999938964844,287.3999938964844,286.8199768066406,138928.0
2025-10-10,287.3999938964844,297.5,287.3500061035156,292.04998779296875,291.4606018066406,144331.0
2025-10-13,288.25,291.0,283.1499938964844,284.3500061035156,283.7761535644531,83409.0
2025-10-14,283.1499938964844,286.6499938964844,280.1499938964844,281.75,281.181396484375,78302.0
2025-10-15,280.04998779296875,286.25,280.04998779296875,283.5,282.9278869628906,70143.0
2025-10-16,286.70001220703125,299.3500061035156,285.54998779296875,294.6000061035156,294.0054626464844,313500.0
2025-10-17,287.0,308.0,287.0,299.8999938964844,299.2947692871094,502006.0
2025-10-20,302.70001220703125,312.25,296.29998779296875,304.79998779296875,304.18487548828125,468976.0
2025-10-21,306.5,307.70001220703125,300.0,302.54998779296875,301.93939208984375,43860.0
2025-10-23,302.54998779296875,304.6499938964844,291.04998779296875,293.54998779296875,292.9575500488281,116344.0
2025-10-24,292.75,298.45001220703125,290.5,291.8999938964844,291.3109130859375,73877.0
2025-10-27,293.3999938964844,294.45001220703125,288.0,289.1000061035156,288.5165710449219,49830.0
2025-10-28,290.25,300.95001220703125,289.29998779296875,298.29998779296875,297.697998046875,150496.0
2025-10-29,297.79998779296875,298.54998779296875,294.1000061035156,295.0,294.4046325683594,48009.0
2025-10-30,295.8999938964844,300.6000061035156,293.1000061035156,298.20001220703125,297.59820556640625,67076.0
2025-10-31,296.29998779296875,299.0,292.5,293.0,292.40869140625,58623.0
2025-11-03,291.29998779296875,297.3999938964844,287.6499938964844,294.75,294.1551513671875,102033.0
2025-11-04,295.95001220703125,296.25,289.79998779296875,290.6499938964844,290.0634460449219,52406.0
2025-11-06,290.04998779296875,292.45001220703125,281.04998779296875,287.20001220703125,286.62042236328125,91499.0
2025-11-07,287.0,293.1499938964844,280.8500061035156,291.0,290.4127197265625,66504.0
2025-11-10,291.70001220703125,292.1499938964844,282.5,284.8999938964844,284.32501220703125,57100.0
2025-11-11,285.0,292.0,282.0,288.3999938964844,287.8179626464844,84808.0
2025-11-12,285.20001220703125,292.0,284.0,289.6499938964844,289.0654602050781,59689.0
2025-11-13,290.79998779296875,293.1000061035156,271.0,275.5,274.94403076171875,177565.0
2025-11-14,275.0,284.3500061035156,271.20001220703125,280.04998779296875,279.48480224609375,124757.0
2025-11-17,280.04998779296875,289.75,279.79998779296875,284.45001220703125,283.8759765625,89415.0
2025-11-18,285.0,285.0,278.0,281.75,281.181396484375,79127.0
2025-11-19,282.75,283.3999938964844,272.3500061035156,281.6499938964844,281.08160400390625,116504.0
2025-11-20,281.6499938964844,281.8500061035156,276.20001220703125,276.75,276.38775634765625,46274.0
2025-11-21,276.75,280.5,272.3999938964844,278.8500061035156,278.4850158691406,79435.0
2025-11-24,276.1499938964844,278.25,263.0,264.45001220703125,264.1038818359375,122844.0
2025-11-25,264.95001220703125,280.70001220703125,264.0,278.3500061035156,277.98565673828125,150859.0
2025-11-26,280.20001220703125,280.79998779296875,275.0,278.6499938964844,278.2852783203125,73568.0
2025-11-27,278.04998779296875,285.54998779296875,278.0,282.6499938964844,282.280029296875,92600.0
2025-11-28,284.70001220703125,286.79998779296875,279.0,279.79998779296875,279.4337463378906,56833.0
2025-12-01,279.54998779296875,290.0,276.20001220703125,288.75,288.3720397949219,136688.0
2025-12-02,289.8500061035156,291.70001220703125,283.04998779296875,284.6499938964844,284.27740478515625,64829.0
2025-12-03,284.75,285.3500061035156,279.5,280.95001220703125,280.582275390625,61727.0
2025-12-04,280.04998779296875,284.8999938964844,278.0,281.75,281.3812255859375,60832.0
2025-12-05,281.5,287.0,279.70001220703125,285.20001220703125,284.82672119140625,71947.0
2025-12-08,285.5,285.5,276.3500061035156,280.0,279.6335144042969,48344.0
2025-12-09,278.6000061035156,285.45001220703125,269.8500061035156,281.1499938964844,280.781982421875,103506.0
2025-12-10,280.6000061035156,286.04998779296875,278.5,280.3999938964844,280.032958984375,33812.0
2025-12-11,280.0,285.0,277.54998779296875,281.79998779296875,281.4311218261719,33395.0
2025-12-12,282.95001220703125,284.79998779296875,280.0,280.75,280.38250732421875,40826.0
2025-12-15,279.20001220703125,286.70001220703125,279.20001220703125,285.75,285.3759765625,41042.0
2025-12-16,285.75,297.0,283.1499938964844,289.1499938964844,288.7715148925781,155645.0
2025-12-17,286.25,287.70001220703125,278.0,278.8500061035156,278.4850158691406,48135.0
2025-12-18,283.04998779296875,283.04998779296875,273.8999938964844,276.5,276.1380920410156,41683.0
2025-12-19,276.5,280.5,275.6000061035156,278.1499938964844,277.7859191894531,27909.0
2025-12-22,279.04998779296875,285.8500061035156,278.25,282.79998779296875,282.4298400878906,55925.0
2025-12-23,283.5,285.25,281.0,282.8500061035156,282.4797668457031,72768.0
2025-12-24,282.8500061035156,286.20001220703125,281.0,283.1499938964844,282.7793884277344,52669.0
2025-12-26,283.1499938964844,284.8500061035156,276.1000061035156,276.95001220703125,276.5874938964844,54303.0
2025-12-29,276.0,278.70001220703125,269.6000061035156,275.1499938964844,274.78985595703125,129987.0
2025-12-30,275.1499938964844,275.1499938964844,272.0,273.29998779296875,272.9422607421875,31093.0
2025-12-31,273.29998779296875,277.5,273.1000061035156,274.95001220703125,274.5901184082031,40476.0
2026-01-01,273.70001220703125,277.8999938964844,271.79998779296875,274.8500061035156,274.4902648925781,34457.0
2026-01-02,277.25,280.0,270.0,276.29998779296875,275.9383239746094,172064.0
2026-01-05,276.5,278.3999938964844,272.0,273.8999938964844,273.5414733886719,55432.0
2026-01-06,273.0,273.95001220703125,269.0,271.0,270.6452941894531,51800.0
2026-01-07,269.1499938964844,271.6499938964844,266.79998779296875,268.45001220703125,268.0986328125,50986.0
2026-01-08,267.0,283.1000061035156,264.0,276.3500061035156,275.98828125,193435.0
2026-01-09,273.6000061035156,279.8999938964844,268.6499938964844,269.8999938964844,269.5467224121094,68174.0
2026-01-12,267.0,270.6000061035156,263.29998779296875,265.54998779296875,265.202392578125,63213.0
2026-01-13,266.1000061035156,268.70001220703125,264.0,266.29998779296875,265.951416015625,25888.0
2026-01-14,263.0,283.45001220703125,262.5,275.8999938964844,275.5388488769531,74904.0
2026-01-15,275.8999938964844,275.8999938964844,275.8999938964844,275.8999938964844,275.5388488769531,0.0
2026-01-16,275.20001220703125,277.04998779296875,270.0,272.04998779296875,271.69390869140625,42342.0
2026-01-19,263.29998779296875,266.79998779296875,245.0,246.25,245.92767333984375,305114.0
2026-01-20,244.0,245.9499969482422,235.10000610351562,236.6999969482422,236.3901824951172,155098.0
2026-01-21,236.0,255.0,235.0,250.60000610351562,250.27198791503906,211721.0
2026-01-22,251.85000610351562,255.6999969482422,250.1999969482422,252.75,252.41917419433594,64181.0
2026-01-23,252.75,254.10000610351562,243.10000610351562,246.35000610351562,246.02755737304688,55590.0
2026-01-27,243.0,247.0,232.85000610351562,236.64999389648438,236.34024047851562,107980.0
2026-01-28,239.0,254.1999969482422,236.60000610351562,248.8000030517578,248.47434997558594,109138.0
2026-01-29,251.89999389648438,253.0,241.0,243.14999389648438,242.83172607421875,61076.0
2026-01-30,241.0,265.0,240.35000610351562,256.79998779296875,256.4638671875,75926.0
2026-02-02,252.0,261.45001220703125,252.0,257.29998779296875,256.96319580078125,40632.0
2026-02-03,270.0,270.0,255.35000610351562,262.8500061035156,262.5059509277344,50355.0
2026-02-04,258.20001220703125,268.5,258.20001220703125,267.3500061035156,267.00006103515625,39517.0
2026-02-05,264.0,284.0,262.54998779296875,281.79998779296875,281.4311218261719,214493.0
2026-02-06,293.8999938964844,294.8999938964844,270.1000061035156,273.54998779296875,273.1919250488281,1076062.0
2026-02-09,275.04998779296875,288.0,274.0,286.8999938964844,286.52447509765625,191461.0
2026-02-10,286.8999938964844,289.8500061035156,283.54998779296875,286.3999938964844,286.0251159667969,90090.0
2026-02-11,286.3999938964844,293.20001220703125,283.0,286.20001220703125,285.8254089355469,141758.0
2026-02-12,286.8500061035156,287.20001220703125,276.8500061035156,283.95001220703125,283.5783386230469,123296.0
2026-02-13,280.0,288.45001220703125,278.95001220703125,283.8500061035156,283.47845458984375,103560.0
2026-02-16,282.0,286.3500061035156,277.6000061035156,278.54998779296875,278.1853942871094,81222.0
2026-02-17,277.0,285.45001220703125,277.0,284.25,283.8779296875,45152.0
2026-02-18,282.8999938964844,286.8999938964844,281.54998779296875,282.45001220703125,282.080322265625,40039.0
2026-02-19,280.25,284.0,275.0,276.0,275.63873291015625,46598.0
2026-02-20,272.3500061035156,276.6000061035156,272.25,273.04998779296875,272.6925964355469,36690.0
2026-02-23,274.70001220703125,278.1499938964844,269.1000061035156,276.54998779296875,276.1880187988281,72173.0
2026-02-24,272.1499938964844,274.8999938964844,261.54998779296875,263.79998779296875,263.4546813964844,61571.0
2026-02-25,265.79998779296875,271.70001220703125,264.0,266.1000061035156,265.751708984375,57530.0
2026-02-26,265.5,266.0,257.3999938964844,260.95001220703125,260.60845947265625,100681.0
2026-02-27,258.0,263.29998779296875,258.0,259.6000061035156,259.2602233886719,36495.0
2026-03-02,247.0,256.0,245.0500030517578,253.39999389648438,253.0683135986328,81350.0
2026-03-04,251.89999389648438,251.89999389648438,241.0,242.75,242.43226623535156,65161.0
2026-03-05,242.75,249.9499969482422,240.5500030517578,244.8000030517578,244.47958374023438,41151.0
2026-03-06,245.64999389648438,246.89999389648438,240.3000030517578,240.9499969482422,240.63461303710938,45021.0
2026-03-09,239.85000610351562,252.3000030517578,229.9499969482422,244.85000610351562,244.52951049804688,166282.0
2026-03-10,244.5500030517578,252.0,237.60000610351562,247.0,246.67669677734375,109863.0
2026-03-11,245.0500030517578,248.8000030517578,241.0,242.14999389648438,241.83303833007812,50230.0
2026-03-12,236.35000610351562,253.89999389648438,236.35000610351562,251.6999969482422,251.37054443359375,136075.0
2026-03-13,249.0,249.89999389648438,244.25,247.64999389648438,247.32583618164062,45812.0
2026-03-16,246.0500030517578,246.60000610351562,234.89999389648438,238.0500030517578,237.73841857910156,136280.0
2026-03-17,237.10000610351562,243.1999969482422,231.85000610351562,234.89999389648438,234.592529296875,91650.0
2026-03-18,233.0,249.8000030517578,233.0,245.6999969482422,245.37840270996094,97164.0
2026-03-19,238.89999389648438,242.10000610351562,232.35000610351562,235.0500030517578,234.74234008789062,70386.0
2026-03-20,239.35000610351562,248.85000610351562,233.60000610351562,236.5500030517578,236.24037170410156,248692.0
2026-03-23,236.0,236.0,223.0,224.39999389648438,224.1062774658203,77837.0
2026-03-24,230.0,233.0,219.89999389648438,224.0500030517578,223.75674438476562,158243.0
2026-03-25,224.0500030517578,262.79998779296875,224.0,238.89999389648438,238.58729553222656,1002139.0
2026-03-27,240.0,240.9499969482422,229.0,233.0,232.6950225830078,103432.0
2026-03-30,230.3000030517578,240.0,228.0,231.8000030517578,231.49659729003906,211034.0
2026-04-01,244.7100067138672,247.38999938964844,236.25,243.30999755859375,242.9915313720703,95574.0
2026-04-02,240.0,251.38999938964844,235.10000610351562,246.66000366210938,246.33714294433594,60841.0
2026-04-06,245.0,248.89999389648438,241.52000427246094,246.5,246.17735290527344,53624.0
2026-04-07,248.6999969482422,251.5,243.61000061035156,249.1999969482422,248.87380981445312,71197.0
2026-04-08,259.0,269.0,251.1999969482422,253.91000366210938,253.57765197753906,148057.0
2026-04-09,255.91000366210938,262.7900085449219,250.0399932861328,258.44000244140625,258.1017150878906,92188.0
2026-04-10,257.1000061035156,276.8900146484375,257.1000061035156,265.70001220703125,265.35223388671875,326649.0
2026-04-13,261.0,270.42999267578125,256.1000061035156,265.79998779296875,265.45208740234375,85382.0
2026-04-15,270.0,272.0799865722656,265.0,266.7099914550781,266.36090087890625,102144.0
2026-04-16,266.7099914550781,272.0,265.0,270.8599853515625,270.5054626464844,57488.0
2026-04-17,272.0,280.0,270.010009765625,275.6199951171875,275.25921630859375,104521.0
2026-04-20,276.989990234375,282.6000061035156,272.0,281.4100036621094,281.0416564941406,120954.0
2026-04-21,282.25,286.0,278.6700134277344,279.95001220703125,279.5835876464844,90688.0
2026-04-22,279.95001220703125,283.0,276.54998779296875,277.7900085449219,277.4263916015625,32596.0
2026-04-23,274.0,283.0,274.0,281.17999267578125,280.81195068359375,68111.0
2026-04-24,279.54998779296875,283.17999267578125,275.6000061035156,277.7799987792969,277.4164123535156,59719.0
2026-04-27,277.0,299.0,277.0,295.3699951171875,294.9833679199219,378470.0
2026-04-28,290.20001220703125,317.489990234375,290.20001220703125,311.9599914550781,311.5516662597656,567338.0
2026-04-29,316.45001220703125,332.94000244140625,307.2300109863281,320.8699951171875,320.45001220703125,635073.0
2026-04-30,317.010009765625,335.0,317.010009765625,332.6499938964844,332.2145690917969,595846.0
2026-05-01,332.6499938964844,332.6499938964844,332.6499938964844,332.6499938964844,332.2145690917969,0.0
2026-05-04,338.75,341.0,326.8999938964844,331.29998779296875,330.8663330078125,237597.0
2026-05-05,327.8999938964844,350.1499938964844,324.79998779296875,336.79998779296875,336.359130859375,298584.0
2026-05-06,336.75,344.04998779296875,324.8500061035156,326.0,325.57330322265625,158123.0
2026-05-07,324.54998779296875,333.0,324.5,330.1499938964844,329.7178649902344,102078.0
2026-05-08,330.0,337.0,323.1000061035156,324.70001220703125,324.2749938964844,85836.0
2026-05-11,324.75,342.20001220703125,315.20001220703125,327.79998779296875,327.37091064453125,183695.0
2026-05-12,325.1499938964844,334.3500061035156,308.04998779296875,312.75,312.34063720703125,120151.0
2026-05-13,310.0,341.3500061035156,310.0,333.70001220703125,333.2632141113281,422202.0
2026-05-14,338.5,338.54998779296875,319.1000061035156,327.25,326.8216552734375,107564.0
2026-05-15,329.0,330.29998779296875,318.8999938964844,322.29998779296875,321.87811279296875,84453.0
2026-05-18,320.0,324.0,312.54998779296875,321.1000061035156,320.6797180175781,69048.0
2026-05-19,320.79998779296875,348.0,320.0,330.5,330.0674133300781,370217.0
2026-05-20,325.29998779296875,330.0,316.8500061035156,327.3500061035156,326.9215393066406,146574.0
2026-05-21,345.0,360.0,317.0,319.54998779296875,319.1317138671875,2154994.0
2026-05-22,321.70001220703125,372.79998779296875,318.5,359.04998779296875,358.58001708984375,3541558.0
2026-05-25,367.3999938964844,372.0,350.8500061035156,354.3500061035156,353.8861999511719,701253.0
2026-05-26,350.0,364.6000061035156,345.5,348.6000061035156,348.1437072753906,300435.0
2026-05-27,345.20001220703125,357.1499938964844,345.20001220703125,348.20001220703125,347.7442321777344,128361.0
2026-05-28,348.20001220703125,348.20001220703125,348.20001220703125,348.20001220703125,347.7442321777344,0.0
2026-05-29,347.0,365.5,342.6499938964844,345.3500061035156,344.8979797363281,325491.0
2026-06-01,345.3500061035156,352.8999938964844,341.0,343.5,343.0503845214844,143005.0
2026-06-02,338.6000061035156,348.3999938964844,334.95001220703125,342.3500061035156,341.9018859863281,91878.0
2026-06-03,340.20001220703125,357.8500061035156,330.25,352.95001220703125,352.488037109375,227685.0
2026-06-04,349.1000061035156,366.0,347.70001220703125,354.29998779296875,353.83624267578125,156435.0
2026-06-05,352.5,356.75,343.0,350.75,350.2908935546875,199616.0
2026-06-08,345.0,369.0,343.04998779296875,362.5,362.0255126953125,429217.0
2026-06-09,367.95001220703125,379.70001220703125,355.3999938964844,360.04998779296875,359.5787048339844,522707.0
2026-06-10,360.04998779296875,363.95001220703125,348.1499938964844,351.70001220703125,351.2396545410156,127064.0
2026-06-11,348.79998779296875,360.0,334.45001220703125,356.8500061035156,356.3829040527344,179471.0
2026-06-12,361.95001220703125,362.8999938964844,353.6499938964844,359.75,359.27911376953125,124310.0
2026-06-15,374.04998779296875,385.8500061035156,360.1499938964844,364.79998779296875,364.322509765625,381398.0
2026-06-16,365.6499938964844,373.45001220703125,355.75,357.29998779296875,356.8323059082031,173302.0
2026-06-17,358.25,364.04998779296875,356.95001220703125,358.3999938964844,357.9308776855469,122513.0
2026-06-18,362.45001220703125,367.0,350.3500061035156,354.04998779296875,353.5865783691406,159555.0
2026-06-19,354.1000061035156,366.0,350.0,360.45001220703125,359.97821044921875,137375.0
2026-06-22,369.8999938964844,371.1000061035156,361.04998779296875,362.79998779296875,362.3251037597656,187371.0
2026-06-23,362.0,385.0,360.54998779296875,377.45001220703125,376.9559631347656,370840.0
2026-06-24,381.6499938964844,400.0,380.0,386.1499938964844,385.6445617675781,1204673.0
2026-06-25,392.0,429.8999938964844,387.0,406.5,405.9679260253906,2670461.0
2026-06-26,406.5,406.5,406.5,406.5,405.9679260253906,0.0
2026-06-29,407.0,419.3999938964844,403.54998779296875,416.04998779296875,415.5054016113281,701401.0
2026-06-30,418.75,426.0,407.6000061035156,417.54998779296875,417.0034484863281,404972.0
2026-07-01,417.54998779296875,432.5,416.0,425.95001220703125,425.3924865722656,383997.0
2026-07-02,432.29998779296875,435.0,418.1000061035156,430.1499938964844,429.58697509765625,288028.0
2026-07-03,431.0,433.3999938964844,408.1499938964844,412.1000061035156,411.56060791015625,383252.0
2026-07-06,413.70001220703125,424.6499938964844,409.1000061035156,411.1499938964844,410.6118469238281,181940.0
2026-07-07,411.1499938964844,417.8500061035156,396.0,401.95001220703125,401.42388916015625,199835.0
2026-07-08,401.8500061035156,417.79998779296875,397.0,406.75,406.21759033203125,310607.0
2026-07-09,406.75,416.75,406.0,408.79998779296875,408.264892578125,100838.0
2026-07-10,411.0,415.79998779296875,405.8500061035156,408.1000061035156,407.5658264160156,115964.0
2026-07-13,408.0,410.70001220703125,399.1000061035156,403.95001220703125,403.4212646484375,133147.0
2026-07-14,402.04998779296875,402.1000061035156,384.75,389.29998779296875,388.7904357910156,173835.0
2026-07-15,392.8999938964844,403.0,389.8500061035156,393.95001220703125,393.4343566894531,132639.0
2026-07-16,395.0,406.0,388.3999938964844,399.1499938964844,398.6275329589844,117990.0
2026-07-17,403.79998779296875,409.8500061035156,388.0,405.1000061035156,404.56976318359375,141816.0
2026-07-20,406.45001220703125,425.0,404.6499938964844,416.54998779296875,416.0047607421875,204365.0
2026-07-21,420.0,424.0,407.04998779296875,412.3500061035156,411.8102722167969,91333.0
2026-07-22,410.0,414.75,399.0,407.6000061035156,407.0664978027344,104621.0
2026-07-23,401.1000061035156,410.1000061035156,393.29998779296875,395.20001220703125,394.6827392578125,89981.0
2026-07-24,390.0,396.0,386.95001220703125,391.75,391.23724365234375,94804.0
2026-07-27,399.0,406.3999938964844,384.6499938964844,386.8500061035156,386.3436584472656,192371.0
2026-07-28,386.8500061035156,396.04998779296875,380.70001220703125,394.6499938964844,394.1334228515625,123175.0
2026-07-29,396.0,400.79998779296875,391.79998779296875,398.1000061035156,397.57891845703125,75481.0
2026-07-30,398.1000061035156,401.8500061035156,393.6499938964844,399.04998779296875,398.52764892578125,76151.0
2026-07-31,399.0,411.0,399.0,407.75,407.2162780761719,109588.0
2026-08-03,417.0,424.0,410.5,417.6499938964844,417.10333251953125,180850.0
2026-08-04,417.45001220703125,433.8999938964844,411.0,415.25,414.70648193359375,212022.0
2026-08-05,416.0,442.0,416.0,438.29998779296875,437.7262878417969,529904.0
2026-08-06,449.8500061035156,449.8500061035156,433.1000061035156,437.0,436.4280090332031,343827.0
2026-08-07,436.3999938964844,444.0,433.0,439.3500061035156,438.7749328613281,120445.0
2026-08-10,442.0,451.6000061035156,403.54998779296875,422.04998779296875,421.49755859375,1061425.0
2026-08-11,425.0,425.04998779296875,407.20001220703125,409.95001220703125,409.4134216308594,141590.0
2026-08-12,409.25,436.0,405.0,417.3500061035156,416.8037414550781,273558.0
2026-08-13,420.0,429.29998779296875,417.79998779296875,421.6499938964844,421.09808349609375,130287.0
2026-08-14,422.0,431.20001220703125,414.6499938964844,419.5,418.9508972167969,129290.0
2026-08-17,423.6499938964844,434.0,420.04998779296875,423.45001220703125,422.895751953125,190674.0
2026-08-18,423.5,430.6000061035156,420.5,426.95001220703125,426.39117431640625,77394.0
2026-08-19,426.95001220703125,430.45001220703125,420.0,423.04998779296875,422.4962463378906,142451.0
2026-08-20,423.1000061035156,428.1499938964844,409.0,412.0,411.4607238769531,291141.0
2026-08-21,412.0,416.0,405.8999938964844,413.3999938964844,412.85888671875,99745.0
2026-08-24,411.3999938964844,423.79998779296875,411.3999938964844,418.3999938964844,417.85235595703125,181409.0
2026-08-25,421.25,421.25,407.1499938964844,409.3999938964844,408.8641357421875,82064.0
2026-08-26,409.3999938964844,416.20001220703125,403.95001220703125,407.1000061035156,406.567138671875,118236.0
2026-08-27,407.1000061035156,415.0,400.1000061035156,408.6499938964844,408.1151123046875,177405.0
2026-08-28,407.0,418.20001220703125,398.1000061035156,401.3500061035156,400.8246765136719,186335.0
2026-08-31,400.0,414.0,394.5,411.3999938964844,410.86151123046875,170040.0
2026-09-01,414.0,418.0,406.29998779296875,410.79998779296875,410.2622985839844,82813.0
2026-09-02,410.54998779296875,417.0,405.0,407.3999938964844,406.8667297363281,74903.0
2026-09-03,409.95001220703125,417.0,409.3999938964844,412.1499938964844,411.61053466796875,75093.0
2026-09-04,412.1499938964844,413.45001220703125,401.5,407.75,407.2162780761719,76183.0
2026-09-07,416.0,441.8500061035156,411.8500061035156,431.79998779296875,431.23480224609375,1798087.0
2026-09-08,431.79998779296875,431.79998779296875,420.0,424.0,423.44500732421875,150372.0
2026-09-09,420.1000061035156,426.8999938964844,417.04998779296875,420.45001220703125,419.8996887207031,106061.0
2026-09-10,417.3500061035156,422.8999938964844,415.0,420.20001220703125,419.6499938964844,72274.0
2026-09-11,418.0,427.20001220703125,414.8999938964844,423.75,423.75,164443.0
2026-09-15,425.0,443.45001220703125,418.0,421.29998779296875,421.29998779296875,454528.0
