date,open,high,low,close,adjclose,volume
2021-09-15,9.5,9.550000190734863,8.949999809265137,9.550000190734863,9.550000190734863,78831.0
2021-09-16,10.0,10.0,9.100000381469727,9.699999809265137,9.699999809265137,235766.0
2021-09-17,9.899999618530273,9.949999809265137,9.300000190734863,9.399999618530273,9.399999618530273,44115.0
2021-09-20,9.399999618530273,9.5,8.949999809265137,9.0,9.0,86198.0
2021-09-21,9.100000381469727,9.100000381469727,8.550000190734863,8.649999618530273,8.649999618530273,48933.0
2021-09-22,8.800000190734863,8.949999809265137,8.550000190734863,8.649999618530273,8.649999618530273,17475.0
2021-09-23,8.850000381469727,9.050000190734863,8.25,8.600000381469727,8.600000381469727,70495.0
2021-09-24,8.850000381469727,8.949999809265137,8.399999618530273,8.649999618530273,8.649999618530273,33396.0
2021-09-27,8.949999809265137,9.050000190734863,8.25,8.649999618530273,8.649999618530273,69777.0
2021-09-28,8.649999618530273,8.949999809265137,8.350000381469727,8.550000190734863,8.550000190734863,44701.0
2021-09-29,8.399999618530273,8.899999618530273,8.350000381469727,8.75,8.75,29892.0
2021-09-30,8.850000381469727,9.149999618530273,8.699999809265137,9.050000190734863,9.050000190734863,72500.0
2021-10-01,8.75,9.449999809265137,8.75,9.199999809265137,9.199999809265137,43275.0
2021-10-04,9.449999809265137,9.649999618530273,9.300000190734863,9.649999618530273,9.649999618530273,58022.0
2021-10-05,9.949999809265137,10.100000381469727,9.5,10.100000381469727,10.100000381469727,57442.0
2021-10-06,10.5,10.600000381469727,10.25,10.600000381469727,10.600000381469727,87386.0
2021-10-07,11.100000381469727,11.100000381469727,11.0,11.100000381469727,11.100000381469727,45856.0
2021-10-08,11.649999618530273,11.649999618530273,11.0,11.649999618530273,11.649999618530273,89811.0
2021-10-11,12.199999809265137,12.199999809265137,12.0,12.199999809265137,12.199999809265137,63031.0
2021-10-12,12.800000190734863,12.800000190734863,11.600000381469727,11.600000381469727,11.600000381469727,147766.0
2021-10-13,11.100000381469727,11.100000381469727,11.050000190734863,11.050000190734863,11.050000190734863,65034.0
2021-10-14,11.050000190734863,11.600000381469727,10.550000190734863,11.600000381469727,11.600000381469727,126698.0
2021-10-18,12.100000381469727,12.149999618530273,11.649999618530273,11.75,11.75,130792.0
2021-10-19,12.050000190734863,12.100000381469727,11.199999809265137,11.199999809265137,11.199999809265137,67655.0
2021-10-20,11.449999809265137,11.75,10.649999618530273,10.649999618530273,10.649999618530273,59778.0
2021-10-21,10.899999618530273,10.899999618530273,10.149999618530273,10.149999618530273,10.149999618530273,114372.0
2021-10-22,9.899999618530273,10.649999618530273,9.899999618530273,10.100000381469727,10.100000381469727,29145.0
2021-10-25,9.800000190734863,10.350000381469727,9.800000190734863,10.050000190734863,10.050000190734863,29497.0
2021-10-26,9.600000381469727,10.350000381469727,9.600000381469727,10.0,10.0,19417.0
2021-10-27,10.0,10.5,9.75,10.199999809265137,10.199999809265137,26133.0
2021-10-28,10.449999809265137,10.5,9.699999809265137,9.699999809265137,9.699999809265137,49660.0
2021-10-29,9.699999809265137,10.149999618530273,9.699999809265137,10.149999618530273,10.149999618530273,26214.0
2021-11-01,10.550000190734863,10.550000190734863,9.800000190734863,10.0,10.0,33387.0
2021-11-02,10.199999809265137,10.199999809265137,9.5,9.75,9.75,28543.0
2021-11-03,10.100000381469727,10.199999809265137,9.75,10.0,10.0,25489.0
2021-11-04,10.5,10.5,9.800000190734863,10.100000381469727,10.100000381469727,8167.0
2021-11-08,10.0,10.350000381469727,9.800000190734863,10.0,10.0,36977.0
2021-11-09,10.199999809265137,10.199999809265137,9.800000190734863,9.949999809265137,9.949999809265137,15124.0
2021-11-10,10.149999618530273,10.199999809265137,9.649999618530273,9.850000381469727,9.850000381469727,25443.0
2021-11-11,10.050000190734863,10.100000381469727,9.699999809265137,10.0,10.0,10053.0
2021-11-12,10.0,10.100000381469727,9.699999809265137,9.899999618530273,9.899999618530273,23199.0
2021-11-15,9.649999618530273,10.0,9.649999618530273,9.75,9.75,30063.0
2021-11-16,10.100000381469727,10.199999809265137,9.300000190734863,9.5,9.5,39459.0
2021-11-17,9.75,9.949999809265137,9.100000381469727,9.350000381469727,9.350000381469727,57160.0
2021-11-18,9.699999809265137,9.699999809265137,9.199999809265137,9.649999618530273,9.649999618530273,16641.0
2021-11-22,9.949999809265137,9.949999809265137,9.199999809265137,9.199999809265137,9.199999809265137,43952.0
2021-11-23,8.800000190734863,9.25,8.75,9.050000190734863,9.050000190734863,55000.0
2021-11-24,8.899999618530273,9.25,8.800000190734863,8.949999809265137,8.949999809265137,31542.0
2021-11-25,9.0,9.199999809265137,8.649999618530273,8.899999618530273,8.899999618530273,21127.0
2021-11-26,8.899999618530273,9.050000190734863,8.699999809265137,8.899999618530273,8.899999618530273,33252.0
2021-11-29,8.550000190734863,9.199999809265137,8.5,8.550000190734863,8.550000190734863,39155.0
2021-11-30,8.399999618530273,8.800000190734863,8.350000381469727,8.600000381469727,8.600000381469727,8977.0
2021-12-01,8.75,8.75,8.300000190734863,8.5,8.5,18561.0
2021-12-02,8.75,8.800000190734863,8.100000381469727,8.449999809265137,8.449999809265137,43265.0
2021-12-03,8.699999809265137,8.699999809265137,8.449999809265137,8.550000190734863,8.550000190734863,8268.0
2021-12-06,8.550000190734863,8.699999809265137,8.149999618530273,8.25,8.25,63499.0
2021-12-07,8.100000381469727,8.550000190734863,8.100000381469727,8.5,8.5,11120.0
2021-12-08,8.5,8.600000381469727,8.25,8.399999618530273,8.399999618530273,18512.0
2021-12-09,8.649999618530273,8.800000190734863,8.449999809265137,8.800000190734863,8.800000190734863,36947.0
2021-12-10,9.199999809265137,9.199999809265137,8.800000190734863,9.199999809265137,9.199999809265137,19490.0
2021-12-13,9.649999618530273,9.649999618530273,9.350000381469727,9.600000381469727,9.600000381469727,51531.0
2021-12-14,9.75,9.75,9.149999618530273,9.300000190734863,9.300000190734863,57252.0
2021-12-15,9.300000190734863,9.5,9.0,9.0,9.0,34909.0
2021-12-16,9.25,9.25,8.949999809265137,9.199999809265137,9.199999809265137,11752.0
2021-12-17,9.649999618530273,9.649999618530273,8.949999809265137,9.25,9.25,49071.0
2021-12-20,9.449999809265137,9.449999809265137,8.800000190734863,8.800000190734863,8.800000190734863,33186.0
2021-12-21,8.550000190734863,9.199999809265137,8.399999618530273,8.649999618530273,8.649999618530273,43778.0
2021-12-22,8.649999618530273,9.0,8.449999809265137,8.949999809265137,8.949999809265137,11140.0
2021-12-23,8.75,9.25,8.75,8.800000190734863,8.800000190734863,16081.0
2021-12-24,9.050000190734863,9.199999809265137,8.649999618530273,8.899999618530273,8.899999618530273,36189.0
2021-12-27,8.600000381469727,9.0,8.600000381469727,8.75,8.75,21613.0
2021-12-28,8.850000381469727,9.100000381469727,8.75,8.899999618530273,8.899999618530273,33433.0
2021-12-29,9.0,9.100000381469727,8.75,8.850000381469727,8.850000381469727,21880.0
2021-12-30,9.050000190734863,9.25,8.75,9.149999618530273,9.149999618530273,35260.0
2021-12-31,9.25,9.600000381469727,9.0,9.600000381469727,9.600000381469727,38751.0
2022-01-03,9.800000190734863,10.050000190734863,9.199999809265137,9.75,9.75,71526.0
2022-01-04,9.949999809265137,9.949999809265137,9.300000190734863,9.399999618530273,9.399999618530273,53084.0
2022-01-05,9.300000190734863,9.5,9.050000190734863,9.300000190734863,9.300000190734863,33433.0
2022-01-06,9.199999809265137,9.600000381469727,9.0,9.5,9.5,52234.0
2022-01-07,9.5,9.949999809265137,9.050000190734863,9.399999618530273,9.399999618530273,70195.0
2022-01-10,9.699999809265137,9.850000381469727,9.449999809265137,9.850000381469727,9.850000381469727,171434.0
2022-01-11,10.300000190734863,10.300000190734863,10.149999618530273,10.300000190734863,10.300000190734863,58108.0
2022-01-12,10.800000190734863,10.800000190734863,10.649999618530273,10.800000190734863,10.800000190734863,145908.0
2022-01-13,11.300000190734863,11.300000190734863,10.300000190734863,10.350000381469727,10.350000381469727,207292.0
2022-01-14,10.350000381469727,10.850000381469727,10.0,10.699999809265137,10.699999809265137,109434.0
2022-01-17,11.0,11.199999809265137,10.25,10.949999809265137,10.949999809265137,99849.0
2022-01-18,11.399999618530273,11.449999809265137,10.449999809265137,10.449999809265137,10.449999809265137,78879.0
2022-01-19,10.449999809265137,10.449999809265137,9.949999809265137,9.949999809265137,9.949999809265137,65397.0
2022-01-20,10.399999618530273,10.399999618530273,9.5,9.5,9.5,170431.0
2022-01-21,9.699999809265137,9.949999809265137,9.25,9.75,9.75,69991.0
2022-01-24,9.949999809265137,9.949999809265137,9.300000190734863,9.300000190734863,9.300000190734863,34150.0
2022-01-25,8.949999809265137,9.550000190734863,8.899999618530273,9.199999809265137,9.199999809265137,41926.0
2022-01-27,9.649999618530273,9.649999618530273,9.100000381469727,9.399999618530273,9.399999618530273,34023.0
2022-01-28,9.399999618530273,9.850000381469727,8.949999809265137,9.199999809265137,9.199999809265137,78573.0
2022-01-31,9.649999618530273,9.649999618530273,9.199999809265137,9.25,9.25,16551.0
2022-02-01,9.25,9.649999618530273,9.149999618530273,9.449999809265137,9.449999809265137,17810.0
2022-02-02,9.449999809265137,9.800000190734863,9.199999809265137,9.699999809265137,9.699999809265137,17214.0
2022-02-03,9.600000381469727,9.800000190734863,9.300000190734863,9.350000381469727,9.350000381469727,21890.0
2022-02-04,9.600000381469727,9.800000190734863,9.149999618530273,9.300000190734863,9.300000190734863,34641.0
2022-02-07,9.649999618530273,9.75,9.399999618530273,9.75,9.75,47861.0
2022-02-08,10.050000190734863,10.050000190734863,9.300000190734863,9.300000190734863,9.300000190734863,37975.0
2022-02-09,9.550000190734863,9.550000190734863,8.899999618530273,9.199999809265137,9.199999809265137,21521.0
2022-02-10,9.199999809265137,9.5,9.050000190734863,9.350000381469727,9.350000381469727,16031.0
2022-02-11,9.050000190734863,9.350000381469727,9.0,9.100000381469727,9.100000381469727,21391.0
2022-02-14,9.25,9.25,8.699999809265137,8.699999809265137,8.699999809265137,27212.0
2022-02-15,8.800000190734863,9.050000190734863,8.350000381469727,8.800000190734863,8.800000190734863,19140.0
2022-02-16,9.149999618530273,9.149999618530273,8.449999809265137,8.699999809265137,8.699999809265137,33390.0
2022-02-17,8.699999809265137,9.100000381469727,8.550000190734863,8.75,8.75,26903.0
2022-02-18,8.949999809265137,8.949999809265137,8.550000190734863,8.75,8.75,13588.0
2022-02-21,8.75,8.949999809265137,8.600000381469727,8.699999809265137,8.699999809265137,15000.0
2022-02-22,8.949999809265137,8.949999809265137,8.300000190734863,8.300000190734863,8.300000190734863,40658.0
2022-02-23,8.550000190734863,8.649999618530273,8.0,8.199999809265137,8.199999809265137,25299.0
2022-02-24,8.300000190734863,8.300000190734863,7.800000190734863,7.800000190734863,7.800000190734863,33026.0
2022-02-25,7.699999809265137,8.149999618530273,7.599999904632568,8.149999618530273,8.149999618530273,32338.0
2022-02-28,8.399999618530273,8.399999618530273,7.75,8.149999618530273,8.149999618530273,11098.0
2022-03-02,8.300000190734863,8.350000381469727,8.0,8.300000190734863,8.300000190734863,33749.0
2022-03-03,8.399999618530273,8.699999809265137,8.149999618530273,8.449999809265137,8.449999809265137,39430.0
2022-03-04,8.699999809265137,8.75,8.300000190734863,8.350000381469727,8.350000381469727,7668.0
2022-03-07,8.550000190734863,8.550000190734863,7.949999809265137,7.949999809265137,7.949999809265137,71570.0
2022-03-08,8.100000381469727,8.100000381469727,7.599999904632568,7.849999904632568,7.849999904632568,28967.0
2022-03-09,7.849999904632568,8.199999809265137,7.849999904632568,8.199999809265137,8.199999809265137,41828.0
2022-03-10,8.600000381469727,8.600000381469727,8.600000381469727,8.600000381469727,8.600000381469727,17769.0
2022-03-11,9.0,9.0,9.0,9.0,9.0,7698.0
2022-03-14,9.449999809265137,9.449999809265137,9.449999809265137,9.449999809265137,9.449999809265137,11044.0
2022-03-15,9.899999618530273,9.899999618530273,9.899999618530273,9.899999618530273,9.899999618530273,14639.0
2022-03-16,10.350000381469727,10.350000381469727,10.350000381469727,10.350000381469727,10.350000381469727,79037.0
2022-03-17,10.850000381469727,10.850000381469727,10.350000381469727,10.850000381469727,10.850000381469727,65531.0
2022-03-21,11.350000381469727,11.350000381469727,10.350000381469727,10.399999618530273,10.399999618530273,162019.0
2022-03-22,10.0,10.350000381469727,9.899999618530273,9.949999809265137,9.949999809265137,47327.0
2022-03-23,10.050000190734863,10.399999618530273,9.5,9.5,9.5,221803.0
2022-03-24,9.5,9.949999809265137,9.25,9.600000381469727,9.600000381469727,89075.0
2022-03-25,9.800000190734863,9.899999618530273,9.300000190734863,9.5,9.5,24972.0
2022-03-28,9.949999809265137,9.949999809265137,9.050000190734863,9.449999809265137,9.449999809265137,47357.0
2022-03-29,9.600000381469727,9.800000190734863,9.0,9.100000381469727,9.100000381469727,71638.0
2022-03-30,9.5,9.5,8.899999618530273,9.350000381469727,9.350000381469727,64202.0
2022-03-31,9.399999618530273,9.600000381469727,8.899999618530273,9.149999618530273,9.149999618530273,45595.0
2022-04-01,9.449999809265137,9.600000381469727,9.050000190734863,9.5,9.5,39151.0
2022-04-04,9.600000381469727,9.949999809265137,9.199999809265137,9.949999809265137,9.949999809265137,35086.0
2022-04-05,10.399999618530273,10.399999618530273,10.100000381469727,10.25,10.25,59880.0
2022-04-06,9.850000381469727,10.75,9.850000381469727,10.75,10.75,44705.0
2022-04-07,11.100000381469727,11.25,11.100000381469727,11.25,11.25,80577.0
2022-04-08,11.800000190734863,11.800000190734863,11.449999809265137,11.800000190734863,11.800000190734863,55190.0
2022-04-11,12.350000381469727,12.350000381469727,12.0,12.199999809265137,12.199999809265137,155051.0
2022-04-12,12.550000190734863,12.800000190734863,11.600000381469727,12.5,12.5,172675.0
2022-04-13,12.899999618530273,13.100000381469727,12.050000190734863,12.300000190734863,12.300000190734863,96549.0
2022-04-18,12.75,12.75,11.800000190734863,12.0,12.0,56912.0
2022-04-19,12.5,12.5,11.800000190734863,11.850000381469727,11.850000381469727,30871.0
2022-04-20,11.649999618530273,11.949999809265137,11.399999618530273,11.399999618530273,11.399999618530273,28362.0
2022-04-21,11.949999809265137,11.949999809265137,11.100000381469727,11.199999809265137,11.199999809265137,16030.0
2022-04-22,11.300000190734863,11.600000381469727,10.649999618530273,11.050000190734863,11.050000190734863,12059.0
2022-04-25,11.550000190734863,11.550000190734863,10.699999809265137,10.949999809265137,10.949999809265137,8458.0
2022-04-26,11.199999809265137,11.449999809265137,10.899999618530273,11.0,11.0,4061.0
2022-04-27,11.0,11.0,10.449999809265137,10.550000190734863,10.550000190734863,24722.0
2022-04-28,10.5,10.899999618530273,10.199999809265137,10.5,10.5,6336.0
2022-04-29,10.0,10.899999618530273,10.0,10.699999809265137,10.699999809265137,24127.0
2022-05-02,10.800000190734863,10.800000190734863,10.25,10.550000190734863,10.550000190734863,5109.0
2022-05-04,10.800000190734863,10.800000190734863,10.199999809265137,10.25,10.25,2547.0
2022-05-05,9.800000190734863,10.699999809265137,9.800000190734863,9.850000381469727,9.850000381469727,9689.0
2022-05-06,9.399999618530273,10.25,9.399999618530273,9.550000190734863,9.550000190734863,8472.0
2022-05-09,9.5,10.0,9.100000381469727,9.5,9.5,9290.0
2022-05-10,9.949999809265137,9.949999809265137,9.399999618530273,9.600000381469727,9.600000381469727,20931.0
2022-05-11,9.949999809265137,10.0,9.149999618530273,9.25,9.25,16405.0
2022-05-12,9.600000381469727,9.600000381469727,8.899999618530273,9.350000381469727,9.350000381469727,4614.0
2022-05-13,9.699999809265137,9.800000190734863,9.350000381469727,9.600000381469727,9.600000381469727,2622.0
2022-05-16,9.949999809265137,9.949999809265137,9.350000381469727,9.449999809265137,9.449999809265137,5803.0
2022-05-17,9.449999809265137,9.899999618530273,9.0,9.899999618530273,9.899999618530273,7519.0
2022-05-18,9.899999618530273,10.300000190734863,9.449999809265137,9.850000381469727,9.850000381469727,21785.0
2022-05-19,10.199999809265137,10.199999809265137,9.399999618530273,9.399999618530273,9.399999618530273,13000.0
2022-05-20,9.850000381469727,9.850000381469727,8.949999809265137,9.550000190734863,9.550000190734863,16980.0
2022-05-23,9.649999618530273,9.649999618530273,9.100000381469727,9.199999809265137,9.199999809265137,4775.0
2022-05-24,9.600000381469727,9.600000381469727,9.25,9.25,9.25,3007.0
2022-05-25,9.600000381469727,9.600000381469727,8.800000190734863,9.300000190734863,9.300000190734863,12966.0
2022-05-26,9.399999618530273,9.449999809265137,8.850000381469727,9.050000190734863,9.050000190734863,5992.0
2022-05-27,9.399999618530273,9.399999618530273,9.0,9.149999618530273,9.149999618530273,1677.0
2022-05-30,9.5,9.5,9.0,9.300000190734863,9.300000190734863,741.0
2022-05-31,9.649999618530273,9.649999618530273,8.850000381469727,9.100000381469727,9.100000381469727,8912.0
2022-06-01,8.850000381469727,9.300000190734863,8.850000381469727,9.25,9.25,5531.0
2022-06-02,8.800000190734863,9.449999809265137,8.800000190734863,9.300000190734863,9.300000190734863,15086.0
2022-06-03,8.899999618530273,9.550000190734863,8.899999618530273,9.199999809265137,9.199999809265137,5172.0
2022-06-06,8.850000381469727,9.399999618530273,8.850000381469727,9.25,9.25,6112.0
2022-06-07,9.25,9.25,8.949999809265137,9.050000190734863,9.050000190734863,6687.0
2022-06-08,8.699999809265137,9.350000381469727,8.699999809265137,9.050000190734863,9.050000190734863,10339.0
2022-06-09,9.050000190734863,9.449999809265137,9.050000190734863,9.25,9.25,8822.0
2022-06-10,9.449999809265137,9.449999809265137,9.0,9.0,9.0,5284.0
2022-06-13,9.350000381469727,9.350000381469727,8.550000190734863,8.699999809265137,8.699999809265137,11116.0
2022-06-14,8.350000381469727,9.100000381469727,8.350000381469727,8.850000381469727,8.850000381469727,23257.0
2022-06-15,9.25,9.25,8.600000381469727,9.0,9.0,7162.0
2022-06-16,9.199999809265137,9.199999809265137,8.600000381469727,8.649999618530273,8.649999618530273,5522.0
2022-06-17,8.5,9.0,8.5,8.899999618530273,8.899999618530273,3543.0
2022-06-20,8.699999809265137,8.699999809265137,8.5,8.5,8.5,9408.0
2022-06-21,8.149999618530273,8.649999618530273,8.149999618530273,8.5,8.5,4062.0
2022-06-22,8.899999618530273,8.899999618530273,8.350000381469727,8.399999618530273,8.399999618530273,2894.0
2022-06-23,8.25,8.550000190734863,8.25,8.25,8.25,7736.0
2022-06-24,8.649999618530273,8.649999618530273,8.0,8.600000381469727,8.600000381469727,18671.0
2022-06-27,8.899999618530273,8.899999618530273,8.350000381469727,8.75,8.75,8788.0
2022-06-28,8.399999618530273,8.850000381469727,8.399999618530273,8.699999809265137,8.699999809265137,10975.0
2022-06-29,8.699999809265137,8.850000381469727,8.300000190734863,8.550000190734863,8.550000190734863,16447.0
2022-06-30,8.850000381469727,8.850000381469727,8.399999618530273,8.550000190734863,8.550000190734863,14684.0
2022-07-01,8.550000190734863,8.699999809265137,8.199999809265137,8.5,8.5,12770.0
2022-07-04,8.5,8.800000190734863,8.350000381469727,8.649999618530273,8.649999618530273,12295.0
2022-07-05,8.850000381469727,8.850000381469727,8.399999618530273,8.800000190734863,8.800000190734863,3583.0
2022-07-06,8.649999618530273,8.850000381469727,8.399999618530273,8.449999809265137,8.449999809265137,25573.0
2022-07-07,8.649999618530273,8.800000190734863,8.25,8.699999809265137,8.699999809265137,19312.0
2022-07-08,8.399999618530273,8.75,8.399999618530273,8.649999618530273,8.649999618530273,8539.0
2022-07-11,8.399999618530273,8.949999809265137,8.399999618530273,8.75,8.75,9119.0
2022-07-12,8.550000190734863,9.100000381469727,8.5,8.800000190734863,8.800000190734863,11128.0
2022-07-13,9.0,9.100000381469727,8.649999618530273,8.850000381469727,8.850000381469727,14578.0
2022-07-14,8.649999618530273,9.0,8.600000381469727,8.75,8.75,9984.0
2022-07-15,8.649999618530273,8.949999809265137,8.550000190734863,8.75,8.75,11766.0
2022-07-18,9.149999618530273,9.149999618530273,8.550000190734863,9.149999618530273,9.149999618530273,46239.0
2022-07-19,8.850000381469727,9.300000190734863,8.850000381469727,9.100000381469727,9.100000381469727,9959.0
2022-07-20,9.399999618530273,9.399999618530273,8.899999618530273,9.199999809265137,9.199999809265137,13529.0
2022-07-21,9.199999809265137,9.300000190734863,8.850000381469727,8.949999809265137,8.949999809265137,16264.0
2022-07-22,8.850000381469727,9.199999809265137,8.850000381469727,9.0,9.0,10380.0
2022-07-25,8.699999809265137,9.149999618530273,8.600000381469727,8.75,8.75,25188.0
2022-07-26,8.649999618530273,8.949999809265137,8.5,8.699999809265137,8.699999809265137,26011.0
2022-07-27,8.550000190734863,8.649999618530273,8.399999618530273,8.449999809265137,8.449999809265137,26410.0
2022-07-28,8.800000190734863,8.800000190734863,8.300000190734863,8.5,8.5,12548.0
2022-07-29,8.5,8.800000190734863,8.399999618530273,8.600000381469727,8.600000381469727,9224.0
2022-08-01,8.949999809265137,9.0,8.449999809265137,8.949999809265137,8.949999809265137,45141.0
2022-08-02,9.149999618530273,9.25,8.699999809265137,9.100000381469727,9.100000381469727,19203.0
2022-08-03,9.100000381469727,9.350000381469727,8.75,8.800000190734863,8.800000190734863,12307.0
2022-08-04,9.149999618530273,9.149999618530273,8.449999809265137,8.600000381469727,8.600000381469727,44594.0
2022-08-05,8.899999618530273,9.399999618530273,8.600000381469727,9.100000381469727,9.100000381469727,23758.0
2022-08-08,10.0,10.0,8.899999618530273,8.949999809265137,8.949999809265137,18248.0
2022-08-10,9.149999618530273,9.199999809265137,8.800000190734863,8.899999618530273,8.899999618530273,19521.0
2022-08-11,9.199999809265137,9.75,9.149999618530273,9.75,9.75,123566.0
2022-08-12,10.5,10.699999809265137,10.350000381469727,10.699999809265137,10.699999809265137,82441.0
2022-08-16,10.899999618530273,11.75,10.149999618530273,10.850000381469727,10.850000381469727,351651.0
2022-08-17,10.800000190734863,11.699999809265137,10.350000381469727,10.949999809265137,10.949999809265137,132594.0
2022-08-18,11.649999618530273,11.649999618530273,10.550000190734863,10.649999618530273,10.649999618530273,101491.0
2022-08-19,11.350000381469727,11.449999809265137,10.100000381469727,10.899999618530273,10.899999618530273,104276.0
2022-08-22,10.899999618530273,10.899999618530273,10.0,10.100000381469727,10.100000381469727,101354.0
2022-08-23,10.100000381469727,10.149999618530273,9.600000381469727,9.75,9.75,40767.0
2022-08-24,10.5,10.5,9.449999809265137,10.0,10.0,54159.0
2022-08-25,10.449999809265137,10.5,9.899999618530273,10.149999618530273,10.149999618530273,53480.0
2022-08-26,10.449999809265137,10.449999809265137,9.75,9.949999809265137,9.949999809265137,40337.0
2022-08-29,10.25,10.25,9.649999618530273,9.949999809265137,9.949999809265137,13058.0
2022-08-30,10.100000381469727,10.899999618530273,9.0,10.25,10.25,141037.0
2022-09-01,10.25,11.199999809265137,10.25,10.850000381469727,10.850000381469727,129218.0
2022-09-02,10.75,11.5,10.75,11.149999618530273,11.149999618530273,86912.0
2022-09-05,11.600000381469727,12.25,11.25,12.25,12.25,117040.0
2022-09-06,12.300000190734863,13.449999809265137,12.300000190734863,13.449999809265137,13.449999809265137,358319.0
2022-09-07,13.600000381469727,14.100000381469727,13.449999809265137,14.100000381469727,14.100000381469727,333779.0
2022-09-08,14.399999618530273,14.399999618530273,13.399999618530273,13.550000190734863,13.550000190734863,239749.0
2022-09-09,13.399999618530273,14.050000190734863,13.050000190734863,13.199999809265137,13.199999809265137,71825.0
2022-09-12,12.899999618530273,13.600000381469727,12.75,13.149999618530273,13.149999618530273,57440.0
2022-09-13,12.75,13.75,12.75,13.300000190734863,13.300000190734863,51017.0
2022-09-14,12.800000190734863,13.949999809265137,12.800000190734863,13.949999809265137,13.949999809265137,88259.0
2022-09-15,14.449999809265137,14.449999809265137,13.399999618530273,13.449999809265137,13.449999809265137,102246.0
2022-09-16,13.899999618530273,13.899999618530273,12.800000190734863,12.899999618530273,12.899999618530273,71316.0
2022-09-19,12.649999618530273,13.0,12.350000381469727,12.399999618530273,12.399999618530273,30463.0
2022-09-20,12.5,13.0,12.149999618530273,13.0,13.0,30259.0
2022-09-21,13.550000190734863,13.550000190734863,12.75,12.899999618530273,12.899999618530273,62914.0
2022-09-22,12.600000381469727,13.350000381469727,12.449999809265137,12.5,12.5,21436.0
2022-09-23,12.399999618530273,12.800000190734863,11.899999618530273,12.050000190734863,12.050000190734863,30484.0
2022-09-26,11.800000190734863,12.350000381469727,11.449999809265137,11.5,11.5,38812.0
2022-09-27,11.600000381469727,11.800000190734863,11.050000190734863,11.149999618530273,11.149999618530273,27443.0
2022-09-28,10.850000381469727,11.600000381469727,10.850000381469727,11.199999809265137,11.199999809265137,15670.0
2022-09-29,11.699999809265137,11.75,10.800000190734863,10.850000381469727,10.850000381469727,58479.0
2022-09-30,11.25,11.25,10.600000381469727,10.899999618530273,10.899999618530273,35259.0
2022-10-03,11.350000381469727,11.350000381469727,10.600000381469727,10.699999809265137,10.699999809265137,33208.0
2022-10-04,10.850000381469727,10.850000381469727,10.699999809265137,10.850000381469727,10.850000381469727,10794.0
2022-10-06,11.0,11.350000381469727,10.850000381469727,11.350000381469727,11.350000381469727,8844.0
2022-10-07,11.850000381469727,11.850000381469727,11.050000190734863,11.300000190734863,11.300000190734863,49675.0
2022-10-10,11.649999618530273,11.649999618530273,11.050000190734863,11.5,11.5,20410.0
2022-10-11,11.949999809265137,11.949999809265137,11.0,11.199999809265137,11.199999809265137,12598.0
2022-10-12,11.300000190734863,11.5,10.949999809265137,11.100000381469727,11.100000381469727,11816.0
2022-10-13,10.949999809265137,11.5,10.75,11.449999809265137,11.449999809265137,18467.0
2022-10-14,11.449999809265137,11.800000190734863,11.149999618530273,11.399999618530273,11.399999618530273,50079.0
2022-10-17,11.850000381469727,11.899999618530273,11.149999618530273,11.350000381469727,11.350000381469727,24281.0
2022-10-18,11.75,11.75,11.350000381469727,11.600000381469727,11.600000381469727,20028.0
2022-10-19,11.600000381469727,11.75,11.100000381469727,11.149999618530273,11.149999618530273,21864.0
2022-10-20,10.850000381469727,11.600000381469727,10.850000381469727,11.350000381469727,11.350000381469727,16757.0
2022-10-21,11.399999618530273,11.699999809265137,11.149999618530273,11.199999809265137,11.199999809265137,9173.0
2022-10-24,11.649999618530273,11.75,11.300000190734863,11.75,11.75,11918.0
2022-10-25,12.300000190734863,12.300000190734863,11.800000190734863,12.300000190734863,12.300000190734863,30369.0
2022-10-27,12.899999618530273,12.899999618530273,11.850000381469727,12.800000190734863,12.800000190734863,107966.0
2022-10-28,12.800000190734863,13.100000381469727,12.399999618530273,12.449999809265137,12.449999809265137,45452.0
2022-10-31,12.850000381469727,12.899999618530273,12.050000190734863,12.199999809265137,12.199999809265137,36594.0
2022-11-01,11.800000190734863,12.399999618530273,11.649999618530273,11.649999618530273,11.649999618530273,50691.0
2022-11-02,11.699999809265137,11.75,11.25,11.300000190734863,11.300000190734863,35623.0
2022-11-03,11.5,11.5,11.199999809265137,11.449999809265137,11.449999809265137,18170.0
2022-11-04,11.899999618530273,11.899999618530273,11.100000381469727,11.199999809265137,11.199999809265137,31900.0
2022-11-07,11.300000190734863,11.75,11.0,11.050000190734863,11.050000190734863,34191.0
2022-11-09,11.550000190734863,11.600000381469727,11.100000381469727,11.600000381469727,11.600000381469727,17551.0
2022-11-10,12.149999618530273,12.149999618530273,11.600000381469727,11.699999809265137,11.699999809265137,30983.0
2022-11-11,12.199999809265137,12.25,11.600000381469727,12.0,12.0,29056.0
2022-11-14,12.0,12.199999809265137,11.5,11.550000190734863,11.550000190734863,40622.0
2022-11-15,11.899999618530273,11.899999618530273,11.0,11.0,11.0,80052.0
2022-11-16,11.199999809265137,11.199999809265137,10.600000381469727,10.699999809265137,10.699999809265137,26671.0
2022-11-17,10.850000381469727,11.199999809265137,10.600000381469727,11.199999809265137,11.199999809265137,51651.0
2022-11-18,11.75,11.75,10.75,11.050000190734863,11.050000190734863,28500.0
2022-11-21,11.300000190734863,11.300000190734863,10.699999809265137,10.800000190734863,10.800000190734863,16781.0
2022-11-22,10.600000381469727,11.300000190734863,10.600000381469727,11.199999809265137,11.199999809265137,39270.0
2022-11-23,11.600000381469727,11.600000381469727,11.100000381469727,11.449999809265137,11.449999809265137,17353.0
2022-11-24,11.399999618530273,11.449999809265137,11.0,11.199999809265137,11.199999809265137,16768.0
2022-11-25,11.399999618530273,11.399999618530273,10.850000381469727,11.0,11.0,28714.0
2022-11-28,11.0,11.350000381469727,10.800000190734863,10.899999618530273,10.899999618530273,16511.0
2022-11-29,11.100000381469727,11.399999618530273,10.899999618530273,11.0,11.0,89157.0
2022-11-30,11.0,11.550000190734863,11.0,11.449999809265137,11.449999809265137,54986.0
2022-12-01,11.899999618530273,11.899999618530273,11.149999618530273,11.25,11.25,37446.0
2022-12-02,11.600000381469727,11.600000381469727,10.899999618530273,11.350000381469727,11.350000381469727,34757.0
2022-12-05,11.399999618530273,11.5,10.949999809265137,11.100000381469727,11.100000381469727,24653.0
2022-12-06,11.350000381469727,11.449999809265137,11.0,11.149999618530273,11.149999618530273,18169.0
2022-12-07,11.199999809265137,11.25,11.050000190734863,11.100000381469727,11.100000381469727,19265.0
2022-12-08,11.399999618530273,11.399999618530273,10.850000381469727,11.050000190734863,11.050000190734863,64906.0
2022-12-09,11.0,11.25,11.0,11.149999618530273,11.149999618530273,9344.0
2022-12-12,11.199999809265137,11.699999809265137,10.75,11.699999809265137,11.699999809265137,79365.0
2022-12-13,12.199999809265137,12.25,11.75,12.25,12.25,104098.0
2022-12-14,12.850000381469727,12.850000381469727,12.449999809265137,12.850000381469727,12.850000381469727,70666.0
2022-12-15,13.399999618530273,13.449999809265137,12.949999809265137,13.449999809265137,13.449999809265137,85872.0
2022-12-16,13.649999618530273,14.100000381469727,12.850000381469727,13.949999809265137,13.949999809265137,363718.0
2022-12-19,14.5,14.600000381469727,13.649999618530273,13.949999809265137,13.949999809265137,155692.0
2022-12-20,14.300000190734863,14.300000190734863,13.300000190734863,13.600000381469727,13.600000381469727,114635.0
2022-12-21,13.399999618530273,13.75,13.0,13.5,13.5,182754.0
2022-12-22,13.399999618530273,13.75,12.850000381469727,12.850000381469727,12.850000381469727,159377.0
2022-12-23,12.75,12.75,12.25,12.25,12.25,67567.0
2022-12-26,11.649999618530273,12.699999809265137,11.649999618530273,12.0,12.0,70285.0
2022-12-27,12.399999618530273,12.600000381469727,12.25,12.600000381469727,12.600000381469727,34259.0
2022-12-28,13.199999809265137,13.199999809265137,12.300000190734863,13.050000190734863,13.050000190734863,69292.0
2022-12-29,13.050000190734863,13.399999618530273,12.550000190734863,12.699999809265137,12.699999809265137,29453.0
2022-12-30,13.0,13.199999809265137,12.800000190734863,12.949999809265137,12.949999809265137,20723.0
2023-01-02,13.300000190734863,13.550000190734863,12.800000190734863,13.0,13.0,128823.0
2023-01-03,13.0,13.149999618530273,12.699999809265137,12.899999618530273,12.899999618530273,42905.0
2023-01-04,13.100000381469727,13.100000381469727,12.300000190734863,12.300000190734863,12.300000190734863,69332.0
2023-01-05,12.550000190734863,12.550000190734863,11.899999618530273,12.050000190734863,12.050000190734863,20651.0
2023-01-06,12.300000190734863,12.300000190734863,12.0,12.100000381469727,12.100000381469727,13447.0
2023-01-09,12.399999618530273,12.399999618530273,11.75,12.199999809265137,12.199999809265137,17252.0
2023-01-10,12.199999809265137,12.300000190734863,11.850000381469727,11.850000381469727,11.850000381469727,17869.0
2023-01-11,11.850000381469727,12.25,11.600000381469727,11.850000381469727,11.850000381469727,10672.0
2023-01-12,12.050000190734863,12.100000381469727,11.649999618530273,11.800000190734863,11.800000190734863,20896.0
2023-01-13,11.699999809265137,12.0,11.600000381469727,11.800000190734863,11.800000190734863,16424.0
2023-01-16,12.300000190734863,12.300000190734863,11.449999809265137,11.649999618530273,11.649999618530273,22837.0
2023-01-17,11.550000190734863,11.850000381469727,11.350000381469727,11.600000381469727,11.600000381469727,22339.0
2023-01-18,11.75,11.800000190734863,11.050000190734863,11.050000190734863,11.050000190734863,134556.0
2023-01-19,10.850000381469727,11.399999618530273,10.649999618530273,11.199999809265137,11.199999809265137,45607.0
2023-01-20,11.350000381469727,11.350000381469727,10.949999809265137,11.100000381469727,11.100000381469727,6572.0
2023-01-23,10.75,11.449999809265137,10.75,10.850000381469727,10.850000381469727,26109.0
2023-01-24,11.199999809265137,11.199999809265137,10.600000381469727,10.850000381469727,10.850000381469727,29176.0
2023-01-25,11.0,11.149999618530273,10.850000381469727,11.050000190734863,11.050000190734863,14994.0
2023-01-27,11.0,11.25,10.5,10.75,10.75,46377.0
2023-01-30,11.0,11.100000381469727,10.350000381469727,10.5,10.5,58902.0
2023-01-31,10.5,10.649999618530273,10.149999618530273,10.399999618530273,10.399999618530273,73776.0
2023-02-01,10.600000381469727,10.75,9.899999618530273,9.949999809265137,9.949999809265137,68188.0
2023-02-02,10.100000381469727,10.149999618530273,9.449999809265137,9.449999809265137,9.449999809265137,69595.0
2023-02-03,9.5,9.5,9.149999618530273,9.300000190734863,9.300000190734863,28531.0
2023-02-06,9.5,9.550000190734863,9.100000381469727,9.300000190734863,9.300000190734863,30979.0
2023-02-07,9.449999809265137,9.600000381469727,9.149999618530273,9.350000381469727,9.350000381469727,40075.0
2023-02-08,9.399999618530273,9.800000190734863,9.399999618530273,9.75,9.75,30973.0
2023-02-09,10.100000381469727,10.100000381469727,9.449999809265137,9.800000190734863,9.800000190734863,12662.0
2023-02-10,10.100000381469727,10.25,9.649999618530273,10.25,10.25,15715.0
2023-02-13,10.5,10.5,10.100000381469727,10.25,10.25,10151.0
2023-02-14,10.199999809265137,10.199999809265137,9.75,9.75,9.75,15625.0
2023-02-15,9.649999618530273,9.699999809265137,9.350000381469727,9.449999809265137,9.449999809265137,18493.0
2023-02-16,9.75,9.899999618530273,9.449999809265137,9.899999618530273,9.899999618530273,12277.0
2023-02-17,10.149999618530273,10.149999618530273,9.550000190734863,10.0,10.0,7254.0
2023-02-20,10.449999809265137,10.449999809265137,9.600000381469727,9.649999618530273,9.649999618530273,6520.0
2023-02-21,9.800000190734863,9.800000190734863,9.300000190734863,9.5,9.5,7970.0
2023-02-22,9.399999618530273,9.399999618530273,9.050000190734863,9.050000190734863,9.050000190734863,69510.0
2023-02-23,9.300000190734863,9.300000190734863,8.649999618530273,8.800000190734863,8.800000190734863,26302.0
2023-02-24,9.0,9.0,8.600000381469727,8.699999809265137,8.699999809265137,5568.0
2023-02-27,8.850000381469727,8.899999618530273,8.600000381469727,8.649999618530273,8.649999618530273,5733.0
2023-02-28,8.649999618530273,8.850000381469727,8.550000190734863,8.75,8.75,4441.0
2023-03-01,8.949999809265137,9.0,8.350000381469727,8.449999809265137,8.449999809265137,66255.0
2023-03-02,8.5,8.5,8.050000190734863,8.149999618530273,8.149999618530273,135792.0
2023-03-03,8.550000190734863,8.550000190734863,7.849999904632568,8.050000190734863,8.050000190734863,70303.0
2023-03-06,8.350000381469727,8.350000381469727,8.0,8.25,8.25,49182.0
2023-03-08,8.449999809265137,8.649999618530273,7.849999904632568,8.5,8.5,45000.0
2023-03-09,8.600000381469727,8.899999618530273,8.600000381469727,8.899999618530273,8.899999618530273,24035.0
2023-03-10,9.300000190734863,9.300000190734863,8.550000190734863,8.850000381469727,8.850000381469727,11708.0
2023-03-13,8.850000381469727,9.100000381469727,8.399999618530273,8.399999618530273,8.399999618530273,22140.0
2023-03-14,8.5,8.800000190734863,8.399999618530273,8.800000190734863,8.800000190734863,23114.0
2023-03-15,9.199999809265137,9.199999809265137,8.5,8.649999618530273,8.649999618530273,14946.0
2023-03-16,8.850000381469727,8.949999809265137,8.399999618530273,8.699999809265137,8.699999809265137,51051.0
2023-03-17,9.100000381469727,9.100000381469727,8.449999809265137,8.600000381469727,8.600000381469727,71019.0
2023-03-20,8.899999618530273,8.899999618530273,8.350000381469727,8.550000190734863,8.550000190734863,107356.0
2023-03-21,8.699999809265137,8.699999809265137,8.25,8.300000190734863,8.300000190734863,30504.0
2023-03-22,8.199999809265137,8.649999618530273,8.050000190734863,8.149999618530273,8.149999618530273,70656.0
2023-03-23,8.050000190734863,8.550000190734863,8.050000190734863,8.199999809265137,8.199999809265137,83767.0
2023-03-24,8.399999618530273,8.550000190734863,8.149999618530273,8.25,8.25,196940.0
2023-03-27,8.550000190734863,8.649999618530273,8.149999618530273,8.199999809265137,8.199999809265137,34214.0
2023-03-28,8.050000190734863,8.600000381469727,7.849999904632568,8.0,8.0,25264.0
2023-03-29,8.199999809265137,8.399999618530273,8.0,8.199999809265137,8.199999809265137,15133.0
2023-03-31,8.0,8.5,7.800000190734863,8.0,8.0,95652.0
2023-04-03,8.399999618530273,8.399999618530273,7.699999809265137,8.100000381469727,8.100000381469727,23615.0
2023-04-05,8.449999809265137,8.5,8.25,8.300000190734863,8.300000190734863,31396.0
2023-04-06,8.600000381469727,8.699999809265137,8.25,8.699999809265137,8.699999809265137,15915.0
2023-04-10,8.850000381469727,9.100000381469727,8.699999809265137,9.050000190734863,9.050000190734863,14704.0
2023-04-11,9.300000190734863,9.300000190734863,8.899999618530273,9.050000190734863,9.050000190734863,8001.0
2023-04-12,9.5,9.5,8.800000190734863,8.949999809265137,8.949999809265137,11806.0
2023-04-13,9.100000381469727,9.100000381469727,8.699999809265137,8.899999618530273,8.899999618530273,8037.0
2023-04-17,9.350000381469727,9.350000381469727,8.649999618530273,9.050000190734863,9.050000190734863,9463.0
2023-04-18,9.199999809265137,9.199999809265137,8.800000190734863,9.050000190734863,9.050000190734863,9709.0
2023-04-19,9.350000381469727,9.350000381469727,8.850000381469727,9.0,9.0,5767.0
2023-04-20,9.100000381469727,9.149999618530273,8.800000190734863,8.899999618530273,8.899999618530273,20752.0
2023-04-21,9.149999618530273,9.149999618530273,8.800000190734863,9.100000381469727,9.100000381469727,21323.0
2023-04-24,9.25,9.25,8.899999618530273,9.0,9.0,19345.0
2023-04-25,9.100000381469727,9.100000381469727,8.350000381469727,8.899999618530273,8.899999618530273,19515.0
2023-04-26,8.399999618530273,9.449999809265137,8.350000381469727,9.149999618530273,9.149999618530273,54526.0
2023-04-27,9.149999618530273,9.399999618530273,8.949999809265137,9.0,9.0,8886.0
2023-04-28,9.100000381469727,9.399999618530273,9.050000190734863,9.25,9.25,12308.0
2023-05-02,9.699999809265137,9.699999809265137,9.25,9.350000381469727,9.350000381469727,11332.0
2023-05-03,9.050000190734863,9.5,9.050000190734863,9.300000190734863,9.300000190734863,39743.0
2023-05-04,9.449999809265137,10.0,9.25,9.649999618530273,9.649999618530273,40839.0
2023-05-05,10.0,10.100000381469727,9.199999809265137,9.550000190734863,9.550000190734863,47780.0
2023-05-08,9.75,10.5,9.600000381469727,10.5,10.5,140766.0
2023-05-09,11.550000190734863,11.550000190734863,11.25,11.550000190734863,11.550000190734863,77398.0
2023-05-10,12.600000381469727,12.699999809265137,11.25,12.699999809265137,12.699999809265137,1354655.0
2023-05-11,13.149999618530273,13.300000190734863,12.300000190734863,12.75,12.75,576156.0
2023-05-12,12.699999809265137,13.350000381469727,12.300000190734863,13.350000381469727,13.350000381469727,296381.0
2023-05-15,13.75,13.75,12.75,12.899999618530273,12.899999618530273,186096.0
2023-05-16,13.199999809265137,13.199999809265137,12.5,12.800000190734863,12.800000190734863,98100.0
2023-05-17,13.0,13.0,12.300000190734863,12.350000381469727,12.350000381469727,61279.0
2023-05-18,12.899999618530273,12.899999618530273,12.100000381469727,12.199999809265137,12.199999809265137,27356.0
2023-05-19,12.5,12.5,11.850000381469727,12.0,12.0,38632.0
2023-05-22,11.449999809265137,12.449999809265137,11.449999809265137,11.600000381469727,11.600000381469727,53767.0
2023-05-23,11.899999618530273,11.899999618530273,11.050000190734863,11.050000190734863,11.050000190734863,30349.0
2023-05-24,11.199999809265137,11.350000381469727,10.600000381469727,10.800000190734863,10.800000190734863,10485.0
2023-05-25,10.800000190734863,10.850000381469727,10.5,10.800000190734863,10.800000190734863,10312.0
2023-05-26,10.850000381469727,11.0,10.850000381469727,10.949999809265137,10.949999809265137,15187.0
2023-05-29,11.0,11.199999809265137,10.600000381469727,10.899999618530273,10.899999618530273,12559.0
2023-05-30,11.0,11.199999809265137,10.600000381469727,10.600000381469727,10.600000381469727,11741.0
2023-05-31,10.699999809265137,10.850000381469727,10.199999809265137,10.649999618530273,10.649999618530273,29306.0
2023-06-01,10.5,10.75,10.5,10.600000381469727,10.600000381469727,22459.0
2023-06-02,10.600000381469727,11.100000381469727,10.550000190734863,11.100000381469727,11.100000381469727,37372.0
2023-06-05,11.100000381469727,11.600000381469727,10.800000190734863,11.5,11.5,44815.0
2023-06-06,11.5,11.899999618530273,11.199999809265137,11.550000190734863,11.550000190734863,37549.0
2023-06-07,11.199999809265137,11.899999618530273,11.199999809265137,11.449999809265137,11.449999809265137,27484.0
2023-06-08,11.350000381469727,11.699999809265137,11.350000381469727,11.550000190734863,11.550000190734863,20532.0
2023-06-09,11.100000381469727,11.949999809265137,11.100000381469727,11.399999618530273,11.399999618530273,10487.0
2023-06-12,11.399999618530273,11.5,11.050000190734863,11.449999809265137,11.449999809265137,10778.0
2023-06-13,11.800000190734863,11.800000190734863,10.949999809265137,11.050000190734863,11.050000190734863,28580.0
2023-06-14,11.449999809265137,11.449999809265137,11.0,11.25,11.25,7327.0
2023-06-15,11.050000190734863,11.449999809265137,10.949999809265137,11.0,11.0,16949.0
2023-06-16,11.449999809265137,11.449999809265137,10.600000381469727,10.800000190734863,10.800000190734863,40496.0
2023-06-19,11.199999809265137,11.199999809265137,10.449999809265137,10.850000381469727,10.850000381469727,15075.0
2023-06-20,10.850000381469727,11.0,10.600000381469727,10.699999809265137,10.699999809265137,11168.0
2023-06-21,10.949999809265137,11.0,10.75,10.850000381469727,10.850000381469727,2497.0
2023-06-22,10.850000381469727,10.850000381469727,10.5,10.699999809265137,10.699999809265137,10200.0
2023-06-23,10.800000190734863,11.199999809265137,10.5,10.75,10.75,129058.0
2023-06-26,11.149999618530273,11.149999618530273,10.25,10.25,10.25,83477.0
2023-06-27,10.75,10.75,10.0,10.149999618530273,10.149999618530273,29214.0
2023-06-28,10.600000381469727,10.649999618530273,9.949999809265137,10.5,10.5,32179.0
2023-06-30,10.649999618530273,10.649999618530273,10.0,10.550000190734863,10.550000190734863,19987.0
2023-07-03,10.5,10.949999809265137,10.199999809265137,10.5,10.5,28735.0
2023-07-04,10.600000381469727,10.649999618530273,10.050000190734863,10.300000190734863,10.300000190734863,17993.0
2023-07-05,10.350000381469727,10.399999618530273,10.100000381469727,10.149999618530273,10.149999618530273,15929.0
2023-07-06,10.5,10.5,10.100000381469727,10.25,10.25,7327.0
2023-07-07,10.350000381469727,10.5,9.75,9.800000190734863,9.800000190734863,171673.0
2023-07-10,10.199999809265137,10.25,9.600000381469727,10.100000381469727,10.100000381469727,31376.0
2023-07-11,10.5,10.5,9.600000381469727,9.649999618530273,9.649999618530273,75649.0
2023-07-12,9.850000381469727,9.850000381469727,9.399999618530273,9.600000381469727,9.600000381469727,33803.0
2023-07-13,9.600000381469727,9.850000381469727,9.600000381469727,9.699999809265137,9.699999809265137,24020.0
2023-07-14,10.100000381469727,10.100000381469727,9.449999809265137,9.850000381469727,9.850000381469727,19861.0
2023-07-17,10.25,10.25,9.550000190734863,9.949999809265137,9.949999809265137,27250.0
2023-07-18,10.0,10.100000381469727,9.449999809265137,9.449999809265137,9.449999809265137,108286.0
2023-07-19,9.600000381469727,9.699999809265137,9.199999809265137,9.449999809265137,9.449999809265137,58526.0
2023-07-20,9.5,9.699999809265137,9.350000381469727,9.550000190734863,9.550000190734863,10474.0
2023-07-21,9.649999618530273,9.649999618530273,9.199999809265137,9.550000190734863,9.550000190734863,37576.0
2023-07-24,9.550000190734863,9.550000190734863,9.25,9.449999809265137,9.449999809265137,6729.0
2023-07-25,9.649999618530273,9.75,9.300000190734863,9.5,9.5,23817.0
2023-07-26,9.899999618530273,9.899999618530273,9.050000190734863,9.5,9.5,26171.0
2023-07-27,9.600000381469727,9.600000381469727,9.350000381469727,9.399999618530273,9.399999618530273,22220.0
2023-07-28,9.600000381469727,9.75,9.25,9.600000381469727,9.600000381469727,7105.0
2023-07-31,9.75,9.949999809265137,9.699999809265137,9.850000381469727,9.850000381469727,16992.0
2023-08-01,10.0,10.300000190734863,9.5,10.0,10.0,29766.0
2023-08-02,10.0,10.050000190734863,9.600000381469727,9.949999809265137,9.949999809265137,22294.0
2023-08-03,9.949999809265137,10.100000381469727,9.5,9.850000381469727,9.850000381469727,35677.0
2023-08-04,9.850000381469727,10.100000381469727,9.449999809265137,9.649999618530273,9.649999618530273,35887.0
2023-08-07,10.100000381469727,10.100000381469727,9.399999618530273,9.550000190734863,9.550000190734863,20725.0
2023-08-08,9.899999618530273,9.949999809265137,9.649999618530273,9.75,9.75,14723.0
2023-08-09,10.100000381469727,10.100000381469727,9.75,9.75,9.75,20163.0
2023-08-10,9.949999809265137,9.949999809265137,9.699999809265137,9.800000190734863,9.800000190734863,5432.0
2023-08-11,9.649999618530273,9.949999809265137,9.550000190734863,9.850000381469727,9.850000381469727,10257.0
2023-08-14,10.0,10.0,9.449999809265137,9.949999809265137,9.949999809265137,10102.0
2023-08-16,10.199999809265137,10.199999809265137,9.550000190734863,9.649999618530273,9.649999618530273,29620.0
2023-08-17,9.300000190734863,9.899999618530273,9.300000190734863,9.699999809265137,9.699999809265137,45163.0
2023-08-18,10.0,10.0,9.399999618530273,9.5,9.5,35736.0
2023-08-21,9.850000381469727,9.850000381469727,9.300000190734863,9.399999618530273,9.399999618530273,35684.0
2023-08-22,9.600000381469727,9.699999809265137,9.449999809265137,9.649999618530273,9.649999618530273,17873.0
2023-08-23,9.949999809265137,9.949999809265137,9.550000190734863,9.699999809265137,9.699999809265137,105466.0
2023-08-24,9.899999618530273,9.899999618530273,9.649999618530273,9.850000381469727,9.850000381469727,48848.0
2023-08-25,9.949999809265137,9.949999809265137,9.699999809265137,9.800000190734863,9.800000190734863,60115.0
2023-08-28,9.699999809265137,9.899999618530273,9.699999809265137,9.800000190734863,9.800000190734863,39447.0
2023-08-29,9.800000190734863,10.25,9.399999618530273,10.149999618530273,10.149999618530273,199369.0
2023-08-30,10.399999618530273,10.649999618530273,9.899999618530273,10.600000381469727,10.600000381469727,753906.0
2023-08-31,10.800000190734863,11.0,10.5,10.550000190734863,10.550000190734863,227244.0
2023-09-01,10.800000190734863,11.050000190734863,10.550000190734863,11.050000190734863,11.050000190734863,199154.0
2023-09-04,11.25,11.600000381469727,11.199999809265137,11.600000381469727,11.600000381469727,207985.0
2023-09-05,12.050000190734863,12.149999618530273,11.050000190734863,11.050000190734863,11.050000190734863,451867.0
2023-09-06,11.050000190734863,11.300000190734863,10.5,10.75,10.75,195999.0
2023-09-07,10.850000381469727,11.050000190734863,10.550000190734863,10.949999809265137,10.949999809265137,84763.0
2023-09-08,11.300000190734863,11.300000190734863,10.75,10.800000190734863,10.800000190734863,52231.0
2023-09-11,10.800000190734863,11.0,10.800000190734863,10.899999618530273,10.899999618530273,29847.0
2023-09-12,10.899999618530273,11.0,10.350000381469727,10.350000381469727,10.350000381469727,56112.0
2023-09-13,10.399999618530273,10.5,9.850000381469727,9.850000381469727,9.850000381469727,163435.0
2023-09-14,9.949999809265137,10.300000190734863,9.800000190734863,10.100000381469727,10.100000381469727,106398.0
2023-09-15,10.5,10.5,9.899999618530273,10.0,10.0,65964.0
2023-09-18,10.25,10.25,9.800000190734863,10.050000190734863,10.050000190734863,28513.0
2023-09-20,10.149999618530273,10.149999618530273,9.899999618530273,10.0,10.0,22377.0
2023-09-21,10.100000381469727,10.100000381469727,9.800000190734863,9.949999809265137,9.949999809265137,33305.0
2023-09-22,10.0,10.0,9.5,9.699999809265137,9.699999809265137,57649.0
2023-09-25,9.850000381469727,10.149999618530273,9.600000381469727,9.899999618530273,9.899999618530273,58677.0
2023-09-26,10.0,10.0,9.699999809265137,9.75,9.75,56220.0
2023-09-27,10.100000381469727,10.100000381469727,9.699999809265137,9.949999809265137,9.949999809265137,61754.0
2023-09-28,9.949999809265137,10.25,9.850000381469727,10.100000381469727,10.100000381469727,46078.0
2023-09-29,10.149999618530273,10.199999809265137,9.899999618530273,10.0,10.0,22632.0
2023-10-03,10.449999809265137,10.449999809265137,9.949999809265137,10.149999618530273,10.149999618530273,54778.0
2023-10-04,10.25,10.25,9.899999618530273,9.949999809265137,9.949999809265137,25491.0
2023-10-05,9.699999809265137,10.300000190734863,9.699999809265137,10.100000381469727,10.100000381469727,59872.0
2023-10-06,10.149999618530273,10.300000190734863,9.75,10.0,10.0,57239.0
2023-10-09,9.800000190734863,10.050000190734863,9.600000381469727,9.800000190734863,9.800000190734863,69445.0
2023-10-10,9.75,10.0,9.75,9.899999618530273,9.899999618530273,44766.0
2023-10-11,10.0,10.100000381469727,9.850000381469727,9.899999618530273,9.899999618530273,51728.0
2023-10-12,10.050000190734863,10.350000381469727,9.699999809265137,10.25,10.25,76324.0
2023-10-13,10.199999809265137,10.399999618530273,10.050000190734863,10.25,10.25,49218.0
2023-10-16,10.25,10.949999809265137,10.25,10.699999809265137,10.699999809265137,111546.0
2023-10-17,10.600000381469727,10.699999809265137,10.399999618530273,10.5,10.5,37235.0
2023-10-18,10.699999809265137,11.550000190734863,10.350000381469727,11.350000381469727,11.350000381469727,274357.0
2023-10-19,11.649999618530273,12.449999809265137,11.100000381469727,12.350000381469727,12.350000381469727,787224.0
2023-10-20,13.300000190734863,13.300000190734863,11.550000190734863,11.75,11.75,441720.0
2023-10-23,11.75,12.449999809265137,11.0,11.449999809265137,11.449999809265137,382845.0
2023-10-25,11.550000190734863,11.850000381469727,10.800000190734863,11.0,11.0,120510.0
2023-10-26,10.949999809265137,11.25,10.25,11.0,11.0,106314.0
2023-10-27,11.449999809265137,11.699999809265137,11.0,11.5,11.5,41810.0
2023-10-30,11.899999618530273,11.899999618530273,10.600000381469727,10.800000190734863,10.800000190734863,129552.0
2023-10-31,10.699999809265137,11.050000190734863,10.600000381469727,10.699999809265137,10.699999809265137,35202.0
2023-11-01,10.75,11.75,10.600000381469727,11.199999809265137,11.199999809265137,522834.0
2023-11-02,11.199999809265137,11.600000381469727,10.899999618530273,11.399999618530273,11.399999618530273,122329.0
2023-11-03,11.5,12.5,11.300000190734863,12.449999809265137,12.449999809265137,637093.0
2023-11-06,12.75,13.649999618530273,12.199999809265137,13.0,13.0,757456.0
2023-11-07,13.25,13.25,12.5,12.649999618530273,12.649999618530273,247145.0
2023-11-08,13.0,13.800000190734863,12.550000190734863,12.699999809265137,12.699999809265137,296601.0
2023-11-09,13.149999618530273,13.149999618530273,12.199999809265137,12.899999618530273,12.899999618530273,206992.0
2023-11-10,13.199999809265137,13.5,12.199999809265137,12.899999618530273,12.899999618530273,260863.0
2023-11-13,13.149999618530273,13.25,12.75,12.899999618530273,12.899999618530273,139638.0
2023-11-15,12.899999618530273,13.149999618530273,12.399999618530273,12.800000190734863,12.800000190734863,174580.0
2023-11-16,12.949999809265137,13.5,12.850000381469727,13.0,13.0,159606.0
2023-11-17,13.199999809265137,13.199999809265137,12.699999809265137,12.899999618530273,12.899999618530273,64493.0
2023-11-20,12.899999618530273,13.149999618530273,12.550000190734863,12.699999809265137,12.699999809265137,92334.0
2023-11-21,12.899999618530273,13.0,12.649999618530273,12.800000190734863,12.800000190734863,111093.0
2023-11-22,13.0,14.050000190734863,12.600000381469727,14.0,14.0,1552379.0
2023-11-23,14.199999809265137,15.399999618530273,14.100000381469727,15.399999618530273,15.399999618530273,1331904.0
2023-11-24,16.5,16.899999618530273,16.200000762939453,16.899999618530273,16.899999618530273,510983.0
2023-11-28,17.299999237060547,17.5,16.049999237060547,16.049999237060547,16.049999237060547,656326.0
2023-11-29,15.550000190734863,15.699999809265137,15.25,15.25,15.25,427051.0
2023-11-30,14.899999618530273,16.0,14.5,16.0,16.0,353182.0
2023-12-01,16.399999618530273,16.799999237060547,15.550000190734863,16.799999237060547,16.799999237060547,295713.0
2023-12-04,17.399999618530273,17.600000381469727,16.149999618530273,17.600000381469727,17.600000381469727,226302.0
2023-12-05,18.350000381469727,18.450000762939453,18.200000762939453,18.450000762939453,18.450000762939453,100548.0
2023-12-06,19.350000381469727,19.350000381469727,18.0,19.350000381469727,19.350000381469727,190257.0
2023-12-07,20.299999237060547,20.299999237060547,19.350000381469727,20.299999237060547,20.299999237060547,201611.0
2023-12-08,19.899999618530273,19.899999618530273,19.899999618530273,19.899999618530273,19.899999618530273,41512.0
2023-12-11,19.5,19.5,19.5,19.5,19.5,31409.0
2023-12-12,19.149999618530273,19.149999618530273,19.149999618530273,19.149999618530273,19.149999618530273,8960.0
2023-12-13,18.799999237060547,18.799999237060547,18.799999237060547,18.799999237060547,18.799999237060547,10854.0
2023-12-14,18.450000762939453,18.450000762939453,18.450000762939453,18.450000762939453,18.450000762939453,13177.0
2023-12-15,18.100000381469727,18.100000381469727,18.100000381469727,18.100000381469727,18.100000381469727,12345.0
2023-12-18,17.75,17.75,17.75,17.75,17.75,14185.0
2023-12-19,17.399999618530273,17.399999618530273,17.399999618530273,17.399999618530273,17.399999618530273,10781.0
2023-12-20,17.049999237060547,17.049999237060547,17.049999237060547,17.049999237060547,17.049999237060547,23541.0
2023-12-21,16.700000762939453,16.700000762939453,16.700000762939453,16.700000762939453,16.700000762939453,8039.0
2023-12-22,16.399999618530273,16.399999618530273,16.399999618530273,16.399999618530273,16.399999618530273,3924.0
2023-12-26,16.100000381469727,16.100000381469727,16.100000381469727,16.100000381469727,16.100000381469727,8318.0
2023-12-27,15.800000190734863,15.800000190734863,15.800000190734863,15.800000190734863,15.800000190734863,10751.0
2023-12-28,15.5,15.5,15.5,15.5,15.5,12969.0
2023-12-29,15.199999809265137,15.199999809265137,15.199999809265137,15.199999809265137,15.199999809265137,8309.0
2024-01-01,14.899999618530273,14.899999618530273,14.899999618530273,14.899999618530273,14.899999618530273,12459.0
2024-01-02,14.600000381469727,14.600000381469727,14.600000381469727,14.600000381469727,14.600000381469727,32693.0
2024-01-03,14.300000190734863,14.300000190734863,14.300000190734863,14.300000190734863,14.300000190734863,58927.0
2024-01-04,14.050000190734863,14.050000190734863,14.050000190734863,14.050000190734863,14.050000190734863,57107.0
2024-01-05,14.300000190734863,14.300000190734863,13.800000190734863,14.300000190734863,14.300000190734863,204652.0
2024-01-08,14.550000190734863,14.550000190734863,14.5,14.550000190734863,14.550000190734863,46568.0
2024-01-09,14.800000190734863,14.800000190734863,14.75,14.800000190734863,14.800000190734863,69007.0
2024-01-10,15.050000190734863,15.050000190734863,15.0,15.050000190734863,15.050000190734863,57348.0
2024-01-11,15.350000381469727,15.350000381469727,15.350000381469727,15.350000381469727,15.350000381469727,4355.0
2024-01-12,15.649999618530273,15.649999618530273,15.649999618530273,15.649999618530273,15.649999618530273,4479.0
2024-01-15,16.399999618530273,16.399999618530273,16.399999618530273,16.399999618530273,16.399999618530273,25343.0
2024-01-16,17.200000762939453,17.200000762939453,16.100000381469727,17.049999237060547,17.049999237060547,279608.0
2024-01-17,16.200000762939453,16.200000762939453,16.200000762939453,16.200000762939453,16.200000762939453,65894.0
2024-01-18,15.399999618530273,16.450000762939453,15.399999618530273,16.25,16.25,141165.0
2024-01-19,16.299999237060547,16.299999237060547,15.600000381469727,15.949999809265137,15.949999809265137,54852.0
2024-01-23,16.950000762939453,16.950000762939453,15.399999618530273,15.550000190734863,15.550000190734863,119503.0
2024-01-24,16.299999237060547,16.299999237060547,15.0,16.299999237060547,16.299999237060547,59776.0
2024-01-25,16.649999618530273,16.700000762939453,16.0,16.149999618530273,16.149999618530273,25664.0
2024-01-29,16.149999618530273,16.649999618530273,15.649999618530273,16.299999237060547,16.299999237060547,63615.0
2024-01-30,16.299999237060547,16.700000762939453,15.600000381469727,15.899999618530273,15.899999618530273,41921.0
2024-01-31,15.899999618530273,16.200000762939453,15.300000190734863,15.850000381469727,15.850000381469727,33598.0
2024-02-01,16.600000381469727,16.600000381469727,15.5,15.850000381469727,15.850000381469727,67162.0
2024-02-02,16.200000762939453,16.5,15.550000190734863,16.100000381469727,16.100000381469727,69362.0
2024-02-05,16.799999237060547,16.899999618530273,16.25,16.600000381469727,16.600000381469727,80873.0
2024-02-06,17.200000762939453,17.399999618530273,16.0,17.149999618530273,17.149999618530273,193528.0
2024-02-07,17.399999618530273,17.950000762939453,16.350000381469727,17.350000381469727,17.350000381469727,99649.0
2024-02-08,17.049999237060547,17.850000381469727,17.049999237060547,17.450000762939453,17.450000762939453,67293.0
2024-02-09,16.899999618530273,17.950000762939453,16.75,16.950000762939453,16.950000762939453,32658.0
2024-02-12,17.100000381469727,17.75,16.25,16.5,16.5,116188.0
2024-02-13,16.5,16.950000762939453,15.699999809265137,16.200000762939453,16.200000762939453,61373.0
2024-02-14,15.899999618530273,16.899999618530273,15.399999618530273,16.799999237060547,16.799999237060547,37772.0
2024-02-15,16.799999237060547,17.399999618530273,16.350000381469727,16.75,16.75,41638.0
2024-02-16,17.450000762939453,17.450000762939453,16.25,16.600000381469727,16.600000381469727,46993.0
2024-02-19,16.450000762939453,17.0,16.100000381469727,16.799999237060547,16.799999237060547,34883.0
2024-02-20,17.299999237060547,17.299999237060547,16.149999618530273,16.700000762939453,16.700000762939453,45897.0
2024-02-21,17.25,17.5,16.700000762939453,17.200000762939453,17.200000762939453,87896.0
2024-02-22,17.25,17.850000381469727,17.0,17.299999237060547,17.299999237060547,73461.0
2024-02-23,17.100000381469727,17.5,16.950000762939453,17.049999237060547,17.049999237060547,63636.0
2024-02-26,17.200000762939453,17.549999237060547,16.5,16.850000381469727,16.850000381469727,24372.0
2024-02-27,16.549999237060547,17.649999618530273,16.399999618530273,17.600000381469727,17.600000381469727,229134.0
2024-02-28,17.950000762939453,17.950000762939453,16.75,16.950000762939453,16.950000762939453,49124.0
2024-02-29,16.25,16.899999618530273,16.25,16.549999237060547,16.549999237060547,37727.0
2024-03-01,17.0,17.350000381469727,16.399999618530273,17.049999237060547,17.049999237060547,78762.0
2024-03-04,17.5,17.5,16.450000762939453,16.450000762939453,16.450000762939453,166968.0
2024-03-05,16.399999618530273,16.399999618530273,15.649999618530273,15.649999618530273,15.649999618530273,161605.0
2024-03-06,15.399999618530273,15.399999618530273,14.899999618530273,14.899999618530273,14.899999618530273,189858.0
2024-03-07,14.899999618530273,15.300000190734863,14.399999618530273,15.050000190734863,15.050000190734863,45309.0
2024-03-11,15.199999809265137,15.699999809265137,14.350000381469727,14.699999809265137,14.699999809265137,36772.0
2024-03-12,14.300000190734863,14.949999809265137,14.0,14.199999809265137,14.199999809265137,59066.0
2024-03-13,13.949999809265137,14.399999618530273,13.5,13.5,13.5,85077.0
2024-03-14,12.949999809265137,13.449999809265137,12.850000381469727,13.25,13.25,82306.0
2024-03-15,13.449999809265137,13.449999809265137,12.600000381469727,12.75,12.75,119709.0
2024-03-18,12.899999618530273,13.199999809265137,12.850000381469727,13.050000190734863,13.050000190734863,83968.0
2024-03-19,13.25,13.399999618530273,12.75,12.850000381469727,12.850000381469727,28628.0
2024-03-20,13.350000381469727,13.350000381469727,12.800000190734863,13.100000381469727,13.100000381469727,30561.0
2024-03-21,13.5,13.75,13.0,13.75,13.75,34051.0
2024-03-22,14.199999809265137,14.399999618530273,13.800000190734863,14.399999618530273,14.399999618530273,41784.0
2024-03-26,14.5,14.899999618530273,13.699999809265137,14.699999809265137,14.699999809265137,129976.0
2024-03-27,14.5,15.399999618530273,14.350000381469727,15.25,15.25,126401.0
2024-03-28,14.5,15.699999809265137,14.5,14.5,14.5,84531.0
2024-04-01,15.199999809265137,15.199999809265137,14.800000190734863,15.199999809265137,15.199999809265137,55077.0
2024-04-02,15.0,15.949999809265137,15.0,15.649999618530273,15.649999618530273,53901.0
2024-04-03,16.0,16.399999618530273,15.649999618530273,16.200000762939453,16.200000762939453,33816.0
2024-04-04,16.799999237060547,16.799999237060547,16.149999618530273,16.399999618530273,16.399999618530273,37878.0
2024-04-05,17.049999237060547,17.049999237060547,16.299999237060547,16.649999618530273,16.649999618530273,91849.0
2024-04-08,17.399999618530273,17.399999618530273,15.600000381469727,16.049999237060547,16.049999237060547,49559.0
2024-04-09,15.75,16.049999237060547,15.199999809265137,15.399999618530273,15.399999618530273,41290.0
2024-04-10,15.0,16.899999618530273,15.0,16.850000381469727,16.850000381469727,167428.0
2024-04-12,17.200000762939453,17.200000762939453,15.600000381469727,15.75,15.75,107221.0
2024-04-15,14.899999618530273,16.350000381469727,14.600000381469727,15.0,15.0,183444.0
2024-04-16,15.300000190734863,15.600000381469727,14.699999809265137,15.199999809265137,15.199999809265137,57653.0
2024-04-18,15.449999809265137,15.850000381469727,15.0,15.149999618530273,15.149999618530273,54906.0
2024-04-19,14.5,15.850000381469727,14.5,15.149999618530273,15.149999618530273,59328.0
2024-04-22,15.149999618530273,16.5,15.100000381469727,15.25,15.25,70788.0
2024-04-23,15.550000190734863,15.75,15.0,15.300000190734863,15.300000190734863,128858.0
2024-04-24,15.300000190734863,16.25,15.199999809265137,15.399999618530273,15.399999618530273,83592.0
2024-04-25,15.949999809265137,15.949999809265137,15.149999618530273,15.449999809265137,15.449999809265137,29778.0
2024-04-26,15.5,15.850000381469727,15.100000381469727,15.25,15.25,37144.0
2024-04-29,15.100000381469727,16.600000381469727,15.100000381469727,15.800000190734863,15.800000190734863,168835.0
2024-04-30,15.75,15.949999809265137,15.199999809265137,15.699999809265137,15.699999809265137,45023.0
2024-05-02,15.350000381469727,16.649999618530273,14.350000381469727,15.100000381469727,15.100000381469727,190292.0
2024-05-03,15.350000381469727,15.399999618530273,14.649999618530273,14.949999809265137,14.949999809265137,65616.0
2024-05-06,15.100000381469727,15.300000190734863,14.550000190734863,14.949999809265137,14.949999809265137,43655.0
2024-05-07,14.949999809265137,15.149999618530273,14.75,14.800000190734863,14.800000190734863,33405.0
2024-05-08,15.600000381469727,15.600000381469727,14.699999809265137,14.75,14.75,38067.0
2024-05-09,14.75,15.399999618530273,14.399999618530273,14.649999618530273,14.649999618530273,25370.0
2024-05-10,15.300000190734863,16.100000381469727,15.0,15.949999809265137,15.949999809265137,262204.0
2024-05-13,16.149999618530273,17.450000762939453,16.049999237060547,16.649999618530273,16.649999618530273,622162.0
2024-05-14,16.75,17.600000381469727,16.350000381469727,16.5,16.5,127988.0
2024-05-15,16.100000381469727,16.649999618530273,16.100000381469727,16.450000762939453,16.450000762939453,58020.0
2024-05-16,16.25,17.0,16.25,16.850000381469727,16.850000381469727,111763.0
2024-05-17,17.25,17.25,16.600000381469727,16.850000381469727,16.850000381469727,85790.0
2024-05-21,17.299999237060547,17.299999237060547,16.049999237060547,16.200000762939453,16.200000762939453,65694.0
2024-05-22,16.200000762939453,16.75,15.600000381469727,15.850000381469727,15.850000381469727,100218.0
2024-05-23,15.949999809265137,16.200000762939453,14.850000381469727,15.449999809265137,15.449999809265137,158110.0
2024-05-24,16.0,16.0,15.0,15.449999809265137,15.449999809265137,95672.0
2024-05-27,16.0,16.0,15.199999809265137,15.800000190734863,15.800000190734863,35325.0
2024-05-28,16.0,16.0,15.0,15.25,15.25,47184.0
2024-05-29,14.5,14.899999618530273,14.149999618530273,14.300000190734863,14.300000190734863,147221.0
2024-05-30,14.550000190734863,15.550000190734863,14.0,14.699999809265137,14.699999809265137,142671.0
2024-05-31,15.199999809265137,15.199999809265137,13.75,14.149999618530273,14.149999618530273,123130.0
2024-06-03,14.199999809265137,14.899999618530273,14.199999809265137,14.550000190734863,14.550000190734863,136553.0
2024-06-04,15.449999809265137,15.449999809265137,13.600000381469727,13.850000381469727,13.850000381469727,139865.0
2024-06-05,13.850000381469727,14.0,13.300000190734863,13.649999618530273,13.649999618530273,119623.0
2024-06-06,14.050000190734863,14.550000190734863,13.800000190734863,14.199999809265137,14.199999809265137,61319.0
2024-06-07,14.0,15.699999809265137,14.0,14.550000190734863,14.550000190734863,80373.0
2024-06-10,14.75,15.0,14.050000190734863,14.350000381469727,14.350000381469727,74078.0
2024-06-11,14.800000190734863,14.800000190734863,14.079999923706055,14.229999542236328,14.229999542236328,94013.0
2024-06-12,14.489999771118164,14.75,13.600000381469727,14.0600004196167,14.0600004196167,107394.0
2024-06-13,14.199999809265137,16.8700008392334,14.149999618530273,15.140000343322754,15.140000343322754,1528471.0
2024-06-14,15.119999885559082,16.299999237060547,15.0,15.350000381469727,15.350000381469727,303556.0
2024-06-18,15.350000381469727,17.600000381469727,15.210000038146973,16.549999237060547,16.549999237060547,1083263.0
2024-06-19,16.739999771118164,17.25,15.899999618530273,16.020000457763672,16.020000457763672,248080.0
2024-06-20,16.649999618530273,16.989999771118164,16.010000228881836,16.6299991607666,16.6299991607666,165178.0
2024-06-21,16.979999542236328,17.200000762939453,16.510000228881836,16.84000015258789,16.84000015258789,188076.0
2024-06-24,16.809999465942383,17.299999237060547,16.700000762939453,17.100000381469727,17.100000381469727,288320.0
2024-06-25,17.200000762939453,18.399999618530273,16.5,17.1200008392334,17.1200008392334,694671.0
2024-06-26,17.450000762939453,18.100000381469727,16.760000228881836,17.010000228881836,17.010000228881836,391496.0
2024-06-27,17.190000534057617,17.360000610351562,15.960000038146973,16.079999923706055,16.079999923706055,174821.0
2024-06-28,16.059999465942383,17.649999618530273,16.020000457763672,16.959999084472656,16.959999084472656,345846.0
2024-07-01,16.760000228881836,17.489999771118164,16.760000228881836,17.010000228881836,17.010000228881836,148708.0
2024-07-02,17.18000030517578,17.18000030517578,16.149999618530273,16.530000686645508,16.530000686645508,100239.0
2024-07-03,16.690000534057617,17.399999618530273,16.530000686645508,16.700000762939453,16.700000762939453,106164.0
2024-07-04,16.81999969482422,16.969999313354492,16.5,16.739999771118164,16.739999771118164,118864.0
2024-07-05,16.84000015258789,17.469999313354492,16.670000076293945,16.850000381469727,16.850000381469727,153387.0
2024-07-08,16.979999542236328,17.25,16.5,16.579999923706055,16.579999923706055,110793.0
2024-07-09,16.510000228881836,18.270000457763672,16.5,17.850000381469727,17.850000381469727,500341.0
2024-07-10,18.0,18.440000534057617,17.0,17.290000915527344,17.290000915527344,324952.0
2024-07-11,17.3799991607666,17.700000762939453,16.5,16.729999542236328,16.729999542236328,230139.0
2024-07-12,16.729999542236328,17.700000762939453,16.510000228881836,16.610000610351562,16.610000610351562,120787.0
2024-07-15,16.719999313354492,17.0,16.0,16.170000076293945,16.170000076293945,205606.0
2024-07-16,16.1299991607666,16.899999618530273,16.030000686645508,16.540000915527344,16.540000915527344,166140.0
2024-07-18,16.149999618530273,16.6200008392334,15.729999542236328,15.899999618530273,15.899999618530273,205064.0
2024-07-19,15.600000381469727,16.139999389648438,14.989999771118164,15.100000381469727,15.100000381469727,116764.0
2024-07-22,14.989999771118164,15.75,14.859999656677246,15.0600004196167,15.0600004196167,121628.0
2024-07-23,15.1899995803833,15.420000076293945,14.75,15.069999694824219,15.069999694824219,92357.0
2024-07-24,15.199999809265137,17.399999618530273,15.170000076293945,16.649999618530273,16.649999618530273,577169.0
2024-07-25,16.700000762939453,17.690000534057617,15.609999656677246,17.110000610351562,17.110000610351562,624376.0
2024-07-26,17.290000915527344,17.489999771118164,16.649999618530273,16.75,16.75,140342.0
2024-07-29,16.799999237060547,18.239999771118164,16.690000534057617,16.940000534057617,16.940000534057617,197394.0
2024-07-30,17.479999542236328,18.200000762939453,16.93000030517578,17.260000228881836,17.260000228881836,332683.0
2024-07-31,17.649999618530273,18.0,17.360000610351562,17.65999984741211,17.65999984741211,212283.0
2024-08-01,18.200000762939453,18.200000762939453,17.100000381469727,17.260000228881836,17.260000228881836,389093.0
2024-08-02,17.100000381469727,18.18000030517578,16.520000457763672,17.030000686645508,17.030000686645508,289177.0
2024-08-05,16.200000762939453,17.190000534057617,16.200000762939453,16.229999542236328,16.229999542236328,239690.0
2024-08-06,16.15999984741211,17.0,15.529999732971191,15.829999923706055,15.829999923706055,135257.0
2024-08-07,16.200000762939453,16.600000381469727,16.200000762939453,16.3700008392334,16.3700008392334,35328.0
2024-08-08,16.649999618530273,16.75,16.260000228881836,16.360000610351562,16.360000610351562,31764.0
2024-08-09,16.649999618530273,16.790000915527344,15.729999542236328,16.030000686645508,16.030000686645508,19083.0
2024-08-12,15.670000076293945,16.299999237060547,15.670000076293945,16.040000915527344,16.040000915527344,37419.0
2024-08-13,16.479999542236328,16.489999771118164,15.489999771118164,15.569999694824219,15.569999694824219,45744.0
2024-08-14,15.979999542236328,17.0,15.649999618530273,15.850000381469727,15.850000381469727,99528.0
2024-08-16,16.479999542236328,16.479999542236328,15.0600004196167,15.149999618530273,15.149999618530273,197966.0
2024-08-19,15.5,15.890000343322754,15.25,15.380000114440918,15.380000114440918,36747.0
2024-08-20,15.380000114440918,15.979999542236328,15.380000114440918,15.680000305175781,15.680000305175781,87002.0
2024-08-21,15.40999984741211,15.869999885559082,15.0,15.40999984741211,15.40999984741211,153423.0
2024-08-22,15.420000076293945,16.399999618530273,15.420000076293945,16.010000228881836,16.010000228881836,158546.0
2024-08-23,16.479999542236328,16.5,15.84000015258789,16.260000228881836,16.260000228881836,170074.0
2024-08-26,16.799999237060547,16.799999237060547,16.149999618530273,16.329999923706055,16.329999923706055,84335.0
2024-08-27,16.209999084472656,16.760000228881836,16.0,16.280000686645508,16.280000686645508,176417.0
2024-08-28,16.649999618530273,16.649999618530273,15.800000190734863,16.0,16.0,109249.0
2024-08-29,16.25,17.979999542236328,16.059999465942383,16.690000534057617,16.690000534057617,1630374.0
2024-08-30,16.850000381469727,16.850000381469727,16.010000228881836,16.1299991607666,16.1299991607666,223058.0
2024-09-02,16.34000015258789,16.469999313354492,15.800000190734863,16.030000686645508,16.030000686645508,125935.0
2024-09-03,16.100000381469727,16.270000457763672,15.949999809265137,16.100000381469727,16.100000381469727,67279.0
2024-09-04,16.0,16.940000534057617,15.630000114440918,16.06999969482422,16.06999969482422,403024.0
2024-09-05,16.049999237060547,16.459999084472656,15.5,15.6899995803833,15.6899995803833,253437.0
2024-09-06,15.75,15.949999809265137,15.40999984741211,15.529999732971191,15.529999732971191,72201.0
2024-09-09,15.479999542236328,15.5600004196167,14.630000114440918,14.84000015258789,14.84000015258789,329738.0
2024-09-10,15.100000381469727,16.0,14.920000076293945,15.369999885559082,15.369999885559082,194326.0
2024-09-11,16.059999465942383,16.100000381469727,15.399999618530273,15.5600004196167,15.5600004196167,139041.0
2024-09-12,15.699999809265137,15.949999809265137,15.25,15.40999984741211,15.40999984741211,41700.0
2024-09-13,15.399999618530273,15.75,14.8100004196167,15.220000267028809,15.220000267028809,136984.0
2024-09-16,15.609999656677246,15.619999885559082,15.020000457763672,15.100000381469727,15.100000381469727,53284.0
2024-09-17,15.15999984741211,15.699999809265137,15.15999984741211,15.25,15.25,150531.0
2024-09-18,15.5,15.550000190734863,15.109999656677246,15.180000305175781,15.180000305175781,89059.0
2024-09-19,15.600000381469727,15.75,15.020000457763672,15.170000076293945,15.170000076293945,146991.0
2024-09-20,15.380000114440918,15.510000228881836,15.100000381469727,15.260000228881836,15.260000228881836,40681.0
2024-09-23,15.449999809265137,15.510000228881836,15.130000114440918,15.229999542236328,15.229999542236328,96110.0
2024-09-24,15.699999809265137,15.699999809265137,15.079999923706055,15.199999809265137,15.199999809265137,212264.0
2024-09-25,15.300000190734863,15.59000015258789,15.130000114440918,15.210000038146973,15.210000038146973,83401.0
2024-09-26,15.479999542236328,15.479999542236328,15.100000381469727,15.109999656677246,15.109999656677246,85954.0
2024-09-27,15.119999885559082,15.350000381469727,15.010000228881836,15.119999885559082,15.119999885559082,45257.0
2024-09-30,15.100000381469727,15.359999656677246,14.619999885559082,15.039999961853027,15.039999961853027,32025.0
2024-10-01,15.279999732971191,15.279999732971191,15.039999961853027,15.09000015258789,15.09000015258789,27935.0
2024-10-03,14.8100004196167,15.399999618530273,14.710000038146973,15.010000228881836,15.010000228881836,135858.0
2024-10-04,15.25,15.300000190734863,14.8100004196167,15.079999923706055,15.079999923706055,33800.0
2024-10-07,15.1899995803833,15.1899995803833,14.029999732971191,14.270000457763672,14.270000457763672,83585.0
2024-10-08,14.550000190734863,15.850000381469727,14.260000228881836,15.109999656677246,15.109999656677246,99514.0
2024-10-09,15.149999618530273,15.449999809265137,15.09000015258789,15.239999771118164,15.239999771118164,50011.0
2024-10-10,15.399999618530273,15.510000228881836,14.710000038146973,14.869999885559082,14.869999885559082,131249.0
2024-10-11,15.149999618530273,15.949999809265137,14.550000190734863,15.619999885559082,15.619999885559082,430001.0
2024-10-14,15.880000114440918,16.5,15.5600004196167,16.139999389648438,16.139999389648438,700236.0
2024-10-15,16.3700008392334,16.639999389648438,15.850000381469727,15.960000038146973,15.960000038146973,253021.0
2024-10-16,16.0,16.5,15.960000038146973,16.270000457763672,16.270000457763672,176864.0
2024-10-17,16.579999923706055,16.579999923706055,15.899999618530273,16.010000228881836,16.010000228881836,164854.0
2024-10-18,15.989999771118164,16.110000610351562,15.890000343322754,15.970000267028809,15.970000267028809,28054.0
2024-10-21,16.170000076293945,16.170000076293945,15.170000076293945,15.239999771118164,15.239999771118164,71867.0
2024-10-22,15.489999771118164,15.489999771118164,14.5,14.789999961853027,14.789999961853027,59150.0
2024-10-23,14.789999961853027,15.0600004196167,14.649999618530273,14.880000114440918,14.880000114440918,48985.0
2024-10-24,15.25,15.25,14.5,14.699999809265137,14.699999809265137,18734.0
2024-10-25,14.899999618530273,14.899999618530273,14.149999618530273,14.470000267028809,14.470000267028809,53295.0
2024-10-28,14.470000267028809,15.069999694824219,14.210000038146973,14.479999542236328,14.479999542236328,32806.0
2024-10-29,14.800000190734863,14.800000190734863,14.149999618530273,14.260000228881836,14.260000228881836,25439.0
2024-10-30,14.5,15.050000190734863,14.289999961853027,14.59000015258789,14.59000015258789,74949.0
2024-10-31,14.9399995803833,15.699999809265137,14.600000381469727,15.270000457763672,15.270000457763672,147498.0
2024-11-01,16.0,16.0,15.199999809265137,15.539999961853027,15.539999961853027,22587.0
2024-11-04,15.539999961853027,15.539999961853027,14.119999885559082,15.350000381469727,15.350000381469727,69595.0
2024-11-05,15.40999984741211,15.460000038146973,15.0,15.119999885559082,15.119999885559082,57013.0
2024-11-06,15.229999542236328,15.430000305175781,15.130000114440918,15.199999809265137,15.199999809265137,49484.0
2024-11-07,15.489999771118164,15.489999771118164,15.0,15.109999656677246,15.109999656677246,94846.0
2024-11-08,15.210000038146973,15.25,15.020000457763672,15.039999961853027,15.039999961853027,30903.0
2024-11-11,15.350000381469727,15.350000381469727,14.609999656677246,14.800000190734863,14.800000190734863,53779.0
2024-11-12,14.800000190734863,15.25,14.300000190734863,14.699999809265137,14.699999809265137,54528.0
2024-11-13,14.979999542236328,15.0,14.210000038146973,14.359999656677246,14.359999656677246,49399.0
2024-11-14,14.039999961853027,14.710000038146973,14.039999961853027,14.479999542236328,14.479999542236328,10288.0
2024-11-18,14.75,14.75,14.0,14.130000114440918,14.130000114440918,28926.0
2024-11-19,14.399999618530273,14.420000076293945,13.649999618530273,13.789999961853027,13.789999961853027,44501.0
2024-11-21,14.039999961853027,14.25,13.739999771118164,14.130000114440918,14.130000114440918,15966.0
2024-11-22,14.020000457763672,14.789999961853027,14.020000457763672,14.579999923706055,14.579999923706055,17015.0
2024-11-25,15.350000381469727,15.470000267028809,14.5600004196167,14.760000228881836,14.760000228881836,19421.0
2024-11-26,14.979999542236328,15.109999656677246,14.300000190734863,14.520000457763672,14.520000457763672,25694.0
2024-11-27,14.9399995803833,14.949999809265137,14.420000076293945,14.579999923706055,14.579999923706055,10276.0
2024-11-28,14.899999618530273,15.239999771118164,14.569999694824219,14.90999984741211,14.90999984741211,50203.0
2024-11-29,14.800000190734863,15.109999656677246,14.649999618530273,14.920000076293945,14.920000076293945,30282.0
2024-12-02,15.119999885559082,15.279999732971191,15.029999732971191,15.220000267028809,15.220000267028809,21264.0
2024-12-03,15.4399995803833,16.0,15.130000114440918,15.359999656677246,15.359999656677246,282523.0
2024-12-04,15.319999694824219,15.569999694824219,15.039999961853027,15.279999732971191,15.279999732971191,36170.0
2024-12-05,15.3100004196167,15.850000381469727,15.15999984741211,15.430000305175781,15.430000305175781,66088.0
2024-12-06,15.800000190734863,15.880000114440918,15.420000076293945,15.579999923706055,15.579999923706055,142311.0
2024-12-09,15.829999923706055,15.829999923706055,15.220000267028809,15.420000076293945,15.420000076293945,109673.0
2024-12-10,15.420000076293945,15.739999771118164,15.220000267028809,15.510000228881836,15.510000228881836,95526.0
2024-12-11,15.90999984741211,15.90999984741211,15.170000076293945,15.350000381469727,15.350000381469727,102926.0
2024-12-12,15.75,15.75,14.930000305175781,15.09000015258789,15.09000015258789,53797.0
2024-12-13,15.199999809265137,15.199999809265137,14.710000038146973,14.920000076293945,14.920000076293945,55300.0
2024-12-16,14.850000381469727,15.289999961853027,14.8100004196167,15.100000381469727,15.100000381469727,34614.0
2024-12-17,15.25,15.25,14.699999809265137,14.789999961853027,14.789999961853027,50860.0
2024-12-18,14.989999771118164,14.989999771118164,14.579999923706055,14.680000305175781,14.680000305175781,18833.0
2024-12-19,14.890000343322754,14.890000343322754,14.220000267028809,14.300000190734863,14.300000190734863,36864.0
2024-12-20,14.600000381469727,14.890000343322754,13.869999885559082,13.949999809265137,13.949999809265137,110280.0
2024-12-23,13.9399995803833,14.460000038146973,13.9399995803833,14.09000015258789,14.09000015258789,12219.0
2024-12-24,14.369999885559082,14.850000381469727,14.020000457763672,14.640000343322754,14.640000343322754,22721.0
2024-12-26,14.789999961853027,14.850000381469727,14.359999656677246,14.4399995803833,14.4399995803833,8634.0
2024-12-27,14.229999542236328,14.470000267028809,13.960000038146973,14.09000015258789,14.09000015258789,26497.0
2024-12-30,14.020000457763672,14.40999984741211,13.859999656677246,13.90999984741211,13.90999984741211,40023.0
2024-12-31,13.989999771118164,14.050000190734863,13.699999809265137,13.90999984741211,13.90999984741211,40801.0
2025-01-01,14.270000457763672,14.270000457763672,13.8100004196167,13.960000038146973,13.960000038146973,31824.0
2025-01-02,14.010000228881836,14.010000228881836,13.800000190734863,13.859999656677246,13.859999656677246,44082.0
2025-01-03,14.300000190734863,14.300000190734863,13.899999618530273,14.029999732971191,14.029999732971191,41102.0
2025-01-06,14.25,14.25,13.050000190734863,13.420000076293945,13.420000076293945,31065.0
2025-01-07,13.460000038146973,13.6899995803833,13.0,13.15999984741211,13.15999984741211,49904.0
2025-01-08,13.210000038146973,15.210000038146973,13.029999732971191,14.270000457763672,14.270000457763672,72519.0
2025-01-09,14.020000457763672,14.399999618530273,13.529999732971191,13.859999656677246,13.859999656677246,80923.0
2025-01-10,14.119999885559082,14.390000343322754,13.59000015258789,13.979999542236328,13.979999542236328,26001.0
2025-01-13,13.970000267028809,13.970000267028809,12.600000381469727,12.800000190734863,12.800000190734863,54968.0
2025-01-14,12.850000381469727,13.210000038146973,12.800000190734863,12.90999984741211,12.90999984741211,20467.0
2025-01-15,13.149999618530273,13.270000457763672,12.850000381469727,12.989999771118164,12.989999771118164,34822.0
2025-01-16,13.020000457763672,13.84000015258789,12.90999984741211,13.279999732971191,13.279999732971191,36483.0
2025-01-17,13.270000457763672,14.600000381469727,13.239999771118164,14.229999542236328,14.229999542236328,117106.0
2025-01-20,14.229999542236328,15.050000190734863,13.9399995803833,14.739999771118164,14.739999771118164,38811.0
2025-01-21,14.949999809265137,14.949999809265137,13.8100004196167,14.09000015258789,14.09000015258789,34397.0
2025-01-22,14.4399995803833,14.4399995803833,13.0,13.619999885559082,13.619999885559082,30171.0
2025-01-23,13.979999542236328,14.09000015258789,13.520000457763672,13.890000343322754,13.890000343322754,17930.0
2025-01-24,13.649999618530273,13.970000267028809,13.050000190734863,13.329999923706055,13.329999923706055,22382.0
2025-01-27,12.800000190734863,13.319999694824219,12.300000190734863,12.5,12.5,46564.0
2025-01-28,12.5,12.800000190734863,12.0600004196167,12.34000015258789,12.34000015258789,32428.0
2025-01-29,12.59000015258789,13.710000038146973,12.579999923706055,12.8100004196167,12.8100004196167,67806.0
2025-01-30,12.989999771118164,13.460000038146973,12.729999542236328,13.149999618530273,13.149999618530273,44931.0
2025-01-31,13.449999809265137,13.5,12.899999618530273,13.010000228881836,13.010000228881836,21671.0
2025-02-01,13.1899995803833,14.5,13.1899995803833,14.229999542236328,14.229999542236328,158441.0
2025-02-03,14.800000190734863,15.5,13.899999618530273,14.25,14.25,1635654.0
2025-02-04,14.239999771118164,14.869999885559082,14.210000038146973,14.319999694824219,14.319999694824219,68037.0
2025-02-05,14.020000457763672,14.460000038146973,14.020000457763672,14.3100004196167,14.3100004196167,27375.0
2025-02-06,14.229999542236328,14.3100004196167,13.720000267028809,13.949999809265137,13.949999809265137,21729.0
2025-02-07,14.399999618530273,14.399999618530273,13.869999885559082,13.960000038146973,13.960000038146973,26828.0
2025-02-10,13.960000038146973,14.029999732971191,13.130000114440918,13.40999984741211,13.40999984741211,52033.0
2025-02-11,13.3100004196167,13.739999771118164,12.550000190734863,12.890000343322754,12.890000343322754,49207.0
2025-02-12,13.529999732971191,13.529999732971191,12.449999809265137,12.529999732971191,12.529999732971191,24750.0
2025-02-13,12.949999809265137,13.100000381469727,12.609999656677246,12.930000305175781,12.930000305175781,9869.0
2025-02-14,13.279999732971191,13.289999961853027,11.760000228881836,12.140000343322754,12.140000343322754,71745.0
2025-02-17,11.529999732971191,12.09000015258789,11.529999732971191,11.640000343322754,11.640000343322754,57185.0
2025-02-18,11.59000015258789,12.989999771118164,10.800000190734863,10.9399995803833,10.9399995803833,207721.0
2025-02-19,11.0,13.119999885559082,11.0,12.100000381469727,12.100000381469727,190670.0
2025-02-20,11.800000190734863,13.09000015258789,11.75,12.369999885559082,12.369999885559082,65511.0
2025-02-21,12.369999885559082,13.149999618530273,12.130000114440918,12.449999809265137,12.449999809265137,51497.0
2025-02-24,12.069999694824219,12.289999961853027,11.5,11.859999656677246,11.859999656677246,23587.0
2025-02-25,12.289999961853027,12.579999923706055,11.449999809265137,12.220000267028809,12.220000267028809,16904.0
2025-02-27,12.25,12.800000190734863,11.5,11.75,11.75,32967.0
2025-02-28,11.5,12.5,10.699999809265137,11.220000267028809,11.220000267028809,131738.0
2025-03-03,11.010000228881836,11.600000381469727,10.399999618530273,10.579999923706055,10.579999923706055,89123.0
2025-03-04,10.829999923706055,10.84000015258789,10.289999961853027,10.479999542236328,10.479999542236328,29652.0
2025-03-05,10.489999771118164,11.039999961853027,10.489999771118164,10.59000015258789,10.59000015258789,45207.0
2025-03-06,10.979999542236328,11.300000190734863,10.569999694824219,10.9399995803833,10.9399995803833,55187.0
2025-03-07,11.350000381469727,12.199999809265137,10.550000190734863,11.25,11.25,98768.0
2025-03-10,11.420000076293945,11.649999618530273,10.600000381469727,10.630000114440918,10.630000114440918,143965.0
2025-03-11,10.550000190734863,11.399999618530273,10.5,10.850000381469727,10.850000381469727,92513.0
2025-03-12,10.979999542236328,10.979999542236328,10.289999961853027,10.680000305175781,10.680000305175781,60313.0
2025-03-13,10.609999656677246,10.9399995803833,10.399999618530273,10.539999961853027,10.539999961853027,29432.0
2025-03-17,10.75,10.75,10.199999809265137,10.279999732971191,10.279999732971191,27805.0
2025-03-18,10.279999732971191,10.279999732971191,10.279999732971191,10.279999732971191,10.279999732971191,0.0
2025-03-19,10.489999771118164,10.800000190734863,10.319999694824219,10.520000457763672,10.520000457763672,86269.0
2025-03-20,11.0,11.0,10.399999618530273,10.460000038146973,10.460000038146973,72662.0
2025-03-21,10.449999809265137,11.199999809265137,10.449999809265137,10.8100004196167,10.8100004196167,116873.0
2025-03-24,11.300000190734863,11.779999732971191,11.0,11.100000381469727,11.100000381469727,88279.0
2025-03-25,11.84000015258789,11.850000381469727,10.5,10.640000343322754,10.640000343322754,75637.0
2025-03-26,10.789999961853027,11.510000228881836,9.300000190734863,10.0,10.0,300475.0
2025-03-27,10.0,10.25,9.829999923706055,9.989999771118164,9.989999771118164,93437.0
2025-03-28,10.220000267028809,10.699999809265137,9.510000228881836,9.739999771118164,9.739999771118164,280311.0
2025-04-01,10.25,10.59000015258789,9.800000190734863,10.399999618530273,10.399999618530273,76300.0
2025-04-02,10.149999618530273,10.789999961853027,10.149999618530273,10.710000038146973,10.710000038146973,30271.0
2025-04-03,10.640000343322754,10.720000267028809,10.300000190734863,10.5,10.5,35697.0
2025-04-04,10.920000076293945,10.920000076293945,10.15999984741211,10.489999771118164,10.489999771118164,10564.0
2025-04-07,10.789999961853027,10.789999961853027,9.920000076293945,9.989999771118164,9.989999771118164,26301.0
2025-04-08,10.489999771118164,10.489999771118164,9.899999618530273,10.319999694824219,10.319999694824219,20775.0
2025-04-09,10.640000343322754,10.640000343322754,10.109999656677246,10.109999656677246,10.109999656677246,14255.0
2025-04-11,10.25,10.600000381469727,10.210000038146973,10.3100004196167,10.3100004196167,43605.0
2025-04-15,10.34000015258789,10.729999542236328,10.34000015258789,10.390000343322754,10.390000343322754,27993.0
2025-04-16,10.569999694824219,10.640000343322754,9.050000190734863,10.109999656677246,10.109999656677246,133970.0
2025-04-17,10.489999771118164,10.5,10.239999771118164,10.359999656677246,10.359999656677246,34731.0
2025-04-21,10.369999885559082,10.729999542236328,10.25,10.380000114440918,10.380000114440918,52905.0
2025-04-22,10.569999694824219,11.0,10.449999809265137,10.619999885559082,10.619999885559082,48970.0
2025-04-23,10.75,10.970000267028809,10.399999618530273,10.460000038146973,10.460000038146973,45624.0
2025-04-24,10.449999809265137,10.5,10.25,10.350000381469727,10.350000381469727,64221.0
2025-04-25,10.350000381469727,10.449999809265137,9.819999694824219,9.960000038146973,9.960000038146973,65553.0
2025-04-28,10.0,10.100000381469727,9.729999542236328,9.970000267028809,9.970000267028809,32594.0
2025-04-29,10.180000305175781,10.180000305175781,9.859999656677246,10.020000457763672,10.020000457763672,16518.0
2025-04-30,10.100000381469727,10.100000381469727,9.779999732971191,9.819999694824219,9.819999694824219,22321.0
2025-05-02,9.619999885559082,10.180000305175781,9.619999885559082,9.829999923706055,9.829999923706055,7628.0
2025-05-05,10.1899995803833,10.1899995803833,9.819999694824219,9.84000015258789,9.84000015258789,23619.0
2025-05-06,10.170000076293945,10.170000076293945,9.550000190734863,9.619999885559082,9.619999885559082,25874.0
2025-05-07,10.0,10.0,9.380000114440918,9.5,9.5,43884.0
2025-05-08,9.649999618530273,9.949999809265137,9.510000228881836,9.520000457763672,9.520000457763672,13452.0
2025-05-09,9.119999885559082,9.880000114440918,9.119999885559082,9.369999885559082,9.369999885559082,28999.0
2025-05-12,9.510000228881836,10.149999618530273,9.5,9.770000457763672,9.770000457763672,22407.0
2025-05-13,9.949999809265137,9.970000267028809,9.75,9.819999694824219,9.819999694824219,15648.0
2025-05-14,9.829999923706055,10.069999694824219,9.579999923706055,9.949999809265137,9.949999809265137,28873.0
2025-05-15,10.239999771118164,10.5,9.90999984741211,10.350000381469727,10.350000381469727,103967.0
2025-05-16,10.609999656677246,10.75,10.34000015258789,10.369999885559082,10.369999885559082,34016.0
2025-05-19,10.579999923706055,10.760000228881836,10.289999961853027,10.510000228881836,10.510000228881836,45172.0
2025-05-20,10.489999771118164,10.949999809265137,10.470000267028809,10.65999984741211,10.65999984741211,71408.0
2025-05-21,10.229999542236328,10.9399995803833,10.229999542236328,10.569999694824219,10.569999694824219,21067.0
2025-05-22,10.300000190734863,10.8100004196167,10.239999771118164,10.550000190734863,10.550000190734863,39544.0
2025-05-23,10.550000190734863,10.75,10.510000228881836,10.649999618530273,10.649999618530273,22721.0
2025-05-26,11.0,11.0,10.699999809265137,10.789999961853027,10.789999961853027,29285.0
2025-05-27,11.0,11.649999618530273,10.5600004196167,11.130000114440918,11.130000114440918,80479.0
2025-05-28,11.579999923706055,11.579999923706055,10.779999732971191,11.449999809265137,11.449999809265137,73973.0
2025-05-29,11.289999961853027,11.470000267028809,10.979999542236328,11.0600004196167,11.0600004196167,34390.0
2025-05-30,11.40999984741211,11.829999923706055,10.8100004196167,11.039999961853027,11.039999961853027,107973.0
2025-06-02,11.399999618530273,11.4399995803833,11.109999656677246,11.25,11.25,18308.0
2025-06-03,11.770000457763672,11.770000457763672,11.109999656677246,11.140000343322754,11.140000343322754,20909.0
2025-06-04,11.470000267028809,11.470000267028809,11.020000457763672,11.170000076293945,11.170000076293945,12937.0
2025-06-05,11.5,11.5,11.020000457763672,11.0600004196167,11.0600004196167,10258.0
2025-06-06,11.369999885559082,11.949999809265137,11.020000457763672,11.140000343322754,11.140000343322754,58150.0
2025-06-09,11.140000343322754,12.0,11.140000343322754,11.770000457763672,11.770000457763672,41538.0
2025-06-10,12.449999809265137,14.100000381469727,12.010000228881836,12.75,12.75,881921.0
2025-06-11,12.800000190734863,13.390000343322754,12.779999732971191,13.170000076293945,13.170000076293945,181398.0
2025-06-12,13.170000076293945,14.300000190734863,12.149999618530273,12.390000343322754,12.390000343322754,173483.0
2025-06-13,12.850000381469727,12.850000381469727,11.5,11.850000381469727,11.850000381469727,111355.0
2025-06-16,11.859999656677246,12.140000343322754,11.75,11.890000343322754,11.890000343322754,39966.0
2025-06-17,12.010000228881836,12.510000228881836,12.0,12.34000015258789,12.34000015258789,44872.0
2025-06-18,12.210000038146973,13.4399995803833,12.210000038146973,12.960000038146973,12.960000038146973,128959.0
2025-06-19,13.039999961853027,13.829999923706055,12.460000038146973,12.9399995803833,12.9399995803833,254732.0
2025-06-20,13.180000305175781,13.4399995803833,12.699999809265137,12.930000305175781,12.930000305175781,124100.0
2025-06-23,12.699999809265137,13.119999885559082,12.680000305175781,12.859999656677246,12.859999656677246,24406.0
2025-06-24,12.960000038146973,13.149999618530273,12.149999618530273,12.34000015258789,12.34000015258789,72120.0
2025-06-25,12.119999885559082,12.600000381469727,12.119999885559082,12.430000305175781,12.430000305175781,37350.0
2025-06-26,12.489999771118164,12.529999732971191,12.390000343322754,12.40999984741211,12.40999984741211,8180.0
2025-06-27,12.729999542236328,12.729999542236328,12.350000381469727,12.40999984741211,12.40999984741211,28069.0
2025-06-30,12.65999984741211,12.65999984741211,12.0,12.119999885559082,12.119999885559082,40029.0
2025-07-01,12.119999885559082,12.399999618530273,12.010000228881836,12.140000343322754,12.140000343322754,35993.0
2025-07-02,12.210000038146973,12.680000305175781,12.0,12.15999984741211,12.15999984741211,32979.0
2025-07-03,12.390000343322754,12.390000343322754,12.0600004196167,12.220000267028809,12.220000267028809,43499.0
2025-07-04,12.470000267028809,12.470000267028809,12.279999732971191,12.369999885559082,12.369999885559082,12363.0
2025-07-07,12.739999771118164,12.739999771118164,11.930000305175781,12.069999694824219,12.069999694824219,19870.0
2025-07-08,12.5600004196167,12.5600004196167,12.199999809265137,12.350000381469727,12.350000381469727,24340.0
2025-07-09,12.680000305175781,12.699999809265137,12.390000343322754,12.569999694824219,12.569999694824219,13389.0
2025-07-10,12.569999694824219,12.609999656677246,12.149999618530273,12.170000076293945,12.170000076293945,25304.0
2025-07-11,12.6899995803833,12.6899995803833,11.65999984741211,11.899999618530273,11.899999618530273,28700.0
2025-07-14,12.5,12.5,11.84000015258789,12.010000228881836,12.010000228881836,16180.0
2025-07-15,12.0,12.229999542236328,11.84000015258789,11.920000076293945,11.920000076293945,38647.0
2025-07-16,11.699999809265137,12.220000267028809,11.699999809265137,12.0,12.0,35676.0
2025-07-17,12.449999809265137,12.449999809265137,11.899999618530273,11.989999771118164,11.989999771118164,11985.0
2025-07-18,12.449999809265137,12.449999809265137,11.890000343322754,12.010000228881836,12.010000228881836,20692.0
2025-07-21,12.010000228881836,12.229999542236328,11.699999809265137,11.84000015258789,11.84000015258789,10684.0
2025-07-22,12.130000114440918,13.890000343322754,11.890000343322754,13.180000305175781,13.180000305175781,802126.0
2025-07-23,13.34000015258789,13.479999542236328,12.770000457763672,12.949999809265137,12.949999809265137,137665.0
2025-07-24,12.8100004196167,13.479999542236328,12.359999656677246,12.680000305175781,12.680000305175781,70481.0
2025-07-25,12.680000305175781,12.989999771118164,12.050000190734863,12.25,12.25,83517.0
2025-07-28,12.59000015258789,12.59000015258789,10.3100004196167,11.3100004196167,11.3100004196167,345020.0
2025-07-29,11.5,12.4399995803833,11.34000015258789,12.140000343322754,12.140000343322754,45887.0
2025-07-30,12.380000114440918,12.399999618530273,11.5,11.710000038146973,11.710000038146973,31259.0
2025-07-31,11.899999618530273,12.130000114440918,11.729999542236328,11.800000190734863,11.800000190734863,15698.0
2025-08-01,11.609999656677246,12.170000076293945,11.609999656677246,11.6899995803833,11.6899995803833,29512.0
2025-08-04,11.5,12.0600004196167,11.5,11.619999885559082,11.619999885559082,27756.0
2025-08-05,12.069999694824219,12.069999694824219,11.529999732971191,11.630000114440918,11.630000114440918,15546.0
2025-08-06,11.84000015258789,11.84000015258789,11.210000038146973,11.420000076293945,11.420000076293945,34155.0
2025-08-07,11.359999656677246,11.899999618530273,11.210000038146973,11.390000343322754,11.390000343322754,24368.0
2025-08-08,11.899999618530273,12.5,11.260000228881836,11.489999771118164,11.489999771118164,218460.0
2025-08-11,11.720000267028809,11.90999984741211,11.350000381469727,11.619999885559082,11.619999885559082,22677.0
2025-08-12,11.6899995803833,11.859999656677246,11.600000381469727,11.720000267028809,11.720000267028809,7265.0
2025-08-13,11.800000190734863,11.949999809265137,11.520000457763672,11.609999656677246,11.609999656677246,15567.0
2025-08-14,11.800000190734863,11.800000190734863,11.25,11.369999885559082,11.369999885559082,38620.0
2025-08-18,11.899999618530273,11.899999618530273,11.449999809265137,11.479999542236328,11.479999542236328,34810.0
2025-08-19,11.479999542236328,11.770000457763672,11.479999542236328,11.630000114440918,11.630000114440918,14619.0
2025-08-20,11.850000381469727,11.899999618530273,11.600000381469727,11.789999961853027,11.789999961853027,42321.0
2025-08-21,11.890000343322754,11.890000343322754,11.199999809265137,11.350000381469727,11.350000381469727,68716.0
2025-08-22,11.75,11.75,10.899999618530273,11.520000457763672,11.520000457763672,43263.0
2025-08-25,11.569999694824219,12.59000015258789,11.5,12.149999618530273,12.149999618530273,672370.0
2025-08-26,12.15999984741211,12.380000114440918,11.800000190734863,11.859999656677246,11.859999656677246,88420.0
2025-08-28,12.329999923706055,12.329999923706055,11.770000457763672,11.850000381469727,11.850000381469727,37258.0
2025-08-29,11.720000267028809,12.069999694824219,11.40999984741211,11.649999618530273,11.649999618530273,51408.0
2025-09-01,11.800000190734863,11.84000015258789,11.40999984741211,11.6899995803833,11.6899995803833,20576.0
2025-09-02,11.6899995803833,11.979999542236328,11.600000381469727,11.720000267028809,11.720000267028809,17177.0
2025-09-03,11.819999694824219,11.989999771118164,11.609999656677246,11.760000228881836,11.760000228881836,11822.0
2025-09-04,11.9399995803833,12.229999542236328,11.600000381469727,11.729999542236328,11.729999542236328,33886.0
2025-09-05,11.989999771118164,11.989999771118164,11.25,11.680000305175781,11.680000305175781,23986.0
2025-09-08,11.630000114440918,12.25,11.630000114440918,12.09000015258789,12.09000015258789,48208.0
2025-09-09,12.0,12.34000015258789,11.399999618530273,11.989999771118164,11.989999771118164,31294.0
2025-09-10,12.0,12.289999961853027,11.600000381469727,11.729999542236328,11.729999542236328,47828.0
2025-09-11,11.899999618530273,11.960000038146973,11.449999809265137,11.539999961853027,11.539999961853027,40347.0
2025-09-12,11.319999694824219,11.789999961853027,11.319999694824219,11.649999618530273,11.649999618530273,24440.0
2025-09-15,11.649999618530273,12.069999694824219,11.390000343322754,11.489999771118164,11.489999771118164,14339.0
2025-09-16,11.550000190734863,12.0,11.550000190734863,11.699999809265137,11.699999809265137,34660.0
2025-09-17,11.430000305175781,12.0,11.430000305175781,11.579999923706055,11.579999923706055,24070.0
2025-09-18,11.529999732971191,12.739999771118164,11.520000457763672,12.470000267028809,12.470000267028809,551478.0
2025-09-19,12.699999809265137,13.1899995803833,12.319999694824219,12.90999984741211,12.90999984741211,339754.0
2025-09-22,12.279999732971191,13.09000015258789,12.279999732971191,12.539999961853027,12.539999961853027,45152.0
2025-09-23,12.800000190734863,12.899999618530273,12.0600004196167,12.5600004196167,12.5600004196167,36682.0
2025-09-24,12.170000076293945,13.399999618530273,12.170000076293945,12.390000343322754,12.390000343322754,39450.0
2025-09-25,12.529999732971191,12.789999961853027,12.149999618530273,12.239999771118164,12.239999771118164,75983.0
2025-09-26,12.039999961853027,12.680000305175781,11.800000190734863,11.890000343322754,11.890000343322754,53310.0
2025-09-29,11.84000015258789,12.319999694824219,11.729999542236328,12.0600004196167,12.0600004196167,30511.0
2025-09-30,12.119999885559082,12.300000190734863,11.960000038146973,12.109999656677246,12.109999656677246,33236.0
2025-10-01,12.1899995803833,12.1899995803833,11.729999542236328,11.890000343322754,11.890000343322754,28099.0
2025-10-03,12.180000305175781,12.800000190734863,11.8100004196167,12.369999885559082,12.369999885559082,122852.0
2025-10-06,12.0,12.399999618530273,11.800000190734863,11.890000343322754,11.890000343322754,53251.0
2025-10-07,11.899999618530273,12.180000305175781,11.699999809265137,11.729999542236328,11.729999542236328,11889.0
2025-10-08,11.770000457763672,12.050000190734863,11.300000190734863,11.720000267028809,11.720000267028809,28168.0
2025-10-09,11.5,11.989999771118164,11.5,11.649999618530273,11.649999618530273,6253.0
2025-10-10,11.699999809265137,11.890000343322754,11.5,11.579999923706055,11.579999923706055,13387.0
2025-10-13,11.399999618530273,11.670000076293945,10.670000076293945,11.460000038146973,11.460000038146973,18518.0
2025-10-14,12.390000343322754,12.390000343322754,10.989999771118164,11.15999984741211,11.15999984741211,30110.0
2025-10-15,11.460000038146973,11.460000038146973,11.199999809265137,11.260000228881836,11.260000228881836,6026.0
2025-10-16,11.449999809265137,12.380000114440918,11.210000038146973,11.90999984741211,11.90999984741211,82471.0
2025-10-17,12.359999656677246,12.390000343322754,11.399999618530273,11.539999961853027,11.539999961853027,11784.0
2025-10-20,12.34000015258789,12.34000015258789,11.829999923706055,11.949999809265137,11.949999809265137,14799.0
2025-10-21,11.699999809265137,12.25,11.5,12.0600004196167,12.0600004196167,8622.0
2025-10-23,11.770000457763672,11.989999771118164,11.75,11.869999885559082,11.869999885559082,10381.0
2025-10-24,11.630000114440918,11.890000343322754,11.350000381469727,11.779999732971191,11.779999732971191,10680.0
2025-10-27,11.529999732971191,11.9399995803833,11.529999732971191,11.890000343322754,11.890000343322754,4699.0
2025-10-28,11.829999923706055,11.9399995803833,11.600000381469727,11.920000076293945,11.920000076293945,11670.0
2025-10-29,11.800000190734863,11.9399995803833,11.710000038146973,11.770000457763672,11.770000457763672,5866.0
2025-10-30,11.84000015258789,11.890000343322754,11.550000190734863,11.600000381469727,11.600000381469727,8500.0
2025-10-31,11.5,11.869999885559082,11.300000190734863,11.399999618530273,11.399999618530273,35992.0
2025-11-03,11.399999618530273,12.25,11.260000228881836,11.920000076293945,11.920000076293945,63837.0
2025-11-04,12.079999923706055,12.239999771118164,11.5,11.529999732971191,11.529999732971191,13582.0
2025-11-06,11.609999656677246,11.739999771118164,11.399999618530273,11.65999984741211,11.65999984741211,14213.0
2025-11-07,11.65999984741211,11.65999984741211,11.140000343322754,11.479999542236328,11.479999542236328,21914.0
2025-11-10,11.40999984741211,11.899999618530273,11.359999656677246,11.779999732971191,11.779999732971191,24303.0
2025-11-11,11.779999732971191,11.779999732971191,11.359999656677246,11.4399995803833,11.4399995803833,9626.0
2025-11-12,11.779999732971191,11.880000114440918,11.319999694824219,11.390000343322754,11.390000343322754,21873.0
2025-11-13,11.819999694824219,11.819999694824219,11.229999542236328,11.289999961853027,11.289999961853027,34007.0
2025-11-14,11.739999771118164,11.739999771118164,10.949999809265137,11.199999809265137,11.199999809265137,119268.0
2025-11-17,11.109999656677246,11.4399995803833,11.109999656677246,11.180000305175781,11.180000305175781,32057.0
2025-11-18,11.180000305175781,11.470000267028809,10.75,10.920000076293945,10.920000076293945,27229.0
2025-11-19,11.130000114440918,11.180000305175781,10.699999809265137,10.729999542236328,10.729999542236328,19357.0
2025-11-20,11.079999923706055,11.09000015258789,10.800000190734863,10.800000190734863,10.800000190734863,10867.0
2025-11-21,10.800000190734863,10.979999542236328,10.4399995803833,10.479999542236328,10.479999542236328,15528.0
2025-11-24,10.890000343322754,10.890000343322754,10.210000038146973,10.470000267028809,10.470000267028809,11679.0
2025-11-25,10.6899995803833,11.1899995803833,10.350000381469727,10.649999618530273,10.649999618530273,18315.0
2025-11-26,10.979999542236328,10.979999542236328,10.359999656677246,10.609999656677246,10.609999656677246,12487.0
2025-11-27,10.729999542236328,10.800000190734863,10.40999984741211,10.449999809265137,10.449999809265137,7297.0
2025-11-28,10.319999694824219,11.800000190734863,10.3100004196167,10.720000267028809,10.720000267028809,24317.0
2025-12-01,11.0,11.470000267028809,10.600000381469727,10.960000038146973,10.960000038146973,14380.0
2025-12-02,11.180000305175781,11.180000305175781,10.550000190734863,10.59000015258789,10.59000015258789,16349.0
2025-12-03,10.699999809265137,10.899999618530273,10.25,10.359999656677246,10.359999656677246,17889.0
2025-12-04,10.600000381469727,10.649999618530273,9.670000076293945,9.960000038146973,9.960000038146973,50414.0
2025-12-05,10.25,11.390000343322754,9.800000190734863,10.180000305175781,10.180000305175781,51151.0
2025-12-08,10.199999809265137,10.399999618530273,9.699999809265137,9.789999961853027,9.789999961853027,41839.0
2025-12-09,9.710000038146973,10.199999809265137,9.609999656677246,9.949999809265137,9.949999809265137,21372.0
2025-12-10,10.149999618530273,10.25,9.539999961853027,9.6899995803833,9.6899995803833,37566.0
2025-12-11,9.890000343322754,10.140000343322754,9.600000381469727,9.869999885559082,9.869999885559082,8137.0
2025-12-12,9.829999923706055,10.010000228881836,9.829999923706055,9.90999984741211,9.90999984741211,9484.0
2025-12-15,9.989999771118164,10.449999809265137,9.699999809265137,9.760000228881836,9.760000228881836,9648.0
2025-12-16,9.510000228881836,10.239999771118164,9.510000228881836,9.890000343322754,9.890000343322754,33444.0
2025-12-17,9.880000114440918,10.180000305175781,9.710000038146973,9.850000381469727,9.850000381469727,5767.0
2025-12-18,9.8100004196167,10.069999694824219,9.699999809265137,9.949999809265137,9.949999809265137,7700.0
2025-12-19,9.949999809265137,9.989999771118164,9.539999961853027,9.680000305175781,9.680000305175781,8177.0
2025-12-22,9.6899995803833,9.979999542236328,9.6899995803833,9.890000343322754,9.890000343322754,7510.0
2025-12-23,9.9399995803833,10.100000381469727,9.819999694824219,10.010000228881836,10.010000228881836,10346.0
2025-12-24,10.09000015258789,10.140000343322754,9.800000190734863,9.829999923706055,9.829999923706055,6965.0
2025-12-26,9.8100004196167,9.979999542236328,9.600000381469727,9.770000457763672,9.770000457763672,22785.0
2025-12-29,9.520000457763672,9.949999809265137,9.520000457763672,9.760000228881836,9.760000228881836,8822.0
2025-12-30,9.720000267028809,9.970000267028809,9.300000190734863,9.6899995803833,9.6899995803833,12313.0
2025-12-31,9.5,9.8100004196167,9.449999809265137,9.569999694824219,9.569999694824219,12998.0
2026-01-01,9.399999618530273,9.989999771118164,9.399999618530273,9.739999771118164,9.739999771118164,5415.0
2026-01-02,9.75,9.899999618530273,9.510000228881836,9.59000015258789,9.59000015258789,42789.0
2026-01-05,9.779999732971191,9.890000343322754,9.5600004196167,9.59000015258789,9.59000015258789,12399.0
2026-01-06,9.789999961853027,10.0,9.600000381469727,9.619999885559082,9.619999885559082,10419.0
2026-01-07,9.970000267028809,9.970000267028809,9.619999885559082,9.670000076293945,9.670000076293945,24896.0
2026-01-08,9.6899995803833,9.75,9.420000076293945,9.470000267028809,9.470000267028809,34489.0
2026-01-09,10.0,10.0,9.15999984741211,9.359999656677246,9.359999656677246,24878.0
2026-01-12,9.449999809265137,9.649999618530273,9.25,9.369999885559082,9.369999885559082,12481.0
2026-01-13,9.4399995803833,9.739999771118164,9.220000267028809,9.680000305175781,9.680000305175781,8652.0
2026-01-14,9.6899995803833,9.6899995803833,9.319999694824219,9.539999961853027,9.539999961853027,7541.0
2026-01-16,9.399999618530273,9.699999809265137,9.319999694824219,9.539999961853027,9.539999961853027,4784.0
2026-01-19,9.399999618530273,9.850000381469727,9.220000267028809,9.329999923706055,9.329999923706055,11898.0
2026-01-20,9.449999809265137,9.5,9.25,9.3100004196167,9.3100004196167,15329.0
2026-01-21,9.15999984741211,9.5,8.90999984741211,9.010000228881836,9.010000228881836,26436.0
2026-01-22,9.010000228881836,9.859999656677246,9.010000228881836,9.489999771118164,9.489999771118164,13234.0
2026-01-23,9.59000015258789,9.59000015258789,9.130000114440918,9.199999809265137,9.199999809265137,2637.0
2026-01-27,9.020000457763672,9.489999771118164,9.020000457763672,9.15999984741211,9.15999984741211,11794.0
2026-01-28,9.15999984741211,9.449999809265137,9.0,9.029999732971191,9.029999732971191,38040.0
2026-01-29,9.199999809265137,9.199999809265137,9.0,9.140000343322754,9.140000343322754,11286.0
2026-01-30,9.130000114440918,9.390000343322754,9.100000381469727,9.359999656677246,9.359999656677246,24121.0
2026-02-02,9.6899995803833,9.699999809265137,8.699999809265137,9.170000076293945,9.170000076293945,8712.0
2026-02-03,9.199999809265137,9.579999923706055,9.109999656677246,9.260000228881836,9.260000228881836,14881.0
2026-02-04,9.460000038146973,9.460000038146973,9.109999656677246,9.239999771118164,9.239999771118164,3494.0
2026-02-05,9.420000076293945,9.449999809265137,9.300000190734863,9.359999656677246,9.359999656677246,4063.0
2026-02-06,9.199999809265137,9.380000114440918,9.100000381469727,9.350000381469727,9.350000381469727,4554.0
2026-02-09,9.350000381469727,9.550000190734863,9.020000457763672,9.279999732971191,9.279999732971191,17009.0
2026-02-10,9.6899995803833,9.6899995803833,9.210000038146973,9.390000343322754,9.390000343322754,26182.0
2026-02-11,9.510000228881836,9.800000190734863,9.199999809265137,9.479999542236328,9.479999542236328,9258.0
2026-02-12,9.600000381469727,9.979999542236328,9.399999618530273,9.600000381469727,9.600000381469727,11759.0
2026-02-13,9.260000228881836,9.75,9.260000228881836,9.649999618530273,9.649999618530273,10948.0
2026-02-16,9.399999618530273,10.850000381469727,9.279999732971191,10.069999694824219,10.069999694824219,120625.0
2026-02-17,10.100000381469727,10.5,9.300000190734863,9.649999618530273,9.649999618530273,55735.0
2026-02-18,9.510000228881836,9.869999885559082,9.25,9.539999961853027,9.539999961853027,36152.0
2026-02-19,9.850000381469727,9.850000381469727,9.380000114440918,9.430000305175781,9.430000305175781,7317.0
2026-02-20,9.6899995803833,9.6899995803833,9.359999656677246,9.460000038146973,9.460000038146973,6314.0
2026-02-23,9.319999694824219,9.779999732971191,9.220000267028809,9.300000190734863,9.300000190734863,16667.0
2026-02-24,9.40999984741211,9.40999984741211,9.0,9.039999961853027,9.039999961853027,18543.0
2026-02-25,9.350000381469727,10.5,9.010000228881836,9.449999809265137,9.449999809265137,150881.0
2026-02-26,9.449999809265137,9.59000015258789,9.3100004196167,9.350000381469727,9.350000381469727,6569.0
2026-02-27,9.489999771118164,9.699999809265137,9.100000381469727,9.239999771118164,9.239999771118164,24246.0
2026-03-02,8.5,9.359999656677246,8.5,9.050000190734863,9.050000190734863,25198.0
2026-03-04,9.0,9.0,8.699999809265137,8.8100004196167,8.8100004196167,12913.0
2026-03-05,8.979999542236328,10.100000381469727,8.210000038146973,9.100000381469727,9.100000381469727,30267.0
2026-03-06,9.09000015258789,9.390000343322754,8.699999809265137,8.960000038146973,8.960000038146973,94069.0
2026-03-09,8.859999656677246,8.880000114440918,8.5,8.829999923706055,8.829999923706055,9822.0
2026-03-10,8.520000457763672,9.1899995803833,8.520000457763672,8.989999771118164,8.989999771118164,26387.0
2026-03-11,9.220000267028809,9.220000267028809,8.90999984741211,8.949999809265137,8.949999809265137,12025.0
2026-03-12,9.09000015258789,9.100000381469727,8.819999694824219,8.90999984741211,8.90999984741211,10213.0
2026-03-13,8.989999771118164,10.399999618530273,8.550000190734863,9.470000267028809,9.470000267028809,110241.0
2026-03-16,9.5,9.720000267028809,8.720000267028809,9.010000228881836,9.010000228881836,32180.0
2026-03-17,9.100000381469727,9.149999618530273,7.519999980926514,8.430000305175781,8.430000305175781,94669.0
2026-03-18,8.489999771118164,8.979999542236328,8.489999771118164,8.789999961853027,8.789999961853027,19147.0
2026-03-19,8.970000267028809,8.970000267028809,8.449999809265137,8.529999732971191,8.529999732971191,9082.0
2026-03-20,8.880000114440918,8.880000114440918,8.079999923706055,8.229999542236328,8.229999542236328,49795.0
2026-03-23,8.479999542236328,8.479999542236328,7.699999809265137,7.760000228881836,7.760000228881836,146549.0
2026-03-24,8.069999694824219,9.0,7.800000190734863,8.3100004196167,8.3100004196167,87686.0
2026-03-25,8.5,8.5,8.149999618530273,8.319999694824219,8.319999694824219,105310.0
2026-03-27,8.3100004196167,8.319999694824219,7.71999979019165,7.980000019073486,7.980000019073486,56168.0
2026-03-30,7.980000019073486,8.300000190734863,7.5,7.559999942779541,7.559999942779541,28930.0
2026-04-01,7.610000133514404,8.300000190734863,7.610000133514404,8.1899995803833,8.1899995803833,11264.0
2026-04-02,8.399999618530273,8.40999984741211,7.980000019073486,8.130000114440918,8.130000114440918,16709.0
2026-04-06,8.199999809265137,8.479999542236328,8.1899995803833,8.3100004196167,8.3100004196167,10901.0
2026-04-07,8.489999771118164,8.9399995803833,8.390000343322754,8.489999771118164,8.489999771118164,13127.0
2026-04-08,8.699999809265137,8.770000457763672,8.449999809265137,8.680000305175781,8.680000305175781,26949.0
2026-04-09,8.75,8.880000114440918,8.680000305175781,8.6899995803833,8.6899995803833,10587.0
2026-04-10,8.869999885559082,9.699999809265137,8.6899995803833,9.4399995803833,9.4399995803833,50269.0
2026-04-13,9.800000190734863,10.399999618530273,9.010000228881836,9.880000114440918,9.880000114440918,73185.0
2026-04-15,10.25,10.25,9.520000457763672,9.680000305175781,9.680000305175781,104242.0
2026-04-16,9.670000076293945,9.9399995803833,9.399999618530273,9.5600004196167,9.5600004196167,14667.0
2026-04-17,9.930000305175781,11.350000381469727,9.5600004196167,9.979999542236328,9.979999542236328,322944.0
2026-04-20,10.359999656677246,10.359999656677246,9.770000457763672,9.9399995803833,9.9399995803833,74705.0
2026-04-21,10.09000015258789,10.09000015258789,9.829999923706055,9.989999771118164,9.989999771118164,14438.0
2026-04-22,10.0,10.0,9.600000381469727,9.979999542236328,9.979999542236328,2570.0
2026-04-23,9.970000267028809,9.970000267028809,9.270000457763672,9.529999732971191,9.529999732971191,37344.0
2026-04-24,9.460000038146973,9.930000305175781,9.270000457763672,9.75,9.75,4652.0
2026-04-27,9.75,9.899999618530273,9.319999694824219,9.470000267028809,9.470000267028809,12002.0
2026-04-28,9.739999771118164,9.739999771118164,9.399999618530273,9.6899995803833,9.6899995803833,12418.0
2026-04-29,9.949999809265137,9.949999809265137,9.40999984741211,9.479999542236328,9.479999542236328,27632.0
2026-04-30,9.420000076293945,9.739999771118164,9.40999984741211,9.6899995803833,9.6899995803833,7421.0
2026-05-04,9.6899995803833,9.960000038146973,9.680000305175781,9.6899995803833,9.6899995803833,18458.0
2026-05-05,9.699999809265137,9.899999618530273,9.5,9.75,9.75,11112.0
2026-05-06,9.75,9.979999542236328,9.319999694824219,9.550000190734863,9.550000190734863,70179.0
2026-05-07,9.699999809265137,9.710000038146973,9.390000343322754,9.479999542236328,9.479999542236328,55894.0
2026-05-08,9.800000190734863,9.800000190734863,9.3100004196167,9.489999771118164,9.489999771118164,20849.0
2026-05-11,9.84000015258789,9.84000015258789,9.300000190734863,9.4399995803833,9.4399995803833,16689.0
2026-05-12,9.5,9.5,9.100000381469727,9.399999618530273,9.399999618530273,5984.0
2026-05-13,9.399999618530273,9.4399995803833,9.119999885559082,9.1899995803833,9.1899995803833,17832.0
2026-05-14,9.470000267028809,9.470000267028809,9.109999656677246,9.260000228881836,9.260000228881836,9260.0
2026-05-15,9.109999656677246,9.460000038146973,9.100000381469727,9.15999984741211,9.15999984741211,27002.0
2026-05-18,9.25,9.649999618530273,9.020000457763672,9.229999542236328,9.229999542236328,9281.0
2026-05-19,9.270000457763672,9.449999809265137,9.15999984741211,9.270000457763672,9.270000457763672,8383.0
2026-05-20,9.399999618530273,9.399999618530273,9.0,9.239999771118164,9.239999771118164,16134.0
2026-05-21,9.489999771118164,9.489999771118164,9.199999809265137,9.3100004196167,9.3100004196167,8044.0
2026-05-22,9.25,9.25,9.0600004196167,9.109999656677246,9.109999656677246,14834.0
2026-05-25,9.119999885559082,9.329999923706055,9.010000228881836,9.0600004196167,9.0600004196167,39284.0
2026-05-26,9.119999885559082,9.279999732971191,9.050000190734863,9.100000381469727,9.100000381469727,30112.0
2026-05-27,9.100000381469727,9.350000381469727,9.050000190734863,9.180000305175781,9.180000305175781,12937.0
2026-05-28,9.180000305175781,9.180000305175781,9.180000305175781,9.180000305175781,9.180000305175781,0.0
2026-05-29,9.0600004196167,9.390000343322754,9.020000457763672,9.170000076293945,9.170000076293945,96092.0
2026-06-01,9.170000076293945,9.300000190734863,9.039999961853027,9.100000381469727,9.100000381469727,6437.0
2026-06-02,9.039999961853027,9.1899995803833,8.949999809265137,9.029999732971191,9.029999732971191,13763.0
2026-06-03,9.210000038146973,9.210000038146973,8.979999542236328,9.109999656677246,9.109999656677246,7783.0
2026-06-04,9.069999694824219,9.359999656677246,9.0,9.130000114440918,9.130000114440918,9130.0
2026-06-05,9.380000114440918,9.390000343322754,9.050000190734863,9.15999984741211,9.15999984741211,2809.0
2026-06-08,9.0,9.329999923706055,8.899999618530273,9.0,9.0,11938.0
2026-06-09,9.149999618530273,9.199999809265137,9.0,9.09000015258789,9.09000015258789,6168.0
2026-06-10,9.300000190734863,9.300000190734863,9.010000228881836,9.050000190734863,9.050000190734863,7907.0
2026-06-11,9.010000228881836,9.130000114440918,8.800000190734863,8.899999618530273,8.899999618530273,24668.0
2026-06-12,8.800000190734863,9.15999984741211,8.300000190734863,8.979999542236328,8.979999542236328,35843.0
2026-06-15,8.989999771118164,9.239999771118164,8.710000038146973,9.0600004196167,9.0600004196167,18065.0
2026-06-16,9.050000190734863,9.220000267028809,8.949999809265137,9.149999618530273,9.149999618530273,4034.0
2026-06-17,9.149999618530273,9.149999618530273,9.010000228881836,9.100000381469727,9.100000381469727,6249.0
2026-06-18,8.899999618530273,9.100000381469727,8.899999618530273,8.930000305175781,8.930000305175781,7464.0
2026-06-19,8.930000305175781,9.140000343322754,8.930000305175781,9.100000381469727,9.100000381469727,9814.0
2026-06-22,9.1899995803833,9.229999542236328,8.90999984741211,9.069999694824219,9.069999694824219,14371.0
2026-06-23,9.199999809265137,9.199999809265137,8.970000267028809,9.069999694824219,9.069999694824219,10171.0
2026-06-24,9.140000343322754,9.140000343322754,8.899999618530273,9.09000015258789,9.09000015258789,7516.0
2026-06-25,9.149999618530273,9.149999618530273,8.619999885559082,8.930000305175781,8.930000305175781,12387.0
2026-06-26,8.930000305175781,8.930000305175781,8.930000305175781,8.930000305175781,8.930000305175781,0.0
2026-06-29,8.8100004196167,9.100000381469727,8.789999961853027,9.050000190734863,9.050000190734863,2615.0
2026-06-30,9.050000190734863,9.050000190734863,8.800000190734863,9.029999732971191,9.029999732971191,6203.0
2026-07-01,9.039999961853027,9.050000190734863,8.649999618530273,8.989999771118164,8.989999771118164,10206.0
2026-07-02,8.989999771118164,9.039999961853027,8.770000457763672,8.979999542236328,8.979999542236328,7731.0
2026-07-03,9.0,9.039999961853027,8.760000228881836,8.8100004196167,8.8100004196167,11063.0
2026-07-06,9.0,9.0,8.65999984741211,8.819999694824219,8.819999694824219,9693.0
2026-07-07,8.989999771118164,9.0,8.699999809265137,8.880000114440918,8.880000114440918,7960.0
2026-07-08,8.989999771118164,8.989999771118164,8.680000305175781,8.680000305175781,8.680000305175781,8636.0
2026-07-09,8.75,8.890000343322754,8.720000267028809,8.800000190734863,8.800000190734863,4045.0
2026-07-10,8.949999809265137,8.949999809265137,8.699999809265137,8.899999618530273,8.899999618530273,3471.0
2026-07-13,8.630000114440918,8.890000343322754,8.630000114440918,8.720000267028809,8.720000267028809,13058.0
2026-07-14,8.729999542236328,8.949999809265137,8.550000190734863,8.789999961853027,8.789999961853027,7081.0
2026-07-15,8.789999961853027,9.069999694824219,8.5600004196167,8.90999984741211,8.90999984741211,39275.0
2026-07-16,8.989999771118164,8.989999771118164,8.609999656677246,8.65999984741211,8.65999984741211,35218.0
2026-07-17,8.550000190734863,8.850000381469727,8.550000190734863,8.670000076293945,8.670000076293945,8750.0
2026-07-20,8.84000015258789,8.84000015258789,8.5,8.550000190734863,8.550000190734863,15270.0
2026-07-21,8.699999809265137,8.989999771118164,8.550000190734863,8.699999809265137,8.699999809265137,27334.0
2026-07-22,8.989999771118164,10.25,8.75,9.069999694824219,9.069999694824219,802608.0
2026-07-23,9.350000381469727,9.350000381469727,8.800000190734863,8.90999984741211,8.90999984741211,63758.0
2026-07-24,8.859999656677246,8.899999618530273,8.399999618530273,8.5600004196167,8.5600004196167,56827.0
2026-07-27,8.819999694824219,9.510000228881836,8.640000343322754,9.039999961853027,9.039999961853027,91333.0
2026-07-28,9.079999923706055,10.140000343322754,8.729999542236328,9.6899995803833,9.6899995803833,242476.0
2026-07-29,9.979999542236328,11.380000114440918,9.5600004196167,9.619999885559082,9.619999885559082,182381.0
2026-07-30,9.619999885559082,9.789999961853027,9.350000381469727,9.630000114440918,9.630000114440918,16451.0
2026-07-31,9.75,9.899999618530273,9.300000190734863,9.380000114440918,9.380000114440918,22661.0
2026-08-03,9.470000267028809,9.619999885559082,9.0,9.270000457763672,9.270000457763672,28089.0
2026-08-04,9.149999618530273,9.380000114440918,9.149999618530273,9.220000267028809,9.220000267028809,4892.0
2026-08-05,9.149999618530273,9.960000038146973,9.149999618530273,9.510000228881836,9.510000228881836,35420.0
2026-08-06,9.6899995803833,9.9399995803833,9.140000343322754,9.199999809265137,9.199999809265137,51914.0
2026-08-07,9.710000038146973,9.710000038146973,9.199999809265137,9.300000190734863,9.300000190734863,61154.0
2026-08-10,9.260000228881836,9.569999694824219,9.09000015258789,9.180000305175781,9.180000305175781,9995.0
2026-08-11,9.489999771118164,9.489999771118164,9.020000457763672,9.020000457763672,9.020000457763672,71305.0
2026-08-12,9.300000190734863,9.489999771118164,9.029999732971191,9.260000228881836,9.260000228881836,21212.0
2026-08-13,9.449999809265137,9.819999694824219,9.0,9.220000267028809,9.220000267028809,18476.0
2026-08-14,9.010000228881836,9.800000190734863,9.010000228881836,9.529999732971191,9.529999732971191,35776.0
2026-08-17,9.529999732971191,9.779999732971191,9.079999923706055,9.199999809265137,9.199999809265137,28287.0
2026-08-18,9.5,9.5,9.069999694824219,9.199999809265137,9.199999809265137,7361.0
2026-08-19,9.119999885559082,9.430000305175781,9.010000228881836,9.180000305175781,9.180000305175781,7437.0
2026-08-20,9.149999618530273,9.350000381469727,9.109999656677246,9.34000015258789,9.34000015258789,15246.0
2026-08-21,9.34000015258789,10.100000381469727,8.699999809265137,9.819999694824219,9.819999694824219,67939.0
2026-08-24,9.819999694824219,10.09000015258789,9.260000228881836,9.65999984741211,9.65999984741211,33881.0
2026-08-25,9.65999984741211,9.899999618530273,9.399999618530273,9.460000038146973,9.460000038146973,13345.0
2026-08-26,9.75,9.75,9.25,9.270000457763672,9.270000457763672,9390.0
2026-08-27,9.279999732971191,9.630000114440918,8.550000190734863,9.149999618530273,9.149999618530273,44990.0
2026-08-28,9.109999656677246,9.6899995803833,9.079999923706055,9.399999618530273,9.399999618530273,25001.0
2026-08-31,9.6899995803833,10.239999771118164,9.449999809265137,9.84000015258789,9.84000015258789,54811.0
2026-09-01,10.0,10.0,9.399999618530273,9.770000457763672,9.770000457763672,26795.0
2026-09-02,9.970000267028809,9.970000267028809,9.109999656677246,9.670000076293945,9.670000076293945,24199.0
2026-09-03,9.850000381469727,9.850000381469727,9.319999694824219,9.6899995803833,9.6899995803833,2536.0
2026-09-04,10.0,10.0,9.350000381469727,9.479999542236328,9.479999542236328,24575.0
2026-09-08,9.600000381469727,9.789999961853027,9.0600004196167,9.210000038146973,9.210000038146973,24346.0
2026-09-09,9.449999809265137,10.489999771118164,9.300000190734863,9.819999694824219,9.819999694824219,135707.0
2026-09-10,10.170000076293945,10.170000076293945,9.569999694824219,9.859999656677246,9.859999656677246,7344.0
2026-09-11,9.859999656677246,9.899999618530273,9.3100004196167,9.699999809265137,9.699999809265137,42580.0
2026-09-15,9.510000228881836,9.869999885559082,9.3100004196167,9.699999809265137,9.699999809265137,7842.0
