date,tri
1999-01-01,837.78
1999-01-04,847.63
1999-01-05,858.9
1999-01-06,874.7
1999-01-07,900.6
1999-01-08,932.74
1999-01-11,937.65
1999-01-12,917.18
1999-01-13,916.35
1999-01-14,903.92
1999-01-15,879.96
1999-01-18,886.16
1999-01-19,866.75
1999-01-21,909.29
1999-01-22,903.23
1999-01-25,889.97
1999-01-27,907.09
1999-01-28,886.2
1999-01-29,885.06
1999-02-01,861.62
1999-02-02,851.96
1999-02-03,870.95
1999-02-04,859.23
1999-02-05,854.67
1999-02-08,833.69
1999-02-09,838.89
1999-02-10,865.83
1999-02-11,865.8
1999-02-12,874.47
1999-02-15,862.31
1999-02-16,870.39
1999-02-17,883.71
1999-02-18,891.0
1999-02-19,894.3
1999-02-22,874.11
1999-02-23,869.47
1999-02-24,881.62
1999-02-25,877.27
1999-02-26,867.65
1999-02-27,896.21
1999-03-01,910.66
1999-03-03,939.94
1999-03-04,924.1
1999-03-05,934.57
1999-03-08,947.05
1999-03-09,947.08
1999-03-10,954.93
1999-03-11,933.31
1999-03-12,943.34
1999-03-15,939.37
1999-03-16,919.15
1999-03-17,924.64
1999-03-18,939.54
1999-03-19,924.7
1999-03-20,924.29
1999-03-22,928.1
1999-03-23,935.52
1999-03-24,932.51
1999-03-25,926.62
1999-03-26,910.84
1999-03-30,919.14
1999-03-31,948.88
1999-04-01,941.46
1999-04-05,898.38
1999-04-06,906.39
1999-04-07,905.92
1999-04-08,898.72
1999-04-09,873.93
1999-04-12,875.91
1999-04-13,872.96
1999-04-15,852.73
1999-04-16,916.79
1999-04-17,847.9
1999-04-19,867.57
1999-04-20,873.44
1999-04-21,871.44
1999-04-22,858.16
1999-04-23,855.29
1999-04-26,806.25
1999-04-28,824.43
1999-04-29,844.52
1999-04-30,858.57
1999-05-03,851.48
1999-05-04,883.2
1999-05-05,893.83
1999-05-06,913.45
1999-05-07,935.22
1999-05-10,971.79
1999-05-11,993.96
1999-05-12,974.7
1999-05-13,1008.3
1999-05-14,1030.55
1999-05-17,1026.72
1999-05-18,1037.87
1999-05-19,1080.32
1999-05-20,1060.7
1999-05-21,1028.01
1999-05-24,1022.83
1999-05-25,1035.8
1999-05-26,1015.51
1999-05-27,979.1
1999-05-28,964.94
1999-05-31,1011.14
1999-06-01,998.84
1999-06-02,1003.02
1999-06-03,1017.09
1999-06-04,1037.07
1999-06-07,1043.79
1999-06-08,1078.84
1999-06-09,1058.31
1999-06-10,1057.83
1999-06-11,1042.45
1999-06-14,1033.05
1999-06-15,1022.26
1999-06-16,1044.82
1999-06-17,1066.6
1999-06-18,1066.52
1999-06-21,1097.8
1999-06-22,1113.64
1999-06-23,1102.48
1999-06-24,1090.54
1999-06-25,1086.02
1999-06-28,1095.56
1999-06-29,1090.75
1999-06-30,1085.44
1999-07-01,1082.17
1999-07-02,1093.38
1999-07-05,1132.7
1999-07-06,1157.44
1999-07-07,1165.68
1999-07-08,1176.78
1999-07-09,1204.69
1999-07-12,1270.11
1999-07-13,1277.0
1999-07-14,1290.25
1999-07-15,1265.94
1999-07-16,1270.22
1999-07-19,1286.21
1999-07-20,1253.62
1999-07-21,1277.61
1999-07-22,1280.08
1999-07-23,1255.41
1999-07-26,1234.57
1999-07-27,1221.19
1999-07-28,1230.64
1999-07-29,1222.99
1999-07-30,1207.05
1999-08-02,1181.14
1999-08-03,1186.79
1999-08-04,1228.54
1999-08-05,1224.69
1999-08-06,1224.26
1999-08-09,1241.86
1999-08-10,1233.42
1999-08-11,1239.64
1999-08-12,1241.95
1999-08-13,1233.05
1999-08-16,1255.61
1999-08-17,1277.59
1999-08-18,1319.18
1999-08-19,1297.92
1999-08-20,1308.86
1999-08-23,1333.68
1999-08-24,1357.69
1999-08-25,1339.78
1999-08-26,1373.01
1999-08-27,1393.47
1999-08-30,1397.75
1999-08-31,1389.13
1999-09-01,1377.12
1999-09-02,1348.83
1999-09-03,1353.1
1999-09-06,1366.7
1999-09-07,1362.41
1999-09-08,1381.55
1999-09-09,1374.41
1999-09-10,1366.97
1999-09-14,1362.88
1999-09-15,1357.72
1999-09-16,1331.84
1999-09-17,1342.8
1999-09-20,1336.3
1999-09-21,1328.49
1999-09-22,1357.54
1999-09-23,1373.21
1999-09-24,1379.02
1999-09-27,1355.51
1999-09-28,1346.94
1999-09-29,1376.79
1999-09-30,1376.02
1999-10-01,1361.98
1999-10-04,1325.91
1999-10-05,1336.92
1999-10-06,1348.3
1999-10-07,1414.2
1999-10-08,1435.96
1999-10-11,1447.24
1999-10-12,1456.63
1999-10-13,1463.24
1999-10-14,1465.46
1999-10-15,1415.34
1999-10-18,1424.65
1999-10-20,1464.92
1999-10-21,1433.96
1999-10-22,1421.68
1999-10-23,1437.46
1999-10-25,1407.35
1999-10-26,1409.27
1999-10-27,1386.37
1999-10-28,1342.44
1999-10-29,1300.74
1999-11-01,1244.15
1999-11-02,1309.15
1999-11-03,1293.95
1999-11-04,1299.37
1999-11-05,1319.84
1999-11-07,1322.05
1999-11-09,1331.76
1999-11-10,1348.27
1999-11-11,1338.67
1999-11-12,1337.98
1999-11-15,1322.03
1999-11-16,1328.44
1999-11-17,1313.04
1999-11-18,1316.19
1999-11-19,1314.5
1999-11-22,1323.72
1999-11-24,1339.64
1999-11-25,1351.06
1999-11-26,1348.95
1999-11-29,1345.08
1999-11-30,1335.6
1999-12-01,1347.18
1999-12-02,1372.3
1999-12-03,1380.35
1999-12-06,1400.88
1999-12-07,1401.1
1999-12-08,1385.93
1999-12-09,1391.38
1999-12-10,1377.34
1999-12-13,1363.59
1999-12-14,1342.24
1999-12-15,1356.34
1999-12-16,1380.87
1999-12-17,1376.17
1999-12-20,1385.5
1999-12-21,1375.11
1999-12-22,1417.99
1999-12-23,1413.28
1999-12-24,1387.22
1999-12-27,1347.01
1999-12-28,1361.87
1999-12-29,1376.99
1999-12-30,1372.36
2000-01-03,1467.6
2000-01-04,1484.31
2000-01-05,1454.69
2000-01-06,1481.94
2000-01-07,1473.99
2000-01-10,1487.21
2000-01-11,1434.86
2000-01-12,1471.48
2000-01-13,1457.51
2000-01-14,1464.33
2000-01-17,1472.76
2000-01-18,1476.16
2000-01-19,1491.93
2000-01-20,1460.75
2000-01-21,1468.57
2000-01-24,1450.54
2000-01-25,1436.8
2000-01-27,1433.86
2000-01-28,1426.09
2000-01-31,1385.53
2000-02-01,1392.31
2000-02-02,1417.34
2000-02-03,1412.36
2000-02-04,1407.48
2000-02-07,1417.9
2000-02-08,1441.13
2000-02-09,1450.56
2000-02-10,1465.85
2000-02-11,1477.97
2000-02-14,1455.62
2000-02-15,1429.31
2000-02-16,1431.14
2000-02-17,1453.18
2000-02-18,1423.1
2000-02-21,1420.34
2000-02-22,1396.13
2000-02-23,1392.52
2000-02-24,1411.65
2000-02-25,1399.44
2000-02-28,1444.54
2000-02-29,1367.79
2000-03-01,1402.12
2000-03-02,1359.77
2000-03-03,1340.95
2000-03-06,1329.22
2000-03-07,1307.27
2000-03-08,1293.87
2000-03-09,1297.59
2000-03-10,1276.91
2000-03-13,1256.01
2000-03-14,1283.08
2000-03-15,1310.34
2000-03-16,1273.04
2000-03-21,1269.3
2000-03-22,1300.69
2000-03-23,1290.41
2000-03-24,1292.52
2000-03-27,1290.5
2000-03-28,1296.23
2000-03-29,1283.02
2000-03-30,1283.24
2000-03-31,1293.12
2000-04-03,1301.6
2000-04-04,1241.97
2000-04-05,1252.34
2000-04-06,1248.22
2000-04-07,1314.39
2000-04-10,1329.67
2000-04-11,1327.87
2000-04-12,1311.16
2000-04-13,1283.21
2000-04-17,1237.15
2000-04-18,1231.25
2000-04-19,1225.13
2000-04-20,1217.03
2000-04-24,1187.62
2000-04-25,1182.36
2000-04-26,1223.85
2000-04-27,1196.66
2000-04-28,1187.52
2000-05-02,1146.63
2000-05-03,1146.72
2000-05-04,1167.91
2000-05-05,1180.97
2000-05-08,1165.22
2000-05-09,1168.57
2000-05-10,1157.58
2000-05-11,1134.24
2000-05-12,1105.97
2000-05-15,1115.73
2000-05-16,1125.58
2000-05-17,1129.49
2000-05-18,1125.57
2000-05-19,1111.38
2000-05-22,1089.67
2000-05-23,1079.38
2000-05-24,1095.46
2000-05-25,1113.24
2000-05-26,1144.32
2000-05-29,1175.59
2000-05-30,1199.44
2000-05-31,1205.65
2000-06-01,1174.75
2000-06-02,1196.53
2000-06-05,1203.75
2000-06-06,1212.83
2000-06-07,1218.8
2000-06-08,1248.45
2000-06-09,1262.66
2000-06-12,1250.13
2000-06-13,1247.1
2000-06-14,1259.27
2000-06-15,1255.42
2000-06-16,1280.64
2000-06-19,1296.0
2000-06-20,1313.68
2000-06-21,1284.89
2000-06-22,1286.11
2000-06-23,1266.95
2000-06-26,1248.18
2000-06-27,1246.57
2000-06-28,1258.48
2000-06-29,1274.67
2000-06-30,1261.36
2000-07-03,1279.12
2000-07-04,1290.46
2000-07-05,1301.22
2000-07-06,1297.91
2000-07-07,1307.03
2000-07-10,1301.43
2000-07-11,1308.57
2000-07-12,1325.53
2000-07-13,1314.49
2000-07-14,1320.35
2000-07-17,1312.83
2000-07-18,1302.65
2000-07-19,1272.33
2000-07-20,1255.92
2000-07-21,1238.03
2000-07-24,1175.78
2000-07-25,1217.6
2000-07-26,1197.84
2000-07-27,1209.61
2000-07-28,1206.58
2000-07-31,1206.08
2000-08-01,1197.24
2000-08-02,1206.92
2000-08-03,1196.55
2000-08-04,1186.75
2000-08-07,1173.44
2000-08-08,1191.55
2000-08-09,1193.75
2000-08-10,1183.58
2000-08-11,1173.84
2000-08-14,1178.38
2000-08-16,1190.75
2000-08-17,1181.37
2000-08-18,1188.97
2000-08-21,1202.23
2000-08-22,1207.44
2000-08-23,1209.48
2000-08-24,1209.28
2000-08-25,1215.12
2000-08-28,1216.06
2000-08-29,1211.06
2000-08-30,1217.42
2000-08-31,1226.6
2000-09-04,1239.35
2000-09-05,1246.09
2000-09-06,1254.27
2000-09-07,1255.86
2000-09-08,1255.92
2000-09-11,1254.15
2000-09-12,1252.0
2000-09-13,1244.99
2000-09-14,1241.75
2000-09-15,1217.6
2000-09-18,1177.31
2000-09-19,1159.97
2000-09-20,1180.5
2000-09-21,1170.43
2000-09-22,1127.73
2000-09-25,1146.37
2000-09-26,1129.82
2000-09-27,1140.72
2000-09-28,1117.5
2000-09-29,1113.63
2000-10-03,1118.13
2000-10-04,1125.67
2000-10-05,1115.55
2000-10-06,1112.5
2000-10-09,1096.99
2000-10-10,1079.18
2000-10-11,1059.12
2000-10-12,1064.05
2000-10-13,1051.46
2000-10-16,1061.67
2000-10-17,1049.02
2000-10-18,1043.54
2000-10-19,1058.53
2000-10-20,1057.12
2000-10-23,1039.0
2000-10-24,1042.42
2000-10-25,1064.03
2000-10-26,1070.64
2000-10-27,1065.89
2000-10-30,1051.26
2000-10-31,1056.12
2000-11-01,1076.92
2000-11-02,1096.63
2000-11-03,1118.3
2000-11-06,1122.17
2000-11-07,1124.79
2000-11-08,1137.74
2000-11-09,1131.49
2000-11-10,1108.86
2000-11-13,1088.43
2000-11-14,1122.2
2000-11-15,1130.53
2000-11-16,1123.71
2000-11-17,1121.96
2000-11-20,1127.02
2000-11-21,1126.53
2000-11-22,1116.61
2000-11-23,1118.91
2000-11-24,1132.38
2000-11-27,1161.26
2000-11-28,1181.62
2000-11-29,1174.4
2000-11-30,1176.75
2000-12-01,1182.2
2000-12-04,1190.51
2000-12-05,1205.09
2000-12-06,1210.42
2000-12-07,1222.24
2000-12-08,1236.04
2000-12-11,1251.22
2000-12-12,1253.97
2000-12-13,1278.32
2000-12-14,1268.19
2000-12-15,1230.73
2000-12-18,1243.25
2000-12-19,1239.34
2000-12-20,1232.78
2000-12-21,1218.45
2000-12-22,1178.56
2000-12-26,1151.63
2000-12-27,1171.96
2000-12-28,1197.78
2000-12-29,1211.93
2001-01-01,1215.99
2001-01-02,1233.53
2001-01-03,1250.95
2001-01-04,1244.25
2001-01-05,1255.34
2001-01-08,1246.03
2001-01-09,1246.09
2001-01-10,1233.96
2001-01-11,1226.73
2001-01-12,1233.87
2001-01-15,1235.9
2001-01-16,1240.17
2001-01-17,1236.42
2001-01-18,1245.5
2001-01-19,1260.06
2001-01-22,1274.99
2001-01-23,1275.68
2001-01-24,1287.69
2001-01-25,1299.82
2001-01-29,1272.49
2001-01-30,1301.91
2001-01-31,1300.53
2001-02-01,1284.16
2001-02-02,1309.5
2001-02-05,1332.41
2001-02-06,1349.33
2001-02-07,1342.11
2001-02-08,1378.6
2001-02-09,1396.45
2001-02-12,1387.98
2001-02-13,1378.12
2001-02-14,1384.06
2001-02-15,1392.92
2001-02-16,1352.49
2001-02-19,1359.43
2001-02-20,1365.93
2001-02-21,1357.2
2001-02-22,1338.96
2001-02-23,1284.18
2001-02-26,1291.5
2001-02-27,1282.88
2001-02-28,1307.69
2001-03-01,1325.92
2001-03-02,1280.08
2001-03-05,1250.0
2001-03-07,1253.44
2001-03-08,1246.04
2001-03-09,1199.78
2001-03-12,1143.95
2001-03-13,1067.72
2001-03-14,1129.4
2001-03-15,1150.73
2001-03-16,1125.53
2001-03-19,1129.54
2001-03-20,1120.14
2001-03-21,1144.78
2001-03-22,1127.34
2001-03-23,1103.37
2001-03-26,1097.5
2001-03-27,1111.23
2001-03-28,1133.99
2001-03-29,1120.58
2001-03-30,1077.02
2001-04-02,1052.42
2001-04-03,1071.91
2001-04-04,1065.73
2001-04-06,1061.95
2001-04-09,1067.11
2001-04-10,1048.78
2001-04-11,1023.39
2001-04-12,1002.8
2001-04-16,1023.73
2001-04-17,1046.95
2001-04-18,1081.83
2001-04-19,1090.48
2001-04-20,1090.45
2001-04-23,1097.52
2001-04-24,1102.4
2001-04-25,1116.57
2001-04-26,1111.61
2001-04-27,1070.02
2001-04-30,1092.82
2001-05-02,1103.13
2001-05-03,1088.53
2001-05-04,1097.49
2001-05-07,1106.85
2001-05-08,1118.96
2001-05-09,1109.46
2001-05-10,1110.34
2001-05-11,1106.39
2001-05-14,1105.65
2001-05-15,1102.79
2001-05-16,1109.05
2001-05-17,1133.6
2001-05-18,1137.57
2001-05-21,1130.85
2001-05-22,1133.71
2001-05-23,1146.96
2001-05-24,1147.36
2001-05-25,1140.08
2001-05-28,1154.38
2001-05-29,1164.92
2001-05-30,1150.9
2001-05-31,1153.13
2001-06-01,1137.01
2001-06-04,1119.27
2001-06-05,1105.85
2001-06-06,1107.59
2001-06-07,1099.31
2001-06-08,1111.25
2001-06-11,1111.78
2001-06-12,1102.81
2001-06-13,1105.77
2001-06-14,1088.41
2001-06-15,1063.33
2001-06-18,1057.05
2001-06-19,1063.5
2001-06-20,1060.66
2001-06-21,1059.23
2001-06-22,1044.06
2001-06-25,1022.37
2001-06-26,1051.02
2001-06-27,1051.98
2001-06-28,1045.48
2001-06-29,1054.8
2001-07-02,1050.32
2001-07-03,1037.59
2001-07-04,1037.51
2001-07-05,1037.08
2001-07-06,1028.49
2001-07-09,1023.45
2001-07-10,1035.41
2001-07-11,1041.6
2001-07-12,1055.71
2001-07-13,1046.89
2001-07-16,1051.44
2001-07-17,1049.53
2001-07-18,1041.77
2001-07-19,1041.19
2001-07-20,1025.35
2001-07-23,1025.09
2001-07-24,1019.67
2001-07-25,999.36
2001-07-26,1002.82
2001-07-27,1001.36
2001-07-30,1012.27
2001-07-31,1017.03
2001-08-01,1015.72
2001-08-02,1018.07
2001-08-03,1028.08
2001-08-06,1027.9
2001-08-07,1027.12
2001-08-08,1026.08
2001-08-09,1021.3
2001-08-10,1020.27
2001-08-13,1020.18
2001-08-14,1031.1
2001-08-16,1030.98
2001-08-17,1032.46
2001-08-20,1024.63
2001-08-21,1027.62
2001-08-23,1034.5
2001-08-24,1034.05
2001-08-27,1033.85
2001-08-28,1034.78
2001-08-29,1033.54
2001-08-30,1030.54
2001-08-31,1022.25
2001-09-03,1016.42
2001-09-04,1017.61
2001-09-05,1015.1
2001-09-06,1010.07
2001-09-07,1014.82
2001-09-10,1012.9
2001-09-11,1008.33
2001-09-12,967.17
2001-09-13,953.72
2001-09-14,912.12
2001-09-17,862.47
2001-09-18,879.9
2001-09-19,891.57
2001-09-20,886.2
2001-09-21,863.14
2001-09-24,880.9
2001-09-25,874.15
2001-09-26,878.92
2001-09-27,891.34
2001-09-28,902.57
2001-10-01,896.95
2001-10-03,892.43
2001-10-04,901.81
2001-10-05,903.9
2001-10-08,891.01
2001-10-09,899.66
2001-10-10,910.96
2001-10-11,921.72
2001-10-12,924.15
2001-10-15,930.16
2001-10-16,941.98
2001-10-17,953.16
2001-10-18,945.94
2001-10-19,954.09
2001-10-22,968.43
2001-10-23,980.14
2001-10-24,982.79
2001-10-25,983.31
2001-10-29,976.88
2001-10-30,966.33
2001-10-31,976.43
2001-11-01,999.43
2001-11-02,1002.79
2001-11-05,1008.04
2001-11-06,1022.89
2001-11-07,1012.24
2001-11-08,1026.05
2001-11-09,1033.77
2001-11-12,1045.11
2001-11-13,1046.16
2001-11-14,1057.69
2001-11-15,1071.33
2001-11-19,1087.71
2001-11-20,1074.91
2001-11-21,1089.47
2001-11-22,1101.54
2001-11-23,1095.43
2001-11-26,1111.62
2001-11-27,1110.67
2001-11-28,1106.59
2001-11-29,1100.28
2001-12-03,1100.7
2001-12-04,1114.92
2001-12-05,1136.4
2001-12-06,1133.99
2001-12-07,1138.34
2001-12-10,1151.06
2001-12-11,1153.37
2001-12-12,1145.97
2001-12-13,1131.55
2001-12-14,1119.17
2001-12-18,1109.96
2001-12-19,1082.89
2001-12-20,1079.44
2001-12-21,1066.62
2001-12-24,1063.56
2001-12-26,1049.22
2001-12-27,1032.25
2001-12-28,1050.3
2001-12-31,1077.03
2002-01-01,1072.6
2002-01-02,1079.96
2002-01-03,1098.8
2002-01-04,1112.15
2002-01-07,1122.16
2002-01-08,1128.97
2002-01-09,1121.76
2002-01-10,1120.96
2002-01-11,1113.66
2002-01-14,1141.07
2002-01-15,1133.62
2002-01-16,1132.23
2002-01-17,1153.99
2002-01-18,1149.42
2002-01-21,1153.32
2002-01-22,1152.97
2002-01-23,1149.15
2002-01-24,1136.34
2002-01-25,1134.06
2002-01-28,1125.5
2002-01-29,1122.66
2002-01-30,1121.22
2002-01-31,1127.23
2002-02-01,1140.34
2002-02-04,1139.41
2002-02-05,1144.19
2002-02-06,1186.01
2002-02-07,1171.78
2002-02-08,1190.18
2002-02-11,1205.24
2002-02-12,1206.08
2002-02-13,1210.02
2002-02-14,1230.36
2002-02-15,1244.39
2002-02-18,1256.11
2002-02-19,1235.26
2002-02-20,1223.5
2002-02-21,1231.27
2002-02-22,1248.34
2002-02-25,1258.13
2002-02-26,1280.39
2002-02-27,1271.28
2002-02-28,1214.83
2002-03-01,1246.94
2002-03-04,1262.13
2002-03-05,1258.49
2002-03-06,1248.52
2002-03-07,1259.28
2002-03-08,1254.49
2002-03-11,1240.97
2002-03-12,1224.82
2002-03-13,1232.1
2002-03-14,1233.61
2002-03-15,1246.94
2002-03-18,1248.69
2002-03-19,1233.78
2002-03-20,1232.91
2002-03-21,1222.21
2002-03-22,1216.69
2002-03-26,1204.09
2002-03-27,1207.26
2002-03-28,1216.74
2002-04-01,1233.39
2002-04-02,1237.95
2002-04-03,1233.38
2002-04-04,1239.48
2002-04-05,1243.3
2002-04-08,1241.06
2002-04-09,1238.74
2002-04-10,1246.51
2002-04-11,1254.59
2002-04-12,1257.65
2002-04-15,1247.32
2002-04-16,1239.42
2002-04-17,1243.95
2002-04-18,1250.41
2002-04-19,1231.11
2002-04-22,1222.54
2002-04-23,1228.28
2002-04-24,1237.56
2002-04-25,1223.15
2002-04-26,1228.17
2002-04-29,1215.6
2002-04-30,1225.48
2002-05-02,1238.57
2002-05-03,1241.1
2002-05-06,1247.77
2002-05-07,1255.13
2002-05-08,1261.3
2002-05-09,1268.98
2002-05-10,1261.36
2002-05-13,1269.55
2002-05-14,1270.81
2002-05-15,1256.17
2002-05-16,1244.74
2002-05-17,1235.53
2002-05-20,1215.88
2002-05-21,1196.17
2002-05-22,1190.51
2002-05-23,1173.01
2002-05-24,1212.37
2002-05-27,1206.51
2002-05-28,1188.52
2002-05-29,1197.5
2002-05-30,1187.18
2002-05-31,1185.73
2002-06-03,1199.56
2002-06-04,1199.98
2002-06-05,1221.33
2002-06-06,1220.34
2002-06-07,1204.75
2002-06-10,1227.26
2002-06-11,1260.54
2002-06-12,1261.13
2002-06-13,1256.44
2002-06-14,1265.37
2002-06-17,1273.34
2002-06-18,1262.53
2002-06-19,1245.54
2002-06-20,1253.44
2002-06-21,1248.46
2002-06-24,1250.26
2002-06-25,1246.29
2002-06-26,1232.5
2002-06-27,1238.02
2002-06-28,1249.96
2002-07-01,1263.29
2002-07-02,1264.41
2002-07-03,1265.61
2002-07-04,1273.47
2002-07-05,1279.91
2002-07-08,1293.46
2002-07-09,1285.44
2002-07-10,1277.98
2002-07-11,1265.8
2002-07-12,1266.36
2002-07-15,1251.5
2002-07-16,1243.81
2002-07-17,1237.08
2002-07-18,1247.62
2002-07-19,1243.11
2002-07-22,1215.17
2002-07-23,1220.29
2002-07-24,1201.15
2002-07-25,1199.35
2002-07-26,1172.11
2002-07-29,1165.52
2002-07-30,1150.16
2002-07-31,1155.02
2002-08-01,1154.58
2002-08-02,1152.54
2002-08-05,1163.49
2002-08-06,1167.72
2002-08-07,1169.84
2002-08-08,1150.04
2002-08-09,1161.9
2002-08-12,1165.48
2002-08-13,1169.82
2002-08-14,1162.34
2002-08-16,1166.73
2002-08-19,1167.11
2002-08-20,1172.27
2002-08-21,1173.22
2002-08-22,1172.15
2002-08-23,1177.27
2002-08-26,1180.67
2002-08-27,1170.52
2002-08-28,1169.59
2002-08-29,1165.78
2002-08-30,1180.49
2002-09-02,1182.33
2002-09-03,1171.54
2002-09-04,1174.89
2002-09-05,1177.75
2002-09-06,1168.67
2002-09-09,1159.27
2002-09-11,1164.39
2002-09-12,1171.85
2002-09-13,1163.64
2002-09-16,1155.34
2002-09-17,1160.0
2002-09-18,1148.42
2002-09-19,1136.76
2002-09-20,1132.31
2002-09-23,1129.68
2002-09-24,1126.47
2002-09-25,1126.73
2002-09-26,1126.4
2002-09-27,1134.29
2002-09-30,1121.61
2002-10-01,1113.52
2002-10-03,1111.47
2002-10-04,1112.64
2002-10-07,1121.28
2002-10-08,1124.53
2002-10-09,1117.34
2002-10-10,1118.13
2002-10-11,1125.83
2002-10-14,1123.25
2002-10-16,1117.51
2002-10-17,1116.87
2002-10-18,1116.31
2002-10-21,1115.21
2002-10-22,1104.01
2002-10-23,1101.94
2002-10-24,1096.22
2002-10-25,1084.01
2002-10-28,1079.1
2002-10-29,1087.95
2002-10-30,1079.47
2002-10-31,1084.39
2002-11-01,1089.44
2002-11-04,1100.19
2002-11-05,1097.45
2002-11-07,1096.06
2002-11-08,1095.28
2002-11-11,1094.16
2002-11-12,1098.15
2002-11-13,1094.92
2002-11-14,1101.73
2002-11-15,1117.48
2002-11-18,1130.19
2002-11-20,1133.78
2002-11-21,1138.0
2002-11-22,1148.96
2002-11-25,1159.41
2002-11-26,1170.51
2002-11-27,1163.9
2002-11-28,1180.6
2002-11-29,1186.23
2002-12-02,1205.08
2002-12-03,1189.44
2002-12-04,1179.98
2002-12-05,1193.58
2002-12-06,1219.54
2002-12-09,1209.33
2002-12-10,1212.1
2002-12-11,1215.92
2002-12-12,1223.16
2002-12-13,1234.82
2002-12-16,1227.06
2002-12-17,1218.39
2002-12-18,1229.53
2002-12-19,1232.82
2002-12-20,1233.44
2002-12-23,1231.7
2002-12-24,1240.05
2002-12-26,1244.61
2002-12-27,1252.03
2002-12-30,1243.17
2002-12-31,1247.3
2003-01-01,1252.96
2003-01-02,1246.92
2003-01-03,1242.31
2003-01-06,1232.81
2003-01-07,1230.16
2003-01-08,1242.43
2003-01-09,1251.18
2003-01-10,1240.88
2003-01-13,1232.07
2003-01-14,1237.82
2003-01-15,1244.59
2003-01-16,1248.94
2003-01-17,1253.37
2003-01-20,1245.25
2003-01-21,1246.98
2003-01-22,1252.91
2003-01-23,1239.71
2003-01-24,1221.42
2003-01-27,1198.51
2003-01-28,1210.18
2003-01-29,1207.98
2003-01-30,1205.13
2003-01-31,1208.93
2003-02-03,1226.97
2003-02-04,1230.22
2003-02-05,1222.73
2003-02-06,1234.92
2003-02-07,1230.95
2003-02-10,1220.31
2003-02-11,1218.85
2003-02-12,1214.9
2003-02-14,1202.33
2003-02-17,1230.38
2003-02-18,1230.74
2003-02-19,1239.67
2003-02-20,1241.05
2003-02-21,1240.61
2003-02-24,1245.2
2003-02-25,1230.05
2003-02-26,1225.72
2003-02-27,1232.12
2003-02-28,1242.49
2003-03-03,1237.45
2003-03-04,1224.21
2003-03-05,1215.61
2003-03-06,1207.11
2003-03-07,1190.45
2003-03-10,1174.93
2003-03-11,1181.31
2003-03-12,1173.36
2003-03-13,1170.74
2003-03-17,1162.48
2003-03-19,1168.17
2003-03-20,1188.73
2003-03-21,1194.84
2003-03-22,1199.95
2003-03-24,1180.26
2003-03-25,1178.41
2003-03-26,1182.2
2003-03-27,1169.54
2003-03-28,1167.56
2003-03-31,1149.13
2003-04-01,1158.54
2003-04-02,1176.58
2003-04-03,1188.4
2003-04-04,1202.1
2003-04-07,1218.7
2003-04-08,1211.17
2003-04-09,1199.53
2003-04-10,1179.64
2003-04-11,1179.94
2003-04-15,1183.36
2003-04-16,1183.7
2003-04-17,1170.89
2003-04-21,1181.17
2003-04-22,1179.25
2003-04-23,1170.03
2003-04-24,1163.1
2003-04-25,1161.82
2003-04-28,1169.37
2003-04-29,1176.17
2003-04-30,1178.53
2003-05-02,1191.68
2003-05-05,1210.98
2003-05-06,1215.87
2003-05-07,1217.34
2003-05-08,1208.52
2003-05-09,1203.7
2003-05-12,1205.37
2003-05-13,1217.59
2003-05-14,1223.04
2003-05-15,1238.46
2003-05-16,1247.44
2003-05-19,1240.66
2003-05-20,1251.38
2003-05-21,1248.02
2003-05-22,1247.01
2003-05-23,1256.2
2003-05-26,1273.72
2003-05-27,1263.77
2003-05-28,1273.96
2003-05-29,1288.04
2003-05-30,1294.59
2003-06-02,1308.94
2003-06-03,1305.97
2003-06-04,1317.29
2003-06-05,1328.01
2003-06-06,1341.86
2003-06-09,1350.2
2003-06-10,1335.94
2003-06-11,1342.94
2003-06-12,1354.15
2003-06-13,1354.96
2003-06-16,1353.68
2003-06-17,1387.96
2003-06-18,1398.75
2003-06-19,1408.75
2003-06-20,1413.22
2003-06-23,1403.19
2003-06-24,1395.46
2003-06-25,1423.73
2003-06-26,1430.32
2003-06-27,1450.85
2003-06-30,1463.77
2003-07-01,1463.1
2003-07-02,1480.82
2003-07-03,1491.56
2003-07-04,1490.11
2003-07-07,1499.18
2003-07-08,1504.5
2003-07-09,1493.18
2003-07-10,1511.96
2003-07-11,1521.7
2003-07-14,1537.83
2003-07-15,1522.85
2003-07-16,1537.68
2003-07-17,1515.64
2003-07-18,1499.43
2003-07-21,1468.51
2003-07-22,1450.11
2003-07-23,1466.63
2003-07-24,1489.21
2003-07-25,1516.85
2003-07-28,1535.03
2003-07-29,1540.5
2003-07-30,1561.88
2003-07-31,1561.08
2003-08-01,1577.71
2003-08-04,1599.44
2003-08-05,1577.3
2003-08-06,1561.21
2003-08-07,1595.88
2003-08-08,1634.55
2003-08-11,1650.45
2003-08-12,1654.71
2003-08-13,1668.76
2003-08-14,1672.57
2003-08-18,1718.75
2003-08-19,1701.27
2003-08-20,1711.36
2003-08-21,1727.19
2003-08-22,1740.65
2003-08-25,1681.69
2003-08-26,1742.82
2003-08-27,1767.71
2003-08-28,1772.56
2003-08-29,1795.64
2003-09-01,1821.2
2003-09-02,1827.87
2003-09-03,1799.1
2003-09-04,1806.66
2003-09-05,1837.13
2003-09-08,1866.42
2003-09-09,1848.51
2003-09-10,1852.41
2003-09-11,1853.83
2003-09-12,1817.07
2003-09-15,1758.44
2003-09-16,1795.31
2003-09-17,1769.14
2003-09-18,1719.24
2003-09-19,1740.46
2003-09-22,1717.69
2003-09-23,1752.56
2003-09-24,1805.69
2003-09-25,1789.87
2003-09-26,1827.03
2003-09-29,1851.61
2003-09-30,1871.37
2003-10-01,1880.99
2003-10-03,1929.35
2003-10-06,1968.58
2003-10-07,1979.19
2003-10-08,1988.78
2003-10-09,2023.45
2003-10-10,2038.37
2003-10-13,2068.91
2003-10-14,2036.13
2003-10-15,2055.32
2003-10-16,2078.53
2003-10-17,2093.13
2003-10-20,2060.25
2003-10-21,2016.11
2003-10-22,1996.04
2003-10-23,1975.34
2003-10-24,2018.78
2003-10-25,2041.67
2003-10-27,2004.47
2003-10-28,1995.67
2003-10-29,2022.5
2003-10-30,2063.87
2003-10-31,2123.87
2003-11-03,2180.28
2003-11-04,2203.11
2003-11-05,2206.88
2003-11-06,2210.78
2003-11-07,2187.05
2003-11-10,2194.39
2003-11-11,2216.2
2003-11-12,2224.44
2003-11-13,2190.31
2003-11-14,2149.47
2003-11-15,2170.11
2003-11-17,2195.44
2003-11-18,2183.01
2003-11-19,2146.12
2003-11-20,2120.25
2003-11-21,2145.39
2003-11-24,2152.88
2003-11-25,2188.16
2003-11-27,2221.38
2003-11-28,2243.0
2003-12-01,2310.46
2003-12-02,2314.38
2003-12-03,2336.34
2003-12-04,2343.26
2003-12-05,2308.51
2003-12-08,2319.53
2003-12-09,2363.99
2003-12-10,2371.01
2003-12-11,2377.02
2003-12-12,2384.55
2003-12-15,2414.29
2003-12-16,2417.67
2003-12-17,2429.82
2003-12-18,2461.7
2003-12-19,2488.02
2003-12-22,2506.57
2003-12-23,2494.31
2003-12-24,2528.58
2003-12-26,2583.37
2003-12-29,2630.59
2003-12-30,2607.95
2003-12-31,2612.34
2004-01-01,2662.51
2004-01-02,2715.74
2004-01-05,2729.22
2004-01-06,2688.46
2004-01-07,2666.75
2004-01-08,2746.42
2004-01-09,2755.96
2004-01-12,2716.12
2004-01-13,2736.21
2004-01-14,2770.25
2004-01-15,2723.6
2004-01-16,2651.19
2004-01-19,2696.07
2004-01-20,2632.19
2004-01-21,2521.32
2004-01-22,2459.2
2004-01-23,2570.45
2004-01-27,2649.58
2004-01-28,2598.38
2004-01-29,2577.64
2004-01-30,2527.23
2004-02-03,2462.13
2004-02-04,2544.88
2004-02-05,2517.34
2004-02-06,2550.61
2004-02-09,2618.62
2004-02-10,2612.53
2004-02-11,2641.8
2004-02-12,2633.4
2004-02-13,2666.16
2004-02-16,2674.92
2004-02-17,2686.6
2004-02-18,2685.67
2004-02-19,2614.8
2004-02-20,2602.8
2004-02-23,2547.78
2004-02-24,2572.55
2004-02-25,2528.97
2004-02-26,2503.75
2004-02-27,2551.56
2004-03-01,2606.54
2004-03-03,2630.1
2004-03-04,2601.84
2004-03-05,2636.14
2004-03-08,2667.61
2004-03-09,2649.35
2004-03-10,2620.14
2004-03-11,2562.45
2004-03-12,2565.28
2004-03-15,2494.29
2004-03-16,2467.29
2004-03-17,2465.42
2004-03-18,2428.03
2004-03-19,2442.27
2004-03-22,2381.17
2004-03-23,2393.82
2004-03-24,2400.18
2004-03-25,2413.5
2004-03-26,2477.95
2004-03-29,2505.6
2004-03-30,2491.27
2004-03-31,2527.57
2004-04-01,2584.66
2004-04-02,2612.51
2004-04-05,2626.82
2004-04-06,2610.97
2004-04-07,2615.48
2004-04-08,2617.13
2004-04-12,2608.47
2004-04-13,2666.32
2004-04-15,2653.9
2004-04-16,2673.73
2004-04-17,2675.95
2004-04-19,2640.75
2004-04-20,2645.28
2004-04-21,2686.19
2004-04-22,2719.44
2004-04-23,2724.97
2004-04-27,2613.99
2004-04-28,2608.79
2004-04-29,2602.91
2004-04-30,2579.81
2004-05-03,2532.14
2004-05-04,2573.83
2004-05-05,2599.46
2004-05-06,2632.49
2004-05-07,2596.38
2004-05-10,2544.63
2004-05-11,2442.56
2004-05-12,2449.16
2004-05-13,2449.39
2004-05-14,2284.46
2004-05-17,2032.27
2004-05-18,2200.3
2004-05-19,2277.9
2004-05-20,2259.22
2004-05-21,2273.29
2004-05-24,2347.88
2004-05-25,2331.1
2004-05-26,2332.79
2004-05-27,2315.42
2004-05-28,2215.74
2004-05-31,2187.79
2004-06-01,2231.42
2004-06-02,2263.21
2004-06-03,2208.8
2004-06-04,2242.23
2004-06-07,2267.7
2004-06-08,2285.18
2004-06-09,2286.24
2004-06-10,2287.41
2004-06-11,2244.43
2004-06-14,2195.17
2004-06-15,2215.47
2004-06-16,2195.1
2004-06-17,2218.83
2004-06-18,2195.12
2004-06-21,2177.48
2004-06-22,2172.57
2004-06-23,2130.42
2004-06-24,2155.0
2004-06-25,2193.39
2004-06-28,2245.84
2004-06-29,2258.15
2004-06-30,2253.28
2004-07-01,2290.2
2004-07-02,2286.86
2004-07-05,2271.49
2004-07-06,2317.65
2004-07-07,2337.45
2004-07-08,2277.24
2004-07-09,2320.68
2004-07-12,2328.05
2004-07-13,2305.87
2004-07-14,2282.35
2004-07-15,2312.68
2004-07-16,2337.62
2004-07-19,2350.31
2004-07-20,2339.0
2004-07-21,2354.97
2004-07-22,2371.24
2004-07-23,2383.26
2004-07-26,2406.94
2004-07-27,2381.56
2004-07-28,2370.94
2004-07-29,2404.35
2004-07-30,2419.67
2004-08-02,2420.12
2004-08-03,2417.13
2004-08-04,2405.41
2004-08-05,2442.2
2004-08-06,2425.01
2004-08-09,2441.31
2004-08-10,2461.39
2004-08-11,2424.21
2004-08-12,2405.42
2004-08-13,2391.6
2004-08-16,2393.5
2004-08-17,2414.3
2004-08-18,2381.41
2004-08-19,2415.74
2004-08-20,2386.06
2004-08-23,2366.81
2004-08-24,2392.18
2004-08-25,2403.26
2004-08-26,2430.07
2004-08-27,2422.45
2004-08-30,2454.64
2004-08-31,2456.78
2004-09-01,2466.86
2004-09-02,2465.36
2004-09-03,2475.24
2004-09-06,2492.27
2004-09-07,2496.91
2004-09-08,2516.71
2004-09-09,2497.97
2004-09-10,2527.24
2004-09-13,2537.26
2004-09-14,2550.4
2004-09-15,2550.15
2004-09-16,2581.8
2004-09-17,2609.95
2004-09-20,2606.63
2004-09-21,2635.9
2004-09-22,2647.71
2004-09-23,2615.1
2004-09-24,2609.99
2004-09-27,2601.67
2004-09-28,2575.25
2004-09-29,2609.69
2004-09-30,2635.56
2004-10-01,2668.88
2004-10-04,2701.97
2004-10-05,2716.2
2004-10-06,2685.81
2004-10-07,2704.7
2004-10-08,2719.6
2004-10-09,2722.84
2004-10-11,2701.56
2004-10-12,2666.75
2004-10-14,2661.03
2004-10-15,2656.2
2004-10-18,2650.36
2004-10-19,2674.15
2004-10-20,2654.53
2004-10-21,2642.64
2004-10-25,2595.65
2004-10-26,2624.09
2004-10-27,2643.41
2004-10-28,2662.8
2004-10-29,2649.99
2004-11-01,2672.81
2004-11-02,2704.15
2004-11-03,2734.86
2004-11-04,2737.83
2004-11-05,2757.65
2004-11-08,2758.15
2004-11-09,2754.69
2004-11-10,2781.53
2004-11-11,2781.91
2004-11-12,2788.18
2004-11-16,2811.2
2004-11-17,2831.19
2004-11-18,2843.55
2004-11-19,2825.79
2004-11-22,2830.29
2004-11-23,2866.66
2004-11-24,2891.47
2004-11-25,2897.63
2004-11-29,2949.84
2004-11-30,2960.87
2004-12-01,2964.96
2004-12-02,3025.72
2004-12-03,3014.13
2004-12-06,3023.27
2004-12-07,3020.84
2004-12-08,3006.0
2004-12-09,3026.83
2004-12-10,3002.55
2004-12-13,3021.24
2004-12-14,3048.7
2004-12-15,3085.44
2004-12-16,3104.63
2004-12-17,3083.94
2004-12-20,3111.26
2004-12-21,3148.49
2004-12-22,3131.41
2004-12-23,3144.54
2004-12-24,3160.12
2004-12-27,3170.38
2004-12-28,3190.95
2004-12-29,3190.65
2004-12-30,3180.49
2004-12-31,3209.54
2005-01-03,3262.84
2005-01-04,3253.68
2005-01-05,3145.48
2005-01-06,3089.15
2005-01-07,3107.14
2005-01-10,3062.36
2005-01-11,3001.84
2005-01-12,2928.75
2005-01-13,3001.59
2005-01-14,2951.65
2005-01-17,2952.48
2005-01-18,2960.56
2005-01-19,2954.92
2005-01-20,2941.73
2005-01-24,2927.83
2005-01-25,2969.16
2005-01-27,2999.09
2005-01-28,3079.03
2005-01-31,3154.9
2005-02-01,3158.05
2005-02-02,3153.73
2005-02-03,3198.11
2005-02-04,3207.17
2005-02-07,3179.31
2005-02-08,3189.54
2005-02-09,3224.36
2005-02-10,3218.03
2005-02-11,3242.86
2005-02-14,3265.29
2005-02-15,3249.5
2005-02-16,3220.71
2005-02-17,3205.43
2005-02-18,3193.84
2005-02-21,3173.11
2005-02-22,3195.88
2005-02-23,3191.67
2005-02-24,3183.69
2005-02-25,3180.36
2005-02-28,3237.0
2005-03-01,3207.46
2005-03-02,3219.69
2005-03-03,3265.11
2005-03-04,3291.33
2005-03-07,3306.91
2005-03-08,3323.43
2005-03-09,3303.5
2005-03-10,3309.87
2005-03-11,3292.93
2005-03-14,3280.74
2005-03-15,3250.75
2005-03-16,3244.33
2005-03-17,3191.9
2005-03-18,3194.81
2005-03-21,3173.98
2005-03-22,3116.6
2005-03-23,3069.36
2005-03-24,3046.99
2005-03-28,3065.02
2005-03-29,3002.88
2005-03-30,3021.45
2005-03-31,3070.07
2005-04-01,3130.41
2005-04-04,3120.08
2005-04-05,3093.68
2005-04-06,3113.44
2005-04-07,3105.83
2005-04-08,3079.53
2005-04-11,3057.26
2005-04-12,3078.55
2005-04-13,3083.23
2005-04-15,3001.48
2005-04-18,2971.98
2005-04-19,2949.13
2005-04-20,2989.63
2005-04-21,3015.74
2005-04-22,3035.78
2005-04-25,3041.65
2005-04-26,3031.9
2005-04-27,3003.9
2005-04-28,3010.1
2005-04-29,2954.84
2005-05-02,2979.92
2005-05-03,2993.16
2005-05-04,3027.56
2005-05-05,3047.8
2005-05-06,3066.91
2005-05-09,3101.54
2005-05-10,3094.15
2005-05-11,3080.88
2005-05-12,3097.32
2005-05-13,3095.02
2005-05-16,3125.12
2005-05-17,3096.19
2005-05-18,3089.73
2005-05-19,3105.2
2005-05-20,3106.89
2005-05-23,3129.3
2005-05-24,3146.14
2005-05-25,3163.47
2005-05-26,3202.34
2005-05-27,3203.86
2005-05-30,3191.03
2005-05-31,3202.03
2005-06-01,3211.04
2005-06-02,3191.14
2005-06-03,3225.42
2005-06-04,3230.3
2005-06-06,3229.15
2005-06-07,3251.02
2005-06-08,3273.07
2005-06-09,3263.55
2005-06-10,3245.51
2005-06-13,3252.79
2005-06-14,3258.3
2005-06-15,3276.55
2005-06-16,3258.33
2005-06-17,3258.39
2005-06-20,3270.72
2005-06-21,3299.51
2005-06-22,3321.39
2005-06-23,3331.31
2005-06-24,3345.2
2005-06-27,3348.43
2005-06-28,3303.1
2005-06-29,3334.48
2005-06-30,3366.2
2005-07-01,3392.14
2005-07-04,3432.37
2005-07-05,3412.13
2005-07-06,3451.71
2005-07-07,3396.72
2005-07-08,3429.55
2005-07-11,3471.63
2005-07-12,3483.94
2005-07-13,3483.29
2005-07-14,3451.71
2005-07-15,3489.48
2005-07-18,3533.05
2005-07-19,3544.49
2005-07-20,3562.76
2005-07-21,3546.37
2005-07-22,3591.82
2005-07-25,3632.25
2005-07-26,3647.8
2005-07-27,3668.82
2005-07-29,3647.95
2005-08-01,3665.22
2005-08-02,3720.53
2005-08-03,3720.2
2005-08-04,3755.03
2005-08-05,3749.48
2005-08-08,3681.53
2005-08-09,3659.11
2005-08-10,3727.31
2005-08-11,3777.31
2005-08-12,3760.64
2005-08-16,3774.05
2005-08-17,3801.07
2005-08-18,3785.97
2005-08-19,3773.96
2005-08-22,3754.44
2005-08-23,3684.09
2005-08-24,3662.48
2005-08-25,3711.16
2005-08-26,3728.11
2005-08-29,3693.51
2005-08-30,3743.33
2005-08-31,3766.59
2005-09-01,3802.46
2005-09-02,3828.63
2005-09-05,3840.49
2005-09-06,3854.8
2005-09-08,3896.81
2005-09-09,3893.82
2005-09-12,3932.72
2005-09-13,3964.85
2005-09-14,3958.13
2005-09-15,4009.75
2005-09-16,4036.11
2005-09-19,4066.53
2005-09-20,4060.49
2005-09-21,4020.47
2005-09-22,3875.65
2005-09-23,3882.88
2005-09-26,4001.22
2005-09-27,4025.23
2005-09-28,4053.04
2005-09-29,4064.28
2005-09-30,4066.96
2005-10-03,4125.66
2005-10-04,4180.98
2005-10-05,4169.24
2005-10-06,4082.88
2005-10-07,4065.81
2005-10-10,4039.26
2005-10-11,4057.89
2005-10-13,3978.59
2005-10-14,3899.71
2005-10-17,3905.71
2005-10-18,3882.94
2005-10-19,3801.65
2005-10-20,3766.15
2005-10-21,3826.44
2005-10-24,3765.45
2005-10-25,3798.86
2005-10-26,3773.96
2005-10-27,3682.43
2005-10-28,3618.31
2005-10-31,3706.05
2005-11-01,3737.63
2005-11-02,3797.95
2005-11-07,3867.8
2005-11-08,3918.36
2005-11-09,3918.53
2005-11-10,3936.22
2005-11-11,4016.0
2005-11-14,4025.0
2005-11-16,4058.55
2005-11-17,4094.46
2005-11-18,4122.19
2005-11-21,4103.05
2005-11-22,4063.85
2005-11-23,4107.38
2005-11-24,4142.42
2005-11-25,4203.24
2005-11-26,4244.38
2005-11-28,4284.83
2005-11-29,4258.61
2005-11-30,4196.65
2005-12-01,4282.59
2005-12-02,4280.7
2005-12-05,4221.49
2005-12-06,4209.53
2005-12-07,4246.74
2005-12-08,4268.91
2005-12-09,4329.88
2005-12-12,4354.14
2005-12-13,4407.33
2005-12-14,4413.96
2005-12-15,4364.88
2005-12-16,4417.52
2005-12-19,4463.73
2005-12-20,4442.34
2005-12-21,4433.45
2005-12-22,4445.47
2005-12-23,4388.67
2005-12-26,4284.77
2005-12-27,4380.61
2005-12-28,4364.1
2005-12-29,4397.86
2005-12-30,4450.91
2006-01-02,4446.3
2006-01-03,4514.62
2006-01-04,4566.67
2006-01-05,4572.45
2006-01-06,4599.87
2006-01-09,4613.2
2006-01-10,4558.19
2006-01-12,4535.17
2006-01-13,4519.72
2006-01-16,4503.09
2006-01-17,4466.01
2006-01-18,4454.69
2006-01-19,4534.89
2006-01-20,4569.47
2006-01-23,4533.78
2006-01-24,4579.66
2006-01-25,4594.52
2006-01-27,4689.85
2006-01-30,4690.65
2006-01-31,4742.21
2006-02-01,4687.52
2006-02-02,4706.04
2006-02-03,4684.72
2006-02-06,4762.62
2006-02-07,4813.52
2006-02-08,4796.24
2006-02-10,4845.64
2006-02-13,4893.5
2006-02-14,4842.8
2006-02-15,4859.47
2006-02-16,4872.2
2006-02-17,4800.54
2006-02-20,4818.91
2006-02-21,4870.82
2006-02-22,4893.22
2006-02-23,4894.7
2006-02-24,4892.57
2006-02-27,4918.76
2006-02-28,4929.49
2006-03-01,5019.31
2006-03-02,5054.88
2006-03-03,5063.18
2006-03-06,5133.93
2006-03-07,5135.18
2006-03-08,5035.95
2006-03-09,5060.66
2006-03-10,5151.75
2006-03-13,5163.72
2006-03-14,5131.46
2006-03-16,5191.61
2006-03-17,5201.64
2006-03-20,5253.76
2006-03-21,5232.06
2006-03-22,5207.02
2006-03-23,5237.22
2006-03-24,5296.83
2006-03-27,5348.0
2006-03-28,5336.54
2006-03-29,5382.92
2006-03-30,5457.61
2006-03-31,5467.38
2006-04-03,5577.63
2006-04-04,5614.69
2006-04-05,5683.58
2006-04-07,5592.96
2006-04-10,5645.5
2006-04-12,5485.15
2006-04-13,5406.69
2006-04-17,5551.47
2006-04-18,5650.23
2006-04-19,5660.7
2006-04-20,5701.28
2006-04-21,5708.55
2006-04-24,5672.27
2006-04-25,5521.62
2006-04-26,5643.3
2006-04-27,5580.37
2006-04-28,5598.76
2006-04-29,5698.44
2006-05-02,5794.54
2006-05-03,5833.01
2006-05-04,5834.48
2006-05-05,5861.15
2006-05-08,5893.66
2006-05-09,5924.04
2006-05-10,5959.46
2006-05-11,5885.1
2006-05-12,5815.02
2006-05-15,5552.85
2006-05-16,5584.24
2006-05-17,5722.59
2006-05-18,5316.51
2006-05-19,5070.07
2006-05-22,4826.39
2006-05-23,5037.47
2006-05-24,4941.59
2006-05-25,5016.15
2006-05-26,5103.09
2006-05-29,5114.78
2006-05-30,5037.61
2006-05-31,4867.1
2006-06-01,4687.54
2006-06-02,4862.77
2006-06-05,4756.83
2006-06-06,4630.98
2006-06-07,4489.75
2006-06-08,4277.53
2006-06-09,4520.82
2006-06-12,4375.34
2006-06-13,4176.08
2006-06-14,4125.66
2006-06-15,4401.07
2006-06-16,4532.95
2006-06-19,4587.27
2006-06-20,4514.61
2006-06-21,4597.03
2006-06-22,4713.27
2006-06-23,4768.56
2006-06-25,4778.64
2006-06-26,4611.67
2006-06-27,4669.61
2006-06-28,4666.89
2006-06-29,4700.43
2006-06-30,4885.2
2006-07-03,4895.71
2006-07-04,4886.98
2006-07-05,4991.41
2006-07-06,4929.41
2006-07-07,4804.93
2006-07-10,4899.03
2006-07-11,4870.95
2006-07-12,4948.78
2006-07-13,4913.79
2006-07-14,4842.84
2006-07-17,4668.52
2006-07-18,4645.67
2006-07-19,4536.67
2006-07-20,4698.47
2006-07-21,4585.04
2006-07-24,4631.4
2006-07-25,4730.55
2006-07-26,4837.01
2006-07-27,4888.49
2006-07-28,4866.55
2006-07-31,4884.99
2006-08-01,4867.78
2006-08-02,4928.8
2006-08-03,4943.46
2006-08-04,4932.44
2006-08-07,4906.47
2006-08-08,4992.83
2006-08-09,5066.52
2006-08-10,5090.48
2006-08-11,5114.87
2006-08-14,5180.41
2006-08-16,5253.31
2006-08-17,5256.59
2006-08-18,5283.17
2006-08-21,5313.49
2006-08-22,5292.1
2006-08-23,5242.61
2006-08-24,5305.38
2006-08-25,5331.11
2006-08-28,5356.49
2006-08-29,5376.37
2006-08-30,5389.45
2006-08-31,5344.35
2006-09-01,5407.32
2006-09-04,5481.68
2006-09-05,5480.3
2006-09-06,5508.69
2006-09-07,5491.84
2006-09-08,5522.59
2006-09-11,5347.21
2006-09-12,5397.81
2006-09-13,5509.14
2006-09-14,5531.17
2006-09-15,5536.74
2006-09-18,5570.22
2006-09-19,5486.53
2006-09-20,5543.42
2006-09-21,5618.91
2006-09-22,5607.78
2006-09-25,5588.48
2006-09-26,5647.57
2006-09-27,5665.89
2006-09-28,5661.26
2006-09-29,5697.82
2006-10-03,5679.39
2006-10-04,5609.57
2006-10-05,5686.21
2006-10-06,5711.46
2006-10-09,5697.97
2006-10-10,5698.44
2006-10-11,5648.06
2006-10-12,5754.82
2006-10-13,5801.01
2006-10-16,5849.98
2006-10-17,5827.09
2006-10-18,5824.25
2006-10-19,5786.05
2006-10-20,5779.45
2006-10-21,5797.31
2006-10-23,5763.93
2006-10-26,5792.95
2006-10-27,5870.93
2006-10-30,5903.04
2006-10-31,5863.01
2006-11-01,5895.9
2006-11-02,5912.85
2006-11-03,5930.5
2006-11-06,5938.93
2006-11-07,5911.61
2006-11-08,5869.21
2006-11-09,5892.94
2006-11-10,5944.46
2006-11-13,5978.09
2006-11-14,5968.7
2006-11-15,5992.42
2006-11-16,5998.73
2006-11-17,5963.57
2006-11-20,5936.82
2006-11-21,6032.6
2006-11-22,6094.7
2006-11-23,6103.0
2006-11-24,6114.03
2006-11-27,6125.64
2006-11-28,6046.28
2006-11-29,6067.67
2006-11-30,6074.72
2006-12-01,6159.39
2006-12-04,6177.89
2006-12-05,6179.38
2006-12-06,6150.38
2006-12-07,6159.78
2006-12-08,6088.83
2006-12-11,5884.68
2006-12-12,5670.64
2006-12-13,5762.65
2006-12-14,5883.86
2006-12-15,5951.72
2006-12-18,6000.7
2006-12-19,5866.61
2006-12-20,5834.55
2006-12-21,5854.94
2006-12-22,5918.78
2006-12-26,6016.15
2006-12-27,6079.97
2006-12-28,6074.48
2006-12-29,6089.05
2007-01-02,6157.49
2007-01-03,6179.96
2007-01-04,6140.57
2007-01-05,6115.27
2007-01-08,6048.84
2007-01-09,6001.2
2007-01-10,5917.52
2007-01-11,6041.98
2007-01-12,6196.24
2007-01-15,6251.36
2007-01-16,6249.74
2007-01-17,6279.7
2007-01-18,6326.3
2007-01-19,6291.26
2007-01-22,6313.0
2007-01-23,6248.68
2007-01-24,6270.99
2007-01-25,6346.64
2007-01-29,6312.35
2007-01-31,6240.98
2007-02-01,6331.53
2007-02-02,6396.28
2007-02-05,6435.9
2007-02-06,6416.92
2007-02-07,6464.37
2007-02-08,6453.79
2007-02-09,6398.38
2007-02-12,6190.11
2007-02-13,6141.35
2007-02-14,6130.06
2007-02-15,6261.69
2007-02-19,6282.02
2007-02-20,6205.34
2007-02-21,6200.59
2007-02-22,6072.11
2007-02-23,5916.23
2007-02-26,5948.14
2007-02-27,5878.31
2007-02-28,5660.86
2007-03-01,5707.87
2007-03-02,5616.73
2007-03-05,5380.34
2007-03-06,5471.72
2007-03-07,5429.96
2007-03-08,5626.64
2007-03-09,5560.17
2007-03-12,5583.27
2007-03-13,5637.15
2007-03-14,5487.63
2007-03-15,5492.82
2007-03-16,5445.96
2007-03-19,5527.44
2007-03-20,5594.7
2007-03-21,5670.5
2007-03-22,5812.76
2007-03-23,5778.43
2007-03-26,5722.54
2007-03-28,5650.04
2007-03-29,5701.29
2007-03-30,5747.65
2007-04-02,5487.03
2007-04-03,5567.26
2007-04-04,5632.97
2007-04-05,5685.26
2007-04-09,5806.57
2007-04-10,5834.28
2007-04-11,5853.54
2007-04-12,5796.12
2007-04-13,5908.65
2007-04-16,6037.61
2007-04-17,6009.22
2007-04-18,6042.35
2007-04-19,6020.03
2007-04-20,6122.2
2007-04-23,6132.17
2007-04-24,6225.95
2007-04-25,6276.43
2007-04-26,6304.77
2007-04-27,6179.98
2007-04-30,6197.33
2007-05-03,6290.04
2007-05-04,6260.08
2007-05-07,6255.52
2007-05-08,6204.88
2007-05-09,6224.3
2007-05-10,6219.73
2007-05-11,6222.07
2007-05-14,6302.43
2007-05-15,6305.69
2007-05-16,6355.86
2007-05-17,6408.57
2007-05-18,6380.69
2007-05-21,6450.14
2007-05-22,6483.71
2007-05-23,6451.06
2007-05-24,6389.47
2007-05-25,6448.69
2007-05-28,6474.8
2007-05-29,6516.74
2007-05-30,6450.39
2007-05-31,6532.9
2007-06-01,6552.69
2007-06-04,6514.42
2007-06-05,6542.7
2007-06-06,6419.26
2007-06-07,6384.57
2007-06-08,6307.22
2007-06-11,6322.25
2007-06-12,6323.7
2007-06-13,6269.7
2007-06-14,6348.52
2007-06-15,6360.43
2007-06-18,6320.84
2007-06-19,6413.13
2007-06-20,6476.35
2007-06-21,6525.72
2007-06-22,6520.31
2007-06-25,6521.65
2007-06-26,6542.75
2007-06-27,6524.53
2007-06-28,6586.01
2007-06-29,6666.22
2007-07-02,6671.88
2007-07-03,6725.58
2007-07-04,6747.34
2007-07-05,6740.42
2007-07-06,6780.14
2007-07-09,6823.04
2007-07-10,6815.39
2007-07-11,6797.86
2007-07-12,6908.81
2007-07-13,6999.01
2007-07-16,7014.94
2007-07-17,6973.6
2007-07-18,6978.14
2007-07-19,7044.49
2007-07-20,7022.38
2007-07-23,7089.56
2007-07-24,7084.6
2007-07-25,7012.45
2007-07-26,7072.24
2007-07-27,6811.22
2007-07-30,6807.22
2007-07-31,6927.66
2007-08-01,6645.25
2007-08-02,6666.18
2007-08-03,6735.18
2007-08-06,6648.17
2007-08-07,6686.88
2007-08-08,6837.96
2007-08-09,6751.7
2007-08-10,6659.4
2007-08-13,6740.5
2007-08-14,6723.25
2007-08-16,6461.85
2007-08-17,6345.78
2007-08-20,6476.59
2007-08-21,6278.28
2007-08-22,6374.37
2007-08-23,6326.74
2007-08-24,6427.52
2007-08-27,6586.08
2007-08-28,6605.71
2007-08-29,6669.86
2007-08-30,6750.27
2007-08-31,6817.0
2007-09-03,6858.05
2007-09-04,6888.56
2007-09-05,6896.03
2007-09-06,6977.36
2007-09-07,6942.91
2007-09-10,6962.76
2007-09-11,6963.38
2007-09-12,6961.74
2007-09-13,7010.41
2007-09-14,6981.37
2007-09-17,6969.45
2007-09-18,7043.14
2007-09-19,7260.4
2007-09-20,7298.81
2007-09-21,7390.3
2007-09-24,7516.83
2007-09-25,7529.41
2007-09-26,7569.02
2007-09-27,7660.38
2007-09-28,7725.59
2007-10-01,7807.65
2007-10-03,7954.29
2007-10-04,7952.39
2007-10-05,7890.23
2007-10-08,7733.26
2007-10-09,8031.96
2007-10-10,8180.59
2007-10-11,8317.62
2007-10-12,8184.45
2007-10-15,8474.26
2007-10-16,8503.85
2007-10-17,8309.04
2007-10-18,8048.95
2007-10-19,7841.77
2007-10-22,7853.83
2007-10-23,8216.66
2007-10-24,8259.89
2007-10-25,8377.09
2007-10-26,8532.17
2007-10-29,8766.39
2007-10-30,8704.36
2007-10-31,8725.97
2007-11-01,8627.76
2007-11-02,8684.57
2007-11-05,8600.39
2007-11-06,8532.32
2007-11-07,8524.21
2007-11-08,8464.87
2007-11-09,8407.88
2007-11-12,8366.38
2007-11-13,8454.62
2007-11-14,8784.84
2007-11-15,8799.46
2007-11-16,8819.55
2007-11-19,8855.94
2007-11-20,8658.32
2007-11-21,8324.66
2007-11-22,8291.12
2007-11-23,8391.8
2007-11-26,8567.45
2007-11-27,8548.79
2007-11-28,8420.72
2007-11-29,8433.05
2007-11-30,8628.47
2007-12-03,8799.68
2007-12-04,8837.18
2007-12-05,8952.86
2007-12-06,8965.13
2007-12-07,8983.95
2007-12-10,8980.4
2007-12-11,9201.36
2007-12-12,9320.8
2007-12-13,9220.15
2007-12-14,9229.07
2007-12-17,8874.8
2007-12-18,8857.51
2007-12-19,8883.83
2007-12-20,8888.4
2007-12-24,9189.47
2007-12-26,9299.33
2007-12-27,9317.91
2007-12-28,9345.3
2007-12-31,9449.54
2008-01-01,9481.49
2008-01-02,9530.81
2008-01-03,9473.84
2008-01-04,9558.48
2008-01-07,9539.21
2008-01-08,9489.47
2008-01-09,9457.96
2008-01-10,9244.82
2008-01-11,9233.83
2008-01-14,9224.66
2008-01-15,9074.31
2008-01-16,8882.92
2008-01-17,8895.25
2008-01-18,8665.27
2008-01-21,7952.02
2008-01-22,7500.95
2008-01-23,7901.81
2008-01-24,7641.96
2008-01-25,8143.36
2008-01-28,8017.42
2008-01-29,8071.87
2008-01-30,7946.8
2008-01-31,7901.51
2008-02-01,8140.49
2008-02-04,8370.69
2008-02-05,8372.94
2008-02-06,8141.86
2008-02-07,7897.65
2008-02-08,7874.89
2008-02-11,7549.14
2008-02-12,7481.57
2008-02-13,7597.58
2008-02-14,7948.11
2008-02-15,8099.99
2008-02-18,8089.99
2008-02-19,8107.23
2008-02-20,7923.57
2008-02-21,8010.22
2008-02-22,7915.25
2008-02-25,8047.62
2008-02-26,8170.73
2008-02-27,8167.77
2008-02-28,8263.02
2008-02-29,8208.23
2008-03-03,7911.98
2008-03-04,7808.18
2008-03-05,7895.28
2008-03-07,7638.53
2008-03-10,7652.62
2008-03-11,7740.1
2008-03-12,7744.52
2008-03-13,7400.22
2008-03-14,7572.66
2008-03-17,7193.41
2008-03-18,7267.4
2008-03-19,7317.15
2008-03-24,7378.37
2008-03-25,7740.02
2008-03-26,7687.78
2008-03-27,7690.98
2008-03-28,7875.21
2008-03-31,7585.11
2008-04-01,7585.04
2008-04-02,7615.69
2008-04-03,7615.88
2008-04-04,7448.22
2008-04-07,7603.27
2008-04-08,7493.21
2008-04-09,7551.86
2008-04-10,7525.87
2008-04-11,7575.77
2008-04-15,7715.96
2008-04-16,7719.26
2008-04-17,7838.19
2008-04-21,7955.44
2008-04-22,7971.64
2008-04-23,7945.85
2008-04-24,7904.76
2008-04-25,8035.53
2008-04-28,8008.55
2008-04-29,8176.85
2008-04-30,8146.42
2008-05-02,8222.03
2008-05-05,8165.95
2008-05-06,8110.88
2008-05-07,8104.04
2008-05-08,8037.13
2008-05-09,7889.78
2008-05-12,7934.12
2008-05-13,7883.08
2008-05-14,8004.22
2008-05-15,8132.92
2008-05-16,8218.19
2008-05-20,8161.97
2008-05-21,8171.93
2008-05-22,8031.4
2008-05-23,7936.29
2008-05-26,7819.95
2008-05-27,7815.34
2008-05-28,7934.0
2008-05-29,7811.72
2008-05-30,7871.13
2008-06-02,7684.36
2008-06-03,7627.79
2008-06-04,7380.95
2008-06-05,7543.51
2008-06-06,7482.42
2008-06-09,7323.81
2008-06-10,7253.47
2008-06-11,7335.09
2008-06-12,7352.35
2008-06-13,7299.54
2008-06-16,7391.29
2008-06-17,7493.71
2008-06-18,7410.06
2008-06-19,7295.58
2008-06-20,7049.45
2008-06-23,6893.67
2008-06-24,6750.13
2008-06-25,6807.12
2008-06-26,6913.43
2008-06-27,6607.07
2008-06-30,6462.49
2008-07-01,6209.92
2008-07-02,6477.66
2008-07-03,6206.04
2008-07-04,6355.94
2008-07-07,6426.54
2008-07-08,6383.41
2008-07-09,6643.39
2008-07-10,6689.07
2008-07-11,6519.15
2008-07-14,6486.91
2008-07-15,6197.76
2008-07-16,6125.99
2008-07-17,6330.76
2008-07-18,6514.39
2008-07-21,6622.03
2008-07-22,6767.09
2008-07-23,7135.12
2008-07-24,7062.77
2008-07-25,6928.37
2008-07-28,6934.58
2008-07-29,6697.23
2008-07-30,6908.36
2008-07-31,6916.03
2008-08-01,7038.09
2008-08-04,7051.11
2008-08-05,7241.85
2008-08-06,7237.09
2008-08-07,7270.8
2008-08-08,7266.55
2008-08-11,7396.86
2008-08-12,7284.61
2008-08-13,7254.27
2008-08-14,7097.66
2008-08-18,7023.74
2008-08-19,6987.41
2008-08-20,7077.9
2008-08-21,6873.99
2008-08-22,6936.14
2008-08-25,6959.57
2008-08-26,6984.27
2008-08-27,6933.25
2008-08-28,6811.32
2008-08-29,7040.51
2008-09-01,7025.3
2008-09-02,7258.39
2008-09-04,7218.24
2008-09-05,7082.86
2008-09-08,7285.24
2008-09-09,7252.26
2008-09-10,7174.9
2008-09-11,7029.26
2008-09-12,6948.32
2008-09-15,6687.52
2008-09-16,6677.94
2008-09-17,6547.29
2008-09-18,6568.83
2008-09-19,6854.1
2008-09-22,6812.99
2008-09-23,6676.71
2008-09-24,6735.85
2008-09-25,6625.68
2008-09-26,6438.84
2008-09-29,6203.45
2008-09-30,6292.49
2008-10-01,6364.17
2008-10-03,6202.74
2008-10-06,5864.02
2008-10-07,5847.81
2008-10-08,5694.24
2008-10-10,5313.96
2008-10-13,5635.75
2008-10-14,5687.41
2008-10-15,5443.08
2008-10-16,5335.8
2008-10-17,5050.32
2008-10-20,5101.41
2008-10-21,5251.99
2008-10-22,4960.53
2008-10-23,4734.64
2008-10-24,4169.4
2008-10-27,4036.9
2008-10-28,4302.85
2008-10-29,4337.44
2008-10-31,4611.94
2008-11-03,4845.12
2008-11-04,4992.31
2008-11-05,4799.84
2008-11-06,4666.85
2008-11-07,4794.24
2008-11-10,5035.21
2008-11-11,4730.18
2008-11-12,4597.41
2008-11-14,4521.04
2008-11-17,4492.23
2008-11-18,4307.46
2008-11-19,4234.14
2008-11-20,4110.79
2008-11-21,4293.96
2008-11-24,4314.6
2008-11-25,4241.13
2008-11-26,4361.86
2008-11-28,4354.84
2008-12-01,4243.36
2008-12-02,4204.5
2008-12-03,4212.22
2008-12-04,4400.98
2008-12-05,4311.53
2008-12-08,4421.53
2008-12-10,4658.99
2008-12-11,4628.89
2008-12-12,4629.76
2008-12-15,4740.98
2008-12-16,4826.17
2008-12-17,4668.33
2008-12-18,4853.64
2008-12-19,4902.78
2008-12-22,4848.7
2008-12-23,4734.52
2008-12-24,4655.04
2008-12-26,4575.86
2008-12-29,4669.18
2008-12-30,4774.93
2008-12-31,4757.31
2009-01-01,4905.41
2009-01-02,4922.93
2009-01-05,5047.88
2009-01-06,5085.92
2009-01-07,4707.31
2009-01-09,4599.72
2009-01-12,4445.71
2009-01-13,4398.07
2009-01-14,4527.91
2009-01-15,4370.58
2009-01-16,4470.3
2009-01-19,4500.17
2009-01-20,4400.37
2009-01-21,4270.78
2009-01-22,4232.69
2009-01-23,4148.7
2009-01-27,4296.19
2009-01-28,4429.71
2009-01-29,4399.28
2009-01-30,4489.71
2009-02-02,4307.54
2009-02-03,4319.0
2009-02-04,4350.08
2009-02-05,4315.74
2009-02-06,4402.65
2009-02-09,4508.36
2009-02-10,4548.49
2009-02-11,4537.47
2009-02-12,4513.74
2009-02-13,4607.05
2009-02-16,4446.93
2009-02-17,4316.19
2009-02-18,4320.59
2009-02-19,4342.79
2009-02-20,4257.8
2009-02-24,4248.84
2009-02-25,4294.16
2009-02-26,4292.27
2009-02-27,4259.01
2009-03-02,4125.3
2009-03-03,4057.97
2009-03-04,4109.46
2009-03-05,4018.5
2009-03-06,4068.36
2009-03-09,3990.71
2009-03-12,4067.84
2009-03-13,4241.72
2009-03-16,4333.11
2009-03-17,4309.08
2009-03-18,4361.9
2009-03-19,4368.11
2009-03-20,4370.4
2009-03-23,4569.71
2009-03-24,4564.53
2009-03-25,4660.87
2009-03-26,4797.76
2009-03-27,4892.47
2009-03-30,4637.54
2009-03-31,4742.68
2009-04-01,4806.96
2009-04-02,5046.21
2009-04-06,5146.0
2009-04-08,5289.1
2009-04-09,5323.03
2009-04-13,5414.86
2009-04-15,5649.47
2009-04-16,5410.19
2009-04-17,5448.34
2009-04-20,5479.85
2009-04-21,5426.59
2009-04-22,5343.91
2009-04-23,5509.05
2009-04-24,5615.02
2009-04-27,5583.55
2009-04-28,5387.37
2009-04-29,5548.01
2009-05-04,5875.82
2009-05-05,5954.11
2009-05-06,5876.72
2009-05-07,5995.61
2009-05-08,5878.84
2009-05-11,5756.93
2009-05-12,5953.81
2009-05-13,5900.93
2009-05-14,5862.83
2009-05-15,6026.17
2009-05-18,7077.95
2009-05-19,7200.67
2009-05-20,7253.95
2009-05-21,7099.8
2009-05-22,7121.54
2009-05-25,7179.37
2009-05-26,6957.52
2009-05-27,7279.18
2009-05-28,7338.37
2009-05-29,7508.84
2009-06-01,7716.56
2009-06-02,7710.2
2009-06-03,7794.07
2009-06-04,7914.99
2009-06-05,7958.43
2009-06-08,7588.75
2009-06-09,7841.07
2009-06-10,8023.17
2009-06-11,8027.69
2009-06-12,7894.69
2009-06-15,7769.12
2009-06-16,7906.81
2009-06-17,7622.91
2009-06-18,7411.28
2009-06-19,7563.16
2009-06-22,7427.15
2009-06-23,7395.11
2009-06-24,7511.53
2009-06-25,7438.64
2009-06-26,7613.77
2009-06-29,7646.65
2009-06-30,7439.95
2009-07-01,7539.77
2009-07-02,7582.2
2009-07-03,7694.16
2009-07-06,7289.91
2009-07-07,7364.53
2009-07-08,7155.36
2009-07-09,7191.83
2009-07-10,7058.87
2009-07-13,6961.98
2009-07-14,7229.21
2009-07-15,7483.94
2009-07-16,7482.35
2009-07-17,7737.39
2009-07-20,7934.86
2009-07-21,7879.4
2009-07-22,7758.02
2009-07-23,8018.49
2009-07-24,8161.67
2009-07-27,8206.79
2009-07-28,8262.82
2009-07-29,8132.74
2009-07-30,8223.2
2009-07-31,8303.87
2009-08-03,8460.44
2009-08-04,8419.27
2009-08-05,8418.94
2009-08-06,8201.56
2009-08-07,8019.19
2009-08-10,7920.16
2009-08-11,8025.26
2009-08-12,8032.52
2009-08-13,8310.34
2009-08-14,8260.79
2009-08-17,7902.51
2009-08-18,8026.83
2009-08-19,7887.62
2009-08-20,8014.31
2009-08-21,8162.11
2009-08-24,8358.69
2009-08-25,8405.39
2009-08-26,8438.92
2009-08-27,8449.39
2009-08-28,8526.78
2009-08-31,8472.41
2009-09-01,8416.57
2009-09-02,8417.59
2009-09-03,8403.78
2009-09-04,8548.9
2009-09-07,8754.68
2009-09-08,8757.09
2009-09-09,8725.85
2009-09-10,8700.54
2009-09-11,8690.53
2009-09-14,8661.4
2009-09-15,8823.41
2009-09-16,8984.65
2009-09-17,9024.04
2009-09-18,9074.13
2009-09-22,9154.85
2009-09-23,9052.15
2009-09-24,9067.74
2009-09-25,9027.64
2009-09-29,9071.89
2009-09-30,9184.8
2009-10-01,9169.09
2009-10-05,9007.0
2009-10-06,9014.81
2009-10-07,8962.87
2009-10-08,9041.2
2009-10-09,8919.18
2009-10-12,9078.87
2009-10-14,9201.91
2009-10-15,9193.44
2009-10-16,9224.44
2009-10-17,9236.81
2009-10-20,9224.51
2009-10-21,9139.27
2009-10-22,9007.87
2009-10-23,9035.25
2009-10-26,8967.84
2009-10-27,8727.62
2009-10-28,8668.42
2009-10-29,8536.25
2009-10-30,8474.42
2009-11-03,8176.6
2009-11-04,8407.16
2009-11-05,8567.39
2009-11-06,8613.13
2009-11-09,8755.24
2009-11-10,8696.8
2009-11-11,8911.93
2009-11-12,8839.24
2009-11-13,8905.07
2009-11-16,9042.77
2009-11-17,9050.31
2009-11-18,9072.9
2009-11-19,8938.79
2009-11-20,9035.63
2009-11-23,9108.05
2009-11-24,9088.26
2009-11-25,9116.13
2009-11-26,8977.57
2009-11-27,8908.82
2009-11-30,9069.84
2009-12-01,9258.72
2009-12-02,9268.88
2009-12-03,9325.21
2009-12-04,9293.66
2009-12-07,9221.78
2009-12-08,9364.22
2009-12-09,9321.57
2009-12-10,9346.7
2009-12-11,9305.92
2009-12-14,9307.7
2009-12-15,9176.37
2009-12-16,9215.94
2009-12-17,9242.24
2009-12-18,9189.14
2009-12-21,9100.63
2009-12-22,9185.19
2009-12-23,9444.9
2009-12-24,9501.1
2009-12-29,9518.38
2009-12-30,9498.08
2009-12-31,9544.01
2010-01-04,9648.03
2010-01-05,9772.41
2010-01-06,9783.03
2010-01-07,9743.02
2010-01-08,9755.39
2010-01-11,9821.07
2010-01-12,9694.34
2010-01-13,9754.51
2010-01-14,9790.89
2010-01-15,9796.14
2010-01-18,9826.99
2010-01-19,9711.05
2010-01-20,9699.0
2010-01-21,9478.05
2010-01-22,9362.16
2010-01-25,9293.24
2010-01-27,8948.9
2010-01-28,8998.8
2010-01-29,9017.84
2010-02-01,9108.52
2010-02-02,8957.73
2010-02-03,9134.64
2010-02-04,8942.53
2010-02-05,8730.35
2010-02-06,8812.74
2010-02-08,8804.63
2010-02-09,8865.63
2010-02-10,8810.73
2010-02-11,8923.27
2010-02-15,8877.37
2010-02-16,9000.1
2010-02-17,9084.45
2010-02-18,9055.8
2010-02-19,8961.27
2010-02-22,8962.57
2010-02-23,8974.92
2010-02-24,8950.23
2010-02-25,8942.3
2010-02-26,9106.63
2010-03-02,9260.97
2010-03-03,9370.24
2010-03-04,9388.52
2010-03-05,9430.88
2010-03-08,9503.76
2010-03-09,9433.54
2010-03-10,9465.59
2010-03-11,9472.24
2010-03-12,9470.31
2010-03-15,9428.89
2010-03-16,9541.96
2010-03-17,9592.31
2010-03-18,9610.4
2010-03-19,9650.43
2010-03-22,9535.49
2010-03-23,9554.38
2010-03-25,9618.69
2010-03-26,9654.07
2010-03-29,9711.99
2010-03-30,9648.28
2010-03-31,9653.98
2010-04-01,9694.48
2010-04-05,9823.63
2010-04-06,9814.74
2010-04-07,9859.51
2010-04-08,9751.13
2010-04-09,9816.98
2010-04-12,9771.01
2010-04-13,9736.54
2010-04-15,9694.97
2010-04-16,9654.2
2010-04-19,9539.27
2010-04-20,9612.05
2010-04-21,9690.45
2010-04-22,9709.69
2010-04-23,9725.08
2010-04-26,9759.61
2010-04-27,9739.76
2010-04-28,9608.33
2010-04-29,9637.26
2010-04-30,9698.88
2010-05-03,9611.99
2010-05-04,9461.06
2010-05-05,9408.58
2010-05-06,9371.03
2010-05-07,9171.77
2010-05-10,9482.29
2010-05-11,9338.67
2010-05-12,9336.92
2010-05-13,9402.61
2010-05-14,9274.17
2010-05-17,9237.77
2010-05-18,9242.32
2010-05-19,8959.23
2010-05-20,8988.73
2010-05-21,8958.22
2010-05-24,8992.89
2010-05-25,8760.84
2010-05-26,8923.12
2010-05-27,9074.39
2010-05-28,9201.33
2010-05-31,9235.06
2010-06-01,9045.19
2010-06-02,9165.27
2010-06-03,9331.86
2010-06-04,9371.05
2010-06-07,9208.93
2010-06-08,9100.13
2010-06-09,9144.52
2010-06-10,9308.52
2010-06-11,9342.05
2010-06-14,9479.51
2010-06-15,9547.32
2010-06-16,9552.0
2010-06-17,9621.43
2010-06-18,9583.49
2010-06-21,9753.41
2010-06-22,9695.81
2010-06-23,9730.11
2010-06-24,9704.33
2010-06-25,9663.22
2010-06-28,9785.83
2010-06-29,9635.11
2010-06-30,9743.44
2010-07-01,9636.09
2010-07-02,9627.74
2010-07-05,9621.24
2010-07-06,9697.05
2010-07-07,9618.03
2010-07-08,9714.54
2010-07-09,9833.14
2010-07-12,9881.06
2010-07-13,9929.22
2010-07-14,9885.06
2010-07-15,9871.43
2010-07-16,9913.51
2010-07-19,9899.05
2010-07-20,9862.86
2010-07-21,9931.68
2010-07-22,10020.83
2010-07-23,10008.63
2010-07-26,9927.76
2010-07-27,9971.31
2010-07-28,9947.95
2010-07-29,9948.27
2010-07-30,9876.47
2010-08-02,9974.31
2010-08-03,9972.4
2010-08-04,10021.75
2010-08-05,9980.05
2010-08-06,9971.92
2010-08-09,10078.34
2010-08-10,10035.74
2010-08-11,9977.68
2010-08-12,9987.58
2010-08-13,10045.18
2010-08-16,9957.53
2010-08-17,9951.93
2010-08-18,10053.25
2010-08-19,10141.17
2010-08-20,10143.5
2010-08-23,10195.41
2010-08-24,10107.85
2010-08-25,10011.07
2010-08-26,10033.51
2010-08-27,9929.43
2010-08-30,9966.61
2010-08-31,9941.92
2010-09-01,10071.39
2010-09-02,10112.41
2010-09-03,10110.51
2010-09-06,10260.71
2010-09-07,10313.45
2010-09-08,10345.51
2010-09-09,10378.96
2010-09-13,10531.94
2010-09-14,10595.5
2010-09-15,10700.85
2010-09-16,10653.51
2010-09-17,10784.74
2010-09-20,10949.42
2010-09-21,10990.58
2010-09-22,10963.22
2010-09-23,10907.23
2010-09-24,11031.16
2010-09-27,11079.05
2010-09-28,11101.36
2010-09-29,11022.47
2010-09-30,11045.09
2010-10-01,11282.93
2010-10-04,11361.5
2010-10-05,11393.87
2010-10-06,11469.69
2010-10-07,11355.91
2010-10-08,11311.08
2010-10-11,11391.99
2010-10-12,11304.44
2010-10-13,11545.42
2010-10-14,11429.34
2010-10-15,11232.89
2010-10-18,11242.11
2010-10-19,11174.13
2010-10-20,11073.4
2010-10-21,11282.17
2010-10-22,11213.96
2010-10-25,11297.25
2010-10-26,11245.12
2010-10-27,11133.13
2010-10-28,11059.41
2010-10-29,11031.56
2010-11-01,11203.19
2010-11-02,11209.82
2010-11-03,11292.68
2010-11-04,11465.17
2010-11-05,11533.66
2010-11-08,11515.12
2010-11-09,11570.28
2010-11-10,11520.66
2010-11-11,11416.65
2010-11-12,11188.4
2010-11-15,11237.38
2010-11-16,10996.43
2010-11-18,11027.51
2010-11-19,10794.77
2010-11-22,10988.16
2010-11-23,10869.43
2010-11-24,10743.46
2010-11-25,10548.11
2010-11-26,10424.82
2010-11-29,10533.7
2010-11-30,10651.68
2010-12-01,10845.13
2010-12-02,10915.17
2010-12-03,10859.64
2010-12-06,10869.87
2010-12-07,10862.74
2010-12-08,10744.46
2010-12-09,10466.79
2010-12-10,10631.16
2010-12-13,10725.29
2010-12-14,10785.21
2010-12-15,10671.58
2010-12-16,10747.42
2010-12-20,10754.44
2010-12-21,10834.99
2010-12-22,10825.17
2010-12-23,10801.46
2010-12-24,10908.92
2010-12-27,10875.43
2010-12-28,10898.12
2010-12-29,10979.18
2010-12-30,11056.27
2010-12-31,11131.65
2011-01-03,11193.67
2011-01-04,11187.63
2011-01-05,11068.28
2011-01-06,10985.71
2011-01-07,10721.33
2011-01-10,10456.0
2011-01-11,10464.1
2011-01-12,10654.43
2011-01-13,10505.05
2011-01-14,10337.06
2011-01-17,10251.28
2011-01-18,10389.7
2011-01-19,10377.71
2011-01-20,10401.07
2011-01-21,10370.68
2011-01-24,10428.79
2011-01-25,10362.11
2011-01-27,10209.73
2011-01-28,10015.42
2011-01-31,10026.11
2011-02-01,9856.85
2011-02-02,9858.79
2011-02-03,10017.54
2011-02-04,9800.37
2011-02-07,9797.09
2011-02-08,9623.38
2011-02-09,9377.23
2011-02-10,9401.99
2011-02-11,9543.65
2011-02-14,9806.87
2011-02-15,9844.57
2011-02-16,9848.69
2011-02-17,9937.65
2011-02-18,9762.04
2011-02-21,9832.33
2011-02-22,9719.42
2011-02-23,9687.52
2011-02-24,9415.74
2011-02-25,9462.97
2011-02-28,9479.74
2011-03-01,9816.08
2011-03-03,9840.48
2011-03-04,9849.21
2011-03-07,9714.21
2011-03-08,9810.66
2011-03-09,9847.85
2011-03-10,9814.7
2011-03-11,9704.81
2011-03-14,9868.29
2011-03-15,9706.16
2011-03-16,9828.6
2011-03-17,9768.27
2011-03-18,9663.44
2011-03-21,9639.12
2011-03-22,9728.17
2011-03-23,9844.67
2011-03-24,9918.58
2011-03-25,10098.69
2011-03-28,10138.45
2011-03-29,10252.92
2011-03-30,10362.39
2011-03-31,10429.35
2011-04-01,10473.84
2011-04-04,10591.49
2011-04-05,10625.91
2011-04-06,10618.59
2011-04-07,10598.4
2011-04-08,10488.94
2011-04-11,10376.69
2011-04-13,10588.69
2011-04-15,10485.12
2011-04-18,10327.52
2011-04-19,10356.21
2011-04-20,10572.21
2011-04-21,10624.0
2011-04-25,10622.44
2011-04-26,10618.83
2011-04-27,10538.31
2011-04-28,10431.9
2011-04-29,10389.2
2011-05-02,10314.05
2011-05-03,10067.42
2011-05-04,9991.11
2011-05-05,9820.41
2011-05-06,9954.28
2011-05-09,9938.11
2011-05-10,9950.24
2011-05-11,10003.94
2011-05-12,9875.35
2011-05-13,9993.8
2011-05-16,9921.49
2011-05-17,9828.03
2011-05-18,9778.18
2011-05-19,9731.33
2011-05-20,9848.67
2011-05-23,9660.29
2011-05-24,9673.12
2011-05-25,9600.07
2011-05-26,9724.63
2011-05-27,9838.78
2011-05-30,9854.31
2011-05-31,10021.11
2011-06-01,10094.84
2011-06-02,10014.88
2011-06-03,9974.1
2011-06-06,9977.31
2011-06-07,10005.84
2011-06-08,9966.49
2011-06-09,9929.97
2011-06-10,9877.99
2011-06-13,9893.75
2011-06-14,9947.56
2011-06-15,9849.15
2011-06-16,9766.46
2011-06-17,9725.36
2011-06-20,9516.77
2011-06-21,9526.99
2011-06-22,9524.64
2011-06-23,9554.31
2011-06-24,9839.77
2011-06-27,9943.23
2011-06-28,9956.53
2011-06-29,10036.88
2011-06-30,10102.1
2011-07-01,10122.66
2011-07-04,10222.08
2011-07-05,10219.52
2011-07-06,10176.45
2011-07-07,10350.85
2011-07-08,10243.89
2011-07-11,10152.88
2011-07-12,10008.0
2011-07-13,10128.53
2011-07-14,10169.58
2011-07-15,10121.7
2011-07-18,10115.52
2011-07-19,10199.0
2011-07-20,10097.98
2011-07-21,10039.98
2011-07-22,10205.28
2011-07-25,10329.97
2011-07-26,10144.52
2011-07-27,10090.69
2011-07-28,9992.37
2011-07-29,9938.71
2011-08-01,9976.42
2011-08-02,9888.22
2011-08-03,9829.54
2011-08-04,9696.78
2011-08-05,9455.29
2011-08-08,9292.72
2011-08-09,9201.68
2011-08-10,9366.61
2011-08-11,9323.44
2011-08-12,9219.79
2011-08-16,9080.63
2011-08-17,9095.68
2011-08-18,8923.04
2011-08-19,8816.18
2011-08-22,8933.44
2011-08-23,8975.65
2011-08-24,8871.28
2011-08-25,8819.11
2011-08-26,8590.11
2011-08-29,8873.57
2011-08-30,9036.09
2011-09-02,9116.08
2011-09-05,9125.71
2011-09-06,9175.46
2011-09-07,9331.92
2011-09-08,9365.34
2011-09-09,9171.94
2011-09-12,8977.1
2011-09-13,8995.26
2011-09-14,9103.7
2011-09-15,9232.29
2011-09-16,9236.45
2011-09-19,9172.58
2011-09-20,9360.86
2011-09-21,9357.03
2011-09-22,8985.81
2011-09-23,8931.87
2011-09-26,8862.71
2011-09-27,9078.05
2011-09-28,8999.84
2011-09-29,9095.66
2011-09-30,8935.16
2011-10-03,8803.02
2011-10-04,8707.22
2011-10-05,8694.2
2011-10-07,8897.39
2011-10-10,9045.86
2011-10-11,9076.89
2011-10-12,9266.74
2011-10-13,9193.82
2011-10-14,9261.83
2011-10-17,9242.65
2011-10-18,9102.23
2011-10-19,9284.16
2011-10-20,9185.63
2011-10-21,9122.27
2011-10-24,9224.14
2011-10-25,9398.28
2011-10-26,9428.59
2011-10-28,9740.23
2011-10-31,9650.62
2011-11-01,9557.2
2011-11-02,9578.29
2011-11-03,9609.37
2011-11-04,9649.83
2011-11-08,9657.84
2011-11-09,9502.01
2011-11-11,9422.35
2011-11-14,9338.37
2011-11-15,9170.39
2011-11-16,9086.74
2011-11-17,8894.8
2011-11-18,8859.74
2011-11-21,8627.32
2011-11-22,8695.12
2011-11-23,8521.1
2011-11-24,8618.32
2011-11-25,8541.44
2011-11-28,8804.55
2011-11-29,8730.99
2011-11-30,8752.92
2011-12-01,8938.58
2011-12-02,9164.01
2011-12-05,9148.71
2011-12-07,9182.53
2011-12-08,8983.58
2011-12-09,8857.18
2011-12-12,8640.77
2011-12-13,8710.8
2011-12-14,8606.56
2011-12-15,8576.64
2011-12-16,8427.46
2011-12-19,8362.07
2011-12-20,8181.6
2011-12-21,8414.93
2011-12-22,8487.45
2011-12-23,8455.91
2011-12-26,8550.15
2011-12-27,8506.82
2011-12-28,8429.68
2011-12-29,8334.0
2011-12-30,8301.83
2012-01-02,8291.4
2012-01-03,8544.95
2012-01-04,8522.15
2012-01-05,8534.74
2012-01-06,8534.11
2012-01-07,8526.76
2012-01-09,8545.7
2012-01-10,8746.64
2012-01-11,8819.34
2012-01-12,8861.13
2012-01-13,8962.4
2012-01-16,8970.85
2012-01-17,9201.06
2012-01-18,9139.78
2012-01-19,9320.01
2012-01-20,9383.44
2012-01-23,9369.68
2012-01-24,9528.65
2012-01-25,9620.87
2012-01-27,9697.67
2012-01-30,9459.66
2012-01-31,9684.57
2012-02-01,9809.66
2012-02-02,9894.14
2012-02-03,9980.3
2012-02-06,10070.9
2012-02-07,9987.68
2012-02-08,10102.05
2012-02-09,10214.74
2012-02-10,10146.08
2012-02-13,10187.54
2012-02-14,10251.49
2012-02-15,10527.58
2012-02-16,10542.17
2012-02-17,10614.6
2012-02-21,10687.26
2012-02-22,10392.37
2012-02-23,10315.84
2012-02-24,10220.42
2012-02-27,9870.71
2012-02-28,10138.78
2012-02-29,10186.64
2012-03-01,10137.73
2012-03-02,10160.35
2012-03-03,10171.54
2012-03-05,10036.7
2012-03-06,9872.38
2012-03-07,9882.66
2012-03-09,10112.8
2012-03-12,10191.41
2012-03-13,10345.32
2012-03-14,10400.85
2012-03-15,10227.79
2012-03-16,10069.57
2012-03-19,9935.25
2012-03-20,9979.36
2012-03-21,10166.65
2012-03-22,9856.49
2012-03-23,9939.62
2012-03-26,9736.74
2012-03-27,9822.58
2012-03-28,9713.07
2012-03-29,9725.71
2012-03-30,9954.07
2012-04-02,10022.18
2012-04-03,10117.98
2012-04-04,10050.04
2012-04-09,9849.99
2012-04-10,9852.22
2012-04-11,9773.12
2012-04-12,9896.41
2012-04-13,9829.77
2012-04-16,9875.13
2012-04-17,10029.25
2012-04-18,10073.13
2012-04-19,10109.52
2012-04-20,10012.46
2012-04-23,9789.33
2012-04-24,9814.91
2012-04-25,9746.84
2012-04-26,9653.05
2012-04-27,9644.06
2012-04-28,9685.98
2012-04-30,9763.67
2012-05-02,9732.05
2012-05-03,9619.17
2012-05-04,9424.16
2012-05-07,9506.25
2012-05-08,9315.04
2012-05-09,9228.96
2012-05-10,9215.4
2012-05-11,9145.37
2012-05-14,9109.52
2012-05-15,9194.9
2012-05-16,9057.09
2012-05-17,9050.61
2012-05-18,9069.94
2012-05-21,9127.08
2012-05-22,9019.68
2012-05-23,8968.44
2012-05-24,9114.0
2012-05-25,9143.27
2012-05-28,9252.9
2012-05-29,9269.91
2012-05-30,9186.54
2012-05-31,9185.05
2012-06-01,8996.26
2012-06-04,9002.35
2012-06-05,9028.5
2012-06-06,9281.82
2012-06-07,9363.07
2012-06-08,9408.93
2012-06-11,9384.86
2012-06-12,9505.43
2012-06-13,9507.73
2012-06-14,9377.25
2012-06-15,9530.93
2012-06-18,9391.16
2012-06-19,9444.19
2012-06-20,9516.19
2012-06-21,9612.33
2012-06-22,9574.17
2012-06-25,9495.99
2012-06-26,9526.84
2012-06-27,9576.41
2012-06-28,9586.43
2012-06-29,9824.26
2012-07-02,9868.52
2012-07-03,9909.13
2012-07-04,9973.4
2012-07-05,10006.81
2012-07-06,9956.73
2012-07-09,9842.33
2012-07-10,9976.11
2012-07-11,9897.53
2012-07-12,9815.73
2012-07-13,9790.2
2012-07-16,9750.27
2012-07-17,9717.15
2012-07-18,9767.33
2012-07-19,9797.71
2012-07-20,9742.52
2012-07-23,9535.59
2012-07-24,9562.12
2012-07-25,9500.52
2012-07-26,9389.24
2012-07-27,9450.96
2012-07-30,9665.43
2012-07-31,9715.24
2012-08-01,9754.39
2012-08-02,9727.37
2012-08-03,9697.32
2012-08-06,9794.25
2012-08-07,9891.95
2012-08-08,9894.65
2012-08-09,9876.51
2012-08-10,9854.97
2012-08-13,9917.63
2012-08-14,9978.47
2012-08-16,9955.18
2012-08-17,9909.96
2012-08-21,10018.15
2012-08-22,10008.4
2012-08-23,10021.6
2012-08-24,9975.02
2012-08-27,9887.55
2012-08-28,9834.2
2012-08-29,9708.67
2012-08-30,9747.77
2012-08-31,9640.09
2012-09-03,9639.2
2012-09-04,9683.57
2012-09-05,9564.94
2012-09-06,9606.95
2012-09-07,9783.28
2012-09-08,9816.94
2012-09-10,9823.08
2012-09-11,9851.32
2012-09-12,9908.22
2012-09-13,9899.71
2012-09-14,10160.38
2012-09-17,10272.63
2012-09-18,10285.9
2012-09-20,10196.91
2012-09-21,10494.22
2012-09-24,10496.94
2012-09-25,10472.01
2012-09-26,10460.52
2012-09-27,10427.2
2012-09-28,10529.54
2012-10-01,10576.64
2012-10-03,10603.04
2012-10-04,10681.43
2012-10-05,10608.53
2012-10-08,10475.07
2012-10-09,10509.66
2012-10-10,10392.48
2012-10-11,10498.42
2012-10-12,10480.37
2012-10-15,10495.18
2012-10-16,10407.71
2012-10-17,10426.33
2012-10-18,10529.61
2012-10-19,10443.72
2012-10-22,10490.75
2012-10-23,10443.17
2012-10-25,10447.99
2012-10-26,10377.4
2012-10-29,10376.54
2012-10-30,10244.34
2012-10-31,10303.98
2012-11-01,10400.92
2012-11-02,10494.01
2012-11-05,10489.35
2012-11-06,10540.18
2012-11-07,10615.96
2012-11-08,10586.61
2012-11-09,10484.43
2012-11-12,10468.73
2012-11-13,10433.86
2012-11-15,10384.16
2012-11-16,10268.42
2012-11-19,10246.28
2012-11-20,10223.24
2012-11-21,10285.02
2012-11-22,10307.56
2012-11-23,10292.54
2012-11-26,10316.16
2012-11-27,10465.09
2012-11-29,10623.69
2012-11-30,10757.18
2012-12-03,10760.15
2012-12-04,10796.96
2012-12-05,10833.12
2012-12-06,10890.89
2012-12-07,10850.68
2012-12-10,10863.22
2012-12-11,10833.65
2012-12-12,10809.63
2012-12-13,10744.54
2012-12-14,10800.65
2012-12-17,10798.72
2012-12-18,10897.17
2012-12-19,11009.21
2012-12-20,10982.76
2012-12-21,10811.22
2012-12-24,10835.24
2012-12-26,10922.42
2012-12-27,10856.51
2012-12-28,10914.06
2012-12-31,10941.52
2013-01-01,11047.61
2013-01-02,11141.14
2013-01-03,11170.5
2013-01-04,11193.83
2013-01-07,11171.68
2013-01-08,11178.61
2013-01-09,11112.46
2013-01-10,11078.79
2013-01-11,10969.97
2013-01-14,11079.81
2013-01-15,11138.35
2013-01-16,11016.35
2013-01-17,11077.03
2013-01-18,11115.07
2013-01-21,11144.82
2013-01-22,11074.44
2013-01-23,11041.85
2013-01-24,10909.63
2013-01-25,11044.93
2013-01-28,11051.53
2013-01-29,10991.91
2013-01-30,10998.28
2013-01-31,11019.95
2013-02-01,10956.97
2013-02-04,10873.78
2013-02-05,10841.47
2013-02-06,10853.54
2013-02-07,10775.39
2013-02-08,10669.12
2013-02-11,10665.77
2013-02-12,10700.69
2013-02-13,10653.25
2013-02-14,10567.4
2013-02-15,10552.91
2013-02-18,10591.86
2013-02-19,10695.88
2013-02-20,10708.88
2013-02-21,10542.65
2013-02-22,10558.97
2013-02-25,10555.17
2013-02-26,10385.05
2013-02-27,10440.26
2013-02-28,10221.27
2013-03-01,10282.42
2013-03-04,10189.99
2013-03-05,10374.69
2013-03-06,10463.25
2013-03-07,10525.89
2013-03-08,10659.94
2013-03-11,10669.23
2013-03-12,10611.17
2013-03-13,10497.2
2013-03-14,10586.64
2013-03-15,10554.13
2013-03-18,10467.65
2013-03-19,10283.19
2013-03-20,10155.71
2013-03-21,10026.92
2013-03-22,10048.77
2013-03-25,10024.25
2013-03-26,10006.18
2013-03-28,10081.43
2013-04-01,10147.56
2013-04-02,10256.17
2013-04-03,10099.71
2013-04-04,9919.15
2013-04-05,9926.28
2013-04-08,9921.78
2013-04-09,9843.14
2013-04-10,9947.87
2013-04-11,9988.8
2013-04-12,10005.86
2013-04-15,10045.55
2013-04-16,10251.67
2013-04-17,10271.56
2013-04-18,10430.81
2013-04-22,10527.04
2013-04-23,10518.89
2013-04-25,10684.59
2013-04-26,10605.2
2013-04-29,10668.64
2013-04-30,10700.86
2013-05-02,10781.59
2013-05-03,10695.43
2013-05-06,10765.31
2013-05-07,10876.71
2013-05-08,10871.29
2013-05-09,10829.17
2013-05-10,10904.11
2013-05-11,10946.21
2013-05-13,10726.34
2013-05-14,10761.98
2013-05-15,11018.78
2013-05-16,11097.93
2013-05-17,11144.06
2013-05-20,11067.87
2013-05-21,10949.57
2013-05-22,10884.38
2013-05-23,10598.52
2013-05-24,10647.6
2013-05-27,10802.86
2013-05-28,10849.79
2013-05-29,10817.98
2013-05-30,10821.26
2013-05-31,10580.77
2013-06-03,10506.84
2013-06-04,10496.13
2013-06-05,10517.35
2013-06-06,10521.92
2013-06-07,10431.74
2013-06-10,10379.22
2013-06-11,10201.29
2013-06-12,10164.95
2013-06-13,10056.36
2013-06-14,10253.88
2013-06-17,10313.37
2013-06-18,10255.47
2013-06-19,10278.63
2013-06-20,9964.8
2013-06-21,9963.14
2013-06-24,9783.0
2013-06-25,9808.72
2013-06-26,9753.89
2013-06-27,9893.1
2013-06-28,10177.48
2013-07-01,10348.13
2013-07-02,10311.5
2013-07-03,10096.6
2013-07-04,10181.98
2013-07-05,10244.62
2013-07-08,10160.25
2013-07-09,10259.89
2013-07-10,10198.38
2013-07-11,10386.27
2013-07-12,10445.64
2013-07-15,10520.85
2013-07-16,10349.29
2013-07-17,10335.85
2013-07-18,10474.64
2013-07-19,10443.77
2013-07-22,10424.61
2013-07-23,10511.84
2013-07-24,10326.37
2013-07-25,10178.91
2013-07-26,10088.14
2013-07-29,9972.46
2013-07-30,9784.56
2013-07-31,9795.31
2013-08-01,9680.24
2013-08-02,9530.36
2013-08-05,9566.4
2013-08-06,9299.73
2013-08-07,9350.5
2013-08-08,9507.42
2013-08-12,9629.9
2013-08-13,9788.54
2013-08-14,9898.21
2013-08-16,9483.25
2013-08-19,9350.56
2013-08-20,9369.23
2013-08-21,9149.81
2013-08-22,9431.27
2013-08-23,9520.38
2013-08-26,9576.45
2013-08-27,9218.03
2013-08-28,9246.82
2013-08-29,9462.76
2013-08-30,9515.01
2013-09-02,9660.01
2013-09-03,9344.64
2013-09-04,9563.64
2013-09-05,9773.94
2013-09-06,9908.62
2013-09-10,10233.35
2013-09-11,10352.51
2013-09-12,10218.36
2013-09-13,10294.09
2013-09-16,10154.13
2013-09-17,10184.03
2013-09-18,10254.14
2013-09-19,10666.75
2013-09-20,10522.58
2013-09-23,10311.44
2013-09-24,10295.73
2013-09-25,10314.73
2013-09-26,10314.03
2013-09-27,10225.49
2013-09-30,10071.34
2013-10-01,10122.6
2013-10-03,10410.98
2013-10-04,10400.64
2013-10-07,10438.54
2013-10-08,10445.35
2013-10-09,10582.22
2013-10-10,10632.55
2013-10-11,10707.39
2013-10-14,10703.32
2013-10-15,10649.65
2013-10-17,10604.9
2013-10-18,10839.24
2013-10-21,10935.02
2013-10-22,10947.86
2013-10-23,10907.49
2013-10-24,10885.21
2013-10-25,10793.69
2013-10-28,10668.13
2013-10-29,10927.5
2013-10-30,10973.03
2013-10-31,11089.41
2013-11-01,11184.15
2013-11-03,11218.0
2013-11-05,11154.93
2013-11-06,11050.81
2013-11-07,10948.09
2013-11-08,10899.87
2013-11-11,10751.44
2013-11-12,10630.38
2013-11-13,10595.55
2013-11-14,10730.71
2013-11-18,10932.36
2013-11-19,10986.06
2013-11-20,10856.86
2013-11-21,10630.68
2013-11-22,10632.14
2013-11-25,10848.5
2013-11-26,10747.3
2013-11-27,10728.85
2013-11-28,10826.22
2013-11-29,11007.53
2013-12-02,11110.59
2013-12-03,11114.63
2013-12-04,11075.8
2013-12-05,11225.9
2013-12-06,11303.3
2013-12-09,11485.37
2013-12-10,11389.13
2013-12-11,11305.94
2013-12-12,11187.5
2013-12-13,11016.93
2013-12-16,10987.21
2013-12-17,10990.47
2013-12-18,11166.22
2013-12-19,11075.87
2013-12-20,11245.57
2013-12-23,11328.45
2013-12-24,11303.9
2013-12-26,11319.77
2013-12-27,11360.9
2013-12-30,11298.06
2013-12-31,11344.69
2014-01-01,11375.92
2014-01-02,11196.53
2014-01-03,11155.21
2014-01-06,11117.27
2014-01-07,11045.9
2014-01-08,11079.59
2014-01-09,11061.51
2014-01-10,10988.49
2014-01-13,11080.35
2014-01-14,11007.64
2014-01-15,11142.78
2014-01-16,11166.97
2014-01-17,11090.73
2014-01-20,11147.69
2014-01-21,11152.45
2014-01-22,11206.6
2014-01-23,11206.71
2014-01-24,11008.1
2014-01-27,10718.04
2014-01-28,10719.45
2014-01-29,10729.54
2014-01-30,10618.88
2014-01-31,10703.23
2014-02-03,10559.16
2014-02-04,10562.78
2014-02-05,10630.25
2014-02-06,10653.39
2014-02-07,10765.38
2014-02-10,10758.9
2014-02-11,10765.01
2014-02-12,10771.79
2014-02-13,10584.8
2014-02-14,10626.06
2014-02-17,10664.5
2014-02-18,10761.19
2014-02-19,10772.87
2014-02-20,10681.51
2014-02-21,10796.75
2014-02-24,10847.67
2014-02-25,10866.85
2014-02-26,10900.49
2014-02-28,10978.5
2014-03-03,10870.4
2014-03-04,11049.5
2014-03-05,11124.62
2014-03-06,11302.52
2014-03-07,11543.84
2014-03-10,11599.55
2014-03-11,11551.97
2014-03-12,11526.87
2014-03-13,11506.77
2014-03-14,11542.36
2014-03-18,11593.36
2014-03-19,11635.28
2014-03-20,11506.06
2014-03-21,11560.13
2014-03-22,11568.59
2014-03-24,11723.52
2014-03-25,11769.89
2014-03-26,11823.21
2014-03-27,11937.88
2014-03-28,12108.84
2014-03-31,12144.71
2014-04-01,12163.69
2014-04-02,12223.73
2014-04-03,12181.4
2014-04-04,12129.83
2014-04-07,12126.07
2014-04-09,12314.18
2014-04-10,12350.55
2014-04-11,12313.63
2014-04-15,12211.44
2014-04-16,12103.59
2014-04-17,12297.94
2014-04-21,12379.84
2014-04-22,12356.98
2014-04-23,12377.42
2014-04-25,12274.11
2014-04-28,12228.93
2014-04-29,12128.98
2014-04-30,12045.54
2014-05-02,12027.12
2014-05-05,12035.06
2014-05-06,12029.58
2014-05-07,11929.66
2014-05-08,11945.1
2014-05-09,12310.25
2014-05-12,12546.49
2014-05-13,12735.38
2014-05-14,12844.32
2014-05-15,12827.54
2014-05-16,13090.25
2014-05-19,13388.06
2014-05-20,13418.23
2014-05-21,13381.43
2014-05-22,13468.84
2014-05-23,13698.87
2014-05-26,13587.67
2014-05-27,13494.12
2014-05-28,13503.43
2014-05-29,13370.72
2014-05-30,13414.03
2014-06-02,13663.16
2014-06-03,13842.29
2014-06-04,13892.82
2014-06-05,14084.56
2014-06-06,14288.62
2014-06-09,14493.98
2014-06-10,14443.66
2014-06-11,14303.65
2014-06-12,14332.15
2014-06-13,14046.71
2014-06-16,14076.65
2014-06-17,14269.63
2014-06-18,14156.38
2014-06-19,14082.45
2014-06-20,14007.73
2014-06-23,14059.19
2014-06-24,14225.6
2014-06-25,14250.34
2014-06-26,14107.77
2014-06-27,14097.79
2014-06-30,14313.66
2014-07-01,14383.06
2014-07-02,14554.43
2014-07-03,14516.24
2014-07-04,14539.88
2014-07-07,14604.89
2014-07-08,14212.99
2014-07-09,14126.18
2014-07-10,14165.35
2014-07-11,13905.55
2014-07-14,13929.96
2014-07-15,14080.76
2014-07-16,14275.41
2014-07-17,14380.11
2014-07-18,14371.19
2014-07-21,14378.86
2014-07-22,14489.2
2014-07-23,14498.38
2014-07-24,14556.23
2014-07-25,14448.35
2014-07-28,14367.93
2014-07-30,14504.87
2014-07-31,14371.84
2014-08-01,14183.08
2014-08-04,14352.13
2014-08-05,14493.46
2014-08-06,14353.75
2014-08-07,14335.52
2014-08-08,14120.93
2014-08-11,14203.25
2014-08-12,14378.94
2014-08-13,14316.18
2014-08-14,14437.58
2014-08-18,14647.4
2014-08-19,14777.94
2014-08-20,14785.54
2014-08-21,14798.77
2014-08-22,14835.62
2014-08-25,14733.64
2014-08-26,14714.74
2014-08-27,14759.17
2014-08-28,14766.41
2014-09-01,14977.27
2014-09-02,15095.24
2014-09-03,15130.86
2014-09-04,15059.74
2014-09-05,15071.15
2014-09-08,15229.92
2014-09-09,15209.39
2014-09-10,15138.25
2014-09-11,15124.3
2014-09-12,15171.61
2014-09-15,15086.68
2014-09-16,14839.9
2014-09-17,14906.74
2014-09-18,15175.04
2014-09-19,15185.15
2014-09-22,15170.32
2014-09-23,14910.85
2014-09-24,14854.47
2014-09-25,14619.64
2014-09-26,14799.06
2014-09-29,14767.61
2014-09-30,14742.66
2014-10-01,14684.9
2014-10-07,14471.68
2014-10-08,14487.98
2014-10-09,14716.96
2014-10-10,14498.14
2014-10-13,14522.29
2014-10-14,14454.76
2014-10-16,14222.84
2014-10-17,14297.33
2014-10-20,14514.64
2014-10-21,14667.62
2014-10-22,14828.92
2014-10-23,14861.44
2014-10-27,14800.85
2014-10-28,14876.06
2014-10-29,14996.81
2014-10-30,15131.48
2014-10-31,15411.25
2014-11-03,15387.37
2014-11-05,15347.17
2014-11-07,15373.25
2014-11-10,15379.66
2014-11-11,15430.68
2014-11-12,15428.28
2014-11-13,15345.57
2014-11-14,15442.94
2014-11-17,15509.92
2014-11-18,15524.16
2014-11-19,15403.89
2014-11-20,15392.89
2014-11-21,15509.2
2014-11-24,15614.47
2014-11-25,15481.31
2014-11-26,15534.53
2014-11-27,15580.28
2014-11-28,15795.42
2014-12-01,15737.35
2014-12-02,15705.2
2014-12-03,15778.4
2014-12-04,15775.75
2014-12-05,15746.52
2014-12-08,15590.35
2014-12-09,15347.0
2014-12-10,15386.45
2014-12-11,15283.09
2014-12-12,15155.09
2014-12-15,15128.93
2014-12-16,14826.06
2014-12-17,14736.91
2014-12-18,15009.7
2014-12-19,15092.62
2014-12-22,15283.09
2014-12-23,15216.52
2014-12-24,15060.13
2014-12-26,15108.58
2014-12-29,15220.12
2014-12-30,15218.51
2014-12-31,15287.4
2015-01-01,15321.2
2015-01-02,15487.38
2015-01-05,15465.46
2015-01-06,15013.44
2015-01-07,14953.03
2015-01-08,15233.89
2015-01-09,15264.68
2015-01-12,15279.03
2015-01-13,15282.07
2015-01-14,15236.18
2015-01-15,15595.53
2015-01-16,15631.8
2015-01-19,15724.56
2015-01-20,15908.78
2015-01-21,15968.45
2015-01-22,16057.96
2015-01-23,16207.67
2015-01-27,16263.11
2015-01-28,16252.9
2015-01-29,16309.19
2015-01-30,16147.58
2015-02-02,16122.29
2015-02-03,16042.53
2015-02-04,16030.93
2015-02-05,15906.9
2015-02-06,15762.06
2015-02-09,15523.21
2015-02-10,15617.16
2015-02-11,15742.15
2015-02-12,15914.69
2015-02-13,16073.22
2015-02-16,16061.02
2015-02-18,16121.83
2015-02-19,16223.53
2015-02-20,16162.21
2015-02-23,16001.7
2015-02-24,15979.35
2015-02-25,15972.07
2015-02-26,15839.17
2015-02-27,16211.28
2015-02-28,16333.28
2015-03-02,16521.12
2015-03-03,16592.44
2015-03-04,16385.02
2015-03-05,16373.11
2015-03-09,16084.83
2015-03-10,16011.62
2015-03-11,15977.18
2015-03-12,16134.89
2015-03-13,15888.4
2015-03-16,15871.42
2015-03-17,16005.68
2015-03-18,15942.5
2015-03-19,15850.08
2015-03-20,15714.15
2015-03-23,15678.77
2015-03-24,15711.18
2015-03-25,15659.93
2015-03-26,15391.11
2015-03-27,15339.43
2015-03-30,15585.63
2015-03-31,15594.28
2015-04-01,15778.95
2015-04-06,15933.22
2015-04-07,15990.26
2015-04-08,16070.6
2015-04-09,16172.58
2015-04-10,16218.25
2015-04-13,16306.15
2015-04-15,16161.03
2015-04-16,16071.44
2015-04-17,15884.78
2015-04-20,15622.18
2015-04-21,15463.66
2015-04-22,15535.34
2015-04-23,15504.14
2015-04-24,15350.47
2015-04-27,15170.87
2015-04-28,15329.82
2015-04-29,15260.65
2015-04-30,15155.09
2015-05-04,15474.81
2015-05-05,15514.65
2015-05-06,15059.52
2015-05-07,14961.03
2015-05-08,15121.05
2015-05-11,15422.13
2015-05-12,15023.58
2015-05-13,15193.32
2015-05-14,15256.91
2015-05-15,15275.01
2015-05-18,15471.64
2015-05-19,15478.81
2015-05-20,15527.78
2015-05-21,15525.85
2015-05-22,15546.86
2015-05-25,15416.13
2015-05-26,15376.28
2015-05-27,15371.92
2015-05-28,15337.25
2015-05-29,15572.38
2015-06-01,15582.77
2015-06-02,15261.56
2015-06-03,15048.85
2015-06-04,15023.59
2015-06-05,15029.1
2015-06-08,14885.87
2015-06-09,14830.57
2015-06-10,15005.09
2015-06-11,14691.72
2015-06-12,14702.86
2015-06-15,14720.82
2015-06-16,14792.26
2015-06-17,14866.87
2015-06-18,14973.75
2015-06-19,15061.46
2015-06-22,15261.88
2015-06-23,15343.32
2015-06-24,15273.78
2015-06-25,15338.14
2015-06-26,15300.66
2015-06-29,15170.7
2015-06-30,15295.8
2015-07-01,15478.2
2015-07-02,15490.45
2015-07-03,15531.01
2015-07-06,15601.04
2015-07-07,15564.21
2015-07-08,15265.63
2015-07-09,15224.86
2015-07-10,15278.84
2015-07-13,15476.29
2015-07-14,15486.74
2015-07-15,15589.06
2015-07-16,15719.89
2015-07-17,15740.93
2015-07-20,15747.22
2015-07-21,15544.43
2015-07-22,15736.75
2015-07-23,15673.76
2015-07-24,15561.8
2015-07-27,15261.78
2015-07-28,15219.1
2015-07-29,15293.13
2015-07-30,15426.27
2015-07-31,15606.45
2015-08-03,15621.14
2015-08-04,15643.93
2015-08-05,15740.4
2015-08-06,15775.79
2015-08-07,15705.97
2015-08-10,15629.81
2015-08-11,15473.97
2015-08-12,15210.42
2015-08-13,15173.31
2015-08-14,15479.06
2015-08-17,15472.79
2015-08-18,15425.3
2015-08-19,15457.99
2015-08-20,15182.23
2015-08-21,15020.8
2015-08-24,14054.06
2015-08-25,14208.08
2015-08-26,14100.03
2015-08-27,14368.38
2015-08-28,14483.84
2015-08-31,14478.96
2015-09-01,14125.4
2015-09-02,13974.24
2015-09-03,14197.06
2015-09-04,13888.96
2015-09-07,13699.63
2015-09-08,13957.01
2015-09-09,14236.48
2015-09-10,14189.25
2015-09-11,14151.24
2015-09-14,14354.63
2015-09-15,14251.43
2015-09-16,14363.71
2015-09-18,14508.85
2015-09-21,14513.74
2015-09-22,14198.0
2015-09-23,14218.43
2015-09-24,14248.22
2015-09-28,14134.21
2015-09-29,14117.93
2015-09-30,14325.0
2015-10-01,14322.36
2015-10-05,14606.42
2015-10-06,14689.56
2015-10-07,14824.02
2015-10-08,14792.91
2015-10-09,14878.78
2015-10-12,14883.89
2015-10-13,14853.23
2015-10-14,14797.27
2015-10-15,14975.15
2015-10-16,15051.13
2015-10-19,15067.82
2015-10-20,15001.09
2015-10-21,14997.7
2015-10-23,15020.4
2015-10-26,14990.7
2015-10-27,14934.96
2015-10-28,14828.47
2015-10-29,14730.8
2015-10-30,14652.12
2015-11-02,14639.37
2015-11-03,14666.33
2015-11-04,14648.99
2015-11-05,14472.69
2015-11-06,14431.66
2015-11-09,14351.86
2015-11-10,14104.43
2015-11-11,14192.79
2015-11-13,14055.84
2015-11-16,14162.67
2015-11-17,14234.02
2015-11-18,14075.32
2015-11-19,14249.93
2015-11-20,14333.88
2015-11-23,14347.54
2015-11-24,14301.96
2015-11-26,14399.89
2015-11-27,14497.53
2015-11-30,14451.8
2015-12-01,14525.55
2015-12-02,14499.98
2015-12-03,14360.02
2015-12-04,14228.3
2015-12-07,14242.47
2015-12-08,14062.01
2015-12-09,13850.36
2015-12-10,13959.07
2015-12-11,13813.42
2015-12-14,13914.96
2015-12-15,13974.18
2015-12-16,14065.0
2015-12-17,14238.94
2015-12-18,14124.54
2015-12-21,14239.49
2015-12-22,14173.5
2015-12-23,14339.84
2015-12-24,14364.92
2015-12-28,14450.55
2015-12-29,14464.26
2015-12-30,14439.14
2015-12-31,14498.8
2016-01-01,14549.94
2016-01-04,14232.15
2016-01-05,14265.87
2016-01-06,14174.7
2016-01-07,13769.52
2016-01-08,13827.11
2016-01-11,13742.6
2016-01-12,13627.26
2016-01-13,13632.07
2016-01-14,13554.29
2016-01-15,13281.6
2016-01-18,13135.16
2016-01-19,13280.39
2016-01-20,13025.7
2016-01-21,12974.32
2016-01-22,13263.35
2016-01-25,13273.49
2016-01-27,13266.78
2016-01-28,13242.64
2016-01-29,13484.97
2016-02-01,13491.28
2016-02-02,13244.53
2016-02-03,13064.94
2016-02-04,13169.85
2016-02-05,13366.0
2016-02-08,13233.91
2016-02-09,13089.19
2016-02-10,12900.73
2016-02-11,12499.5
2016-02-12,12466.58
2016-02-15,12905.18
2016-02-16,12681.19
2016-02-17,12806.4
2016-02-18,12955.69
2016-02-19,13013.61
2016-02-22,13067.72
2016-02-23,12811.99
2016-02-24,12658.09
2016-02-25,12549.21
2016-02-26,12637.6
2016-02-29,12514.45
2016-03-01,12902.88
2016-03-02,13186.86
2016-03-03,13420.68
2016-03-04,13470.92
2016-03-08,13492.79
2016-03-09,13573.78
2016-03-10,13532.31
2016-03-11,13565.13
2016-03-14,13653.31
2016-03-15,13539.67
2016-03-16,13551.24
2016-03-17,13643.98
2016-03-18,13833.99
2016-03-21,14010.01
2016-03-22,14049.36
2016-03-23,14072.92
2016-03-28,13858.84
2016-03-29,13825.59
2016-03-30,14124.5
2016-03-31,14116.54
2016-04-01,14057.11
2016-04-04,14167.51
2016-04-05,13848.7
2016-04-06,13910.2
2016-04-07,13817.5
2016-04-08,13882.19
2016-04-11,14134.96
2016-04-12,14218.4
2016-04-13,14486.95
2016-04-18,14564.95
2016-04-20,14596.01
2016-04-21,14546.08
2016-04-22,14558.62
2016-04-25,14466.79
2016-04-26,14682.09
2016-04-27,14720.12
2016-04-28,14507.67
2016-04-29,14502.04
2016-05-02,14456.07
2016-05-03,14386.44
2016-05-04,14222.09
2016-05-05,14215.98
2016-05-06,14257.02
2016-05-09,14467.24
2016-05-10,14481.63
2016-05-11,14445.33
2016-05-12,14525.29
2016-05-13,14364.14
2016-05-16,14391.81
2016-05-17,14431.56
2016-05-18,14387.85
2016-05-19,14227.41
2016-05-20,14160.42
2016-05-23,14125.88
2016-05-24,14132.94
2016-05-25,14457.74
2016-05-26,14653.29
2016-05-27,14808.87
2016-05-30,14876.79
2016-05-31,14880.61
2016-06-01,14915.15
2016-06-02,15005.83
2016-06-03,14988.21
2016-06-06,14957.63
2016-06-07,15064.49
2016-06-08,15103.81
2016-06-09,15049.3
2016-06-10,15013.46
2016-06-13,14926.52
2016-06-14,14931.43
2016-06-15,15088.88
2016-06-16,14992.87
2016-06-17,15016.41
2016-06-20,15142.18
2016-06-21,15087.97
2016-06-22,15072.68
2016-06-23,15162.46
2016-06-24,14870.53
2016-06-27,14931.16
2016-06-28,15000.87
2016-06-29,15162.22
2016-06-30,15359.57
2016-07-01,15460.42
2016-07-04,15565.83
2016-07-05,15501.08
2016-07-07,15482.45
2016-07-08,15458.49
2016-07-11,15715.9
2016-07-12,15788.32
2016-07-13,15794.78
2016-07-14,15906.44
2016-07-15,15931.75
2016-07-18,15819.36
2016-07-19,15868.24
2016-07-20,15976.87
2016-07-21,15882.13
2016-07-22,15943.61
2016-07-25,16105.08
2016-07-26,16007.28
2016-07-27,16061.7
2016-07-28,16140.69
2016-07-29,16167.3
2016-08-01,16191.88
2016-08-02,16124.28
2016-08-03,16018.48
2016-08-04,16073.76
2016-08-05,16372.87
2016-08-08,16440.75
2016-08-09,16363.65
2016-08-10,16153.07
2016-08-11,16117.33
2016-08-12,16245.99
2016-08-16,16255.57
2016-08-17,16251.82
2016-08-18,16362.66
2016-08-19,16394.14
2016-08-22,16294.23
2016-08-23,16286.04
2016-08-24,16316.88
2016-08-25,16211.46
2016-08-26,16167.81
2016-08-29,16220.46
2016-08-30,16492.7
2016-08-31,16528.67
2016-09-01,16456.01
2016-09-02,16542.58
2016-09-06,16776.6
2016-09-07,16789.51
2016-09-08,16902.56
2016-09-09,16712.42
2016-09-12,16301.76
2016-09-14,16380.66
2016-09-15,16381.02
2016-09-16,16425.11
2016-09-19,16515.56
2016-09-20,16473.52
2016-09-21,16504.86
2016-09-22,16701.0
2016-09-23,16616.9
2016-09-26,16433.21
2016-09-27,16383.2
2016-09-28,16546.81
2016-09-29,16179.99
2016-09-30,16252.76
2016-10-03,16531.75
2016-10-04,16615.02
2016-10-05,16592.64
2016-10-06,16538.77
2016-10-07,16536.35
2016-10-10,16582.42
2016-10-13,16311.06
2016-10-14,16326.92
2016-10-17,16142.68
2016-10-18,16404.18
2016-10-19,16445.8
2016-10-20,16540.04
2016-10-21,16536.34
2016-10-24,16549.42
2016-10-25,16549.95
2016-10-26,16419.15
2016-10-27,16320.18
2016-10-28,16365.43
2016-10-30,16364.95
2016-11-01,16408.75
2016-11-02,16182.8
2016-11-03,16108.21
2016-11-04,15936.22
2016-11-07,16109.97
2016-11-08,16183.29
2016-11-09,15975.34
2016-11-10,16258.97
2016-11-11,15769.12
2016-11-15,15417.48
2016-11-16,15402.79
2016-11-17,15347.97
2016-11-18,15388.71
2016-11-21,15051.45
2016-11-22,15205.98
2016-11-23,15320.07
2016-11-24,15242.34
2016-11-25,15496.35
2016-11-28,15575.02
2016-11-29,15656.95
2016-11-30,15795.81
2016-12-01,15708.61
2016-12-02,15538.33
2016-12-05,15649.02
2016-12-06,15681.04
2016-12-07,15609.11
2016-12-08,15863.05
2016-12-09,15878.83
2016-12-12,15686.7
2016-12-13,15745.5
2016-12-14,15632.84
2016-12-15,15574.49
2016-12-16,15494.88
2016-12-19,15426.74
2016-12-20,15339.32
2016-12-21,15319.06
2016-12-22,15133.15
2016-12-23,15131.94
2016-12-26,14923.03
2016-12-27,15148.64
2016-12-28,15177.64
2016-12-29,15328.41
2016-12-30,15485.75
2017-01-02,15554.58
2017-01-03,15577.06
2017-01-04,15596.77
2017-01-05,15804.14
2017-01-06,15758.23
2017-01-09,15707.98
2017-01-10,15801.66
2017-01-11,16020.24
2017-01-12,16052.34
2017-01-13,16014.44
2017-01-16,16052.29
2017-01-17,16031.73
2017-01-18,16097.13
2017-01-19,16152.73
2017-01-20,15965.03
2017-01-23,16068.85
2017-01-24,16273.78
2017-01-25,16507.11
2017-01-27,16602.27
2017-01-30,16638.32
2017-01-31,16489.58
2017-02-01,16775.53
2017-02-02,16801.79
2017-02-03,16841.33
2017-02-06,16960.58
2017-02-07,16882.54
2017-02-08,16967.63
2017-02-09,16980.53
2017-02-10,17003.02
2017-02-13,16983.55
2017-02-14,16959.72
2017-02-15,16775.03
2017-02-16,16904.5
2017-02-17,16933.07
2017-02-20,17062.47
2017-02-21,17103.21
2017-02-22,17097.81
2017-02-23,17123.44
2017-02-27,16965.92
2017-02-28,16984.02
2017-03-01,17047.83
2017-03-02,16926.59
2017-03-03,16976.76
2017-03-06,17081.37
2017-03-07,17038.77
2017-03-08,16988.92
2017-03-09,16949.99
2017-03-10,16956.73
2017-03-14,17225.42
2017-03-15,17303.4
2017-03-16,17477.14
2017-03-17,17398.49
2017-03-20,17346.69
2017-03-21,17298.18
2017-03-22,17141.28
2017-03-23,17263.74
2017-03-24,17276.4
2017-03-27,17138.25
2017-03-28,17250.4
2017-03-29,17313.34
2017-03-30,17346.59
2017-03-31,17391.88
2017-04-03,17441.46
2017-04-05,17535.64
2017-04-06,17552.65
2017-04-07,17445.82
2017-04-10,17480.71
2017-04-11,17529.44
2017-04-12,17485.75
2017-04-13,17384.77
2017-04-17,17341.09
2017-04-18,17252.07
2017-04-19,17276.04
2017-04-20,17340.36
2017-04-21,17276.39
2017-04-24,17457.09
2017-04-25,17634.66
2017-04-26,17643.97
2017-04-27,17634.89
2017-04-28,17637.62
2017-05-02,17647.95
2017-05-03,17658.61
2017-05-04,17733.16
2017-05-05,17619.13
2017-05-08,17725.58
2017-05-09,17714.61
2017-05-10,17859.5
2017-05-11,17930.39
2017-05-12,17867.72
2017-05-15,17977.18
2017-05-16,18100.91
2017-05-17,18128.65
2017-05-18,17883.81
2017-05-19,17844.84
2017-05-22,17724.68
2017-05-23,17595.88
2017-05-24,17488.62
2017-05-25,17702.21
2017-05-26,17833.88
2017-05-29,17768.55
2017-05-30,17902.23
2017-05-31,17912.58
2017-06-01,17925.26
2017-06-02,18001.28
2017-06-05,18058.8
2017-06-06,17953.69
2017-06-07,18017.19
2017-06-08,17987.7
2017-06-09,18010.81
2017-06-12,17925.75
2017-06-13,17902.42
2017-06-14,17911.91
2017-06-15,17850.07
2017-06-16,17840.39
2017-06-19,17940.94
2017-06-20,17958.46
2017-06-21,17862.6
2017-06-22,17819.92
2017-06-23,17693.63
2017-06-27,17562.23
2017-06-28,17602.26
2017-06-29,17651.04
2017-06-30,17689.21
2017-07-03,17837.96
2017-07-04,17799.6
2017-07-05,17905.76
2017-07-06,17963.58
2017-07-07,17943.18
2017-07-10,18174.67
2017-07-11,18180.48
2017-07-12,18277.32
2017-07-13,18382.24
2017-07-14,18431.18
2017-07-17,18543.24
2017-07-18,18510.86
2017-07-19,18667.14
2017-07-20,18586.99
2017-07-21,18643.91
2017-07-24,18692.93
2017-07-25,18702.88
2017-07-26,18787.31
2017-07-27,18730.81
2017-07-28,18646.47
2017-07-31,18738.77
2017-08-01,18879.4
2017-08-02,18857.73
2017-08-03,18768.36
2017-08-04,18926.57
2017-08-07,18929.3
2017-08-08,18799.8
2017-08-09,18612.59
2017-08-10,18385.61
2017-08-11,18181.79
2017-08-14,18402.12
2017-08-16,18593.49
2017-08-17,18585.16
2017-08-18,18538.48
2017-08-21,18363.38
2017-08-22,18385.03
2017-08-23,18520.39
2017-08-24,18565.88
2017-08-28,18688.76
2017-08-29,18472.32
2017-08-30,18636.23
2017-08-31,18684.66
2017-09-01,18869.22
2017-09-04,18740.47
2017-09-05,18820.81
2017-09-06,18767.38
2017-09-07,18836.13
2017-09-08,18794.42
2017-09-11,18940.19
2017-09-12,19118.96
2017-09-13,19067.5
2017-09-14,19084.11
2017-09-15,19080.86
2017-09-18,19240.74
2017-09-19,19255.51
2017-09-20,19209.42
2017-09-21,19186.42
2017-09-22,18838.32
2017-09-25,18643.84
2017-09-26,18662.89
2017-09-27,18418.07
2017-09-28,18476.9
2017-09-29,18577.97
2017-10-03,18728.22
2017-10-04,18838.79
2017-10-05,18795.12
2017-10-06,19024.5
2017-10-09,19031.94
2017-10-10,19089.22
2017-10-11,19043.87
2017-10-12,19240.79
2017-10-13,19363.57
2017-10-16,19536.31
2017-10-17,19591.84
2017-10-18,19465.38
2017-10-19,19350.38
2017-10-23,19395.82
2017-10-24,19469.65
2017-10-25,19612.39
2017-10-26,19736.72
2017-10-27,19699.06
2017-10-30,19784.93
2017-10-31,19719.94
2017-11-01,19826.05
2017-11-02,19820.66
2017-11-03,19835.66
2017-11-06,19835.12
2017-11-07,19575.32
2017-11-08,19517.0
2017-11-09,19526.5
2017-11-10,19505.98
2017-11-13,19311.88
2017-11-14,19220.93
2017-11-15,19042.59
2017-11-16,19168.31
2017-11-17,19240.33
2017-11-20,19273.35
2017-11-21,19363.33
2017-11-22,19364.06
2017-11-23,19344.86
2017-11-24,19416.24
2017-11-27,19442.34
2017-11-28,19390.97
2017-11-29,19388.57
2017-11-30,19174.43
2017-12-01,18920.76
2017-12-04,18929.02
2017-12-05,18881.06
2017-12-06,18705.18
2017-12-07,19017.21
2017-12-08,19174.78
2017-12-11,19283.99
2017-12-12,19132.31
2017-12-13,19048.15
2017-12-14,19154.11
2017-12-15,19304.27
2017-12-18,19435.2
2017-12-19,19624.5
2017-12-20,19601.91
2017-12-21,19587.34
2017-12-22,19658.6
2017-12-26,19771.34
2017-12-27,19733.35
2017-12-28,19695.06
2017-12-29,19797.65
2018-01-01,19638.69
2018-01-02,19636.5
2018-01-03,19644.85
2018-01-04,19789.55
2018-01-05,19910.78
2018-01-08,20040.22
2018-01-09,20033.83
2018-01-10,20017.71
2018-01-11,20030.74
2018-01-12,20050.89
2018-01-15,20036.05
2018-01-16,19938.34
2018-01-17,20074.38
2018-01-18,19973.04
2018-01-19,20104.33
2018-01-22,20183.41
2018-01-23,20392.56
2018-01-24,20411.3
2018-01-25,20325.43
2018-01-29,20378.72
2018-01-30,20255.15
2018-01-31,20173.76
2018-02-01,20165.47
2018-02-02,19716.24
2018-02-05,19635.64
2018-02-06,19308.45
2018-02-07,19310.31
2018-02-08,19530.93
2018-02-09,19361.71
2018-02-12,19508.65
2018-02-14,19420.69
2018-02-15,19473.13
2018-02-16,19289.31
2018-02-19,19082.99
2018-02-20,19092.49
2018-02-21,19107.68
2018-02-22,19062.66
2018-02-23,19298.7
2018-02-26,19476.33
2018-02-27,19409.26
2018-02-28,19319.99
2018-03-01,19283.52
2018-03-05,19070.26
2018-03-06,18918.49
2018-03-07,18739.17
2018-03-08,18825.33
2018-03-09,18767.34
2018-03-12,19096.06
2018-03-13,19180.07
2018-03-14,19145.54
2018-03-15,19055.68
2018-03-16,18763.71
2018-03-19,18501.97
2018-03-20,18620.42
2018-03-21,18619.48
2018-03-22,18508.56
2018-03-23,18333.81
2018-03-26,18528.32
2018-03-27,18673.12
2018-03-28,18587.85
2018-04-02,18792.24
2018-04-03,18867.81
2018-04-04,18633.21
2018-04-05,19012.47
2018-04-06,19039.75
2018-04-09,19114.81
2018-04-10,19169.79
2018-04-11,19141.12
2018-04-12,19156.95
2018-04-13,19198.81
2018-04-16,19307.88
2018-04-17,19318.48
2018-04-18,19287.59
2018-04-19,19369.25
2018-04-20,19354.22
2018-04-23,19415.93
2018-04-24,19407.21
2018-04-25,19309.62
2018-04-26,19342.84
2018-04-27,19471.82
2018-04-30,19547.84
2018-05-02,19385.39
2018-05-03,19310.53
2018-05-04,19185.84
2018-05-07,19360.91
2018-05-08,19375.43
2018-05-09,19388.25
2018-05-10,19309.22
2018-05-11,19438.28
2018-05-14,19410.52
2018-05-15,19399.29
2018-05-16,19304.41
2018-05-17,19258.5
2018-05-18,19082.4
2018-05-21,18889.18
2018-05-22,18996.0
2018-05-23,18761.46
2018-05-24,18833.64
2018-05-25,19074.68
2018-05-28,19277.62
2018-05-29,19190.7
2018-05-30,19157.2
2018-05-31,19301.95
2018-06-01,19205.88
2018-06-04,19091.2
2018-06-05,18984.83
2018-06-06,19189.98
2018-06-07,19333.02
2018-06-08,19390.14
2018-06-11,19453.18
2018-06-12,19535.63
2018-06-13,19584.27
2018-06-14,19515.61
2018-06-15,19511.2
2018-06-18,19493.44
2018-06-19,19295.57
2018-06-20,19334.32
2018-06-21,19230.24
2018-06-22,19380.97
2018-06-25,19254.65
2018-06-26,19269.98
2018-06-27,19042.62
2018-06-28,18838.05
2018-06-29,19094.57
2018-07-02,18977.07
2018-07-03,19069.38
2018-07-04,19128.62
2018-07-05,19123.35
2018-07-06,19159.44
2018-07-09,19311.48
2018-07-10,19476.9
2018-07-11,19379.08
2018-07-12,19427.06
2018-07-13,19344.56
2018-07-16,19117.68
2018-07-17,19311.73
2018-07-18,19251.62
2018-07-19,19203.24
2018-07-20,19227.91
2018-07-23,19405.37
2018-07-24,19566.71
2018-07-25,19516.79
2018-07-26,19578.78
2018-07-27,19762.97
2018-07-30,19867.34
2018-07-31,19928.66
2018-08-01,19951.21
2018-08-02,19868.61
2018-08-03,20053.5
2018-08-06,20076.79
2018-08-07,20070.74
2018-08-08,20124.83
2018-08-09,20144.72
2018-08-10,20054.94
2018-08-13,19908.39
2018-08-14,20074.93
2018-08-16,20021.49
2018-08-17,20193.31
2018-08-20,20320.56
2018-08-21,20392.18
2018-08-23,20376.22
2018-08-24,20340.81
2018-08-27,20573.68
2018-08-28,20569.87
2018-08-29,20511.92
2018-08-30,20529.16
2018-08-31,20624.2
2018-09-03,20506.47
2018-09-04,20261.57
2018-09-05,20237.5
2018-09-06,20333.0
2018-09-07,20490.86
2018-09-10,20199.38
2018-09-11,19929.06
2018-09-12,20057.15
2018-09-14,20440.0
2018-09-17,20266.65
2018-09-18,20056.17
2018-09-19,20026.64
2018-09-21,19801.12
2018-09-24,19434.27
2018-09-25,19533.17
2018-09-26,19553.82
2018-09-27,19380.24
2018-09-28,19100.68
2018-10-01,19233.05
2018-10-03,19071.11
2018-10-04,18619.82
2018-10-05,17930.38
2018-10-08,18003.46
2018-10-09,17902.45
2018-10-10,18264.99
2018-10-11,17942.71
2018-10-12,18394.47
2018-10-15,18417.12
2018-10-16,18516.97
2018-10-17,18160.44
2018-10-19,17937.17
2018-10-22,17799.99
2018-10-23,17633.99
2018-10-24,17824.55
2018-10-25,17642.15
2018-10-26,17491.2
2018-10-29,17904.85
2018-10-30,17836.57
2018-10-31,18153.08
2018-11-01,18215.19
2018-11-02,18538.03
2018-11-05,18446.43
2018-11-06,18415.45
2018-11-07,18529.1
2018-11-09,18618.15
2018-11-12,18378.18
2018-11-13,18535.63
2018-11-14,18533.37
2018-11-15,18585.42
2018-11-16,18641.01
2018-11-19,18764.97
2018-11-20,18531.56
2018-11-21,18533.78
2018-11-22,18380.83
2018-11-26,18485.43
2018-11-27,18506.72
2018-11-28,18393.33
2018-11-29,18621.5
2018-11-30,18636.63
2018-12-03,18709.3
2018-12-04,18763.1
2018-12-05,18514.72
2018-12-06,18163.49
2018-12-07,18263.31
2018-12-10,17968.5
2018-12-11,18123.33
2018-12-12,18510.68
2018-12-13,18595.07
2018-12-14,18665.92
2018-12-17,18798.73
2018-12-18,18833.48
2018-12-19,19004.84
2018-12-20,18999.22
2018-12-21,18708.44
2018-12-24,18512.52
2018-12-26,18626.58
2018-12-27,18688.5
2018-12-28,18854.09
2018-12-31,18886.51
2019-01-01,18923.92
2019-01-02,18641.77
2019-01-03,18407.09
2019-01-04,18550.32
2019-01-07,18600.56
2019-01-08,18679.55
2019-01-09,18656.92
2019-01-10,18608.8
2019-01-11,18543.14
2019-01-14,18438.04
2019-01-15,18699.94
2019-01-16,18705.81
2019-01-17,18693.33
2019-01-18,18608.63
2019-01-21,18581.52
2019-01-22,18524.23
2019-01-23,18469.71
2019-01-24,18452.89
2019-01-25,18259.14
2019-01-28,18027.7
2019-01-29,18083.87
2019-01-30,18097.5
2019-01-31,18323.38
2019-02-01,18366.17
2019-02-04,18264.63
2019-02-05,18321.13
2019-02-06,18622.7
2019-02-07,18733.39
2019-02-08,18439.18
2019-02-11,18326.49
2019-02-12,18306.5
2019-02-13,18180.95
2019-02-14,18242.2
2019-02-15,18177.46
2019-02-18,18079.78
2019-02-19,18068.99
2019-02-20,18342.37
2019-02-21,18476.47
2019-02-22,18602.73
2019-02-25,18701.07
2019-02-26,18721.5
2019-02-27,18662.65
2019-02-28,18680.73
2019-03-01,18837.72
2019-03-05,19153.66
2019-03-06,19230.68
2019-03-07,19139.44
2019-03-08,19076.85
2019-03-11,19413.53
2019-03-12,19571.77
2019-03-13,19514.0
2019-03-14,19555.59
2019-03-15,19712.12
2019-03-18,19777.16
2019-03-19,19873.6
2019-03-20,19732.78
2019-03-22,19651.08
2019-03-25,19517.77
2019-03-26,19727.54
2019-03-27,19701.45
2019-03-28,19903.82
2019-03-29,20056.61
2019-04-01,20117.03
2019-04-02,20183.67
2019-04-03,20053.59
2019-04-04,20051.76
2019-04-05,20177.22
2019-04-08,20025.53
2019-04-09,20162.13
2019-04-10,20096.06
2019-04-11,20120.56
2019-04-12,20189.69
2019-04-15,20326.57
2019-04-16,20467.48
2019-04-18,20348.96
2019-04-22,20058.19
2019-04-23,20015.18
2019-04-24,20241.66
2019-04-25,20138.65
2019-04-26,20265.19
2019-04-30,20148.28
2019-05-02,20069.36
2019-05-03,20053.19
2019-05-06,19835.94
2019-05-07,19669.61
2019-05-08,19439.81
2019-05-09,19411.86
2019-05-10,19339.89
2019-05-13,19010.46
2019-05-14,19175.81
2019-05-15,18978.72
2019-05-16,19191.83
2019-05-17,19406.31
2019-05-20,20108.29
2019-05-21,19831.08
2019-05-22,19890.15
2019-05-23,19854.3
2019-05-24,20205.57
2019-05-27,20346.16
2019-05-28,20327.06
2019-05-29,20169.95
2019-05-30,20236.69
2019-05-31,20206.16
2019-06-03,20513.46
2019-06-04,20388.52
2019-06-06,20080.3
2019-06-07,20078.94
2019-06-10,20149.93
2019-06-11,20215.01
2019-06-12,20085.14
2019-06-13,20112.23
2019-06-14,19933.63
2019-06-17,19632.84
2019-06-18,19670.23
2019-06-19,19572.13
2019-06-20,19838.78
2019-06-21,19713.16
2019-06-24,19644.37
2019-06-25,19795.34
2019-06-26,19928.37
2019-06-27,19952.67
2019-06-28,19849.11
2019-07-01,19938.28
2019-07-02,19982.04
2019-07-03,20009.19
2019-07-04,20079.48
2019-07-05,19715.22
2019-07-08,19239.8
2019-07-09,19259.03
2019-07-10,19096.18
2019-07-11,19324.76
2019-07-12,19297.01
2019-07-15,19303.49
2019-07-16,19505.28
2019-07-17,19516.62
2019-07-18,19255.51
2019-07-19,18922.18
2019-07-22,18982.49
2019-07-23,18969.23
2019-07-24,18755.34
2019-07-25,18724.86
2019-07-26,18889.82
2019-07-29,18519.03
2019-07-30,18198.26
2019-07-31,18361.25
2019-08-01,18114.54
2019-08-02,18102.31
2019-08-05,17823.4
2019-08-06,18011.93
2019-08-07,17826.08
2019-08-08,18096.23
2019-08-09,18169.75
2019-08-13,17812.37
2019-08-14,18007.36
2019-08-16,18092.03
2019-08-19,18057.29
2019-08-20,17974.99
2019-08-21,17697.43
2019-08-22,17369.92
2019-08-23,17641.96
2019-08-26,17909.19
2019-08-27,18044.77
2019-08-28,17878.79
2019-08-29,17849.1
2019-08-30,17977.47
2019-09-03,17621.91
2019-09-04,17660.75
2019-09-05,17834.11
2019-09-06,18010.57
2019-09-09,18120.27
2019-09-11,18244.82
2019-09-12,18117.99
2019-09-13,18306.76
2019-09-16,18193.58
2019-09-17,17857.43
2019-09-18,17914.85
2019-09-19,17644.98
2019-09-20,18595.88
2019-09-23,19022.28
2019-09-24,18941.77
2019-09-25,18682.78
2019-09-26,18968.4
2019-09-27,18740.89
2019-09-30,18638.41
2019-10-01,18304.5
2019-10-03,18363.97
2019-10-04,18124.92
2019-10-07,18051.04
2019-10-09,18309.71
2019-10-10,18182.68
2019-10-11,18322.34
2019-10-14,18453.83
2019-10-15,18635.83
2019-10-16,18706.04
2019-10-17,18986.9
2019-10-18,19126.17
2019-10-22,19074.02
2019-10-23,19076.43
2019-10-24,18936.83
2019-10-25,18924.72
2019-10-27,19024.85
2019-10-29,19355.33
2019-10-30,19397.9
2019-10-31,19616.61
2019-11-01,19689.69
2019-11-04,19765.17
2019-11-05,19734.18
2019-11-06,19746.95
2019-11-07,19746.92
2019-11-08,19534.19
2019-11-11,19581.36
2019-11-13,19347.78
2019-11-14,19288.3
2019-11-15,19334.81
2019-11-18,19384.97
2019-11-19,19442.48
2019-11-20,19560.91
2019-11-21,19454.43
2019-11-22,19437.47
2019-11-25,19731.74
2019-11-26,19546.88
2019-11-27,19699.95
2019-11-28,19857.34
2019-11-29,19692.97
2019-12-02,19580.19
2019-12-03,19356.62
2019-12-04,19514.28
2019-12-05,19400.68
2019-12-06,19179.48
2019-12-09,19205.6
2019-12-10,18981.72
2019-12-11,19030.04
2019-12-12,19227.44
2019-12-13,19402.54
2019-12-16,19292.56
2019-12-17,19469.6
2019-12-18,19514.99
2019-12-19,19597.22
2019-12-20,19668.14
2019-12-23,19667.49
2019-12-24,19657.07
2019-12-26,19566.7
2019-12-27,19723.58
2019-12-30,19801.15
2019-12-31,19699.06
2020-01-01,19707.7
2020-01-02,19880.75
2020-01-03,19759.55
2020-01-06,19393.9
2020-01-07,19460.72
2020-01-08,19401.88
2020-01-09,19706.8
2020-01-10,19753.83
2020-01-13,19872.15
2020-01-14,19942.02
2020-01-15,19967.6
2020-01-16,19935.17
2020-01-17,19894.46
2020-01-20,19736.47
2020-01-21,19647.91
2020-01-22,19558.7
2020-01-23,19684.34
2020-01-24,19820.16
2020-01-27,19644.13
2020-01-28,19480.75
2020-01-29,19627.75
2020-01-30,19437.45
2020-01-31,19235.6
2020-02-01,18773.52
2020-02-03,18906.51
2020-02-04,19292.95
2020-02-05,19452.62
2020-02-06,19563.87
2020-02-07,19571.2
2020-02-10,19299.18
2020-02-11,19450.13
2020-02-12,19522.34
2020-02-13,19532.56
2020-02-14,19401.94
2020-02-17,19276.32
2020-02-18,19150.11
2020-02-19,19357.1
2020-02-20,19316.42
2020-02-24,18834.07
2020-02-25,18762.26
2020-02-26,18570.7
2020-02-27,18483.36
2020-02-28,17736.75
2020-03-02,17528.46
2020-03-03,17988.32
2020-03-04,17965.7
2020-03-05,18052.42
2020-03-06,17461.46
2020-03-09,16747.63
2020-03-11,16703.95
2020-03-12,15314.0
2020-03-13,15763.53
2020-03-16,14770.58
2020-03-17,14632.17
2020-03-18,13906.74
2020-03-19,13337.8
2020-03-20,14202.64
2020-03-23,12477.91
2020-03-24,12677.51
2020-03-25,13227.61
2020-03-26,13647.66
2020-03-27,13577.38
2020-03-30,13220.33
2020-03-31,13717.68
2020-04-01,13264.76
2020-04-03,13135.25
2020-04-07,14231.17
2020-04-08,14256.86
2020-04-09,14872.08
2020-04-13,14791.94
2020-04-15,14824.06
2020-04-16,14979.13
2020-04-17,15263.92
2020-04-20,15108.23
2020-04-21,14651.16
2020-04-22,14897.74
2020-04-23,14966.1
2020-04-24,14703.19
2020-04-27,14947.36
2020-04-28,15020.0
2020-04-29,15250.32
2020-04-30,15903.66
2020-05-04,15061.88
2020-05-05,14915.11
2020-05-06,15008.49
2020-05-07,14872.71
2020-05-08,14886.45
2020-05-11,15005.65
2020-05-12,15082.98
2020-05-13,15361.63
2020-05-14,15105.29
2020-05-15,15079.37
2020-05-18,14563.94
2020-05-19,14731.31
2020-05-20,15027.95
2020-05-21,15133.26
2020-05-22,15118.67
2020-05-26,15180.23
2020-05-27,15514.65
2020-05-28,15795.93
2020-05-29,16093.89
2020-06-01,16378.97
2020-06-02,16595.99
2020-06-03,16691.55
2020-06-04,16750.43
2020-06-05,17041.64
2020-06-08,17113.22
2020-06-09,16959.74
2020-06-10,16952.45
2020-06-11,16572.51
2020-06-12,16696.29
2020-06-15,16450.63
2020-06-16,16469.55
2020-06-17,16432.71
2020-06-18,16697.59
2020-06-19,16884.36
2020-06-22,17102.85
2020-06-23,17438.95
2020-06-24,17144.11
2020-06-25,17077.25
2020-06-26,17189.87
2020-06-29,16994.09
2020-06-30,16984.09
2020-07-01,17097.15
2020-07-02,17290.29
2020-07-03,17388.68
2020-07-06,17640.49
2020-07-07,17643.93
2020-07-08,17496.35
2020-07-09,17647.99
2020-07-10,17509.59
2020-07-13,17607.04
2020-07-14,17267.52
2020-07-15,17319.79
2020-07-16,17462.1
2020-07-17,17726.99
2020-07-20,17893.54
2020-07-21,18049.96
2020-07-22,17971.8
2020-07-23,18113.94
2020-07-24,17945.15
2020-07-27,17849.86
2020-07-28,18165.97
2020-07-29,18182.22
2020-07-30,17977.74
2020-07-31,18054.9
2020-08-03,17859.49
2020-08-04,18000.55
2020-08-05,18167.0
2020-08-06,18301.8
2020-08-07,18381.12
2020-08-10,18561.47
2020-08-11,18590.17
2020-08-12,18611.0
2020-08-13,18686.32
2020-08-14,18510.99
2020-08-17,18779.98
2020-08-18,18975.59
2020-08-19,19047.99
2020-08-20,19002.47
2020-08-21,19096.83
2020-08-24,19165.68
2020-08-25,19180.95
2020-08-26,19338.69
2020-08-27,19416.69
2020-08-28,19543.37
2020-08-31,18985.17
2020-09-01,19152.82
2020-09-02,19327.44
2020-09-03,19459.91
2020-09-04,19104.13
2020-09-07,19121.74
2020-09-08,18870.51
2020-09-09,18843.7
2020-09-10,18981.63
2020-09-11,19013.94
2020-09-14,19042.97
2020-09-15,19146.86
2020-09-16,19262.57
2020-09-17,19139.63
2020-09-18,19267.95
2020-09-21,18637.87
2020-09-22,18440.32
2020-09-23,18297.28
2020-09-24,17714.14
2020-09-25,18162.79
2020-09-28,18577.4
2020-09-29,18492.74
2020-09-30,18495.26
2020-10-01,18769.68
2020-10-05,18877.8
2020-10-06,19060.68
2020-10-07,19084.61
2020-10-08,19200.51
2020-10-09,19237.55
2020-10-12,19212.14
2020-10-13,19162.68
2020-10-14,19170.96
2020-10-15,18832.27
2020-10-16,19009.89
2020-10-19,19157.76
2020-10-20,19163.53
2020-10-21,19247.27
2020-10-22,19251.62
2020-10-23,19319.87
2020-10-26,19050.21
2020-10-27,19288.09
2020-10-28,19092.16
2020-10-29,18980.58
2020-10-30,18994.81
2020-11-02,19074.03
2020-11-03,19287.88
2020-11-04,19397.41
2020-11-05,19828.85
2020-11-06,19913.41
2020-11-09,20213.4
2020-11-10,20424.26
2020-11-11,20782.22
2020-11-12,20750.6
2020-11-13,20854.05
2020-11-14,20958.33
2020-11-17,21131.67
2020-11-18,21332.21
2020-11-19,21097.41
2020-11-20,21361.16
2020-11-23,21567.94
2020-11-24,21750.48
2020-11-25,21502.58
2020-11-26,21752.08
2020-11-27,21749.57
2020-12-01,22023.95
2020-12-02,22231.94
2020-12-03,22455.03
2020-12-04,22698.82
2020-12-07,22860.98
2020-12-08,22790.64
2020-12-09,22906.69
2020-12-10,22810.17
2020-12-11,22912.19
2020-12-14,23033.24
2020-12-15,23114.27
2020-12-16,23289.0
2020-12-17,23283.47
2020-12-18,23302.3
2020-12-21,22340.91
2020-12-22,22662.19
2020-12-23,22899.18
2020-12-24,23091.38
2020-12-28,23357.95
2020-12-29,23395.47
2020-12-30,23535.86
2020-12-31,23521.19
2021-01-01,23616.05
2021-01-04,23930.29
2021-01-05,23962.43
2021-01-06,24038.16
2021-01-07,24134.52
2021-01-08,24550.24
2021-01-11,24748.43
2021-01-12,24867.14
2021-01-13,24973.86
2021-01-14,25028.29
2021-01-15,24744.38
2021-01-18,24313.1
2021-01-19,24723.74
2021-01-20,24940.57
2021-01-21,24773.06
2021-01-22,24475.44
2021-01-25,24350.2
2021-01-27,23974.16
2021-01-28,23834.39
2021-01-29,23455.88
2021-02-01,24396.01
2021-02-02,25051.77
2021-02-03,25399.56
2021-02-04,25613.64
2021-02-05,25625.71
2021-02-08,26053.88
2021-02-09,25994.75
2021-02-10,26036.35
2021-02-11,26134.98
2021-02-12,25987.48
2021-02-15,26137.05
2021-02-16,26220.36
2021-02-17,26147.44
2021-02-18,26221.55
2021-02-19,25899.16
2021-02-22,25459.92
2021-02-23,25728.92
2021-02-24,26004.66
2021-02-25,26416.95
2021-02-26,25433.39
2021-03-01,25935.09
2021-03-02,26314.39
2021-03-03,26729.37
2021-03-04,26557.79
2021-03-05,26252.1
2021-03-08,26362.37
2021-03-09,26366.55
2021-03-10,26531.94
2021-03-12,26309.04
2021-03-15,26246.43
2021-03-16,26224.53
2021-03-17,25720.08
2021-03-18,25524.23
2021-03-19,25856.97
2021-03-22,25925.67
2021-03-23,26017.94
2021-03-24,25512.67
2021-03-25,25058.78
2021-03-26,25427.0
2021-03-30,25953.39
2021-03-31,25886.34
2021-04-01,26306.38
2021-04-05,25964.03
2021-04-06,26165.51
2021-04-07,26402.52
2021-04-08,26618.74
2021-04-09,26597.31
2021-04-12,25593.97
2021-04-13,25982.61
2021-04-15,26048.15
2021-04-16,26287.27
2021-04-19,25777.1
2021-04-20,25778.07
2021-04-22,25860.46
2021-04-23,25759.13
2021-04-26,25976.96
2021-04-27,26229.48
2021-04-28,26505.67
2021-04-29,26646.98
2021-04-30,26445.23
2021-05-03,26550.66
2021-05-04,26363.21
2021-05-05,26582.46
2021-05-06,26800.01
2021-05-07,27033.08
2021-05-10,27416.69
2021-05-11,27411.5
2021-05-12,27121.22
2021-05-14,26988.47
2021-05-17,27323.53
2021-05-18,27680.73
2021-05-19,27624.41
2021-05-20,27354.3
2021-05-21,27662.51
2021-05-24,27684.57
2021-05-25,27851.74
2021-05-26,27940.16
2021-05-27,28038.34
2021-05-28,28062.38
2021-05-31,28273.19
2021-06-01,28273.28
2021-06-02,28393.11
2021-06-03,28595.04
2021-06-04,28676.16
2021-06-07,28875.99
2021-06-08,28925.51
2021-06-09,28740.32
2021-06-10,28944.09
2021-06-11,29058.39
2021-06-14,29049.2
2021-06-15,29084.43
2021-06-16,28875.7
2021-06-17,28661.43
2021-06-18,28511.36
2021-06-21,28626.03
2021-06-22,28770.0
2021-06-23,28657.51
2021-06-24,28778.1
2021-06-25,28931.57
2021-06-28,28922.11
2021-06-29,28774.04
2021-06-30,28681.38
2021-07-01,28671.51
2021-07-02,28691.67
2021-07-05,28854.82
2021-07-06,28785.52
2021-07-07,28904.92
2021-07-08,28667.99
2021-07-09,28722.8
2021-07-12,28778.89
2021-07-13,28938.01
2021-07-14,29014.45
2021-07-15,29105.25
2021-07-16,29114.3
2021-07-19,28898.2
2021-07-20,28629.6
2021-07-22,28991.74
2021-07-23,29043.71
2021-07-26,29045.89
2021-07-27,28893.33
2021-07-28,28862.17
2021-07-29,29020.71
2021-07-30,29075.68
2021-08-02,29317.59
2021-08-03,29730.27
2021-08-04,29717.44
2021-08-05,29764.78
2021-08-06,29746.18
2021-08-09,29717.76
2021-08-10,29609.59
2021-08-11,29673.96
2021-08-12,29841.5
2021-08-13,29994.22
2021-08-16,30001.36
2021-08-17,30088.84
2021-08-18,30062.42
2021-08-20,29704.13
2021-08-23,29677.41
2021-08-24,30009.0
2021-08-25,30002.34
2021-08-26,29947.03
2021-08-27,30166.94
2021-08-30,30604.69
2021-08-31,31034.06
2021-09-01,30985.46
2021-09-02,31257.38
2021-09-03,31427.86
2021-09-06,31494.73
2021-09-07,31420.26
2021-09-08,31425.11
2021-09-09,31486.12
2021-09-13,31599.8
2021-09-14,31717.57
2021-09-15,32032.77
2021-09-16,32156.98
2021-09-17,32042.69
2021-09-20,31541.97
2021-09-21,31888.59
2021-09-22,31981.91
2021-09-23,32380.07
2021-09-24,32305.0
2021-09-27,32294.7
2021-09-28,32210.08
2021-09-29,32401.35
2021-09-30,32191.29
2021-10-01,32161.6
2021-10-04,32453.77
2021-10-05,32686.56
2021-10-06,32278.36
2021-10-07,32621.21
2021-10-08,32658.84
2021-10-11,32941.54
2021-10-12,33071.39
2021-10-13,33478.49
2021-10-14,33756.09
2021-10-18,33946.65
2021-10-19,33560.3
2021-10-20,33204.0
2021-10-21,33118.27
2021-10-22,32854.1
2021-10-25,32660.12
2021-10-26,33045.29
2021-10-27,32965.72
2021-10-28,32349.13
2021-10-29,32169.42
2021-11-01,32712.18
2021-11-02,32615.13
2021-11-03,32584.98
2021-11-04,32784.77
2021-11-08,33086.56
2021-11-09,33070.04
2021-11-10,33018.52
2021-11-11,32726.77
2021-11-12,33057.55
2021-11-15,33051.12
2021-11-16,32913.58
2021-11-17,32801.75
2021-11-18,32394.16
2021-11-22,31788.79
2021-11-23,32080.64
2021-11-24,31979.74
2021-11-25,32026.79
2021-11-26,31070.98
2021-11-29,30978.87
2021-11-30,30890.52
2021-12-01,31152.47
2021-12-02,31610.88
2021-12-03,31340.18
2021-12-06,30792.35
2021-12-07,31249.23
2021-12-08,31730.87
2021-12-09,31821.02
2021-12-10,31827.7
2021-12-13,31642.15
2021-12-14,31633.72
2021-12-15,31445.3
2021-12-16,31440.51
2021-12-17,30913.85
2021-12-20,30218.68
2021-12-21,30550.23
2021-12-22,30892.06
2021-12-23,31135.45
2021-12-24,30942.64
2021-12-27,31083.06
2021-12-28,31404.37
2021-12-29,31415.59
2021-12-30,31417.12
2021-12-31,31754.86
2022-01-03,32170.16
2022-01-04,32387.48
2022-01-05,32659.05
2022-01-06,32474.26
2022-01-07,32641.62
2022-01-10,32922.04
2022-01-11,32927.87
2022-01-12,33163.8
2022-01-13,33345.32
2022-01-14,33277.01
2022-01-17,33478.87
2022-01-18,32968.63
2022-01-19,32783.49
2022-01-20,32562.22
2022-01-21,32166.64
2022-01-24,31332.04
2022-01-25,31739.04
2022-01-27,31499.24
2022-01-28,31547.25
2022-01-31,31949.12
2022-02-01,32346.84
2022-02-02,32671.35
2022-02-03,32382.41
2022-02-04,32285.29
2022-02-07,31825.81
2022-02-08,31897.73
2022-02-09,32297.02
2022-02-10,32508.56
2022-02-11,32138.32
2022-02-14,31138.06
2022-02-15,32017.4
2022-02-16,32038.02
2022-02-17,32001.83
2022-02-18,31923.99
2022-02-21,31698.15
2022-02-22,31484.03
2022-02-23,31436.19
2022-02-24,29885.79
2022-02-25,30746.27
2022-02-28,31068.59
2022-03-02,30874.03
2022-03-03,30676.19
2022-03-04,30145.35
2022-03-07,29642.43
2022-03-08,29885.66
2022-03-09,30273.47
2022-03-10,30741.78
2022-03-11,30886.11
2022-03-14,31076.18
2022-03-15,30787.41
2022-03-16,31352.83
2022-03-17,31923.66
2022-03-21,31564.61
2022-03-22,31837.76
2022-03-23,31779.61
2022-03-24,31818.52
2022-03-25,31663.53
2022-03-28,31780.13
2022-03-29,31911.07
2022-03-30,32043.21
2022-03-31,32000.07
2022-04-01,32391.15
2022-04-04,32902.85
2022-04-05,32992.16
2022-04-06,32902.23
2022-04-07,32707.54
2022-04-08,33062.26
2022-04-11,32980.95
2022-04-12,32651.13
2022-04-13,32631.42
2022-04-18,32463.37
2022-04-19,32001.72
2022-04-20,32344.62
2022-04-21,32776.21
2022-04-22,32379.17
2022-04-25,31812.39
2022-04-26,32353.01
2022-04-27,32006.97
2022-04-28,32404.8
2022-04-29,32070.14
2022-05-02,31986.54
2022-05-04,31285.31
2022-05-05,31204.48
2022-05-06,30737.94
2022-05-09,30559.74
2022-05-10,30362.61
2022-05-11,30227.73
2022-05-12,29549.89
2022-05-13,29578.12
2022-05-16,29730.26
2022-05-17,30491.87
2022-05-18,30473.6
2022-05-19,29717.38
2022-05-20,30484.26
2022-05-23,30315.07
2022-05-24,30052.99
2022-05-25,29811.33
2022-05-26,30090.13
2022-05-27,30388.68
2022-05-30,30902.49
2022-05-31,30990.82
2022-06-01,30791.18
2022-06-02,30848.65
2022-06-03,30520.99
2022-06-06,30487.04
2022-06-07,30254.7
2022-06-08,30211.64
2022-06-09,30362.15
2022-06-10,30101.78
2022-06-13,29380.71
2022-06-14,29336.46
2022-06-15,29370.65
2022-06-16,28667.14
2022-06-17,28313.69
2022-06-20,28334.01
2022-06-21,28901.78
2022-06-22,28464.17
2022-06-23,28881.05
2022-06-24,29163.72
2022-06-27,29443.83
2022-06-28,29527.97
2022-06-29,29385.03
2022-06-30,29215.87
2022-07-01,29385.29
2022-07-04,29513.35
2022-07-05,29490.45
2022-07-06,29878.25
2022-07-07,30219.56
2022-07-08,30359.95
2022-07-11,30424.77
2022-07-12,30129.62
2022-07-13,30109.91
2022-07-14,30065.53
2022-07-15,30286.82
2022-07-18,30712.42
2022-07-19,30821.0
2022-07-20,31042.67
2022-07-21,31341.17
2022-07-22,31503.4
2022-07-25,31401.7
2022-07-26,31153.86
2022-07-27,31497.2
2022-07-28,31969.16
2022-07-29,32476.97
2022-08-01,32846.47
2022-08-02,32891.59
2022-08-03,32873.91
2022-08-04,32907.05
2022-08-05,32924.2
2022-08-08,33081.84
2022-08-10,33168.27
2022-08-11,33293.24
2022-08-12,33365.67
2022-08-16,33675.41
2022-08-17,33932.01
2022-08-18,33950.79
2022-08-19,33556.7
2022-08-22,32975.63
2022-08-23,33259.75
2022-08-24,33332.92
2022-08-25,33237.01
2022-08-26,33413.73
2022-08-29,33064.78
2022-08-30,33830.19
2022-09-01,33566.42
2022-09-02,33473.3
2022-09-05,33647.08
2022-09-06,33644.95
2022-09-07,33725.94
2022-09-08,33993.97
2022-09-09,34056.98
2022-09-12,34266.21
2022-09-13,34509.74
2022-09-14,34477.15
2022-09-15,34241.41
2022-09-16,33553.98
2022-09-19,33707.63
2022-09-20,34191.45
2022-09-21,33891.77
2022-09-22,33822.59
2022-09-23,33243.21
2022-09-26,32549.11
2022-09-27,32564.52
2022-09-28,32362.82
2022-09-29,32367.4
2022-09-30,32781.43
2022-10-03,32393.76
2022-10-04,33087.78
2022-10-06,33212.29
2022-10-07,33169.31
2022-10-10,33009.85
2022-10-11,32448.86
2022-10-12,32765.42
2022-10-13,32589.23
2022-10-14,32725.32
2022-10-17,32863.18
2022-10-18,33198.65
2022-10-19,33138.66
2022-10-20,33339.63
2022-10-21,33332.91
2022-10-24,33598.88
2022-10-25,33542.16
2022-10-27,33785.89
2022-10-28,33835.0
2022-10-31,34203.44
2022-11-01,34554.24
2022-11-02,34401.07
2022-11-03,34335.95
2022-11-04,34525.31
2022-11-07,34691.73
2022-11-09,34562.99
2022-11-10,34257.71
2022-11-11,34608.6
2022-11-14,34642.67
2022-11-15,34811.68
2022-11-16,34700.37
2022-11-17,34549.37
2022-11-18,34397.38
2022-11-21,34191.9
2022-11-22,34369.2
2022-11-23,34426.97
2022-11-24,34807.63
2022-11-25,34915.14
2022-11-28,34976.97
2022-11-29,35071.24
2022-11-30,35413.42
2022-12-01,35536.16
2022-12-02,35384.14
2022-12-05,35474.62
2022-12-06,35337.25
2022-12-07,35108.19
2022-12-08,35161.78
2022-12-09,34971.78
2022-12-12,35031.29
2022-12-13,35198.48
2022-12-14,35379.35
2022-12-15,35013.17
2022-12-16,34658.91
2022-12-19,35006.25
2022-12-20,34853.33
2022-12-21,34597.73
2022-12-22,34389.17
2022-12-23,33689.5
2022-12-26,34026.94
2022-12-27,34316.76
2022-12-28,34311.02
2022-12-29,34411.75
2022-12-30,34329.1
2023-01-02,34458.88
2023-01-03,34555.98
2023-01-04,34223.74
2023-01-05,34295.12
2023-01-06,34033.54
2023-01-09,34426.95
2023-01-10,34218.26
2023-01-11,34096.0
2023-01-12,34072.7
2023-01-13,34274.73
2023-01-16,34188.51
2023-01-17,34398.64
2023-01-18,34565.92
2023-01-19,34469.85
2023-01-20,34241.25
2023-01-23,34398.41
2023-01-24,34348.89
2023-01-25,34015.17
2023-01-27,33623.38
2023-01-30,33639.82
2023-01-31,33719.87
2023-02-01,33286.55
2023-02-02,33080.94
2023-02-03,33412.99
2023-02-06,33339.56
2023-02-07,33244.41
2023-02-08,33584.83
2023-02-09,33582.66
2023-02-10,33535.48
2023-02-13,33399.24
2023-02-14,33515.04
2023-02-15,33756.76
2023-02-16,33884.55
2023-02-17,33713.48
2023-02-20,33582.68
2023-02-21,33470.37
2023-02-22,33012.86
2023-02-23,32957.61
2023-02-24,32870.49
2023-02-27,32632.87
2023-02-28,32486.66
2023-03-01,32803.61
2023-03-02,32656.69
2023-03-03,33048.48
2023-03-06,33235.12
2023-03-08,33347.48
2023-03-09,33080.65
2023-03-10,32909.62
2023-03-13,32481.91
2023-03-14,32246.53
2023-03-15,32245.86
2023-03-16,32327.56
2023-03-17,32537.72
2023-03-20,32283.88
2023-03-21,32388.33
2023-03-22,32480.84
2023-03-23,32414.13
2023-03-24,32116.86
2023-03-27,32138.4
2023-03-28,31960.08
2023-03-29,32346.86
2023-03-31,32697.24
2023-04-03,32840.82
2023-04-05,33008.2
2023-04-06,33107.65
2023-04-10,33298.9
2023-04-11,33513.59
2023-04-12,33714.74
2023-04-13,33772.89
2023-04-17,33765.07
2023-04-18,33760.98
2023-04-19,33658.08
2023-04-20,33646.28
2023-04-21,33566.34
2023-04-24,33780.25
2023-04-25,33858.55
2023-04-26,33953.9
2023-04-27,34150.57
2023-04-28,34489.71
2023-05-02,34688.06
2023-05-03,34548.34
2023-05-04,34804.87
2023-05-05,34643.47
2023-05-08,35011.43
2023-05-09,35024.59
2023-05-10,35139.89
2023-05-11,35137.9
2023-05-12,35079.69
2023-05-15,35205.87
2023-05-16,35100.22
2023-05-17,34950.65
2023-05-18,34739.73
2023-05-19,34835.95
2023-05-22,35215.98
2023-05-23,35409.19
2023-05-24,35361.85
2023-05-25,35473.22
2023-05-26,35768.14
2023-05-29,35948.21
2023-05-30,35936.02
2023-05-31,35897.83
2023-06-01,35900.0
2023-06-02,36084.52
2023-06-05,36169.32
2023-06-06,36276.17
2023-06-07,36626.66
2023-06-08,36387.92
2023-06-09,36240.51
2023-06-12,36375.86
2023-06-13,36569.46
2023-06-14,36699.97
2023-06-15,36701.38
2023-06-16,36940.81
2023-06-19,36791.93
2023-06-20,36947.83
2023-06-21,36964.07
2023-06-22,36719.29
2023-06-23,36412.53
2023-06-26,36618.22
2023-06-27,36824.16
2023-06-28,37137.37
2023-06-30,37515.15
2023-07-03,37620.99
2023-07-04,37757.81
2023-07-05,37978.43
2023-07-06,38182.78
2023-07-07,37824.23
2023-07-10,37755.88
2023-07-11,37967.32
2023-07-12,37900.81
2023-07-13,37841.25
2023-07-14,38166.51
2023-07-17,38306.7
2023-07-18,38231.55
2023-07-19,38377.54
2023-07-20,38600.81
2023-07-21,38313.19
2023-07-24,38315.82
2023-07-25,38394.51
2023-07-26,38519.07
2023-07-27,38370.72
2023-07-28,38467.81
2023-07-31,38720.81
2023-08-01,38683.07
2023-08-02,38256.72
2023-08-03,38044.52
2023-08-04,38219.17
2023-08-07,38435.12
2023-08-08,38410.14
2023-08-09,38631.84
2023-08-10,38528.18
2023-08-11,38303.93
2023-08-14,38190.78
2023-08-16,38256.47
2023-08-17,38165.85
2023-08-18,38060.12
2023-08-21,38350.59
2023-08-22,38396.3
2023-08-23,38414.03
2023-08-24,38316.97
2023-08-25,38048.9
2023-08-28,38152.07
2023-08-29,38323.99
2023-08-30,38369.58
2023-08-31,38132.27
2023-09-01,38632.6
2023-09-04,38931.83
2023-09-05,39042.1
2023-09-06,39107.86
2023-09-07,39333.89
2023-09-08,39491.47
2023-09-11,39909.48
2023-09-12,39669.54
2023-09-13,39855.18
2023-09-14,40025.47
2023-09-15,40203.79
2023-09-18,40246.96
2023-09-20,39927.79
2023-09-21,39650.72
2023-09-22,39552.96
2023-09-25,39579.28
2023-09-26,39594.14
2023-09-27,39709.06
2023-09-28,39205.37
2023-09-29,39558.55
2023-10-03,39300.77
2023-10-04,38997.83
2023-10-05,39141.47
2023-10-06,39413.84
2023-10-09,39125.34
2023-10-10,39525.95
2023-10-11,39781.25
2023-10-12,39762.87
2023-10-13,39791.39
2023-10-16,39805.04
2023-10-17,39978.99
2023-10-18,39818.43
2023-10-19,39883.79
2023-10-20,39652.82
2023-10-23,39026.7
2023-10-25,38755.14
2023-10-26,38200.93
2023-10-27,38589.72
2023-10-30,38661.81
2023-10-31,38642.22
2023-11-01,38414.21
2023-11-02,38737.58
2023-11-03,38975.05
2023-11-06,39375.22
2023-11-07,39430.17
2023-11-08,39578.09
2023-11-09,39570.12
2023-11-10,39611.57
2023-11-12,39793.87
2023-11-13,39744.53
2023-11-15,40226.91
2023-11-16,40467.67
2023-11-17,40549.16
2023-11-20,40471.13
2023-11-21,40654.03
2023-11-22,40735.0
2023-11-23,40712.31
2023-11-24,40645.45
2023-11-28,41046.21
2023-11-29,41381.73
2023-11-30,41622.82
2023-12-01,41810.11
2023-12-04,42543.5
2023-12-05,42967.98
2023-12-06,43035.35
2023-12-07,43043.79
2023-12-08,43019.39
2023-12-11,43098.79
2023-12-12,43032.26
2023-12-13,43190.54
2023-12-14,43584.99
2023-12-15,44092.69
2023-12-18,44039.98
2023-12-19,44100.59
2023-12-20,43259.97
2023-12-21,43437.77
2023-12-22,43840.98
2023-12-26,44170.64
2023-12-27,44621.48
2023-12-28,45011.88
2023-12-29,44985.6
2024-01-01,45052.32
2024-01-02,44976.52
2024-01-03,44711.99
2024-01-04,44952.22
2024-01-05,45005.51
2024-01-08,44620.72
2024-01-09,44814.65
2024-01-10,44869.53
2024-01-11,44966.48
2024-01-12,45359.02
2024-01-15,45639.71
2024-01-16,45485.46
2024-01-17,44902.94
2024-01-18,44660.96
2024-01-19,45132.41
2024-01-20,45030.05
2024-01-23,44311.65
2024-01-24,44917.24
2024-01-25,44684.32
2024-01-29,45412.68
2024-01-30,45068.94
2024-01-31,45623.58
2024-02-01,45542.16
2024-02-02,46105.19
2024-02-05,46010.55
2024-02-06,46485.01
2024-02-07,46567.84
2024-02-08,46206.16
2024-02-09,46313.42
2024-02-12,45990.16
2024-02-13,46177.06
2024-02-14,46502.6
2024-02-15,46737.6
2024-02-16,47146.05
2024-02-19,47281.49
2024-02-20,47310.7
2024-02-21,46979.62
2024-02-22,47360.6
2024-02-23,47351.91
2024-02-26,47165.93
2024-02-27,47314.93
2024-02-28,46645.12
2024-02-29,46700.73
2024-03-01,47338.16
2024-03-02,47495.07
2024-03-04,47531.95
2024-03-05,47479.61
2024-03-06,47665.96
2024-03-07,47842.19
2024-03-11,47625.55
2024-03-12,47364.71
2024-03-13,46241.85
2024-03-14,46772.7
2024-03-15,46526.3
2024-03-18,46633.22
2024-03-19,46007.49
2024-03-20,46069.91
2024-03-21,46570.13
2024-03-22,46921.43
2024-03-26,46840.49
2024-03-27,46817.01
2024-03-28,47417.78
2024-04-01,47716.78
2024-04-02,47835.36
2024-04-03,47774.44
2024-04-04,47821.75
2024-04-05,47739.17
2024-04-08,48091.14
2024-04-09,48014.45
2024-04-10,48235.9
2024-04-12,47749.33
2024-04-15,47266.91
2024-04-16,47006.49
2024-04-18,46579.89
2024-04-19,46772.43
2024-04-22,47273.45
2024-04-23,47374.31
2024-04-24,47519.99
2024-04-25,47943.07
2024-04-26,47701.11
2024-04-29,47881.78
2024-04-30,47925.63
2024-05-02,48112.09
2024-05-03,47872.8
2024-05-06,47723.6
2024-05-07,47379.26
2024-05-08,47448.71
2024-05-09,46650.5
2024-05-10,47024.47
2024-05-13,47134.37
2024-05-14,47450.95
2024-05-15,47482.03
2024-05-16,47880.16
2024-05-17,48005.75
2024-05-18,48098.05
2024-05-21,48396.43
2024-05-22,48524.59
2024-05-23,49216.98
2024-05-24,49100.59
2024-05-27,48988.2
2024-05-28,48989.58
2024-05-29,48742.71
2024-05-30,48000.52
2024-05-31,48074.29
2024-06-03,49470.56
2024-06-04,46763.85
2024-06-05,48456.45
2024-06-06,48829.82
2024-06-07,49835.59
2024-06-10,49911.52
2024-06-11,50028.31
2024-06-12,50201.29
2024-06-13,50482.63
2024-06-14,50671.04
2024-06-18,50845.61
2024-06-19,50429.03
2024-06-20,50474.22
2024-06-21,50333.34
2024-06-24,50437.03
2024-06-25,50548.08
2024-06-26,50601.92
2024-06-27,51071.53
2024-06-28,51144.42
2024-07-01,51370.35
2024-07-02,51221.67
2024-07-03,51560.65
2024-07-04,51569.12
2024-07-05,51874.09
2024-07-08,51765.1
2024-07-09,52082.15
2024-07-10,52006.31
2024-07-11,52009.71
2024-07-12,52375.79
2024-07-15,52680.75
2024-07-16,52814.29
2024-07-18,53188.8
2024-07-19,52351.69
2024-07-22,52374.22
2024-07-23,52452.43
2024-07-24,52392.62
2024-07-25,52491.63
2024-07-26,53642.79
2024-07-29,53675.5
2024-07-30,53743.17
2024-07-31,54046.94
2024-08-01,54235.73
2024-08-02,53482.29
2024-08-05,52150.63
2024-08-06,52008.82
2024-08-07,52814.93
2024-08-08,52238.98
2024-08-09,52815.52
2024-08-12,52734.82
2024-08-13,52348.43
2024-08-14,52158.87
2024-08-16,53047.83
2024-08-19,53259.89
2024-08-20,53665.26
2024-08-21,54002.12
2024-08-22,54047.22
2024-08-23,54065.76
2024-08-26,54469.77
2024-08-27,54445.21
2024-08-28,54584.56
2024-08-29,54798.95
2024-08-30,55071.95
2024-09-02,55200.02
2024-09-03,55193.0
2024-09-04,55017.61
2024-09-05,54899.0
2024-09-06,54410.83
2024-09-09,54449.72
2024-09-10,54662.04
2024-09-11,54397.87
2024-09-12,55469.7
2024-09-13,55434.08
2024-09-16,55421.19
2024-09-17,55470.16
2024-09-18,55289.92
2024-09-19,55265.58
2024-09-20,55925.27
2024-09-23,56303.41
2024-09-24,56294.88
2024-09-25,56316.95
2024-09-26,56956.42
2024-09-27,57118.99
2024-09-30,56564.41
2024-10-01,56541.34
2024-10-03,55379.28
2024-10-04,54850.7
2024-10-07,54277.1
2024-10-08,54684.85
2024-10-09,54770.47
2024-10-10,54694.5
2024-10-11,54749.85
2024-10-14,54992.86
2024-10-15,54748.22
2024-10-16,54536.04
2024-10-17,53836.45
2024-10-18,54129.74
2024-10-21,53675.48
2024-10-22,52835.22
2024-10-23,52707.84
2024-10-24,52547.02
2024-10-25,51721.02
2024-10-28,52143.88
2024-10-29,52371.67
2024-10-30,52235.36
2024-10-31,52035.74
2024-11-01,52283.32
2024-11-04,51571.16
2024-11-05,52048.27
2024-11-06,52665.0
2024-11-07,51987.27
2024-11-08,51874.29
2024-11-11,51653.64
2024-11-12,50998.79
2024-11-13,50247.68
2024-11-14,50107.42
2024-11-18,49953.07
2024-11-19,50046.57
2024-11-21,49401.11
2024-11-22,50531.91
2024-11-25,51086.8
2024-11-26,50937.41
2024-11-27,51147.66
2024-11-28,50382.34
2024-11-29,50801.99
2024-12-02,51142.58
2024-12-03,51528.27
2024-12-04,51453.07
2024-12-05,51858.49
2024-12-06,51870.94
2024-12-09,51719.57
2024-12-10,51673.8
2024-12-11,51835.75
2024-12-12,51599.56
2024-12-13,51925.63
2024-12-16,51717.77
2024-12-17,50991.94
2024-12-18,50742.78
2024-12-19,50429.92
2024-12-20,49611.23
2024-12-23,49867.4
2024-12-24,49792.1
2024-12-26,49952.74
2024-12-27,50045.31
2024-12-30,49794.84
2024-12-31,49862.52
2025-01-01,50037.31
2025-01-02,51146.39
2025-01-03,50989.52
2025-01-06,50102.41
2025-01-07,50332.86
2025-01-08,50256.59
2025-01-09,49957.47
2025-01-10,49564.28
2025-01-13,48600.28
2025-01-14,48999.59
2025-01-15,49020.55
2025-01-16,49287.5
2025-01-17,49351.35
2025-01-20,49639.08
2025-01-21,49052.41
2025-01-22,49171.78
2025-01-23,49444.13
2025-01-24,49129.16
2025-01-27,48423.35
2025-01-28,48489.68
2025-01-29,49117.69
2025-01-30,49274.33
2025-01-31,50057.79
2025-02-01,50019.31
2025-02-03,49763.0
2025-02-04,50377.0
2025-02-05,50331.91
2025-02-06,50058.44
2025-02-07,50190.31
2025-02-10,49712.99
2025-02-11,48898.39
2025-02-12,48949.45
2025-02-13,49008.31
2025-02-14,48517.43
2025-02-17,48755.78
2025-02-18,48733.6
2025-02-19,48722.32
2025-02-20,48920.34
2025-02-21,48659.59
2025-02-24,48230.21
2025-02-25,48112.36
2025-02-27,48060.5
2025-02-28,46901.47
2025-03-03,47049.47
2025-03-04,46930.41
2025-03-05,47696.37
2025-03-06,48228.39
2025-03-07,48179.75
2025-03-10,47862.95
2025-03-11,47781.36
2025-03-12,47670.27
2025-03-13,47418.81
2025-03-17,47736.11
2025-03-18,48426.49
2025-03-19,48704.14
2025-03-20,49256.39
2025-03-21,49649.7
2025-03-24,50186.13
2025-03-25,50097.87
2025-03-26,49750.48
2025-03-27,50038.09
2025-03-28,49759.33
2025-04-01,49403.22
2025-04-02,49758.86
2025-04-03,49707.74
2025-04-04,48626.59
2025-04-07,47039.28
2025-04-08,47986.82
2025-04-09,47684.3
2025-04-11,48683.44
2025-04-15,49770.57
2025-04-16,50091.81
2025-04-17,50736.59
2025-04-21,51391.0
2025-04-22,51306.06
2025-04-23,51835.68
2025-04-24,51817.23
2025-04-25,51164.1
2025-04-28,51642.1
2025-04-29,51569.07
2025-04-30,51462.82
2025-05-02,51324.17
2025-05-05,51719.24
2025-05-06,51399.93
2025-05-07,51512.55
2025-05-08,51045.92
2025-05-09,50694.32
2025-05-12,52534.37
2025-05-13,52021.9
2025-05-14,52337.88
2025-05-15,53291.63
2025-05-16,53318.04
2025-05-19,53203.11
2025-05-20,52568.05
2025-05-21,52869.29
2025-05-22,52431.28
2025-05-23,53005.49
2025-05-26,53308.64
2025-05-27,53069.35
2025-05-28,52839.15
2025-05-29,53043.69
2025-05-30,52719.24
2025-06-02,52670.93
2025-06-03,52287.42
2025-06-04,52439.48
2025-06-05,52665.21
2025-06-06,53299.96
2025-06-09,53662.3
2025-06-10,53811.28
2025-06-11,53853.29
2025-06-12,53239.59
2025-06-13,52958.23
2025-06-16,53468.01
2025-06-17,53137.58
2025-06-18,53076.78
2025-06-19,52996.23
2025-06-20,53603.7
2025-06-23,53489.13
2025-06-24,53705.6
2025-06-25,54073.04
2025-06-26,54658.13
2025-06-27,54881.32
2025-06-30,54756.53
2025-07-01,54772.16
2025-07-02,54679.36
2025-07-03,54586.61
2025-07-04,54570.55
2025-07-07,54545.96
2025-07-08,54594.05
2025-07-09,54514.82
2025-07-10,54286.46
2025-07-11,53903.09
2025-07-14,53817.3
2025-07-15,54110.78
2025-07-16,54102.73
2025-07-17,53993.72
2025-07-18,53772.35
2025-07-21,53935.06
2025-07-22,53805.37
2025-07-23,54066.21
2025-07-24,53793.04
2025-07-25,53256.98
2025-07-28,52932.72
2025-07-29,53236.27
2025-07-30,53209.61
2025-07-31,53050.33
2025-08-01,52501.09
2025-08-04,53080.64
2025-08-05,53078.46
2025-08-06,52819.31
2025-08-07,52897.19
2025-08-08,52444.01
2025-08-11,52948.46
2025-08-12,52885.68
2025-08-13,53339.28
2025-08-14,53298.43
2025-08-18,54121.74
2025-08-19,54360.34
2025-08-20,54533.6
2025-08-21,54511.8
2025-08-22,54049.91
2025-08-25,54279.82
2025-08-26,53738.21
2025-08-28,53375.49
2025-08-29,53311.51
2025-09-01,53960.93
2025-09-02,53996.3
2025-09-03,54355.43
2025-09-04,54297.62
2025-09-05,54331.3
2025-09-08,54425.21
2025-09-09,54641.4
2025-09-10,54910.3
2025-09-11,54951.99
2025-09-12,55155.16
2025-09-15,54992.03
2025-09-16,55362.9
2025-09-17,55568.87
2025-09-18,55721.12
2025-09-19,55665.06
2025-09-22,55492.33
2025-09-23,55427.18
2025-09-24,55190.07
2025-09-25,54763.81
2025-09-26,54111.6
2025-09-29,54096.36
2025-09-30,54112.91
2025-10-01,54628.47
2025-10-03,54742.65
2025-10-06,55121.01
2025-10-07,55068.55
2025-10-08,54871.99
2025-10-09,55267.76
2025-10-10,55504.04
2025-10-13,55379.06
2025-10-14,55163.85
2025-10-15,55664.83
2025-10-16,56180.27
2025-10-17,56306.55
2025-10-20,56638.03
2025-10-21,56708.01
2025-10-23,56763.19
2025-10-24,56514.41
2025-10-27,56851.49
2025-10-28,56801.41
2025-10-29,57092.6
2025-10-30,56767.09
2025-10-31,56407.15
2025-11-03,56555.98
2025-11-04,56127.98
2025-11-06,55803.32
2025-11-07,55907.97
2025-11-10,55957.69
2025-11-11,56202.42
2025-11-12,56742.09
2025-11-13,56696.46
2025-11-14,56782.94
2025-11-17,56980.09
2025-11-18,56639.13
2025-11-19,56921.74
2025-11-20,57149.87
2025-11-21,56879.57
2025-11-24,56593.61
2025-11-25,56512.99
2025-11-26,57230.44
2025-11-27,57100.95
2025-11-28,57051.62
2025-12-01,57028.83
2025-12-02,56863.55
2025-12-03,56510.44
2025-12-04,56693.35
2025-12-05,57032.13
2025-12-08,56306.16
2025-12-09,56089.91
2025-12-10,55969.15
2025-12-11,56329.63
2025-12-12,56689.21
2025-12-15,56670.4
2025-12-16,56246.37
2025-12-17,56182.37
2025-12-18,56201.68
2025-12-19,56605.01
2025-12-22,57080.3
2025-12-23,57150.26
2025-12-24,57097.53
2025-12-26,56914.08
2025-12-29,56720.04
2025-12-30,56723.25
2025-12-31,57248.7
2026-01-01,57403.04
2026-01-02,57841.71
2026-01-05,57892.05
2026-01-06,57941.88
2026-01-07,57872.44
2026-01-08,57164.89
2026-01-09,56729.59
2026-01-12,57071.89
2026-01-13,56968.11
2026-01-14,56937.85
2026-01-16,56907.26
2026-01-19,56763.96
2026-01-20,55695.25
2026-01-21,55653.47
2026-01-22,56142.33
2026-01-23,55413.1
2026-01-27,55815.4
2026-01-28,56252.6
2026-01-29,56380.02
2026-01-30,56195.38
2026-02-01,54946.07
2026-02-02,55550.83
2026-02-03,57013.45
2026-02-04,57270.48
2026-02-05,57123.46
2026-02-06,57116.77
2026-02-09,57648.03
2026-02-10,57872.21
2026-02-11,58055.17
2026-02-12,57805.54
2026-02-13,57030.37
2026-02-16,57443.63
2026-02-17,57592.08
2026-02-18,57818.6
2026-02-19,57022.09
2026-02-20,57374.22
2026-02-23,57656.83
2026-02-24,57198.65
2026-02-25,57565.85
2026-02-26,57658.22
2026-02-27,56904.75
2026-03-02,56227.27
2026-03-04,55056.81
2026-03-05,55780.93
2026-03-06,55220.14
2026-03-09,54151.02
2026-03-10,54832.56
2026-03-11,54067.91
2026-03-12,53649.06
2026-03-13,52450.77
2026-03-16,52803.75
2026-03-17,53202.51
2026-03-18,53679.32
2026-03-19,52029.2
2026-03-20,52431.67
2026-03-23,50922.7
2026-03-24,51771.77
2026-03-25,52744.52
2026-03-27,51882.53
2026-03-30,50846.14
2026-04-01,51617.71
2026-04-02,51617.65
2026-04-06,52355.74
2026-04-07,52675.97
2026-04-08,54432.03
2026-04-09,54246.13
2026-04-10,54818.73
2026-04-13,54359.04
2026-04-15,55403.09
2026-04-16,55480.31
2026-04-17,55855.01
2026-04-20,55906.74
2026-04-21,56300.06
2026-04-22,56052.74
2026-04-23,55813.89
2026-04-24,55263.15
2026-04-27,55768.49
2026-04-28,55616.23
2026-04-29,55967.78
2026-04-30,55521.95
2026-05-04,55887.94
2026-05-05,55749.46
2026-05-06,56519.86
2026-05-07,56561.77
2026-05-08,56450.87
2026-05-11,55859.47
2026-05-12,54745.56
2026-05-13,54953.62
2026-05-14,55634.25
2026-05-15,55636.77
2026-05-18,55543.26
2026-05-19,55563.54
2026-05-20,55614.17
2026-05-21,55768.02
2026-05-22,55851.75
2026-05-25,56490.11
2026-05-26,56417.51
2026-05-27,56673.1
2026-05-29,55808.74
2026-06-01,55369.97
2026-06-02,55637.91
2026-06-03,55364.47
2026-06-04,55435.01
2026-06-05,55364.13
2026-06-08,54715.85
2026-06-09,54969.82
2026-06-10,54674.9
2026-06-11,54402.86
2026-06-12,55198.91
2026-06-15,55848.35
2026-06-16,56036.02
2026-06-17,56242.29
2026-06-18,56514.16
2026-06-19,56393.04
2026-06-22,56523.91
2026-06-23,55891.63
2026-06-24,56181.57
2026-06-25,56225.55
2026-06-29,56008.38
2026-06-30,55878.48
2026-07-01,56200.56
2026-07-02,56686.54
2026-07-03,57013.52
2026-07-06,57151.53
2026-07-07,57075.66
2026-07-08,55953.09
2026-07-09,56117.0
2026-07-10,56654.39
2026-07-13,56719.1
2026-07-14,56306.39
2026-07-15,56355.07
2026-07-16,56352.26
2026-07-17,56772.02
2026-07-20,56897.46
2026-07-21,56965.29
2026-07-22,56653.66
2026-07-23,56413.7
2026-07-24,56192.71
2026-07-27,56834.15
2026-07-28,56946.8
2026-07-29,57475.33
2026-07-30,57583.48
2026-07-31,57772.26
2026-08-03,58783.41
2026-08-04,58484.53
2026-08-05,58594.5
2026-08-06,58412.65
2026-08-07,58324.43
2026-08-10,58376.28
2026-08-11,58098.28
2026-08-12,57911.43
2026-08-13,57967.83
2026-08-14,57752.53
2026-08-17,57502.7
2026-08-18,57150.51
2026-08-19,57041.58
2026-08-20,57340.64
2026-08-21,57342.58
2026-08-24,57310.73
2026-08-25,57580.62
2026-08-26,57252.37
2026-08-27,57102.28
2026-08-28,57327.24
2026-08-31,57098.31
2026-09-01,56843.31
2026-09-02,56558.88
2026-09-03,56391.88
2026-09-04,56443.8
2026-09-07,56078.14
2026-09-08,55934.92
2026-09-09,55685.89
2026-09-10,55742.26
2026-09-11,55441.81
2026-09-15,54656.93
2026-09-16,54854.46
2026-09-17,55240.13
2026-09-18,55328.27
2026-09-21,55474.2
2026-09-22,55337.35
2026-09-23,55660.68
2026-09-24,54738.43
2026-09-25,54881.64
2026-09-28,54112.04
2026-09-29,53936.89
